"proof_id","name","kind","status","source_file","source_location","input_refs","assumptions","procedure","output_refs","claim_refs","dependencies","certificate","source","provenance","canonical_hash"
"proof.Kant.Dom.Cert.ofVal.eq_2","Kant.Dom.Cert.ofVal.eq_2","lean4","VALID","RequestProject/Kant/Domain/Model.lean","0","L5;S17;obj.Kant.Dom.CertS23;obj.Kant.Dom.Cert.ofValS31;obj.Kant.Dom.Cert.ofVal.match_1S17;obj.Kant.Dom.EvidS24;obj.Kant.Dom.Evid.ofName","L0;","elaborated and checked by the Lean kernel","L1;S28;obj.Kant.Dom.Cert.ofVal.eq_2","L1;S30;claim.Kant.Dom.Cert.ofVal.eq_2","L5;S19;proof.Kant.Dom.CertS25;proof.Kant.Dom.Cert.ofValS33;proof.Kant.Dom.Cert.ofVal.match_1S19;proof.Kant.Dom.EvidS26;proof.Kant.Dom.Evid.ofName","O4;4;kindS12;lean4-kernel6;digestS64;9f1d58879c65a33b955d07ef9e0c43983a03b92978aba2f1fae01c176fdeba0e8;locationS37;RequestProject/Kant/Domain/Model.lean8;evidenceS15;MACHINE_CHECKED","RequestProject","O7;13;source_systemS5;lean411;source_fileS37;RequestProject/Kant/Domain/Model.lean13;source_formatS4;text11;imported_atI+0;14;transformed_atI+0;15;transformationsL0;13;parent_objectS0;","a4c580b4b7668e44048e8d4a32193b8706328add5b30c4ca147e6b5d36857e8d"
"proof.Kant.Dom.Evidence.mk.injEq","Kant.Dom.Evidence.mk.injEq","lean4","VALID","RequestProject/Kant/Domain/Model.lean","0","L3;S15;obj.Kant.Dom.IdS21;obj.Kant.Dom.EvidenceS36;obj.Kant.Dom.Evidence.mk.noConfusion","L0;","elaborated and checked by the Lean kernel","L1;S30;obj.Kant.Dom.Evidence.mk.injEq","L1;S32;claim.Kant.Dom.Evidence.mk.injEq","L3;S17;proof.Kant.Dom.IdS23;proof.Kant.Dom.EvidenceS38;proof.Kant.Dom.Evidence.mk.noConfusion","O4;4;kindS12;lean4-kernel6;digestS64;fc004ecbbf7532456c91099952999dd6810f7d085642628fe12b56a87b0e14488;locationS37;RequestProject/Kant/Domain/Model.lean8;evidenceS15;MACHINE_CHECKED","RequestProject","O7;13;source_systemS5;lean411;source_fileS37;RequestProject/Kant/Domain/Model.lean13;source_formatS4;text11;imported_atI+0;14;transformed_atI+0;15;transformationsL0;13;parent_objectS0;","33767ca3f129474249f56063285a3a25e1d40fd2260d82bce812fc1c446c501f"
"proof.Kant.Dom.Relation.ofVal.eq_1","Kant.Dom.Relation.ofVal.eq_1","lean4","VALID","RequestProject/Kant/Domain/Model.lean","0","L4;S21;obj.Kant.Dom.RelationS27;obj.Kant.Dom.Relation.ofValS16;obj.Kant.Dom.RelS23;obj.Kant.Dom.Rel.ofName","L0;","elaborated and checked by the Lean kernel","L1;S32;obj.Kant.Dom.Relation.ofVal.eq_1","L1;S34;claim.Kant.Dom.Relation.ofVal.eq_1","L4;S23;proof.Kant.Dom.RelationS29;proof.Kant.Dom.Relation.ofValS18;proof.Kant.Dom.RelS25;proof.Kant.Dom.Rel.ofName","O4;4;kindS12;lean4-kernel6;digestS64;09f0b15a0f571eb828ca09577c864063554ac3b1e21c7732c180d51009680de58;locationS37;RequestProject/Kant/Domain/Model.lean8;evidenceS15;MACHINE_CHECKED","RequestProject","O7;13;source_systemS5;lean411;source_fileS37;RequestProject/Kant/Domain/Model.lean13;source_formatS4;text11;imported_atI+0;14;transformed_atI+0;15;transformationsL0;13;parent_objectS0;","4de68343c096fa33d3222f3af449e850cf6e3e35d3564139ce68931bf13b8ed6"
"proof.Kant.Dom.ProofRec.toVal.eq_1","Kant.Dom.ProofRec.toVal.eq_1","lean4","VALID","RequestProject/Kant/Domain/Model.lean","0","L21;S21;obj.Kant.Dom.ProofRecS27;obj.Kant.Dom.ProofRec.toValS24;obj.Kant.Dom.ProofRec.idS26;obj.Kant.Dom.ProofRec.nameS26;obj.Kant.Dom.ProofRec.kindS32;obj.Kant.Dom.ProofRec.sourceFileS31;obj.Kant.Dom.ProofRec.sourceLocS19;obj.Kant.Dom.idsValS31;obj.Kant.Dom.ProofRec.inputRefsS33;obj.Kant.Dom.ProofRec.assumptionsS31;obj.Kant.Dom.ProofRec.procedureS32;obj.Kant.Dom.ProofRec.outputRefsS31;obj.Kant.Dom.ProofRec.claimRefsS31;obj.Kant.Dom.ProofRec.dependsOnS25;obj.Kant.Dom.PStatus.nameS28;obj.Kant.Dom.ProofRec.statusS17;obj.Kant.Dom.CertS23;obj.Kant.Dom.Cert.toValS33;obj.Kant.Dom.ProofRec.certificateS28;obj.Kant.Dom.ProofRec.sourceS32;obj.Kant.Dom.ProofRec.provenance","L0;","elaborated and checked by the Lean kernel","L1;S32;obj.Kant.Dom.ProofRec.toVal.eq_1","L1;S34;claim.Kant.Dom.ProofRec.toVal.eq_1","L21;S23;proof.Kant.Dom.ProofRecS29;proof.Kant.Dom.ProofRec.toValS26;proof.Kant.Dom.ProofRec.idS28;proof.Kant.Dom.ProofRec.nameS28;proof.Kant.Dom.ProofRec.kindS34;proof.Kant.Dom.ProofRec.sourceFileS33;proof.Kant.Dom.ProofRec.sourceLocS21;proof.Kant.Dom.idsValS33;proof.Kant.Dom.ProofRec.inputRefsS35;proof.Kant.Dom.ProofRec.assumptionsS33;proof.Kant.Dom.ProofRec.procedureS34;proof.Kant.Dom.ProofRec.outputRefsS33;proof.Kant.Dom.ProofRec.claimRefsS33;proof.Kant.Dom.ProofRec.dependsOnS27;proof.Kant.Dom.PStatus.nameS30;proof.Kant.Dom.ProofRec.statusS19;proof.Kant.Dom.CertS25;proof.Kant.Dom.Cert.toValS35;proof.Kant.Dom.ProofRec.certificateS30;proof.Kant.Dom.ProofRec.sourceS34;proof.Kant.Dom.ProofRec.provenance","O4;4;kindS12;lean4-kernel6;digestS64;a221cf67fc767753f2e047b4acacbfac51b6e44764e8cda9caed4f47e78cdaba8;locationS37;RequestProject/Kant/Domain/Model.lean8;evidenceS15;MACHINE_CHECKED","RequestProject","O7;13;source_systemS5;lean411;source_fileS37;RequestProject/Kant/Domain/Model.lean13;source_formatS4;text11;imported_atI+0;14;transformed_atI+0;15;transformationsL0;13;parent_objectS0;","255abbd9c2fa68e5a10f652b199d776231a193d6ac5a2c5f6b88b2c0325f375c"
"proof.Kant.Dom.Schema.ofVal.eq_2","Kant.Dom.Schema.ofVal.eq_2","lean4","VALID","RequestProject/Kant/Domain/Model.lean","0","L3;S19;obj.Kant.Dom.SchemaS25;obj.Kant.Dom.Schema.ofValS31;obj.Kant.Dom.Cert.ofVal.match_1","L0;","elaborated and checked by the Lean kernel","L1;S30;obj.Kant.Dom.Schema.ofVal.eq_2","L1;S32;claim.Kant.Dom.Schema.ofVal.eq_2","L3;S21;proof.Kant.Dom.SchemaS27;proof.Kant.Dom.Schema.ofValS33;proof.Kant.Dom.Cert.ofVal.match_1","O4;4;kindS12;lean4-kernel6;digestS64;f50304f5ee8589799bae4bb79bac5236b7124d57ffe9ca23eca67cf9e2be5e608;locationS37;RequestProject/Kant/Domain/Model.lean8;evidenceS15;MACHINE_CHECKED","RequestProject","O7;13;source_systemS5;lean411;source_fileS37;RequestProject/Kant/Domain/Model.lean13;source_formatS4;text11;imported_atI+0;14;transformed_atI+0;15;transformationsL0;13;parent_objectS0;","07aadb6f16225c5f69cb27456aa4ed7c7a0b6585cfed16650462ae13c607bf02"
"proof.Kant.Dom.Truth.proven.sizeOf_spec","Kant.Dom.Truth.proven.sizeOf_spec","lean4","VALID","RequestProject/Kant/Domain/Model.lean","0","L1;S18;obj.Kant.Dom.Truth","L0;","elaborated and checked by the Lean kernel","L1;S37;obj.Kant.Dom.Truth.proven.sizeOf_spec","L1;S39;claim.Kant.Dom.Truth.proven.sizeOf_spec","L1;S20;proof.Kant.Dom.Truth","O4;4;kindS12;lean4-kernel6;digestS64;9c7f00d2e248d8e67668295cd2dcc1e95035c5e60e7cb1e075abb75a651d17638;locationS37;RequestProject/Kant/Domain/Model.lean8;evidenceS15;MACHINE_CHECKED","RequestProject","O7;13;source_systemS5;lean411;source_fileS37;RequestProject/Kant/Domain/Model.lean13;source_formatS4;text11;imported_atI+0;14;transformed_atI+0;15;transformationsL0;13;parent_objectS0;","f35e3a4dc97b1279d29ced38e64b09b61639e796e4b1c63314f77db640760870"
"proof.Kant.Dom.Domain.toVal.eq_1","Kant.Dom.Domain.toVal.eq_1","lean4","VALID","RequestProject/Kant/Domain/Model.lean","0","L26;S19;obj.Kant.Dom.DomainS25;obj.Kant.Dom.Domain.toValS22;obj.Kant.Dom.Domain.idS24;obj.Kant.Dom.Domain.nameS27;obj.Kant.Dom.Domain.versionS31;obj.Kant.Dom.Domain.descriptionS19;obj.Kant.Dom.DomObjS25;obj.Kant.Dom.DomObj.toValS27;obj.Kant.Dom.Domain.objectsS21;obj.Kant.Dom.RelationS27;obj.Kant.Dom.Relation.toValS29;obj.Kant.Dom.Domain.relationsS21;obj.Kant.Dom.ProofRecS27;obj.Kant.Dom.ProofRec.toValS26;obj.Kant.Dom.Domain.proofsS18;obj.Kant.Dom.ClaimS24;obj.Kant.Dom.Claim.toValS26;obj.Kant.Dom.Domain.claimsS21;obj.Kant.Dom.EvidenceS27;obj.Kant.Dom.Evidence.toValS28;obj.Kant.Dom.Domain.evidenceS19;obj.Kant.Dom.SchemaS25;obj.Kant.Dom.Schema.toValS27;obj.Kant.Dom.Domain.schemasS26;obj.Kant.Dom.Domain.errorsS30;obj.Kant.Dom.Domain.provenance","L0;","elaborated and checked by the Lean kernel","L1;S30;obj.Kant.Dom.Domain.toVal.eq_1","L1;S32;claim.Kant.Dom.Domain.toVal.eq_1","L26;S21;proof.Kant.Dom.DomainS27;proof.Kant.Dom.Domain.toValS24;proof.Kant.Dom.Domain.idS26;proof.Kant.Dom.Domain.nameS29;proof.Kant.Dom.Domain.versionS33;proof.Kant.Dom.Domain.descriptionS21;proof.Kant.Dom.DomObjS27;proof.Kant.Dom.DomObj.toValS29;proof.Kant.Dom.Domain.objectsS23;proof.Kant.Dom.RelationS29;proof.Kant.Dom.Relation.toValS31;proof.Kant.Dom.Domain.relationsS23;proof.Kant.Dom.ProofRecS29;proof.Kant.Dom.ProofRec.toValS28;proof.Kant.Dom.Domain.proofsS20;proof.Kant.Dom.ClaimS26;proof.Kant.Dom.Claim.toValS28;proof.Kant.Dom.Domain.claimsS23;proof.Kant.Dom.EvidenceS29;proof.Kant.Dom.Evidence.toValS30;proof.Kant.Dom.Domain.evidenceS21;proof.Kant.Dom.SchemaS27;proof.Kant.Dom.Schema.toValS29;proof.Kant.Dom.Domain.schemasS28;proof.Kant.Dom.Domain.errorsS32;proof.Kant.Dom.Domain.provenance","O4;4;kindS12;lean4-kernel6;digestS64;a62c68bfbca211177d37dbcbb674bdf07c81420cdc3aa18d412bb74510ab750e8;locationS37;RequestProject/Kant/Domain/Model.lean8;evidenceS15;MACHINE_CHECKED","RequestProject","O7;13;source_systemS5;lean411;source_fileS37;RequestProject/Kant/Domain/Model.lean13;source_formatS4;text11;imported_atI+0;14;transformed_atI+0;15;transformationsL0;13;parent_objectS0;","722861abbce3b0aebce09c4b5d7524b12f984e2172772ba87e77a47ed715b22b"
"proof.Kant.Dom.Claim.ofVal.eq_1","Kant.Dom.Claim.ofVal.eq_1","lean4","VALID","RequestProject/Kant/Domain/Model.lean","0","L6;S18;obj.Kant.Dom.ClaimS24;obj.Kant.Dom.Claim.ofValS18;obj.Kant.Dom.TruthS25;obj.Kant.Dom.Truth.ofNameS15;obj.Kant.Dom.IdS19;obj.Kant.Dom.getIds","L0;","elaborated and checked by the Lean kernel","L1;S29;obj.Kant.Dom.Claim.ofVal.eq_1","L1;S31;claim.Kant.Dom.Claim.ofVal.eq_1","L6;S20;proof.Kant.Dom.ClaimS26;proof.Kant.Dom.Claim.ofValS20;proof.Kant.Dom.TruthS27;proof.Kant.Dom.Truth.ofNameS17;proof.Kant.Dom.IdS21;proof.Kant.Dom.getIds","O4;4;kindS12;lean4-kernel6;digestS64;aa78b37b9a404b5be15061dfb41e8dc08ee470ec2bda5795f98e0ee88dc6f8028;locationS37;RequestProject/Kant/Domain/Model.lean8;evidenceS15;MACHINE_CHECKED","RequestProject","O7;13;source_systemS5;lean411;source_fileS37;RequestProject/Kant/Domain/Model.lean13;source_formatS4;text11;imported_atI+0;14;transformed_atI+0;15;transformationsL0;13;parent_objectS0;","b378cea1c26dd1c4e057a3f2f67ce66711f43394426adcca8a70720d4cfbe46d"
"proof.Kant.Dom.PStatus.ofNat_ctorIdx","Kant.Dom.PStatus.ofNat_ctorIdx","lean4","VALID","RequestProject/Kant/Domain/Model.lean","0","L4;S20;obj.Kant.Dom.PStatusS26;obj.Kant.Dom.PStatus.ofNatS28;obj.Kant.Dom.PStatus.ctorIdxS28;obj.Kant.Dom.PStatus.casesOn","L0;","elaborated and checked by the Lean kernel","L1;S34;obj.Kant.Dom.PStatus.ofNat_ctorIdx","L1;S36;claim.Kant.Dom.PStatus.ofNat_ctorIdx","L4;S22;proof.Kant.Dom.PStatusS28;proof.Kant.Dom.PStatus.ofNatS30;proof.Kant.Dom.PStatus.ctorIdxS30;proof.Kant.Dom.PStatus.casesOn","O4;4;kindS12;lean4-kernel6;digestS64;273170a68f0762adc19da5770529db16c1819a296fda665f1912615a2506c3408;locationS37;RequestProject/Kant/Domain/Model.lean8;evidenceS15;MACHINE_CHECKED","RequestProject","O7;13;source_systemS5;lean411;source_fileS37;RequestProject/Kant/Domain/Model.lean13;source_formatS4;text11;imported_atI+0;14;transformed_atI+0;15;transformationsL0;13;parent_objectS0;","9e9bf64f04a0293df1c403880fa24c3a6e475156a59a8b37d16563bf2bb15e34"
"proof.Kant.Dom.DomObj.ofVal_toVal","Kant.Dom.DomObj.ofVal_toVal","lean4","VALID","RequestProject/Kant/Domain/Model.lean","347","L13;S19;obj.Kant.Dom.DomObjS25;obj.Kant.Dom.DomObj.ofValS25;obj.Kant.Dom.DomObj.toValS27;obj.Kant.Dom.DomObj.casesOnS15;obj.Kant.Dom.IdS18;obj.Kant.Dom.TruthS23;obj.Kant.Dom.Truth.nameS19;obj.Kant.Dom.getIdsS25;obj.Kant.Dom.Truth.ofNameS20;obj.Kant.Dom.idOfValS26;obj.Kant.Dom.listOf_idsValS30;obj.Kant.Dom.Truth.ofName_nameS24;obj.Kant.Dom.optOf_Prov'","L0;","elaborated and checked by the Lean kernel","L1;S31;obj.Kant.Dom.DomObj.ofVal_toVal","L1;S33;claim.Kant.Dom.DomObj.ofVal_toVal","L13;S21;proof.Kant.Dom.DomObjS27;proof.Kant.Dom.DomObj.ofValS27;proof.Kant.Dom.DomObj.toValS29;proof.Kant.Dom.DomObj.casesOnS17;proof.Kant.Dom.IdS20;proof.Kant.Dom.TruthS25;proof.Kant.Dom.Truth.nameS21;proof.Kant.Dom.getIdsS27;proof.Kant.Dom.Truth.ofNameS22;proof.Kant.Dom.idOfValS28;proof.Kant.Dom.listOf_idsValS32;proof.Kant.Dom.Truth.ofName_nameS26;proof.Kant.Dom.optOf_Prov'","O4;4;kindS12;lean4-kernel6;digestS64;b2bca71b0d4f4f76c527ad47194c4e4dae78475d51e9f5c0fdeea1a3040ef61f8;locationS37;RequestProject/Kant/Domain/Model.lean8;evidenceS15;MACHINE_CHECKED","RequestProject","O7;13;source_systemS5;lean411;source_fileS37;RequestProject/Kant/Domain/Model.lean13;source_formatS4;text11;imported_atI+0;14;transformed_atI+347;15;transformationsL0;13;parent_objectS0;","4fb16c92da58e87131700de93ed8e94e9cb73147c8b931eb637d2f34c1de8348"
"proof.Kant.Dom.Truth.contradicted.sizeOf_spec","Kant.Dom.Truth.contradicted.sizeOf_spec","lean4","VALID","RequestProject/Kant/Domain/Model.lean","0","L1;S18;obj.Kant.Dom.Truth","L0;","elaborated and checked by the Lean kernel","L1;S43;obj.Kant.Dom.Truth.contradicted.sizeOf_spec","L1;S45;claim.Kant.Dom.Truth.contradicted.sizeOf_spec","L1;S20;proof.Kant.Dom.Truth","O4;4;kindS12;lean4-kernel6;digestS64;fdbbd50b39d21a82ea1993d01a587345eee347ab1fcc67fc353882d207ba223f8;locationS37;RequestProject/Kant/Domain/Model.lean8;evidenceS15;MACHINE_CHECKED","RequestProject","O7;13;source_systemS5;lean411;source_fileS37;RequestProject/Kant/Domain/Model.lean13;source_formatS4;text11;imported_atI+0;14;transformed_atI+0;15;transformationsL0;13;parent_objectS0;","572674e2bc6133265679cf422cd8bd89d33865d1fb4496e0e47dee4f67ae4743"
"proof.Kant.Dom.Truth.inferred.sizeOf_spec","Kant.Dom.Truth.inferred.sizeOf_spec","lean4","VALID","RequestProject/Kant/Domain/Model.lean","0","L1;S18;obj.Kant.Dom.Truth","L0;","elaborated and checked by the Lean kernel","L1;S39;obj.Kant.Dom.Truth.inferred.sizeOf_spec","L1;S41;claim.Kant.Dom.Truth.inferred.sizeOf_spec","L1;S20;proof.Kant.Dom.Truth","O4;4;kindS12;lean4-kernel6;digestS64;67ed5400486ff8f300ed02f14728ea10a384e291b6e7d17910fb36c30765b9168;locationS37;RequestProject/Kant/Domain/Model.lean8;evidenceS15;MACHINE_CHECKED","RequestProject","O7;13;source_systemS5;lean411;source_fileS37;RequestProject/Kant/Domain/Model.lean13;source_formatS4;text11;imported_atI+0;14;transformed_atI+0;15;transformationsL0;13;parent_objectS0;","5f29637b550ba903f9e08e2f39f161203d9ff21bdcc82d4997d5cd090ec885e6"
"proof.Kant.Dom.Rel.ofName_name","Kant.Dom.Rel.ofName_name","lean4","VALID","RequestProject/Kant/Domain/Model.lean","195","L5;S16;obj.Kant.Dom.RelS23;obj.Kant.Dom.Rel.ofNameS21;obj.Kant.Dom.Rel.nameS24;obj.Kant.Dom.Rel.casesOnS31;obj.Kant.Dom.instDecidableEqRel","L0;","elaborated and checked by the Lean kernel","L1;S28;obj.Kant.Dom.Rel.ofName_name","L1;S30;claim.Kant.Dom.Rel.ofName_name","L5;S18;proof.Kant.Dom.RelS25;proof.Kant.Dom.Rel.ofNameS23;proof.Kant.Dom.Rel.nameS26;proof.Kant.Dom.Rel.casesOnS33;proof.Kant.Dom.instDecidableEqRel","O4;4;kindS12;lean4-kernel6;digestS64;1369ca8adda0ae97f8e5cdcf5dae797871558a033f267135df47ff9b63c1974e8;locationS37;RequestProject/Kant/Domain/Model.lean8;evidenceS15;MACHINE_CHECKED","RequestProject","O7;13;source_systemS5;lean411;source_fileS37;RequestProject/Kant/Domain/Model.lean13;source_formatS4;text11;imported_atI+0;14;transformed_atI+195;15;transformationsL0;13;parent_objectS0;","cab1cc58ca305f3672d2ce567f8ba59980af910aee85ebf017489130bd763653"
"proof.Kant.Dom.Claim.toVal.eq_1","Kant.Dom.Claim.toVal.eq_1","lean4","VALID","RequestProject/Kant/Domain/Model.lean","0","L9;S18;obj.Kant.Dom.ClaimS24;obj.Kant.Dom.Claim.toValS21;obj.Kant.Dom.Claim.idS28;obj.Kant.Dom.Claim.objectRefS23;obj.Kant.Dom.Claim.textS23;obj.Kant.Dom.Truth.nameS24;obj.Kant.Dom.Claim.truthS19;obj.Kant.Dom.idsValS28;obj.Kant.Dom.Claim.proofRefs","L0;","elaborated and checked by the Lean kernel","L1;S29;obj.Kant.Dom.Claim.toVal.eq_1","L1;S31;claim.Kant.Dom.Claim.toVal.eq_1","L9;S20;proof.Kant.Dom.ClaimS26;proof.Kant.Dom.Claim.toValS23;proof.Kant.Dom.Claim.idS30;proof.Kant.Dom.Claim.objectRefS25;proof.Kant.Dom.Claim.textS25;proof.Kant.Dom.Truth.nameS26;proof.Kant.Dom.Claim.truthS21;proof.Kant.Dom.idsValS30;proof.Kant.Dom.Claim.proofRefs","O4;4;kindS12;lean4-kernel6;digestS64;4aa195fcc48b02831d6be5598d9b3eac05172d88c72f53410a26677843920ec28;locationS37;RequestProject/Kant/Domain/Model.lean8;evidenceS15;MACHINE_CHECKED","RequestProject","O7;13;source_systemS5;lean411;source_fileS37;RequestProject/Kant/Domain/Model.lean13;source_formatS4;text11;imported_atI+0;14;transformed_atI+0;15;transformationsL0;13;parent_objectS0;","2f34d7f2e9734e53082cd695b024e050a3130c1070970a194fa8c505640b9016"
"proof.Kant.Dom.DomObj.toVal.eq_1","Kant.Dom.DomObj.toVal.eq_1","lean4","VALID","RequestProject/Kant/Domain/Model.lean","0","L19;S19;obj.Kant.Dom.DomObjS25;obj.Kant.Dom.DomObj.toValS22;obj.Kant.Dom.DomObj.idS24;obj.Kant.Dom.DomObj.kindS24;obj.Kant.Dom.DomObj.nameS25;obj.Kant.Dom.DomObj.valueS25;obj.Kant.Dom.DomObj.claimS19;obj.Kant.Dom.idsValS26;obj.Kant.Dom.DomObj.inputsS30;obj.Kant.Dom.DomObj.parametersS35;obj.Kant.Dom.DomObj.transformationsS27;obj.Kant.Dom.DomObj.outputsS29;obj.Kant.Dom.DomObj.claimRefsS32;obj.Kant.Dom.DomObj.evidenceRefsS29;obj.Kant.Dom.DomObj.proofRefsS29;obj.Kant.Dom.DomObj.errorRefsS23;obj.Kant.Dom.Truth.nameS25;obj.Kant.Dom.DomObj.truthS30;obj.Kant.Dom.DomObj.provenance","L0;","elaborated and checked by the Lean kernel","L1;S30;obj.Kant.Dom.DomObj.toVal.eq_1","L1;S32;claim.Kant.Dom.DomObj.toVal.eq_1","L19;S21;proof.Kant.Dom.DomObjS27;proof.Kant.Dom.DomObj.toValS24;proof.Kant.Dom.DomObj.idS26;proof.Kant.Dom.DomObj.kindS26;proof.Kant.Dom.DomObj.nameS27;proof.Kant.Dom.DomObj.valueS27;proof.Kant.Dom.DomObj.claimS21;proof.Kant.Dom.idsValS28;proof.Kant.Dom.DomObj.inputsS32;proof.Kant.Dom.DomObj.parametersS37;proof.Kant.Dom.DomObj.transformationsS29;proof.Kant.Dom.DomObj.outputsS31;proof.Kant.Dom.DomObj.claimRefsS34;proof.Kant.Dom.DomObj.evidenceRefsS31;proof.Kant.Dom.DomObj.proofRefsS31;proof.Kant.Dom.DomObj.errorRefsS25;proof.Kant.Dom.Truth.nameS27;proof.Kant.Dom.DomObj.truthS32;proof.Kant.Dom.DomObj.provenance","O4;4;kindS12;lean4-kernel6;digestS64;c5926853b33849889c51e562f38050cf0cdb9ee1439ff53e0fba1fc55184064d8;locationS37;RequestProject/Kant/Domain/Model.lean8;evidenceS15;MACHINE_CHECKED","RequestProject","O7;13;source_systemS5;lean411;source_fileS37;RequestProject/Kant/Domain/Model.lean13;source_formatS4;text11;imported_atI+0;14;transformed_atI+0;15;transformationsL0;13;parent_objectS0;","db7ff009be3531bb2dd34eacf5ab3bf8d97453578afb930172977549a6b303be"
"proof.Kant.Dom.Schema.ofVal.eq_1","Kant.Dom.Schema.ofVal.eq_1","lean4","VALID","RequestProject/Kant/Domain/Model.lean","0","L2;S19;obj.Kant.Dom.SchemaS25;obj.Kant.Dom.Schema.ofVal","L0;","elaborated and checked by the Lean kernel","L1;S30;obj.Kant.Dom.Schema.ofVal.eq_1","L1;S32;claim.Kant.Dom.Schema.ofVal.eq_1","L2;S21;proof.Kant.Dom.SchemaS27;proof.Kant.Dom.Schema.ofVal","O4;4;kindS12;lean4-kernel6;digestS64;b266ca6c3ce8eeade5b7b9abb10377560056197fda04afb71bfa2062b0d91aa88;locationS37;RequestProject/Kant/Domain/Model.lean8;evidenceS15;MACHINE_CHECKED","RequestProject","O7;13;source_systemS5;lean411;source_fileS37;RequestProject/Kant/Domain/Model.lean13;source_formatS4;text11;imported_atI+0;14;transformed_atI+0;15;transformationsL0;13;parent_objectS0;","37842f43ee7729d719ad7a08c75828b40d5f696210b4771d1ee5c555902dd97a"
"proof.Kant.Dom.Rel.derives.sizeOf_spec","Kant.Dom.Rel.derives.sizeOf_spec","lean4","VALID","RequestProject/Kant/Domain/Model.lean","0","L1;S16;obj.Kant.Dom.Rel","L0;","elaborated and checked by the Lean kernel","L1;S36;obj.Kant.Dom.Rel.derives.sizeOf_spec","L1;S38;claim.Kant.Dom.Rel.derives.sizeOf_spec","L1;S18;proof.Kant.Dom.Rel","O4;4;kindS12;lean4-kernel6;digestS64;6d4d77c3e6df9a116db43b18aee5119e9a34bf1a8d0fbc6b8dfe68305fedd9f88;locationS37;RequestProject/Kant/Domain/Model.lean8;evidenceS15;MACHINE_CHECKED","RequestProject","O7;13;source_systemS5;lean411;source_fileS37;RequestProject/Kant/Domain/Model.lean13;source_formatS4;text11;imported_atI+0;14;transformed_atI+0;15;transformationsL0;13;parent_objectS0;","2698aed782a8da9aed21ad468eae641d7c793908af475ad4db0a648d89a038d7"
"proof.Kant.Dom.evidence_levels_distinct","Kant.Dom.evidence_levels_distinct","lean4","VALID","RequestProject/Kant/Domain/Model.lean","156","L2;S17;obj.Kant.Dom.EvidS32;obj.Kant.Dom.instDecidableEqEvid","L0;","elaborated and checked by the Lean kernel","L1;S37;obj.Kant.Dom.evidence_levels_distinct","L1;S39;claim.Kant.Dom.evidence_levels_distinct","L2;S19;proof.Kant.Dom.EvidS34;proof.Kant.Dom.instDecidableEqEvid","O4;4;kindS12;lean4-kernel6;digestS64;cee2cfaf88b2de3df4becb97369072da5b886762045bb1372a9c0410f133c0d48;locationS37;RequestProject/Kant/Domain/Model.lean8;evidenceS15;MACHINE_CHECKED","RequestProject","O7;13;source_systemS5;lean411;source_fileS37;RequestProject/Kant/Domain/Model.lean13;source_formatS4;text11;imported_atI+0;14;transformed_atI+156;15;transformationsL0;13;parent_objectS0;","57408dc3c3df41c4feef0565a03d244772bfdfb1db74fd8a97581ab27ee4698d"
"proof.Kant.Dom.Evid.stated.sizeOf_spec","Kant.Dom.Evid.stated.sizeOf_spec","lean4","VALID","RequestProject/Kant/Domain/Model.lean","0","L1;S17;obj.Kant.Dom.Evid","L0;","elaborated and checked by the Lean kernel","L1;S36;obj.Kant.Dom.Evid.stated.sizeOf_spec","L1;S38;claim.Kant.Dom.Evid.stated.sizeOf_spec","L1;S19;proof.Kant.Dom.Evid","O4;4;kindS12;lean4-kernel6;digestS64;a356364f28dd3209336ff7fffef2a3466908e64fefd7180391638962ab9fb5c08;locationS37;RequestProject/Kant/Domain/Model.lean8;evidenceS15;MACHINE_CHECKED","RequestProject","O7;13;source_systemS5;lean411;source_fileS37;RequestProject/Kant/Domain/Model.lean13;source_formatS4;text11;imported_atI+0;14;transformed_atI+0;15;transformationsL0;13;parent_objectS0;","9f90394473e17eb8f0464ba8ade7583b5cc614d61f9c2c3e19606235ffa2adc1"
"proof.Kant.Dom.optOf_Prov'","Kant.Dom.optOf_Prov'","lean4","VALID","RequestProject/Kant/Domain/Model.lean","271","L0;","L0;","elaborated and checked by the Lean kernel","L1;S24;obj.Kant.Dom.optOf_Prov'","L1;S26;claim.Kant.Dom.optOf_Prov'","L0;","O4;4;kindS12;lean4-kernel6;digestS64;d862ccb019cad1da0f1b73f44293ae494d5849b1e78ac8a4b3ccf6240221a87b8;locationS37;RequestProject/Kant/Domain/Model.lean8;evidenceS15;MACHINE_CHECKED","RequestProject","O7;13;source_systemS5;lean411;source_fileS37;RequestProject/Kant/Domain/Model.lean13;source_formatS4;text11;imported_atI+0;14;transformed_atI+271;15;transformationsL0;13;parent_objectS0;","f9dc517a2d64c6a9968a493b1b0dd6e6666e153ad47f7d63daedaa4bfd01e6a0"
"proof.Kant.Dom.Domain.ofVal_toVal","Kant.Dom.Domain.ofVal_toVal","lean4","VALID","RequestProject/Kant/Domain/Model.lean","623","L29;S19;obj.Kant.Dom.DomainS25;obj.Kant.Dom.Domain.ofValS25;obj.Kant.Dom.Domain.toValS27;obj.Kant.Dom.Domain.casesOnS15;obj.Kant.Dom.IdS19;obj.Kant.Dom.DomObjS21;obj.Kant.Dom.RelationS21;obj.Kant.Dom.ProofRecS18;obj.Kant.Dom.ClaimS21;obj.Kant.Dom.EvidenceS19;obj.Kant.Dom.SchemaS25;obj.Kant.Dom.DomObj.toValS27;obj.Kant.Dom.Relation.toValS27;obj.Kant.Dom.ProofRec.toValS24;obj.Kant.Dom.Claim.toValS27;obj.Kant.Dom.Evidence.toValS25;obj.Kant.Dom.Schema.toValS25;obj.Kant.Dom.DomObj.ofValS27;obj.Kant.Dom.Relation.ofValS27;obj.Kant.Dom.ProofRec.ofValS24;obj.Kant.Dom.Claim.ofValS27;obj.Kant.Dom.Evidence.ofValS25;obj.Kant.Dom.Schema.ofValS31;obj.Kant.Dom.DomObj.ofVal_toValS33;obj.Kant.Dom.Relation.ofVal_toValS33;obj.Kant.Dom.ProofRec.ofVal_toValS30;obj.Kant.Dom.Claim.ofVal_toValS33;obj.Kant.Dom.Evidence.ofVal_toValS31;obj.Kant.Dom.Schema.ofVal_toVal","L0;","elaborated and checked by the Lean kernel","L1;S31;obj.Kant.Dom.Domain.ofVal_toVal","L1;S33;claim.Kant.Dom.Domain.ofVal_toVal","L29;S21;proof.Kant.Dom.DomainS27;proof.Kant.Dom.Domain.ofValS27;proof.Kant.Dom.Domain.toValS29;proof.Kant.Dom.Domain.casesOnS17;proof.Kant.Dom.IdS21;proof.Kant.Dom.DomObjS23;proof.Kant.Dom.RelationS23;proof.Kant.Dom.ProofRecS20;proof.Kant.Dom.ClaimS23;proof.Kant.Dom.EvidenceS21;proof.Kant.Dom.SchemaS27;proof.Kant.Dom.DomObj.toValS29;proof.Kant.Dom.Relation.toValS29;proof.Kant.Dom.ProofRec.toValS26;proof.Kant.Dom.Claim.toValS29;proof.Kant.Dom.Evidence.toValS27;proof.Kant.Dom.Schema.toValS27;proof.Kant.Dom.DomObj.ofValS29;proof.Kant.Dom.Relation.ofValS29;proof.Kant.Dom.ProofRec.ofValS26;proof.Kant.Dom.Claim.ofValS29;proof.Kant.Dom.Evidence.ofValS27;proof.Kant.Dom.Schema.ofValS33;proof.Kant.Dom.DomObj.ofVal_toValS35;proof.Kant.Dom.Relation.ofVal_toValS35;proof.Kant.Dom.ProofRec.ofVal_toValS32;proof.Kant.Dom.Claim.ofVal_toValS35;proof.Kant.Dom.Evidence.ofVal_toValS33;proof.Kant.Dom.Schema.ofVal_toVal","O4;4;kindS12;lean4-kernel6;digestS64;decc9d9c4908af8b92354209b483116cefb9bd13520986e1174525fa6d5db47a8;locationS37;RequestProject/Kant/Domain/Model.lean8;evidenceS15;MACHINE_CHECKED","RequestProject","O7;13;source_systemS5;lean411;source_fileS37;RequestProject/Kant/Domain/Model.lean13;source_formatS4;text11;imported_atI+0;14;transformed_atI+623;15;transformationsL0;13;parent_objectS0;","f5e8df74a4b78ec15571ccb91d1db5de932d3a5c8167d43b67c006690f03ddd8"
"proof.Kant.Dom.pstatusName_injective","Kant.Dom.pstatusName_injective","lean4","VALID","RequestProject/Kant/Domain/Model.lean","133","L4;S20;obj.Kant.Dom.PStatusS25;obj.Kant.Dom.PStatus.nameS27;obj.Kant.Dom.PStatus.ofNameS32;obj.Kant.Dom.PStatus.ofName_name","L0;","elaborated and checked by the Lean kernel","L1;S34;obj.Kant.Dom.pstatusName_injective","L1;S36;claim.Kant.Dom.pstatusName_injective","L4;S22;proof.Kant.Dom.PStatusS27;proof.Kant.Dom.PStatus.nameS29;proof.Kant.Dom.PStatus.ofNameS34;proof.Kant.Dom.PStatus.ofName_name","O4;4;kindS12;lean4-kernel6;digestS64;607414512054c61368012c85681e1f6015bdb5879e7645559575fa4e2e304f4a8;locationS37;RequestProject/Kant/Domain/Model.lean8;evidenceS15;MACHINE_CHECKED","RequestProject","O7;13;source_systemS5;lean411;source_fileS37;RequestProject/Kant/Domain/Model.lean13;source_formatS4;text11;imported_atI+0;14;transformed_atI+133;15;transformationsL0;13;parent_objectS0;","b297135c2760905c344478c4c9d04a7f23923e0656ddd6e27a860553d8434e85"
"proof.Kant.Dom.Schema.ofVal_toVal","Kant.Dom.Schema.ofVal_toVal","lean4","VALID","RequestProject/Kant/Domain/Model.lean","556","L5;S19;obj.Kant.Dom.SchemaS25;obj.Kant.Dom.Schema.ofValS25;obj.Kant.Dom.Schema.toValS27;obj.Kant.Dom.Schema.casesOnS15;obj.Kant.Dom.Id","L0;","elaborated and checked by the Lean kernel","L1;S31;obj.Kant.Dom.Schema.ofVal_toVal","L1;S33;claim.Kant.Dom.Schema.ofVal_toVal","L5;S21;proof.Kant.Dom.SchemaS27;proof.Kant.Dom.Schema.ofValS27;proof.Kant.Dom.Schema.toValS29;proof.Kant.Dom.Schema.casesOnS17;proof.Kant.Dom.Id","O4;4;kindS12;lean4-kernel6;digestS64;675591a7140ace8a170719362d4506f9e429867cd84b83f408cda61d5fb54bdb8;locationS37;RequestProject/Kant/Domain/Model.lean8;evidenceS15;MACHINE_CHECKED","RequestProject","O7;13;source_systemS5;lean411;source_fileS37;RequestProject/Kant/Domain/Model.lean13;source_formatS4;text11;imported_atI+0;14;transformed_atI+556;15;transformationsL0;13;parent_objectS0;","44b24d560dfeb926c814a7303920fc294d2a22d8e502d96090e4464bb044b6e3"
"proof.Kant.Dom.Truth.unresolved.sizeOf_spec","Kant.Dom.Truth.unresolved.sizeOf_spec","lean4","VALID","RequestProject/Kant/Domain/Model.lean","0","L1;S18;obj.Kant.Dom.Truth","L0;","elaborated and checked by the Lean kernel","L1;S41;obj.Kant.Dom.Truth.unresolved.sizeOf_spec","L1;S43;claim.Kant.Dom.Truth.unresolved.sizeOf_spec","L1;S20;proof.Kant.Dom.Truth","O4;4;kindS12;lean4-kernel6;digestS64;c165ee02f13af3a716933dd2a71cbcc4d1ae993370f4b46d452bcc8ad6209e0a8;locationS37;RequestProject/Kant/Domain/Model.lean8;evidenceS15;MACHINE_CHECKED","RequestProject","O7;13;source_systemS5;lean411;source_fileS37;RequestProject/Kant/Domain/Model.lean13;source_formatS4;text11;imported_atI+0;14;transformed_atI+0;15;transformationsL0;13;parent_objectS0;","e3b5f1ed41331968bd732ca486a9108b5f88296ed6c242ae1b7f572d52dcc1d1"
"proof.Kant.Dom.DomObj.mk.inj","Kant.Dom.DomObj.mk.inj","lean4","VALID","RequestProject/Kant/Domain/Model.lean","0","L4;S15;obj.Kant.Dom.IdS18;obj.Kant.Dom.TruthS19;obj.Kant.Dom.DomObjS34;obj.Kant.Dom.DomObj.mk.noConfusion","L0;","elaborated and checked by the Lean kernel","L1;S26;obj.Kant.Dom.DomObj.mk.inj","L1;S28;claim.Kant.Dom.DomObj.mk.inj","L4;S17;proof.Kant.Dom.IdS20;proof.Kant.Dom.TruthS21;proof.Kant.Dom.DomObjS36;proof.Kant.Dom.DomObj.mk.noConfusion","O4;4;kindS12;lean4-kernel6;digestS64;6ef31d10e95a7046e77304d3b69d94613687028b0cb983dc296faf0a006b14bf8;locationS37;RequestProject/Kant/Domain/Model.lean8;evidenceS15;MACHINE_CHECKED","RequestProject","O7;13;source_systemS5;lean411;source_fileS37;RequestProject/Kant/Domain/Model.lean13;source_formatS4;text11;imported_atI+0;14;transformed_atI+0;15;transformationsL0;13;parent_objectS0;","c9e551651a8049341d8b41ed3e1d9f17875d57535185dabaf25bd5dd5542801d"
"proof.Kant.Dom.Domain.eq_of_text_eq","Kant.Dom.Domain.eq_of_text_eq","lean4","VALID","RequestProject/Kant/Domain/Model.lean","662","L4;S19;obj.Kant.Dom.DomainS24;obj.Kant.Dom.Domain.textS35;obj.Kant.Dom.Domain.toVal_injectiveS25;obj.Kant.Dom.Domain.toVal","L0;","elaborated and checked by the Lean kernel","L1;S33;obj.Kant.Dom.Domain.eq_of_text_eq","L1;S35;claim.Kant.Dom.Domain.eq_of_text_eq","L4;S21;proof.Kant.Dom.DomainS26;proof.Kant.Dom.Domain.textS37;proof.Kant.Dom.Domain.toVal_injectiveS27;proof.Kant.Dom.Domain.toVal","O4;4;kindS12;lean4-kernel6;digestS64;5d90194608d54ba40f0b80972b3949af77a137a2935f997eae208a146677f4e18;locationS37;RequestProject/Kant/Domain/Model.lean8;evidenceS15;MACHINE_CHECKED","RequestProject","O7;13;source_systemS5;lean411;source_fileS37;RequestProject/Kant/Domain/Model.lean13;source_formatS4;text11;imported_atI+0;14;transformed_atI+662;15;transformationsL0;13;parent_objectS0;","958ecb4d7aa6d7af0885bb8b1629228cd38fc7f2beba82357529239ce22efb92"
"proof.Kant.Dom.Truth.verified.sizeOf_spec","Kant.Dom.Truth.verified.sizeOf_spec","lean4","VALID","RequestProject/Kant/Domain/Model.lean","0","L1;S18;obj.Kant.Dom.Truth","L0;","elaborated and checked by the Lean kernel","L1;S39;obj.Kant.Dom.Truth.verified.sizeOf_spec","L1;S41;claim.Kant.Dom.Truth.verified.sizeOf_spec","L1;S20;proof.Kant.Dom.Truth","O4;4;kindS12;lean4-kernel6;digestS64;4507ebdd585be946ce0795e1e690baa99571f7400a77f300c44187cff34b3ee38;locationS37;RequestProject/Kant/Domain/Model.lean8;evidenceS15;MACHINE_CHECKED","RequestProject","O7;13;source_systemS5;lean411;source_fileS37;RequestProject/Kant/Domain/Model.lean13;source_formatS4;text11;imported_atI+0;14;transformed_atI+0;15;transformationsL0;13;parent_objectS0;","186bdd0814125ec259ddb7a34058ca05601da8c7e46e50bc01452e4ae1dfecff"
"proof.Kant.Dom.Domain.ofVal.eq_1","Kant.Dom.Domain.ofVal.eq_1","lean4","VALID","RequestProject/Kant/Domain/Model.lean","0","L14;S19;obj.Kant.Dom.DomainS25;obj.Kant.Dom.Domain.ofValS19;obj.Kant.Dom.DomObjS25;obj.Kant.Dom.DomObj.ofValS21;obj.Kant.Dom.RelationS27;obj.Kant.Dom.Relation.ofValS21;obj.Kant.Dom.ProofRecS27;obj.Kant.Dom.ProofRec.ofValS18;obj.Kant.Dom.ClaimS24;obj.Kant.Dom.Claim.ofValS21;obj.Kant.Dom.EvidenceS27;obj.Kant.Dom.Evidence.ofValS19;obj.Kant.Dom.SchemaS25;obj.Kant.Dom.Schema.ofVal","L0;","elaborated and checked by the Lean kernel","L1;S30;obj.Kant.Dom.Domain.ofVal.eq_1","L1;S32;claim.Kant.Dom.Domain.ofVal.eq_1","L14;S21;proof.Kant.Dom.DomainS27;proof.Kant.Dom.Domain.ofValS21;proof.Kant.Dom.DomObjS27;proof.Kant.Dom.DomObj.ofValS23;proof.Kant.Dom.RelationS29;proof.Kant.Dom.Relation.ofValS23;proof.Kant.Dom.ProofRecS29;proof.Kant.Dom.ProofRec.ofValS20;proof.Kant.Dom.ClaimS26;proof.Kant.Dom.Claim.ofValS23;proof.Kant.Dom.EvidenceS29;proof.Kant.Dom.Evidence.ofValS21;proof.Kant.Dom.SchemaS27;proof.Kant.Dom.Schema.ofVal","O4;4;kindS12;lean4-kernel6;digestS64;32feaf7ffa78b5aa016c0332a710411121cdf8ed389d78b4595f2efe5ae405738;locationS37;RequestProject/Kant/Domain/Model.lean8;evidenceS15;MACHINE_CHECKED","RequestProject","O7;13;source_systemS5;lean411;source_fileS37;RequestProject/Kant/Domain/Model.lean13;source_formatS4;text11;imported_atI+0;14;transformed_atI+0;15;transformationsL0;13;parent_objectS0;","a5d43c3eb4d9d1a0c4d8939e195ee6e3200e649c6e127ba6488a9d16f78c5a69"
"proof.Kant.Dom.Relation.mk.injEq","Kant.Dom.Relation.mk.injEq","lean4","VALID","RequestProject/Kant/Domain/Model.lean","0","L4;S15;obj.Kant.Dom.IdS16;obj.Kant.Dom.RelS21;obj.Kant.Dom.RelationS36;obj.Kant.Dom.Relation.mk.noConfusion","L0;","elaborated and checked by the Lean kernel","L1;S30;obj.Kant.Dom.Relation.mk.injEq","L1;S32;claim.Kant.Dom.Relation.mk.injEq","L4;S17;proof.Kant.Dom.IdS18;proof.Kant.Dom.RelS23;proof.Kant.Dom.RelationS38;proof.Kant.Dom.Relation.mk.noConfusion","O4;4;kindS12;lean4-kernel6;digestS64;d3a0f8dea00b6aa6f6993d5bec7a38d5efce2ce2a9b4eb583037670f5147fbdf8;locationS37;RequestProject/Kant/Domain/Model.lean8;evidenceS15;MACHINE_CHECKED","RequestProject","O7;13;source_systemS5;lean411;source_fileS37;RequestProject/Kant/Domain/Model.lean13;source_formatS4;text11;imported_atI+0;14;transformed_atI+0;15;transformationsL0;13;parent_objectS0;","2295cde41e418bba46ec59b6b741b35d60495465b23b3fb4cb4fb0acb17df7d7"
"proof.Kant.Dom.getIds.eq_1","Kant.Dom.getIds.eq_1","lean4","VALID","RequestProject/Kant/Domain/Model.lean","0","L3;S15;obj.Kant.Dom.IdS19;obj.Kant.Dom.getIdsS20;obj.Kant.Dom.idOfVal","L0;","elaborated and checked by the Lean kernel","L1;S24;obj.Kant.Dom.getIds.eq_1","L1;S26;claim.Kant.Dom.getIds.eq_1","L3;S17;proof.Kant.Dom.IdS21;proof.Kant.Dom.getIdsS22;proof.Kant.Dom.idOfVal","O4;4;kindS12;lean4-kernel6;digestS64;1575c203185b7f83cd4e010d56df2d44f87b3dbe8fe96361acf853ad20c37dba8;locationS37;RequestProject/Kant/Domain/Model.lean8;evidenceS15;MACHINE_CHECKED","RequestProject","O7;13;source_systemS5;lean411;source_fileS37;RequestProject/Kant/Domain/Model.lean13;source_formatS4;text11;imported_atI+0;14;transformed_atI+0;15;transformationsL0;13;parent_objectS0;","96824deec77ec703087dd670f80bfb604ae3f5393b045c896fda985f6a913fe6"
"proof.Kant.Dom.ProofRec.ofVal_toVal","Kant.Dom.ProofRec.ofVal_toVal","lean4","VALID","RequestProject/Kant/Domain/Model.lean","424","L17;S21;obj.Kant.Dom.ProofRecS27;obj.Kant.Dom.ProofRec.ofValS27;obj.Kant.Dom.ProofRec.toValS29;obj.Kant.Dom.ProofRec.casesOnS15;obj.Kant.Dom.IdS20;obj.Kant.Dom.PStatusS17;obj.Kant.Dom.CertS25;obj.Kant.Dom.PStatus.nameS23;obj.Kant.Dom.Cert.toValS19;obj.Kant.Dom.getIdsS27;obj.Kant.Dom.PStatus.ofNameS23;obj.Kant.Dom.Cert.ofValS20;obj.Kant.Dom.idOfValS26;obj.Kant.Dom.listOf_idsValS32;obj.Kant.Dom.PStatus.ofName_nameS23;obj.Kant.Dom.optOf_CertS24;obj.Kant.Dom.optOf_Prov'","L0;","elaborated and checked by the Lean kernel","L1;S33;obj.Kant.Dom.ProofRec.ofVal_toVal","L1;S35;claim.Kant.Dom.ProofRec.ofVal_toVal","L17;S23;proof.Kant.Dom.ProofRecS29;proof.Kant.Dom.ProofRec.ofValS29;proof.Kant.Dom.ProofRec.toValS31;proof.Kant.Dom.ProofRec.casesOnS17;proof.Kant.Dom.IdS22;proof.Kant.Dom.PStatusS19;proof.Kant.Dom.CertS27;proof.Kant.Dom.PStatus.nameS25;proof.Kant.Dom.Cert.toValS21;proof.Kant.Dom.getIdsS29;proof.Kant.Dom.PStatus.ofNameS25;proof.Kant.Dom.Cert.ofValS22;proof.Kant.Dom.idOfValS28;proof.Kant.Dom.listOf_idsValS34;proof.Kant.Dom.PStatus.ofName_nameS25;proof.Kant.Dom.optOf_CertS26;proof.Kant.Dom.optOf_Prov'","O4;4;kindS12;lean4-kernel6;digestS64;daec5ed678659af3f07830a009abc68c7d240b9cc5d8b26927a18384b7b8dffa8;locationS37;RequestProject/Kant/Domain/Model.lean8;evidenceS15;MACHINE_CHECKED","RequestProject","O7;13;source_systemS5;lean411;source_fileS37;RequestProject/Kant/Domain/Model.lean13;source_formatS4;text11;imported_atI+0;14;transformed_atI+424;15;transformationsL0;13;parent_objectS0;","ae4501a93491cf721e8cd70d8e5e98b59f8104d430f264ecac19286a011a1aaf"
"proof.Kant.Dom.Relation.mk.inj","Kant.Dom.Relation.mk.inj","lean4","VALID","RequestProject/Kant/Domain/Model.lean","0","L4;S15;obj.Kant.Dom.IdS16;obj.Kant.Dom.RelS21;obj.Kant.Dom.RelationS36;obj.Kant.Dom.Relation.mk.noConfusion","L0;","elaborated and checked by the Lean kernel","L1;S28;obj.Kant.Dom.Relation.mk.inj","L1;S30;claim.Kant.Dom.Relation.mk.inj","L4;S17;proof.Kant.Dom.IdS18;proof.Kant.Dom.RelS23;proof.Kant.Dom.RelationS38;proof.Kant.Dom.Relation.mk.noConfusion","O4;4;kindS12;lean4-kernel6;digestS64;407479b2d3a6177ebf838a083402b65193cad519863cbdac80ca577a86b237678;locationS37;RequestProject/Kant/Domain/Model.lean8;evidenceS15;MACHINE_CHECKED","RequestProject","O7;13;source_systemS5;lean411;source_fileS37;RequestProject/Kant/Domain/Model.lean13;source_formatS4;text11;imported_atI+0;14;transformed_atI+0;15;transformationsL0;13;parent_objectS0;","5437817ed462ee115a334864c79a66ceab6df06c65a17e8b0fbeb34513ce7248"
"proof.Kant.Dom.Rel.proves.sizeOf_spec","Kant.Dom.Rel.proves.sizeOf_spec","lean4","VALID","RequestProject/Kant/Domain/Model.lean","0","L1;S16;obj.Kant.Dom.Rel","L0;","elaborated and checked by the Lean kernel","L1;S35;obj.Kant.Dom.Rel.proves.sizeOf_spec","L1;S37;claim.Kant.Dom.Rel.proves.sizeOf_spec","L1;S18;proof.Kant.Dom.Rel","O4;4;kindS12;lean4-kernel6;digestS64;8c0007ffff490a82bb3e5a80344e79253a5569eef7b95cbce94d4bc3015c11df8;locationS37;RequestProject/Kant/Domain/Model.lean8;evidenceS15;MACHINE_CHECKED","RequestProject","O7;13;source_systemS5;lean411;source_fileS37;RequestProject/Kant/Domain/Model.lean13;source_formatS4;text11;imported_atI+0;14;transformed_atI+0;15;transformationsL0;13;parent_objectS0;","b85fff3ba1e8ce52fb950c88b42340d5ab175d84e3f17c4ca4b4b9337c5f68cf"
"proof.Kant.Dom.Cert.mk.sizeOf_spec","Kant.Dom.Cert.mk.sizeOf_spec","lean4","VALID","RequestProject/Kant/Domain/Model.lean","0","L2;S17;obj.Kant.Dom.EvidS17;obj.Kant.Dom.Cert","L0;","elaborated and checked by the Lean kernel","L1;S32;obj.Kant.Dom.Cert.mk.sizeOf_spec","L1;S34;claim.Kant.Dom.Cert.mk.sizeOf_spec","L2;S19;proof.Kant.Dom.EvidS19;proof.Kant.Dom.Cert","O4;4;kindS12;lean4-kernel6;digestS64;5a5cbf3228b3a607bdfed7bbe742b0703ba2bb881808bbc5b5cd8177fd440e268;locationS37;RequestProject/Kant/Domain/Model.lean8;evidenceS15;MACHINE_CHECKED","RequestProject","O7;13;source_systemS5;lean411;source_fileS37;RequestProject/Kant/Domain/Model.lean13;source_formatS4;text11;imported_atI+0;14;transformed_atI+0;15;transformationsL0;13;parent_objectS0;","5e82f59e77e32bf07cc33ad21cf1f2d3c978bae0461bf936cc90b1517d33d299"
"proof.Kant.Dom.DomObj.mk.sizeOf_spec","Kant.Dom.DomObj.mk.sizeOf_spec","lean4","VALID","RequestProject/Kant/Domain/Model.lean","0","L3;S15;obj.Kant.Dom.IdS18;obj.Kant.Dom.TruthS19;obj.Kant.Dom.DomObj","L0;","elaborated and checked by the Lean kernel","L1;S34;obj.Kant.Dom.DomObj.mk.sizeOf_spec","L1;S36;claim.Kant.Dom.DomObj.mk.sizeOf_spec","L3;S17;proof.Kant.Dom.IdS20;proof.Kant.Dom.TruthS21;proof.Kant.Dom.DomObj","O4;4;kindS12;lean4-kernel6;digestS64;a8f1e5243c264e800221bdd0ea195117ae5c9e4bb7dd17cee3db0d143905b1ad8;locationS37;RequestProject/Kant/Domain/Model.lean8;evidenceS15;MACHINE_CHECKED","RequestProject","O7;13;source_systemS5;lean411;source_fileS37;RequestProject/Kant/Domain/Model.lean13;source_formatS4;text11;imported_atI+0;14;transformed_atI+0;15;transformationsL0;13;parent_objectS0;","970b6de6a69c6d553ab41cc0259f7c72379a20828b639b0f5b9cb1773abf33ac"
"proof.Kant.Dom.Evidence.mk.inj","Kant.Dom.Evidence.mk.inj","lean4","VALID","RequestProject/Kant/Domain/Model.lean","0","L3;S15;obj.Kant.Dom.IdS21;obj.Kant.Dom.EvidenceS36;obj.Kant.Dom.Evidence.mk.noConfusion","L0;","elaborated and checked by the Lean kernel","L1;S28;obj.Kant.Dom.Evidence.mk.inj","L1;S30;claim.Kant.Dom.Evidence.mk.inj","L3;S17;proof.Kant.Dom.IdS23;proof.Kant.Dom.EvidenceS38;proof.Kant.Dom.Evidence.mk.noConfusion","O4;4;kindS12;lean4-kernel6;digestS64;8d82043876ee0afc978b8de935a7fa6f0d976b3ae1a75b06d0b00c8f679195b18;locationS37;RequestProject/Kant/Domain/Model.lean8;evidenceS15;MACHINE_CHECKED","RequestProject","O7;13;source_systemS5;lean411;source_fileS37;RequestProject/Kant/Domain/Model.lean13;source_formatS4;text11;imported_atI+0;14;transformed_atI+0;15;transformationsL0;13;parent_objectS0;","d56b58bf8b8792d9208472735c6dd7f60470328b4c181593ed217fa4bd3de0b0"
"proof.Kant.Dom.Relation.ofVal.eq_2","Kant.Dom.Relation.ofVal.eq_2","lean4","VALID","RequestProject/Kant/Domain/Model.lean","0","L5;S21;obj.Kant.Dom.RelationS27;obj.Kant.Dom.Relation.ofValS31;obj.Kant.Dom.Cert.ofVal.match_1S16;obj.Kant.Dom.RelS23;obj.Kant.Dom.Rel.ofName","L0;","elaborated and checked by the Lean kernel","L1;S32;obj.Kant.Dom.Relation.ofVal.eq_2","L1;S34;claim.Kant.Dom.Relation.ofVal.eq_2","L5;S23;proof.Kant.Dom.RelationS29;proof.Kant.Dom.Relation.ofValS33;proof.Kant.Dom.Cert.ofVal.match_1S18;proof.Kant.Dom.RelS25;proof.Kant.Dom.Rel.ofName","O4;4;kindS12;lean4-kernel6;digestS64;bbbb83689a88a6728d925e24c4df11959abf3572f19ef19c1306ee2a84d73fbf8;locationS37;RequestProject/Kant/Domain/Model.lean8;evidenceS15;MACHINE_CHECKED","RequestProject","O7;13;source_systemS5;lean411;source_fileS37;RequestProject/Kant/Domain/Model.lean13;source_formatS4;text11;imported_atI+0;14;transformed_atI+0;15;transformationsL0;13;parent_objectS0;","8342eb93e6c6f082c585e210e7cf91e562aedd2afac769fc8d1694c4c1d57d5f"
"proof.Kant.Dom.Coverage.contradicted.sizeOf_spec","Kant.Dom.Coverage.contradicted.sizeOf_spec","lean4","VALID","RequestProject/Kant/Domain/Model.lean","0","L1;S21;obj.Kant.Dom.Coverage","L0;","elaborated and checked by the Lean kernel","L1;S46;obj.Kant.Dom.Coverage.contradicted.sizeOf_spec","L1;S48;claim.Kant.Dom.Coverage.contradicted.sizeOf_spec","L1;S23;proof.Kant.Dom.Coverage","O4;4;kindS12;lean4-kernel6;digestS64;3467192f33f37b81760aa9aadebdb89e4679382bb098e1bb3aff37b79e12d8588;locationS37;RequestProject/Kant/Domain/Model.lean8;evidenceS15;MACHINE_CHECKED","RequestProject","O7;13;source_systemS5;lean411;source_fileS37;RequestProject/Kant/Domain/Model.lean13;source_formatS4;text11;imported_atI+0;14;transformed_atI+0;15;transformationsL0;13;parent_objectS0;","6c44da3341da21f7812f871cfd67b954742d3a748b26e4fd66f807b28bf6ee5a"
"proof.Kant.Dom.Schema.mk.inj","Kant.Dom.Schema.mk.inj","lean4","VALID","RequestProject/Kant/Domain/Model.lean","0","L3;S15;obj.Kant.Dom.IdS19;obj.Kant.Dom.SchemaS34;obj.Kant.Dom.Schema.mk.noConfusion","L0;","elaborated and checked by the Lean kernel","L1;S26;obj.Kant.Dom.Schema.mk.inj","L1;S28;claim.Kant.Dom.Schema.mk.inj","L3;S17;proof.Kant.Dom.IdS21;proof.Kant.Dom.SchemaS36;proof.Kant.Dom.Schema.mk.noConfusion","O4;4;kindS12;lean4-kernel6;digestS64;b11f3a2e51be14783cae38221fdec54b0d4ec3ce91aea2eaa986105abccd10058;locationS37;RequestProject/Kant/Domain/Model.lean8;evidenceS15;MACHINE_CHECKED","RequestProject","O7;13;source_systemS5;lean411;source_fileS37;RequestProject/Kant/Domain/Model.lean13;source_formatS4;text11;imported_atI+0;14;transformed_atI+0;15;transformationsL0;13;parent_objectS0;","9596123986c95b91aee4edf33094aa8eaeea05707cfa1acb666aff83d32f36c8"
"proof.Kant.Dom.Cert.mk.injEq","Kant.Dom.Cert.mk.injEq","lean4","VALID","RequestProject/Kant/Domain/Model.lean","0","L3;S17;obj.Kant.Dom.EvidS17;obj.Kant.Dom.CertS32;obj.Kant.Dom.Cert.mk.noConfusion","L0;","elaborated and checked by the Lean kernel","L1;S26;obj.Kant.Dom.Cert.mk.injEq","L1;S28;claim.Kant.Dom.Cert.mk.injEq","L3;S19;proof.Kant.Dom.EvidS19;proof.Kant.Dom.CertS34;proof.Kant.Dom.Cert.mk.noConfusion","O4;4;kindS12;lean4-kernel6;digestS64;b637c27902c122d1d6420f02517c33aa46032082f3b3c623dbf04f385cee3bf48;locationS37;RequestProject/Kant/Domain/Model.lean8;evidenceS15;MACHINE_CHECKED","RequestProject","O7;13;source_systemS5;lean411;source_fileS37;RequestProject/Kant/Domain/Model.lean13;source_formatS4;text11;imported_atI+0;14;transformed_atI+0;15;transformationsL0;13;parent_objectS0;","2d7eeb69123597c38af7e9855f4c8a40bbf704103e3a2849e490817fdbbcfdc6"
"proof.Kant.Dom.Domain.ne_of_hash_ne","Kant.Dom.Domain.ne_of_hash_ne","lean4","VALID","RequestProject/Kant/Domain/Model.lean","676","L3;S19;obj.Kant.Dom.DomainS24;obj.Kant.Dom.Domain.hashS33;obj.Kant.Dom.Domain.hash_eq_of_eq","L0;","elaborated and checked by the Lean kernel","L1;S33;obj.Kant.Dom.Domain.ne_of_hash_ne","L1;S35;claim.Kant.Dom.Domain.ne_of_hash_ne","L3;S21;proof.Kant.Dom.DomainS26;proof.Kant.Dom.Domain.hashS35;proof.Kant.Dom.Domain.hash_eq_of_eq","O4;4;kindS12;lean4-kernel6;digestS64;322d7ac7dd63c404a0713b3a42be602f7e4832691762e75e47362924b5ddf0e18;locationS37;RequestProject/Kant/Domain/Model.lean8;evidenceS15;MACHINE_CHECKED","RequestProject","O7;13;source_systemS5;lean411;source_fileS37;RequestProject/Kant/Domain/Model.lean13;source_formatS4;text11;imported_atI+0;14;transformed_atI+676;15;transformationsL0;13;parent_objectS0;","6bace41e272382a0ff3d860097e6fba3a71174719ffe07e64de9fe12f98bac69"
"proof.Kant.Dom.Domain.mk.sizeOf_spec","Kant.Dom.Domain.mk.sizeOf_spec","lean4","VALID","RequestProject/Kant/Domain/Model.lean","0","L8;S15;obj.Kant.Dom.IdS19;obj.Kant.Dom.DomObjS21;obj.Kant.Dom.RelationS21;obj.Kant.Dom.ProofRecS18;obj.Kant.Dom.ClaimS21;obj.Kant.Dom.EvidenceS19;obj.Kant.Dom.SchemaS19;obj.Kant.Dom.Domain","L0;","elaborated and checked by the Lean kernel","L1;S34;obj.Kant.Dom.Domain.mk.sizeOf_spec","L1;S36;claim.Kant.Dom.Domain.mk.sizeOf_spec","L8;S17;proof.Kant.Dom.IdS21;proof.Kant.Dom.DomObjS23;proof.Kant.Dom.RelationS23;proof.Kant.Dom.ProofRecS20;proof.Kant.Dom.ClaimS23;proof.Kant.Dom.EvidenceS21;proof.Kant.Dom.SchemaS21;proof.Kant.Dom.Domain","O4;4;kindS12;lean4-kernel6;digestS64;dfa55e72cf7d043e6e095ce43e5ee96d980ece047cdb696822b8ec8782e6a22f8;locationS37;RequestProject/Kant/Domain/Model.lean8;evidenceS15;MACHINE_CHECKED","RequestProject","O7;13;source_systemS5;lean411;source_fileS37;RequestProject/Kant/Domain/Model.lean13;source_formatS4;text11;imported_atI+0;14;transformed_atI+0;15;transformationsL0;13;parent_objectS0;","aa8f4af4676ff3e3fea5af02a6b15c20c7fec77da2152a699406a19fb0cddc26"
"proof.Kant.Dom.Rel.contradicts.sizeOf_spec","Kant.Dom.Rel.contradicts.sizeOf_spec","lean4","VALID","RequestProject/Kant/Domain/Model.lean","0","L1;S16;obj.Kant.Dom.Rel","L0;","elaborated and checked by the Lean kernel","L1;S40;obj.Kant.Dom.Rel.contradicts.sizeOf_spec","L1;S42;claim.Kant.Dom.Rel.contradicts.sizeOf_spec","L1;S18;proof.Kant.Dom.Rel","O4;4;kindS12;lean4-kernel6;digestS64;3eae93715921a65b940a1d2c3b8b3048aec18ae95a4b9881b2dfb5d647d0006e8;locationS37;RequestProject/Kant/Domain/Model.lean8;evidenceS15;MACHINE_CHECKED","RequestProject","O7;13;source_systemS5;lean411;source_fileS37;RequestProject/Kant/Domain/Model.lean13;source_formatS4;text11;imported_atI+0;14;transformed_atI+0;15;transformationsL0;13;parent_objectS0;","060f931d4c82449cf680611bcb6b513fe33ecdebe316c1a28c59744dfdb9d2c5"
"proof.Kant.Dom.Coverage.partiallyProven.sizeOf_spec","Kant.Dom.Coverage.partiallyProven.sizeOf_spec","lean4","VALID","RequestProject/Kant/Domain/Model.lean","0","L1;S21;obj.Kant.Dom.Coverage","L0;","elaborated and checked by the Lean kernel","L1;S49;obj.Kant.Dom.Coverage.partiallyProven.sizeOf_spec","L1;S51;claim.Kant.Dom.Coverage.partiallyProven.sizeOf_spec","L1;S23;proof.Kant.Dom.Coverage","O4;4;kindS12;lean4-kernel6;digestS64;68ac34a188d9fa2a0b9fa257eb6cedfd589b010777c77704a7832fdccb6e29578;locationS37;RequestProject/Kant/Domain/Model.lean8;evidenceS15;MACHINE_CHECKED","RequestProject","O7;13;source_systemS5;lean411;source_fileS37;RequestProject/Kant/Domain/Model.lean13;source_formatS4;text11;imported_atI+0;14;transformed_atI+0;15;transformationsL0;13;parent_objectS0;","aae08d3e399b2918cf24af11679105db34020723be7f0c1ef454f644b08463e1"
"proof.Kant.Dom.Evid.ofNat_ctorIdx","Kant.Dom.Evid.ofNat_ctorIdx","lean4","VALID","RequestProject/Kant/Domain/Model.lean","0","L4;S17;obj.Kant.Dom.EvidS23;obj.Kant.Dom.Evid.ofNatS25;obj.Kant.Dom.Evid.ctorIdxS25;obj.Kant.Dom.Evid.casesOn","L0;","elaborated and checked by the Lean kernel","L1;S31;obj.Kant.Dom.Evid.ofNat_ctorIdx","L1;S33;claim.Kant.Dom.Evid.ofNat_ctorIdx","L4;S19;proof.Kant.Dom.EvidS25;proof.Kant.Dom.Evid.ofNatS27;proof.Kant.Dom.Evid.ctorIdxS27;proof.Kant.Dom.Evid.casesOn","O4;4;kindS12;lean4-kernel6;digestS64;8778d759529b31044928c3877157a5b39137a746fdd2999a912f141acf634a418;locationS37;RequestProject/Kant/Domain/Model.lean8;evidenceS15;MACHINE_CHECKED","RequestProject","O7;13;source_systemS5;lean411;source_fileS37;RequestProject/Kant/Domain/Model.lean13;source_formatS4;text11;imported_atI+0;14;transformed_atI+0;15;transformationsL0;13;parent_objectS0;","6179518532819ab3e85245f29b399830033cb75bf83d1df9c946dc4b03fd6276"
"proof.Kant.Dom.Rel.inputTo.sizeOf_spec","Kant.Dom.Rel.inputTo.sizeOf_spec","lean4","VALID","RequestProject/Kant/Domain/Model.lean","0","L1;S16;obj.Kant.Dom.Rel","L0;","elaborated and checked by the Lean kernel","L1;S36;obj.Kant.Dom.Rel.inputTo.sizeOf_spec","L1;S38;claim.Kant.Dom.Rel.inputTo.sizeOf_spec","L1;S18;proof.Kant.Dom.Rel","O4;4;kindS12;lean4-kernel6;digestS64;100e8b66ca51b6c4bda8a7f8f805a9f787caa9521845d56aa63f48cf880e8b9d8;locationS37;RequestProject/Kant/Domain/Model.lean8;evidenceS15;MACHINE_CHECKED","RequestProject","O7;13;source_systemS5;lean411;source_fileS37;RequestProject/Kant/Domain/Model.lean13;source_formatS4;text11;imported_atI+0;14;transformed_atI+0;15;transformationsL0;13;parent_objectS0;","7e39bde3054a0387590a646366ae4f64b31ce3852e2565cddc656ec98e2e112a"
"proof.Kant.Dom.Cert.mk.inj","Kant.Dom.Cert.mk.inj","lean4","VALID","RequestProject/Kant/Domain/Model.lean","0","L3;S17;obj.Kant.Dom.EvidS17;obj.Kant.Dom.CertS32;obj.Kant.Dom.Cert.mk.noConfusion","L0;","elaborated and checked by the Lean kernel","L1;S24;obj.Kant.Dom.Cert.mk.inj","L1;S26;claim.Kant.Dom.Cert.mk.inj","L3;S19;proof.Kant.Dom.EvidS19;proof.Kant.Dom.CertS34;proof.Kant.Dom.Cert.mk.noConfusion","O4;4;kindS12;lean4-kernel6;digestS64;fd3987b8713593aaea8c61da2d5bc6854e1e570586810738a28c8ee7a6ff734b8;locationS37;RequestProject/Kant/Domain/Model.lean8;evidenceS15;MACHINE_CHECKED","RequestProject","O7;13;source_systemS5;lean411;source_fileS37;RequestProject/Kant/Domain/Model.lean13;source_formatS4;text11;imported_atI+0;14;transformed_atI+0;15;transformationsL0;13;parent_objectS0;","473e9881c1ba14f21ee1fd6766ef7a1521c7e823fa2f576c59ad875cc4db860f"
"proof.Kant.Dom.Rel.encodes.sizeOf_spec","Kant.Dom.Rel.encodes.sizeOf_spec","lean4","VALID","RequestProject/Kant/Domain/Model.lean","0","L1;S16;obj.Kant.Dom.Rel","L0;","elaborated and checked by the Lean kernel","L1;S36;obj.Kant.Dom.Rel.encodes.sizeOf_spec","L1;S38;claim.Kant.Dom.Rel.encodes.sizeOf_spec","L1;S18;proof.Kant.Dom.Rel","O4;4;kindS12;lean4-kernel6;digestS64;98bfe2c8cfe8198cadf3a44e7ace867f047b3a793d83d17215414ef4027561658;locationS37;RequestProject/Kant/Domain/Model.lean8;evidenceS15;MACHINE_CHECKED","RequestProject","O7;13;source_systemS5;lean411;source_fileS37;RequestProject/Kant/Domain/Model.lean13;source_formatS4;text11;imported_atI+0;14;transformed_atI+0;15;transformationsL0;13;parent_objectS0;","af897d8ecf1a44588b13cc71814d159b6be77cc37bac5c1edfa3b82bbd57b161"
"proof.Kant.Dom.Cert.ofVal_toVal","Kant.Dom.Cert.ofVal_toVal","lean4","VALID","RequestProject/Kant/Domain/Model.lean","264","L8;S17;obj.Kant.Dom.CertS23;obj.Kant.Dom.Cert.ofValS23;obj.Kant.Dom.Cert.toValS25;obj.Kant.Dom.Cert.casesOnS17;obj.Kant.Dom.EvidS22;obj.Kant.Dom.Evid.nameS24;obj.Kant.Dom.Evid.ofNameS29;obj.Kant.Dom.Evid.ofName_name","L0;","elaborated and checked by the Lean kernel","L1;S29;obj.Kant.Dom.Cert.ofVal_toVal","L1;S31;claim.Kant.Dom.Cert.ofVal_toVal","L8;S19;proof.Kant.Dom.CertS25;proof.Kant.Dom.Cert.ofValS25;proof.Kant.Dom.Cert.toValS27;proof.Kant.Dom.Cert.casesOnS19;proof.Kant.Dom.EvidS24;proof.Kant.Dom.Evid.nameS26;proof.Kant.Dom.Evid.ofNameS31;proof.Kant.Dom.Evid.ofName_name","O4;4;kindS12;lean4-kernel6;digestS64;1c00785e2538720e7286b3d72499868d772e68bebfdd8398adb2204fb06639ef8;locationS37;RequestProject/Kant/Domain/Model.lean8;evidenceS15;MACHINE_CHECKED","RequestProject","O7;13;source_systemS5;lean411;source_fileS37;RequestProject/Kant/Domain/Model.lean13;source_formatS4;text11;imported_atI+0;14;transformed_atI+264;15;transformationsL0;13;parent_objectS0;","c4abc878ce5140e4759061e2a6d95b47a9bae3ef2ffe022adc2fdcf9c402b10d"
"proof.Kant.Dom.Evid.machineChecked.sizeOf_spec","Kant.Dom.Evid.machineChecked.sizeOf_spec","lean4","VALID","RequestProject/Kant/Domain/Model.lean","0","L1;S17;obj.Kant.Dom.Evid","L0;","elaborated and checked by the Lean kernel","L1;S44;obj.Kant.Dom.Evid.machineChecked.sizeOf_spec","L1;S46;claim.Kant.Dom.Evid.machineChecked.sizeOf_spec","L1;S19;proof.Kant.Dom.Evid","O4;4;kindS12;lean4-kernel6;digestS64;b520a77ed0b5239ec9b35f01440d4ee1fad2f47cbd433558d80c5f991c3a731b8;locationS37;RequestProject/Kant/Domain/Model.lean8;evidenceS15;MACHINE_CHECKED","RequestProject","O7;13;source_systemS5;lean411;source_fileS37;RequestProject/Kant/Domain/Model.lean13;source_formatS4;text11;imported_atI+0;14;transformed_atI+0;15;transformationsL0;13;parent_objectS0;","3b826bacc5cebcc5557ea27073364362c18f6fe741e85dbf4ac8082fb8fa595c"
"proof.Kant.Dom.Claim.ofVal_toVal","Kant.Dom.Claim.ofVal_toVal","lean4","VALID","RequestProject/Kant/Domain/Model.lean","462","L12;S18;obj.Kant.Dom.ClaimS24;obj.Kant.Dom.Claim.ofValS24;obj.Kant.Dom.Claim.toValS26;obj.Kant.Dom.Claim.casesOnS15;obj.Kant.Dom.IdS18;obj.Kant.Dom.TruthS23;obj.Kant.Dom.Truth.nameS25;obj.Kant.Dom.Truth.ofNameS19;obj.Kant.Dom.getIdsS30;obj.Kant.Dom.Truth.ofName_nameS20;obj.Kant.Dom.idOfValS26;obj.Kant.Dom.listOf_idsVal","L0;","elaborated and checked by the Lean kernel","L1;S30;obj.Kant.Dom.Claim.ofVal_toVal","L1;S32;claim.Kant.Dom.Claim.ofVal_toVal","L12;S20;proof.Kant.Dom.ClaimS26;proof.Kant.Dom.Claim.ofValS26;proof.Kant.Dom.Claim.toValS28;proof.Kant.Dom.Claim.casesOnS17;proof.Kant.Dom.IdS20;proof.Kant.Dom.TruthS25;proof.Kant.Dom.Truth.nameS27;proof.Kant.Dom.Truth.ofNameS21;proof.Kant.Dom.getIdsS32;proof.Kant.Dom.Truth.ofName_nameS22;proof.Kant.Dom.idOfValS28;proof.Kant.Dom.listOf_idsVal","O4;4;kindS12;lean4-kernel6;digestS64;03131ace411248889c9cf08d91cfab1f7ad1c966954f38feb252f034f06a15fd8;locationS37;RequestProject/Kant/Domain/Model.lean8;evidenceS15;MACHINE_CHECKED","RequestProject","O7;13;source_systemS5;lean411;source_fileS37;RequestProject/Kant/Domain/Model.lean13;source_formatS4;text11;imported_atI+0;14;transformed_atI+462;15;transformationsL0;13;parent_objectS0;","d47ee62dd4ac04750f59f0da3433fc925521fc873bcf63effd7d581bde92ff8c"
"proof.Kant.Dom.idOfVal_str","Kant.Dom.idOfVal_str","lean4","VALID","RequestProject/Kant/Domain/Model.lean","226","L2;S15;obj.Kant.Dom.IdS20;obj.Kant.Dom.idOfVal","L0;","elaborated and checked by the Lean kernel","L1;S24;obj.Kant.Dom.idOfVal_str","L1;S26;claim.Kant.Dom.idOfVal_str","L2;S17;proof.Kant.Dom.IdS22;proof.Kant.Dom.idOfVal","O4;4;kindS12;lean4-kernel6;digestS64;7ac51cc39fb2e6ba7fb7e4535632392175de820d45aa075c89a2f7e2ae691a4b8;locationS37;RequestProject/Kant/Domain/Model.lean8;evidenceS15;MACHINE_CHECKED","RequestProject","O7;13;source_systemS5;lean411;source_fileS37;RequestProject/Kant/Domain/Model.lean13;source_formatS4;text11;imported_atI+0;14;transformed_atI+226;15;transformationsL0;13;parent_objectS0;","272decc640d6d218cc835fc8551c599bdb64f4daa8fb475e0dd0154f339c1e61"
"proof.Kant.Dom.Rel.provenBy.sizeOf_spec","Kant.Dom.Rel.provenBy.sizeOf_spec","lean4","VALID","RequestProject/Kant/Domain/Model.lean","0","L1;S16;obj.Kant.Dom.Rel","L0;","elaborated and checked by the Lean kernel","L1;S37;obj.Kant.Dom.Rel.provenBy.sizeOf_spec","L1;S39;claim.Kant.Dom.Rel.provenBy.sizeOf_spec","L1;S18;proof.Kant.Dom.Rel","O4;4;kindS12;lean4-kernel6;digestS64;4eb332752d6d5911bdb465886517c98ee7f3628f549a6b4bc819a3020fada8c88;locationS37;RequestProject/Kant/Domain/Model.lean8;evidenceS15;MACHINE_CHECKED","RequestProject","O7;13;source_systemS5;lean411;source_fileS37;RequestProject/Kant/Domain/Model.lean13;source_formatS4;text11;imported_atI+0;14;transformed_atI+0;15;transformationsL0;13;parent_objectS0;","0ae4310f66f789e8f6bba3ff2ce2456bdf69af2c1724286ea2311ba3120611f1"
"proof.Kant.Dom.Evidence.mk.sizeOf_spec","Kant.Dom.Evidence.mk.sizeOf_spec","lean4","VALID","RequestProject/Kant/Domain/Model.lean","0","L2;S15;obj.Kant.Dom.IdS21;obj.Kant.Dom.Evidence","L0;","elaborated and checked by the Lean kernel","L1;S36;obj.Kant.Dom.Evidence.mk.sizeOf_spec","L1;S38;claim.Kant.Dom.Evidence.mk.sizeOf_spec","L2;S17;proof.Kant.Dom.IdS23;proof.Kant.Dom.Evidence","O4;4;kindS12;lean4-kernel6;digestS64;4d29d741947824b8981c418494640757249e768b389ef42e71d0543b17e30e858;locationS37;RequestProject/Kant/Domain/Model.lean8;evidenceS15;MACHINE_CHECKED","RequestProject","O7;13;source_systemS5;lean411;source_fileS37;RequestProject/Kant/Domain/Model.lean13;source_formatS4;text11;imported_atI+0;14;transformed_atI+0;15;transformationsL0;13;parent_objectS0;","375cd6bd28d8d21329ae2c8f9df9f5b0e340a54ed571eb9978b64dc051ea1836"
"proof.Kant.Dom.Truth.ofName_name","Kant.Dom.Truth.ofName_name","lean4","VALID","RequestProject/Kant/Domain/Model.lean","102","L5;S18;obj.Kant.Dom.TruthS25;obj.Kant.Dom.Truth.ofNameS23;obj.Kant.Dom.Truth.nameS26;obj.Kant.Dom.Truth.casesOnS33;obj.Kant.Dom.instDecidableEqTruth","L0;","elaborated and checked by the Lean kernel","L1;S30;obj.Kant.Dom.Truth.ofName_name","L1;S32;claim.Kant.Dom.Truth.ofName_name","L5;S20;proof.Kant.Dom.TruthS27;proof.Kant.Dom.Truth.ofNameS25;proof.Kant.Dom.Truth.nameS28;proof.Kant.Dom.Truth.casesOnS35;proof.Kant.Dom.instDecidableEqTruth","O4;4;kindS12;lean4-kernel6;digestS64;4677bae60aeb906c2423ef2ad54c779b6ab18d46f2733c622502737d71eb3c098;locationS37;RequestProject/Kant/Domain/Model.lean8;evidenceS15;MACHINE_CHECKED","RequestProject","O7;13;source_systemS5;lean411;source_fileS37;RequestProject/Kant/Domain/Model.lean13;source_formatS4;text11;imported_atI+0;14;transformed_atI+102;15;transformationsL0;13;parent_objectS0;","3c55859f4e913628d78a78491137b22b60356e20c520e9ae441bed323faba731"
"proof.Kant.Dom.Rel.constrains.sizeOf_spec","Kant.Dom.Rel.constrains.sizeOf_spec","lean4","VALID","RequestProject/Kant/Domain/Model.lean","0","L1;S16;obj.Kant.Dom.Rel","L0;","elaborated and checked by the Lean kernel","L1;S39;obj.Kant.Dom.Rel.constrains.sizeOf_spec","L1;S41;claim.Kant.Dom.Rel.constrains.sizeOf_spec","L1;S18;proof.Kant.Dom.Rel","O4;4;kindS12;lean4-kernel6;digestS64;90b069fabfc473d03540720b2927e5333b030d8a87eb885670f4cb86adf220398;locationS37;RequestProject/Kant/Domain/Model.lean8;evidenceS15;MACHINE_CHECKED","RequestProject","O7;13;source_systemS5;lean411;source_fileS37;RequestProject/Kant/Domain/Model.lean13;source_formatS4;text11;imported_atI+0;14;transformed_atI+0;15;transformationsL0;13;parent_objectS0;","6bab79a6e27dbfa60e0824d2ee46b10909b77b8da0468160c9b162c147dc0743"
"proof.Kant.Dom.Domain.hash_eq_of_eq","Kant.Dom.Domain.hash_eq_of_eq","lean4","VALID","RequestProject/Kant/Domain/Model.lean","666","L2;S19;obj.Kant.Dom.DomainS24;obj.Kant.Dom.Domain.hash","L0;","elaborated and checked by the Lean kernel","L1;S33;obj.Kant.Dom.Domain.hash_eq_of_eq","L1;S35;claim.Kant.Dom.Domain.hash_eq_of_eq","L2;S21;proof.Kant.Dom.DomainS26;proof.Kant.Dom.Domain.hash","O4;4;kindS12;lean4-kernel6;digestS64;0ea856fba3a1f154ec54c31b932d5c7f8e1da620f66f386eebfb58853954b5318;locationS37;RequestProject/Kant/Domain/Model.lean8;evidenceS15;MACHINE_CHECKED","RequestProject","O7;13;source_systemS5;lean411;source_fileS37;RequestProject/Kant/Domain/Model.lean13;source_formatS4;text11;imported_atI+0;14;transformed_atI+666;15;transformationsL0;13;parent_objectS0;","368c1cccc0c82fa55ad5b92c442c792296e7fd19e4c0795f744bd277bfe079dc"
"proof.Kant.Dom.Evid.reproduced.sizeOf_spec","Kant.Dom.Evid.reproduced.sizeOf_spec","lean4","VALID","RequestProject/Kant/Domain/Model.lean","0","L1;S17;obj.Kant.Dom.Evid","L0;","elaborated and checked by the Lean kernel","L1;S40;obj.Kant.Dom.Evid.reproduced.sizeOf_spec","L1;S42;claim.Kant.Dom.Evid.reproduced.sizeOf_spec","L1;S19;proof.Kant.Dom.Evid","O4;4;kindS12;lean4-kernel6;digestS64;50b08b988e493ad71d106885aa823014c49b97d89a37389dfb738eadbf44db5a8;locationS37;RequestProject/Kant/Domain/Model.lean8;evidenceS15;MACHINE_CHECKED","RequestProject","O7;13;source_systemS5;lean411;source_fileS37;RequestProject/Kant/Domain/Model.lean13;source_formatS4;text11;imported_atI+0;14;transformed_atI+0;15;transformationsL0;13;parent_objectS0;","5e009316fc32d98d1dc4259331c6572af7c00af7aba744c7a04d711a00523ce4"
"proof.Kant.Dom.listOf_idsVal","Kant.Dom.listOf_idsVal","lean4","VALID","RequestProject/Kant/Domain/Model.lean","232","L3;S15;obj.Kant.Dom.IdS20;obj.Kant.Dom.idOfValS24;obj.Kant.Dom.idOfVal_str","L0;","elaborated and checked by the Lean kernel","L1;S26;obj.Kant.Dom.listOf_idsVal","L1;S28;claim.Kant.Dom.listOf_idsVal","L3;S17;proof.Kant.Dom.IdS22;proof.Kant.Dom.idOfValS26;proof.Kant.Dom.idOfVal_str","O4;4;kindS12;lean4-kernel6;digestS64;4e38b0ac32bcf97c75c5d385a25a68034517789e1cbb5b9243f9bce485985ca18;locationS37;RequestProject/Kant/Domain/Model.lean8;evidenceS15;MACHINE_CHECKED","RequestProject","O7;13;source_systemS5;lean411;source_fileS37;RequestProject/Kant/Domain/Model.lean13;source_formatS4;text11;imported_atI+0;14;transformed_atI+232;15;transformationsL0;13;parent_objectS0;","f831177293821baf82252820e085b0cc5bc424b96e84f2b50d5da14ea8333ad2"
"proof.Kant.Dom.PStatus.ofName_name","Kant.Dom.PStatus.ofName_name","lean4","VALID","RequestProject/Kant/Domain/Model.lean","130","L5;S20;obj.Kant.Dom.PStatusS27;obj.Kant.Dom.PStatus.ofNameS25;obj.Kant.Dom.PStatus.nameS28;obj.Kant.Dom.PStatus.casesOnS35;obj.Kant.Dom.instDecidableEqPStatus","L0;","elaborated and checked by the Lean kernel","L1;S32;obj.Kant.Dom.PStatus.ofName_name","L1;S34;claim.Kant.Dom.PStatus.ofName_name","L5;S22;proof.Kant.Dom.PStatusS29;proof.Kant.Dom.PStatus.ofNameS27;proof.Kant.Dom.PStatus.nameS30;proof.Kant.Dom.PStatus.casesOnS37;proof.Kant.Dom.instDecidableEqPStatus","O4;4;kindS12;lean4-kernel6;digestS64;150eb0bbb8c0da7572a00867476e4436191faafd1c8252dff47c925492a5ca588;locationS37;RequestProject/Kant/Domain/Model.lean8;evidenceS15;MACHINE_CHECKED","RequestProject","O7;13;source_systemS5;lean411;source_fileS37;RequestProject/Kant/Domain/Model.lean13;source_formatS4;text11;imported_atI+0;14;transformed_atI+130;15;transformationsL0;13;parent_objectS0;","eb755e0d41d6888b1d4d5f916dea59684ed154cfd8419491d81fe509118f90ee"
"proof.Kant.Dom.ProofRec.mk.injEq","Kant.Dom.ProofRec.mk.injEq","lean4","VALID","RequestProject/Kant/Domain/Model.lean","0","L5;S15;obj.Kant.Dom.IdS20;obj.Kant.Dom.PStatusS17;obj.Kant.Dom.CertS21;obj.Kant.Dom.ProofRecS36;obj.Kant.Dom.ProofRec.mk.noConfusion","L0;","elaborated and checked by the Lean kernel","L1;S30;obj.Kant.Dom.ProofRec.mk.injEq","L1;S32;claim.Kant.Dom.ProofRec.mk.injEq","L5;S17;proof.Kant.Dom.IdS22;proof.Kant.Dom.PStatusS19;proof.Kant.Dom.CertS23;proof.Kant.Dom.ProofRecS38;proof.Kant.Dom.ProofRec.mk.noConfusion","O4;4;kindS12;lean4-kernel6;digestS64;e6b21b7780b27ccc34900dba053411d37dbe4a67e809be9a571defa2e1f7bf298;locationS37;RequestProject/Kant/Domain/Model.lean8;evidenceS15;MACHINE_CHECKED","RequestProject","O7;13;source_systemS5;lean411;source_fileS37;RequestProject/Kant/Domain/Model.lean13;source_formatS4;text11;imported_atI+0;14;transformed_atI+0;15;transformationsL0;13;parent_objectS0;","a119fb10901890cd9804e66a916210aa001fdd83647872073d346158721747e4"
"proof.Kant.Dom.Cert.toVal.eq_1","Kant.Dom.Cert.toVal.eq_1","lean4","VALID","RequestProject/Kant/Domain/Model.lean","0","L7;S17;obj.Kant.Dom.CertS23;obj.Kant.Dom.Cert.toValS22;obj.Kant.Dom.Cert.kindS24;obj.Kant.Dom.Cert.digestS26;obj.Kant.Dom.Cert.locationS22;obj.Kant.Dom.Evid.nameS26;obj.Kant.Dom.Cert.evidence","L0;","elaborated and checked by the Lean kernel","L1;S28;obj.Kant.Dom.Cert.toVal.eq_1","L1;S30;claim.Kant.Dom.Cert.toVal.eq_1","L7;S19;proof.Kant.Dom.CertS25;proof.Kant.Dom.Cert.toValS24;proof.Kant.Dom.Cert.kindS26;proof.Kant.Dom.Cert.digestS28;proof.Kant.Dom.Cert.locationS24;proof.Kant.Dom.Evid.nameS28;proof.Kant.Dom.Cert.evidence","O4;4;kindS12;lean4-kernel6;digestS64;afa384a2339fba13bb2a07fa222b0a2c6f884f4ad0e62b0935913d8be1e16e5a8;locationS37;RequestProject/Kant/Domain/Model.lean8;evidenceS15;MACHINE_CHECKED","RequestProject","O7;13;source_systemS5;lean411;source_fileS37;RequestProject/Kant/Domain/Model.lean13;source_formatS4;text11;imported_atI+0;14;transformed_atI+0;15;transformationsL0;13;parent_objectS0;","9bc918672789b0f029d919cacfd68333a4f1b6bb776c89b6b92323f53606f379"
"proof.Kant.Dom.ProofRec.ofVal.eq_2","Kant.Dom.ProofRec.ofVal.eq_2","lean4","VALID","RequestProject/Kant/Domain/Model.lean","0","L9;S21;obj.Kant.Dom.ProofRecS27;obj.Kant.Dom.ProofRec.ofValS31;obj.Kant.Dom.Cert.ofVal.match_1S15;obj.Kant.Dom.IdS19;obj.Kant.Dom.getIdsS20;obj.Kant.Dom.PStatusS27;obj.Kant.Dom.PStatus.ofNameS17;obj.Kant.Dom.CertS23;obj.Kant.Dom.Cert.ofVal","L0;","elaborated and checked by the Lean kernel","L1;S32;obj.Kant.Dom.ProofRec.ofVal.eq_2","L1;S34;claim.Kant.Dom.ProofRec.ofVal.eq_2","L9;S23;proof.Kant.Dom.ProofRecS29;proof.Kant.Dom.ProofRec.ofValS33;proof.Kant.Dom.Cert.ofVal.match_1S17;proof.Kant.Dom.IdS21;proof.Kant.Dom.getIdsS22;proof.Kant.Dom.PStatusS29;proof.Kant.Dom.PStatus.ofNameS19;proof.Kant.Dom.CertS25;proof.Kant.Dom.Cert.ofVal","O4;4;kindS12;lean4-kernel6;digestS64;4c890d0387a60bc06502d5a6fc9a41232203fd752176a696fdb558ab24635cb98;locationS37;RequestProject/Kant/Domain/Model.lean8;evidenceS15;MACHINE_CHECKED","RequestProject","O7;13;source_systemS5;lean411;source_fileS37;RequestProject/Kant/Domain/Model.lean13;source_formatS4;text11;imported_atI+0;14;transformed_atI+0;15;transformationsL0;13;parent_objectS0;","eb2460814e296d2aa0fa17c0710edc4d578d8a406d99fc6423d8928b67b81587"
"proof.Kant.Dom.Claim.mk.inj","Kant.Dom.Claim.mk.inj","lean4","VALID","RequestProject/Kant/Domain/Model.lean","0","L4;S15;obj.Kant.Dom.IdS18;obj.Kant.Dom.TruthS18;obj.Kant.Dom.ClaimS33;obj.Kant.Dom.Claim.mk.noConfusion","L0;","elaborated and checked by the Lean kernel","L1;S25;obj.Kant.Dom.Claim.mk.inj","L1;S27;claim.Kant.Dom.Claim.mk.inj","L4;S17;proof.Kant.Dom.IdS20;proof.Kant.Dom.TruthS20;proof.Kant.Dom.ClaimS35;proof.Kant.Dom.Claim.mk.noConfusion","O4;4;kindS12;lean4-kernel6;digestS64;068e6c17bbdb597b39df999e616ba53803a26d1ec23aef4da6548499bc1922d28;locationS37;RequestProject/Kant/Domain/Model.lean8;evidenceS15;MACHINE_CHECKED","RequestProject","O7;13;source_systemS5;lean411;source_fileS37;RequestProject/Kant/Domain/Model.lean13;source_formatS4;text11;imported_atI+0;14;transformed_atI+0;15;transformationsL0;13;parent_objectS0;","9481b4bdbc246cf9f9ca2381356c4a9611d544757a893c732701f2f8a48c9790"
"proof.Kant.Dom.DomObj.ofVal.eq_2","Kant.Dom.DomObj.ofVal.eq_2","lean4","VALID","RequestProject/Kant/Domain/Model.lean","0","L7;S19;obj.Kant.Dom.DomObjS25;obj.Kant.Dom.DomObj.ofValS31;obj.Kant.Dom.Cert.ofVal.match_1S15;obj.Kant.Dom.IdS19;obj.Kant.Dom.getIdsS18;obj.Kant.Dom.TruthS25;obj.Kant.Dom.Truth.ofName","L0;","elaborated and checked by the Lean kernel","L1;S30;obj.Kant.Dom.DomObj.ofVal.eq_2","L1;S32;claim.Kant.Dom.DomObj.ofVal.eq_2","L7;S21;proof.Kant.Dom.DomObjS27;proof.Kant.Dom.DomObj.ofValS33;proof.Kant.Dom.Cert.ofVal.match_1S17;proof.Kant.Dom.IdS21;proof.Kant.Dom.getIdsS20;proof.Kant.Dom.TruthS27;proof.Kant.Dom.Truth.ofName","O4;4;kindS12;lean4-kernel6;digestS64;1b7803f1eb584419d770967089075456cba1c945f6ef28e366b2942945980d608;locationS37;RequestProject/Kant/Domain/Model.lean8;evidenceS15;MACHINE_CHECKED","RequestProject","O7;13;source_systemS5;lean411;source_fileS37;RequestProject/Kant/Domain/Model.lean13;source_formatS4;text11;imported_atI+0;14;transformed_atI+0;15;transformationsL0;13;parent_objectS0;","9d9795b4d89094d9f022f7ca3e52edd621d0ab3bda41ec13c0cb3f1baaafe090"
"proof.Kant.Dom.Evidence.ofVal.eq_2","Kant.Dom.Evidence.ofVal.eq_2","lean4","VALID","RequestProject/Kant/Domain/Model.lean","0","L3;S21;obj.Kant.Dom.EvidenceS27;obj.Kant.Dom.Evidence.ofValS31;obj.Kant.Dom.Cert.ofVal.match_1","L0;","elaborated and checked by the Lean kernel","L1;S32;obj.Kant.Dom.Evidence.ofVal.eq_2","L1;S34;claim.Kant.Dom.Evidence.ofVal.eq_2","L3;S23;proof.Kant.Dom.EvidenceS29;proof.Kant.Dom.Evidence.ofValS33;proof.Kant.Dom.Cert.ofVal.match_1","O4;4;kindS12;lean4-kernel6;digestS64;e8c082fc0fd45e69e6a71b3ed3c8b8e6e1ba14c0f325cf332c436d125433f3308;locationS37;RequestProject/Kant/Domain/Model.lean8;evidenceS15;MACHINE_CHECKED","RequestProject","O7;13;source_systemS5;lean411;source_fileS37;RequestProject/Kant/Domain/Model.lean13;source_formatS4;text11;imported_atI+0;14;transformed_atI+0;15;transformationsL0;13;parent_objectS0;","eb38cb203ed969a68c3e8b94419c44a9e5473986011ac56075ff3ed91e795863"
"proof.Kant.Dom.Domain.ofVal.eq_2","Kant.Dom.Domain.ofVal.eq_2","lean4","VALID","RequestProject/Kant/Domain/Model.lean","0","L15;S19;obj.Kant.Dom.DomainS25;obj.Kant.Dom.Domain.ofValS31;obj.Kant.Dom.Cert.ofVal.match_1S19;obj.Kant.Dom.DomObjS25;obj.Kant.Dom.DomObj.ofValS21;obj.Kant.Dom.RelationS27;obj.Kant.Dom.Relation.ofValS21;obj.Kant.Dom.ProofRecS27;obj.Kant.Dom.ProofRec.ofValS18;obj.Kant.Dom.ClaimS24;obj.Kant.Dom.Claim.ofValS21;obj.Kant.Dom.EvidenceS27;obj.Kant.Dom.Evidence.ofValS19;obj.Kant.Dom.SchemaS25;obj.Kant.Dom.Schema.ofVal","L0;","elaborated and checked by the Lean kernel","L1;S30;obj.Kant.Dom.Domain.ofVal.eq_2","L1;S32;claim.Kant.Dom.Domain.ofVal.eq_2","L15;S21;proof.Kant.Dom.DomainS27;proof.Kant.Dom.Domain.ofValS33;proof.Kant.Dom.Cert.ofVal.match_1S21;proof.Kant.Dom.DomObjS27;proof.Kant.Dom.DomObj.ofValS23;proof.Kant.Dom.RelationS29;proof.Kant.Dom.Relation.ofValS23;proof.Kant.Dom.ProofRecS29;proof.Kant.Dom.ProofRec.ofValS20;proof.Kant.Dom.ClaimS26;proof.Kant.Dom.Claim.ofValS23;proof.Kant.Dom.EvidenceS29;proof.Kant.Dom.Evidence.ofValS21;proof.Kant.Dom.SchemaS27;proof.Kant.Dom.Schema.ofVal","O4;4;kindS12;lean4-kernel6;digestS64;7b1fa2c7e58945e6206fa392225ad009723302813fcf9fb09893197b4c711f938;locationS37;RequestProject/Kant/Domain/Model.lean8;evidenceS15;MACHINE_CHECKED","RequestProject","O7;13;source_systemS5;lean411;source_fileS37;RequestProject/Kant/Domain/Model.lean13;source_formatS4;text11;imported_atI+0;14;transformed_atI+0;15;transformationsL0;13;parent_objectS0;","e2b0bbf6a53e5c183087d9d026f4575baefd97b35eec649e731048268ad5d561"
"proof.Kant.Dom.Claim.mk.injEq","Kant.Dom.Claim.mk.injEq","lean4","VALID","RequestProject/Kant/Domain/Model.lean","0","L4;S15;obj.Kant.Dom.IdS18;obj.Kant.Dom.TruthS18;obj.Kant.Dom.ClaimS33;obj.Kant.Dom.Claim.mk.noConfusion","L0;","elaborated and checked by the Lean kernel","L1;S27;obj.Kant.Dom.Claim.mk.injEq","L1;S29;claim.Kant.Dom.Claim.mk.injEq","L4;S17;proof.Kant.Dom.IdS20;proof.Kant.Dom.TruthS20;proof.Kant.Dom.ClaimS35;proof.Kant.Dom.Claim.mk.noConfusion","O4;4;kindS12;lean4-kernel6;digestS64;4a0dc42daac9ba7f9ae03adaba6f7fb8407f77a07e6fca35e6760935e0354b468;locationS37;RequestProject/Kant/Domain/Model.lean8;evidenceS15;MACHINE_CHECKED","RequestProject","O7;13;source_systemS5;lean411;source_fileS37;RequestProject/Kant/Domain/Model.lean13;source_formatS4;text11;imported_atI+0;14;transformed_atI+0;15;transformationsL0;13;parent_objectS0;","309e01e931523e4791d345cb8f113324f91ed7cff5c55d0df138458a3b64706a"
"proof.Kant.Dom.Evid.none.sizeOf_spec","Kant.Dom.Evid.none.sizeOf_spec","lean4","VALID","RequestProject/Kant/Domain/Model.lean","0","L1;S17;obj.Kant.Dom.Evid","L0;","elaborated and checked by the Lean kernel","L1;S34;obj.Kant.Dom.Evid.none.sizeOf_spec","L1;S36;claim.Kant.Dom.Evid.none.sizeOf_spec","L1;S19;proof.Kant.Dom.Evid","O4;4;kindS12;lean4-kernel6;digestS64;166205ea25cc1ea3586e103d9ad7cf80232835102ff28c691439ab7979e4a4c68;locationS37;RequestProject/Kant/Domain/Model.lean8;evidenceS15;MACHINE_CHECKED","RequestProject","O7;13;source_systemS5;lean411;source_fileS37;RequestProject/Kant/Domain/Model.lean13;source_formatS4;text11;imported_atI+0;14;transformed_atI+0;15;transformationsL0;13;parent_objectS0;","e597e7495a38bcda45e423445b04efdd14829ad5ee91ed54b6a41fddc683a2d7"
"proof.Kant.Dom.PStatus.conflict.sizeOf_spec","Kant.Dom.PStatus.conflict.sizeOf_spec","lean4","VALID","RequestProject/Kant/Domain/Model.lean","0","L1;S20;obj.Kant.Dom.PStatus","L0;","elaborated and checked by the Lean kernel","L1;S41;obj.Kant.Dom.PStatus.conflict.sizeOf_spec","L1;S43;claim.Kant.Dom.PStatus.conflict.sizeOf_spec","L1;S22;proof.Kant.Dom.PStatus","O4;4;kindS12;lean4-kernel6;digestS64;4e0c36ec612a6d5a248c4679fc7fe1fd4777e862dd743894f051e9f75212c3378;locationS37;RequestProject/Kant/Domain/Model.lean8;evidenceS15;MACHINE_CHECKED","RequestProject","O7;13;source_systemS5;lean411;source_fileS37;RequestProject/Kant/Domain/Model.lean13;source_formatS4;text11;imported_atI+0;14;transformed_atI+0;15;transformationsL0;13;parent_objectS0;","0ec3f42437c41c7d79fba4f700b7607acda7686ff18ae837ff7bd1bb0db492b4"
"proof.Kant.Dom.ProofRec.mk.sizeOf_spec","Kant.Dom.ProofRec.mk.sizeOf_spec","lean4","VALID","RequestProject/Kant/Domain/Model.lean","0","L4;S15;obj.Kant.Dom.IdS20;obj.Kant.Dom.PStatusS17;obj.Kant.Dom.CertS21;obj.Kant.Dom.ProofRec","L0;","elaborated and checked by the Lean kernel","L1;S36;obj.Kant.Dom.ProofRec.mk.sizeOf_spec","L1;S38;claim.Kant.Dom.ProofRec.mk.sizeOf_spec","L4;S17;proof.Kant.Dom.IdS22;proof.Kant.Dom.PStatusS19;proof.Kant.Dom.CertS23;proof.Kant.Dom.ProofRec","O4;4;kindS12;lean4-kernel6;digestS64;5e78423fd555947a7fb7eaf4df7d09c9c1d71f046d561accf03eb05870185e538;locationS37;RequestProject/Kant/Domain/Model.lean8;evidenceS15;MACHINE_CHECKED","RequestProject","O7;13;source_systemS5;lean411;source_fileS37;RequestProject/Kant/Domain/Model.lean13;source_formatS4;text11;imported_atI+0;14;transformed_atI+0;15;transformationsL0;13;parent_objectS0;","e232a3188f31ecaff472390def81314c45251869111c4535670deb1fcdce2652"
"proof.Kant.Dom.DomObj.hash_length","Kant.Dom.DomObj.hash_length","lean4","VALID","RequestProject/Kant/Domain/Model.lean","673","L3;S19;obj.Kant.Dom.DomObjS24;obj.Kant.Dom.DomObj.hashS25;obj.Kant.Dom.DomObj.toVal","L0;","elaborated and checked by the Lean kernel","L1;S31;obj.Kant.Dom.DomObj.hash_length","L1;S33;claim.Kant.Dom.DomObj.hash_length","L3;S21;proof.Kant.Dom.DomObjS26;proof.Kant.Dom.DomObj.hashS27;proof.Kant.Dom.DomObj.toVal","O4;4;kindS12;lean4-kernel6;digestS64;2e5779ab771e2a4d74eae613fd5a4b5e63b0b1aaa9482cb769c49331d5ea64508;locationS37;RequestProject/Kant/Domain/Model.lean8;evidenceS15;MACHINE_CHECKED","RequestProject","O7;13;source_systemS5;lean411;source_fileS37;RequestProject/Kant/Domain/Model.lean13;source_formatS4;text11;imported_atI+0;14;transformed_atI+673;15;transformationsL0;13;parent_objectS0;","6772075a1e1927771f2e7a89d7492df4bd1ffdfdc1c874bd01134aa712b5c1ba"
"proof.Kant.Dom.Truth.ofNat_ctorIdx","Kant.Dom.Truth.ofNat_ctorIdx","lean4","VALID","RequestProject/Kant/Domain/Model.lean","0","L4;S18;obj.Kant.Dom.TruthS24;obj.Kant.Dom.Truth.ofNatS26;obj.Kant.Dom.Truth.ctorIdxS26;obj.Kant.Dom.Truth.casesOn","L0;","elaborated and checked by the Lean kernel","L1;S32;obj.Kant.Dom.Truth.ofNat_ctorIdx","L1;S34;claim.Kant.Dom.Truth.ofNat_ctorIdx","L4;S20;proof.Kant.Dom.TruthS26;proof.Kant.Dom.Truth.ofNatS28;proof.Kant.Dom.Truth.ctorIdxS28;proof.Kant.Dom.Truth.casesOn","O4;4;kindS12;lean4-kernel6;digestS64;ae064499c191be593e12205e51661b121f9c5a126508a4ebd9dad469a9e8bdfc8;locationS37;RequestProject/Kant/Domain/Model.lean8;evidenceS15;MACHINE_CHECKED","RequestProject","O7;13;source_systemS5;lean411;source_fileS37;RequestProject/Kant/Domain/Model.lean13;source_formatS4;text11;imported_atI+0;14;transformed_atI+0;15;transformationsL0;13;parent_objectS0;","543834f1cd4253edc2066baff3218eaacca0ced66e1119a73c19c8b6dd1a2d64"
"proof.Kant.Dom.Truth.derived.sizeOf_spec","Kant.Dom.Truth.derived.sizeOf_spec","lean4","VALID","RequestProject/Kant/Domain/Model.lean","0","L1;S18;obj.Kant.Dom.Truth","L0;","elaborated and checked by the Lean kernel","L1;S38;obj.Kant.Dom.Truth.derived.sizeOf_spec","L1;S40;claim.Kant.Dom.Truth.derived.sizeOf_spec","L1;S20;proof.Kant.Dom.Truth","O4;4;kindS12;lean4-kernel6;digestS64;6a8ff000566ab0b81dbfba947a0d1d8b7c93602ae8009b1e1a8bd2e492d8b3718;locationS37;RequestProject/Kant/Domain/Model.lean8;evidenceS15;MACHINE_CHECKED","RequestProject","O7;13;source_systemS5;lean411;source_fileS37;RequestProject/Kant/Domain/Model.lean13;source_formatS4;text11;imported_atI+0;14;transformed_atI+0;15;transformationsL0;13;parent_objectS0;","a92fc72c72a30d3a7ca80659b9344e9d7938d854791bc9f4aee2f8706914d5d7"
"proof.Kant.Dom.Relation.mk.sizeOf_spec","Kant.Dom.Relation.mk.sizeOf_spec","lean4","VALID","RequestProject/Kant/Domain/Model.lean","0","L3;S15;obj.Kant.Dom.IdS16;obj.Kant.Dom.RelS21;obj.Kant.Dom.Relation","L0;","elaborated and checked by the Lean kernel","L1;S36;obj.Kant.Dom.Relation.mk.sizeOf_spec","L1;S38;claim.Kant.Dom.Relation.mk.sizeOf_spec","L3;S17;proof.Kant.Dom.IdS18;proof.Kant.Dom.RelS23;proof.Kant.Dom.Relation","O4;4;kindS12;lean4-kernel6;digestS64;eb93dfb162405ffaec822831731476019e2a1b535f8f096c3e4af245079b41eb8;locationS37;RequestProject/Kant/Domain/Model.lean8;evidenceS15;MACHINE_CHECKED","RequestProject","O7;13;source_systemS5;lean411;source_fileS37;RequestProject/Kant/Domain/Model.lean13;source_formatS4;text11;imported_atI+0;14;transformed_atI+0;15;transformationsL0;13;parent_objectS0;","f0a2b8d5dbb22938043e35aff62c355b5989d64369c3c03e07e5a05d59974861"
"proof.Kant.Dom.Evidence.ofVal.eq_1","Kant.Dom.Evidence.ofVal.eq_1","lean4","VALID","RequestProject/Kant/Domain/Model.lean","0","L2;S21;obj.Kant.Dom.EvidenceS27;obj.Kant.Dom.Evidence.ofVal","L0;","elaborated and checked by the Lean kernel","L1;S32;obj.Kant.Dom.Evidence.ofVal.eq_1","L1;S34;claim.Kant.Dom.Evidence.ofVal.eq_1","L2;S23;proof.Kant.Dom.EvidenceS29;proof.Kant.Dom.Evidence.ofVal","O4;4;kindS12;lean4-kernel6;digestS64;9b917e060fcf8e26d91201ba525c4589798e5678d968c95cf1220da34d8287378;locationS37;RequestProject/Kant/Domain/Model.lean8;evidenceS15;MACHINE_CHECKED","RequestProject","O7;13;source_systemS5;lean411;source_fileS37;RequestProject/Kant/Domain/Model.lean13;source_formatS4;text11;imported_atI+0;14;transformed_atI+0;15;transformationsL0;13;parent_objectS0;","ec3cbb16927300e8f96861d4d885c8abc883a7011b8d176e3b9a5f8ae69f7031"
"proof.Kant.Dom.DomObj.mk.injEq","Kant.Dom.DomObj.mk.injEq","lean4","VALID","RequestProject/Kant/Domain/Model.lean","0","L4;S15;obj.Kant.Dom.IdS18;obj.Kant.Dom.TruthS19;obj.Kant.Dom.DomObjS34;obj.Kant.Dom.DomObj.mk.noConfusion","L0;","elaborated and checked by the Lean kernel","L1;S28;obj.Kant.Dom.DomObj.mk.injEq","L1;S30;claim.Kant.Dom.DomObj.mk.injEq","L4;S17;proof.Kant.Dom.IdS20;proof.Kant.Dom.TruthS21;proof.Kant.Dom.DomObjS36;proof.Kant.Dom.DomObj.mk.noConfusion","O4;4;kindS12;lean4-kernel6;digestS64;6a567b0d1f135a22e0ce13399e4d85b115e60f51e171f874fd67cad213beef9b8;locationS37;RequestProject/Kant/Domain/Model.lean8;evidenceS15;MACHINE_CHECKED","RequestProject","O7;13;source_systemS5;lean411;source_fileS37;RequestProject/Kant/Domain/Model.lean13;source_formatS4;text11;imported_atI+0;14;transformed_atI+0;15;transformationsL0;13;parent_objectS0;","8b855a86fefb242adfa9de9d60f4002dfd6bcdaf122504a4c5690b850e2c8e27"
"proof.Kant.Dom.Rel.references.sizeOf_spec","Kant.Dom.Rel.references.sizeOf_spec","lean4","VALID","RequestProject/Kant/Domain/Model.lean","0","L1;S16;obj.Kant.Dom.Rel","L0;","elaborated and checked by the Lean kernel","L1;S39;obj.Kant.Dom.Rel.references.sizeOf_spec","L1;S41;claim.Kant.Dom.Rel.references.sizeOf_spec","L1;S18;proof.Kant.Dom.Rel","O4;4;kindS12;lean4-kernel6;digestS64;b6305d9e367094ae51bbf2b8404c8391c98ff69acf21d3e88a1a7d95f2eb5d4b8;locationS37;RequestProject/Kant/Domain/Model.lean8;evidenceS15;MACHINE_CHECKED","RequestProject","O7;13;source_systemS5;lean411;source_fileS37;RequestProject/Kant/Domain/Model.lean13;source_formatS4;text11;imported_atI+0;14;transformed_atI+0;15;transformationsL0;13;parent_objectS0;","b9d7480357102115e3614b69b59229921d1434e187e30a8f435c14ad1e53d78c"
"proof.Kant.Dom.Relation.toVal.eq_1","Kant.Dom.Relation.toVal.eq_1","lean4","VALID","RequestProject/Kant/Domain/Model.lean","0","L6;S21;obj.Kant.Dom.RelationS27;obj.Kant.Dom.Relation.toValS28;obj.Kant.Dom.Relation.sourceS21;obj.Kant.Dom.Rel.nameS26;obj.Kant.Dom.Relation.kindS28;obj.Kant.Dom.Relation.target","L0;","elaborated and checked by the Lean kernel","L1;S32;obj.Kant.Dom.Relation.toVal.eq_1","L1;S34;claim.Kant.Dom.Relation.toVal.eq_1","L6;S23;proof.Kant.Dom.RelationS29;proof.Kant.Dom.Relation.toValS30;proof.Kant.Dom.Relation.sourceS23;proof.Kant.Dom.Rel.nameS28;proof.Kant.Dom.Relation.kindS30;proof.Kant.Dom.Relation.target","O4;4;kindS12;lean4-kernel6;digestS64;0e3e5439d1e8cbf9da27acf18484dc9adce866562066f65bd75029768a0e7ac48;locationS37;RequestProject/Kant/Domain/Model.lean8;evidenceS15;MACHINE_CHECKED","RequestProject","O7;13;source_systemS5;lean411;source_fileS37;RequestProject/Kant/Domain/Model.lean13;source_formatS4;text11;imported_atI+0;14;transformed_atI+0;15;transformationsL0;13;parent_objectS0;","806e3d8fedd6b9b7789872f2724c0dd41c53b84c3761a13d705205d48f90bb5a"
"proof.Kant.Dom.Coverage.proven.sizeOf_spec","Kant.Dom.Coverage.proven.sizeOf_spec","lean4","VALID","RequestProject/Kant/Domain/Model.lean","0","L1;S21;obj.Kant.Dom.Coverage","L0;","elaborated and checked by the Lean kernel","L1;S40;obj.Kant.Dom.Coverage.proven.sizeOf_spec","L1;S42;claim.Kant.Dom.Coverage.proven.sizeOf_spec","L1;S23;proof.Kant.Dom.Coverage","O4;4;kindS12;lean4-kernel6;digestS64;a1a943b4df10b188439504c243da87ab969b4c7fc03d258ed850abe54af01d318;locationS37;RequestProject/Kant/Domain/Model.lean8;evidenceS15;MACHINE_CHECKED","RequestProject","O7;13;source_systemS5;lean411;source_fileS37;RequestProject/Kant/Domain/Model.lean13;source_formatS4;text11;imported_atI+0;14;transformed_atI+0;15;transformationsL0;13;parent_objectS0;","33a8a4330b2e8dec5171b748d6f2924f94cc10d11d4a5072db3a106be062b8d5"
"proof.Kant.Dom.Coverage.unproven.sizeOf_spec","Kant.Dom.Coverage.unproven.sizeOf_spec","lean4","VALID","RequestProject/Kant/Domain/Model.lean","0","L1;S21;obj.Kant.Dom.Coverage","L0;","elaborated and checked by the Lean kernel","L1;S42;obj.Kant.Dom.Coverage.unproven.sizeOf_spec","L1;S44;claim.Kant.Dom.Coverage.unproven.sizeOf_spec","L1;S23;proof.Kant.Dom.Coverage","O4;4;kindS12;lean4-kernel6;digestS64;c4ea35039640184e77cd292188ee96117bfb630dae2a7648cd438e2ee792638b8;locationS37;RequestProject/Kant/Domain/Model.lean8;evidenceS15;MACHINE_CHECKED","RequestProject","O7;13;source_systemS5;lean411;source_fileS37;RequestProject/Kant/Domain/Model.lean13;source_formatS4;text11;imported_atI+0;14;transformed_atI+0;15;transformationsL0;13;parent_objectS0;","920bf7316d89b130fe92f452ea5ae6f3ef4f827a3c11237653cf2f496fcba0b9"
"proof.Kant.Dom.Evidence.ofVal_toVal","Kant.Dom.Evidence.ofVal_toVal","lean4","VALID","RequestProject/Kant/Domain/Model.lean","497","L5;S21;obj.Kant.Dom.EvidenceS27;obj.Kant.Dom.Evidence.ofValS27;obj.Kant.Dom.Evidence.toValS29;obj.Kant.Dom.Evidence.casesOnS15;obj.Kant.Dom.Id","L0;","elaborated and checked by the Lean kernel","L1;S33;obj.Kant.Dom.Evidence.ofVal_toVal","L1;S35;claim.Kant.Dom.Evidence.ofVal_toVal","L5;S23;proof.Kant.Dom.EvidenceS29;proof.Kant.Dom.Evidence.ofValS29;proof.Kant.Dom.Evidence.toValS31;proof.Kant.Dom.Evidence.casesOnS17;proof.Kant.Dom.Id","O4;4;kindS12;lean4-kernel6;digestS64;5a59e79cc4c4bc6c31ad630ecf2e6013bb43b46e57049282f25201a714a46ee18;locationS37;RequestProject/Kant/Domain/Model.lean8;evidenceS15;MACHINE_CHECKED","RequestProject","O7;13;source_systemS5;lean411;source_fileS37;RequestProject/Kant/Domain/Model.lean13;source_formatS4;text11;imported_atI+0;14;transformed_atI+497;15;transformationsL0;13;parent_objectS0;","53f3522149ac291da0208434a5748fba8cd93c16f444dd17ed60fe786b321734"
"proof.Kant.Dom.PStatus.unknown.sizeOf_spec","Kant.Dom.PStatus.unknown.sizeOf_spec","lean4","VALID","RequestProject/Kant/Domain/Model.lean","0","L1;S20;obj.Kant.Dom.PStatus","L0;","elaborated and checked by the Lean kernel","L1;S40;obj.Kant.Dom.PStatus.unknown.sizeOf_spec","L1;S42;claim.Kant.Dom.PStatus.unknown.sizeOf_spec","L1;S22;proof.Kant.Dom.PStatus","O4;4;kindS12;lean4-kernel6;digestS64;4267ad8e49c30b1382c804c40848ef60fd6a21fd86e008391cb193c638d24e068;locationS37;RequestProject/Kant/Domain/Model.lean8;evidenceS15;MACHINE_CHECKED","RequestProject","O7;13;source_systemS5;lean411;source_fileS37;RequestProject/Kant/Domain/Model.lean13;source_formatS4;text11;imported_atI+0;14;transformed_atI+0;15;transformationsL0;13;parent_objectS0;","c4f8edefcc5e1185572c4170733c38c2eaf919b20daed93fe7a2b0ad2f395cfc"
"proof.Kant.Dom.Domain.toVal_injective","Kant.Dom.Domain.toVal_injective","lean4","VALID","RequestProject/Kant/Domain/Model.lean","632","L4;S19;obj.Kant.Dom.DomainS25;obj.Kant.Dom.Domain.toValS25;obj.Kant.Dom.Domain.ofValS31;obj.Kant.Dom.Domain.ofVal_toVal","L0;","elaborated and checked by the Lean kernel","L1;S35;obj.Kant.Dom.Domain.toVal_injective","L1;S37;claim.Kant.Dom.Domain.toVal_injective","L4;S21;proof.Kant.Dom.DomainS27;proof.Kant.Dom.Domain.toValS27;proof.Kant.Dom.Domain.ofValS33;proof.Kant.Dom.Domain.ofVal_toVal","O4;4;kindS12;lean4-kernel6;digestS64;00328491db4d8f7251b98e3582ebd2d5b1a545550d2e0b08f8ab8c6be72449338;locationS37;RequestProject/Kant/Domain/Model.lean8;evidenceS15;MACHINE_CHECKED","RequestProject","O7;13;source_systemS5;lean411;source_fileS37;RequestProject/Kant/Domain/Model.lean13;source_formatS4;text11;imported_atI+0;14;transformed_atI+632;15;transformationsL0;13;parent_objectS0;","77b81baccade8356277563f3eb391dd97d766ef6bc1b659096a9032a489f7613"
"proof.Kant.Dom.Rel.outputOf.sizeOf_spec","Kant.Dom.Rel.outputOf.sizeOf_spec","lean4","VALID","RequestProject/Kant/Domain/Model.lean","0","L1;S16;obj.Kant.Dom.Rel","L0;","elaborated and checked by the Lean kernel","L1;S37;obj.Kant.Dom.Rel.outputOf.sizeOf_spec","L1;S39;claim.Kant.Dom.Rel.outputOf.sizeOf_spec","L1;S18;proof.Kant.Dom.Rel","O4;4;kindS12;lean4-kernel6;digestS64;fd448387040211e2019e762455aef2259e5b8c0d3b03871ca8388fd3a3fdfadf8;locationS37;RequestProject/Kant/Domain/Model.lean8;evidenceS15;MACHINE_CHECKED","RequestProject","O7;13;source_systemS5;lean411;source_fileS37;RequestProject/Kant/Domain/Model.lean13;source_formatS4;text11;imported_atI+0;14;transformed_atI+0;15;transformationsL0;13;parent_objectS0;","a8144b96fd8d54db4e46993f004d3f3842a376b9464d0ee1d8d0e43e12b7fbbe"
"proof.Kant.Dom.PStatus.valid.sizeOf_spec","Kant.Dom.PStatus.valid.sizeOf_spec","lean4","VALID","RequestProject/Kant/Domain/Model.lean","0","L1;S20;obj.Kant.Dom.PStatus","L0;","elaborated and checked by the Lean kernel","L1;S38;obj.Kant.Dom.PStatus.valid.sizeOf_spec","L1;S40;claim.Kant.Dom.PStatus.valid.sizeOf_spec","L1;S22;proof.Kant.Dom.PStatus","O4;4;kindS12;lean4-kernel6;digestS64;87619e0be6e5cc13549043bacbec76e0b5c1f47d6f3585f979b4d42d898493468;locationS37;RequestProject/Kant/Domain/Model.lean8;evidenceS15;MACHINE_CHECKED","RequestProject","O7;13;source_systemS5;lean411;source_fileS37;RequestProject/Kant/Domain/Model.lean13;source_formatS4;text11;imported_atI+0;14;transformed_atI+0;15;transformationsL0;13;parent_objectS0;","801b5bb49a8e6383022cc74f4e69ce602e59c9c381807289a84c8821f8412466"
"proof.Kant.Dom.optOf_Cert","Kant.Dom.optOf_Cert","lean4","VALID","RequestProject/Kant/Domain/Model.lean","268","L9;S17;obj.Kant.Dom.CertS23;obj.Kant.Dom.Cert.ofValS23;obj.Kant.Dom.Cert.toValS22;obj.Kant.Dom.Cert.kindS24;obj.Kant.Dom.Cert.digestS26;obj.Kant.Dom.Cert.locationS22;obj.Kant.Dom.Evid.nameS26;obj.Kant.Dom.Cert.evidenceS29;obj.Kant.Dom.Cert.ofVal_toVal","L0;","elaborated and checked by the Lean kernel","L1;S23;obj.Kant.Dom.optOf_Cert","L1;S25;claim.Kant.Dom.optOf_Cert","L9;S19;proof.Kant.Dom.CertS25;proof.Kant.Dom.Cert.ofValS25;proof.Kant.Dom.Cert.toValS24;proof.Kant.Dom.Cert.kindS26;proof.Kant.Dom.Cert.digestS28;proof.Kant.Dom.Cert.locationS24;proof.Kant.Dom.Evid.nameS28;proof.Kant.Dom.Cert.evidenceS31;proof.Kant.Dom.Cert.ofVal_toVal","O4;4;kindS12;lean4-kernel6;digestS64;8902059ab9b1a4abdb414d7599ce15f4a93aa4705ad465f9d336334e4e8cf8ea8;locationS37;RequestProject/Kant/Domain/Model.lean8;evidenceS15;MACHINE_CHECKED","RequestProject","O7;13;source_systemS5;lean411;source_fileS37;RequestProject/Kant/Domain/Model.lean13;source_formatS4;text11;imported_atI+0;14;transformed_atI+268;15;transformationsL0;13;parent_objectS0;","d2ae72d49fb330e0fbd4ff5227465fc3c858efde3d934ae6d295c89bf45e42c9"
"proof.Kant.Dom.ProofRec.ofVal.eq_1","Kant.Dom.ProofRec.ofVal.eq_1","lean4","VALID","RequestProject/Kant/Domain/Model.lean","0","L8;S21;obj.Kant.Dom.ProofRecS27;obj.Kant.Dom.ProofRec.ofValS15;obj.Kant.Dom.IdS19;obj.Kant.Dom.getIdsS20;obj.Kant.Dom.PStatusS27;obj.Kant.Dom.PStatus.ofNameS17;obj.Kant.Dom.CertS23;obj.Kant.Dom.Cert.ofVal","L0;","elaborated and checked by the Lean kernel","L1;S32;obj.Kant.Dom.ProofRec.ofVal.eq_1","L1;S34;claim.Kant.Dom.ProofRec.ofVal.eq_1","L8;S23;proof.Kant.Dom.ProofRecS29;proof.Kant.Dom.ProofRec.ofValS17;proof.Kant.Dom.IdS21;proof.Kant.Dom.getIdsS22;proof.Kant.Dom.PStatusS29;proof.Kant.Dom.PStatus.ofNameS19;proof.Kant.Dom.CertS25;proof.Kant.Dom.Cert.ofVal","O4;4;kindS12;lean4-kernel6;digestS64;eee2dc2b9c9926b9eda834bc25381c2ee0ddcaf31626cf4f1c0f851d7c4ec20c8;locationS37;RequestProject/Kant/Domain/Model.lean8;evidenceS15;MACHINE_CHECKED","RequestProject","O7;13;source_systemS5;lean411;source_fileS37;RequestProject/Kant/Domain/Model.lean13;source_formatS4;text11;imported_atI+0;14;transformed_atI+0;15;transformationsL0;13;parent_objectS0;","6b5fce16ce87b31e0dfe55d16fa70101f09d93ef2b9eed980b05f1ace7a116fb"
"proof.Kant.Dom.Domain.mk.injEq","Kant.Dom.Domain.mk.injEq","lean4","VALID","RequestProject/Kant/Domain/Model.lean","0","L9;S15;obj.Kant.Dom.IdS19;obj.Kant.Dom.DomObjS21;obj.Kant.Dom.RelationS21;obj.Kant.Dom.ProofRecS18;obj.Kant.Dom.ClaimS21;obj.Kant.Dom.EvidenceS19;obj.Kant.Dom.SchemaS19;obj.Kant.Dom.DomainS34;obj.Kant.Dom.Domain.mk.noConfusion","L0;","elaborated and checked by the Lean kernel","L1;S28;obj.Kant.Dom.Domain.mk.injEq","L1;S30;claim.Kant.Dom.Domain.mk.injEq","L9;S17;proof.Kant.Dom.IdS21;proof.Kant.Dom.DomObjS23;proof.Kant.Dom.RelationS23;proof.Kant.Dom.ProofRecS20;proof.Kant.Dom.ClaimS23;proof.Kant.Dom.EvidenceS21;proof.Kant.Dom.SchemaS21;proof.Kant.Dom.DomainS36;proof.Kant.Dom.Domain.mk.noConfusion","O4;4;kindS12;lean4-kernel6;digestS64;e28a27983c4c68081a0721457dd618576209c14754b47b9ef03a2e0020d7e8658;locationS37;RequestProject/Kant/Domain/Model.lean8;evidenceS15;MACHINE_CHECKED","RequestProject","O7;13;source_systemS5;lean411;source_fileS37;RequestProject/Kant/Domain/Model.lean13;source_formatS4;text11;imported_atI+0;14;transformed_atI+0;15;transformationsL0;13;parent_objectS0;","1302cea81f239d787e5ec754817ea47b9e8ac8ebcd04567e2b0175dca9ff0e01"
"proof.Kant.Dom.Rel.dependsOn.sizeOf_spec","Kant.Dom.Rel.dependsOn.sizeOf_spec","lean4","VALID","RequestProject/Kant/Domain/Model.lean","0","L1;S16;obj.Kant.Dom.Rel","L0;","elaborated and checked by the Lean kernel","L1;S38;obj.Kant.Dom.Rel.dependsOn.sizeOf_spec","L1;S40;claim.Kant.Dom.Rel.dependsOn.sizeOf_spec","L1;S18;proof.Kant.Dom.Rel","O4;4;kindS12;lean4-kernel6;digestS64;f9df4ba2c37e2c4de78672758b82971ac4a8bc56fe5be367fa97d38de146dbb48;locationS37;RequestProject/Kant/Domain/Model.lean8;evidenceS15;MACHINE_CHECKED","RequestProject","O7;13;source_systemS5;lean411;source_fileS37;RequestProject/Kant/Domain/Model.lean13;source_formatS4;text11;imported_atI+0;14;transformed_atI+0;15;transformationsL0;13;parent_objectS0;","c75b6b1c59db9dd1d13c48d1da32790ed482ea11034f0b0b83efbc9ec1ea24c8"
"proof.Kant.Dom.Coverage.ofName_name","Kant.Dom.Coverage.ofName_name","lean4","VALID","RequestProject/Kant/Domain/Model.lean","213","L5;S21;obj.Kant.Dom.CoverageS28;obj.Kant.Dom.Coverage.ofNameS26;obj.Kant.Dom.Coverage.nameS29;obj.Kant.Dom.Coverage.casesOnS36;obj.Kant.Dom.instDecidableEqCoverage","L0;","elaborated and checked by the Lean kernel","L1;S33;obj.Kant.Dom.Coverage.ofName_name","L1;S35;claim.Kant.Dom.Coverage.ofName_name","L5;S23;proof.Kant.Dom.CoverageS30;proof.Kant.Dom.Coverage.ofNameS28;proof.Kant.Dom.Coverage.nameS31;proof.Kant.Dom.Coverage.casesOnS38;proof.Kant.Dom.instDecidableEqCoverage","O4;4;kindS12;lean4-kernel6;digestS64;5b7fc3011bdad71b59a283f61a13f99405e07057db412b913c48fe31263dafd28;locationS37;RequestProject/Kant/Domain/Model.lean8;evidenceS15;MACHINE_CHECKED","RequestProject","O7;13;source_systemS5;lean411;source_fileS37;RequestProject/Kant/Domain/Model.lean13;source_formatS4;text11;imported_atI+0;14;transformed_atI+213;15;transformationsL0;13;parent_objectS0;","da22d57485876c998a1cec932387b9b6df1e1701a7e78fd327cde20f4470cef0"
"proof.Kant.Dom.Schema.mk.sizeOf_spec","Kant.Dom.Schema.mk.sizeOf_spec","lean4","VALID","RequestProject/Kant/Domain/Model.lean","0","L2;S15;obj.Kant.Dom.IdS19;obj.Kant.Dom.Schema","L0;","elaborated and checked by the Lean kernel","L1;S34;obj.Kant.Dom.Schema.mk.sizeOf_spec","L1;S36;claim.Kant.Dom.Schema.mk.sizeOf_spec","L2;S17;proof.Kant.Dom.IdS21;proof.Kant.Dom.Schema","O4;4;kindS12;lean4-kernel6;digestS64;945dea30352bd011043f4cb83638c14a376d6d1baeee157ba3c12d1d3f8b616c8;locationS37;RequestProject/Kant/Domain/Model.lean8;evidenceS15;MACHINE_CHECKED","RequestProject","O7;13;source_systemS5;lean411;source_fileS37;RequestProject/Kant/Domain/Model.lean13;source_formatS4;text11;imported_atI+0;14;transformed_atI+0;15;transformationsL0;13;parent_objectS0;","155af8c513bb46664feaaf13b34f500962d56c3dd3f430e0eeda597bfd605283"
"proof.Kant.Dom.Schema.mk.injEq","Kant.Dom.Schema.mk.injEq","lean4","VALID","RequestProject/Kant/Domain/Model.lean","0","L3;S15;obj.Kant.Dom.IdS19;obj.Kant.Dom.SchemaS34;obj.Kant.Dom.Schema.mk.noConfusion","L0;","elaborated and checked by the Lean kernel","L1;S28;obj.Kant.Dom.Schema.mk.injEq","L1;S30;claim.Kant.Dom.Schema.mk.injEq","L3;S17;proof.Kant.Dom.IdS21;proof.Kant.Dom.SchemaS36;proof.Kant.Dom.Schema.mk.noConfusion","O4;4;kindS12;lean4-kernel6;digestS64;d6b52597198e0dadab90e1d0f979b956ce58a5f179fa1f3f8044af2d89e634608;locationS37;RequestProject/Kant/Domain/Model.lean8;evidenceS15;MACHINE_CHECKED","RequestProject","O7;13;source_systemS5;lean411;source_fileS37;RequestProject/Kant/Domain/Model.lean13;source_formatS4;text11;imported_atI+0;14;transformed_atI+0;15;transformationsL0;13;parent_objectS0;","62433dde3ea6cadb596efcaf8ecc32d81e4db8b72ad4f2e1bc63a08857bdd05e"
"proof.Kant.Dom.truthName_injective","Kant.Dom.truthName_injective","lean4","VALID","RequestProject/Kant/Domain/Model.lean","105","L4;S18;obj.Kant.Dom.TruthS23;obj.Kant.Dom.Truth.nameS25;obj.Kant.Dom.Truth.ofNameS30;obj.Kant.Dom.Truth.ofName_name","L0;","elaborated and checked by the Lean kernel","L1;S32;obj.Kant.Dom.truthName_injective","L1;S34;claim.Kant.Dom.truthName_injective","L4;S20;proof.Kant.Dom.TruthS25;proof.Kant.Dom.Truth.nameS27;proof.Kant.Dom.Truth.ofNameS32;proof.Kant.Dom.Truth.ofName_name","O4;4;kindS12;lean4-kernel6;digestS64;b86250619086961c49e615ab2f10a0afa20c163ac9cfaa8eca565bed01780be98;locationS37;RequestProject/Kant/Domain/Model.lean8;evidenceS15;MACHINE_CHECKED","RequestProject","O7;13;source_systemS5;lean411;source_fileS37;RequestProject/Kant/Domain/Model.lean13;source_formatS4;text11;imported_atI+0;14;transformed_atI+105;15;transformationsL0;13;parent_objectS0;","667514d1f97821a55585f8ae077789e24bba3e75c9a8249f2c69d3e11a1d95dc"
"proof.Kant.Dom.DomObj.eq_of_text_eq","Kant.Dom.DomObj.eq_of_text_eq","lean4","VALID","RequestProject/Kant/Domain/Model.lean","655","L5;S19;obj.Kant.Dom.DomObjS24;obj.Kant.Dom.DomObj.textS25;obj.Kant.Dom.DomObj.toValS25;obj.Kant.Dom.DomObj.ofValS31;obj.Kant.Dom.DomObj.ofVal_toVal","L0;","elaborated and checked by the Lean kernel","L1;S33;obj.Kant.Dom.DomObj.eq_of_text_eq","L1;S35;claim.Kant.Dom.DomObj.eq_of_text_eq","L5;S21;proof.Kant.Dom.DomObjS26;proof.Kant.Dom.DomObj.textS27;proof.Kant.Dom.DomObj.toValS27;proof.Kant.Dom.DomObj.ofValS33;proof.Kant.Dom.DomObj.ofVal_toVal","O4;4;kindS12;lean4-kernel6;digestS64;80c2b4486d3f394349cfdbde94f5b3207904a78e95f5e40d594d5800d38dec028;locationS37;RequestProject/Kant/Domain/Model.lean8;evidenceS15;MACHINE_CHECKED","RequestProject","O7;13;source_systemS5;lean411;source_fileS37;RequestProject/Kant/Domain/Model.lean13;source_formatS4;text11;imported_atI+0;14;transformed_atI+655;15;transformationsL0;13;parent_objectS0;","29d0b16a7cc0bf30389eafdd22aee3d339cada4c75365cf67b7745b2c061e799"
"proof.Kant.Dom.Rel.decodes.sizeOf_spec","Kant.Dom.Rel.decodes.sizeOf_spec","lean4","VALID","RequestProject/Kant/Domain/Model.lean","0","L1;S16;obj.Kant.Dom.Rel","L0;","elaborated and checked by the Lean kernel","L1;S36;obj.Kant.Dom.Rel.decodes.sizeOf_spec","L1;S38;claim.Kant.Dom.Rel.decodes.sizeOf_spec","L1;S18;proof.Kant.Dom.Rel","O4;4;kindS12;lean4-kernel6;digestS64;7adb1f654f11dd3a64b930a5cb26e14d3ec7cf6c87fdd4d4c25f73893db24be78;locationS37;RequestProject/Kant/Domain/Model.lean8;evidenceS15;MACHINE_CHECKED","RequestProject","O7;13;source_systemS5;lean411;source_fileS37;RequestProject/Kant/Domain/Model.lean13;source_formatS4;text11;imported_atI+0;14;transformed_atI+0;15;transformationsL0;13;parent_objectS0;","df4edba6140129b2d72cf0663e82c915593245fbd4680d2cd4af4fc5a5856c0f"
"proof.Kant.Dom.Truth.invalid.sizeOf_spec","Kant.Dom.Truth.invalid.sizeOf_spec","lean4","VALID","RequestProject/Kant/Domain/Model.lean","0","L1;S18;obj.Kant.Dom.Truth","L0;","elaborated and checked by the Lean kernel","L1;S38;obj.Kant.Dom.Truth.invalid.sizeOf_spec","L1;S40;claim.Kant.Dom.Truth.invalid.sizeOf_spec","L1;S20;proof.Kant.Dom.Truth","O4;4;kindS12;lean4-kernel6;digestS64;a1411e96a17eb32c97403ecfaee602bfbcf634b89f484b523c393edee74259658;locationS37;RequestProject/Kant/Domain/Model.lean8;evidenceS15;MACHINE_CHECKED","RequestProject","O7;13;source_systemS5;lean411;source_fileS37;RequestProject/Kant/Domain/Model.lean13;source_formatS4;text11;imported_atI+0;14;transformed_atI+0;15;transformationsL0;13;parent_objectS0;","de0e266480337995763a63c3503cd3f21e6c57345d8f140f1544ca1adb59536c"
"proof.Kant.Dom.Schema.toVal.eq_1","Kant.Dom.Schema.toVal.eq_1","lean4","VALID","RequestProject/Kant/Domain/Model.lean","0","L6;S19;obj.Kant.Dom.SchemaS25;obj.Kant.Dom.Schema.toValS22;obj.Kant.Dom.Schema.idS24;obj.Kant.Dom.Schema.nameS27;obj.Kant.Dom.Schema.versionS28;obj.Kant.Dom.Schema.location","L0;","elaborated and checked by the Lean kernel","L1;S30;obj.Kant.Dom.Schema.toVal.eq_1","L1;S32;claim.Kant.Dom.Schema.toVal.eq_1","L6;S21;proof.Kant.Dom.SchemaS27;proof.Kant.Dom.Schema.toValS24;proof.Kant.Dom.Schema.idS26;proof.Kant.Dom.Schema.nameS29;proof.Kant.Dom.Schema.versionS30;proof.Kant.Dom.Schema.location","O4;4;kindS12;lean4-kernel6;digestS64;b2c5a8b5dbea5685df31e2f0312d5af6fbbafb7422332bcfdd935db9a9293cb88;locationS37;RequestProject/Kant/Domain/Model.lean8;evidenceS15;MACHINE_CHECKED","RequestProject","O7;13;source_systemS5;lean411;source_fileS37;RequestProject/Kant/Domain/Model.lean13;source_formatS4;text11;imported_atI+0;14;transformed_atI+0;15;transformationsL0;13;parent_objectS0;","e5dc5b4327dadf9178d57e0b0e5100ae0f8f74fac9436f0bee3ada4c9ac313a8"
"proof.Kant.Dom.Relation.ofVal_toVal","Kant.Dom.Relation.ofVal_toVal","lean4","VALID","RequestProject/Kant/Domain/Model.lean","525","L9;S21;obj.Kant.Dom.RelationS27;obj.Kant.Dom.Relation.ofValS27;obj.Kant.Dom.Relation.toValS29;obj.Kant.Dom.Relation.casesOnS15;obj.Kant.Dom.IdS16;obj.Kant.Dom.RelS21;obj.Kant.Dom.Rel.nameS23;obj.Kant.Dom.Rel.ofNameS28;obj.Kant.Dom.Rel.ofName_name","L0;","elaborated and checked by the Lean kernel","L1;S33;obj.Kant.Dom.Relation.ofVal_toVal","L1;S35;claim.Kant.Dom.Relation.ofVal_toVal","L9;S23;proof.Kant.Dom.RelationS29;proof.Kant.Dom.Relation.ofValS29;proof.Kant.Dom.Relation.toValS31;proof.Kant.Dom.Relation.casesOnS17;proof.Kant.Dom.IdS18;proof.Kant.Dom.RelS23;proof.Kant.Dom.Rel.nameS25;proof.Kant.Dom.Rel.ofNameS30;proof.Kant.Dom.Rel.ofName_name","O4;4;kindS12;lean4-kernel6;digestS64;11fab9da308dad19ddebc8530129a5f2ddfdf678c3acd443afdc1a4502cf75948;locationS37;RequestProject/Kant/Domain/Model.lean8;evidenceS15;MACHINE_CHECKED","RequestProject","O7;13;source_systemS5;lean411;source_fileS37;RequestProject/Kant/Domain/Model.lean13;source_formatS4;text11;imported_atI+0;14;transformed_atI+525;15;transformationsL0;13;parent_objectS0;","f0eb6b3c4e81076f864e24d2b1c9f64c3d94483dee3283f519c97225b3050952"
"proof.Kant.Dom.Truth.asserted.sizeOf_spec","Kant.Dom.Truth.asserted.sizeOf_spec","lean4","VALID","RequestProject/Kant/Domain/Model.lean","0","L1;S18;obj.Kant.Dom.Truth","L0;","elaborated and checked by the Lean kernel","L1;S39;obj.Kant.Dom.Truth.asserted.sizeOf_spec","L1;S41;claim.Kant.Dom.Truth.asserted.sizeOf_spec","L1;S20;proof.Kant.Dom.Truth","O4;4;kindS12;lean4-kernel6;digestS64;e56ea9f60f715e75d6aadfb184a9bf52b18cbcca437f60ef349a33c4672b184c8;locationS37;RequestProject/Kant/Domain/Model.lean8;evidenceS15;MACHINE_CHECKED","RequestProject","O7;13;source_systemS5;lean411;source_fileS37;RequestProject/Kant/Domain/Model.lean13;source_formatS4;text11;imported_atI+0;14;transformed_atI+0;15;transformationsL0;13;parent_objectS0;","c24c71dddc42bcabf413b14538b6ca4825a13f0de20a20b14ffb1489f3a552ce"
"proof.Kant.Dom.Claim.mk.sizeOf_spec","Kant.Dom.Claim.mk.sizeOf_spec","lean4","VALID","RequestProject/Kant/Domain/Model.lean","0","L3;S15;obj.Kant.Dom.IdS18;obj.Kant.Dom.TruthS18;obj.Kant.Dom.Claim","L0;","elaborated and checked by the Lean kernel","L1;S33;obj.Kant.Dom.Claim.mk.sizeOf_spec","L1;S35;claim.Kant.Dom.Claim.mk.sizeOf_spec","L3;S17;proof.Kant.Dom.IdS20;proof.Kant.Dom.TruthS20;proof.Kant.Dom.Claim","O4;4;kindS12;lean4-kernel6;digestS64;fa82fa7ffa4a4c0323112777d92a1a4c058ed5217c2abcb99698bc057275604a8;locationS37;RequestProject/Kant/Domain/Model.lean8;evidenceS15;MACHINE_CHECKED","RequestProject","O7;13;source_systemS5;lean411;source_fileS37;RequestProject/Kant/Domain/Model.lean13;source_formatS4;text11;imported_atI+0;14;transformed_atI+0;15;transformationsL0;13;parent_objectS0;","aedebcbf950f48d4a26b9dceeda06ed766997f6bc5c71b5a40b934470e2ded5d"
"proof.Kant.Dom.Evid.ofName_name","Kant.Dom.Evid.ofName_name","lean4","VALID","RequestProject/Kant/Domain/Model.lean","153","L5;S17;obj.Kant.Dom.EvidS24;obj.Kant.Dom.Evid.ofNameS22;obj.Kant.Dom.Evid.nameS25;obj.Kant.Dom.Evid.casesOnS32;obj.Kant.Dom.instDecidableEqEvid","L0;","elaborated and checked by the Lean kernel","L1;S29;obj.Kant.Dom.Evid.ofName_name","L1;S31;claim.Kant.Dom.Evid.ofName_name","L5;S19;proof.Kant.Dom.EvidS26;proof.Kant.Dom.Evid.ofNameS24;proof.Kant.Dom.Evid.nameS27;proof.Kant.Dom.Evid.casesOnS34;proof.Kant.Dom.instDecidableEqEvid","O4;4;kindS12;lean4-kernel6;digestS64;63496e459e69468570fc94f14a831ba6271e8c439138b2eff978bbd762726af88;locationS37;RequestProject/Kant/Domain/Model.lean8;evidenceS15;MACHINE_CHECKED","RequestProject","O7;13;source_systemS5;lean411;source_fileS37;RequestProject/Kant/Domain/Model.lean13;source_formatS4;text11;imported_atI+0;14;transformed_atI+153;15;transformationsL0;13;parent_objectS0;","557d0c6646e5768a0268bd842793d50d49f7c09f0395d7c49b5e6547a7f63bc7"
"proof.Kant.Dom.ProofRec.mk.inj","Kant.Dom.ProofRec.mk.inj","lean4","VALID","RequestProject/Kant/Domain/Model.lean","0","L5;S15;obj.Kant.Dom.IdS20;obj.Kant.Dom.PStatusS17;obj.Kant.Dom.CertS21;obj.Kant.Dom.ProofRecS36;obj.Kant.Dom.ProofRec.mk.noConfusion","L0;","elaborated and checked by the Lean kernel","L1;S28;obj.Kant.Dom.ProofRec.mk.inj","L1;S30;claim.Kant.Dom.ProofRec.mk.inj","L5;S17;proof.Kant.Dom.IdS22;proof.Kant.Dom.PStatusS19;proof.Kant.Dom.CertS23;proof.Kant.Dom.ProofRecS38;proof.Kant.Dom.ProofRec.mk.noConfusion","O4;4;kindS12;lean4-kernel6;digestS64;002aca4571df2ac12181a90093ec1206fad4ca20731ca89f9a441a04e363229c8;locationS37;RequestProject/Kant/Domain/Model.lean8;evidenceS15;MACHINE_CHECKED","RequestProject","O7;13;source_systemS5;lean411;source_fileS37;RequestProject/Kant/Domain/Model.lean13;source_formatS4;text11;imported_atI+0;14;transformed_atI+0;15;transformationsL0;13;parent_objectS0;","4d3a382c69bcb92a82dceaa97f4c9b2d4c8b09193f5ef0e4d853a3e4dec7c9e7"
"proof.Kant.Dom.DomObj.ofVal.eq_1","Kant.Dom.DomObj.ofVal.eq_1","lean4","VALID","RequestProject/Kant/Domain/Model.lean","0","L6;S19;obj.Kant.Dom.DomObjS25;obj.Kant.Dom.DomObj.ofValS15;obj.Kant.Dom.IdS19;obj.Kant.Dom.getIdsS18;obj.Kant.Dom.TruthS25;obj.Kant.Dom.Truth.ofName","L0;","elaborated and checked by the Lean kernel","L1;S30;obj.Kant.Dom.DomObj.ofVal.eq_1","L1;S32;claim.Kant.Dom.DomObj.ofVal.eq_1","L6;S21;proof.Kant.Dom.DomObjS27;proof.Kant.Dom.DomObj.ofValS17;proof.Kant.Dom.IdS21;proof.Kant.Dom.getIdsS20;proof.Kant.Dom.TruthS27;proof.Kant.Dom.Truth.ofName","O4;4;kindS12;lean4-kernel6;digestS64;dfce077d53fefb55c592ffd3b95244420bf093983694391327a79f46b19352188;locationS37;RequestProject/Kant/Domain/Model.lean8;evidenceS15;MACHINE_CHECKED","RequestProject","O7;13;source_systemS5;lean411;source_fileS37;RequestProject/Kant/Domain/Model.lean13;source_formatS4;text11;imported_atI+0;14;transformed_atI+0;15;transformationsL0;13;parent_objectS0;","ee89d5f17bfea882a5bdf01ba13176253c3eaa2bf3cec73c46e810c46b0ea95f"
"proof.Kant.Dom.PStatus.failed.sizeOf_spec","Kant.Dom.PStatus.failed.sizeOf_spec","lean4","VALID","RequestProject/Kant/Domain/Model.lean","0","L1;S20;obj.Kant.Dom.PStatus","L0;","elaborated and checked by the Lean kernel","L1;S39;obj.Kant.Dom.PStatus.failed.sizeOf_spec","L1;S41;claim.Kant.Dom.PStatus.failed.sizeOf_spec","L1;S22;proof.Kant.Dom.PStatus","O4;4;kindS12;lean4-kernel6;digestS64;ed3c67dbc0b56c8f9f1a3287676d9d0cc71e13a22a21471528abab2546bd47928;locationS37;RequestProject/Kant/Domain/Model.lean8;evidenceS15;MACHINE_CHECKED","RequestProject","O7;13;source_systemS5;lean411;source_fileS37;RequestProject/Kant/Domain/Model.lean13;source_formatS4;text11;imported_atI+0;14;transformed_atI+0;15;transformationsL0;13;parent_objectS0;","181f33566dd319f0b6139d3a261f1c3352ef28ddd06fcc36afc761620e78b7f9"
"proof.Kant.Dom.idsVal.eq_1","Kant.Dom.idsVal.eq_1","lean4","VALID","RequestProject/Kant/Domain/Model.lean","0","L2;S15;obj.Kant.Dom.IdS19;obj.Kant.Dom.idsVal","L0;","elaborated and checked by the Lean kernel","L1;S24;obj.Kant.Dom.idsVal.eq_1","L1;S26;claim.Kant.Dom.idsVal.eq_1","L2;S17;proof.Kant.Dom.IdS21;proof.Kant.Dom.idsVal","O4;4;kindS12;lean4-kernel6;digestS64;9f619d19ddbebc7f067bc2d9758826d0753f7bb9d46642356877136077655a4e8;locationS37;RequestProject/Kant/Domain/Model.lean8;evidenceS15;MACHINE_CHECKED","RequestProject","O7;13;source_systemS5;lean411;source_fileS37;RequestProject/Kant/Domain/Model.lean13;source_formatS4;text11;imported_atI+0;14;transformed_atI+0;15;transformationsL0;13;parent_objectS0;","a65688a4216abe70718b88dbdc303b33ffb7b26a3af1ab76e927596387620939"
"proof.Kant.Dom.PStatus.partial.sizeOf_spec","Kant.Dom.PStatus.partial.sizeOf_spec","lean4","VALID","RequestProject/Kant/Domain/Model.lean","0","L1;S20;obj.Kant.Dom.PStatus","L0;","elaborated and checked by the Lean kernel","L1;S40;obj.Kant.Dom.PStatus.partial.sizeOf_spec","L1;S42;claim.Kant.Dom.PStatus.partial.sizeOf_spec","L1;S22;proof.Kant.Dom.PStatus","O4;4;kindS12;lean4-kernel6;digestS64;6e0f38edbf60a60ebb5f329b72821c21d5ce7a23f75189e8af2655dfe6e7b17b8;locationS37;RequestProject/Kant/Domain/Model.lean8;evidenceS15;MACHINE_CHECKED","RequestProject","O7;13;source_systemS5;lean411;source_fileS37;RequestProject/Kant/Domain/Model.lean13;source_formatS4;text11;imported_atI+0;14;transformed_atI+0;15;transformationsL0;13;parent_objectS0;","2f088b4d6bc278c83dfaafaeb9c9b72bf592a97aa6ea478ebbdbcf57d05095f1"
"proof.Kant.Dom.Coverage.ofNat_ctorIdx","Kant.Dom.Coverage.ofNat_ctorIdx","lean4","VALID","RequestProject/Kant/Domain/Model.lean","0","L4;S21;obj.Kant.Dom.CoverageS27;obj.Kant.Dom.Coverage.ofNatS29;obj.Kant.Dom.Coverage.ctorIdxS29;obj.Kant.Dom.Coverage.casesOn","L0;","elaborated and checked by the Lean kernel","L1;S35;obj.Kant.Dom.Coverage.ofNat_ctorIdx","L1;S37;claim.Kant.Dom.Coverage.ofNat_ctorIdx","L4;S23;proof.Kant.Dom.CoverageS29;proof.Kant.Dom.Coverage.ofNatS31;proof.Kant.Dom.Coverage.ctorIdxS31;proof.Kant.Dom.Coverage.casesOn","O4;4;kindS12;lean4-kernel6;digestS64;ecbb71fbe185658ffef8955a016f62b0aec27cf11c502b5d2330f81409067a868;locationS37;RequestProject/Kant/Domain/Model.lean8;evidenceS15;MACHINE_CHECKED","RequestProject","O7;13;source_systemS5;lean411;source_fileS37;RequestProject/Kant/Domain/Model.lean13;source_formatS4;text11;imported_atI+0;14;transformed_atI+0;15;transformationsL0;13;parent_objectS0;","cd94f3b17f7f8f4156193fc0d86adede8d691affa9d7e3bb6626cf77975fb058"
"proof.Kant.Dom.Evidence.toVal.eq_1","Kant.Dom.Evidence.toVal.eq_1","lean4","VALID","RequestProject/Kant/Domain/Model.lean","0","L7;S21;obj.Kant.Dom.EvidenceS27;obj.Kant.Dom.Evidence.toValS24;obj.Kant.Dom.Evidence.idS26;obj.Kant.Dom.Evidence.kindS31;obj.Kant.Dom.Evidence.objectRefS33;obj.Kant.Dom.Evidence.descriptionS30;obj.Kant.Dom.Evidence.location","L0;","elaborated and checked by the Lean kernel","L1;S32;obj.Kant.Dom.Evidence.toVal.eq_1","L1;S34;claim.Kant.Dom.Evidence.toVal.eq_1","L7;S23;proof.Kant.Dom.EvidenceS29;proof.Kant.Dom.Evidence.toValS26;proof.Kant.Dom.Evidence.idS28;proof.Kant.Dom.Evidence.kindS33;proof.Kant.Dom.Evidence.objectRefS35;proof.Kant.Dom.Evidence.descriptionS32;proof.Kant.Dom.Evidence.location","O4;4;kindS12;lean4-kernel6;digestS64;8557e6621a3d55e62ff77318dae27e1d139cc1d128e37350ed8957e8f22c449f8;locationS37;RequestProject/Kant/Domain/Model.lean8;evidenceS15;MACHINE_CHECKED","RequestProject","O7;13;source_systemS5;lean411;source_fileS37;RequestProject/Kant/Domain/Model.lean13;source_formatS4;text11;imported_atI+0;14;transformed_atI+0;15;transformationsL0;13;parent_objectS0;","05d48633bcf5d0258f0791f84eb0ec8265a318a4cf90555f9c6a781595f0503c"
"proof.Kant.Dom.Domain.hash_length","Kant.Dom.Domain.hash_length","lean4","VALID","RequestProject/Kant/Domain/Model.lean","670","L3;S19;obj.Kant.Dom.DomainS24;obj.Kant.Dom.Domain.hashS25;obj.Kant.Dom.Domain.toVal","L0;","elaborated and checked by the Lean kernel","L1;S31;obj.Kant.Dom.Domain.hash_length","L1;S33;claim.Kant.Dom.Domain.hash_length","L3;S21;proof.Kant.Dom.DomainS26;proof.Kant.Dom.Domain.hashS27;proof.Kant.Dom.Domain.toVal","O4;4;kindS12;lean4-kernel6;digestS64;a6d3e8f3c2503fba89c1790d94f209710d10a6da8ee16464cfd82f18df389ca38;locationS37;RequestProject/Kant/Domain/Model.lean8;evidenceS15;MACHINE_CHECKED","RequestProject","O7;13;source_systemS5;lean411;source_fileS37;RequestProject/Kant/Domain/Model.lean13;source_formatS4;text11;imported_atI+0;14;transformed_atI+670;15;transformationsL0;13;parent_objectS0;","4d4537a5c874b1f4b899ff21b571089716884e1d431bf5fafba96e717ee1e89d"
"proof.Kant.Dom.PStatus.invalid.sizeOf_spec","Kant.Dom.PStatus.invalid.sizeOf_spec","lean4","VALID","RequestProject/Kant/Domain/Model.lean","0","L1;S20;obj.Kant.Dom.PStatus","L0;","elaborated and checked by the Lean kernel","L1;S40;obj.Kant.Dom.PStatus.invalid.sizeOf_spec","L1;S42;claim.Kant.Dom.PStatus.invalid.sizeOf_spec","L1;S22;proof.Kant.Dom.PStatus","O4;4;kindS12;lean4-kernel6;digestS64;834e8c2aaf7101e8f4755bd479d6431bcd5b65412461db0e21fbac37d2f0ff418;locationS37;RequestProject/Kant/Domain/Model.lean8;evidenceS15;MACHINE_CHECKED","RequestProject","O7;13;source_systemS5;lean411;source_fileS37;RequestProject/Kant/Domain/Model.lean13;source_formatS4;text11;imported_atI+0;14;transformed_atI+0;15;transformationsL0;13;parent_objectS0;","2bc8cabf023777dd004a2ba9349f041a67f23e187a5584d772bdd59397ec4d94"
"proof.Kant.Dom.Cert.ofVal.eq_1","Kant.Dom.Cert.ofVal.eq_1","lean4","VALID","RequestProject/Kant/Domain/Model.lean","0","L4;S17;obj.Kant.Dom.CertS23;obj.Kant.Dom.Cert.ofValS17;obj.Kant.Dom.EvidS24;obj.Kant.Dom.Evid.ofName","L0;","elaborated and checked by the Lean kernel","L1;S28;obj.Kant.Dom.Cert.ofVal.eq_1","L1;S30;claim.Kant.Dom.Cert.ofVal.eq_1","L4;S19;proof.Kant.Dom.CertS25;proof.Kant.Dom.Cert.ofValS19;proof.Kant.Dom.EvidS26;proof.Kant.Dom.Evid.ofName","O4;4;kindS12;lean4-kernel6;digestS64;663f1d714a7f93fd3da1ec45c37a93066edb557a3b59c537b8e054bbdd3117088;locationS37;RequestProject/Kant/Domain/Model.lean8;evidenceS15;MACHINE_CHECKED","RequestProject","O7;13;source_systemS5;lean411;source_fileS37;RequestProject/Kant/Domain/Model.lean13;source_formatS4;text11;imported_atI+0;14;transformed_atI+0;15;transformationsL0;13;parent_objectS0;","9ca6ece2e69c7cabe25b15cd5c78a30826cff8d8765085712e452c4603e9c54e"
"proof.Kant.Dom.Domain.mk.inj","Kant.Dom.Domain.mk.inj","lean4","VALID","RequestProject/Kant/Domain/Model.lean","0","L9;S15;obj.Kant.Dom.IdS19;obj.Kant.Dom.DomObjS21;obj.Kant.Dom.RelationS21;obj.Kant.Dom.ProofRecS18;obj.Kant.Dom.ClaimS21;obj.Kant.Dom.EvidenceS19;obj.Kant.Dom.SchemaS19;obj.Kant.Dom.DomainS34;obj.Kant.Dom.Domain.mk.noConfusion","L0;","elaborated and checked by the Lean kernel","L1;S26;obj.Kant.Dom.Domain.mk.inj","L1;S28;claim.Kant.Dom.Domain.mk.inj","L9;S17;proof.Kant.Dom.IdS21;proof.Kant.Dom.DomObjS23;proof.Kant.Dom.RelationS23;proof.Kant.Dom.ProofRecS20;proof.Kant.Dom.ClaimS23;proof.Kant.Dom.EvidenceS21;proof.Kant.Dom.SchemaS21;proof.Kant.Dom.DomainS36;proof.Kant.Dom.Domain.mk.noConfusion","O4;4;kindS12;lean4-kernel6;digestS64;50910544dde55b612ff98624203390663b594140d47aa3f70ee9960b572d4d448;locationS37;RequestProject/Kant/Domain/Model.lean8;evidenceS15;MACHINE_CHECKED","RequestProject","O7;13;source_systemS5;lean411;source_fileS37;RequestProject/Kant/Domain/Model.lean13;source_formatS4;text11;imported_atI+0;14;transformed_atI+0;15;transformationsL0;13;parent_objectS0;","d0637c6c08cc64891346be4606e9b6c653f263aa9398eb43e92dc49648d00980"
"proof.Kant.Dom.Rel.verifies.sizeOf_spec","Kant.Dom.Rel.verifies.sizeOf_spec","lean4","VALID","RequestProject/Kant/Domain/Model.lean","0","L1;S16;obj.Kant.Dom.Rel","L0;","elaborated and checked by the Lean kernel","L1;S37;obj.Kant.Dom.Rel.verifies.sizeOf_spec","L1;S39;claim.Kant.Dom.Rel.verifies.sizeOf_spec","L1;S18;proof.Kant.Dom.Rel","O4;4;kindS12;lean4-kernel6;digestS64;a78da671cf90e4b383648f8e92bb3d30d1273f202981c5f94facf4e8f9686bf68;locationS37;RequestProject/Kant/Domain/Model.lean8;evidenceS15;MACHINE_CHECKED","RequestProject","O7;13;source_systemS5;lean411;source_fileS37;RequestProject/Kant/Domain/Model.lean13;source_formatS4;text11;imported_atI+0;14;transformed_atI+0;15;transformationsL0;13;parent_objectS0;","97ecde5aa1cc11760efff34c50dbdbd90646cea3adc38f30585bab2db6378593"
"proof.Kant.Dom.Rel.reproduces.sizeOf_spec","Kant.Dom.Rel.reproduces.sizeOf_spec","lean4","VALID","RequestProject/Kant/Domain/Model.lean","0","L1;S16;obj.Kant.Dom.Rel","L0;","elaborated and checked by the Lean kernel","L1;S39;obj.Kant.Dom.Rel.reproduces.sizeOf_spec","L1;S41;claim.Kant.Dom.Rel.reproduces.sizeOf_spec","L1;S18;proof.Kant.Dom.Rel","O4;4;kindS12;lean4-kernel6;digestS64;e257cfeaa44d18f4a31b6db89192fbb72a13b681437e1fba5ee0775a7eda18fd8;locationS37;RequestProject/Kant/Domain/Model.lean8;evidenceS15;MACHINE_CHECKED","RequestProject","O7;13;source_systemS5;lean411;source_fileS37;RequestProject/Kant/Domain/Model.lean13;source_formatS4;text11;imported_atI+0;14;transformed_atI+0;15;transformationsL0;13;parent_objectS0;","12e38ada86aef7ede9c3262a653394cac65fa1b9288e7f6748ace0dffc49bdc4"
"proof.Kant.Dom.Rel.ofNat_ctorIdx","Kant.Dom.Rel.ofNat_ctorIdx","lean4","VALID","RequestProject/Kant/Domain/Model.lean","0","L4;S16;obj.Kant.Dom.RelS22;obj.Kant.Dom.Rel.ofNatS24;obj.Kant.Dom.Rel.ctorIdxS24;obj.Kant.Dom.Rel.casesOn","L0;","elaborated and checked by the Lean kernel","L1;S30;obj.Kant.Dom.Rel.ofNat_ctorIdx","L1;S32;claim.Kant.Dom.Rel.ofNat_ctorIdx","L4;S18;proof.Kant.Dom.RelS24;proof.Kant.Dom.Rel.ofNatS26;proof.Kant.Dom.Rel.ctorIdxS26;proof.Kant.Dom.Rel.casesOn","O4;4;kindS12;lean4-kernel6;digestS64;f42fcff0f865d46626d24f6340402dbd6761115f8c6fa9100e9f93971567736f8;locationS37;RequestProject/Kant/Domain/Model.lean8;evidenceS15;MACHINE_CHECKED","RequestProject","O7;13;source_systemS5;lean411;source_fileS37;RequestProject/Kant/Domain/Model.lean13;source_formatS4;text11;imported_atI+0;14;transformed_atI+0;15;transformationsL0;13;parent_objectS0;","144e3e05258c473f6586c371beda363c8aff0b51f1b4e645b81e1284ced85842"
"proof.Kant.Dom.Truth.imported.sizeOf_spec","Kant.Dom.Truth.imported.sizeOf_spec","lean4","VALID","RequestProject/Kant/Domain/Model.lean","0","L1;S18;obj.Kant.Dom.Truth","L0;","elaborated and checked by the Lean kernel","L1;S39;obj.Kant.Dom.Truth.imported.sizeOf_spec","L1;S41;claim.Kant.Dom.Truth.imported.sizeOf_spec","L1;S20;proof.Kant.Dom.Truth","O4;4;kindS12;lean4-kernel6;digestS64;118adef2143f2018b03256f7d3d4ab1b503825b0158cf75e1811d88d365a08e18;locationS37;RequestProject/Kant/Domain/Model.lean8;evidenceS15;MACHINE_CHECKED","RequestProject","O7;13;source_systemS5;lean411;source_fileS37;RequestProject/Kant/Domain/Model.lean13;source_formatS4;text11;imported_atI+0;14;transformed_atI+0;15;transformationsL0;13;parent_objectS0;","e03242fadbc51221d6cfcea37e55f37e80cb1d341960fcdbd17b020f1c980db8"
"proof.Kant.Dom.Claim.ofVal.eq_2","Kant.Dom.Claim.ofVal.eq_2","lean4","VALID","RequestProject/Kant/Domain/Model.lean","0","L7;S18;obj.Kant.Dom.ClaimS24;obj.Kant.Dom.Claim.ofValS31;obj.Kant.Dom.Cert.ofVal.match_1S18;obj.Kant.Dom.TruthS25;obj.Kant.Dom.Truth.ofNameS15;obj.Kant.Dom.IdS19;obj.Kant.Dom.getIds","L0;","elaborated and checked by the Lean kernel","L1;S29;obj.Kant.Dom.Claim.ofVal.eq_2","L1;S31;claim.Kant.Dom.Claim.ofVal.eq_2","L7;S20;proof.Kant.Dom.ClaimS26;proof.Kant.Dom.Claim.ofValS33;proof.Kant.Dom.Cert.ofVal.match_1S20;proof.Kant.Dom.TruthS27;proof.Kant.Dom.Truth.ofNameS17;proof.Kant.Dom.IdS21;proof.Kant.Dom.getIds","O4;4;kindS12;lean4-kernel6;digestS64;05d0408bdc3f7066f4c27f11453e73198bc7a38f808aec704a2f5fb5a3c93a238;locationS37;RequestProject/Kant/Domain/Model.lean8;evidenceS15;MACHINE_CHECKED","RequestProject","O7;13;source_systemS5;lean411;source_fileS37;RequestProject/Kant/Domain/Model.lean13;source_formatS4;text11;imported_atI+0;14;transformed_atI+0;15;transformationsL0;13;parent_objectS0;","2d994db94aba0a1c55c330a1d50a909f80eee5af8aa67ce2bab542986194b2e5"
