"object_id","kind","name","truth_status","claim","inputs","parameters","transformations","outputs","claim_refs","evidence_refs","proof_refs","error_refs","value","provenance","canonical_hash"
"obj.Kant.Codec.yVal_yamlEnc","theorem","Kant.Codec.yVal_yamlEnc","PROVEN","∀ (v : Kant.Codec.Val), Kant.Codec.YRoundTrips v","L2;S23;obj.Kant.Codec.NotDigitS22;obj.Kant.Codec.encNumY","O0;","L0;","L0;","L1;S29;claim.Kant.Codec.yVal_yamlEnc","L0;","L1;S29;proof.Kant.Codec.yVal_yamlEnc","L0;","S48;∀ (v : Kant.Codec.Val), Kant.Codec.YRoundTrips v","O7;13;source_systemS5;lean411;source_fileS35;RequestProject/Kant/Codec/Yaml.lean13;source_formatS4;text11;imported_atI+0;14;transformed_atI+451;15;transformationsL0;13;parent_objectS0;","8efd07a14c06bbea8c74aa3a07e5895d8b25bfc4a3477fecdfc3aa5ec8dba76f"
"obj.Kant.Dom.Summary.mk.sizeOf_spec","theorem","Kant.Dom.Summary.mk.sizeOf_spec","PROVEN","∀ (objects proven partiallyProven unproven contradicted proofs validProofs : Nat),   Eq     (Kant.Dom.Summary._sizeOf_inst.sizeOf       { objects := objects, proven := proven, partiallyProven := partiallyProven,         unproven := unproven, contradicted := contradicted, proofs := proofs,         validProofs := validProofs })     (instHAdd.hAdd       (instHAdd.hAdd         (instHAdd.hAdd           (instHAdd.hAdd             (instHAdd.hAdd               (instHAdd.hAdd (instHAdd.hAdd 1 (instSizeOfNat.sizeOf objects))                 (instSizeOfNat.sizeOf proven))               (instSizeOfNat.sizeOf partiallyProven))             (instSizeOfNat.sizeOf unproven))           (instSizeOfNat.sizeOf contradicted))         (instSizeOfNat.sizeOf proofs))       (instSizeOfNat.sizeOf validProofs))","L1;S20;obj.Kant.Dom.Summary","O0;","L0;","L0;","L1;S37;claim.Kant.Dom.Summary.mk.sizeOf_spec","L0;","L1;S37;proof.Kant.Dom.Summary.mk.sizeOf_spec","L0;","S794;∀ (objects proven partiallyProven unproven contradicted proofs validProofs : Nat),   Eq     (Kant.Dom.Summary._sizeOf_inst.sizeOf       { objects := objects, proven := proven, partiallyProven := partiallyProven,         unproven := unproven, contradicted := contradicted, proofs := proofs,         validProofs := validProofs })     (instHAdd.hAdd       (instHAdd.hAdd         (instHAdd.hAdd           (instHAdd.hAdd             (instHAdd.hAdd               (instHAdd.hAdd (instHAdd.hAdd 1 (instSizeOfNat.sizeOf objects))                 (instSizeOfNat.sizeOf proven))               (instSizeOfNat.sizeOf partiallyProven))             (instSizeOfNat.sizeOf unproven))           (instSizeOfNat.sizeOf contradicted))         (instSizeOfNat.sizeOf proofs))       (instSizeOfNat.sizeOf validProofs))","O7;13;source_systemS5;lean411;source_fileS38;RequestProject/Kant/Domain/Ledger.lean13;source_formatS4;text11;imported_atI+0;14;transformed_atI+0;15;transformationsL0;13;parent_objectS0;","c0f650fdf62e0b718a9ed60d2851822e90911b30e162d72b560d744c580f46e8"
"obj.Kant.Cli.accept_printMsg_of_mem","theorem","Kant.Cli.accept_printMsg_of_mem","PROVEN","∀ {ms : List Kant.Relay.Msg} {m : Kant.Relay.Msg},   m.Wire → List.instMembership.mem ms m → Eq (Kant.Relay.accept ms (Kant.Relay.printMsg m)) ms","L1;S18;obj.Kant.Relay.Msg","O0;","L0;","L0;","L1;S37;claim.Kant.Cli.accept_printMsg_of_mem","L0;","L1;S37;proof.Kant.Cli.accept_printMsg_of_mem","L0;","S145;∀ {ms : List Kant.Relay.Msg} {m : Kant.Relay.Msg},   m.Wire → List.instMembership.mem ms m → Eq (Kant.Relay.accept ms (Kant.Relay.printMsg m)) ms","O7;13;source_systemS5;lean411;source_fileS28;RequestProject/Kant/Cli.lean13;source_formatS4;text11;imported_atI+0;14;transformed_atI+646;15;transformationsL0;13;parent_objectS0;","b14e2f1a3b0dab9bab3c18428dc686200de1275ae13e26017b8435fe612f5bc6"
"obj.Kant.Codec.instInhabitedFmt.default","def","Kant.Codec.instInhabitedFmt.default","ASSERTED","Kant.Codec.Fmt","L0;","O0;","L0;","L0;","L0;","L0;","L0;","L0;","S14;Kant.Codec.Fmt","O7;13;source_systemS5;lean411;source_fileS36;RequestProject/Kant/Codec/Model.lean13;source_formatS4;text11;imported_atI+0;14;transformed_atI+54;15;transformationsL0;13;parent_objectS0;","b3c731393c41d2ccc1b4cdcc369801df761e5b66de6b0f324a07bb2add61eec5"
"obj.Kant.Wasm.step.eq_6","theorem","Kant.Wasm.step.eq_6","PROVEN","∀ (locals x : List UInt64) (op : Kant.Wasm.CmpOp),   (∀ (b a : UInt64) (st : List UInt64), Eq x (List.cons b (List.cons a st)) → False) →     Eq (Kant.Wasm.step locals (Kant.Wasm.Instr.cmpop op) x) Option.none","L0;","O0;","L0;","L0;","L1;S25;claim.Kant.Wasm.step.eq_6","L0;","L1;S25;proof.Kant.Wasm.step.eq_6","L0;","S209;∀ (locals x : List UInt64) (op : Kant.Wasm.CmpOp),   (∀ (b a : UInt64) (st : List UInt64), Eq x (List.cons b (List.cons a st)) → False) →     Eq (Kant.Wasm.step locals (Kant.Wasm.Instr.cmpop op) x) Option.none","O7;13;source_systemS5;lean411;source_fileS34;RequestProject/Wasm/Semantics.lean13;source_formatS4;text11;imported_atI+0;14;transformed_atI+0;15;transformationsL0;13;parent_objectS0;","7a554636bd3d3843971c2c841df1efa09900167229788ec9125cdd06403d4f26"
"obj.Kant.SiteCard.ofCard","def","Kant.SiteCard.ofCard","ASSERTED","Kant.SiteCard.Card → Kant.Clipboard.Envelope","L0;","O0;","L0;","L0;","L0;","L0;","L0;","L0;","S44;Kant.SiteCard.Card → Kant.Clipboard.Envelope","O7;13;source_systemS5;lean411;source_fileS33;RequestProject/Kant/SiteCard.lean13;source_formatS4;text11;imported_atI+0;14;transformed_atI+408;15;transformationsL0;13;parent_objectS0;","fdf65c7c5f37819fddd40723e0db1fdc0197c7991041907500d5a100baace142"
"obj.Kant.Dasl.Orbifold.noConfusion","def","Kant.Dasl.Orbifold.noConfusion","ASSERTED","{P : Sort u} → {t t' : Kant.Dasl.Orbifold} → Eq t t' → Kant.Dasl.Orbifold.noConfusionType P t t'","L0;","O0;","L0;","L0;","L0;","L0;","L0;","L0;","S96;{P : Sort u} → {t t' : Kant.Dasl.Orbifold} → Eq t t' → Kant.Dasl.Orbifold.noConfusionType P t t'","O7;13;source_systemS5;lean411;source_fileS29;RequestProject/Kant/Dasl.lean13;source_formatS4;text11;imported_atI+0;14;transformed_atI+189;15;transformationsL0;13;parent_objectS0;","bbe3647828427525f9efce2feee52c02c1ae1296bad39ccf438fcb47eec0966c"
"obj.Kant.Codec.canonEnc.eq_3","theorem","Kant.Codec.canonEnc.eq_3","PROVEN","Eq (Kant.Codec.canonEnc (Kant.Codec.Val.bool Bool.false)) (List.cons 'F' List.nil)","L0;","O0;","L0;","L0;","L1;S30;claim.Kant.Codec.canonEnc.eq_3","L0;","L1;S30;proof.Kant.Codec.canonEnc.eq_3","L0;","S82;Eq (Kant.Codec.canonEnc (Kant.Codec.Val.bool Bool.false)) (List.cons 'F' List.nil)","O7;13;source_systemS5;lean411;source_fileS34;RequestProject/Kant/Codec/Val.lean13;source_formatS4;text11;imported_atI+0;14;transformed_atI+0;15;transformationsL0;13;parent_objectS0;","1be4963441acf9bdb084e229b645ff5a3c47d055fbfbae77598d972ea14a6614"
"obj.Kant.Wasm.BinOp.apply.eq_7","theorem","Kant.Wasm.BinOp.apply.eq_7","PROVEN","∀ (x x_1 : UInt64), Eq (Kant.Wasm.BinOp.or.apply x x_1) (Option.some (instHOrOfOrOp.hOr x x_1))","L0;","O0;","L0;","L0;","L1;S32;claim.Kant.Wasm.BinOp.apply.eq_7","L0;","L1;S32;proof.Kant.Wasm.BinOp.apply.eq_7","L0;","S95;∀ (x x_1 : UInt64), Eq (Kant.Wasm.BinOp.or.apply x x_1) (Option.some (instHOrOfOrOp.hOr x x_1))","O7;13;source_systemS5;lean411;source_fileS34;RequestProject/Wasm/Semantics.lean13;source_formatS4;text11;imported_atI+0;14;transformed_atI+0;15;transformationsL0;13;parent_objectS0;","4d95bb066834f12128ab382b0460d5f6731ff87ce37c257321b40b773fc7b218"
"obj.Kant.CardDebug.trim","def","Kant.CardDebug.trim","ASSERTED","List Char → List Char","L0;","O0;","L0;","L0;","L0;","L0;","L0;","L0;","S21;List Char → List Char","O7;13;source_systemS5;lean411;source_fileS34;RequestProject/Kant/CardDebug.lean13;source_formatS4;text11;imported_atI+0;14;transformed_atI+64;15;transformationsL0;13;parent_objectS0;","47e377e874b03cf5ddcab28c5adfee22fe18b61684365ba7ef7a9c847dd26614"
"obj.Kant.Wasm.Decode.funcTypeDec_funcType","theorem","Kant.Wasm.Decode.funcTypeDec_funcType","PROVEN","∀ (arity : Nat) (rest : Kant.Wasm.Decode.Bytes),   Eq     (Kant.Wasm.Decode.funcTypeDec       (instHAppendOfAppend.hAppend (Kant.Wasm.Encode.funcType arity) rest))     (Option.some { fst := arity, snd := rest })","L1;S24;obj.Kant.Wasm.Decode.tag","O0;","L0;","L0;","L1;S43;claim.Kant.Wasm.Decode.funcTypeDec_funcType","L0;","L1;S43;proof.Kant.Wasm.Decode.funcTypeDec_funcType","L0;","S211;∀ (arity : Nat) (rest : Kant.Wasm.Decode.Bytes),   Eq     (Kant.Wasm.Decode.funcTypeDec       (instHAppendOfAppend.hAppend (Kant.Wasm.Encode.funcType arity) rest))     (Option.some { fst := arity, snd := rest })","O7;13;source_systemS5;lean411;source_fileS31;RequestProject/Wasm/Decode.lean13;source_formatS4;text11;imported_atI+0;14;transformed_atI+218;15;transformationsL0;13;parent_objectS0;","cd03d29687d1fed83f52ea894032560b1c8092797bee97a60864385c3a4eb379"
"obj.Kant.SiteCard.instDecidableEqConfig.decEq.match_1","def","Kant.SiteCard.instDecidableEqConfig.decEq.match_1","ASSERTED","(motive : Kant.SiteCard.Config → Kant.SiteCard.Config → Sort u_1) →   (x x_1 : Kant.SiteCard.Config) →     ((a a_1 a_2 a_3 b b_1 b_2 b_3 : List Char) →         motive { origin := a, caption := a_1, picture := a_2, alt := a_3 }           { origin := b, caption := b_1, picture := b_2, alt := b_3 }) →       motive x x_1","L1;S24;obj.Kant.SiteCard.Config","O0;","L0;","L0;","L0;","L0;","L0;","L0;","S318;(motive : Kant.SiteCard.Config → Kant.SiteCard.Config → Sort u_1) →   (x x_1 : Kant.SiteCard.Config) →     ((a a_1 a_2 a_3 b b_1 b_2 b_3 : List Char) →         motive { origin := a, caption := a_1, picture := a_2, alt := a_3 }           { origin := b, caption := b_1, picture := b_2, alt := b_3 }) →       motive x x_1","O7;13;source_systemS5;lean411;source_fileS33;RequestProject/Kant/SiteCard.lean13;source_formatS4;text11;imported_atI+0;14;transformed_atI+0;15;transformationsL0;13;parent_objectS0;","6e83249cb3d40987947c13977f020d94703801a11a024e9de1b8f2f2e67d676a"
"obj.Kant.PlainText.bodyOf.eq_1","theorem","Kant.PlainText.bodyOf.eq_1","PROVEN","∀ (s : List Char),   Eq (Kant.PlainText.bodyOf s)     (Kant.PlainText.joinCh '\n'       (List.takeWhile (fun l => Decidable.decide (Ne l Kant.PlainText.sigMark))         (Kant.PlainText.lines s)))","L0;","O0;","L0;","L0;","L1;S32;claim.Kant.PlainText.bodyOf.eq_1","L0;","L1;S32;proof.Kant.PlainText.bodyOf.eq_1","L0;","S196;∀ (s : List Char),   Eq (Kant.PlainText.bodyOf s)     (Kant.PlainText.joinCh '\n'       (List.takeWhile (fun l => Decidable.decide (Ne l Kant.PlainText.sigMark))         (Kant.PlainText.lines s)))","O7;13;source_systemS5;lean411;source_fileS34;RequestProject/Kant/PlainText.lean13;source_formatS4;text11;imported_atI+0;14;transformed_atI+0;15;transformationsL0;13;parent_objectS0;","1950d5c81a4317ff299bab08d5a9d7bce2170c822251a1ad8ae771b67f63296a"
"obj.Kant.Codec.ipdlAnnotKey","def","Kant.Codec.ipdlAnnotKey","ASSERTED","List Char","L0;","O0;","L0;","L0;","L0;","L0;","L0;","L0;","S9;List Char","O7;13;source_systemS5;lean411;source_fileS35;RequestProject/Kant/Codec/Ipdl.lean13;source_formatS4;text11;imported_atI+0;14;transformed_atI+52;15;transformationsL0;13;parent_objectS0;","90c65b969cd4a0158cb615a84c5315b2eda2e21f883e638f4d7eeaf83734e7ac"
"obj.Kant.Dom.ledger_stable","theorem","Kant.Dom.ledger_stable","PROVEN","∀ (f : Kant.Codec.Fmt) (d : Kant.Dom.Domain),   Eq (Option.map Kant.Dom.ledger (Kant.Dom.parse f (Kant.Dom.emit f d)))     (Option.some (Kant.Dom.ledger d))","L0;","O0;","L0;","L0;","L1;S28;claim.Kant.Dom.ledger_stable","L0;","L1;S28;proof.Kant.Dom.ledger_stable","L0;","S156;∀ (f : Kant.Codec.Fmt) (d : Kant.Dom.Domain),   Eq (Option.map Kant.Dom.ledger (Kant.Dom.parse f (Kant.Dom.emit f d)))     (Option.some (Kant.Dom.ledger d))","O7;13;source_systemS5;lean411;source_fileS38;RequestProject/Kant/Domain/Ledger.lean13;source_formatS4;text11;imported_atI+0;14;transformed_atI+277;15;transformationsL0;13;parent_objectS0;","6eeef70b5202fae32ea17d69b79ab128be8e378b3dbb792964c9c6efbec0e56e"
"obj.Kant.Wasm.Expr","inductive","Kant.Wasm.Expr","ASSERTED","Type","L0;","O0;","L0;","L0;","L0;","L0;","L0;","L0;","S4;Type","O7;13;source_systemS5;lean411;source_fileS31;RequestProject/Wasm/Syntax.lean13;source_formatS4;text11;imported_atI+0;14;transformed_atI+49;15;transformationsL0;13;parent_objectS0;","e0adf07be788c212ae28ffc1c9d5e3757dfb397c1f58408c25d17aeab4f66c6f"
"obj.Kant.Rendezvous.toAnnounce.match_1","def","Kant.Rendezvous.toAnnounce.match_1","ASSERTED","(motive : List Kant.Bytes.Blob → Sort u_1) →   (x : List Kant.Bytes.Blob) →     ((p s : Kant.Bytes.Blob) →         (rest : List Kant.Bytes.Blob) → motive (List.cons p (List.cons s rest))) →       ((x : List Kant.Bytes.Blob) → motive x) → motive x","L0;","O0;","L0;","L0;","L0;","L0;","L0;","L0;","S246;(motive : List Kant.Bytes.Blob → Sort u_1) →   (x : List Kant.Bytes.Blob) →     ((p s : Kant.Bytes.Blob) →         (rest : List Kant.Bytes.Blob) → motive (List.cons p (List.cons s rest))) →       ((x : List Kant.Bytes.Blob) → motive x) → motive x","O7;13;source_systemS5;lean411;source_fileS35;RequestProject/Kant/Rendezvous.lean13;source_formatS4;text11;imported_atI+0;14;transformed_atI+0;15;transformationsL0;13;parent_objectS0;","55e1115ada9d75cfb6df49a859d5cffc1b0642206d09bd95adc033f980112b82"
"obj.Kant.Clipboard.instDecidableEqReceipt.decEq","def","Kant.Clipboard.instDecidableEqReceipt.decEq","ASSERTED","(x x_1 : Kant.Clipboard.Receipt) → Decidable (Eq x x_1)","L1;S26;obj.Kant.Clipboard.Receipt","O0;","L0;","L0;","L0;","L0;","L0;","L0;","S55;(x x_1 : Kant.Clipboard.Receipt) → Decidable (Eq x x_1)","O7;13;source_systemS5;lean411;source_fileS34;RequestProject/Kant/Clipboard.lean13;source_formatS4;text11;imported_atI+0;14;transformed_atI+292;15;transformationsL0;13;parent_objectS0;","545d88eb24a6a744fb698a31ae0ea9973b4c22b65c63de82cd8801335b460205"
"obj.Kant.Dom.Rel.references.elim","def","Kant.Dom.Rel.references.elim","ASSERTED","{motive : Kant.Dom.Rel → Sort u} →   (t : Kant.Dom.Rel) → Eq t.ctorIdx 8 → motive Kant.Dom.Rel.references → motive t","L0;","O0;","L0;","L0;","L0;","L0;","L0;","L0;","S116;{motive : Kant.Dom.Rel → Sort u} →   (t : Kant.Dom.Rel) → Eq t.ctorIdx 8 → motive Kant.Dom.Rel.references → motive t","O7;13;source_systemS5;lean411;source_fileS37;RequestProject/Kant/Domain/Model.lean13;source_formatS4;text11;imported_atI+0;14;transformed_atI+69;15;transformationsL0;13;parent_objectS0;","93587a37ca21004aa79d480743bde2d579497a47180f6dd4c7ecf012723ad2ff"
"obj.Kant.Sneakernet.instReprChannel.repr.match_1","def","Kant.Sneakernet.instReprChannel.repr.match_1","ASSERTED","(motive : Kant.Sneakernet.Channel → Sort u_1) →   (x : Kant.Sneakernet.Channel) →     (Unit → motive Kant.Sneakernet.Channel.url) →       (Unit → motive Kant.Sneakernet.Channel.qr) →         (Unit → motive Kant.Sneakernet.Channel.animatedQr) →           (Unit → motive Kant.Sneakernet.Channel.wav) →             (Unit → motive Kant.Sneakernet.Channel.morse) →               (Unit → motive Kant.Sneakernet.Channel.stegoPng) →                 (Unit → motive Kant.Sneakernet.Channel.svg) →                   (Unit → motive Kant.Sneakernet.Channel.animatedGif) →                     (Unit → motive Kant.Sneakernet.Channel.socialVideo) →                       (Unit → motive Kant.Sneakernet.Channel.ipfsBlock) →                         (Unit → motive Kant.Sneakernet.Channel.torrentPiece) →                           (Unit → motive Kant.Sneakernet.Channel.irohBlob) → motive x","L0;","O0;","L0;","L0;","L0;","L0;","L0;","L0;","S871;(motive : Kant.Sneakernet.Channel → Sort u_1) →   (x : Kant.Sneakernet.Channel) →     (Unit → motive Kant.Sneakernet.Channel.url) →       (Unit → motive Kant.Sneakernet.Channel.qr) →         (Unit → motive Kant.Sneakernet.Channel.animatedQr) →           (Unit → motive Kant.Sneakernet.Channel.wav) →             (Unit → motive Kant.Sneakernet.Channel.morse) →               (Unit → motive Kant.Sneakernet.Channel.stegoPng) →                 (Unit → motive Kant.Sneakernet.Channel.svg) →                   (Unit → motive Kant.Sneakernet.Channel.animatedGif) →                     (Unit → motive Kant.Sneakernet.Channel.socialVideo) →                       (Unit → motive Kant.Sneakernet.Channel.ipfsBlock) →                         (Unit → motive Kant.Sneakernet.Channel.torrentPiece) →                           (Unit → motive Kant.Sneakernet.Channel.irohBlob) → motive x","O7;13;source_systemS5;lean411;source_fileS35;RequestProject/Kant/Sneakernet.lean13;source_formatS4;text11;imported_atI+0;14;transformed_atI+0;15;transformationsL0;13;parent_objectS0;","9bea646a758557de9b934276e1753ed939d4cc58b30890e0bd21d3badcadaf4b"
"obj.Kant.Codec.canonEncList","def","Kant.Codec.canonEncList","ASSERTED","List Kant.Codec.Val → List Char","L0;","O0;","L0;","L0;","L0;","L0;","L0;","L0;","S31;List Kant.Codec.Val → List Char","O7;13;source_systemS5;lean411;source_fileS34;RequestProject/Kant/Codec/Val.lean13;source_formatS4;text11;imported_atI+0;14;transformed_atI+242;15;transformationsL0;13;parent_objectS0;","fbee81ad2930c831698b8501a926e956e05b8e823ea3bfab8f6bdb6a30634110"
"obj.Kant.Wasm.Decode.tag","def","Kant.Wasm.Decode.tag","ASSERTED","UInt8 → Kant.Wasm.Decode.Bytes → Option Kant.Wasm.Decode.Bytes","L0;","O0;","L0;","L0;","L0;","L0;","L0;","L0;","S62;UInt8 → Kant.Wasm.Decode.Bytes → Option Kant.Wasm.Decode.Bytes","O7;13;source_systemS5;lean411;source_fileS31;RequestProject/Wasm/Decode.lean13;source_formatS4;text11;imported_atI+0;14;transformed_atI+71;15;transformationsL0;13;parent_objectS0;","68ebe3f45598e17a61aab0e7a6bf39fd6352df619a7151b44eb171f3f4d70c77"
"obj.Kant.Codec.Err.actual","def","Kant.Codec.Err.actual","ASSERTED","Kant.Codec.Err → List Char","L0;","O0;","L0;","L0;","L0;","L0;","L0;","L0;","S26;Kant.Codec.Err → List Char","O7;13;source_systemS5;lean411;source_fileS36;RequestProject/Kant/Codec/Model.lean13;source_formatS4;text11;imported_atI+0;14;transformed_atI+230;15;transformationsL0;13;parent_objectS0;","fc6d43b116900f5ca1542a40036c5827df0bbc0d0c1bcf0a718f3c02dfb386c5"
"obj.Kant.Dom.Evid.machineChecked.elim","def","Kant.Dom.Evid.machineChecked.elim","ASSERTED","{motive : Kant.Dom.Evid → Sort u} →   (t : Kant.Dom.Evid) → Eq t.ctorIdx 2 → motive Kant.Dom.Evid.machineChecked → motive t","L1;S25;obj.Kant.Dom.Evid.ctorIdx","O0;","L0;","L0;","L0;","L0;","L0;","L0;","S123;{motive : Kant.Dom.Evid → Sort u} →   (t : Kant.Dom.Evid) → Eq t.ctorIdx 2 → motive Kant.Dom.Evid.machineChecked → motive t","O7;13;source_systemS5;lean411;source_fileS37;RequestProject/Kant/Domain/Model.lean13;source_formatS4;text11;imported_atI+0;14;transformed_atI+63;15;transformationsL0;13;parent_objectS0;","176b4564c63c2eff8555c189db3f067ca749c2885d54614d554495406c7847aa"
"obj.Kant.Paste.cid","def","Kant.Paste.cid","ASSERTED","Kant.Paste → Nat","L0;","O0;","L0;","L0;","L0;","L0;","L0;","L0;","S16;Kant.Paste → Nat","O7;13;source_systemS5;lean411;source_fileS30;RequestProject/Kant/Paste.lean13;source_formatS4;text11;imported_atI+0;14;transformed_atI+54;15;transformationsL0;13;parent_objectS0;","fbc609d1d341d9fda2792a2fdc15248a20e20ee480c3f6570437dd9f12959844"
"obj.Kant.Onboarding.State.progress","def","Kant.Onboarding.State.progress","ASSERTED","Kant.Onboarding.State → Kant.Onboarding.Progress","L0;","O0;","L0;","L0;","L0;","L0;","L0;","L0;","S48;Kant.Onboarding.State → Kant.Onboarding.Progress","O7;13;source_systemS5;lean411;source_fileS35;RequestProject/Kant/Onboarding.lean13;source_formatS4;text11;imported_atI+0;14;transformed_atI+122;15;transformationsL0;13;parent_objectS0;","ff1ac0d1d639cb6e84dd50f047a321a147f69a76d5ae0a485bb7a45cb45c5eab"
"obj.Kant.Wasm.CmpOp.gtu.sizeOf_spec","theorem","Kant.Wasm.CmpOp.gtu.sizeOf_spec","PROVEN","Eq (Kant.Wasm.CmpOp._sizeOf_inst.sizeOf Kant.Wasm.CmpOp.gtu) 1","L0;","O0;","L0;","L0;","L1;S37;claim.Kant.Wasm.CmpOp.gtu.sizeOf_spec","L0;","L1;S37;proof.Kant.Wasm.CmpOp.gtu.sizeOf_spec","L0;","S62;Eq (Kant.Wasm.CmpOp._sizeOf_inst.sizeOf Kant.Wasm.CmpOp.gtu) 1","O7;13;source_systemS5;lean411;source_fileS31;RequestProject/Wasm/Syntax.lean13;source_formatS4;text11;imported_atI+0;14;transformed_atI+0;15;transformationsL0;13;parent_objectS0;","030ef353736a1cdb46be74b18e7f132898989ecf6cdd9541cac772574effc18e"
"obj.Kant.Codec.canonDecode_canonEnc","theorem","Kant.Codec.canonDecode_canonEnc","PROVEN","∀ (v : Kant.Codec.Val), Eq (Kant.Codec.canonDecode (Kant.Codec.canonEnc v)) (Option.some v)","L0;","O0;","L0;","L0;","L1;S37;claim.Kant.Codec.canonDecode_canonEnc","L0;","L1;S37;proof.Kant.Codec.canonDecode_canonEnc","L0;","S91;∀ (v : Kant.Codec.Val), Eq (Kant.Codec.canonDecode (Kant.Codec.canonEnc v)) (Option.some v)","O7;13;source_systemS5;lean411;source_fileS34;RequestProject/Kant/Codec/Val.lean13;source_formatS4;text11;imported_atI+0;14;transformed_atI+414;15;transformationsL0;13;parent_objectS0;","7e5dfece3cbf3e027f9f8a918d1922e50da8814832ce5e7cc74fb00b0178b7ef"
"obj.Kant.Cli.Cmd.join.elim","def","Kant.Cli.Cmd.join.elim","ASSERTED","{motive : Kant.Cli.Cmd → Sort u} →   (t : Kant.Cli.Cmd) →     Eq t.ctorIdx 3 → ((text : List Char) → motive (Kant.Cli.Cmd.join text)) → motive t","L0;","O0;","L0;","L0;","L0;","L0;","L0;","L0;","S144;{motive : Kant.Cli.Cmd → Sort u} →   (t : Kant.Cli.Cmd) →     Eq t.ctorIdx 3 → ((text : List Char) → motive (Kant.Cli.Cmd.join text)) → motive t","O7;13;source_systemS5;lean411;source_fileS28;RequestProject/Kant/Cli.lean13;source_formatS4;text11;imported_atI+0;14;transformed_atI+719;15;transformationsL0;13;parent_objectS0;","fb8a6450f0b91df7504ccbd300292fe478e738d3b340b52d821e1886206dd03a"
"obj.Kant.Codec.embedList.eq_2","theorem","Kant.Codec.embedList.eq_2","PROVEN","∀ (x_1 : Kant.Codec.Val) (xs : List Kant.Codec.Val),   Eq (Kant.Codec.embedList (List.cons x_1 xs))     (List.cons (Kant.Codec.embed x_1) (Kant.Codec.embedList xs))","L0;","O0;","L0;","L0;","L1;S31;claim.Kant.Codec.embedList.eq_2","L0;","L1;S31;proof.Kant.Codec.embedList.eq_2","L0;","S164;∀ (x_1 : Kant.Codec.Val) (xs : List Kant.Codec.Val),   Eq (Kant.Codec.embedList (List.cons x_1 xs))     (List.cons (Kant.Codec.embed x_1) (Kant.Codec.embedList xs))","O7;13;source_systemS5;lean411;source_fileS35;RequestProject/Kant/Codec/Ipdl.lean13;source_formatS4;text11;imported_atI+0;14;transformed_atI+0;15;transformationsL0;13;parent_objectS0;","117e9af46b67d8544e46452af4535d4ff1b998ca12a26d0a7c8c26ea98be5a75"
"obj.Kant.Dasl.mergeAll","def","Kant.Dasl.mergeAll","ASSERTED","List Nat → Nat","L0;","O0;","L0;","L0;","L0;","L0;","L0;","L0;","S14;List Nat → Nat","O7;13;source_systemS5;lean411;source_fileS29;RequestProject/Kant/Dasl.lean13;source_formatS4;text11;imported_atI+0;14;transformed_atI+377;15;transformationsL0;13;parent_objectS0;","11b9bec13f28453f371a5900500c44047a8bfeb76e386ad5c61b0a1018f924aa"
"obj.Kant.Feed.timeline_page_size","theorem","Kant.Feed.timeline_page_size","PROVEN","∀ {st : Kant.Store} {q : List Char} {size : Nat} (pg : List Kant.Feed.Row),   List.instMembership.mem (Kant.Feed.timeline st q size) pg → instLENat.le pg.length size","L1;S20;obj.Kant.Feed.newest","O0;","L0;","L0;","L1;S34;claim.Kant.Feed.timeline_page_size","L0;","L1;S34;proof.Kant.Feed.timeline_page_size","L0;","S165;∀ {st : Kant.Store} {q : List Char} {size : Nat} (pg : List Kant.Feed.Row),   List.instMembership.mem (Kant.Feed.timeline st q size) pg → instLENat.le pg.length size","O7;13;source_systemS5;lean411;source_fileS29;RequestProject/Kant/Feed.lean13;source_formatS4;text11;imported_atI+0;14;transformed_atI+305;15;transformationsL0;13;parent_objectS0;","2a88ff9b3d4e555cf1c063222780861f25e9d80227b634b2a512c07b35239745"
"obj.Kant.Wasm.Decode.instDecidableEqRawInstr.decEq","def","Kant.Wasm.Decode.instDecidableEqRawInstr.decEq","ASSERTED","(x x_1 : Kant.Wasm.Decode.RawInstr) → Decidable (Eq x x_1)","L1;S34;obj.Kant.Wasm.instDecidableEqBinOp","O0;","L0;","L0;","L0;","L0;","L0;","L0;","S58;(x x_1 : Kant.Wasm.Decode.RawInstr) → Decidable (Eq x x_1)","O7;13;source_systemS5;lean411;source_fileS31;RequestProject/Wasm/Decode.lean13;source_formatS4;text11;imported_atI+0;14;transformed_atI+49;15;transformationsL0;13;parent_objectS0;","8b0fc315dc301a66c16ca0ef7641c4c1625500d354da60b8c16258180c94d663"
"obj.Kant.Uucp.Node.noConfusion","def","Kant.Uucp.Node.noConfusion","ASSERTED","{P : Sort u} → {t t' : Kant.Uucp.Node} → Eq t t' → Kant.Uucp.Node.noConfusionType P t t'","L2;S34;obj.Kant.Uucp.Node.noConfusionTypeS18;obj.Kant.Relay.Msg","O0;","L0;","L0;","L0;","L0;","L0;","L0;","S88;{P : Sort u} → {t t' : Kant.Uucp.Node} → Eq t t' → Kant.Uucp.Node.noConfusionType P t t'","O7;13;source_systemS5;lean411;source_fileS29;RequestProject/Kant/Uucp.lean13;source_formatS4;text11;imported_atI+0;14;transformed_atI+361;15;transformationsL0;13;parent_objectS0;","e53b3ff229e50d53485acb14f860cef0642f33e75f1e1e891e09bb016e13e4c6"
"obj.Kant.Dom.Repair.stringToInteger.sizeOf_spec","theorem","Kant.Dom.Repair.stringToInteger.sizeOf_spec","PROVEN","Eq (Kant.Dom.Repair._sizeOf_inst.sizeOf Kant.Dom.Repair.stringToInteger) 1","L0;","O0;","L0;","L0;","L1;S49;claim.Kant.Dom.Repair.stringToInteger.sizeOf_spec","L0;","L1;S49;proof.Kant.Dom.Repair.stringToInteger.sizeOf_spec","L0;","S74;Eq (Kant.Dom.Repair._sizeOf_inst.sizeOf Kant.Dom.Repair.stringToInteger) 1","O7;13;source_systemS5;lean411;source_fileS38;RequestProject/Kant/Domain/Policy.lean13;source_formatS4;text11;imported_atI+0;14;transformed_atI+0;15;transformationsL0;13;parent_objectS0;","307bb1aadac0be9a0150582ff9df649deb8f5e509bb8af14b40e9fcba02db097"
"obj.Kant.SiteCard.cardSvg_picture_used","theorem","Kant.SiteCard.cardSvg_picture_used","PROVEN","∀ (k : Kant.SiteCard.Card) (modules : List (List Bool)) (scale border : Nat),   (Kant.Erdfa.escape k.picture).IsInfix (Kant.SiteCard.cardSvg k modules scale border)","L1;S27;obj.Kant.SiteCard.gridRects","O0;","L0;","L0;","L1;S40;claim.Kant.SiteCard.cardSvg_picture_used","L0;","L1;S40;proof.Kant.SiteCard.cardSvg_picture_used","L0;","S164;∀ (k : Kant.SiteCard.Card) (modules : List (List Bool)) (scale border : Nat),   (Kant.Erdfa.escape k.picture).IsInfix (Kant.SiteCard.cardSvg k modules scale border)","O7;13;source_systemS5;lean411;source_fileS33;RequestProject/Kant/SiteCard.lean13;source_formatS4;text11;imported_atI+0;14;transformed_atI+615;15;transformationsL0;13;parent_objectS0;","1bae965bb802187a83fed7e388ac142d4d0b983bf3a6c1449e54e79834d44fa7"
"obj.Kant.Wasm.instInhabitedInstr.default","def","Kant.Wasm.instInhabitedInstr.default","ASSERTED","Kant.Wasm.Instr","L0;","O0;","L0;","L0;","L0;","L0;","L0;","L0;","S15;Kant.Wasm.Instr","O7;13;source_systemS5;lean411;source_fileS31;RequestProject/Wasm/Syntax.lean13;source_formatS4;text11;imported_atI+0;14;transformed_atI+47;15;transformationsL0;13;parent_objectS0;","bc44ed6717b68a3905d3e7465eceba568ac5d61e2bf29bf3580ae07900c46090"
"obj.Kant.Sync.Feed.casesOn","def","Kant.Sync.Feed.casesOn","ASSERTED","{motive : Kant.Sync.Feed → Sort u} →   (t : Kant.Sync.Feed) →     ((source : Kant.Sync.Source) →         (blocks : List Kant.Paste) → motive { source := source, blocks := blocks }) →       motive t","L0;","O0;","L0;","L0;","L0;","L0;","L0;","L0;","S197;{motive : Kant.Sync.Feed → Sort u} →   (t : Kant.Sync.Feed) →     ((source : Kant.Sync.Source) →         (blocks : List Kant.Paste) → motive { source := source, blocks := blocks }) →       motive t","O7;13;source_systemS5;lean411;source_fileS29;RequestProject/Kant/Sync.lean13;source_formatS4;text11;imported_atI+0;14;transformed_atI+41;15;transformationsL0;13;parent_objectS0;","c1e40d2729cac145666f47151e1e5be26d5c609b722ed21f2190ef589b9bc85c"
"obj.Kant.Wasm.Module.mk.inj","theorem","Kant.Wasm.Module.mk.inj","PROVEN","∀ {funcs funcs_1 : List Kant.Wasm.Func},   Eq { funcs := funcs } { funcs := funcs_1 } → Eq funcs funcs_1","L0;","O0;","L0;","L0;","L1;S29;claim.Kant.Wasm.Module.mk.inj","L0;","L1;S29;proof.Kant.Wasm.Module.mk.inj","L0;","S104;∀ {funcs funcs_1 : List Kant.Wasm.Func},   Eq { funcs := funcs } { funcs := funcs_1 } → Eq funcs funcs_1","O7;13;source_systemS5;lean411;source_fileS31;RequestProject/Wasm/Syntax.lean13;source_formatS4;text11;imported_atI+0;14;transformed_atI+0;15;transformationsL0;13;parent_objectS0;","0ca1a237bc66e17b4785d96d5ce9eb88ee608a3662789699c64b5975449c3576"
"obj.Kant.Demo.demoCircuit","def","Kant.Demo.demoCircuit","ASSERTED","Kant.CodeMovie.Circuit","L0;","O0;","L0;","L0;","L0;","L0;","L0;","L0;","S22;Kant.CodeMovie.Circuit","O7;13;source_systemS5;lean411;source_fileS29;RequestProject/Kant/Demo.lean13;source_formatS4;text11;imported_atI+0;14;transformed_atI+295;15;transformationsL0;13;parent_objectS0;","80c8ce6d101e6560dcf72a7048d5fbd34cea602d03527946755c44182162f0b9"
"obj.Kant.Codec.Fmt.ofName","def","Kant.Codec.Fmt.ofName","ASSERTED","List Char → Option Kant.Codec.Fmt","L0;","O0;","L0;","L0;","L0;","L0;","L0;","L0;","S33;List Char → Option Kant.Codec.Fmt","O7;13;source_systemS5;lean411;source_fileS36;RequestProject/Kant/Codec/Model.lean13;source_formatS4;text11;imported_atI+0;14;transformed_atI+126;15;transformationsL0;13;parent_objectS0;","7640b53089b10d148645d889251ec9dfac7430fd86436fda0b7af3dd32223495"
"obj.Kant.Diagnostics.joinLines.eq_1","theorem","Kant.Diagnostics.joinLines.eq_1","PROVEN","Eq (Kant.Diagnostics.joinLines List.nil) List.nil","L0;","O0;","L0;","L0;","L1;S37;claim.Kant.Diagnostics.joinLines.eq_1","L0;","L1;S37;proof.Kant.Diagnostics.joinLines.eq_1","L0;","S49;Eq (Kant.Diagnostics.joinLines List.nil) List.nil","O7;13;source_systemS5;lean411;source_fileS36;RequestProject/Kant/Diagnostics.lean13;source_formatS4;text11;imported_atI+0;14;transformed_atI+0;15;transformationsL0;13;parent_objectS0;","a5180f1e58c07891f8766f575ab2d18e82fafc4d2a490c4b75614d37294f17c8"
"obj.Kant.Codec.Ipdl.ref.sizeOf_spec","theorem","Kant.Codec.Ipdl.ref.sizeOf_spec","PROVEN","∀ (target : List Char),   Eq (Kant.Codec.Ipdl._sizeOf_inst.sizeOf (Kant.Codec.Ipdl.ref target))     (instHAdd.hAdd 1 ((List._sizeOf_inst Char).sizeOf target))","L0;","O0;","L0;","L0;","L1;S37;claim.Kant.Codec.Ipdl.ref.sizeOf_spec","L0;","L1;S37;proof.Kant.Codec.Ipdl.ref.sizeOf_spec","L0;","S158;∀ (target : List Char),   Eq (Kant.Codec.Ipdl._sizeOf_inst.sizeOf (Kant.Codec.Ipdl.ref target))     (instHAdd.hAdd 1 ((List._sizeOf_inst Char).sizeOf target))","O7;13;source_systemS5;lean411;source_fileS35;RequestProject/Kant/Codec/Ipdl.lean13;source_formatS4;text11;imported_atI+0;14;transformed_atI+0;15;transformationsL0;13;parent_objectS0;","13aea9f7c4199240cfed7bb7de7ecf53248481e19778cc2eb0ec2e540e871301"
"obj.Kant.Connectivity.RelayUsable.eq_1","theorem","Kant.Connectivity.RelayUsable.eq_1","PROVEN","∀ (r : Kant.Connectivity.Reachability),   Eq (Kant.Connectivity.RelayUsable r)     (ite (Eq r.configured List.nil) (Eq r.originIsRelay Bool.true) (Eq r.configuredUp Bool.true))","L1;S45;obj.Kant.Connectivity.Reachability.configured","O0;","L0;","L0;","L1;S40;claim.Kant.Connectivity.RelayUsable.eq_1","L0;","L1;S40;proof.Kant.Connectivity.RelayUsable.eq_1","L0;","S176;∀ (r : Kant.Connectivity.Reachability),   Eq (Kant.Connectivity.RelayUsable r)     (ite (Eq r.configured List.nil) (Eq r.originIsRelay Bool.true) (Eq r.configuredUp Bool.true))","O7;13;source_systemS5;lean411;source_fileS37;RequestProject/Kant/Connectivity.lean13;source_formatS4;text11;imported_atI+0;14;transformed_atI+0;15;transformationsL0;13;parent_objectS0;","ba4efc79cc12e282b8d18b2cc39f263dc4209d7f0bf5d214cf34bfb92dca60ff"
"obj.Kant.Diagnostics.ofEvent.eq_1","theorem","Kant.Diagnostics.ofEvent.eq_1","PROVEN","∀ (e : Kant.Diagnostics.Event),   Eq (Kant.Diagnostics.ofEvent e)     { tag := Kant.Diagnostics.tagLog,       fields :=         List.cons (Kant.Text.natToBytesBE e.seq)           (List.cons (Kant.Text.natToBytesBE e.ms)             (List.cons (List.cons e.level.code List.nil)               (List.cons (List.cons e.area.code List.nil)                 (List.cons (Kant.Text.asciiBytes e.text)                   (List.cons (Kant.Text.asciiBytes e.detail) List.nil))))) }","L0;","O0;","L0;","L0;","L1;S35;claim.Kant.Diagnostics.ofEvent.eq_1","L0;","L1;S35;proof.Kant.Diagnostics.ofEvent.eq_1","L0;","S468;∀ (e : Kant.Diagnostics.Event),   Eq (Kant.Diagnostics.ofEvent e)     { tag := Kant.Diagnostics.tagLog,       fields :=         List.cons (Kant.Text.natToBytesBE e.seq)           (List.cons (Kant.Text.natToBytesBE e.ms)             (List.cons (List.cons e.level.code List.nil)               (List.cons (List.cons e.area.code List.nil)                 (List.cons (Kant.Text.asciiBytes e.text)                   (List.cons (Kant.Text.asciiBytes e.detail) List.nil))))) }","O7;13;source_systemS5;lean411;source_fileS36;RequestProject/Kant/Diagnostics.lean13;source_formatS4;text11;imported_atI+0;14;transformed_atI+0;15;transformationsL0;13;parent_objectS0;","2e6f5a0b2adb42e47f62a7b93afd29cfd2b00859b5d1aa6a5e17457c4a8c79f5"
"obj.Kant.Wasm.Expr.eval_isSome_of_wf","theorem","Kant.Wasm.Expr.eval_isSome_of_wf","PROVEN","∀ {arity : Nat} {locals : List UInt64},   instLENat.le arity locals.length →     ∀ {e : Kant.Wasm.Expr},       Kant.Wasm.Expr.Wf arity e → Eq (Kant.Wasm.Expr.eval locals e).isSome Bool.true","L1;S18;obj.Kant.Wasm.Expr","O0;","L0;","L0;","L1;S38;claim.Kant.Wasm.Expr.eval_isSome_of_wf","L0;","L1;S38;proof.Kant.Wasm.Expr.eval_isSome_of_wf","L0;","S189;∀ {arity : Nat} {locals : List UInt64},   instLENat.le arity locals.length →     ∀ {e : Kant.Wasm.Expr},       Kant.Wasm.Expr.Wf arity e → Eq (Kant.Wasm.Expr.eval locals e).isSome Bool.true","O7;13;source_systemS5;lean411;source_fileS34;RequestProject/Wasm/Semantics.lean13;source_formatS4;text11;imported_atI+0;14;transformed_atI+116;15;transformationsL0;13;parent_objectS0;","b58168304fcc858423fb01b2114f2b3794b34dc25138ec1a49aef07ea067372d"
"obj.Kant.Onboarding.nextTask_eq_none_iff","theorem","Kant.Onboarding.nextTask_eq_none_iff","PROVEN","∀ (p : Kant.Onboarding.Progress),   Iff (Eq (Kant.Onboarding.nextTask p) Option.none)     (And (Eq p.gotIn Bool.true) (And (Eq p.sharedIt Bool.true) (Eq p.saidHello Bool.true)))","L0;","O0;","L0;","L0;","L1;S42;claim.Kant.Onboarding.nextTask_eq_none_iff","L0;","L1;S42;proof.Kant.Onboarding.nextTask_eq_none_iff","L0;","S177;∀ (p : Kant.Onboarding.Progress),   Iff (Eq (Kant.Onboarding.nextTask p) Option.none)     (And (Eq p.gotIn Bool.true) (And (Eq p.sharedIt Bool.true) (Eq p.saidHello Bool.true)))","O7;13;source_systemS5;lean411;source_fileS35;RequestProject/Kant/Onboarding.lean13;source_formatS4;text11;imported_atI+0;14;transformed_atI+322;15;transformationsL0;13;parent_objectS0;","819413424ec89483de8ee9a4f38fecc025a68d5273e5d669f1bdc38a3c0005d6"
"obj.Kant.Onboarding.Progress.mk.injEq","theorem","Kant.Onboarding.Progress.mk.injEq","PROVEN","∀ (gotIn sharedIt saidHello gotIn_1 sharedIt_1 saidHello_1 : Bool),   Eq     (Eq { gotIn := gotIn, sharedIt := sharedIt, saidHello := saidHello }       { gotIn := gotIn_1, sharedIt := sharedIt_1, saidHello := saidHello_1 })     (And (Eq gotIn gotIn_1) (And (Eq sharedIt sharedIt_1) (Eq saidHello saidHello_1)))","L0;","O0;","L0;","L0;","L1;S39;claim.Kant.Onboarding.Progress.mk.injEq","L0;","L1;S39;proof.Kant.Onboarding.Progress.mk.injEq","L0;","S310;∀ (gotIn sharedIt saidHello gotIn_1 sharedIt_1 saidHello_1 : Bool),   Eq     (Eq { gotIn := gotIn, sharedIt := sharedIt, saidHello := saidHello }       { gotIn := gotIn_1, sharedIt := sharedIt_1, saidHello := saidHello_1 })     (And (Eq gotIn gotIn_1) (And (Eq sharedIt sharedIt_1) (Eq saidHello saidHello_1)))","O7;13;source_systemS5;lean411;source_fileS35;RequestProject/Kant/Onboarding.lean13;source_formatS4;text11;imported_atI+0;14;transformed_atI+0;15;transformationsL0;13;parent_objectS0;","87596a88c68fb2615050282ec11fa36e413ed32936125af3f9440aae4a70d980"
"obj.Kant.Clipboard.Receipt.mk.sizeOf_spec","theorem","Kant.Clipboard.Receipt.mk.sizeOf_spec","PROVEN","∀ (witness : List Char) (cid bytes credits : Nat),   Eq     (Kant.Clipboard.Receipt._sizeOf_inst.sizeOf       { witness := witness, cid := cid, bytes := bytes, credits := credits })     (instHAdd.hAdd       (instHAdd.hAdd         (instHAdd.hAdd (instHAdd.hAdd 1 ((List._sizeOf_inst Char).sizeOf witness))           (instSizeOfNat.sizeOf cid))         (instSizeOfNat.sizeOf bytes))       (instSizeOfNat.sizeOf credits))","L1;S26;obj.Kant.Clipboard.Receipt","O0;","L0;","L0;","L1;S43;claim.Kant.Clipboard.Receipt.mk.sizeOf_spec","L0;","L1;S43;proof.Kant.Clipboard.Receipt.mk.sizeOf_spec","L0;","S418;∀ (witness : List Char) (cid bytes credits : Nat),   Eq     (Kant.Clipboard.Receipt._sizeOf_inst.sizeOf       { witness := witness, cid := cid, bytes := bytes, credits := credits })     (instHAdd.hAdd       (instHAdd.hAdd         (instHAdd.hAdd (instHAdd.hAdd 1 ((List._sizeOf_inst Char).sizeOf witness))           (instSizeOfNat.sizeOf cid))         (instSizeOfNat.sizeOf bytes))       (instSizeOfNat.sizeOf credits))","O7;13;source_systemS5;lean411;source_fileS34;RequestProject/Kant/Clipboard.lean13;source_formatS4;text11;imported_atI+0;14;transformed_atI+0;15;transformationsL0;13;parent_objectS0;","1723f01ef31255002aa9da782dd7f12b8ef437c4ae5750e6f11095ce10bc70e1"
"obj.Kant.InviteCard.Dress","inductive","Kant.InviteCard.Dress","ASSERTED","Type","L0;","O0;","L0;","L0;","L0;","L0;","L0;","L0;","S4;Type","O7;13;source_systemS5;lean411;source_fileS35;RequestProject/Kant/InviteCard.lean13;source_formatS4;text11;imported_atI+0;14;transformed_atI+122;15;transformationsL0;13;parent_objectS0;","817a2d4a84308beec4a0ff23f41328e1fb1f3bc415bb4888cee4cf84f733527b"
"obj.Kant.Codec.Inp","inductive","Kant.Codec.Inp","ASSERTED","Type","L0;","O0;","L0;","L0;","L0;","L0;","L0;","L0;","S4;Type","O7;13;source_systemS5;lean411;source_fileS36;RequestProject/Kant/Codec/Model.lean13;source_formatS4;text11;imported_atI+0;14;transformed_atI+361;15;transformationsL0;13;parent_objectS0;","66d2b44c533d8ca5e4f63cdf4d242ca2c2dd89c145067cdfe96f7e55f5d711dc"
"obj.Kant.Sheaf.Section.eigen","def","Kant.Sheaf.Section.eigen","ASSERTED","Kant.Sheaf.Section → Kant.Sheaf.EigenSpace","L0;","O0;","L0;","L0;","L0;","L0;","L0;","L0;","S42;Kant.Sheaf.Section → Kant.Sheaf.EigenSpace","O7;13;source_systemS5;lean411;source_fileS30;RequestProject/Kant/Sheaf.lean13;source_formatS4;text11;imported_atI+0;14;transformed_atI+151;15;transformationsL0;13;parent_objectS0;","6dfaa2d84c7e2a2f7321704027c663ec10847f826144373d8902a9e0c14e188a"
"obj.Kant.Uucp.Site.publish_other","theorem","Kant.Uucp.Site.publish_other","PROVEN","∀ {path path' : List Char},   Ne path' path →     ∀ (s : Kant.Uucp.Site) (n : Kant.Uucp.Node), Eq ((s.publish path n).get path') (s.get path')","L0;","O0;","L0;","L0;","L1;S34;claim.Kant.Uucp.Site.publish_other","L0;","L1;S34;proof.Kant.Uucp.Site.publish_other","L0;","S142;∀ {path path' : List Char},   Ne path' path →     ∀ (s : Kant.Uucp.Site) (n : Kant.Uucp.Node), Eq ((s.publish path n).get path') (s.get path')","O7;13;source_systemS5;lean411;source_fileS29;RequestProject/Kant/Uucp.lean13;source_formatS4;text11;imported_atI+0;14;transformed_atI+777;15;transformationsL0;13;parent_objectS0;","b4ba877e40b1bb06a45e2e3146e02e1107242764ae00ddb8ce394a24bcfc5be3"
"obj.Kant.Dom.instInhabitedRepair","def","Kant.Dom.instInhabitedRepair","ASSERTED","Inhabited Kant.Dom.Repair","L0;","O0;","L0;","L0;","L0;","L0;","L0;","L0;","S25;Inhabited Kant.Dom.Repair","O7;13;source_systemS5;lean411;source_fileS38;RequestProject/Kant/Domain/Policy.lean13;source_formatS4;text11;imported_atI+0;14;transformed_atI+204;15;transformationsL0;13;parent_objectS0;","12d70d7bbaf7a3a1ae289f927d72209e0ac5976987d7901b3922f085754f5c98"
"obj.Kant.Uucp.Node.write","def","Kant.Uucp.Node.write","ASSERTED","Kant.Uucp.Node → List Char → Kant.Bytes.Blob → Kant.Uucp.Node","L1;S18;obj.Kant.Relay.Msg","O0;","L0;","L0;","L0;","L0;","L0;","L0;","S61;Kant.Uucp.Node → List Char → Kant.Bytes.Blob → Kant.Uucp.Node","O7;13;source_systemS5;lean411;source_fileS29;RequestProject/Kant/Uucp.lean13;source_formatS4;text11;imported_atI+0;14;transformed_atI+376;15;transformationsL0;13;parent_objectS0;","a1a68ae809b5d5d92d500160e32bcf6ec00b8ab1f5b75623e5db72304214af88"
"obj.Kant.Dasl.Orbifold.mk.noConfusion","def","Kant.Dasl.Orbifold.mk.noConfusion","ASSERTED","{P : Sort u} →   {l m n l' m' n' : Nat} →     Eq { l := l, m := m, n := n } { l := l', m := m', n := n' } →       (Eq l l' → Eq m m' → Eq n n' → P) → P","L1;S34;obj.Kant.Dasl.Orbifold.noConfusion","O0;","L0;","L0;","L0;","L0;","L0;","L0;","S151;{P : Sort u} →   {l m n l' m' n' : Nat} →     Eq { l := l, m := m, n := n } { l := l', m := m', n := n' } →       (Eq l l' → Eq m m' → Eq n n' → P) → P","O7;13;source_systemS5;lean411;source_fileS29;RequestProject/Kant/Dasl.lean13;source_formatS4;text11;imported_atI+0;14;transformed_atI+190;15;transformationsL0;13;parent_objectS0;","a5ccfcb8d5a3764c22308843927c1647535920fe41353c924d444475066b47bd"
"obj.Kant.Uucp.Node.noConfusionType","def","Kant.Uucp.Node.noConfusionType","ASSERTED","Sort u → Kant.Uucp.Node → Kant.Uucp.Node → Sort u","L1;S18;obj.Kant.Relay.Msg","O0;","L0;","L0;","L0;","L0;","L0;","L0;","S49;Sort u → Kant.Uucp.Node → Kant.Uucp.Node → Sort u","O7;13;source_systemS5;lean411;source_fileS29;RequestProject/Kant/Uucp.lean13;source_formatS4;text11;imported_atI+0;14;transformed_atI+0;15;transformationsL0;13;parent_objectS0;","4e9cebfd6a7926bf4883caa0a5493dd4b5818cb69201f70d83cfd5b5be3931c2"
"obj.Kant.Uucp.Node.ctorIdx","def","Kant.Uucp.Node.ctorIdx","ASSERTED","Kant.Uucp.Node → Nat","L0;","O0;","L0;","L0;","L0;","L0;","L0;","L0;","S20;Kant.Uucp.Node → Nat","O7;13;source_systemS5;lean411;source_fileS29;RequestProject/Kant/Uucp.lean13;source_formatS4;text11;imported_atI+0;14;transformed_atI+0;15;transformationsL0;13;parent_objectS0;","cd7c47bf5dfd319a781053f936e631654a6c8ad35e13b0ac8b004cf33d7e1447"
"obj.Kant.Wasm.Leb128.slebDec_sleb","theorem","Kant.Wasm.Leb128.slebDec_sleb","PROVEN","∀ (n : Nat) (rest : List UInt8),   Eq (Kant.Wasm.Leb128.slebDec (instHAppendOfAppend.hAppend (Kant.Wasm.Leb128.sleb n) rest))     (Option.some { fst := n.cast, snd := rest })","L0;","O0;","L0;","L0;","L1;S35;claim.Kant.Wasm.Leb128.slebDec_sleb","L0;","L1;S35;proof.Kant.Wasm.Leb128.slebDec_sleb","L0;","S174;∀ (n : Nat) (rest : List UInt8),   Eq (Kant.Wasm.Leb128.slebDec (instHAppendOfAppend.hAppend (Kant.Wasm.Leb128.sleb n) rest))     (Option.some { fst := n.cast, snd := rest })","O7;13;source_systemS5;lean411;source_fileS31;RequestProject/Wasm/Leb128.lean13;source_formatS4;text11;imported_atI+0;14;transformed_atI+92;15;transformationsL0;13;parent_objectS0;","bbfe13a5f12908b4df3f18cf9c34bdcfbf89fac9bfae171ac322f05c76f7b3f5"
"obj.Kant.Codec.Status.pending.elim","def","Kant.Codec.Status.pending.elim","ASSERTED","{motive : Kant.Codec.Status → Sort u} →   (t : Kant.Codec.Status) → Eq t.ctorIdx 1 → motive Kant.Codec.Status.pending → motive t","L2;S21;obj.Kant.Codec.StatusS29;obj.Kant.Codec.Status.ctorIdx","O0;","L0;","L0;","L0;","L0;","L0;","L0;","S128;{motive : Kant.Codec.Status → Sort u} →   (t : Kant.Codec.Status) → Eq t.ctorIdx 1 → motive Kant.Codec.Status.pending → motive t","O7;13;source_systemS5;lean411;source_fileS36;RequestProject/Kant/Codec/Model.lean13;source_formatS4;text11;imported_atI+0;14;transformed_atI+43;15;transformationsL0;13;parent_objectS0;","d6f261d12c94dcff3d1f6068b64ec69c509f9f57205bf77d6358c3e3dcb2b84a"
"obj.Kant.Diagnostics.instReprLog.repr","def","Kant.Diagnostics.instReprLog.repr","ASSERTED","Kant.Diagnostics.Log → Nat → Std.Format","L0;","O0;","L0;","L0;","L0;","L0;","L0;","L0;","S39;Kant.Diagnostics.Log → Nat → Std.Format","O7;13;source_systemS5;lean411;source_fileS36;RequestProject/Kant/Diagnostics.lean13;source_formatS4;text11;imported_atI+0;14;transformed_atI+212;15;transformationsL0;13;parent_objectS0;","4195ceb177ffb4f23db451c1a31e5935221bd001190f216c7023c9a160cc4fcf"
"obj.Kant.Dom.proofOfRow.eq_1","theorem","Kant.Dom.proofOfRow.eq_1","PROVEN","∀   (id kind name truth claim inputs parameters transformations outputs claimRefs evidenceRefs     proofRefs errorRefs value provenance _hash : List Char),   Eq     (Kant.Dom.proofOfRow       (List.cons id         (List.cons kind           (List.cons name             (List.cons truth               (List.cons claim                 (List.cons inputs                   (List.cons parameters                     (List.cons transformations                       (List.cons outputs                         (List.cons claimRefs                           (List.cons evidenceRefs                             (List.cons proofRefs                               (List.cons errorRefs                                 (List.cons value                                   (List.cons provenance (List.cons _hash List.nil)))))))))))))))))     do     let status ← Kant.Dom.PStatus.ofName truth     let inputRefs ← Kant.Dom.decIds parameters     let assumptions ← Kant.Dom.decIds transformations     let outputRefs ← Kant.Dom.decIds claimRefs     let claimRefs ← Kant.Dom.decIds evidenceRefs     let dependsOn ← Kant.Dom.decIds proofRefs     let certificate ← Kant.Dom.decCert errorRefs     let provenance ← Kant.Dom.decProv provenance     instAlternativeOption.pure         { id := id, name := kind, kind := name, sourceFile := claim, sourceLoc := inputs,           inputRefs := inputRefs, assumptions := assumptions, procedure := outputs,           outputRefs := outputRefs, claimRefs := claimRefs, dependsOn := dependsOn,           status := status, certificate := certificate, source := value, provenance := provenance }","L1;S21;obj.Kant.Dom.ProofRec","O0;","L0;","L0;","L1;S30;claim.Kant.Dom.proofOfRow.eq_1","L0;","L1;S30;proof.Kant.Dom.proofOfRow.eq_1","L0;","S1604;∀   (id kind name truth claim inputs parameters transformations outputs claimRefs evidenceRefs     proofRefs errorRefs value provenance _hash : List Char),   Eq     (Kant.Dom.proofOfRow       (List.cons id         (List.cons kind           (List.cons name             (List.cons truth               (List.cons claim                 (List.cons inputs                   (List.cons parameters                     (List.cons transformations                       (List.cons outputs                         (List.cons claimRefs                           (List.cons evidenceRefs                             (List.cons proofRefs                               (List.cons errorRefs                                 (List.cons value                                   (List.cons provenance (List.cons _hash List.nil)))))))))))))))))     do     let status ← Kant.Dom.PStatus.ofName truth     let inputRefs ← Kant.Dom.decIds parameters     let assumptions ← Kant.Dom.decIds transformations     let outputRefs ← Kant.Dom.decIds claimRefs     let claimRefs ← Kant.Dom.decIds evidenceRefs     let dependsOn ← Kant.Dom.decIds proofRefs     let certificate ← Kant.Dom.decCert errorRefs     let provenance ← Kant.Dom.decProv provenance     instAlternativeOption.pure         { id := id, name := kind, kind := name, sourceFile := claim, sourceLoc := inputs,           inputRefs := inputRefs, assumptions := assumptions, procedure := outputs,           outputRefs := outputRefs, claimRefs := claimRefs, dependsOn := dependsOn,           status := status, certificate := certificate, source := value, provenance := provenance }","O7;13;source_systemS5;lean411;source_fileS37;RequestProject/Kant/Domain/Table.lean13;source_formatS4;text11;imported_atI+0;14;transformed_atI+0;15;transformationsL0;13;parent_objectS0;","205e67e33032b0a64c5c8dbddc3a15792199056c878a4f60dd1535cb0558e0f3"
"obj.Kant.Codec.rowsVal.eq_6","theorem","Kant.Codec.rowsVal.eq_6","PROVEN","∀ (id parent field : List Char) (fs : List (Prod (List Char) Kant.Codec.Val)),   Eq (Kant.Codec.rowsVal id parent field (Kant.Codec.Val.obj fs))     (List.cons       { objectId := id, objectType := ""object"".toList, field := field,         value := Kant.Codec.natDigits fs.length, valueType := ""count"".toList, parentId := parent }       (Kant.Codec.rowsFields id 0 fs))","L1;S18;obj.Kant.Codec.Row","O0;","L0;","L0;","L1;S29;claim.Kant.Codec.rowsVal.eq_6","L0;","L1;S29;proof.Kant.Codec.rowsVal.eq_6","L0;","S368;∀ (id parent field : List Char) (fs : List (Prod (List Char) Kant.Codec.Val)),   Eq (Kant.Codec.rowsVal id parent field (Kant.Codec.Val.obj fs))     (List.cons       { objectId := id, objectType := ""object"".toList, field := field,         value := Kant.Codec.natDigits fs.length, valueType := ""count"".toList, parentId := parent }       (Kant.Codec.rowsFields id 0 fs))","O7;13;source_systemS5;lean411;source_fileS34;RequestProject/Kant/Codec/Csv.lean13;source_formatS4;text11;imported_atI+0;14;transformed_atI+0;15;transformationsL0;13;parent_objectS0;","e75fd415b4e423710333186ab7e1c76e0aa772142e3fa7435395b75b1516f1c0"
"obj.Kant.Rendezvous.Roster.mem_insert","theorem","Kant.Rendezvous.Roster.mem_insert","PROVEN","∀ {r : Kant.Rendezvous.Roster} {a x : Kant.Rendezvous.Announce},   Iff (List.instMembership.mem (r.insert a) x) (Or (List.instMembership.mem r x) (Eq x a))","L0;","O0;","L0;","L0;","L1;S39;claim.Kant.Rendezvous.Roster.mem_insert","L0;","L1;S39;proof.Kant.Rendezvous.Roster.mem_insert","L0;","S155;∀ {r : Kant.Rendezvous.Roster} {a x : Kant.Rendezvous.Announce},   Iff (List.instMembership.mem (r.insert a) x) (Or (List.instMembership.mem r x) (Eq x a))","O7;13;source_systemS5;lean411;source_fileS35;RequestProject/Kant/Rendezvous.lean13;source_formatS4;text11;imported_atI+0;14;transformed_atI+201;15;transformationsL0;13;parent_objectS0;","3ed10afedc08343e4a171c49c270b209eb448fe599799218ac28acd78391a163"
"obj.Kant.Dom.ProofRec.noConfusionType","def","Kant.Dom.ProofRec.noConfusionType","ASSERTED","Sort u → Kant.Dom.ProofRec → Kant.Dom.ProofRec → Sort u","L1;S21;obj.Kant.Dom.ProofRec","O0;","L0;","L0;","L0;","L0;","L0;","L0;","S55;Sort u → Kant.Dom.ProofRec → Kant.Dom.ProofRec → Sort u","O7;13;source_systemS5;lean411;source_fileS37;RequestProject/Kant/Domain/Model.lean13;source_formatS4;text11;imported_atI+0;14;transformed_atI+0;15;transformationsL0;13;parent_objectS0;","713d531ed39b7f51c827df2988c84736ca1b91c5ec5cc64bcef59bcb6f8007f0"
"obj.Kant.Relay.Msg","inductive","Kant.Relay.Msg","ASSERTED","Type","L0;","O0;","L0;","L0;","L0;","L0;","L0;","L0;","S4;Type","O7;13;source_systemS5;lean411;source_fileS30;RequestProject/Kant/Relay.lean13;source_formatS4;text11;imported_atI+0;14;transformed_atI+50;15;transformationsL0;13;parent_objectS0;","99520eefc69a1c67855087e095da1274546f74f0598f808d63e9fc7395992b9a"
"obj.Kant.Dom.unresolvedRefs","def","Kant.Dom.unresolvedRefs","ASSERTED","Kant.Dom.Domain → Kant.Dom.DomObj → List Kant.Dom.Id","L1;S21;obj.Kant.Dom.ProofRec","O0;","L0;","L0;","L0;","L0;","L0;","L0;","S52;Kant.Dom.Domain → Kant.Dom.DomObj → List Kant.Dom.Id","O7;13;source_systemS5;lean411;source_fileS38;RequestProject/Kant/Domain/Ledger.lean13;source_formatS4;text11;imported_atI+0;14;transformed_atI+53;15;transformationsL0;13;parent_objectS0;","67886dd8feecd5c4346c9e00057814476ea94c97ea6b36ea116e06cfd440ef0d"
"obj.Kant.Codec.rowsVal_head_field","theorem","Kant.Codec.rowsVal_head_field","PROVEN","∀ (id parent field : List Char) (v : Kant.Codec.Val) {r : Kant.Codec.Row}   {rs : List Kant.Codec.Row},   Eq (Kant.Codec.rowsVal id parent field v) (List.cons r rs) → Eq r.field field","L3;S18;obj.Kant.Codec.RowS22;obj.Kant.Codec.encNumYS27;obj.Kant.Codec.rowsVal.eq_6","O0;","L0;","L0;","L1;S35;claim.Kant.Codec.rowsVal_head_field","L0;","L1;S35;proof.Kant.Codec.rowsVal_head_field","L0;","S183;∀ (id parent field : List Char) (v : Kant.Codec.Val) {r : Kant.Codec.Row}   {rs : List Kant.Codec.Row},   Eq (Kant.Codec.rowsVal id parent field v) (List.cons r rs) → Eq r.field field","O7;13;source_systemS5;lean411;source_fileS34;RequestProject/Kant/Codec/Csv.lean13;source_formatS4;text11;imported_atI+0;14;transformed_atI+199;15;transformationsL0;13;parent_objectS0;","4e514387948c33d0065a6155052006734a85c9a7f84c7e06d5a9823244d026a9"
"obj.Kant.Cli.Loaded.ctorIdx","def","Kant.Cli.Loaded.ctorIdx","ASSERTED","Kant.Cli.Loaded → Nat","L3;S19;obj.Kant.Cli.LoadedS26;obj.Kant.Rendezvous.InviteS18;obj.Kant.Relay.Msg","O0;","L0;","L0;","L0;","L0;","L0;","L0;","S21;Kant.Cli.Loaded → Nat","O7;13;source_systemS5;lean411;source_fileS28;RequestProject/Kant/Cli.lean13;source_formatS4;text11;imported_atI+0;14;transformed_atI+0;15;transformationsL0;13;parent_objectS0;","9e998fd04663de0655772b36675fc449b80de55710343ce03c86678c59240a73"
"obj.Kant.Codec.project.eq_3","theorem","Kant.Codec.project.eq_3","PROVEN","∀ (a : Int), Eq (Kant.Codec.project (Kant.Codec.Ipdl.int a)) (Kant.Codec.Val.int a)","L0;","O0;","L0;","L0;","L1;S29;claim.Kant.Codec.project.eq_3","L0;","L1;S29;proof.Kant.Codec.project.eq_3","L0;","S83;∀ (a : Int), Eq (Kant.Codec.project (Kant.Codec.Ipdl.int a)) (Kant.Codec.Val.int a)","O7;13;source_systemS5;lean411;source_fileS35;RequestProject/Kant/Codec/Ipdl.lean13;source_formatS4;text11;imported_atI+0;14;transformed_atI+0;15;transformationsL0;13;parent_objectS0;","f85ac89e8b139074039defeaf1362917d9b972aefdf389cab26456e2a87d41bd"
"obj.Kant.SiteCard.gridRects","def","Kant.SiteCard.gridRects","ASSERTED","Nat → Nat → Nat → List (List Bool) → List Char","L0;","O0;","L0;","L0;","L0;","L0;","L0;","L0;","S46;Nat → Nat → Nat → List (List Bool) → List Char","O7;13;source_systemS5;lean411;source_fileS33;RequestProject/Kant/SiteCard.lean13;source_formatS4;text11;imported_atI+0;14;transformed_atI+506;15;transformationsL0;13;parent_objectS0;","31e9435ad406d9fe82c08b3bcddba0a1c5ad901251a84ba8986bfb87cd8788eb"
"obj.Kant.Diagnostics.Log.wf_empty","theorem","Kant.Diagnostics.Log.wf_empty","PROVEN","∀ (cap : Nat), (Kant.Diagnostics.Log.empty cap).Wf","L0;","O0;","L0;","L0;","L1;S35;claim.Kant.Diagnostics.Log.wf_empty","L0;","L1;S35;proof.Kant.Diagnostics.Log.wf_empty","L0;","S50;∀ (cap : Nat), (Kant.Diagnostics.Log.empty cap).Wf","O7;13;source_systemS5;lean411;source_fileS36;RequestProject/Kant/Diagnostics.lean13;source_formatS4;text11;imported_atI+0;14;transformed_atI+268;15;transformationsL0;13;parent_objectS0;","7f69d721502c08d89743189e9ab8a0fb10283f2302b0341e3eae8c409f3e7141"
"obj.Kant.Onboarding.camera_off_after_join","theorem","Kant.Onboarding.camera_off_after_join","PROVEN","∀ {s : Kant.Onboarding.State} {t : List Char} {i : Kant.Rendezvous.Invite},   Eq (Kant.Join.findInvite t) (Option.some i) →     Eq (Kant.Onboarding.step s (Kant.Onboarding.Event.joinText t)).camera Bool.false","L2;S26;obj.Kant.Rendezvous.InviteS34;obj.Kant.Onboarding.State.progress","O0;","L0;","L0;","L1;S43;claim.Kant.Onboarding.camera_off_after_join","L0;","L1;S43;proof.Kant.Onboarding.camera_off_after_join","L0;","S208;∀ {s : Kant.Onboarding.State} {t : List Char} {i : Kant.Rendezvous.Invite},   Eq (Kant.Join.findInvite t) (Option.some i) →     Eq (Kant.Onboarding.step s (Kant.Onboarding.Event.joinText t)).camera Bool.false","O7;13;source_systemS5;lean411;source_fileS35;RequestProject/Kant/Onboarding.lean13;source_formatS4;text11;imported_atI+0;14;transformed_atI+177;15;transformationsL0;13;parent_objectS0;","348b074a8cbd78e312f2d5688e8ae29099bf1900dc76c1b95a75f48d420eea06"
"obj.Kant.Codec.recoverList.match_1","def","Kant.Codec.recoverList.match_1","ASSERTED","(motive : Option Kant.Codec.Ipdl → Option (List Kant.Codec.Ipdl) → Sort u_1) →   (x : Option Kant.Codec.Ipdl) →     (x_1 : Option (List Kant.Codec.Ipdl)) →       ((y : Kant.Codec.Ipdl) →           (ys : List Kant.Codec.Ipdl) → motive (Option.some y) (Option.some ys)) →         ((x : Option Kant.Codec.Ipdl) → (x_2 : Option (List Kant.Codec.Ipdl)) → motive x x_2) →           motive x x_1","L0;","O0;","L0;","L0;","L0;","L0;","L0;","L0;","S388;(motive : Option Kant.Codec.Ipdl → Option (List Kant.Codec.Ipdl) → Sort u_1) →   (x : Option Kant.Codec.Ipdl) →     (x_1 : Option (List Kant.Codec.Ipdl)) →       ((y : Kant.Codec.Ipdl) →           (ys : List Kant.Codec.Ipdl) → motive (Option.some y) (Option.some ys)) →         ((x : Option Kant.Codec.Ipdl) → (x_2 : Option (List Kant.Codec.Ipdl)) → motive x x_2) →           motive x x_1","O7;13;source_systemS5;lean411;source_fileS35;RequestProject/Kant/Codec/Ipdl.lean13;source_formatS4;text11;imported_atI+0;14;transformed_atI+0;15;transformationsL0;13;parent_objectS0;","64413eedf4080c4cc947d54182dce4d7daa19e9048fb2512c54e06ba4a78accd"
"obj.Kant.Dom.validates.eq_2","theorem","Kant.Dom.validates.eq_2","PROVEN","∀ (d : Kant.Dom.Domain) (x : Kant.Dom.Event),   (∀ (i : Kant.Dom.Id), Eq x (Kant.Dom.Event.validated i) → False) →     Eq (Kant.Dom.validates d x) Bool.false","L1;S21;obj.Kant.Dom.ProofRec","O0;","L0;","L0;","L1;S29;claim.Kant.Dom.validates.eq_2","L0;","L1;S29;proof.Kant.Dom.validates.eq_2","L0;","S157;∀ (d : Kant.Dom.Domain) (x : Kant.Dom.Event),   (∀ (i : Kant.Dom.Id), Eq x (Kant.Dom.Event.validated i) → False) →     Eq (Kant.Dom.validates d x) Bool.false","O7;13;source_systemS5;lean411;source_fileS38;RequestProject/Kant/Domain/Policy.lean13;source_formatS4;text11;imported_atI+0;14;transformed_atI+0;15;transformationsL0;13;parent_objectS0;","8138b243364308c150c785528556c49e7e6e2275d233af6ba1d7b65f8c119cc8"
"obj.Kant.Codec.Obj.hash","def","Kant.Codec.Obj.hash","ASSERTED","Kant.Codec.Obj → List Char","L1;S24;obj.Kant.Codec.Obj.toVal","O0;","L0;","L0;","L0;","L0;","L0;","L0;","S26;Kant.Codec.Obj → List Char","O7;13;source_systemS5;lean411;source_fileS36;RequestProject/Kant/Codec/Model.lean13;source_formatS4;text11;imported_atI+0;14;transformed_atI+539;15;transformationsL0;13;parent_objectS0;","d12d30b27bb5aa0e086966ac86038c594ad546f353264008c519e12e1eb4af03"
"obj.Kant.Dom.Claim.ofVal_toVal","theorem","Kant.Dom.Claim.ofVal_toVal","PROVEN","∀ (c : Kant.Dom.Claim), Eq (Kant.Dom.Claim.ofVal c.toVal) (Option.some c)","L3;S19;obj.Kant.Dom.getIdsS30;obj.Kant.Dom.Truth.ofName_nameS26;obj.Kant.Dom.listOf_idsVal","O0;","L0;","L0;","L1;S32;claim.Kant.Dom.Claim.ofVal_toVal","L0;","L1;S32;proof.Kant.Dom.Claim.ofVal_toVal","L0;","S73;∀ (c : Kant.Dom.Claim), Eq (Kant.Dom.Claim.ofVal c.toVal) (Option.some c)","O7;13;source_systemS5;lean411;source_fileS37;RequestProject/Kant/Domain/Model.lean13;source_formatS4;text11;imported_atI+0;14;transformed_atI+462;15;transformationsL0;13;parent_objectS0;","f128174c1ef5cc64a1e7da3017ff68073f170614ccc574127ea60b43e07bc7b5"
"obj.Kant.Cli.Cmd.recOn","def","Kant.Cli.Cmd.recOn","ASSERTED","{motive : Kant.Cli.Cmd → Sort u} →   (t : Kant.Cli.Cmd) →     ((relay : List Char) → motive (Kant.Cli.Cmd.open relay)) →       motive Kant.Cli.Cmd.link →         motive Kant.Cli.Cmd.room →           ((text : List Char) → motive (Kant.Cli.Cmd.join text)) →             ((text : List Char) → motive (Kant.Cli.Cmd.say text)) →               motive Kant.Cli.Cmd.read → motive Kant.Cli.Cmd.curl → motive t","L0;","O0;","L0;","L0;","L0;","L0;","L0;","L0;","S400;{motive : Kant.Cli.Cmd → Sort u} →   (t : Kant.Cli.Cmd) →     ((relay : List Char) → motive (Kant.Cli.Cmd.open relay)) →       motive Kant.Cli.Cmd.link →         motive Kant.Cli.Cmd.room →           ((text : List Char) → motive (Kant.Cli.Cmd.join text)) →             ((text : List Char) → motive (Kant.Cli.Cmd.say text)) →               motive Kant.Cli.Cmd.read → motive Kant.Cli.Cmd.curl → motive t","O7;13;source_systemS5;lean411;source_fileS28;RequestProject/Kant/Cli.lean13;source_formatS4;text11;imported_atI+0;14;transformed_atI+711;15;transformationsL0;13;parent_objectS0;","ed1bf1ff4002e4f4e0d1f76b56b523f7c7a06af257d2cff24ab77021fb6a1905"
"obj.Kant.Codec.digitVal.eq_11","theorem","Kant.Codec.digitVal.eq_11","PROVEN","∀ (c : Char),   (Eq c '0' → False) →     (Eq c '1' → False) →       (Eq c '2' → False) →         (Eq c '3' → False) →           (Eq c '4' → False) →             (Eq c '5' → False) →               (Eq c '6' → False) →                 (Eq c '7' → False) →                   (Eq c '8' → False) → (Eq c '9' → False) → Eq (Kant.Codec.digitVal c) Option.none","L1;S31;obj.Kant.Codec.digitVal.match_1","O0;","L0;","L0;","L1;S31;claim.Kant.Codec.digitVal.eq_11","L0;","L1;S31;proof.Kant.Codec.digitVal.eq_11","L0;","S352;∀ (c : Char),   (Eq c '0' → False) →     (Eq c '1' → False) →       (Eq c '2' → False) →         (Eq c '3' → False) →           (Eq c '4' → False) →             (Eq c '5' → False) →               (Eq c '6' → False) →                 (Eq c '7' → False) →                   (Eq c '8' → False) → (Eq c '9' → False) → Eq (Kant.Codec.digitVal c) Option.none","O7;13;source_systemS5;lean411;source_fileS35;RequestProject/Kant/Codec/Yaml.lean13;source_formatS4;text11;imported_atI+0;14;transformed_atI+0;15;transformationsL0;13;parent_objectS0;","4b687ed607d5c89d8bb1b1f7589248baaa45221f37ea02d7caa501cd9f05ebe4"
"obj.Kant.Codec.Prov.mk.noConfusion","def","Kant.Codec.Prov.mk.noConfusion","ASSERTED","{P : Sort u} →   {sourceSystem sourceFile : List Char} →     {sourceFormat : Kant.Codec.Fmt} →       {importedAt transformedAt : Nat} →         {transformations : List Kant.Codec.Trans} →           {parent sourceSystem' sourceFile' : List Char} →             {sourceFormat' : Kant.Codec.Fmt} →               {importedAt' transformedAt' : Nat} →                 {transformations' : List Kant.Codec.Trans} →                   {parent' : List Char} →                     Eq                         { sourceSystem := sourceSystem, sourceFile := sourceFile,                           sourceFormat := sourceFormat, importedAt := importedAt,                           transformedAt := transformedAt, transformations := transformations,                           parent := parent }                         { sourceSystem := sourceSystem', sourceFile := sourceFile',                           sourceFormat := sourceFormat', importedAt := importedAt',                           transformedAt := transformedAt', transformations := transformations',                           parent := parent' } →                       (Eq sourceSystem sourceSystem' →                           Eq sourceFile sourceFile' →                             Eq sourceFormat sourceFormat' →                               Eq importedAt importedAt' →                                 Eq transformedAt transformedAt' →                                   Eq transformations transformations' → Eq parent parent' → P) →                         P","L0;","O0;","L0;","L0;","L0;","L0;","L0;","L0;","S1501;{P : Sort u} →   {sourceSystem sourceFile : List Char} →     {sourceFormat : Kant.Codec.Fmt} →       {importedAt transformedAt : Nat} →         {transformations : List Kant.Codec.Trans} →           {parent sourceSystem' sourceFile' : List Char} →             {sourceFormat' : Kant.Codec.Fmt} →               {importedAt' transformedAt' : Nat} →                 {transformations' : List Kant.Codec.Trans} →                   {parent' : List Char} →                     Eq                         { sourceSystem := sourceSystem, sourceFile := sourceFile,                           sourceFormat := sourceFormat, importedAt := importedAt,                           transformedAt := transformedAt, transformations := transformations,                           parent := parent }                         { sourceSystem := sourceSystem', sourceFile := sourceFile',                           sourceFormat := sourceFormat', importedAt := importedAt',                           transformedAt := transformedAt', transformations := transformations',                           parent := parent' } →                       (Eq sourceSystem sourceSystem' →                           Eq sourceFile sourceFile' →                             Eq sourceFormat sourceFormat' →                               Eq importedAt importedAt' →                                 Eq transformedAt transformedAt' →                                   Eq transformations transformations' → Eq parent parent' → P) →                         P","O7;13;source_systemS5;lean411;source_fileS36;RequestProject/Kant/Codec/Model.lean13;source_formatS4;text11;imported_atI+0;14;transformed_atI+322;15;transformationsL0;13;parent_objectS0;","53453c2121b6791adbe0d2ee64d4bffd2576cce84c6893445551d347aca83e97"
"obj.Kant.Dom.DomObj.outputs","def","Kant.Dom.DomObj.outputs","ASSERTED","Kant.Dom.DomObj → List Kant.Dom.Id","L0;","O0;","L0;","L0;","L0;","L0;","L0;","L0;","S34;Kant.Dom.DomObj → List Kant.Dom.Id","O7;13;source_systemS5;lean411;source_fileS37;RequestProject/Kant/Domain/Model.lean13;source_formatS4;text11;imported_atI+0;14;transformed_atI+298;15;transformationsL0;13;parent_objectS0;","304f4cf73660c2236907cc37ecad33303117de0d1c9fb0891020a93ab9804426"
"obj.Kant.Codec.instReprTrans.repr","def","Kant.Codec.instReprTrans.repr","ASSERTED","Kant.Codec.Trans → Nat → Std.Format","L1;S23;obj.Kant.Codec.Trans.id","O0;","L0;","L0;","L0;","L0;","L0;","L0;","S35;Kant.Codec.Trans → Nat → Std.Format","O7;13;source_systemS5;lean411;source_fileS36;RequestProject/Kant/Codec/Model.lean13;source_formatS4;text11;imported_atI+0;14;transformed_atI+286;15;transformationsL0;13;parent_objectS0;","04f29a5e3243b7a80336179cb40513eb851edf987de4aa8e00475234e1304cd1"
"obj.Kant.InviteCard.inviteCard_wf","theorem","Kant.InviteCard.inviteCard_wf","PROVEN","∀ {c : Kant.SiteCard.Config},   c.Wf →     ∀ {d : Kant.InviteCard.Dress},       d.Wf → ∀ (i : Kant.Rendezvous.Invite), (Kant.InviteCard.inviteCard c d i).Wf","L4;S24;obj.Kant.SiteCard.ConfigS25;obj.Kant.InviteCard.DressS26;obj.Kant.Rendezvous.InviteS37;obj.Kant.InviteCard.isAscii_inviteUrl","O0;","L0;","L0;","L1;S35;claim.Kant.InviteCard.inviteCard_wf","L0;","L1;S35;proof.Kant.InviteCard.inviteCard_wf","L0;","S156;∀ {c : Kant.SiteCard.Config},   c.Wf →     ∀ {d : Kant.InviteCard.Dress},       d.Wf → ∀ (i : Kant.Rendezvous.Invite), (Kant.InviteCard.inviteCard c d i).Wf","O7;13;source_systemS5;lean411;source_fileS35;RequestProject/Kant/InviteCard.lean13;source_formatS4;text11;imported_atI+0;14;transformed_atI+160;15;transformationsL0;13;parent_objectS0;","20d48733de47d5c48efa2491bcd84dff318b6c7a49826e723abc42af70d91cbd"
"obj.Kant.Relay.leMsg_trans","theorem","Kant.Relay.leMsg_trans","PROVEN","∀ (a b c : Kant.Relay.Msg),   Eq (Kant.Relay.leMsg a b) Bool.true →     Eq (Kant.Relay.leMsg b c) Bool.true → Eq (Kant.Relay.leMsg a c) Bool.true","L1;S18;obj.Kant.Relay.Msg","O0;","L0;","L0;","L1;S28;claim.Kant.Relay.leMsg_trans","L0;","L1;S28;proof.Kant.Relay.leMsg_trans","L0;","S145;∀ (a b c : Kant.Relay.Msg),   Eq (Kant.Relay.leMsg a b) Bool.true →     Eq (Kant.Relay.leMsg b c) Bool.true → Eq (Kant.Relay.leMsg a c) Bool.true","O7;13;source_systemS5;lean411;source_fileS30;RequestProject/Kant/Relay.lean13;source_formatS4;text11;imported_atI+0;14;transformed_atI+341;15;transformationsL0;13;parent_objectS0;","31bd3caeccd6a6b90bd5493909d5431e2ba8ea72c80383db87746b0b50d67b10"
"obj.Kant.Strip.strip_valid","theorem","Kant.Strip.strip_valid","PROVEN","∀ {t : Kant.Meme.Template},   t.carrier.valid →     ∀ (limit : Nat) (e : Kant.Clipboard.Envelope) (c : Kant.Stego.Carrier),       List.instMembership.mem (Kant.Strip.strip t limit e) c → c.valid","L1;S34;obj.Kant.Clipboard.Envelope.encode","O0;","L0;","L0;","L1;S28;claim.Kant.Strip.strip_valid","L0;","L1;S28;proof.Kant.Strip.strip_valid","L0;","S194;∀ {t : Kant.Meme.Template},   t.carrier.valid →     ∀ (limit : Nat) (e : Kant.Clipboard.Envelope) (c : Kant.Stego.Carrier),       List.instMembership.mem (Kant.Strip.strip t limit e) c → c.valid","O7;13;source_systemS5;lean411;source_fileS30;RequestProject/Kant/Strip.lean13;source_formatS4;text11;imported_atI+0;14;transformed_atI+159;15;transformationsL0;13;parent_objectS0;","df8093417cc2fef7a77e3e91a62f51149919665e0d7ea82dc5a40f430f1b4aaa"
"obj.Kant.Wasm.Kernel.cidPrefixE","def","Kant.Wasm.Kernel.cidPrefixE","ASSERTED","Kant.Wasm.Expr","L1;S18;obj.Kant.Wasm.Expr","O0;","L0;","L0;","L0;","L0;","L0;","L0;","S14;Kant.Wasm.Expr","O7;13;source_systemS5;lean411;source_fileS31;RequestProject/Wasm/Kernel.lean13;source_formatS4;text11;imported_atI+0;14;transformed_atI+52;15;transformationsL0;13;parent_objectS0;","c63f9bd871d27aa7254e2aa6c585e464c760daa70bf8ffade6c57f0e14b68f6a"
"obj.Kant.Cli.instReprReq.repr","def","Kant.Cli.instReprReq.repr","ASSERTED","Kant.Cli.Req → Nat → Std.Format","L0;","O0;","L0;","L0;","L0;","L0;","L0;","L0;","S31;Kant.Cli.Req → Nat → Std.Format","O7;13;source_systemS5;lean411;source_fileS28;RequestProject/Kant/Cli.lean13;source_formatS4;text11;imported_atI+0;14;transformed_atI+158;15;transformationsL0;13;parent_objectS0;","722d9617f77001fa59797cfbe950272d469b92eeaa5ee5f4574e029bc1965bc7"
"obj.Kant.Sneakernet.instDecidableEqFrame","def","Kant.Sneakernet.instDecidableEqFrame","ASSERTED","DecidableEq Kant.Sneakernet.Frame","L0;","O0;","L0;","L0;","L0;","L0;","L0;","L0;","S33;DecidableEq Kant.Sneakernet.Frame","O7;13;source_systemS5;lean411;source_fileS35;RequestProject/Kant/Sneakernet.lean13;source_formatS4;text11;imported_atI+0;14;transformed_atI+136;15;transformationsL0;13;parent_objectS0;","8334886b6057a38144a4482919e6daced686ec08690f2c9b413265f1a9a69be8"
"obj.Kant.Dom.idOfVal_str","theorem","Kant.Dom.idOfVal_str","PROVEN","∀ (s : Kant.Dom.Id), Eq (Kant.Dom.idOfVal (Kant.Codec.Val.str s)) (Option.some s)","L0;","O0;","L0;","L0;","L1;S26;claim.Kant.Dom.idOfVal_str","L0;","L1;S26;proof.Kant.Dom.idOfVal_str","L0;","S81;∀ (s : Kant.Dom.Id), Eq (Kant.Dom.idOfVal (Kant.Codec.Val.str s)) (Option.some s)","O7;13;source_systemS5;lean411;source_fileS37;RequestProject/Kant/Domain/Model.lean13;source_formatS4;text11;imported_atI+0;14;transformed_atI+226;15;transformationsL0;13;parent_objectS0;","5b441d99944cd214bf2f0892a96708efd3cc880ad60a6602143f02f41423d78d"
"obj.Kant.Uucp.sneakernet_matches_relay","theorem","Kant.Uucp.sneakernet_matches_relay","PROVEN","∀ {name : List Char} {ms : List Kant.Relay.Msg},   (∀ (m : Kant.Relay.Msg), List.instMembership.mem ms m → m.Wire) →     Eq ((Kant.Uucp.Node.blank name).paste (Kant.Uucp.packBag ms)).view       (Kant.Relay.transcript (Kant.Relay.receive List.nil (List.map Kant.Relay.printMsg ms)))","L2;S18;obj.Kant.Relay.MsgS23;obj.Kant.Uucp.Node.view","O0;","L0;","L0;","L1;S40;claim.Kant.Uucp.sneakernet_matches_relay","L0;","L1;S40;proof.Kant.Uucp.sneakernet_matches_relay","L0;","S281;∀ {name : List Char} {ms : List Kant.Relay.Msg},   (∀ (m : Kant.Relay.Msg), List.instMembership.mem ms m → m.Wire) →     Eq ((Kant.Uucp.Node.blank name).paste (Kant.Uucp.packBag ms)).view       (Kant.Relay.transcript (Kant.Relay.receive List.nil (List.map Kant.Relay.printMsg ms)))","O7;13;source_systemS5;lean411;source_fileS29;RequestProject/Kant/Uucp.lean13;source_formatS4;text11;imported_atI+0;14;transformed_atI+676;15;transformationsL0;13;parent_objectS0;","541d2f3080e535676f3848e61d61a92427a2a438a42de2ed027a11a3c8749d4a"
"obj.Kant.CardDebug.invite_room_ne_nil","theorem","Kant.CardDebug.invite_room_ne_nil","PROVEN","∀ (i : Kant.Rendezvous.Invite), Ne i.room List.nil","L2;S26;obj.Kant.Rendezvous.InviteS31;obj.Kant.Rendezvous.Invite.room","O0;","L0;","L0;","L1;S39;claim.Kant.CardDebug.invite_room_ne_nil","L0;","L1;S39;proof.Kant.CardDebug.invite_room_ne_nil","L0;","S50;∀ (i : Kant.Rendezvous.Invite), Ne i.room List.nil","O7;13;source_systemS5;lean411;source_fileS34;RequestProject/Kant/CardDebug.lean13;source_formatS4;text11;imported_atI+0;14;transformed_atI+142;15;transformationsL0;13;parent_objectS0;","843ec9c39abdd38253f385c9f5f97e4d534a07c81ed111b46b1da6ac06a0badf"
"obj.Kant.Wasm.BinOp.noConfusion","def","Kant.Wasm.BinOp.noConfusion","ASSERTED","{P : Sort v✝} → {x y : Kant.Wasm.BinOp} → Eq x y → Kant.Wasm.BinOp.noConfusionType P x y","L0;","O0;","L0;","L0;","L0;","L0;","L0;","L0;","S88;{P : Sort v✝} → {x y : Kant.Wasm.BinOp} → Eq x y → Kant.Wasm.BinOp.noConfusionType P x y","O7;13;source_systemS5;lean411;source_fileS31;RequestProject/Wasm/Syntax.lean13;source_formatS4;text11;imported_atI+0;14;transformed_atI+25;15;transformationsL0;13;parent_objectS0;","664ff5f49e3e92372314659806462e342f592d700e432cad10e030d89e0d34fa"
"obj.Kant.Codec.Err.ofVal.match_1","def","Kant.Codec.Err.ofVal.match_1","ASSERTED","(motive : Kant.Codec.Val → Sort u_1) →   (x : Kant.Codec.Val) →     ((fs : List (Prod (List Char) Kant.Codec.Val)) → motive (Kant.Codec.Val.obj fs)) →       ((x : Kant.Codec.Val) → motive x) → motive x","L0;","O0;","L0;","L0;","L0;","L0;","L0;","L0;","S201;(motive : Kant.Codec.Val → Sort u_1) →   (x : Kant.Codec.Val) →     ((fs : List (Prod (List Char) Kant.Codec.Val)) → motive (Kant.Codec.Val.obj fs)) →       ((x : Kant.Codec.Val) → motive x) → motive x","O7;13;source_systemS5;lean411;source_fileS36;RequestProject/Kant/Codec/Model.lean13;source_formatS4;text11;imported_atI+0;14;transformed_atI+0;15;transformationsL0;13;parent_objectS0;","f7b89e3949d655f6fe52a7ae855d4bc92ba268193ac28fc0e57db2ba0660d553"
"obj.Kant.Dasl.reflect59_dual47_comm","theorem","Kant.Dasl.reflect59_dual47_comm","PROVEN","∀ (o : Kant.Dasl.Orbifold) (j k : Nat),   Eq (Kant.Dasl.dual47 (Kant.Dasl.reflect59 o j) k) (Kant.Dasl.reflect59 (Kant.Dasl.dual47 o k) j)","L0;","O0;","L0;","L0;","L1;S37;claim.Kant.Dasl.reflect59_dual47_comm","L0;","L1;S37;proof.Kant.Dasl.reflect59_dual47_comm","L0;","S138;∀ (o : Kant.Dasl.Orbifold) (j k : Nat),   Eq (Kant.Dasl.dual47 (Kant.Dasl.reflect59 o j) k) (Kant.Dasl.reflect59 (Kant.Dasl.dual47 o k) j)","O7;13;source_systemS5;lean411;source_fileS29;RequestProject/Kant/Dasl.lean13;source_formatS4;text11;imported_atI+0;14;transformed_atI+268;15;transformationsL0;13;parent_objectS0;","9ff8216b5e6d8af5679bb8ccbb5de5b2c23eafb6fb2e76afd0c59fa92068743c"
"obj.Kant.Codec.importAny.match_3","def","Kant.Codec.importAny.match_3","ASSERTED","(motive : Option Kant.Codec.Val → Sort u_1) →   (x : Option Kant.Codec.Val) →     ((v : Kant.Codec.Val) → motive (Option.some v)) → (Unit → motive Option.none) → motive x","L0;","O0;","L0;","L0;","L0;","L0;","L0;","L0;","S170;(motive : Option Kant.Codec.Val → Sort u_1) →   (x : Option Kant.Codec.Val) →     ((v : Kant.Codec.Val) → motive (Option.some v)) → (Unit → motive Option.none) → motive x","O7;13;source_systemS5;lean411;source_fileS38;RequestProject/Kant/Codec/RawText.lean13;source_formatS4;text11;imported_atI+0;14;transformed_atI+0;15;transformationsL0;13;parent_objectS0;","1b4f4749787226ca62c19585f0054a054f31f43d1cea0b04046bce9f7496cadf"
"obj.Kant.Diagnostics.toEvent","def","Kant.Diagnostics.toEvent","ASSERTED","Kant.Clipboard.Envelope → Option Kant.Diagnostics.Event","L2;S31;obj.Kant.Diagnostics.areaOfCodeS26;obj.Kant.Text.bytesBEToNat","O0;","L0;","L0;","L0;","L0;","L0;","L0;","S55;Kant.Clipboard.Envelope → Option Kant.Diagnostics.Event","O7;13;source_systemS5;lean411;source_fileS36;RequestProject/Kant/Diagnostics.lean13;source_formatS4;text11;imported_atI+0;14;transformed_atI+173;15;transformationsL0;13;parent_objectS0;","75ae6255291a5d0e2061625ab8f40a51d1c2daaa25a48b280ad2ef685c50e6fb"
"obj.Kant.Rendezvous.pasteInvite","def","Kant.Rendezvous.pasteInvite","ASSERTED","List Char → Option Kant.Rendezvous.Invite","L2;S26;obj.Kant.Rendezvous.InviteS28;obj.Kant.Rendezvous.toInvite","O0;","L0;","L0;","L0;","L0;","L0;","L0;","S41;List Char → Option Kant.Rendezvous.Invite","O7;13;source_systemS5;lean411;source_fileS35;RequestProject/Kant/Rendezvous.lean13;source_formatS4;text11;imported_atI+0;14;transformed_atI+481;15;transformationsL0;13;parent_objectS0;","a5b18a7703ee6d7834fca683b91357e35de2751597567d6e3f1cc046f11695c9"
"obj.Kant.Wasm.Decode.instrsDec_instrs","theorem","Kant.Wasm.Decode.instrsDec_instrs","PROVEN","∀ (is : List Kant.Wasm.Instr) (rest : Kant.Wasm.Decode.Bytes),   Eq     (Kant.Wasm.Decode.instrsDec       (instHAppendOfAppend.hAppend (Kant.Wasm.Encode.instrs is) (List.cons 11 rest)))     (Option.some { fst := List.map Kant.Wasm.Decode.toRaw is, snd := rest })","L1;S38;obj.Kant.Wasm.Decode.instrsDec.match_3","O0;","L0;","L0;","L1;S39;claim.Kant.Wasm.Decode.instrsDec_instrs","L0;","L1;S39;proof.Kant.Wasm.Decode.instrsDec_instrs","L0;","S262;∀ (is : List Kant.Wasm.Instr) (rest : Kant.Wasm.Decode.Bytes),   Eq     (Kant.Wasm.Decode.instrsDec       (instHAppendOfAppend.hAppend (Kant.Wasm.Encode.instrs is) (List.cons 11 rest)))     (Option.some { fst := List.map Kant.Wasm.Decode.toRaw is, snd := rest })","O7;13;source_systemS5;lean411;source_fileS31;RequestProject/Wasm/Decode.lean13;source_formatS4;text11;imported_atI+0;14;transformed_atI+431;15;transformationsL0;13;parent_objectS0;","42478a0e031e513b356c121fab38524885980e912b9b896141278b07b24beb2e"
"obj.Kant.Dasl.nestedCid.eq_1","theorem","Kant.Dasl.nestedCid.eq_1","PROVEN","∀ (data : Kant.Bytes.Blob),   Eq (Kant.Dasl.nestedCid data)     (Kant.Dasl.mkCid 3 (Kant.Dasl.nestedCidPayload (Kant.Bytes.digest data)))","L0;","O0;","L0;","L0;","L1;S30;claim.Kant.Dasl.nestedCid.eq_1","L0;","L1;S30;proof.Kant.Dasl.nestedCid.eq_1","L0;","S137;∀ (data : Kant.Bytes.Blob),   Eq (Kant.Dasl.nestedCid data)     (Kant.Dasl.mkCid 3 (Kant.Dasl.nestedCidPayload (Kant.Bytes.digest data)))","O7;13;source_systemS5;lean411;source_fileS29;RequestProject/Kant/Dasl.lean13;source_formatS4;text11;imported_atI+0;14;transformed_atI+0;15;transformationsL0;13;parent_objectS0;","47939949bdbe57c9c5ff33686fe471d6ae46728dbd56792396fb56de2241a3f0"
"obj.Kant.Wasm.Decode.slebDec_shorter.match_1_1","def","Kant.Wasm.Decode.slebDec_shorter.match_1_1","ASSERTED","∀   (motive :     (x : Kant.Wasm.Decode.Bytes) →       (x_1 : Int) →         (x_2 : Kant.Wasm.Decode.Bytes) →           Eq (Kant.Wasm.Leb128.slebDec x) (Option.some { fst := x_1, snd := x_2 }) → Prop)   (x : Kant.Wasm.Decode.Bytes) (x_1 : Int) (x_2 : Kant.Wasm.Decode.Bytes)   (x_3 : Eq (Kant.Wasm.Leb128.slebDec x) (Option.some { fst := x_1, snd := x_2 })),   (∀ (x : Int) (x_4 : Kant.Wasm.Decode.Bytes)       (h : Eq (Kant.Wasm.Leb128.slebDec List.nil) (Option.some { fst := x, snd := x_4 })),       motive List.nil x x_4 h) →     (∀ (b : UInt8) (bs : List UInt8) (n : Int) (r : Kant.Wasm.Decode.Bytes)         (h : Eq (Kant.Wasm.Leb128.slebDec (List.cons b bs)) (Option.some { fst := n, snd := r })),         motive (List.cons b bs) n r h) →       motive x x_1 x_2 x_3","L0;","O0;","L0;","L0;","L0;","L0;","L0;","L0;","S771;∀   (motive :     (x : Kant.Wasm.Decode.Bytes) →       (x_1 : Int) →         (x_2 : Kant.Wasm.Decode.Bytes) →           Eq (Kant.Wasm.Leb128.slebDec x) (Option.some { fst := x_1, snd := x_2 }) → Prop)   (x : Kant.Wasm.Decode.Bytes) (x_1 : Int) (x_2 : Kant.Wasm.Decode.Bytes)   (x_3 : Eq (Kant.Wasm.Leb128.slebDec x) (Option.some { fst := x_1, snd := x_2 })),   (∀ (x : Int) (x_4 : Kant.Wasm.Decode.Bytes)       (h : Eq (Kant.Wasm.Leb128.slebDec List.nil) (Option.some { fst := x, snd := x_4 })),       motive List.nil x x_4 h) →     (∀ (b : UInt8) (bs : List UInt8) (n : Int) (r : Kant.Wasm.Decode.Bytes)         (h : Eq (Kant.Wasm.Leb128.slebDec (List.cons b bs)) (Option.some { fst := n, snd := r })),         motive (List.cons b bs) n r h) →       motive x x_1 x_2 x_3","O7;13;source_systemS5;lean411;source_fileS31;RequestProject/Wasm/Decode.lean13;source_formatS4;text11;imported_atI+0;14;transformed_atI+0;15;transformationsL0;13;parent_objectS0;","16e15abc76c420d40b287f8d7415ba5f84bc32b82d7a95a2cd4caf9360b873bd"
"obj.Kant.Codec.xmlDecode.eq_1","theorem","Kant.Codec.xmlDecode.eq_1","PROVEN","∀ (s : List Char),   Eq (Kant.Codec.xmlDecode s)     (Kant.Codec.xmlDecode.match_1 (fun x => Option Kant.Codec.Val) (Kant.Codec.xVal s.length s)       (fun v => Option.some v) fun x => Option.none)","L1;S32;obj.Kant.Codec.xmlDecode.match_1","O0;","L0;","L0;","L1;S31;claim.Kant.Codec.xmlDecode.eq_1","L0;","L1;S31;proof.Kant.Codec.xmlDecode.eq_1","L0;","S197;∀ (s : List Char),   Eq (Kant.Codec.xmlDecode s)     (Kant.Codec.xmlDecode.match_1 (fun x => Option Kant.Codec.Val) (Kant.Codec.xVal s.length s)       (fun v => Option.some v) fun x => Option.none)","O7;13;source_systemS5;lean411;source_fileS34;RequestProject/Kant/Codec/Xml.lean13;source_formatS4;text11;imported_atI+0;14;transformed_atI+0;15;transformationsL0;13;parent_objectS0;","80ad580cda9242b08092aebceb67acabae89ddb260e3d2ae10769966106aa119"
"obj.Kant.Wasm.Kernel.eval_hexDigitOf","theorem","Kant.Wasm.Kernel.eval_hexDigitOf","PROVEN","∀ {locals : List UInt64} {e : Kant.Wasm.Expr} {v : UInt64},   Eq (Kant.Wasm.Expr.eval locals e) (Option.some v) →     instLTNat.lt v.toNat 16 →       Eq (Option.map UInt64.toNat (Kant.Wasm.Expr.eval locals (Kant.Wasm.Kernel.hexDigitOf e)))         (Option.some (Kant.Bytes.hexDigit v.toNat).toNat)","L1;S18;obj.Kant.Wasm.Expr","O0;","L0;","L0;","L1;S38;claim.Kant.Wasm.Kernel.eval_hexDigitOf","L0;","L1;S38;proof.Kant.Wasm.Kernel.eval_hexDigitOf","L0;","S297;∀ {locals : List UInt64} {e : Kant.Wasm.Expr} {v : UInt64},   Eq (Kant.Wasm.Expr.eval locals e) (Option.some v) →     instLTNat.lt v.toNat 16 →       Eq (Option.map UInt64.toNat (Kant.Wasm.Expr.eval locals (Kant.Wasm.Kernel.hexDigitOf e)))         (Option.some (Kant.Bytes.hexDigit v.toNat).toNat)","O7;13;source_systemS5;lean411;source_fileS35;RequestProject/Wasm/KernelSpec.lean13;source_formatS4;text11;imported_atI+0;14;transformed_atI+52;15;transformationsL0;13;parent_objectS0;","3b81cf37ee5a1eed8ec4caff141688dac31c428eefa47e7f7513149abb4ce22c"
"obj.Kant.Codec.Val.bool.inj","theorem","Kant.Codec.Val.bool.inj","PROVEN","∀ {b b_1 : Bool}, Eq (Kant.Codec.Val.bool b) (Kant.Codec.Val.bool b_1) → Eq b b_1","L0;","O0;","L0;","L0;","L1;S29;claim.Kant.Codec.Val.bool.inj","L0;","L1;S29;proof.Kant.Codec.Val.bool.inj","L0;","S81;∀ {b b_1 : Bool}, Eq (Kant.Codec.Val.bool b) (Kant.Codec.Val.bool b_1) → Eq b b_1","O7;13;source_systemS5;lean411;source_fileS34;RequestProject/Kant/Codec/Val.lean13;source_formatS4;text11;imported_atI+0;14;transformed_atI+0;15;transformationsL0;13;parent_objectS0;","e5758abf32087ef1443755896aa3459673b69d82f9731c13b73a9e70e63ffaa8"
"obj.Kant.Codec.Row","inductive","Kant.Codec.Row","ASSERTED","Type","L0;","O0;","L0;","L0;","L0;","L0;","L0;","L0;","S4;Type","O7;13;source_systemS5;lean411;source_fileS34;RequestProject/Kant/Codec/Csv.lean13;source_formatS4;text11;imported_atI+0;14;transformed_atI+39;15;transformationsL0;13;parent_objectS0;","cee17b96d9c077e601361d90ff894a598080467656b3a780664f3ce3442c8cf3"
"obj.Kant.Codec.Val.brecOn_3.eq","theorem","Kant.Codec.Val.brecOn_3.eq","PROVEN","∀ {motive_1 : Kant.Codec.Val → Sort u} {motive_2 : List Kant.Codec.Val → Sort u}   {motive_3 : List (Prod (List Char) Kant.Codec.Val) → Sort u}   {motive_4 : Prod (List Char) Kant.Codec.Val → Sort u} (t : Prod (List Char) Kant.Codec.Val)   (F_1 : (t : Kant.Codec.Val) → t.below → motive_1 t)   (F_2 : (t : List Kant.Codec.Val) → Kant.Codec.Val.below_1 t → motive_2 t)   (F_3 : (t : List (Prod (List Char) Kant.Codec.Val)) → Kant.Codec.Val.below_2 t → motive_3 t)   (F_4 : (t : Prod (List Char) Kant.Codec.Val) → Kant.Codec.Val.below_3 t → motive_4 t),   Eq (Kant.Codec.Val.brecOn_3 t F_1 F_2 F_3 F_4)     (F_4 t (Kant.Codec.Val.brecOn_3.go t F_1 F_2 F_3 F_4).2)","L0;","O0;","L0;","L0;","L1;S32;claim.Kant.Codec.Val.brecOn_3.eq","L0;","L1;S32;proof.Kant.Codec.Val.brecOn_3.eq","L0;","S661;∀ {motive_1 : Kant.Codec.Val → Sort u} {motive_2 : List Kant.Codec.Val → Sort u}   {motive_3 : List (Prod (List Char) Kant.Codec.Val) → Sort u}   {motive_4 : Prod (List Char) Kant.Codec.Val → Sort u} (t : Prod (List Char) Kant.Codec.Val)   (F_1 : (t : Kant.Codec.Val) → t.below → motive_1 t)   (F_2 : (t : List Kant.Codec.Val) → Kant.Codec.Val.below_1 t → motive_2 t)   (F_3 : (t : List (Prod (List Char) Kant.Codec.Val)) → Kant.Codec.Val.below_2 t → motive_3 t)   (F_4 : (t : Prod (List Char) Kant.Codec.Val) → Kant.Codec.Val.below_3 t → motive_4 t),   Eq (Kant.Codec.Val.brecOn_3 t F_1 F_2 F_3 F_4)     (F_4 t (Kant.Codec.Val.brecOn_3.go t F_1 F_2 F_3 F_4).2)","O7;13;source_systemS5;lean411;source_fileS34;RequestProject/Kant/Codec/Val.lean13;source_formatS4;text11;imported_atI+0;14;transformed_atI+0;15;transformationsL0;13;parent_objectS0;","6f89ec7f0d1fa9a06934f024e6b261fb16923ed2c001fa6e7e53246fa6990bf9"
"obj.Kant.Codec.readXUntil","def","Kant.Codec.readXUntil","ASSERTED","Char → List Char → Option (Prod (List Char) (List Char))","L0;","O0;","L0;","L0;","L0;","L0;","L0;","L0;","S56;Char → List Char → Option (Prod (List Char) (List Char))","O7;13;source_systemS5;lean411;source_fileS34;RequestProject/Kant/Codec/Xml.lean13;source_formatS4;text11;imported_atI+0;14;transformed_atI+88;15;transformationsL0;13;parent_objectS0;","d27828f819b3b16b33d71d592c633eb81a8a80171ddb09e1d346b3614af00dee"
"obj.Kant.Codec.natDigits.eq_1","theorem","Kant.Codec.natDigits.eq_1","PROVEN","∀ (n : Nat),   Eq (Kant.Codec.natDigits n)     (ite (instLTNat.lt n 10) (List.cons (Kant.Codec.digitChar n) List.nil)       (instHAppendOfAppend.hAppend (Kant.Codec.natDigits (instHDiv.hDiv n 10))         (List.cons (Kant.Codec.digitChar (instHMod.hMod n 10)) List.nil)))","L0;","O0;","L0;","L0;","L1;S31;claim.Kant.Codec.natDigits.eq_1","L0;","L1;S31;proof.Kant.Codec.natDigits.eq_1","L0;","S271;∀ (n : Nat),   Eq (Kant.Codec.natDigits n)     (ite (instLTNat.lt n 10) (List.cons (Kant.Codec.digitChar n) List.nil)       (instHAppendOfAppend.hAppend (Kant.Codec.natDigits (instHDiv.hDiv n 10))         (List.cons (Kant.Codec.digitChar (instHMod.hMod n 10)) List.nil)))","O7;13;source_systemS5;lean411;source_fileS34;RequestProject/Kant/Codec/Val.lean13;source_formatS4;text11;imported_atI+0;14;transformed_atI+0;15;transformationsL0;13;parent_objectS0;","dacb3386b4d548edaf47cbe55f8d448297e2a6278a7daa274aa5739baa48d0fc"
"obj.Kant.Codec.pVal.eq_3","theorem","Kant.Codec.pVal.eq_3","PROVEN","∀ (fuel : Nat) (c : Char) (rest : List Char),   Eq (Kant.Codec.pVal fuel.succ (List.cons c rest))     (ite (Eq c 'Z') (Option.some { fst := Kant.Codec.Val.null, snd := rest })       (ite (Eq c 'T') (Option.some { fst := Kant.Codec.Val.bool Bool.true, snd := rest })         (ite (Eq c 'F') (Option.some { fst := Kant.Codec.Val.bool Bool.false, snd := rest })           (ite (Eq c 'I')             (Option.map (fun p => { fst := Kant.Codec.Val.int p.fst, snd := p.snd })               (Kant.Codec.readInt rest))             (ite (Eq c 'S')               (Option.map (fun p => { fst := Kant.Codec.Val.str p.fst, snd := p.snd })                 (Kant.Codec.readStr rest))               (ite (Eq c 'L')                 (Kant.Codec.readStr.match_1 (fun x => Option (Prod Kant.Codec.Val (List Char)))                   (Kant.Codec.readNat rest)                   (fun n r =>                     Kant.Codec.pVal.match_1 (fun x => Option (Prod Kant.Codec.Val (List Char)))                       (Kant.Codec.pList fuel n r)                       (fun xs r2 => Option.some { fst := Kant.Codec.Val.list xs, snd := r2 })                       fun _ => Option.none)                   fun _ => Option.none)                 (ite (Eq c 'O')                   (Kant.Codec.readStr.match_1 (fun x => Option (Prod Kant.Codec.Val (List Char)))                     (Kant.Codec.readNat rest)                     (fun n r =>                       Kant.Codec.pVal.match_3 (fun x => Option (Prod Kant.Codec.Val (List Char)))                         (Kant.Codec.pFields fuel n r)                         (fun fs r2 => Option.some { fst := Kant.Codec.Val.obj fs, snd := r2 })                         fun _ => Option.none)                     fun _ => Option.none)                   Option.none)))))))","L0;","O0;","L0;","L0;","L1;S26;claim.Kant.Codec.pVal.eq_3","L0;","L1;S26;proof.Kant.Codec.pVal.eq_3","L0;","S1772;∀ (fuel : Nat) (c : Char) (rest : List Char),   Eq (Kant.Codec.pVal fuel.succ (List.cons c rest))     (ite (Eq c 'Z') (Option.some { fst := Kant.Codec.Val.null, snd := rest })       (ite (Eq c 'T') (Option.some { fst := Kant.Codec.Val.bool Bool.true, snd := rest })         (ite (Eq c 'F') (Option.some { fst := Kant.Codec.Val.bool Bool.false, snd := rest })           (ite (Eq c 'I')             (Option.map (fun p => { fst := Kant.Codec.Val.int p.fst, snd := p.snd })               (Kant.Codec.readInt rest))             (ite (Eq c 'S')               (Option.map (fun p => { fst := Kant.Codec.Val.str p.fst, snd := p.snd })                 (Kant.Codec.readStr rest))               (ite (Eq c 'L')                 (Kant.Codec.readStr.match_1 (fun x => Option (Prod Kant.Codec.Val (List Char)))                   (Kant.Codec.readNat rest)                   (fun n r =>                     Kant.Codec.pVal.match_1 (fun x => Option (Prod Kant.Codec.Val (List Char)))                       (Kant.Codec.pList fuel n r)                       (fun xs r2 => Option.some { fst := Kant.Codec.Val.list xs, snd := r2 })                       fun _ => Option.none)                   fun _ => Option.none)                 (ite (Eq c 'O')                   (Kant.Codec.readStr.match_1 (fun x => Option (Prod Kant.Codec.Val (List Char)))                     (Kant.Codec.readNat rest)                     (fun n r =>                       Kant.Codec.pVal.match_3 (fun x => Option (Prod Kant.Codec.Val (List Char)))                         (Kant.Codec.pFields fuel n r)                         (fun fs r2 => Option.some { fst := Kant.Codec.Val.obj fs, snd := r2 })                         fun _ => Option.none)                     fun _ => Option.none)                   Option.none)))))))","O7;13;source_systemS5;lean411;source_fileS34;RequestProject/Kant/Codec/Val.lean13;source_formatS4;text11;imported_atI+0;14;transformed_atI+0;15;transformationsL0;13;parent_objectS0;","bb76b0bb0f132f81e97d455830f677561a24a939cdb1f89320c621e9f3208168"
"obj.Kant.Rendezvous.best_isSome_of_knows","theorem","Kant.Rendezvous.best_isSome_of_knows","PROVEN","∀ {r : Kant.Rendezvous.Roster} {p : List Char},   Eq (r.knows p) Bool.true → Exists fun a => Eq (r.best p) (Option.some a)","L0;","O0;","L0;","L0;","L1;S42;claim.Kant.Rendezvous.best_isSome_of_knows","L0;","L1;S42;proof.Kant.Rendezvous.best_isSome_of_knows","L0;","S122;∀ {r : Kant.Rendezvous.Roster} {p : List Char},   Eq (r.knows p) Bool.true → Exists fun a => Eq (r.best p) (Option.some a)","O7;13;source_systemS5;lean411;source_fileS35;RequestProject/Kant/Rendezvous.lean13;source_formatS4;text11;imported_atI+0;14;transformed_atI+369;15;transformationsL0;13;parent_objectS0;","b7a48c5563c013e809cbe3c8289ba6bb66cbb96f0f46acfeb51eaf1a14555ad1"
"obj.Kant.Rendezvous.IsBest.greatest","theorem","Kant.Rendezvous.IsBest.greatest","PROVEN","∀ {r : Kant.Rendezvous.Roster} {p : List Char} {a : Kant.Rendezvous.Announce},   Kant.Rendezvous.IsBest r p a →     ∀ (b : Kant.Rendezvous.Announce),       List.instMembership.mem r b → Eq b.peer p → instLENat.le b.seq a.seq","L0;","O0;","L0;","L0;","L1;S37;claim.Kant.Rendezvous.IsBest.greatest","L0;","L1;S37;proof.Kant.Rendezvous.IsBest.greatest","L0;","S224;∀ {r : Kant.Rendezvous.Roster} {p : List Char} {a : Kant.Rendezvous.Announce},   Kant.Rendezvous.IsBest r p a →     ∀ (b : Kant.Rendezvous.Announce),       List.instMembership.mem r b → Eq b.peer p → instLENat.le b.seq a.seq","O7;13;source_systemS5;lean411;source_fileS35;RequestProject/Kant/Rendezvous.lean13;source_formatS4;text11;imported_atI+0;14;transformed_atI+351;15;transformationsL0;13;parent_objectS0;","af65371bfd5276026ab646ee0d55bccda3541c908cc40854c4bc1d9428c98a0f"
"obj.Kant.Diagnostics.instReprLog","def","Kant.Diagnostics.instReprLog","ASSERTED","Repr Kant.Diagnostics.Log","L1;S37;obj.Kant.Diagnostics.instReprLog.repr","O0;","L0;","L0;","L0;","L0;","L0;","L0;","S25;Repr Kant.Diagnostics.Log","O7;13;source_systemS5;lean411;source_fileS36;RequestProject/Kant/Diagnostics.lean13;source_formatS4;text11;imported_atI+0;14;transformed_atI+212;15;transformationsL0;13;parent_objectS0;","4ccc301249df8819ed93d899596f66e6715cbd50661230b36cc88404282b0a80"
"obj.Kant.Codec.seal_ledger","theorem","Kant.Codec.seal_ledger","PROVEN","∀ (f : Kant.Codec.Fmt) (src dst : List Char) (t : Nat) (o : Kant.Codec.Obj),   And     (Eq (Kant.Codec.sealEnvelope f src dst t o).transformations       (List.cons (Kant.Codec.conversionRecord f o) List.nil))     (Eq (Kant.Codec.conversionRecord f o).lossiness (Kant.Codec.declaredLossiness f))","L0;","O0;","L0;","L0;","L1;S28;claim.Kant.Codec.seal_ledger","L0;","L1;S28;proof.Kant.Codec.seal_ledger","L0;","S294;∀ (f : Kant.Codec.Fmt) (src dst : List Char) (t : Nat) (o : Kant.Codec.Obj),   And     (Eq (Kant.Codec.sealEnvelope f src dst t o).transformations       (List.cons (Kant.Codec.conversionRecord f o) List.nil))     (Eq (Kant.Codec.conversionRecord f o).lossiness (Kant.Codec.declaredLossiness f))","O7;13;source_systemS5;lean411;source_fileS39;RequestProject/Kant/Codec/Exchange.lean13;source_formatS4;text11;imported_atI+0;14;transformed_atI+178;15;transformationsL0;13;parent_objectS0;","11fa9860f5e537000d2b39fe8d916af3ce730b5ed667efeef79c01f821b64591"
"obj.Kant.Dom.package_recovers","theorem","Kant.Dom.package_recovers","PROVEN","∀ (d : Kant.Dom.Domain), Eq (Kant.Dom.packageRead (Kant.Dom.package d)) (Option.some d)","L1;S20;obj.Kant.Dom.package","O0;","L0;","L0;","L1;S31;claim.Kant.Dom.package_recovers","L0;","L1;S31;proof.Kant.Dom.package_recovers","L0;","S87;∀ (d : Kant.Dom.Domain), Eq (Kant.Dom.packageRead (Kant.Dom.package d)) (Option.some d)","O7;13;source_systemS5;lean411;source_fileS39;RequestProject/Kant/Domain/Package.lean13;source_formatS4;text11;imported_atI+0;14;transformed_atI+180;15;transformationsL0;13;parent_objectS0;","5328f4848d02191ebfa04978e16ac171fc152d064d76e408c589209541c671ab"
"obj.Kant.Sheaf.Encoding.toCtorIdx","def","Kant.Sheaf.Encoding.toCtorIdx","ASSERTED","Kant.Sheaf.Encoding → Nat","L0;","O0;","L0;","L0;","L0;","L0;","L0;","L0;","S25;Kant.Sheaf.Encoding → Nat","O7;13;source_systemS5;lean411;source_fileS30;RequestProject/Kant/Sheaf.lean13;source_formatS4;text11;imported_atI+0;14;transformed_atI+0;15;transformationsL0;13;parent_objectS0;","fddb624633ef6d3997f9b682e57e8ce602c13a939bc73f73b3c663ab84a9fcd0"
"obj.Kant.Wasm.Expr.brecOn.go","def","Kant.Wasm.Expr.brecOn.go","ASSERTED","{motive : Kant.Wasm.Expr → Sort u} →   (t : Kant.Wasm.Expr) →     ((t : Kant.Wasm.Expr) → Kant.Wasm.Expr.below t → motive t) →       PProd (motive t) (Kant.Wasm.Expr.below t)","L1;S18;obj.Kant.Wasm.Expr","O0;","L0;","L0;","L0;","L0;","L0;","L0;","S174;{motive : Kant.Wasm.Expr → Sort u} →   (t : Kant.Wasm.Expr) →     ((t : Kant.Wasm.Expr) → Kant.Wasm.Expr.below t → motive t) →       PProd (motive t) (Kant.Wasm.Expr.below t)","O7;13;source_systemS5;lean411;source_fileS31;RequestProject/Wasm/Syntax.lean13;source_formatS4;text11;imported_atI+0;14;transformed_atI+0;15;transformationsL0;13;parent_objectS0;","403ff0b02f7bfd79ba790cfe7853f5066b7eb8eaa30d543304dcde1834856e40"
"obj.Kant.Clipboard.decodeList.eq_def","theorem","Kant.Clipboard.decodeList.eq_def","PROVEN","∀ (x : List Kant.Bytes.Blob),   Eq (Kant.Clipboard.decodeList x)     (Kant.Clipboard.decodeList.match_3 (fun x => Option (List Kant.Paste)) x       (fun _ => Option.some List.nil) fun f fs =>       Kant.Clipboard.decodeList.match_1 (fun x x_1 => Option (List Kant.Paste))         (Kant.Clipboard.pasteText (Kant.Text.asciiChars f)) (Kant.Clipboard.decodeList fs)         (fun p rest => Option.some (List.cons p rest)) fun x x_1 => Option.none)","L0;","O0;","L0;","L0;","L1;S38;claim.Kant.Clipboard.decodeList.eq_def","L0;","L1;S38;proof.Kant.Clipboard.decodeList.eq_def","L0;","S443;∀ (x : List Kant.Bytes.Blob),   Eq (Kant.Clipboard.decodeList x)     (Kant.Clipboard.decodeList.match_3 (fun x => Option (List Kant.Paste)) x       (fun _ => Option.some List.nil) fun f fs =>       Kant.Clipboard.decodeList.match_1 (fun x x_1 => Option (List Kant.Paste))         (Kant.Clipboard.pasteText (Kant.Text.asciiChars f)) (Kant.Clipboard.decodeList fs)         (fun p rest => Option.some (List.cons p rest)) fun x x_1 => Option.none)","O7;13;source_systemS5;lean411;source_fileS34;RequestProject/Kant/Clipboard.lean13;source_formatS4;text11;imported_atI+0;14;transformed_atI+0;15;transformationsL0;13;parent_objectS0;","68dc1c3e5957343739de63840b0d99acb02514ef23e1c435dfe0dc00861dc0ba"
"obj.Kant.Dom.Truth.imported.elim","def","Kant.Dom.Truth.imported.elim","ASSERTED","{motive : Kant.Dom.Truth → Sort u} →   (t : Kant.Dom.Truth) → Eq t.ctorIdx 4 → motive Kant.Dom.Truth.imported → motive t","L0;","O0;","L0;","L0;","L0;","L0;","L0;","L0;","S120;{motive : Kant.Dom.Truth → Sort u} →   (t : Kant.Dom.Truth) → Eq t.ctorIdx 4 → motive Kant.Dom.Truth.imported → motive t","O7;13;source_systemS5;lean411;source_fileS37;RequestProject/Kant/Domain/Model.lean13;source_formatS4;text11;imported_atI+0;14;transformed_atI+50;15;transformationsL0;13;parent_objectS0;","2b98387e1092c7e80969a444b32fabdb44d27d8febc9432eb67e3e936fe2ac51"
"obj.Kant.Codec.readerAccepts","def","Kant.Codec.readerAccepts","ASSERTED","List Char → Bool","L0;","O0;","L0;","L0;","L0;","L0;","L0;","L0;","S16;List Char → Bool","O7;13;source_systemS5;lean411;source_fileS39;RequestProject/Kant/Codec/Exchange.lean13;source_formatS4;text11;imported_atI+0;14;transformed_atI+268;15;transformationsL0;13;parent_objectS0;","f991a11d751bdd8a53fbc84b5c78457dc4869ebbecebbecce9a6a774741c42bf"
"obj.Kant.Codec.instInhabitedRow","def","Kant.Codec.instInhabitedRow","ASSERTED","Inhabited Kant.Codec.Row","L1;S18;obj.Kant.Codec.Row","O0;","L0;","L0;","L0;","L0;","L0;","L0;","S24;Inhabited Kant.Codec.Row","O7;13;source_systemS5;lean411;source_fileS34;RequestProject/Kant/Codec/Csv.lean13;source_formatS4;text11;imported_atI+0;14;transformed_atI+53;15;transformationsL0;13;parent_objectS0;","b1acd80b3cec59ca13387ea96314c89d028753e912025ee4f17c25e1c2e60037"
"obj.Kant.Sheaf.Section.mk.injEq","theorem","Kant.Sheaf.Section.mk.injEq","PROVEN","∀ (addressType : Kant.Sheaf.DaslType) (eigen : Kant.Sheaf.EigenSpace)   (encoding : Kant.Sheaf.Encoding) (addressType_1 : Kant.Sheaf.DaslType)   (eigen_1 : Kant.Sheaf.EigenSpace) (encoding_1 : Kant.Sheaf.Encoding),   Eq     (Eq { addressType := addressType, eigen := eigen, encoding := encoding }       { addressType := addressType_1, eigen := eigen_1, encoding := encoding_1 })     (And (Eq addressType addressType_1) (And (Eq eigen eigen_1) (Eq encoding encoding_1)))","L0;","O0;","L0;","L0;","L1;S33;claim.Kant.Sheaf.Section.mk.injEq","L0;","L1;S33;proof.Kant.Sheaf.Section.mk.injEq","L0;","S469;∀ (addressType : Kant.Sheaf.DaslType) (eigen : Kant.Sheaf.EigenSpace)   (encoding : Kant.Sheaf.Encoding) (addressType_1 : Kant.Sheaf.DaslType)   (eigen_1 : Kant.Sheaf.EigenSpace) (encoding_1 : Kant.Sheaf.Encoding),   Eq     (Eq { addressType := addressType, eigen := eigen, encoding := encoding }       { addressType := addressType_1, eigen := eigen_1, encoding := encoding_1 })     (And (Eq addressType addressType_1) (And (Eq eigen eigen_1) (Eq encoding encoding_1)))","O7;13;source_systemS5;lean411;source_fileS30;RequestProject/Kant/Sheaf.lean13;source_formatS4;text11;imported_atI+0;14;transformed_atI+0;15;transformationsL0;13;parent_objectS0;","b114342f90e6b79db7cb56e0212fec821345566205b0689f7b7257369838e1f4"
"obj.Kant.Text.containsSub.eq_def","theorem","Kant.Text.containsSub.eq_def","PROVEN","∀ (needle hay : List Char),   Eq (Kant.Text.containsSub needle hay)     (ite (Eq (needle.isPrefixOf hay) Bool.true) Bool.true       (Kant.Text.splitFields.match_3 (fun hay => Bool) hay (fun _ => Bool.false) fun head t =>         Kant.Text.containsSub needle t))","L0;","O0;","L0;","L0;","L1;S34;claim.Kant.Text.containsSub.eq_def","L0;","L1;S34;proof.Kant.Text.containsSub.eq_def","L0;","S261;∀ (needle hay : List Char),   Eq (Kant.Text.containsSub needle hay)     (ite (Eq (needle.isPrefixOf hay) Bool.true) Bool.true       (Kant.Text.splitFields.match_3 (fun hay => Bool) hay (fun _ => Bool.false) fun head t =>         Kant.Text.containsSub needle t))","O7;13;source_systemS5;lean411;source_fileS29;RequestProject/Kant/Text.lean13;source_formatS4;text11;imported_atI+0;14;transformed_atI+0;15;transformationsL0;13;parent_objectS0;","d822a5f1d4db3e2dc1a947eaea0c4b6a486681ff957c887fff0c238540e16c4c"
"obj.Kant.CardDebug.instReprPairing.repr.match_1","def","Kant.CardDebug.instReprPairing.repr.match_1","ASSERTED","(motive : Kant.CardDebug.Pairing → Sort u_1) →   (x : Kant.CardDebug.Pairing) →     (Unit → motive Kant.CardDebug.Pairing.connectable) →       (Unit → motive Kant.CardDebug.Pairing.sameCode) →         (Unit → motive Kant.CardDebug.Pairing.notInvites) →           (Unit → motive Kant.CardDebug.Pairing.oneNotInvite) →             (Unit → motive Kant.CardDebug.Pairing.differentRooms) →               (Unit → motive Kant.CardDebug.Pairing.noMeetingPoint) → motive x","L0;","O0;","L0;","L0;","L0;","L0;","L0;","L0;","S463;(motive : Kant.CardDebug.Pairing → Sort u_1) →   (x : Kant.CardDebug.Pairing) →     (Unit → motive Kant.CardDebug.Pairing.connectable) →       (Unit → motive Kant.CardDebug.Pairing.sameCode) →         (Unit → motive Kant.CardDebug.Pairing.notInvites) →           (Unit → motive Kant.CardDebug.Pairing.oneNotInvite) →             (Unit → motive Kant.CardDebug.Pairing.differentRooms) →               (Unit → motive Kant.CardDebug.Pairing.noMeetingPoint) → motive x","O7;13;source_systemS5;lean411;source_fileS34;RequestProject/Kant/CardDebug.lean13;source_formatS4;text11;imported_atI+0;14;transformed_atI+0;15;transformationsL0;13;parent_objectS0;","297243832e0b62ec8cffaa30e7c0b2dfcf7d92d4c59d52620db8bade8c564c85"
"obj.Kant.Onboarding.Screen.noConfusion","def","Kant.Onboarding.Screen.noConfusion","ASSERTED","{P : Sort v✝} →   {x y : Kant.Onboarding.Screen} → Eq x y → Kant.Onboarding.Screen.noConfusionType P x y","L0;","O0;","L0;","L0;","L0;","L0;","L0;","L0;","S104;{P : Sort v✝} →   {x y : Kant.Onboarding.Screen} → Eq x y → Kant.Onboarding.Screen.noConfusionType P x y","O7;13;source_systemS5;lean411;source_fileS35;RequestProject/Kant/Onboarding.lean13;source_formatS4;text11;imported_atI+0;14;transformed_atI+46;15;transformationsL0;13;parent_objectS0;","bafa93162473f48388e2d923034f0320b3705529be3fe209bcdd612078aff356"
"obj.Kant.Wasm.Decode.RawInstr.binop.inj","theorem","Kant.Wasm.Decode.RawInstr.binop.inj","PROVEN","∀ {op op_1 : Kant.Wasm.BinOp},   Eq (Kant.Wasm.Decode.RawInstr.binop op) (Kant.Wasm.Decode.RawInstr.binop op_1) → Eq op op_1","L0;","O0;","L0;","L0;","L1;S41;claim.Kant.Wasm.Decode.RawInstr.binop.inj","L0;","L1;S41;proof.Kant.Wasm.Decode.RawInstr.binop.inj","L0;","S124;∀ {op op_1 : Kant.Wasm.BinOp},   Eq (Kant.Wasm.Decode.RawInstr.binop op) (Kant.Wasm.Decode.RawInstr.binop op_1) → Eq op op_1","O7;13;source_systemS5;lean411;source_fileS31;RequestProject/Wasm/Decode.lean13;source_formatS4;text11;imported_atI+0;14;transformed_atI+0;15;transformationsL0;13;parent_objectS0;","cdafa0813559217ce22eab3e87cfc73f8f7752cdaf0931c25d7a5aa4a14ff3a5"
"obj.Kant.Wasm.Encode.typeSection.eq_1","theorem","Kant.Wasm.Encode.typeSection.eq_1","PROVEN","∀ (m : Kant.Wasm.Module),   Eq (Kant.Wasm.Encode.typeSection m) (Kant.Wasm.Encode.sec 1 (Kant.Wasm.Encode.typePayload m))","L0;","O0;","L0;","L0;","L1;S39;claim.Kant.Wasm.Encode.typeSection.eq_1","L0;","L1;S39;proof.Kant.Wasm.Encode.typeSection.eq_1","L0;","S121;∀ (m : Kant.Wasm.Module),   Eq (Kant.Wasm.Encode.typeSection m) (Kant.Wasm.Encode.sec 1 (Kant.Wasm.Encode.typePayload m))","O7;13;source_systemS5;lean411;source_fileS31;RequestProject/Wasm/Decode.lean13;source_formatS4;text11;imported_atI+0;14;transformed_atI+0;15;transformationsL0;13;parent_objectS0;","504181fd8f0356b4696232d97a9fd327cabcaad5ea6138da949270e418cd334d"
"obj.Kant.Codec.resolve_manual","theorem","Kant.Codec.resolve_manual","PROVEN","∀ (a b : Kant.Codec.Obj), Eq (Kant.Codec.resolved Kant.Codec.Strategy.manual a b) Option.none","L0;","O0;","L0;","L0;","L1;S31;claim.Kant.Codec.resolve_manual","L0;","L1;S31;proof.Kant.Codec.resolve_manual","L0;","S93;∀ (a b : Kant.Codec.Obj), Eq (Kant.Codec.resolved Kant.Codec.Strategy.manual a b) Option.none","O7;13;source_systemS5;lean411;source_fileS40;RequestProject/Kant/Codec/Reconcile.lean13;source_formatS4;text11;imported_atI+0;14;transformed_atI+328;15;transformationsL0;13;parent_objectS0;","e83043fa32a7ce6c6e1423836e22f33fadc9c6f632d764aa1ee001ed31be9d2d"
"obj.Kant.Feed.paginate.eq_def","theorem","Kant.Feed.paginate.eq_def","PROVEN","∀ {α : Type} (size : Nat) (xs : List α),   Eq (Kant.Feed.paginate size xs)     (ite (Eq size 0) List.nil       (ite (Eq xs.isEmpty Bool.true) List.nil         (List.cons (List.take size xs) (Kant.Feed.paginate size (List.drop size xs)))))","L0;","O0;","L0;","L0;","L1;S31;claim.Kant.Feed.paginate.eq_def","L0;","L1;S31;proof.Kant.Feed.paginate.eq_def","L0;","S238;∀ {α : Type} (size : Nat) (xs : List α),   Eq (Kant.Feed.paginate size xs)     (ite (Eq size 0) List.nil       (ite (Eq xs.isEmpty Bool.true) List.nil         (List.cons (List.take size xs) (Kant.Feed.paginate size (List.drop size xs)))))","O7;13;source_systemS5;lean411;source_fileS29;RequestProject/Kant/Feed.lean13;source_formatS4;text11;imported_atI+0;14;transformed_atI+0;15;transformationsL0;13;parent_objectS0;","ba6c597d1bf05b19c9093bc76a862b7eaf0f5d4b1fa2c50376327ed200cf67f8"
"obj.Kant.Cli.instReprRoute","def","Kant.Cli.instReprRoute","ASSERTED","Repr Kant.Cli.Route","L0;","O0;","L0;","L0;","L0;","L0;","L0;","L0;","S19;Repr Kant.Cli.Route","O7;13;source_systemS5;lean411;source_fileS28;RequestProject/Kant/Cli.lean13;source_formatS4;text11;imported_atI+0;14;transformed_atI+242;15;transformationsL0;13;parent_objectS0;","8c3546c4f5a946aad681f534fb9fe0adbaced2ee0e89ede4348711bd798b8fe7"
"obj.Kant.InviteCard.instDecidableEqDress.decEq","def","Kant.InviteCard.instDecidableEqDress.decEq","ASSERTED","(x x_1 : Kant.InviteCard.Dress) → Decidable (Eq x x_1)","L1;S25;obj.Kant.InviteCard.Dress","O0;","L0;","L0;","L0;","L0;","L0;","L0;","S54;(x x_1 : Kant.InviteCard.Dress) → Decidable (Eq x x_1)","O7;13;source_systemS5;lean411;source_fileS35;RequestProject/Kant/InviteCard.lean13;source_formatS4;text11;imported_atI+0;14;transformed_atI+132;15;transformationsL0;13;parent_objectS0;","07cbea69cd5f7418d4b4504599cfa06b9e0ad9cb55e2989643f5d8c2e6c8bcd9"
"obj.Kant.Dasl.dual47.eq_1","theorem","Kant.Dasl.dual47.eq_1","PROVEN","∀ (o : Kant.Dasl.Orbifold) (k : Nat),   Eq (Kant.Dasl.dual47 o k) { l := o.l, m := o.m, n := instHMod.hMod (instHAdd.hAdd o.n k) 47 }","L0;","O0;","L0;","L0;","L1;S27;claim.Kant.Dasl.dual47.eq_1","L0;","L1;S27;proof.Kant.Dasl.dual47.eq_1","L0;","S133;∀ (o : Kant.Dasl.Orbifold) (k : Nat),   Eq (Kant.Dasl.dual47 o k) { l := o.l, m := o.m, n := instHMod.hMod (instHAdd.hAdd o.n k) 47 }","O7;13;source_systemS5;lean411;source_fileS29;RequestProject/Kant/Dasl.lean13;source_formatS4;text11;imported_atI+0;14;transformed_atI+0;15;transformationsL0;13;parent_objectS0;","c31c632e745c233147455f541f0c59fe756276c3c518060b9aa9cec83ef48998"
"obj.Kant.Codec.joinLines.eq_1","theorem","Kant.Codec.joinLines.eq_1","PROVEN","Eq (Kant.Codec.joinLines List.nil) List.nil","L1;S24;obj.Kant.Codec.joinLines","O0;","L0;","L0;","L1;S31;claim.Kant.Codec.joinLines.eq_1","L0;","L1;S31;proof.Kant.Codec.joinLines.eq_1","L0;","S43;Eq (Kant.Codec.joinLines List.nil) List.nil","O7;13;source_systemS5;lean411;source_fileS38;RequestProject/Kant/Codec/RawText.lean13;source_formatS4;text11;imported_atI+0;14;transformed_atI+0;15;transformationsL0;13;parent_objectS0;","416697641a140912c94b22bc2e01ec951251275cc42b07ccc86857b27540784f"
"obj.Kant.Bytes.u64Bytes_length","theorem","Kant.Bytes.u64Bytes_length","PROVEN","∀ (x : UInt64), Eq (List.length (Kant.Bytes.u64Bytes x)) 8","L0;","O0;","L0;","L0;","L1;S32;claim.Kant.Bytes.u64Bytes_length","L0;","L1;S32;proof.Kant.Bytes.u64Bytes_length","L0;","S58;∀ (x : UInt64), Eq (List.length (Kant.Bytes.u64Bytes x)) 8","O7;13;source_systemS5;lean411;source_fileS30;RequestProject/Kant/Bytes.lean13;source_formatS4;text11;imported_atI+0;14;transformed_atI+119;15;transformationsL0;13;parent_objectS0;","f2738c87597476d25e333a3f75bb016d68961c9966083804bb4f05ef41765eff"
"obj.Kant.Dom.PStatus.toCtorIdx","def","Kant.Dom.PStatus.toCtorIdx","ASSERTED","Kant.Dom.PStatus → Nat","L0;","O0;","L0;","L0;","L0;","L0;","L0;","L0;","S22;Kant.Dom.PStatus → Nat","O7;13;source_systemS5;lean411;source_fileS37;RequestProject/Kant/Domain/Model.lean13;source_formatS4;text11;imported_atI+0;14;transformed_atI+0;15;transformationsL0;13;parent_objectS0;","b8931de8b375d333347c447489973ac02e3341b11837fee9c95626ea4984d4e6"
"obj.Kant.Dom.Event.invalidation.elim","def","Kant.Dom.Event.invalidation.elim","ASSERTED","{motive : Kant.Dom.Event → Sort u} →   (t : Kant.Dom.Event) →     Eq t.ctorIdx 7 →       ((proofId : Kant.Dom.Id) → motive (Kant.Dom.Event.invalidation proofId)) → motive t","L0;","O0;","L0;","L0;","L0;","L0;","L0;","L0;","S172;{motive : Kant.Dom.Event → Sort u} →   (t : Kant.Dom.Event) →     Eq t.ctorIdx 7 →       ((proofId : Kant.Dom.Id) → motive (Kant.Dom.Event.invalidation proofId)) → motive t","O7;13;source_systemS5;lean411;source_fileS38;RequestProject/Kant/Domain/Policy.lean13;source_formatS4;text11;imported_atI+0;14;transformed_atI+46;15;transformationsL0;13;parent_objectS0;","2c27cb429cd4d1b8ffc499635b0e73db99df7dca2795829ecf18bc2865fe7ac1"
"obj.Kant.Codec.Row.casesOn","def","Kant.Codec.Row.casesOn","ASSERTED","{motive : Kant.Codec.Row → Sort u} →   (t : Kant.Codec.Row) →     ((objectId objectType field value valueType parentId : List Char) →         motive           { objectId := objectId, objectType := objectType, field := field, value := value,             valueType := valueType, parentId := parentId }) →       motive t","L1;S18;obj.Kant.Codec.Row","O0;","L0;","L0;","L0;","L0;","L0;","L0;","S317;{motive : Kant.Codec.Row → Sort u} →   (t : Kant.Codec.Row) →     ((objectId objectType field value valueType parentId : List Char) →         motive           { objectId := objectId, objectType := objectType, field := field, value := value,             valueType := valueType, parentId := parentId }) →       motive t","O7;13;source_systemS5;lean411;source_fileS34;RequestProject/Kant/Codec/Csv.lean13;source_formatS4;text11;imported_atI+0;14;transformed_atI+39;15;transformationsL0;13;parent_objectS0;","923dfee87f7cda5be8043d7fddecb0206ec589329c7c0cb93b19ce009aadc8ce"
"obj.Kant.InviteCard.inviteUrl_eq","theorem","Kant.InviteCard.inviteUrl_eq","PROVEN","∀ (c : Kant.SiteCard.Config) (i : Kant.Rendezvous.Invite),   Eq (Kant.InviteCard.inviteUrl c i)     (instHAppendOfAppend.hAppend c.origin       (List.cons Kant.Clipboard.hash (Kant.Rendezvous.copyInvite i)))","L2;S24;obj.Kant.SiteCard.ConfigS26;obj.Kant.Rendezvous.Invite","O0;","L0;","L0;","L1;S34;claim.Kant.InviteCard.inviteUrl_eq","L0;","L1;S34;proof.Kant.InviteCard.inviteUrl_eq","L0;","S207;∀ (c : Kant.SiteCard.Config) (i : Kant.Rendezvous.Invite),   Eq (Kant.InviteCard.inviteUrl c i)     (instHAppendOfAppend.hAppend c.origin       (List.cons Kant.Clipboard.hash (Kant.Rendezvous.copyInvite i)))","O7;13;source_systemS5;lean411;source_fileS35;RequestProject/Kant/InviteCard.lean13;source_formatS4;text11;imported_atI+0;14;transformed_atI+73;15;transformationsL0;13;parent_objectS0;","c2c0fba94aee5a9182fad7fb496357964ae1ad91552cd80b0fac18a3eb2270d0"
"obj.Kant.Codec.joinLines","def","Kant.Codec.joinLines","ASSERTED","List (List Char) → List Char","L0;","O0;","L0;","L0;","L0;","L0;","L0;","L0;","S28;List (List Char) → List Char","O7;13;source_systemS5;lean411;source_fileS38;RequestProject/Kant/Codec/RawText.lean13;source_formatS4;text11;imported_atI+0;14;transformed_atI+47;15;transformationsL0;13;parent_objectS0;","587c0a2c73df1942f5f5ad889b9526c5179a8356c10eeecc5b1b9fd4e017f7df"
"obj.Kant.Onboarding.Event.ctorElimType","def","Kant.Onboarding.Event.ctorElimType","ASSERTED","{motive : Kant.Onboarding.Event → Sort u} → Nat → Sort (max 1 u)","L0;","O0;","L0;","L0;","L0;","L0;","L0;","L0;","S64;{motive : Kant.Onboarding.Event → Sort u} → Nat → Sort (max 1 u)","O7;13;source_systemS5;lean411;source_fileS35;RequestProject/Kant/Onboarding.lean13;source_formatS4;text11;imported_atI+0;14;transformed_atI+0;15;transformationsL0;13;parent_objectS0;","0b9c0a2f1b1a89d9a2a46b9bc04893de62a7135d0bb8338b50f906db0781aaa0"
"obj.Kant.Codec.Severity.error.elim","def","Kant.Codec.Severity.error.elim","ASSERTED","{motive : Kant.Codec.Severity → Sort u} →   (t : Kant.Codec.Severity) → Eq t.ctorIdx 2 → motive Kant.Codec.Severity.error → motive t","L0;","O0;","L0;","L0;","L0;","L0;","L0;","L0;","S132;{motive : Kant.Codec.Severity → Sort u} →   (t : Kant.Codec.Severity) → Eq t.ctorIdx 2 → motive Kant.Codec.Severity.error → motive t","O7;13;source_systemS5;lean411;source_fileS36;RequestProject/Kant/Codec/Model.lean13;source_formatS4;text11;imported_atI+0;14;transformed_atI+48;15;transformationsL0;13;parent_objectS0;","7ee887c470407df74405a475bf01f47483a50a88eac0c635b32e654ab36f2ad2"
"obj.Kant.SiteCard.Config","inductive","Kant.SiteCard.Config","ASSERTED","Type","L0;","O0;","L0;","L0;","L0;","L0;","L0;","L0;","S4;Type","O7;13;source_systemS5;lean411;source_fileS33;RequestProject/Kant/SiteCard.lean13;source_formatS4;text11;imported_atI+0;14;transformed_atI+133;15;transformationsL0;13;parent_objectS0;","ee80abd30f71ffaae30b8d3d4203735df364341a6f2aa6840c3c605cb63c0937"
"obj.Kant.Codec.instInhabitedCompat.default","def","Kant.Codec.instInhabitedCompat.default","ASSERTED","Kant.Codec.Compat","L0;","O0;","L0;","L0;","L0;","L0;","L0;","L0;","S17;Kant.Codec.Compat","O7;13;source_systemS5;lean411;source_fileS39;RequestProject/Kant/Codec/Exchange.lean13;source_formatS4;text11;imported_atI+0;14;transformed_atI+266;15;transformationsL0;13;parent_objectS0;","47518918ba20fd37ade06317ef0e5be4b6c5d12324645e1d5f03956135d1684a"
"obj.Kant.Codec.readCsvField.eq_def","theorem","Kant.Codec.readCsvField.eq_def","PROVEN","∀ (x : List Char),   Eq (Kant.Codec.readCsvField x)     (Kant.Codec.readCsvField.match_1 (fun x => Option (Prod (List Char) (List Char))) x       (fun _ => Option.none)       (fun rest =>         Option.map (fun p => { fst := List.cons '\""' p.fst, snd := p.snd })           (Kant.Codec.readCsvField rest))       (fun rest => Option.some { fst := List.nil, snd := rest }) fun c rest =>       Option.map (fun p => { fst := List.cons c p.fst, snd := p.snd })         (Kant.Codec.readCsvField rest))","L0;","O0;","L0;","L0;","L1;S36;claim.Kant.Codec.readCsvField.eq_def","L0;","L1;S36;proof.Kant.Codec.readCsvField.eq_def","L0;","S495;∀ (x : List Char),   Eq (Kant.Codec.readCsvField x)     (Kant.Codec.readCsvField.match_1 (fun x => Option (Prod (List Char) (List Char))) x       (fun _ => Option.none)       (fun rest =>         Option.map (fun p => { fst := List.cons '\""' p.fst, snd := p.snd })           (Kant.Codec.readCsvField rest))       (fun rest => Option.some { fst := List.nil, snd := rest }) fun c rest =>       Option.map (fun p => { fst := List.cons c p.fst, snd := p.snd })         (Kant.Codec.readCsvField rest))","O7;13;source_systemS5;lean411;source_fileS34;RequestProject/Kant/Codec/Csv.lean13;source_formatS4;text11;imported_atI+0;14;transformed_atI+0;15;transformationsL0;13;parent_objectS0;","832636eb868608e201fc11aeef61c81d2eea8c82a933b51485afcb279e25ad1f"
"obj.Kant.Sheaf.Encoding.name","def","Kant.Sheaf.Encoding.name","ASSERTED","Kant.Sheaf.Encoding → List Char","L0;","O0;","L0;","L0;","L0;","L0;","L0;","L0;","S31;Kant.Sheaf.Encoding → List Char","O7;13;source_systemS5;lean411;source_fileS30;RequestProject/Kant/Sheaf.lean13;source_formatS4;text11;imported_atI+0;14;transformed_atI+102;15;transformationsL0;13;parent_objectS0;","ac532ca84d7a5dfd3de6e6e8808fe482fc71326a6a83bb9f36ac3ed31e0bede4"
"obj.Kant.Rendezvous.Roster.merge_delivers","theorem","Kant.Rendezvous.Roster.merge_delivers","PROVEN","∀ {r : Kant.Rendezvous.Roster} {as : List Kant.Rendezvous.Announce} {x : Kant.Rendezvous.Announce},   List.instMembership.mem as x → List.instMembership.mem (r.merge as) x","L0;","O0;","L0;","L0;","L1;S43;claim.Kant.Rendezvous.Roster.merge_delivers","L0;","L1;S43;proof.Kant.Rendezvous.Roster.merge_delivers","L0;","S171;∀ {r : Kant.Rendezvous.Roster} {as : List Kant.Rendezvous.Announce} {x : Kant.Rendezvous.Announce},   List.instMembership.mem as x → List.instMembership.mem (r.merge as) x","O7;13;source_systemS5;lean411;source_fileS35;RequestProject/Kant/Rendezvous.lean13;source_formatS4;text11;imported_atI+0;14;transformed_atI+225;15;transformationsL0;13;parent_objectS0;","62e984719fdf3707d5764cc036e56a6c594cfcd2a4d7befdc781ff32191e6382"
"obj.Kant.Dom.Rel.provenBy.sizeOf_spec","theorem","Kant.Dom.Rel.provenBy.sizeOf_spec","PROVEN","Eq (Kant.Dom.Rel._sizeOf_inst.sizeOf Kant.Dom.Rel.provenBy) 1","L0;","O0;","L0;","L0;","L1;S39;claim.Kant.Dom.Rel.provenBy.sizeOf_spec","L0;","L1;S39;proof.Kant.Dom.Rel.provenBy.sizeOf_spec","L0;","S61;Eq (Kant.Dom.Rel._sizeOf_inst.sizeOf Kant.Dom.Rel.provenBy) 1","O7;13;source_systemS5;lean411;source_fileS37;RequestProject/Kant/Domain/Model.lean13;source_formatS4;text11;imported_atI+0;14;transformed_atI+0;15;transformationsL0;13;parent_objectS0;","4e575513e21ab86aabce061dea45e45d0a68dba739afb584ac8299acbc62a6f7"
"obj.Kant.Dom.Evid.casesOn","def","Kant.Dom.Evid.casesOn","ASSERTED","{motive : Kant.Dom.Evid → Sort u} →   (t : Kant.Dom.Evid) →     motive Kant.Dom.Evid.none →       motive Kant.Dom.Evid.stated →         motive Kant.Dom.Evid.machineChecked → motive Kant.Dom.Evid.reproduced → motive t","L0;","O0;","L0;","L0;","L0;","L0;","L0;","L0;","S216;{motive : Kant.Dom.Evid → Sort u} →   (t : Kant.Dom.Evid) →     motive Kant.Dom.Evid.none →       motive Kant.Dom.Evid.stated →         motive Kant.Dom.Evid.machineChecked → motive Kant.Dom.Evid.reproduced → motive t","O7;13;source_systemS5;lean411;source_fileS37;RequestProject/Kant/Domain/Model.lean13;source_formatS4;text11;imported_atI+0;14;transformed_atI+59;15;transformationsL0;13;parent_objectS0;","82e3abd4dded2d5ee23380ad375a4579520544bc7cfaebd8e94d298d3f9bfcf3"
"obj.Kant.Codec.Verdict.toCtorIdx","def","Kant.Codec.Verdict.toCtorIdx","ASSERTED","Kant.Codec.Verdict → Nat","L0;","O0;","L0;","L0;","L0;","L0;","L0;","L0;","S24;Kant.Codec.Verdict → Nat","O7;13;source_systemS5;lean411;source_fileS40;RequestProject/Kant/Codec/Reconcile.lean13;source_formatS4;text11;imported_atI+0;14;transformed_atI+0;15;transformationsL0;13;parent_objectS0;","94ba9b3306d5ba42dc26511e4f397fad6eadf728b8b1afcc70c1f8e341ec73e7"
"obj.Kant.Codec.ImportReport.noConfusionType","def","Kant.Codec.ImportReport.noConfusionType","ASSERTED","Sort u → Kant.Codec.ImportReport → Kant.Codec.ImportReport → Sort u","L0;","O0;","L0;","L0;","L0;","L0;","L0;","L0;","S67;Sort u → Kant.Codec.ImportReport → Kant.Codec.ImportReport → Sort u","O7;13;source_systemS5;lean411;source_fileS39;RequestProject/Kant/Codec/Exchange.lean13;source_formatS4;text11;imported_atI+0;14;transformed_atI+0;15;transformationsL0;13;parent_objectS0;","47d92cfeccf35b8d68fa2efc12e8e33aba9613aef26d236791aaab821a6206d4"
"obj.Kant.Wasm.Encode.funcSection","def","Kant.Wasm.Encode.funcSection","ASSERTED","Kant.Wasm.Module → Kant.Wasm.Encode.Bytes","L0;","O0;","L0;","L0;","L0;","L0;","L0;","L0;","S41;Kant.Wasm.Module → Kant.Wasm.Encode.Bytes","O7;13;source_systemS5;lean411;source_fileS31;RequestProject/Wasm/Encode.lean13;source_formatS4;text11;imported_atI+0;14;transformed_atI+112;15;transformationsL0;13;parent_objectS0;","ed6f1497a59f5ba56484fd71af19b5b226aa519ebd73a47f3d611b1978e7f70c"
"obj.Kant.Dom.nonstandard_axioms_not_proven","theorem","Kant.Dom.nonstandard_axioms_not_proven","PROVEN","∀ (d : Kant.Dom.Decl),   Eq d.axiomsOk Bool.false → Ne (Kant.Dom.declObject d).truth Kant.Dom.Truth.proven","L0;","O0;","L0;","L0;","L1;S44;claim.Kant.Dom.nonstandard_axioms_not_proven","L0;","L1;S44;proof.Kant.Dom.nonstandard_axioms_not_proven","L0;","S106;∀ (d : Kant.Dom.Decl),   Eq d.axiomsOk Bool.false → Ne (Kant.Dom.declObject d).truth Kant.Dom.Truth.proven","O7;13;source_systemS5;lean411;source_fileS39;RequestProject/Kant/Domain/Catalog.lean13;source_formatS4;text11;imported_atI+0;14;transformed_atI+345;15;transformationsL0;13;parent_objectS0;","7c367464a481dd9550070bf71bd29692af58ae0007ce7df7e4979e3d511e8ec4"
"obj.Kant.Dom.Evidence.mk.sizeOf_spec","theorem","Kant.Dom.Evidence.mk.sizeOf_spec","PROVEN","∀ (id : Kant.Dom.Id) (kind : List Char) (objectRef : Kant.Dom.Id)   (description location : List Char),   Eq     (Kant.Dom.Evidence._sizeOf_inst.sizeOf       { id := id, kind := kind, objectRef := objectRef, description := description,         location := location })     (instHAdd.hAdd       (instHAdd.hAdd         (instHAdd.hAdd           (instHAdd.hAdd (instHAdd.hAdd 1 ((List._sizeOf_inst Char).sizeOf id))             ((List._sizeOf_inst Char).sizeOf kind))           ((List._sizeOf_inst Char).sizeOf objectRef))         ((List._sizeOf_inst Char).sizeOf description))       ((List._sizeOf_inst Char).sizeOf location))","L0;","O0;","L0;","L0;","L1;S38;claim.Kant.Dom.Evidence.mk.sizeOf_spec","L0;","L1;S38;proof.Kant.Dom.Evidence.mk.sizeOf_spec","L0;","S622;∀ (id : Kant.Dom.Id) (kind : List Char) (objectRef : Kant.Dom.Id)   (description location : List Char),   Eq     (Kant.Dom.Evidence._sizeOf_inst.sizeOf       { id := id, kind := kind, objectRef := objectRef, description := description,         location := location })     (instHAdd.hAdd       (instHAdd.hAdd         (instHAdd.hAdd           (instHAdd.hAdd (instHAdd.hAdd 1 ((List._sizeOf_inst Char).sizeOf id))             ((List._sizeOf_inst Char).sizeOf kind))           ((List._sizeOf_inst Char).sizeOf objectRef))         ((List._sizeOf_inst Char).sizeOf description))       ((List._sizeOf_inst Char).sizeOf location))","O7;13;source_systemS5;lean411;source_fileS37;RequestProject/Kant/Domain/Model.lean13;source_formatS4;text11;imported_atI+0;14;transformed_atI+0;15;transformationsL0;13;parent_objectS0;","2293c123dc239c2e81a7398f63cfdac181aa226eb97ad7f0add1031ed4f11ec3"
"obj.Kant.Meme.Template.recOn","def","Kant.Meme.Template.recOn","ASSERTED","{motive : Kant.Meme.Template → Sort u} →   (t : Kant.Meme.Template) →     ((topText bottomText : List Char) →         (carrier : Kant.Stego.Carrier) →           motive { topText := topText, bottomText := bottomText, carrier := carrier }) →       motive t","L0;","O0;","L0;","L0;","L0;","L0;","L0;","L0;","S254;{motive : Kant.Meme.Template → Sort u} →   (t : Kant.Meme.Template) →     ((topText bottomText : List Char) →         (carrier : Kant.Stego.Carrier) →           motive { topText := topText, bottomText := bottomText, carrier := carrier }) →       motive t","O7;13;source_systemS5;lean411;source_fileS29;RequestProject/Kant/Meme.lean13;source_formatS4;text11;imported_atI+0;14;transformed_atI+50;15;transformationsL0;13;parent_objectS0;","cb3a021fcab0ad885c0da02d3b839acbcdd7e1f1fbf371be743ef5bb4a4749e1"
"obj.Kant.Cli.joinText","def","Kant.Cli.joinText","ASSERTED","List Char → List Char → Option Kant.Cli.Client","L2;S26;obj.Kant.Rendezvous.InviteS18;obj.Kant.Relay.Msg","O0;","L0;","L0;","L0;","L0;","L0;","L0;","S46;List Char → List Char → Option Kant.Cli.Client","O7;13;source_systemS5;lean411;source_fileS28;RequestProject/Kant/Cli.lean13;source_formatS4;text11;imported_atI+0;14;transformed_atI+500;15;transformationsL0;13;parent_objectS0;","746dc025ab1e24bd0f10aebd889c098aa5083c017065433777faba966e084d84"
"obj.Kant.Dom.getIds","def","Kant.Dom.getIds","ASSERTED","List (Prod (List Char) Kant.Codec.Val) → List Char → Option (List Kant.Dom.Id)","L0;","O0;","L0;","L0;","L0;","L0;","L0;","L0;","S78;List (Prod (List Char) Kant.Codec.Val) → List Char → Option (List Kant.Dom.Id)","O7;13;source_systemS5;lean411;source_fileS37;RequestProject/Kant/Domain/Model.lean13;source_formatS4;text11;imported_atI+0;14;transformed_atI+228;15;transformationsL0;13;parent_objectS0;","2992169d1f51ffe6fb3e2f0d88612279e7ddee07c892f2306717fe7dd9575d63"
"obj.Kant.Sneakernet.Frame.casesOn","def","Kant.Sneakernet.Frame.casesOn","ASSERTED","{motive : Kant.Sneakernet.Frame → Sort u} →   (t : Kant.Sneakernet.Frame) →     ((seq total : Nat) →         (payload : Kant.Bytes.Blob) → motive { seq := seq, total := total, payload := payload }) →       motive t","L0;","O0;","L0;","L0;","L0;","L0;","L0;","L0;","S214;{motive : Kant.Sneakernet.Frame → Sort u} →   (t : Kant.Sneakernet.Frame) →     ((seq total : Nat) →         (payload : Kant.Bytes.Blob) → motive { seq := seq, total := total, payload := payload }) →       motive t","O7;13;source_systemS5;lean411;source_fileS35;RequestProject/Kant/Sneakernet.lean13;source_formatS4;text11;imported_atI+0;14;transformed_atI+131;15;transformationsL0;13;parent_objectS0;","f82309e371e50cba8a536d479c68200d374e93002c42d54416145b1b31d6dcd7"
"obj.Kant.CodeMovie.Circuit.const.elim","def","Kant.CodeMovie.Circuit.const.elim","ASSERTED","{motive : Kant.CodeMovie.Circuit → Sort u} →   (t : Kant.CodeMovie.Circuit) →     Eq t.ctorIdx 1 → ((b : Bool) → motive (Kant.CodeMovie.Circuit.const b)) → motive t","L0;","O0;","L0;","L0;","L0;","L0;","L0;","L0;","S164;{motive : Kant.CodeMovie.Circuit → Sort u} →   (t : Kant.CodeMovie.Circuit) →     Eq t.ctorIdx 1 → ((b : Bool) → motive (Kant.CodeMovie.Circuit.const b)) → motive t","O7;13;source_systemS5;lean411;source_fileS34;RequestProject/Kant/CodeMovie.lean13;source_formatS4;text11;imported_atI+0;14;transformed_atI+158;15;transformationsL0;13;parent_objectS0;","0ec85ef82c1ab1183e5ed39c9cdec58be44e3c9578bf260e6b28da7ede382821"
"obj.Kant.Wasm.Decode.RawInstr.localGet.elim","def","Kant.Wasm.Decode.RawInstr.localGet.elim","ASSERTED","{motive : Kant.Wasm.Decode.RawInstr → Sort u} →   (t : Kant.Wasm.Decode.RawInstr) →     Eq t.ctorIdx 1 → ((i : Nat) → motive (Kant.Wasm.Decode.RawInstr.localGet i)) → motive t","L0;","O0;","L0;","L0;","L0;","L0;","L0;","L0;","S175;{motive : Kant.Wasm.Decode.RawInstr → Sort u} →   (t : Kant.Wasm.Decode.RawInstr) →     Eq t.ctorIdx 1 → ((i : Nat) → motive (Kant.Wasm.Decode.RawInstr.localGet i)) → motive t","O7;13;source_systemS5;lean411;source_fileS31;RequestProject/Wasm/Decode.lean13;source_formatS4;text11;imported_atI+0;14;transformed_atI+45;15;transformationsL0;13;parent_objectS0;","1c6fbe84bc106bc00a38b96bd5231323242ac9f264709546ef38d9c5b7799e29"
"obj.Kant.Dom.instReprFormatReport.repr","def","Kant.Dom.instReprFormatReport.repr","ASSERTED","Kant.Dom.FormatReport → Nat → Std.Format","L0;","O0;","L0;","L0;","L0;","L0;","L0;","L0;","S40;Kant.Dom.FormatReport → Nat → Std.Format","O7;13;source_systemS5;lean411;source_fileS36;RequestProject/Kant/Domain/Emit.lean13;source_formatS4;text11;imported_atI+0;14;transformed_atI+267;15;transformationsL0;13;parent_objectS0;","03f727a5e60ece66058c3290f04f0989c432b12cfa306ae0339cd7dbd3493a63"
"obj.Kant.Codec.Status","inductive","Kant.Codec.Status","ASSERTED","Type","L0;","O0;","L0;","L0;","L0;","L0;","L0;","L0;","S4;Type","O7;13;source_systemS5;lean411;source_fileS36;RequestProject/Kant/Codec/Model.lean13;source_formatS4;text11;imported_atI+0;14;transformed_atI+41;15;transformationsL0;13;parent_objectS0;","c709773348faf97d54be31bfe47d0a2a9329bba23a3c88976886d38d6e283b44"
"obj.Kant.Feed.newest","def","Kant.Feed.newest","ASSERTED","List Kant.Paste → List Kant.Paste","L0;","O0;","L0;","L0;","L0;","L0;","L0;","L0;","S33;List Kant.Paste → List Kant.Paste","O7;13;source_systemS5;lean411;source_fileS29;RequestProject/Kant/Feed.lean13;source_formatS4;text11;imported_atI+0;14;transformed_atI+265;15;transformationsL0;13;parent_objectS0;","27b1ad24ca9b33092ad1b83cbe8c4ade70ed4bede04f42a3cb3f8d7e577a17f8"
"obj.Kant.CardDebug.vecInviteOtherRelay","def","Kant.CardDebug.vecInviteOtherRelay","ASSERTED","List Char","L0;","O0;","L0;","L0;","L0;","L0;","L0;","L0;","S9;List Char","O7;13;source_systemS5;lean411;source_fileS34;RequestProject/Kant/CardDebug.lean13;source_formatS4;text11;imported_atI+0;14;transformed_atI+444;15;transformationsL0;13;parent_objectS0;","f51af5a39f92eb4837759292f87ad88bbd8ac38f71617f8e56fc1bbd1c2e6d51"
"obj.Kant.Codec.readCsvCell.match_3","def","Kant.Codec.readCsvCell.match_3","ASSERTED","(motive : List Char → Sort u_1) →   (x : List Char) →     ((s : List Char) → motive (List.cons '\""' s)) → ((x : List Char) → motive x) → motive x","L0;","O0;","L0;","L0;","L0;","L0;","L0;","L0;","S145;(motive : List Char → Sort u_1) →   (x : List Char) →     ((s : List Char) → motive (List.cons '\""' s)) → ((x : List Char) → motive x) → motive x","O7;13;source_systemS5;lean411;source_fileS34;RequestProject/Kant/Codec/Csv.lean13;source_formatS4;text11;imported_atI+0;14;transformed_atI+0;15;transformationsL0;13;parent_objectS0;","7ceea4566a7301766b9df4df470941f9e0b59a630fbb7608a3f9fdfb5cb6a76b"
"obj.Kant.Cli.Client.casesOn","def","Kant.Cli.Client.casesOn","ASSERTED","{motive : Kant.Cli.Client → Sort u} →   (t : Kant.Cli.Client) →     ((self relay : List Char) →         (secret : Kant.Bytes.Blob) →           (seq cursor : Nat) →             (messages : List Kant.Relay.Msg) →               motive                 { self := self, relay := relay, secret := secret, seq := seq, cursor := cursor,                   messages := messages }) →       motive t","L1;S18;obj.Kant.Relay.Msg","O0;","L0;","L0;","L0;","L0;","L0;","L0;","S386;{motive : Kant.Cli.Client → Sort u} →   (t : Kant.Cli.Client) →     ((self relay : List Char) →         (secret : Kant.Bytes.Blob) →           (seq cursor : Nat) →             (messages : List Kant.Relay.Msg) →               motive                 { self := self, relay := relay, secret := secret, seq := seq, cursor := cursor,                   messages := messages }) →       motive t","O7;13;source_systemS5;lean411;source_fileS28;RequestProject/Kant/Cli.lean13;source_formatS4;text11;imported_atI+0;14;transformed_atI+313;15;transformationsL0;13;parent_objectS0;","7f897929a93da7a8df8791790c8159db17645a762464c38e9b6e4c62d6d8d441"
"obj.Kant.Codec.readXUntil_xesc","theorem","Kant.Codec.readXUntil_xesc","PROVEN","∀ {term : Char},   Or (Eq term '<') (Eq term '\""') →     ∀ (s rest : List Char),       Eq         (Kant.Codec.readXUntil term           (instHAppendOfAppend.hAppend (Kant.Codec.xesc s) (List.cons term rest)))         (Option.some { fst := s, snd := List.cons term rest })","L1;S25;obj.Kant.Codec.readXUntil","O0;","L0;","L0;","L1;S32;claim.Kant.Codec.readXUntil_xesc","L0;","L1;S32;proof.Kant.Codec.readXUntil_xesc","L0;","S271;∀ {term : Char},   Or (Eq term '<') (Eq term '\""') →     ∀ (s rest : List Char),       Eq         (Kant.Codec.readXUntil term           (instHAppendOfAppend.hAppend (Kant.Codec.xesc s) (List.cons term rest)))         (Option.some { fst := s, snd := List.cons term rest })","O7;13;source_systemS5;lean411;source_fileS34;RequestProject/Kant/Codec/Xml.lean13;source_formatS4;text11;imported_atI+0;14;transformed_atI+106;15;transformationsL0;13;parent_objectS0;","4e7979d02b1e9dcc40c1469486008907194fdd944d79ad12d6a3be63b7b510ad"
"obj.Kant.Dom.Truth.ofName_name","theorem","Kant.Dom.Truth.ofName_name","PROVEN","∀ (t : Kant.Dom.Truth), Eq (Kant.Dom.Truth.ofName t.name) (Option.some t)","L1;S33;obj.Kant.Dom.instDecidableEqTruth","O0;","L0;","L0;","L1;S32;claim.Kant.Dom.Truth.ofName_name","L0;","L1;S32;proof.Kant.Dom.Truth.ofName_name","L0;","S73;∀ (t : Kant.Dom.Truth), Eq (Kant.Dom.Truth.ofName t.name) (Option.some t)","O7;13;source_systemS5;lean411;source_fileS37;RequestProject/Kant/Domain/Model.lean13;source_formatS4;text11;imported_atI+0;14;transformed_atI+102;15;transformationsL0;13;parent_objectS0;","6c4c8b2baed0f55681bd8c9dcabb16d179fc15c8073e72c8be23a126e5c60bb3"
"obj.Kant.Dom.ProofRec","inductive","Kant.Dom.ProofRec","ASSERTED","Type","L0;","O0;","L0;","L0;","L0;","L0;","L0;","L0;","S4;Type","O7;13;source_systemS5;lean411;source_fileS37;RequestProject/Kant/Domain/Model.lean13;source_formatS4;text11;imported_atI+0;14;transformed_atI+354;15;transformationsL0;13;parent_objectS0;","f0e74244f5609695850532670278c982f09b95037afbde6ff0027aedff39725c"
"obj.Kant.Sheaf.DaslType.shardId.elim","def","Kant.Sheaf.DaslType.shardId.elim","ASSERTED","{motive : Kant.Sheaf.DaslType → Sort u} →   (t : Kant.Sheaf.DaslType) → Eq t.ctorIdx 5 → motive Kant.Sheaf.DaslType.shardId → motive t","L0;","O0;","L0;","L0;","L0;","L0;","L0;","L0;","S134;{motive : Kant.Sheaf.DaslType → Sort u} →   (t : Kant.Sheaf.DaslType) → Eq t.ctorIdx 5 → motive Kant.Sheaf.DaslType.shardId → motive t","O7;13;source_systemS5;lean411;source_fileS30;RequestProject/Kant/Sheaf.lean13;source_formatS4;text11;imported_atI+0;14;transformed_atI+32;15;transformationsL0;13;parent_objectS0;","6b4fe81b90314f2f8453da93f65eade4d2d2905fa701ed1d38fa17fb56027b72"
"obj.Kant.Handoff.run_delivers","theorem","Kant.Handoff.run_delivers","PROVEN","∀ {a b : Kant.Uucp.Node},   a.Wired →     ∀ {x : Kant.Relay.Msg},       List.instMembership.mem a.spool x → List.instMembership.mem (Kant.Handoff.run a b).snd.spool x","L1;S18;obj.Kant.Relay.Msg","O0;","L0;","L0;","L1;S31;claim.Kant.Handoff.run_delivers","L0;","L1;S31;proof.Kant.Handoff.run_delivers","L0;","S166;∀ {a b : Kant.Uucp.Node},   a.Wired →     ∀ {x : Kant.Relay.Msg},       List.instMembership.mem a.spool x → List.instMembership.mem (Kant.Handoff.run a b).snd.spool x","O7;13;source_systemS5;lean411;source_fileS32;RequestProject/Kant/Handoff.lean13;source_formatS4;text11;imported_atI+0;14;transformed_atI+125;15;transformationsL0;13;parent_objectS0;","58a854d2619b70ae12a67de83b34ff71fd063cfa4bdf8aa83fe84205fe32650b"
"obj.Kant.InviteCard.Dress.mk.noConfusion","def","Kant.InviteCard.Dress.mk.noConfusion","ASSERTED","{P : Sort u} →   {caption icon alt caption' icon' alt' : List Char} →     Eq { caption := caption, icon := icon, alt := alt }         { caption := caption', icon := icon', alt := alt' } →       (Eq caption caption' → Eq icon icon' → Eq alt alt' → P) → P","L1;S25;obj.Kant.InviteCard.Dress","O0;","L0;","L0;","L0;","L0;","L0;","L0;","S253;{P : Sort u} →   {caption icon alt caption' icon' alt' : List Char} →     Eq { caption := caption, icon := icon, alt := alt }         { caption := caption', icon := icon', alt := alt' } →       (Eq caption caption' → Eq icon icon' → Eq alt alt' → P) → P","O7;13;source_systemS5;lean411;source_fileS35;RequestProject/Kant/InviteCard.lean13;source_formatS4;text11;imported_atI+0;14;transformed_atI+125;15;transformationsL0;13;parent_objectS0;","7a7bf9bfc620c201ca4c51975731a3067b39af2e089484fbf5dfdb03f01746b0"
"obj.Kant.Wasm.Kernel.eval_cidPayloadE","theorem","Kant.Wasm.Kernel.eval_cidPayloadE","PROVEN","∀ (x : UInt64),   Eq     (Option.map UInt64.toNat       (Kant.Wasm.Expr.eval (List.cons x List.nil) Kant.Wasm.Kernel.cidPayloadE))     (Option.some (Kant.Dasl.cidPayload x.toNat))","L1;S32;obj.Kant.Wasm.Kernel.cidPayloadE","O0;","L0;","L0;","L1;S39;claim.Kant.Wasm.Kernel.eval_cidPayloadE","L0;","L1;S39;proof.Kant.Wasm.Kernel.eval_cidPayloadE","L0;","S179;∀ (x : UInt64),   Eq     (Option.map UInt64.toNat       (Kant.Wasm.Expr.eval (List.cons x List.nil) Kant.Wasm.Kernel.cidPayloadE))     (Option.some (Kant.Dasl.cidPayload x.toNat))","O7;13;source_systemS5;lean411;source_fileS35;RequestProject/Wasm/KernelSpec.lean13;source_formatS4;text11;imported_atI+0;14;transformed_atI+160;15;transformationsL0;13;parent_objectS0;","a906a6e3e7fcdcac1684947c88956f5f386d9f605ca6d772427d7cfdd035a225"
"obj.Kant.Dom.objects_nodup","theorem","Kant.Dom.objects_nodup","PROVEN","∀ {ds : List Kant.Dom.Decl},   (List.map Kant.Dom.Decl.name ds).Nodup →     (List.map Kant.Dom.DomObj.id (Kant.Dom.catalog ""d"".toList List.nil ds).objects).Nodup","L0;","O0;","L0;","L0;","L1;S28;claim.Kant.Dom.objects_nodup","L0;","L1;S28;proof.Kant.Dom.objects_nodup","L0;","S161;∀ {ds : List Kant.Dom.Decl},   (List.map Kant.Dom.Decl.name ds).Nodup →     (List.map Kant.Dom.DomObj.id (Kant.Dom.catalog ""d"".toList List.nil ds).objects).Nodup","O7;13;source_systemS5;lean411;source_fileS39;RequestProject/Kant/Domain/Catalog.lean13;source_formatS4;text11;imported_atI+0;14;transformed_atI+231;15;transformationsL0;13;parent_objectS0;","fb46924a70ed02dc9139186e1c7d403ff781ac5ff0469ad2a2eeadf4ef3c5135"
"obj.Kant.Codec.extensions_preserved","theorem","Kant.Codec.extensions_preserved","PROVEN","∀ (o : Kant.Codec.Obj),   Eq (Option.map Kant.Codec.Obj.extensions (Kant.Codec.Obj.ofVal o.toVal))     (Option.some o.extensions)","L1;S24;obj.Kant.Codec.Obj.toVal","O0;","L0;","L0;","L1;S37;claim.Kant.Codec.extensions_preserved","L0;","L1;S37;proof.Kant.Codec.extensions_preserved","L0;","S129;∀ (o : Kant.Codec.Obj),   Eq (Option.map Kant.Codec.Obj.extensions (Kant.Codec.Obj.ofVal o.toVal))     (Option.some o.extensions)","O7;13;source_systemS5;lean411;source_fileS36;RequestProject/Kant/Codec/Model.lean13;source_formatS4;text11;imported_atI+0;14;transformed_atI+525;15;transformationsL0;13;parent_objectS0;","fe402fd89c7958a6dff99cb136be9f59a2a915a661cbcd40d9ee5164f3eb0fc3"
"obj.Kant.Demo.demoAnnounceBob","def","Kant.Demo.demoAnnounceBob","ASSERTED","Kant.Rendezvous.Announce","L0;","O0;","L0;","L0;","L0;","L0;","L0;","L0;","S24;Kant.Rendezvous.Announce","O7;13;source_systemS5;lean411;source_fileS29;RequestProject/Kant/Demo.lean13;source_formatS4;text11;imported_atI+0;14;transformed_atI+325;15;transformationsL0;13;parent_objectS0;","0911c1579bec81a66468a5c9f473ec19873ec7cc7825bfc0ce7375c97f66e2b3"
"obj.Kant.Feed.instReprRow","def","Kant.Feed.instReprRow","ASSERTED","Repr Kant.Feed.Row","L1;S30;obj.Kant.Feed.instReprRow.repr","O0;","L0;","L0;","L0;","L0;","L0;","L0;","S18;Repr Kant.Feed.Row","O7;13;source_systemS5;lean411;source_fileS29;RequestProject/Kant/Feed.lean13;source_formatS4;text11;imported_atI+0;14;transformed_atI+66;15;transformationsL0;13;parent_objectS0;","0f5a27505db9f8aeff88898cf2cc35918d99863177e24028f0e3684856411a8b"
"obj.Kant.Wasm.Decode.instrsDec.match_3","def","Kant.Wasm.Decode.instrsDec.match_3","ASSERTED","(motive : Option (Prod Kant.Wasm.Decode.RawInstr Kant.Wasm.Decode.Bytes) → Sort u_1) →   (x : Option (Prod Kant.Wasm.Decode.RawInstr Kant.Wasm.Decode.Bytes)) →     ((i : Kant.Wasm.Decode.RawInstr) →         (r : Kant.Wasm.Decode.Bytes) →           Eq x (Option.some { fst := i, snd := r }) → motive (Option.some { fst := i, snd := r })) →       (Eq x Option.none → motive Option.none) → motive x","L0;","O0;","L0;","L0;","L0;","L0;","L0;","L0;","S395;(motive : Option (Prod Kant.Wasm.Decode.RawInstr Kant.Wasm.Decode.Bytes) → Sort u_1) →   (x : Option (Prod Kant.Wasm.Decode.RawInstr Kant.Wasm.Decode.Bytes)) →     ((i : Kant.Wasm.Decode.RawInstr) →         (r : Kant.Wasm.Decode.Bytes) →           Eq x (Option.some { fst := i, snd := r }) → motive (Option.some { fst := i, snd := r })) →       (Eq x Option.none → motive Option.none) → motive x","O7;13;source_systemS5;lean411;source_fileS31;RequestProject/Wasm/Decode.lean13;source_formatS4;text11;imported_atI+0;14;transformed_atI+0;15;transformationsL0;13;parent_objectS0;","c6f8ff1f41a9e6685d89fa03f941a0c33353c3a568301816a5461f35d813d621"
"obj.Kant.Dom.Rel.constrains.sizeOf_spec","theorem","Kant.Dom.Rel.constrains.sizeOf_spec","PROVEN","Eq (Kant.Dom.Rel._sizeOf_inst.sizeOf Kant.Dom.Rel.constrains) 1","L0;","O0;","L0;","L0;","L1;S41;claim.Kant.Dom.Rel.constrains.sizeOf_spec","L0;","L1;S41;proof.Kant.Dom.Rel.constrains.sizeOf_spec","L0;","S63;Eq (Kant.Dom.Rel._sizeOf_inst.sizeOf Kant.Dom.Rel.constrains) 1","O7;13;source_systemS5;lean411;source_fileS37;RequestProject/Kant/Domain/Model.lean13;source_formatS4;text11;imported_atI+0;14;transformed_atI+0;15;transformationsL0;13;parent_objectS0;","ef76dae6afaa0ce28ed6d40816686f754a216c097c0ce3fc78d46444f9be1b8f"
"obj.Kant.Uucp.Node.paste.eq_1","theorem","Kant.Uucp.Node.paste.eq_1","PROVEN","∀ (n : Kant.Uucp.Node) (s : List Char),   Eq (n.paste s)     (Kant.Uucp.Node.paste.match_1 (fun x => Kant.Uucp.Node) (Kant.Uucp.openBag s)       (fun ms => { name := n.name, spool := Kant.Uucp.absorb n.spool ms, clock := n.clock })       fun _ => n)","L1;S18;obj.Kant.Relay.Msg","O0;","L0;","L0;","L1;S31;claim.Kant.Uucp.Node.paste.eq_1","L0;","L1;S31;proof.Kant.Uucp.Node.paste.eq_1","L0;","S249;∀ (n : Kant.Uucp.Node) (s : List Char),   Eq (n.paste s)     (Kant.Uucp.Node.paste.match_1 (fun x => Kant.Uucp.Node) (Kant.Uucp.openBag s)       (fun ms => { name := n.name, spool := Kant.Uucp.absorb n.spool ms, clock := n.clock })       fun _ => n)","O7;13;source_systemS5;lean411;source_fileS29;RequestProject/Kant/Uucp.lean13;source_formatS4;text11;imported_atI+0;14;transformed_atI+0;15;transformationsL0;13;parent_objectS0;","58207fc9fdf473c3d19213a622e1448819200a5df00d47a9326206037f736bae"
"obj.Kant.Wasm.Kernel.fitsSocialE.eq_1","theorem","Kant.Wasm.Kernel.fitsSocialE.eq_1","PROVEN","Eq Kant.Wasm.Kernel.fitsSocialE   (Kant.Wasm.Expr.cmp Kant.Wasm.CmpOp.leu (Kant.Wasm.Expr.var 0)     (Kant.Wasm.Expr.const Kant.Wasm.Kernel.socialLimit))","L1;S18;obj.Kant.Wasm.Expr","O0;","L0;","L0;","L1;S39;claim.Kant.Wasm.Kernel.fitsSocialE.eq_1","L0;","L1;S39;proof.Kant.Wasm.Kernel.fitsSocialE.eq_1","L0;","S153;Eq Kant.Wasm.Kernel.fitsSocialE   (Kant.Wasm.Expr.cmp Kant.Wasm.CmpOp.leu (Kant.Wasm.Expr.var 0)     (Kant.Wasm.Expr.const Kant.Wasm.Kernel.socialLimit))","O7;13;source_systemS5;lean411;source_fileS35;RequestProject/Wasm/KernelSpec.lean13;source_formatS4;text11;imported_atI+0;14;transformed_atI+0;15;transformationsL0;13;parent_objectS0;","5e8728bcecd1b52cf4546246a9aa507f4c2f3fe495edca52aeb26ae2d2cb1a25"
"obj.Kant.Dom.instDecidableEqRepair","def","Kant.Dom.instDecidableEqRepair","ASSERTED","DecidableEq Kant.Dom.Repair","L0;","O0;","L0;","L0;","L0;","L0;","L0;","L0;","S27;DecidableEq Kant.Dom.Repair","O7;13;source_systemS5;lean411;source_fileS38;RequestProject/Kant/Domain/Policy.lean13;source_formatS4;text11;imported_atI+0;14;transformed_atI+204;15;transformationsL0;13;parent_objectS0;","225b81e6dcd3ca8c188ae26d12b9e1cf969c7e3e8dc2f2523a6ba942456d7195"
"obj.Kant.Dom.Cert.noConfusion","def","Kant.Dom.Cert.noConfusion","ASSERTED","{P : Sort u} → {t t' : Kant.Dom.Cert} → Eq t t' → Kant.Dom.Cert.noConfusionType P t t'","L0;","O0;","L0;","L0;","L0;","L0;","L0;","L0;","S86;{P : Sort u} → {t t' : Kant.Dom.Cert} → Eq t t' → Kant.Dom.Cert.noConfusionType P t t'","O7;13;source_systemS5;lean411;source_fileS37;RequestProject/Kant/Domain/Model.lean13;source_formatS4;text11;imported_atI+0;14;transformed_atI+237;15;transformationsL0;13;parent_objectS0;","33d7c62909c0f340fb29c10ce636022b6b154cd2816264a66d14ca5637cd4211"
"obj.Kant.Codec.Fmt.yaml.sizeOf_spec","theorem","Kant.Codec.Fmt.yaml.sizeOf_spec","PROVEN","Eq (Kant.Codec.Fmt._sizeOf_inst.sizeOf Kant.Codec.Fmt.yaml) 1","L0;","O0;","L0;","L0;","L1;S37;claim.Kant.Codec.Fmt.yaml.sizeOf_spec","L0;","L1;S37;proof.Kant.Codec.Fmt.yaml.sizeOf_spec","L0;","S61;Eq (Kant.Codec.Fmt._sizeOf_inst.sizeOf Kant.Codec.Fmt.yaml) 1","O7;13;source_systemS5;lean411;source_fileS36;RequestProject/Kant/Codec/Model.lean13;source_formatS4;text11;imported_atI+0;14;transformed_atI+0;15;transformationsL0;13;parent_objectS0;","893ae9e730668cc3498b5ea0635a86a08c117066a8284c4960f6cb4a5eda0726"
"obj.Kant.Feed.row_no_markup","theorem","Kant.Feed.row_no_markup","PROVEN","∀ (p : Kant.Paste),   And     (And (Not (List.instMembership.mem (Kant.Feed.row p).title '<'))       (And (Not (List.instMembership.mem (Kant.Feed.row p).title '>'))         (Not (List.instMembership.mem (Kant.Feed.row p).title '\""'))))     (And (Not (List.instMembership.mem (Kant.Feed.row p).body '<'))       (And (Not (List.instMembership.mem (Kant.Feed.row p).body '>'))         (Not (List.instMembership.mem (Kant.Feed.row p).body '\""'))))","L0;","O0;","L0;","L0;","L1;S29;claim.Kant.Feed.row_no_markup","L0;","L1;S29;proof.Kant.Feed.row_no_markup","L0;","S444;∀ (p : Kant.Paste),   And     (And (Not (List.instMembership.mem (Kant.Feed.row p).title '<'))       (And (Not (List.instMembership.mem (Kant.Feed.row p).title '>'))         (Not (List.instMembership.mem (Kant.Feed.row p).title '\""'))))     (And (Not (List.instMembership.mem (Kant.Feed.row p).body '<'))       (And (Not (List.instMembership.mem (Kant.Feed.row p).body '>'))         (Not (List.instMembership.mem (Kant.Feed.row p).body '\""'))))","O7;13;source_systemS5;lean411;source_fileS29;RequestProject/Kant/Feed.lean13;source_formatS4;text11;imported_atI+0;14;transformed_atI+115;15;transformationsL0;13;parent_objectS0;","24bcaa176c20b0b63da973892d4820c1cf38fc35c2ce79b8eda734013bdac903"
"obj.Kant.Meme.frames_fit_social","theorem","Kant.Meme.frames_fit_social","PROVEN","∀ (cs : Kant.Stego.Carrier) (f : Kant.Sneakernet.Frame),   List.instMembership.mem (Kant.Sneakernet.frames Kant.Sneakernet.socialLimit (Kant.Meme.bytes cs))       f →     instLENat.le (List.length f.payload) (instHMul.hMul (instHMul.hMul 5 1024) 1024)","L1;S31;obj.Kant.Sneakernet.socialLimit","O0;","L0;","L0;","L1;S33;claim.Kant.Meme.frames_fit_social","L0;","L1;S33;proof.Kant.Meme.frames_fit_social","L0;","S251;∀ (cs : Kant.Stego.Carrier) (f : Kant.Sneakernet.Frame),   List.instMembership.mem (Kant.Sneakernet.frames Kant.Sneakernet.socialLimit (Kant.Meme.bytes cs))       f →     instLENat.le (List.length f.payload) (instHMul.hMul (instHMul.hMul 5 1024) 1024)","O7;13;source_systemS5;lean411;source_fileS29;RequestProject/Kant/Meme.lean13;source_formatS4;text11;imported_atI+0;14;transformed_atI+279;15;transformationsL0;13;parent_objectS0;","f63fbefe4621d09c7aab226bb5eaa2f702cb305875828f6237b9f6613a582f7d"
"obj.Kant.Onboarding.Event.stopCamera.sizeOf_spec","theorem","Kant.Onboarding.Event.stopCamera.sizeOf_spec","PROVEN","Eq (Kant.Onboarding.Event._sizeOf_inst.sizeOf Kant.Onboarding.Event.stopCamera) 1","L0;","O0;","L0;","L0;","L1;S50;claim.Kant.Onboarding.Event.stopCamera.sizeOf_spec","L0;","L1;S50;proof.Kant.Onboarding.Event.stopCamera.sizeOf_spec","L0;","S81;Eq (Kant.Onboarding.Event._sizeOf_inst.sizeOf Kant.Onboarding.Event.stopCamera) 1","O7;13;source_systemS5;lean411;source_fileS35;RequestProject/Kant/Onboarding.lean13;source_formatS4;text11;imported_atI+0;14;transformed_atI+0;15;transformationsL0;13;parent_objectS0;","70fcb2a319871bcd03a4558a1644de5a9f6e35ea1cc18aa767df97e05a324e34"
"obj.Kant.Codec.digitVal.eq_5","theorem","Kant.Codec.digitVal.eq_5","PROVEN","Eq (Kant.Codec.digitVal '4') (Option.some 4)","L0;","O0;","L0;","L0;","L1;S30;claim.Kant.Codec.digitVal.eq_5","L0;","L1;S30;proof.Kant.Codec.digitVal.eq_5","L0;","S44;Eq (Kant.Codec.digitVal '4') (Option.some 4)","O7;13;source_systemS5;lean411;source_fileS35;RequestProject/Kant/Codec/Yaml.lean13;source_formatS4;text11;imported_atI+0;14;transformed_atI+0;15;transformationsL0;13;parent_objectS0;","7c4d4348026d7c7491af2382abaa8f270b85de6850cc14da7a887c9b46fdb90d"
"obj.Kant.SiteCard.cardLine","def","Kant.SiteCard.cardLine","ASSERTED","Kant.SiteCard.Card → List Char","L2;S34;obj.Kant.Clipboard.Envelope.encodeS24;obj.Kant.SiteCard.ofCard","O0;","L0;","L0;","L0;","L0;","L0;","L0;","S30;Kant.SiteCard.Card → List Char","O7;13;source_systemS5;lean411;source_fileS33;RequestProject/Kant/SiteCard.lean13;source_formatS4;text11;imported_atI+0;14;transformed_atI+420;15;transformationsL0;13;parent_objectS0;","8d00f6c474c78614003290e0470d717ff50ca46e3e4d7d9220dd5b90307f6c7d"
"obj.Kant.Dom.ProofRec.sourceLoc","def","Kant.Dom.ProofRec.sourceLoc","ASSERTED","Kant.Dom.ProofRec → List Char","L1;S21;obj.Kant.Dom.ProofRec","O0;","L0;","L0;","L0;","L0;","L0;","L0;","S29;Kant.Dom.ProofRec → List Char","O7;13;source_systemS5;lean411;source_fileS37;RequestProject/Kant/Domain/Model.lean13;source_formatS4;text11;imported_atI+0;14;transformed_atI+367;15;transformationsL0;13;parent_objectS0;","e348f4eebbe2ba2eaa5e9068ecb35199563c39e432cbb4b87cb5eb2e982fa953"
"obj.Kant.Sheaf.EigenSpace.enumList_nodup","theorem","Kant.Sheaf.EigenSpace.enumList_nodup","PROVEN","Kant.Sheaf.EigenSpace.enumList.Nodup","L1;S34;obj.Kant.Sheaf.EigenSpace.enumList","O0;","L0;","L0;","L1;S42;claim.Kant.Sheaf.EigenSpace.enumList_nodup","L0;","L1;S42;proof.Kant.Sheaf.EigenSpace.enumList_nodup","L0;","S36;Kant.Sheaf.EigenSpace.enumList.Nodup","O7;13;source_systemS5;lean411;source_fileS30;RequestProject/Kant/Sheaf.lean13;source_formatS4;text11;imported_atI+0;14;transformed_atI+0;15;transformationsL0;13;parent_objectS0;","d7fac69922d1da508b4d5d193d87791393c03751d7b963d69f75d73db9bce799"
"obj.Kant.Codec.xmlEncList.eq_1","theorem","Kant.Codec.xmlEncList.eq_1","PROVEN","Eq (Kant.Codec.xmlEncList List.nil) List.nil","L0;","O0;","L0;","L0;","L1;S32;claim.Kant.Codec.xmlEncList.eq_1","L0;","L1;S32;proof.Kant.Codec.xmlEncList.eq_1","L0;","S44;Eq (Kant.Codec.xmlEncList List.nil) List.nil","O7;13;source_systemS5;lean411;source_fileS34;RequestProject/Kant/Codec/Xml.lean13;source_formatS4;text11;imported_atI+0;14;transformed_atI+0;15;transformationsL0;13;parent_objectS0;","7cdbd0e106affe022486588fb63bd7253329052698435dfc82cb94052e2c899f"
"obj.Kant.Wasm.Encode.binOpcode.eq_9","theorem","Kant.Wasm.Encode.binOpcode.eq_9","PROVEN","Eq (Kant.Wasm.Encode.binOpcode Kant.Wasm.BinOp.shl) 134","L0;","O0;","L0;","L0;","L1;S37;claim.Kant.Wasm.Encode.binOpcode.eq_9","L0;","L1;S37;proof.Kant.Wasm.Encode.binOpcode.eq_9","L0;","S55;Eq (Kant.Wasm.Encode.binOpcode Kant.Wasm.BinOp.shl) 134","O7;13;source_systemS5;lean411;source_fileS31;RequestProject/Wasm/Decode.lean13;source_formatS4;text11;imported_atI+0;14;transformed_atI+0;15;transformationsL0;13;parent_objectS0;","bd030be5cd3d6c14ef7d09ecac5f7867fa832a4530c631ba76e03062a64b7f8d"
"obj.Kant.ShareLog.chat_no_secret","theorem","Kant.ShareLog.chat_no_secret","PROVEN","∀ {limit : Nat},   instLTNat.lt 0 limit →     ∀ {secrets : List (List Char)} {v : Kant.Connectivity.Verdict} {room relay : List Char}       {l : Kant.Diagnostics.Log},       (Kant.ShareLog.shareReport secrets v room relay l).Wire →         ∀ {r : Kant.Diagnostics.Report},           Eq               (Kant.ShareLog.readChatParts                 (Kant.ShareLog.chatParts limit (Kant.ShareLog.shareReport secrets v room relay l)))               (Option.some r) →             ∀ {e : Kant.Diagnostics.Event},               List.instMembership.mem r.events e →                 ∀ {s : List Char},                   List.instMembership.mem secrets s →                     And (Not (s.IsInfix e.text)) (Not (s.IsInfix e.detail))","L1;S34;obj.Kant.ShareLog.shared_no_secret","O0;","L0;","L0;","L1;S34;claim.Kant.ShareLog.chat_no_secret","L0;","L1;S34;proof.Kant.ShareLog.chat_no_secret","L0;","S720;∀ {limit : Nat},   instLTNat.lt 0 limit →     ∀ {secrets : List (List Char)} {v : Kant.Connectivity.Verdict} {room relay : List Char}       {l : Kant.Diagnostics.Log},       (Kant.ShareLog.shareReport secrets v room relay l).Wire →         ∀ {r : Kant.Diagnostics.Report},           Eq               (Kant.ShareLog.readChatParts                 (Kant.ShareLog.chatParts limit (Kant.ShareLog.shareReport secrets v room relay l)))               (Option.some r) →             ∀ {e : Kant.Diagnostics.Event},               List.instMembership.mem r.events e →                 ∀ {s : List Char},                   List.instMembership.mem secrets s →                     And (Not (s.IsInfix e.text)) (Not (s.IsInfix e.detail))","O7;13;source_systemS5;lean411;source_fileS33;RequestProject/Kant/ShareLog.lean13;source_formatS4;text11;imported_atI+0;14;transformed_atI+257;15;transformationsL0;13;parent_objectS0;","dcaa643c6ae62b5881cd24dec25505d37a238116971830a620a0c5d992942691"
"obj.Kant.Repost.pasteQuote_eq_none_of_bad_original","theorem","Kant.Repost.pasteQuote_eq_none_of_bad_original","PROVEN","∀ {s : List Char} {c o : Kant.Bytes.Blob},   Eq (Kant.Clipboard.Envelope.decode s)       (Option.some { tag := Kant.Repost.tagQuote, fields := List.cons c (List.cons o List.nil) }) →     Eq (Kant.Clipboard.pasteText (Kant.Text.asciiChars o)) Option.none →       Eq (Kant.Repost.pasteQuote s) Option.none","L0;","O0;","L0;","L0;","L1;S52;claim.Kant.Repost.pasteQuote_eq_none_of_bad_original","L0;","L1;S52;proof.Kant.Repost.pasteQuote_eq_none_of_bad_original","L0;","S303;∀ {s : List Char} {c o : Kant.Bytes.Blob},   Eq (Kant.Clipboard.Envelope.decode s)       (Option.some { tag := Kant.Repost.tagQuote, fields := List.cons c (List.cons o List.nil) }) →     Eq (Kant.Clipboard.pasteText (Kant.Text.asciiChars o)) Option.none →       Eq (Kant.Repost.pasteQuote s) Option.none","O7;13;source_systemS5;lean411;source_fileS31;RequestProject/Kant/Repost.lean13;source_formatS4;text11;imported_atI+0;14;transformed_atI+110;15;transformationsL0;13;parent_objectS0;","386d2e9917b364501745a3f7455b57631f4bda3881b070be1296cda7d6b891f1"
"obj.Kant.Codec.encNumY","def","Kant.Codec.encNumY","ASSERTED","Int → List Char","L0;","O0;","L0;","L0;","L0;","L0;","L0;","L0;","S15;Int → List Char","O7;13;source_systemS5;lean411;source_fileS35;RequestProject/Kant/Codec/Yaml.lean13;source_formatS4;text11;imported_atI+0;14;transformed_atI+108;15;transformationsL0;13;parent_objectS0;","1dce383def16a53419208d35cfc3962f32313efc3f98b1f2224479784093812d"
"obj.Kant.Codec.Ipdl.bool.elim","def","Kant.Codec.Ipdl.bool.elim","ASSERTED","{motive_1 : Kant.Codec.Ipdl → Sort u} →   (t : Kant.Codec.Ipdl) →     Eq t.ctorIdx 1 → ((b : Bool) → motive_1 (Kant.Codec.Ipdl.bool b)) → motive_1 t","L0;","O0;","L0;","L0;","L0;","L0;","L0;","L0;","S148;{motive_1 : Kant.Codec.Ipdl → Sort u} →   (t : Kant.Codec.Ipdl) →     Eq t.ctorIdx 1 → ((b : Bool) → motive_1 (Kant.Codec.Ipdl.bool b)) → motive_1 t","O7;13;source_systemS5;lean411;source_fileS35;RequestProject/Kant/Codec/Ipdl.lean13;source_formatS4;text11;imported_atI+0;14;transformed_atI+41;15;transformationsL0;13;parent_objectS0;","7fcaa69bce65f1f7b84fb829ed2eda546d46e060d9e0f02d7b1f44caa5e40bca"
"obj.Kant.Wasm.Kernel.reflect59E.eq_1","theorem","Kant.Wasm.Kernel.reflect59E.eq_1","PROVEN","Eq Kant.Wasm.Kernel.reflect59E (((Kant.Wasm.Expr.var 0).add (Kant.Wasm.Expr.var 1)).modC 59)","L2;S18;obj.Kant.Wasm.ExprS23;obj.Kant.Wasm.Expr.modC","O0;","L0;","L0;","L1;S38;claim.Kant.Wasm.Kernel.reflect59E.eq_1","L0;","L1;S38;proof.Kant.Wasm.Kernel.reflect59E.eq_1","L0;","S92;Eq Kant.Wasm.Kernel.reflect59E (((Kant.Wasm.Expr.var 0).add (Kant.Wasm.Expr.var 1)).modC 59)","O7;13;source_systemS5;lean411;source_fileS35;RequestProject/Wasm/KernelSpec.lean13;source_formatS4;text11;imported_atI+0;14;transformed_atI+0;15;transformationsL0;13;parent_objectS0;","336b56af31104a213d838528d15e45befaf3a8f76525fddbdcc16a1c008de278"
"obj.Kant.Codec.Trans.id","def","Kant.Codec.Trans.id","ASSERTED","Kant.Codec.Trans → List Char","L0;","O0;","L0;","L0;","L0;","L0;","L0;","L0;","S28;Kant.Codec.Trans → List Char","O7;13;source_systemS5;lean411;source_fileS36;RequestProject/Kant/Codec/Model.lean13;source_formatS4;text11;imported_atI+0;14;transformed_atI+275;15;transformationsL0;13;parent_objectS0;","3772f1295d0c4e74bcaafdf841392f67e749f1e285161b32a4fef55d00b72d95"
"obj.Kant.CodeMovie.movieGodel","def","Kant.CodeMovie.movieGodel","ASSERTED","Kant.CodeMovie.Movie → Nat","L0;","O0;","L0;","L0;","L0;","L0;","L0;","L0;","S26;Kant.CodeMovie.Movie → Nat","O7;13;source_systemS5;lean411;source_fileS34;RequestProject/Kant/CodeMovie.lean13;source_formatS4;text11;imported_atI+0;14;transformed_atI+125;15;transformationsL0;13;parent_objectS0;","a0b36a33b8624d6e8b2612f481b0bc59fab7389c8e4ba0807c8b2bd1681c66ab"
"obj.Kant.Dom.Domain.hash_eq_of_eq","theorem","Kant.Dom.Domain.hash_eq_of_eq","PROVEN","∀ {a b : Kant.Dom.Domain}, Eq a b → Eq a.hash b.hash","L0;","O0;","L0;","L0;","L1;S35;claim.Kant.Dom.Domain.hash_eq_of_eq","L0;","L1;S35;proof.Kant.Dom.Domain.hash_eq_of_eq","L0;","S52;∀ {a b : Kant.Dom.Domain}, Eq a b → Eq a.hash b.hash","O7;13;source_systemS5;lean411;source_fileS37;RequestProject/Kant/Domain/Model.lean13;source_formatS4;text11;imported_atI+0;14;transformed_atI+666;15;transformationsL0;13;parent_objectS0;","1313bb53fafcc63555c631f343ca90e2893cc8297d95fdf7f6eb8b42675579b4"
"obj.Kant.Rendezvous.Invite","inductive","Kant.Rendezvous.Invite","ASSERTED","Type","L0;","O0;","L0;","L0;","L0;","L0;","L0;","L0;","S4;Type","O7;13;source_systemS5;lean411;source_fileS35;RequestProject/Kant/Rendezvous.lean13;source_formatS4;text11;imported_atI+0;14;transformed_atI+438;15;transformationsL0;13;parent_objectS0;","961ad0fc1b42702c4404d899167640ffc1303a2802635ad2222056641d7127a5"
"obj.Kant.Sheaf.instReprEncoding","def","Kant.Sheaf.instReprEncoding","ASSERTED","Repr Kant.Sheaf.Encoding","L1;S36;obj.Kant.Sheaf.instReprEncoding.repr","O0;","L0;","L0;","L0;","L0;","L0;","L0;","S24;Repr Kant.Sheaf.Encoding","O7;13;source_systemS5;lean411;source_fileS30;RequestProject/Kant/Sheaf.lean13;source_formatS4;text11;imported_atI+0;14;transformed_atI+87;15;transformationsL0;13;parent_objectS0;","260cca513fc00843f027905f4323d0f0d958cd5de5e137e9f48ab2cec5ac6d96"
"obj.Kant.Strip.toQuote","def","Kant.Strip.toQuote","ASSERTED","List Kant.Stego.Carrier → Option Kant.Repost.Quote","L0;","O0;","L0;","L0;","L0;","L0;","L0;","L0;","S50;List Kant.Stego.Carrier → Option Kant.Repost.Quote","O7;13;source_systemS5;lean411;source_fileS30;RequestProject/Kant/Strip.lean13;source_formatS4;text11;imported_atI+0;14;transformed_atI+188;15;transformationsL0;13;parent_objectS0;","9dbffdcb8f6d8b6b572b340070c45a808a328146a1bc8161cc046fac33ee75c6"
"obj.Kant.Uucp.Node.view","def","Kant.Uucp.Node.view","ASSERTED","Kant.Uucp.Node → List Kant.Relay.Msg","L1;S18;obj.Kant.Relay.Msg","O0;","L0;","L0;","L0;","L0;","L0;","L0;","S36;Kant.Uucp.Node → List Kant.Relay.Msg","O7;13;source_systemS5;lean411;source_fileS29;RequestProject/Kant/Uucp.lean13;source_formatS4;text11;imported_atI+0;14;transformed_atI+380;15;transformationsL0;13;parent_objectS0;","467df36dd7173fe10a097043d637ffae31a84ed292ff367bac578fcb5f0b3588"
"obj.Kant.Sheaf.Encoding.qr.elim","def","Kant.Sheaf.Encoding.qr.elim","ASSERTED","{motive : Kant.Sheaf.Encoding → Sort u} →   (t : Kant.Sheaf.Encoding) → Eq t.ctorIdx 4 → motive Kant.Sheaf.Encoding.qr → motive t","L0;","O0;","L0;","L0;","L0;","L0;","L0;","L0;","S129;{motive : Kant.Sheaf.Encoding → Sort u} →   (t : Kant.Sheaf.Encoding) → Eq t.ctorIdx 4 → motive Kant.Sheaf.Encoding.qr → motive t","O7;13;source_systemS5;lean411;source_fileS30;RequestProject/Kant/Sheaf.lean13;source_formatS4;text11;imported_atI+0;14;transformed_atI+86;15;transformationsL0;13;parent_objectS0;","ddd182e6bff475df283f83d579d8753cbc4dded0f783cf5d87af8718b84ac3ba"
"obj.Kant.Cli.printArgv.eq_2","theorem","Kant.Cli.printArgv.eq_2","PROVEN","Eq (Kant.Cli.printArgv Kant.Cli.Cmd.link) (List.cons ""link"".toList List.nil)","L0;","O0;","L0;","L0;","L1;S29;claim.Kant.Cli.printArgv.eq_2","L0;","L1;S29;proof.Kant.Cli.printArgv.eq_2","L0;","S76;Eq (Kant.Cli.printArgv Kant.Cli.Cmd.link) (List.cons ""link"".toList List.nil)","O7;13;source_systemS5;lean411;source_fileS28;RequestProject/Kant/Cli.lean13;source_formatS4;text11;imported_atI+0;14;transformed_atI+0;15;transformationsL0;13;parent_objectS0;","66915c0bd43c35b2dddbc1793cc0b1d52f5ddea8bbfbc46c7bcd0ca6214b440f"
"obj.Kant.Uucp.bag_canonical","theorem","Kant.Uucp.bag_canonical","PROVEN","∀ {a b : Kant.Uucp.Node},   a.Wired →     a.spool.Nodup →       b.spool.Nodup →         (∀ (x : Kant.Relay.Msg),             Iff (List.instMembership.mem a.spool x) (List.instMembership.mem b.spool x)) →           Eq a.bag b.bag","L2;S18;obj.Kant.Relay.MsgS23;obj.Kant.Uucp.Node.view","O0;","L0;","L0;","L1;S29;claim.Kant.Uucp.bag_canonical","L0;","L1;S29;proof.Kant.Uucp.bag_canonical","L0;","S228;∀ {a b : Kant.Uucp.Node},   a.Wired →     a.spool.Nodup →       b.spool.Nodup →         (∀ (x : Kant.Relay.Msg),             Iff (List.instMembership.mem a.spool x) (List.instMembership.mem b.spool x)) →           Eq a.bag b.bag","O7;13;source_systemS5;lean411;source_fileS29;RequestProject/Kant/Uucp.lean13;source_formatS4;text11;imported_atI+0;14;transformed_atI+525;15;transformationsL0;13;parent_objectS0;","f3d4e94af4b815c0a5acad761fa911e3d793a36ff9ebb5a6a942151e8ad58109"
"obj.Kant.Connectivity.two_browsers_one_machine_stuck","theorem","Kant.Connectivity.two_browsers_one_machine_stuck","PROVEN","∀ {a b : Kant.Connectivity.Client},   Eq a.reach.configured List.nil →     Eq a.reach.originIsRelay Bool.false →       Ne a.browser b.browser → Not (Kant.Connectivity.Linked a b)","L1;S45;obj.Kant.Connectivity.Reachability.configured","O0;","L0;","L0;","L1;S54;claim.Kant.Connectivity.two_browsers_one_machine_stuck","L0;","L1;S54;proof.Kant.Connectivity.two_browsers_one_machine_stuck","L0;","S178;∀ {a b : Kant.Connectivity.Client},   Eq a.reach.configured List.nil →     Eq a.reach.originIsRelay Bool.false →       Ne a.browser b.browser → Not (Kant.Connectivity.Linked a b)","O7;13;source_systemS5;lean411;source_fileS37;RequestProject/Kant/Connectivity.lean13;source_formatS4;text11;imported_atI+0;14;transformed_atI+160;15;transformationsL0;13;parent_objectS0;","c6f3f972513e578a739e611402d740851d07cec934eb37fcc87ce2f9c3e59637"
"obj.Kant.ShareLog.copyable_logPaste","theorem","Kant.ShareLog.copyable_logPaste","PROVEN","∀ {id ts : List Char},   Kant.Text.IsAscii id →     Kant.Text.IsAscii ts →       ∀ (r : Kant.Diagnostics.Report), Kant.Clipboard.Copyable (Kant.ShareLog.logPaste id ts r)","L0;","O0;","L0;","L0;","L1;S37;claim.Kant.ShareLog.copyable_logPaste","L0;","L1;S37;proof.Kant.ShareLog.copyable_logPaste","L0;","S170;∀ {id ts : List Char},   Kant.Text.IsAscii id →     Kant.Text.IsAscii ts →       ∀ (r : Kant.Diagnostics.Report), Kant.Clipboard.Copyable (Kant.ShareLog.logPaste id ts r)","O7;13;source_systemS5;lean411;source_fileS33;RequestProject/Kant/ShareLog.lean13;source_formatS4;text11;imported_atI+0;14;transformed_atI+201;15;transformationsL0;13;parent_objectS0;","81b319ada18e2888cec08b508baa359b5115340a2cd29cdec6d144c522674051"
"obj.Kant.Sneakernet.socialLimit","def","Kant.Sneakernet.socialLimit","ASSERTED","Nat","L0;","O0;","L0;","L0;","L0;","L0;","L0;","L0;","S3;Nat","O7;13;source_systemS5;lean411;source_fileS35;RequestProject/Kant/Sneakernet.lean13;source_formatS4;text11;imported_atI+0;14;transformed_atI+57;15;transformationsL0;13;parent_objectS0;","fa7d52e71c3c54a1dc93350d2ff2917ec00d9e898ce6fd5b18b04bdd70874f38"
"obj.Kant.Cli.Loaded","inductive","Kant.Cli.Loaded","ASSERTED","Type","L0;","O0;","L0;","L0;","L0;","L0;","L0;","L0;","S4;Type","O7;13;source_systemS5;lean411;source_fileS28;RequestProject/Kant/Cli.lean13;source_formatS4;text11;imported_atI+0;14;transformed_atI+548;15;transformationsL0;13;parent_objectS0;","a6c203030c48e4173f9efa118d845c14a1ea8119af98591da78faa76ce923f1a"
"obj.Kant.Rendezvous.Invite.room","def","Kant.Rendezvous.Invite.room","ASSERTED","Kant.Rendezvous.Invite → List Char","L1;S26;obj.Kant.Rendezvous.Invite","O0;","L0;","L0;","L0;","L0;","L0;","L0;","S34;Kant.Rendezvous.Invite → List Char","O7;13;source_systemS5;lean411;source_fileS35;RequestProject/Kant/Rendezvous.lean13;source_formatS4;text11;imported_atI+0;14;transformed_atI+450;15;transformationsL0;13;parent_objectS0;","038abf558232601d852459522ba4668a1b38249d34933777bb4f19d9fde0aa74"
"obj.Kant.Wasm.Decode.toRaw.eq_2","theorem","Kant.Wasm.Decode.toRaw.eq_2","PROVEN","∀ (i : Nat),   Eq (Kant.Wasm.Decode.toRaw (Kant.Wasm.Instr.localGet i)) (Kant.Wasm.Decode.RawInstr.localGet i)","L0;","O0;","L0;","L0;","L1;S33;claim.Kant.Wasm.Decode.toRaw.eq_2","L0;","L1;S33;proof.Kant.Wasm.Decode.toRaw.eq_2","L0;","S110;∀ (i : Nat),   Eq (Kant.Wasm.Decode.toRaw (Kant.Wasm.Instr.localGet i)) (Kant.Wasm.Decode.RawInstr.localGet i)","O7;13;source_systemS5;lean411;source_fileS31;RequestProject/Wasm/Decode.lean13;source_formatS4;text11;imported_atI+0;14;transformed_atI+0;15;transformationsL0;13;parent_objectS0;","f3ca292cbd1a8ae97a8c6ed30dd00b5e0f54faab8906fb8b10408776d4096730"
"obj.Kant.Wasm.instDecidableEqBinOp","def","Kant.Wasm.instDecidableEqBinOp","ASSERTED","DecidableEq Kant.Wasm.BinOp","L0;","O0;","L0;","L0;","L0;","L0;","L0;","L0;","S27;DecidableEq Kant.Wasm.BinOp","O7;13;source_systemS5;lean411;source_fileS31;RequestProject/Wasm/Syntax.lean13;source_formatS4;text11;imported_atI+0;14;transformed_atI+28;15;transformationsL0;13;parent_objectS0;","f26c4dd8427cf3bd84e368d31be8895a426de28e5c1fe2f7b7da0bbc3b67cd14"
"obj.Kant.Diagnostics.areaOfCode","def","Kant.Diagnostics.areaOfCode","ASSERTED","UInt8 → Option Kant.Diagnostics.Area","L0;","O0;","L0;","L0;","L0;","L0;","L0;","L0;","S36;UInt8 → Option Kant.Diagnostics.Area","O7;13;source_systemS5;lean411;source_fileS36;RequestProject/Kant/Diagnostics.lean13;source_formatS4;text11;imported_atI+0;14;transformed_atI+123;15;transformationsL0;13;parent_objectS0;","2d4f90918ac833b0ae0a2aa7b83e6973710a9af34cce777e065c938f3faec7d1"
"obj.Kant.Wasm.Kernel.eval_creditsForE","theorem","Kant.Wasm.Kernel.eval_creditsForE","PROVEN","∀ (x : UInt64),   Eq     (Option.map UInt64.toNat       (Kant.Wasm.Expr.eval (List.cons x List.nil) Kant.Wasm.Kernel.creditsForE))     (Option.some (Kant.Credits.creditsFor x.toNat))","L0;","O0;","L0;","L0;","L1;S39;claim.Kant.Wasm.Kernel.eval_creditsForE","L0;","L1;S39;proof.Kant.Wasm.Kernel.eval_creditsForE","L0;","S182;∀ (x : UInt64),   Eq     (Option.map UInt64.toNat       (Kant.Wasm.Expr.eval (List.cons x List.nil) Kant.Wasm.Kernel.creditsForE))     (Option.some (Kant.Credits.creditsFor x.toNat))","O7;13;source_systemS5;lean411;source_fileS35;RequestProject/Wasm/KernelSpec.lean13;source_formatS4;text11;imported_atI+0;14;transformed_atI+188;15;transformationsL0;13;parent_objectS0;","d263f0d57e1a21811b69a1b5dd7bda0e34168741c7ee951b36dabd01f0890648"
"obj.Kant.Wasm.instInhabitedCmpOp","def","Kant.Wasm.instInhabitedCmpOp","ASSERTED","Inhabited Kant.Wasm.CmpOp","L0;","O0;","L0;","L0;","L0;","L0;","L0;","L0;","S25;Inhabited Kant.Wasm.CmpOp","O7;13;source_systemS5;lean411;source_fileS31;RequestProject/Wasm/Syntax.lean13;source_formatS4;text11;imported_atI+0;14;transformed_atI+33;15;transformationsL0;13;parent_objectS0;","2b7a73a218e836debb44d5b676caaa218786a255748a5558ea2d5fa891cc3c1b"
"obj.Kant.CardDebug.Code.casesOn","def","Kant.CardDebug.Code.casesOn","ASSERTED","{motive : Kant.CardDebug.Code → Sort u} →   (t : Kant.CardDebug.Code) →     ((k : Kant.SiteCard.Card) → motive (Kant.CardDebug.Code.card k)) →       ((i : Kant.Rendezvous.Invite) → motive (Kant.CardDebug.Code.invite i)) →         ((addr : List Char) → motive (Kant.CardDebug.Code.page addr)) →           motive Kant.CardDebug.Code.unknown → motive t","L1;S26;obj.Kant.Rendezvous.Invite","O0;","L0;","L0;","L0;","L0;","L0;","L0;","S349;{motive : Kant.CardDebug.Code → Sort u} →   (t : Kant.CardDebug.Code) →     ((k : Kant.SiteCard.Card) → motive (Kant.CardDebug.Code.card k)) →       ((i : Kant.Rendezvous.Invite) → motive (Kant.CardDebug.Code.invite i)) →         ((addr : List Char) → motive (Kant.CardDebug.Code.page addr)) →           motive Kant.CardDebug.Code.unknown → motive t","O7;13;source_systemS5;lean411;source_fileS34;RequestProject/Kant/CardDebug.lean13;source_formatS4;text11;imported_atI+0;14;transformed_atI+87;15;transformationsL0;13;parent_objectS0;","9e1a2e81c7fbea08718f7b8e83a2addb5c6a7026fd9c7c1ea3de4f707789f391"
"obj.Kant.Codec.readRowVal.match_3","def","Kant.Codec.readRowVal.match_3","ASSERTED","(motive : Nat → List Kant.Codec.Row → Sort u_1) →   (x : Nat) →     (x_1 : List Kant.Codec.Row) →       ((x : List Kant.Codec.Row) → motive 0 x) →         ((n : Nat) → motive n.succ List.nil) →           ((fuel : Nat) →               (r : Kant.Codec.Row) →                 (rs : List Kant.Codec.Row) → motive fuel.succ (List.cons r rs)) →             motive x x_1","L1;S18;obj.Kant.Codec.Row","O0;","L0;","L0;","L0;","L0;","L0;","L0;","S363;(motive : Nat → List Kant.Codec.Row → Sort u_1) →   (x : Nat) →     (x_1 : List Kant.Codec.Row) →       ((x : List Kant.Codec.Row) → motive 0 x) →         ((n : Nat) → motive n.succ List.nil) →           ((fuel : Nat) →               (r : Kant.Codec.Row) →                 (rs : List Kant.Codec.Row) → motive fuel.succ (List.cons r rs)) →             motive x x_1","O7;13;source_systemS5;lean411;source_fileS34;RequestProject/Kant/Codec/Csv.lean13;source_formatS4;text11;imported_atI+0;14;transformed_atI+0;15;transformationsL0;13;parent_objectS0;","ceb5742d31f8f2a4352e495fc8fa99cf013882032e372ab2d9cd5aabaf5e002d"
"obj.Kant.Dom.Evid.ctorIdx","def","Kant.Dom.Evid.ctorIdx","ASSERTED","Kant.Dom.Evid → Nat","L1;S25;obj.Kant.Dom.Evid.casesOn","O0;","L0;","L0;","L0;","L0;","L0;","L0;","S19;Kant.Dom.Evid → Nat","O7;13;source_systemS5;lean411;source_fileS37;RequestProject/Kant/Domain/Model.lean13;source_formatS4;text11;imported_atI+0;14;transformed_atI+0;15;transformationsL0;13;parent_objectS0;","ed6785db7218e8c302a7a3585bf5a040ec5d51d13fff5ce18095700cd5a95fce"
"obj.Kant.Onboarding.Event.noConfusionType","def","Kant.Onboarding.Event.noConfusionType","ASSERTED","Sort u → Kant.Onboarding.Event → Kant.Onboarding.Event → Sort u","L0;","O0;","L0;","L0;","L0;","L0;","L0;","L0;","S63;Sort u → Kant.Onboarding.Event → Kant.Onboarding.Event → Sort u","O7;13;source_systemS5;lean411;source_fileS35;RequestProject/Kant/Onboarding.lean13;source_formatS4;text11;imported_atI+0;14;transformed_atI+0;15;transformationsL0;13;parent_objectS0;","14df7b32901abc6a25a725c3778d24455d8298648667d3aca4ed91b946539af7"
"obj.Kant.Uucp.Carrier.ctorElimType","def","Kant.Uucp.Carrier.ctorElimType","ASSERTED","{motive : Kant.Uucp.Carrier → Sort u} → Nat → Sort (max 1 u)","L0;","O0;","L0;","L0;","L0;","L0;","L0;","L0;","S60;{motive : Kant.Uucp.Carrier → Sort u} → Nat → Sort (max 1 u)","O7;13;source_systemS5;lean411;source_fileS29;RequestProject/Kant/Uucp.lean13;source_formatS4;text11;imported_atI+0;14;transformed_atI+0;15;transformationsL0;13;parent_objectS0;","18196ecb9b70aa3a642b724b3f98c61deed7a5c4b0a76ed4b9647f15f99a8f67"
"obj.Kant.Codec.Obj.mk.inj","theorem","Kant.Codec.Obj.mk.inj","PROVEN","∀ {id version kind : List Char} {inputs : List Kant.Codec.Inp} {assumptions : List Kant.Codec.Val}   {parameters : List (Prod (List Char) Kant.Codec.Val)} {procedure : List Char}   {intermediate : List Kant.Codec.Val} {outputs : List Kant.Codec.Outp}   {claims certificates : List Kant.Codec.Val} {errors warnings : List Kant.Codec.Err}   {provenance : Option Kant.Codec.Prov} {metadata : List (Prod (List Char) Kant.Codec.Val)}   {sourceFormat : Kant.Codec.Fmt} {sourceData : List Char} {status : Kant.Codec.Status}   {extensions : List (Prod (List Char) Kant.Codec.Val)} {id_1 version_1 kind_1 : List Char}   {inputs_1 : List Kant.Codec.Inp} {assumptions_1 : List Kant.Codec.Val}   {parameters_1 : List (Prod (List Char) Kant.Codec.Val)} {procedure_1 : List Char}   {intermediate_1 : List Kant.Codec.Val} {outputs_1 : List Kant.Codec.Outp}   {claims_1 certificates_1 : List Kant.Codec.Val} {errors_1 warnings_1 : List Kant.Codec.Err}   {provenance_1 : Option Kant.Codec.Prov} {metadata_1 : List (Prod (List Char) Kant.Codec.Val)}   {sourceFormat_1 : Kant.Codec.Fmt} {sourceData_1 : List Char} {status_1 : Kant.Codec.Status}   {extensions_1 : List (Prod (List Char) Kant.Codec.Val)},   Eq       { id := id, version := version, kind := kind, inputs := inputs, assumptions := assumptions,         parameters := parameters, procedure := procedure, intermediate := intermediate,         outputs := outputs, claims := claims, certificates := certificates, errors := errors,         warnings := warnings, provenance := provenance, metadata := metadata,         sourceFormat := sourceFormat, sourceData := sourceData, status := status,         extensions := extensions }       { id := id_1, version := version_1, kind := kind_1, inputs := inputs_1,         assumptions := assumptions_1, parameters := parameters_1, procedure := procedure_1,         intermediate := intermediate_1, outputs := outputs_1, claims := claims_1,         certificates := certificates_1, errors := errors_1, warnings := warnings_1,         provenance := provenance_1, metadata := metadata_1, sourceFormat := sourceFormat_1,         sourceData := sourceData_1, status := status_1, extensions := extensions_1 } →     And (Eq id id_1)       (And (Eq version version_1)         (And (Eq kind kind_1)           (And (Eq inputs inputs_1)             (And (Eq assumptions assumptions_1)               (And (Eq parameters parameters_1)                 (And (Eq procedure procedure_1)                   (And (Eq intermediate intermediate_1)                     (And (Eq outputs outputs_1)                       (And (Eq claims claims_1)                         (And (Eq certificates certificates_1)                           (And (Eq errors errors_1)                             (And (Eq warnings warnings_1)                               (And (Eq provenance provenance_1)                                 (And (Eq metadata metadata_1)                                   (And (Eq sourceFormat sourceFormat_1)                                     (And (Eq sourceData sourceData_1)                                       (And (Eq status status_1)                                         (Eq extensions extensions_1))))))))))))))))))","L2;S18;obj.Kant.Codec.InpS21;obj.Kant.Codec.Status","O0;","L0;","L0;","L1;S27;claim.Kant.Codec.Obj.mk.inj","L0;","L1;S27;proof.Kant.Codec.Obj.mk.inj","L0;","S3186;∀ {id version kind : List Char} {inputs : List Kant.Codec.Inp} {assumptions : List Kant.Codec.Val}   {parameters : List (Prod (List Char) Kant.Codec.Val)} {procedure : List Char}   {intermediate : List Kant.Codec.Val} {outputs : List Kant.Codec.Outp}   {claims certificates : List Kant.Codec.Val} {errors warnings : List Kant.Codec.Err}   {provenance : Option Kant.Codec.Prov} {metadata : List (Prod (List Char) Kant.Codec.Val)}   {sourceFormat : Kant.Codec.Fmt} {sourceData : List Char} {status : Kant.Codec.Status}   {extensions : List (Prod (List Char) Kant.Codec.Val)} {id_1 version_1 kind_1 : List Char}   {inputs_1 : List Kant.Codec.Inp} {assumptions_1 : List Kant.Codec.Val}   {parameters_1 : List (Prod (List Char) Kant.Codec.Val)} {procedure_1 : List Char}   {intermediate_1 : List Kant.Codec.Val} {outputs_1 : List Kant.Codec.Outp}   {claims_1 certificates_1 : List Kant.Codec.Val} {errors_1 warnings_1 : List Kant.Codec.Err}   {provenance_1 : Option Kant.Codec.Prov} {metadata_1 : List (Prod (List Char) Kant.Codec.Val)}   {sourceFormat_1 : Kant.Codec.Fmt} {sourceData_1 : List Char} {status_1 : Kant.Codec.Status}   {extensions_1 : List (Prod (List Char) Kant.Codec.Val)},   Eq       { id := id, version := version, kind := kind, inputs := inputs, assumptions := assumptions,         parameters := parameters, procedure := procedure, intermediate := intermediate,         outputs := outputs, claims := claims, certificates := certificates, errors := errors,         warnings := warnings, provenance := provenance, metadata := metadata,         sourceFormat := sourceFormat, sourceData := sourceData, status := status,         extensions := extensions }       { id := id_1, version := version_1, kind := kind_1, inputs := inputs_1,         assumptions := assumptions_1, parameters := parameters_1, procedure := procedure_1,         intermediate := intermediate_1, outputs := outputs_1, claims := claims_1,         certificates := certificates_1, errors := errors_1, warnings := warnings_1,         provenance := provenance_1, metadata := metadata_1, sourceFormat := sourceFormat_1,         sourceData := sourceData_1, status := status_1, extensions := extensions_1 } →     And (Eq id id_1)       (And (Eq version version_1)         (And (Eq kind kind_1)           (And (Eq inputs inputs_1)             (And (Eq assumptions assumptions_1)               (And (Eq parameters parameters_1)                 (And (Eq procedure procedure_1)                   (And (Eq intermediate intermediate_1)                     (And (Eq outputs outputs_1)                       (And (Eq claims claims_1)                         (And (Eq certificates certificates_1)                           (And (Eq errors errors_1)                             (And (Eq warnings warnings_1)                               (And (Eq provenance provenance_1)                                 (And (Eq metadata metadata_1)                                   (And (Eq sourceFormat sourceFormat_1)                                     (And (Eq sourceData sourceData_1)                                       (And (Eq status status_1)                                         (Eq extensions extensions_1))))))))))))))))))","O7;13;source_systemS5;lean411;source_fileS36;RequestProject/Kant/Codec/Model.lean13;source_formatS4;text11;imported_atI+0;14;transformed_atI+0;15;transformationsL0;13;parent_objectS0;","1e4de90e0d83590e524dd10344233281b0fc0cab4200490863598183e0c9aa2b"
"obj.Kant.Wasm.Expr.eval.eq_2","theorem","Kant.Wasm.Expr.eval.eq_2","PROVEN","∀ (locals : List UInt64) (i : Nat),   Eq (Kant.Wasm.Expr.eval locals (Kant.Wasm.Expr.var i))     (List.instGetElem?NatLtLength.getElem? locals i)","L0;","O0;","L0;","L0;","L1;S30;claim.Kant.Wasm.Expr.eval.eq_2","L0;","L1;S30;proof.Kant.Wasm.Expr.eval.eq_2","L0;","S145;∀ (locals : List UInt64) (i : Nat),   Eq (Kant.Wasm.Expr.eval locals (Kant.Wasm.Expr.var i))     (List.instGetElem?NatLtLength.getElem? locals i)","O7;13;source_systemS5;lean411;source_fileS34;RequestProject/Wasm/Semantics.lean13;source_formatS4;text11;imported_atI+0;14;transformed_atI+0;15;transformationsL0;13;parent_objectS0;","576fc865e8315b2834b830f950814a63c200035ef0382ae6bf0877f3694747c1"
"obj.Kant.Strip.strip_length","theorem","Kant.Strip.strip_length","PROVEN","∀ (t : Kant.Meme.Template) (limit : Nat) (e : Kant.Clipboard.Envelope),   Eq (Kant.Strip.strip t limit e).length     (Kant.Sneakernet.chunk limit (Kant.Text.asciiBytes e.encode)).length","L1;S34;obj.Kant.Clipboard.Envelope.encode","O0;","L0;","L0;","L1;S29;claim.Kant.Strip.strip_length","L0;","L1;S29;proof.Kant.Strip.strip_length","L0;","S185;∀ (t : Kant.Meme.Template) (limit : Nat) (e : Kant.Clipboard.Envelope),   Eq (Kant.Strip.strip t limit e).length     (Kant.Sneakernet.chunk limit (Kant.Text.asciiBytes e.encode)).length","O7;13;source_systemS5;lean411;source_fileS30;RequestProject/Kant/Strip.lean13;source_formatS4;text11;imported_atI+0;14;transformed_atI+136;15;transformationsL0;13;parent_objectS0;","7411062611b3c138134778a8d86ebcb3c603cc604d31fa6609a45fc95f307581"
"obj.Kant.Codec.embed.eq_4","theorem","Kant.Codec.embed.eq_4","PROVEN","∀ (s : List Char), Eq (Kant.Codec.embed (Kant.Codec.Val.str s)) (Kant.Codec.Ipdl.str s)","L0;","O0;","L0;","L0;","L1;S27;claim.Kant.Codec.embed.eq_4","L0;","L1;S27;proof.Kant.Codec.embed.eq_4","L0;","S87;∀ (s : List Char), Eq (Kant.Codec.embed (Kant.Codec.Val.str s)) (Kant.Codec.Ipdl.str s)","O7;13;source_systemS5;lean411;source_fileS35;RequestProject/Kant/Codec/Ipdl.lean13;source_formatS4;text11;imported_atI+0;14;transformed_atI+0;15;transformationsL0;13;parent_objectS0;","27485819134669385b8f81ee8670f37370e1c96fc864e7b6caa8335d09fa5051"
"obj.Kant.Dom.Evid.reproduced.sizeOf_spec","theorem","Kant.Dom.Evid.reproduced.sizeOf_spec","PROVEN","Eq (Kant.Dom.Evid._sizeOf_inst.sizeOf Kant.Dom.Evid.reproduced) 1","L0;","O0;","L0;","L0;","L1;S42;claim.Kant.Dom.Evid.reproduced.sizeOf_spec","L0;","L1;S42;proof.Kant.Dom.Evid.reproduced.sizeOf_spec","L0;","S65;Eq (Kant.Dom.Evid._sizeOf_inst.sizeOf Kant.Dom.Evid.reproduced) 1","O7;13;source_systemS5;lean411;source_fileS37;RequestProject/Kant/Domain/Model.lean13;source_formatS4;text11;imported_atI+0;14;transformed_atI+0;15;transformationsL0;13;parent_objectS0;","cda16077f4920591a8f16b9b2219e99e03c057eb755056ab4d79a57a02866938"
"obj.Kant.Codec.readXText_xesc","theorem","Kant.Codec.readXText_xesc","PROVEN","∀ (s rest : List Char),   Eq (Kant.Codec.readXText (instHAppendOfAppend.hAppend (Kant.Codec.xesc s) (List.cons '<' rest)))     (Option.some { fst := s, snd := List.cons '<' rest })","L1;S30;obj.Kant.Codec.readXUntil_xesc","O0;","L0;","L0;","L1;S31;claim.Kant.Codec.readXText_xesc","L0;","L1;S31;proof.Kant.Codec.readXText_xesc","L0;","S180;∀ (s rest : List Char),   Eq (Kant.Codec.readXText (instHAppendOfAppend.hAppend (Kant.Codec.xesc s) (List.cons '<' rest)))     (Option.some { fst := s, snd := List.cons '<' rest })","O7;13;source_systemS5;lean411;source_fileS34;RequestProject/Kant/Codec/Xml.lean13;source_formatS4;text11;imported_atI+0;14;transformed_atI+156;15;transformationsL0;13;parent_objectS0;","8a8b527e59e5106072410abf6c97582372c093730afe423645090836648a37a9"
"obj.Kant.Connectivity.Verdict.recOn","def","Kant.Connectivity.Verdict.recOn","ASSERTED","{motive : Kant.Connectivity.Verdict → Sort u} →   (t : Kant.Connectivity.Verdict) →     motive Kant.Connectivity.Verdict.ok →       motive Kant.Connectivity.Verdict.noRoom →         motive Kant.Connectivity.Verdict.roomMismatch →           motive Kant.Connectivity.Verdict.relayDown →             motive Kant.Connectivity.Verdict.onlyThisBrowser →               motive Kant.Connectivity.Verdict.noTransport → motive t","L0;","O0;","L0;","L0;","L0;","L0;","L0;","L0;","S417;{motive : Kant.Connectivity.Verdict → Sort u} →   (t : Kant.Connectivity.Verdict) →     motive Kant.Connectivity.Verdict.ok →       motive Kant.Connectivity.Verdict.noRoom →         motive Kant.Connectivity.Verdict.roomMismatch →           motive Kant.Connectivity.Verdict.relayDown →             motive Kant.Connectivity.Verdict.onlyThisBrowser →               motive Kant.Connectivity.Verdict.noTransport → motive t","O7;13;source_systemS5;lean411;source_fileS37;RequestProject/Kant/Connectivity.lean13;source_formatS4;text11;imported_atI+0;14;transformed_atI+173;15;transformationsL0;13;parent_objectS0;","1e6475d9adff9216a4a7565b9c8a2989e70bfa7ba065ef8030b7803e670feda3"
"obj.Kant.Cli.serve.match_3","def","Kant.Cli.serve.match_3","ASSERTED","(motive : Option Kant.Cli.Route → Sort u_1) →   (x : Option Kant.Cli.Route) →     (Unit → motive Option.none) → ((rt : Kant.Cli.Route) → motive (Option.some rt)) → motive x","L0;","O0;","L0;","L0;","L0;","L0;","L0;","L0;","S172;(motive : Option Kant.Cli.Route → Sort u_1) →   (x : Option Kant.Cli.Route) →     (Unit → motive Option.none) → ((rt : Kant.Cli.Route) → motive (Option.some rt)) → motive x","O7;13;source_systemS5;lean411;source_fileS28;RequestProject/Kant/Cli.lean13;source_formatS4;text11;imported_atI+0;14;transformed_atI+0;15;transformationsL0;13;parent_objectS0;","d1a2b89f67ab2e1a01cd47577fd27e7561b607020e9d4cb4ba9c5b20f0cdaa3f"
"obj.Kant.Rendezvous.addrField","def","Kant.Rendezvous.addrField","ASSERTED","Kant.Rendezvous.Address → Kant.Bytes.Blob","L0;","O0;","L0;","L0;","L0;","L0;","L0;","L0;","S41;Kant.Rendezvous.Address → Kant.Bytes.Blob","O7;13;source_systemS5;lean411;source_fileS35;RequestProject/Kant/Rendezvous.lean13;source_formatS4;text11;imported_atI+0;14;transformed_atI+89;15;transformationsL0;13;parent_objectS0;","b4a8a31b9772e240ded5bfe347550403bdb300dc306952dede10b8045e1bc7d1"
"obj.Kant.Connectivity.Client.mk.inj","theorem","Kant.Connectivity.Client.mk.inj","PROVEN","∀ {room : List Char} {reach : Kant.Connectivity.Reachability} {bus : Bool} {browser : Nat}   {room_1 : List Char} {reach_1 : Kant.Connectivity.Reachability} {bus_1 : Bool} {browser_1 : Nat},   Eq { room := room, reach := reach, bus := bus, browser := browser }       { room := room_1, reach := reach_1, bus := bus_1, browser := browser_1 } →     And (Eq room room_1) (And (Eq reach reach_1) (And (Eq bus bus_1) (Eq browser browser_1)))","L0;","O0;","L0;","L0;","L1;S37;claim.Kant.Connectivity.Client.mk.inj","L0;","L1;S37;proof.Kant.Connectivity.Client.mk.inj","L0;","S435;∀ {room : List Char} {reach : Kant.Connectivity.Reachability} {bus : Bool} {browser : Nat}   {room_1 : List Char} {reach_1 : Kant.Connectivity.Reachability} {bus_1 : Bool} {browser_1 : Nat},   Eq { room := room, reach := reach, bus := bus, browser := browser }       { room := room_1, reach := reach_1, bus := bus_1, browser := browser_1 } →     And (Eq room room_1) (And (Eq reach reach_1) (And (Eq bus bus_1) (Eq browser browser_1)))","O7;13;source_systemS5;lean411;source_fileS37;RequestProject/Kant/Connectivity.lean13;source_formatS4;text11;imported_atI+0;14;transformed_atI+0;15;transformationsL0;13;parent_objectS0;","8ee415c90fccfbdd929ef4cace586a22aabf8a4880511c7fa872a09025eba564"
"obj.Kant.Dom.parseTextFull.match_1","def","Kant.Dom.parseTextFull.match_1","ASSERTED","(motive : Option (Prod (List Char) (List Char)) → Sort u_1) →   (x : Option (Prod (List Char) (List Char))) →     ((readable rest : List Char) → motive (Option.some { fst := readable, snd := rest })) →       (Unit → motive Option.none) → motive x","L0;","O0;","L0;","L0;","L0;","L0;","L0;","L0;","S246;(motive : Option (Prod (List Char) (List Char)) → Sort u_1) →   (x : Option (Prod (List Char) (List Char))) →     ((readable rest : List Char) → motive (Option.some { fst := readable, snd := rest })) →       (Unit → motive Option.none) → motive x","O7;13;source_systemS5;lean411;source_fileS36;RequestProject/Kant/Domain/Emit.lean13;source_formatS4;text11;imported_atI+0;14;transformed_atI+0;15;transformationsL0;13;parent_objectS0;","677b7eb8c08a656f0c87c6b9fffed91c4f4c9e42d2442dfddcd65ad3d9f4999a"
"obj.Kant.Codec.Level.ctorElimType","def","Kant.Codec.Level.ctorElimType","ASSERTED","{motive : Kant.Codec.Level → Sort u} → Nat → Sort (max 1 u)","L0;","O0;","L0;","L0;","L0;","L0;","L0;","L0;","S59;{motive : Kant.Codec.Level → Sort u} → Nat → Sort (max 1 u)","O7;13;source_systemS5;lean411;source_fileS39;RequestProject/Kant/Codec/Exchange.lean13;source_formatS4;text11;imported_atI+0;14;transformed_atI+0;15;transformationsL0;13;parent_objectS0;","b8f0f6b46c59eb471c138589678a4af41e1980be32dad4151bd6031b85703c72"
"obj.Kant.Cli.Client.mk.inj","theorem","Kant.Cli.Client.mk.inj","PROVEN","∀ {self relay : List Char} {secret : Kant.Bytes.Blob} {seq cursor : Nat}   {messages : List Kant.Relay.Msg} {self_1 relay_1 : List Char} {secret_1 : Kant.Bytes.Blob}   {seq_1 cursor_1 : Nat} {messages_1 : List Kant.Relay.Msg},   Eq       { self := self, relay := relay, secret := secret, seq := seq, cursor := cursor,         messages := messages }       { self := self_1, relay := relay_1, secret := secret_1, seq := seq_1, cursor := cursor_1,         messages := messages_1 } →     And (Eq self self_1)       (And (Eq relay relay_1)         (And (Eq secret secret_1)           (And (Eq seq seq_1) (And (Eq cursor cursor_1) (Eq messages messages_1)))))","L1;S18;obj.Kant.Relay.Msg","O0;","L0;","L0;","L1;S28;claim.Kant.Cli.Client.mk.inj","L0;","L1;S28;proof.Kant.Cli.Client.mk.inj","L0;","S653;∀ {self relay : List Char} {secret : Kant.Bytes.Blob} {seq cursor : Nat}   {messages : List Kant.Relay.Msg} {self_1 relay_1 : List Char} {secret_1 : Kant.Bytes.Blob}   {seq_1 cursor_1 : Nat} {messages_1 : List Kant.Relay.Msg},   Eq       { self := self, relay := relay, secret := secret, seq := seq, cursor := cursor,         messages := messages }       { self := self_1, relay := relay_1, secret := secret_1, seq := seq_1, cursor := cursor_1,         messages := messages_1 } →     And (Eq self self_1)       (And (Eq relay relay_1)         (And (Eq secret secret_1)           (And (Eq seq seq_1) (And (Eq cursor cursor_1) (Eq messages messages_1)))))","O7;13;source_systemS5;lean411;source_fileS28;RequestProject/Kant/Cli.lean13;source_formatS4;text11;imported_atI+0;14;transformed_atI+0;15;transformationsL0;13;parent_objectS0;","15e17a5be52a07bfc9c2fc4b48f0e98c276de4615ba256c5d56731cd8aeb9fc2"
"obj.Kant.Codec.instReprExtract","def","Kant.Codec.instReprExtract","ASSERTED","Repr Kant.Codec.Extract","L0;","O0;","L0;","L0;","L0;","L0;","L0;","L0;","S23;Repr Kant.Codec.Extract","O7;13;source_systemS5;lean411;source_fileS38;RequestProject/Kant/Codec/RawText.lean13;source_formatS4;text11;imported_atI+0;14;transformed_atI+94;15;transformationsL0;13;parent_objectS0;","611c5fbf57d29601100893e5b92fe6cea9ef8b8706171b5bbf694fa2c67d1da8"
"obj.Kant.Dom.FormatReport.mk.sizeOf_spec","theorem","Kant.Dom.FormatReport.mk.sizeOf_spec","PROVEN","∀ (fmt : Kant.Codec.Fmt) (bytes : Nat) (decoded matchesCanonical : Bool) (hash : List Char),   Eq     (Kant.Dom.FormatReport._sizeOf_inst.sizeOf       { fmt := fmt, bytes := bytes, decoded := decoded, matchesCanonical := matchesCanonical,         hash := hash })     (instHAdd.hAdd       (instHAdd.hAdd         (instHAdd.hAdd           (instHAdd.hAdd (instHAdd.hAdd 1 (Kant.Codec.Fmt._sizeOf_inst.sizeOf fmt))             (instSizeOfNat.sizeOf bytes))           (Bool._sizeOf_inst.sizeOf decoded))         (Bool._sizeOf_inst.sizeOf matchesCanonical))       ((List._sizeOf_inst Char).sizeOf hash))","L0;","O0;","L0;","L0;","L1;S42;claim.Kant.Dom.FormatReport.mk.sizeOf_spec","L0;","L1;S42;proof.Kant.Dom.FormatReport.mk.sizeOf_spec","L0;","S596;∀ (fmt : Kant.Codec.Fmt) (bytes : Nat) (decoded matchesCanonical : Bool) (hash : List Char),   Eq     (Kant.Dom.FormatReport._sizeOf_inst.sizeOf       { fmt := fmt, bytes := bytes, decoded := decoded, matchesCanonical := matchesCanonical,         hash := hash })     (instHAdd.hAdd       (instHAdd.hAdd         (instHAdd.hAdd           (instHAdd.hAdd (instHAdd.hAdd 1 (Kant.Codec.Fmt._sizeOf_inst.sizeOf fmt))             (instSizeOfNat.sizeOf bytes))           (Bool._sizeOf_inst.sizeOf decoded))         (Bool._sizeOf_inst.sizeOf matchesCanonical))       ((List._sizeOf_inst Char).sizeOf hash))","O7;13;source_systemS5;lean411;source_fileS36;RequestProject/Kant/Domain/Emit.lean13;source_formatS4;text11;imported_atI+0;14;transformed_atI+0;15;transformationsL0;13;parent_objectS0;","2174b21627eb5e5cd6b6bc8f79308c1f371f8b3a173c82aaf23001c33b2992bd"
"obj.Kant.Text.bytesBEToNat","def","Kant.Text.bytesBEToNat","ASSERTED","Kant.Bytes.Blob → Nat","L0;","O0;","L0;","L0;","L0;","L0;","L0;","L0;","S21;Kant.Bytes.Blob → Nat","O7;13;source_systemS5;lean411;source_fileS29;RequestProject/Kant/Text.lean13;source_formatS4;text11;imported_atI+0;14;transformed_atI+333;15;transformationsL0;13;parent_objectS0;","aae1324a07d419f987c5d30f5b3dd0ae380ded2a889b832b3cb53e6f90184be0"
"obj.Kant.Rendezvous.parseAnnounce","def","Kant.Rendezvous.parseAnnounce","ASSERTED","List Char → Option Kant.Rendezvous.Announce","L0;","O0;","L0;","L0;","L0;","L0;","L0;","L0;","S43;List Char → Option Kant.Rendezvous.Announce","O7;13;source_systemS5;lean411;source_fileS35;RequestProject/Kant/Rendezvous.lean13;source_formatS4;text11;imported_atI+0;14;transformed_atI+162;15;transformationsL0;13;parent_objectS0;","ec4dbc0ab91dba49d63c65bec18e5e3e894d4f83565653a356eb00390a47ec58"
"obj.Kant.Dom.metaVal","def","Kant.Dom.metaVal","ASSERTED","Kant.Dom.Domain → Kant.Codec.Val","L0;","O0;","L0;","L0;","L0;","L0;","L0;","L0;","S32;Kant.Dom.Domain → Kant.Codec.Val","O7;13;source_systemS5;lean411;source_fileS36;RequestProject/Kant/Domain/Emit.lean13;source_formatS4;text11;imported_atI+0;14;transformed_atI+193;15;transformationsL0;13;parent_objectS0;","6487ab566206b1293b4fa24846d8d50e4d7621819a12b87b154c6d1a5611e3a0"
"obj.Kant.Rendezvous.parseAddrFields.eq_2","theorem","Kant.Rendezvous.parseAddrFields.eq_2","PROVEN","∀ (f : Kant.Bytes.Blob) (fs : List Kant.Bytes.Blob),   Eq (Kant.Rendezvous.parseAddrFields (List.cons f fs))     (Kant.Rendezvous.parseAddrFields.match_1 (fun x x_1 => Option (List Kant.Rendezvous.Address))       (Kant.Rendezvous.parseAddrField f) (Kant.Rendezvous.parseAddrFields fs)       (fun a as => Option.some (List.cons a as)) fun x x_1 => Option.none)","L0;","O0;","L0;","L0;","L1;S42;claim.Kant.Rendezvous.parseAddrFields.eq_2","L0;","L1;S42;proof.Kant.Rendezvous.parseAddrFields.eq_2","L0;","S359;∀ (f : Kant.Bytes.Blob) (fs : List Kant.Bytes.Blob),   Eq (Kant.Rendezvous.parseAddrFields (List.cons f fs))     (Kant.Rendezvous.parseAddrFields.match_1 (fun x x_1 => Option (List Kant.Rendezvous.Address))       (Kant.Rendezvous.parseAddrField f) (Kant.Rendezvous.parseAddrFields fs)       (fun a as => Option.some (List.cons a as)) fun x x_1 => Option.none)","O7;13;source_systemS5;lean411;source_fileS35;RequestProject/Kant/Rendezvous.lean13;source_formatS4;text11;imported_atI+0;14;transformed_atI+0;15;transformationsL0;13;parent_objectS0;","f47dd5ecb1a226d0540e28f1eb983b3bd482841df259e0ee6b029c06f04af329"
"obj.Kant.Wasm.Kernel.mkCidE.eq_1","theorem","Kant.Wasm.Kernel.mkCidE.eq_1","PROVEN","Eq Kant.Wasm.Kernel.mkCidE   ((((Kant.Wasm.Expr.const Kant.Wasm.Kernel.daslPrefix).mul             (Kant.Wasm.Expr.const (instHPow.hPow 2 48))).add         ((Kant.Wasm.Expr.var 0).mul (Kant.Wasm.Expr.const (instHPow.hPow 2 44)))).add     (Kant.Wasm.Expr.var 1))","L1;S18;obj.Kant.Wasm.Expr","O0;","L0;","L0;","L1;S34;claim.Kant.Wasm.Kernel.mkCidE.eq_1","L0;","L1;S34;proof.Kant.Wasm.Kernel.mkCidE.eq_1","L0;","S261;Eq Kant.Wasm.Kernel.mkCidE   ((((Kant.Wasm.Expr.const Kant.Wasm.Kernel.daslPrefix).mul             (Kant.Wasm.Expr.const (instHPow.hPow 2 48))).add         ((Kant.Wasm.Expr.var 0).mul (Kant.Wasm.Expr.const (instHPow.hPow 2 44)))).add     (Kant.Wasm.Expr.var 1))","O7;13;source_systemS5;lean411;source_fileS35;RequestProject/Wasm/KernelSpec.lean13;source_formatS4;text11;imported_atI+0;14;transformed_atI+0;15;transformationsL0;13;parent_objectS0;","a63ab9e35d98e8a1157e106bbcdcd5ee89d1106a2fe801bbe4850016fd9dab88"
"obj.Kant.Dom.listOf_idsVal","theorem","Kant.Dom.listOf_idsVal","PROVEN","∀ (xs : List Kant.Dom.Id),   Eq (Kant.Codec.listOf Kant.Dom.idOfVal (List.map Kant.Codec.Val.str xs)) (Option.some xs)","L1;S24;obj.Kant.Dom.idOfVal_str","O0;","L0;","L0;","L1;S28;claim.Kant.Dom.listOf_idsVal","L0;","L1;S28;proof.Kant.Dom.listOf_idsVal","L0;","S118;∀ (xs : List Kant.Dom.Id),   Eq (Kant.Codec.listOf Kant.Dom.idOfVal (List.map Kant.Codec.Val.str xs)) (Option.some xs)","O7;13;source_systemS5;lean411;source_fileS37;RequestProject/Kant/Domain/Model.lean13;source_formatS4;text11;imported_atI+0;14;transformed_atI+232;15;transformationsL0;13;parent_objectS0;","da2eca287c52053c933c80c015e84e2743b1aae8da7d337a1827ebdd7b3a9cd5"
"obj.Kant.Codec.readRowVal.eq_1","theorem","Kant.Codec.readRowVal.eq_1","PROVEN","∀ (x : List Kant.Codec.Row), Eq (Kant.Codec.readRowVal 0 x) Option.none","L2;S18;obj.Kant.Codec.RowS33;obj.Kant.Codec.readRowVal.match_3","O0;","L0;","L0;","L1;S32;claim.Kant.Codec.readRowVal.eq_1","L0;","L1;S32;proof.Kant.Codec.readRowVal.eq_1","L0;","S71;∀ (x : List Kant.Codec.Row), Eq (Kant.Codec.readRowVal 0 x) Option.none","O7;13;source_systemS5;lean411;source_fileS34;RequestProject/Kant/Codec/Csv.lean13;source_formatS4;text11;imported_atI+0;14;transformed_atI+0;15;transformationsL0;13;parent_objectS0;","bb6dfcd7292a3fa64214ef75d376e911e1b3350aeed83b400b24a4ae408eefcb"
"obj.Kant.Dom.findObj_catalog","theorem","Kant.Dom.findObj_catalog","PROVEN","∀ {ds : List Kant.Dom.Decl},   (List.map Kant.Dom.Decl.name ds).Nodup →     ∀ {d : Kant.Dom.Decl},       List.instMembership.mem ds d →         ∀ (cid desc : List Char),           Eq (Kant.Dom.findObj (Kant.Dom.catalog cid desc ds) (Kant.Dom.objId d.name))             (Option.some (Kant.Dom.declObject d))","L1;S26;obj.Kant.Dom.objects_nodup","O0;","L0;","L0;","L1;S30;claim.Kant.Dom.findObj_catalog","L0;","L1;S30;proof.Kant.Dom.findObj_catalog","L0;","S306;∀ {ds : List Kant.Dom.Decl},   (List.map Kant.Dom.Decl.name ds).Nodup →     ∀ {d : Kant.Dom.Decl},       List.instMembership.mem ds d →         ∀ (cid desc : List Char),           Eq (Kant.Dom.findObj (Kant.Dom.catalog cid desc ds) (Kant.Dom.objId d.name))             (Option.some (Kant.Dom.declObject d))","O7;13;source_systemS5;lean411;source_fileS39;RequestProject/Kant/Domain/Catalog.lean13;source_formatS4;text11;imported_atI+0;14;transformed_atI+254;15;transformationsL0;13;parent_objectS0;","785cd978a286cef4c48b8e6475757ad781bc312cfaad527a55ed5bc31116b63d"
"obj.Kant.Codec.Ipdl.brecOn_3","def","Kant.Codec.Ipdl.brecOn_3","ASSERTED","{motive_1 : Kant.Codec.Ipdl → Sort u} →   {motive_2 : List Kant.Codec.Ipdl → Sort u} →     {motive_3 : List (Prod (List Char) Kant.Codec.Ipdl) → Sort u} →       {motive_4 : Prod (List Char) Kant.Codec.Ipdl → Sort u} →         (t : Prod (List Char) Kant.Codec.Ipdl) →           ((t : Kant.Codec.Ipdl) → t.below → motive_1 t) →             ((t : List Kant.Codec.Ipdl) → Kant.Codec.Ipdl.below_1 t → motive_2 t) →               ((t : List (Prod (List Char) Kant.Codec.Ipdl)) →                   Kant.Codec.Ipdl.below_2 t → motive_3 t) →                 ((t : Prod (List Char) Kant.Codec.Ipdl) → Kant.Codec.Ipdl.below_3 t → motive_4 t) →                   motive_4 t","L0;","O0;","L0;","L0;","L0;","L0;","L0;","L0;","S661;{motive_1 : Kant.Codec.Ipdl → Sort u} →   {motive_2 : List Kant.Codec.Ipdl → Sort u} →     {motive_3 : List (Prod (List Char) Kant.Codec.Ipdl) → Sort u} →       {motive_4 : Prod (List Char) Kant.Codec.Ipdl → Sort u} →         (t : Prod (List Char) Kant.Codec.Ipdl) →           ((t : Kant.Codec.Ipdl) → t.below → motive_1 t) →             ((t : List Kant.Codec.Ipdl) → Kant.Codec.Ipdl.below_1 t → motive_2 t) →               ((t : List (Prod (List Char) Kant.Codec.Ipdl)) →                   Kant.Codec.Ipdl.below_2 t → motive_3 t) →                 ((t : Prod (List Char) Kant.Codec.Ipdl) → Kant.Codec.Ipdl.below_3 t → motive_4 t) →                   motive_4 t","O7;13;source_systemS5;lean411;source_fileS35;RequestProject/Kant/Codec/Ipdl.lean13;source_formatS4;text11;imported_atI+0;14;transformed_atI+37;15;transformationsL0;13;parent_objectS0;","3adba7c90e9c00b8888c4a56257c18f3062bab704dba8dae5657d7d347d167a9"
"obj.Kant.Dasl.instDecidableEqOrbifold.decEq","def","Kant.Dasl.instDecidableEqOrbifold.decEq","ASSERTED","(x x_1 : Kant.Dasl.Orbifold) → Decidable (Eq x x_1)","L0;","O0;","L0;","L0;","L0;","L0;","L0;","L0;","S51;(x x_1 : Kant.Dasl.Orbifold) → Decidable (Eq x x_1)","O7;13;source_systemS5;lean411;source_fileS29;RequestProject/Kant/Dasl.lean13;source_formatS4;text11;imported_atI+0;14;transformed_atI+194;15;transformationsL0;13;parent_objectS0;","dbe6ee80d2805286053262180bd24e9124c3ec008d7c90a872d14bca3305a393"
"obj.Kant.Codec.IpdlReserved","def","Kant.Codec.IpdlReserved","ASSERTED","List Char → Prop","L2;S27;obj.Kant.Codec.ipdlAnnotKeyS26;obj.Kant.Codec.ipdlBodyKey","O0;","L0;","L0;","L0;","L0;","L0;","L0;","S16;List Char → Prop","O7;13;source_systemS5;lean411;source_fileS35;RequestProject/Kant/Codec/Ipdl.lean13;source_formatS4;text11;imported_atI+0;14;transformed_atI+59;15;transformationsL0;13;parent_objectS0;","b2b495b08e0f1fa312d26c23389025385500432c927af8c9f5dd0868171e14de"
"obj.Kant.Codec.Status.ctorIdx","def","Kant.Codec.Status.ctorIdx","ASSERTED","Kant.Codec.Status → Nat","L1;S21;obj.Kant.Codec.Status","O0;","L0;","L0;","L0;","L0;","L0;","L0;","S23;Kant.Codec.Status → Nat","O7;13;source_systemS5;lean411;source_fileS36;RequestProject/Kant/Codec/Model.lean13;source_formatS4;text11;imported_atI+0;14;transformed_atI+0;15;transformationsL0;13;parent_objectS0;","5b9cfbfdabce0850f77836f8348052cb538fc9c8c7ed3c96350fb772f4159231"
"obj.Kant.Onboarding.instDecidableEqState.decEq.match_1","def","Kant.Onboarding.instDecidableEqState.decEq.match_1","ASSERTED","(motive : Kant.Onboarding.State → Kant.Onboarding.State → Sort u_1) →   (x x_1 : Kant.Onboarding.State) →     ((a : Kant.Onboarding.Screen) →         (a_1 a_2 a_3 : Bool) →           (a_4 : Kant.Onboarding.Progress) →             (b : Kant.Onboarding.Screen) →               (b_1 b_2 b_3 : Bool) →                 (b_4 : Kant.Onboarding.Progress) →                   motive                     { screen := a, camera := a_1, inRoom := a_2, hushed := a_3, progress := a_4 }                     { screen := b, camera := b_1, inRoom := b_2, hushed := b_3, progress := b_4 }) →       motive x x_1","L0;","O0;","L0;","L0;","L0;","L0;","L0;","L0;","S591;(motive : Kant.Onboarding.State → Kant.Onboarding.State → Sort u_1) →   (x x_1 : Kant.Onboarding.State) →     ((a : Kant.Onboarding.Screen) →         (a_1 a_2 a_3 : Bool) →           (a_4 : Kant.Onboarding.Progress) →             (b : Kant.Onboarding.Screen) →               (b_1 b_2 b_3 : Bool) →                 (b_4 : Kant.Onboarding.Progress) →                   motive                     { screen := a, camera := a_1, inRoom := a_2, hushed := a_3, progress := a_4 }                     { screen := b, camera := b_1, inRoom := b_2, hushed := b_3, progress := b_4 }) →       motive x x_1","O7;13;source_systemS5;lean411;source_fileS35;RequestProject/Kant/Onboarding.lean13;source_formatS4;text11;imported_atI+0;14;transformed_atI+0;15;transformationsL0;13;parent_objectS0;","05cb442640251d61b51590433e5ba1b6d82edf3d2f0e0c533fd6e397807b8548"
"obj.Kant.Uucp.Carrier.capacity.eq_3","theorem","Kant.Uucp.Carrier.capacity.eq_3","PROVEN","Eq Kant.Uucp.Carrier.qr.capacity 2953","L0;","O0;","L0;","L0;","L1;S37;claim.Kant.Uucp.Carrier.capacity.eq_3","L0;","L1;S37;proof.Kant.Uucp.Carrier.capacity.eq_3","L0;","S37;Eq Kant.Uucp.Carrier.qr.capacity 2953","O7;13;source_systemS5;lean411;source_fileS29;RequestProject/Kant/Uucp.lean13;source_formatS4;text11;imported_atI+0;14;transformed_atI+0;15;transformationsL0;13;parent_objectS0;","1c8b60733ee8b35602b9b2cbced1038919a39c6e8af5e9b0e59d5024d5879ce3"
"obj.Kant.Dom.scanVal","def","Kant.Dom.scanVal","ASSERTED","List Kant.Dom.Decl → Kant.Codec.Val","L0;","O0;","L0;","L0;","L0;","L0;","L0;","L0;","S35;List Kant.Dom.Decl → Kant.Codec.Val","O7;13;source_systemS5;lean411;source_fileS39;RequestProject/Kant/Domain/Catalog.lean13;source_formatS4;text11;imported_atI+0;14;transformed_atI+182;15;transformationsL0;13;parent_objectS0;","c2865d321accca0e2faf31ebd15058515f308f628ddab768e8f08b4f49727f5b"
"obj.Kant.ShareLog.shared_no_secret","theorem","Kant.ShareLog.shared_no_secret","PROVEN","∀ {secrets : List (List Char)} {v : Kant.Connectivity.Verdict} {room relay : List Char}   {l : Kant.Diagnostics.Log} {e : Kant.Diagnostics.Event},   List.instMembership.mem (Kant.ShareLog.shareReport secrets v room relay l).events e →     ∀ {s : List Char},       List.instMembership.mem secrets s → And (Not (s.IsInfix e.text)) (Not (s.IsInfix e.detail))","L0;","O0;","L0;","L0;","L1;S36;claim.Kant.ShareLog.shared_no_secret","L0;","L1;S36;proof.Kant.ShareLog.shared_no_secret","L0;","S355;∀ {secrets : List (List Char)} {v : Kant.Connectivity.Verdict} {room relay : List Char}   {l : Kant.Diagnostics.Log} {e : Kant.Diagnostics.Event},   List.instMembership.mem (Kant.ShareLog.shareReport secrets v room relay l).events e →     ∀ {s : List Char},       List.instMembership.mem secrets s → And (Not (s.IsInfix e.text)) (Not (s.IsInfix e.detail))","O7;13;source_systemS5;lean411;source_fileS33;RequestProject/Kant/ShareLog.lean13;source_formatS4;text11;imported_atI+0;14;transformed_atI+56;15;transformationsL0;13;parent_objectS0;","73b6ac82cd3c2750f10913a3d23b2f931461f86a3d128f76dfed610c4e1bec39"
"obj.Kant.Uucp.Site.ctorIdx","def","Kant.Uucp.Site.ctorIdx","ASSERTED","Kant.Uucp.Site → Nat","L0;","O0;","L0;","L0;","L0;","L0;","L0;","L0;","S20;Kant.Uucp.Site → Nat","O7;13;source_systemS5;lean411;source_fileS29;RequestProject/Kant/Uucp.lean13;source_formatS4;text11;imported_atI+0;14;transformed_atI+0;15;transformationsL0;13;parent_objectS0;","5502e1602ad1beeaa79e04362730f51d194a31dca4fdb184e05e18486e6ee2b7"
"obj.Kant.CodeMovie.ungodel_godel","theorem","Kant.CodeMovie.ungodel_godel","PROVEN","∀ (s : Kant.CodeMovie.Snippet), Eq (Kant.CodeMovie.ungodel (Kant.CodeMovie.godel s)) s","L0;","O0;","L0;","L0;","L1;S34;claim.Kant.CodeMovie.ungodel_godel","L0;","L1;S34;proof.Kant.CodeMovie.ungodel_godel","L0;","S86;∀ (s : Kant.CodeMovie.Snippet), Eq (Kant.CodeMovie.ungodel (Kant.CodeMovie.godel s)) s","O7;13;source_systemS5;lean411;source_fileS34;RequestProject/Kant/CodeMovie.lean13;source_formatS4;text11;imported_atI+0;14;transformed_atI+110;15;transformationsL0;13;parent_objectS0;","14fcba75f35f7f594777c541abe4a0eee7b729d3e5d5373b40d36b1a54d396b0"
"obj.Kant.Codec.MinProfile.ctorIdx","def","Kant.Codec.MinProfile.ctorIdx","ASSERTED","Kant.Codec.MinProfile → Nat","L0;","O0;","L0;","L0;","L0;","L0;","L0;","L0;","S27;Kant.Codec.MinProfile → Nat","O7;13;source_systemS5;lean411;source_fileS36;RequestProject/Kant/Codec/Model.lean13;source_formatS4;text11;imported_atI+0;14;transformed_atI+0;15;transformationsL0;13;parent_objectS0;","b34722ddb648b7c6619da7c9b2ae8a495aaedcc53591f900bf96019cfdacb603"
"obj.Kant.Connectivity.Verdict.casesOn","def","Kant.Connectivity.Verdict.casesOn","ASSERTED","{motive : Kant.Connectivity.Verdict → Sort u} →   (t : Kant.Connectivity.Verdict) →     motive Kant.Connectivity.Verdict.ok →       motive Kant.Connectivity.Verdict.noRoom →         motive Kant.Connectivity.Verdict.roomMismatch →           motive Kant.Connectivity.Verdict.relayDown →             motive Kant.Connectivity.Verdict.onlyThisBrowser →               motive Kant.Connectivity.Verdict.noTransport → motive t","L0;","O0;","L0;","L0;","L0;","L0;","L0;","L0;","S417;{motive : Kant.Connectivity.Verdict → Sort u} →   (t : Kant.Connectivity.Verdict) →     motive Kant.Connectivity.Verdict.ok →       motive Kant.Connectivity.Verdict.noRoom →         motive Kant.Connectivity.Verdict.roomMismatch →           motive Kant.Connectivity.Verdict.relayDown →             motive Kant.Connectivity.Verdict.onlyThisBrowser →               motive Kant.Connectivity.Verdict.noTransport → motive t","O7;13;source_systemS5;lean411;source_fileS37;RequestProject/Kant/Connectivity.lean13;source_formatS4;text11;imported_atI+0;14;transformed_atI+173;15;transformationsL0;13;parent_objectS0;","983767474a4cf866d4ce5905ac743ad9d56c46fa0e651ad0b06bc608efe46433"
"obj.Kant.Sheaf.EigenSpace.enumList","def","Kant.Sheaf.EigenSpace.enumList","ASSERTED","List Kant.Sheaf.EigenSpace","L0;","O0;","L0;","L0;","L0;","L0;","L0;","L0;","S26;List Kant.Sheaf.EigenSpace","O7;13;source_systemS5;lean411;source_fileS30;RequestProject/Kant/Sheaf.lean13;source_formatS4;text11;imported_atI+0;14;transformed_atI+0;15;transformationsL0;13;parent_objectS0;","16b1144e877f5d446a6b1560906f37e7cbebdf2fd1aa064a05c281a9e404476d"
"obj.Kant.Wasm.Expr.modC","def","Kant.Wasm.Expr.modC","ASSERTED","Kant.Wasm.Expr → Nat → Kant.Wasm.Expr","L1;S18;obj.Kant.Wasm.Expr","O0;","L0;","L0;","L0;","L0;","L0;","L0;","S37;Kant.Wasm.Expr → Nat → Kant.Wasm.Expr","O7;13;source_systemS5;lean411;source_fileS31;RequestProject/Wasm/Syntax.lean13;source_formatS4;text11;imported_atI+0;14;transformed_atI+115;15;transformationsL0;13;parent_objectS0;","fde3d404a8ab2c39ca9dc63e59657e66b13e3c7eb9ca1db33d84cbc8083d4b00"
"obj.Kant.Codec.xmlDecode.match_1","def","Kant.Codec.xmlDecode.match_1","ASSERTED","(motive : Option (Prod Kant.Codec.Val (List Char)) → Sort u_1) →   (x : Option (Prod Kant.Codec.Val (List Char))) →     ((v : Kant.Codec.Val) → motive (Option.some { fst := v, snd := List.nil })) →       ((x : Option (Prod Kant.Codec.Val (List Char))) → motive x) → motive x","L0;","O0;","L0;","L0;","L0;","L0;","L0;","L0;","S274;(motive : Option (Prod Kant.Codec.Val (List Char)) → Sort u_1) →   (x : Option (Prod Kant.Codec.Val (List Char))) →     ((v : Kant.Codec.Val) → motive (Option.some { fst := v, snd := List.nil })) →       ((x : Option (Prod Kant.Codec.Val (List Char))) → motive x) → motive x","O7;13;source_systemS5;lean411;source_fileS34;RequestProject/Kant/Codec/Xml.lean13;source_formatS4;text11;imported_atI+0;14;transformed_atI+0;15;transformationsL0;13;parent_objectS0;","73097ee0480fb222130a97e08664dbfdcfea49098a0ef4a45987c36af6afc01f"
"obj.Kant.SiteCard.addressUrl_injective","theorem","Kant.SiteCard.addressUrl_injective","PROVEN","∀ {c : Kant.SiteCard.Config},   c.Wf →     ∀ {a b : List Char}, Eq (Kant.SiteCard.addressUrl c a) (Kant.SiteCard.addressUrl c b) → Eq a b","L2;S24;obj.Kant.SiteCard.ConfigS28;obj.Kant.SiteCard.urlAddress","O0;","L0;","L0;","L1;S40;claim.Kant.SiteCard.addressUrl_injective","L0;","L1;S40;proof.Kant.SiteCard.addressUrl_injective","L0;","S137;∀ {c : Kant.SiteCard.Config},   c.Wf →     ∀ {a b : List Char}, Eq (Kant.SiteCard.addressUrl c a) (Kant.SiteCard.addressUrl c b) → Eq a b","O7;13;source_systemS5;lean411;source_fileS33;RequestProject/Kant/SiteCard.lean13;source_formatS4;text11;imported_atI+0;14;transformed_atI+338;15;transformationsL0;13;parent_objectS0;","d97db0d58e2df1ac113e3271da11d02f1b4d78a0967222822948b5346456e265"
"obj.Kant.Codec.recoverFields.match_1","def","Kant.Codec.recoverFields.match_1","ASSERTED","(motive : Option Kant.Codec.Ipdl → Option (List (Prod (List Char) Kant.Codec.Ipdl)) → Sort u_1) →   (x : Option Kant.Codec.Ipdl) →     (x_1 : Option (List (Prod (List Char) Kant.Codec.Ipdl))) →       ((y : Kant.Codec.Ipdl) →           (ys : List (Prod (List Char) Kant.Codec.Ipdl)) →             motive (Option.some y) (Option.some ys)) →         ((x : Option Kant.Codec.Ipdl) →             (x_2 : Option (List (Prod (List Char) Kant.Codec.Ipdl))) → motive x x_2) →           motive x x_1","L0;","O0;","L0;","L0;","L0;","L0;","L0;","L0;","S488;(motive : Option Kant.Codec.Ipdl → Option (List (Prod (List Char) Kant.Codec.Ipdl)) → Sort u_1) →   (x : Option Kant.Codec.Ipdl) →     (x_1 : Option (List (Prod (List Char) Kant.Codec.Ipdl))) →       ((y : Kant.Codec.Ipdl) →           (ys : List (Prod (List Char) Kant.Codec.Ipdl)) →             motive (Option.some y) (Option.some ys)) →         ((x : Option Kant.Codec.Ipdl) →             (x_2 : Option (List (Prod (List Char) Kant.Codec.Ipdl))) → motive x x_2) →           motive x x_1","O7;13;source_systemS5;lean411;source_fileS35;RequestProject/Kant/Codec/Ipdl.lean13;source_formatS4;text11;imported_atI+0;14;transformed_atI+0;15;transformationsL0;13;parent_objectS0;","82d3a48712ef28ac7e379af4d62a2387010807d43170f97203e9399932d69d8d"
"obj.Kant.Rendezvous.instDecidableEqAddress.decEq","def","Kant.Rendezvous.instDecidableEqAddress.decEq","ASSERTED","(x x_1 : Kant.Rendezvous.Address) → Decidable (Eq x x_1)","L0;","O0;","L0;","L0;","L0;","L0;","L0;","L0;","S56;(x x_1 : Kant.Rendezvous.Address) → Decidable (Eq x x_1)","O7;13;source_systemS5;lean411;source_fileS35;RequestProject/Kant/Rendezvous.lean13;source_formatS4;text11;imported_atI+0;14;transformed_atI+61;15;transformationsL0;13;parent_objectS0;","a3e06f426b40112aad55f1f2695bc4ed3706e71c3d0b9acc3efa8939fb92d78f"
"obj.Kant.Wasm.Decode.bytesN.eq_2","theorem","Kant.Wasm.Decode.bytesN.eq_2","PROVEN","∀ (n : Nat), Eq (Kant.Wasm.Decode.bytesN n.succ List.nil) Option.none","L0;","O0;","L0;","L0;","L1;S34;claim.Kant.Wasm.Decode.bytesN.eq_2","L0;","L1;S34;proof.Kant.Wasm.Decode.bytesN.eq_2","L0;","S69;∀ (n : Nat), Eq (Kant.Wasm.Decode.bytesN n.succ List.nil) Option.none","O7;13;source_systemS5;lean411;source_fileS31;RequestProject/Wasm/Decode.lean13;source_formatS4;text11;imported_atI+0;14;transformed_atI+0;15;transformationsL0;13;parent_objectS0;","cb7c085e49b38ebde0e94dc4e79cdf42719ff820f4b0ea8f0e03420e2bee3224"
"obj.Kant.Codec.readCsvField_csvField","theorem","Kant.Codec.readCsvField_csvField","PROVEN","∀ (s rest : List Char),   Kant.Codec.NotQuote rest →     Eq       (Kant.Codec.readCsvField         (instHAppendOfAppend.hAppend           (List.flatMap             (fun c =>               ite (Eq c '\""') (List.cons '\""' (List.cons '\""' List.nil)) (List.cons c List.nil))             s)           (List.cons '\""' rest)))       (Option.some { fst := s, snd := rest })","L1;S34;obj.Kant.Codec.readCsvField.eq_def","O0;","L0;","L0;","L1;S38;claim.Kant.Codec.readCsvField_csvField","L0;","L1;S38;proof.Kant.Codec.readCsvField_csvField","L0;","S365;∀ (s rest : List Char),   Kant.Codec.NotQuote rest →     Eq       (Kant.Codec.readCsvField         (instHAppendOfAppend.hAppend           (List.flatMap             (fun c =>               ite (Eq c '\""') (List.cons '\""' (List.cons '\""' List.nil)) (List.cons c List.nil))             s)           (List.cons '\""' rest)))       (Option.some { fst := s, snd := rest })","O7;13;source_systemS5;lean411;source_fileS34;RequestProject/Kant/Codec/Csv.lean13;source_formatS4;text11;imported_atI+0;14;transformed_atI+297;15;transformationsL0;13;parent_objectS0;","e0d0828432b102315bad8b505209380e83a142fb90703c73e370dca16cc9c4e0"
"obj.Kant.Wasm.CmpOp.noConfusionType","def","Kant.Wasm.CmpOp.noConfusionType","ASSERTED","Sort v✝ → Kant.Wasm.CmpOp → Kant.Wasm.CmpOp → Sort v✝","L0;","O0;","L0;","L0;","L0;","L0;","L0;","L0;","S53;Sort v✝ → Kant.Wasm.CmpOp → Kant.Wasm.CmpOp → Sort v✝","O7;13;source_systemS5;lean411;source_fileS31;RequestProject/Wasm/Syntax.lean13;source_formatS4;text11;imported_atI+0;14;transformed_atI+0;15;transformationsL0;13;parent_objectS0;","5ee05a3a4d06cf6f85c6ba4149c65c9c9e5010198332e06535cac4a251406762"
"obj.Kant.Codec.Row.objectId","def","Kant.Codec.Row.objectId","ASSERTED","Kant.Codec.Row → List Char","L1;S18;obj.Kant.Codec.Row","O0;","L0;","L0;","L0;","L0;","L0;","L0;","S26;Kant.Codec.Row → List Char","O7;13;source_systemS5;lean411;source_fileS34;RequestProject/Kant/Codec/Csv.lean13;source_formatS4;text11;imported_atI+0;14;transformed_atI+42;15;transformationsL0;13;parent_objectS0;","2d3e2a8e9f47630fddfe9a16501a0f4466f13355a8493f5de2900f4fb496dc22"
"obj.Kant.Dom.cellsText.eq_3","theorem","Kant.Dom.cellsText.eq_3","PROVEN","∀ (c : List Char) (cs : List (List Char)),   (Eq cs List.nil → False) →     Eq (Kant.Dom.cellsText (List.cons c cs))       (instHAppendOfAppend.hAppend (Kant.Codec.csvField c) (List.cons ',' (Kant.Dom.cellsText cs)))","L0;","O0;","L0;","L0;","L1;S29;claim.Kant.Dom.cellsText.eq_3","L0;","L1;S29;proof.Kant.Dom.cellsText.eq_3","L0;","S216;∀ (c : List Char) (cs : List (List Char)),   (Eq cs List.nil → False) →     Eq (Kant.Dom.cellsText (List.cons c cs))       (instHAppendOfAppend.hAppend (Kant.Codec.csvField c) (List.cons ',' (Kant.Dom.cellsText cs)))","O7;13;source_systemS5;lean411;source_fileS37;RequestProject/Kant/Domain/Table.lean13;source_formatS4;text11;imported_atI+0;14;transformed_atI+0;15;transformationsL0;13;parent_objectS0;","4ea8756d3543bb496cd3b433fdf320ce48e1745f51a8c5dbd41ca47dc1f3b660"
"obj.Kant.PlainText.entry","def","Kant.PlainText.entry","ASSERTED","List Char → List Char → List Char","L0;","O0;","L0;","L0;","L0;","L0;","L0;","L0;","S33;List Char → List Char → List Char","O7;13;source_systemS5;lean411;source_fileS34;RequestProject/Kant/PlainText.lean13;source_formatS4;text11;imported_atI+0;14;transformed_atI+110;15;transformationsL0;13;parent_objectS0;","5af6f15f8b80b47240479d05312a1995a8c1a84da658e09ca4d4b599becbb89f"
"obj.Kant.Join.wordInvite.eq_1","theorem","Kant.Join.wordInvite.eq_1","PROVEN","∀ (w : List Char), Eq (Kant.Join.wordInvite w) (Kant.Rendezvous.pasteInvite (Kant.Join.codePart w))","L2;S26;obj.Kant.Rendezvous.InviteS31;obj.Kant.Rendezvous.pasteInvite","O0;","L0;","L0;","L1;S31;claim.Kant.Join.wordInvite.eq_1","L0;","L1;S31;proof.Kant.Join.wordInvite.eq_1","L0;","S99;∀ (w : List Char), Eq (Kant.Join.wordInvite w) (Kant.Rendezvous.pasteInvite (Kant.Join.codePart w))","O7;13;source_systemS5;lean411;source_fileS29;RequestProject/Kant/Join.lean13;source_formatS4;text11;imported_atI+0;14;transformed_atI+0;15;transformationsL0;13;parent_objectS0;","41b2624c42959390f082189c41d8ad3b2e22d2cd44e8687e79ca899750ff95a9"
"obj.Kant.Relay.Msg.noConfusion","def","Kant.Relay.Msg.noConfusion","ASSERTED","{P : Sort u} → {t t' : Kant.Relay.Msg} → Eq t t' → Kant.Relay.Msg.noConfusionType P t t'","L1;S18;obj.Kant.Relay.Msg","O0;","L0;","L0;","L0;","L0;","L0;","L0;","S88;{P : Sort u} → {t t' : Kant.Relay.Msg} → Eq t t' → Kant.Relay.Msg.noConfusionType P t t'","O7;13;source_systemS5;lean411;source_fileS30;RequestProject/Kant/Relay.lean13;source_formatS4;text11;imported_atI+0;14;transformed_atI+50;15;transformationsL0;13;parent_objectS0;","4ff45177e26c9179b9f47a91ac191e86f1b83a48592dfe1367ff08d5520b09a0"
"obj.Kant.Codec.projectList.eq_1","theorem","Kant.Codec.projectList.eq_1","PROVEN","Eq (Kant.Codec.projectList List.nil) List.nil","L0;","O0;","L0;","L0;","L1;S33;claim.Kant.Codec.projectList.eq_1","L0;","L1;S33;proof.Kant.Codec.projectList.eq_1","L0;","S45;Eq (Kant.Codec.projectList List.nil) List.nil","O7;13;source_systemS5;lean411;source_fileS35;RequestProject/Kant/Codec/Ipdl.lean13;source_formatS4;text11;imported_atI+0;14;transformed_atI+0;15;transformationsL0;13;parent_objectS0;","2ed50902af5e6dadf38f781998d0dcfa5470028e1da25c4761324110754fa714"
"obj.Kant.Dom.Event.nothing.elim","def","Kant.Dom.Event.nothing.elim","ASSERTED","{motive : Kant.Dom.Event → Sort u} →   (t : Kant.Dom.Event) → Eq t.ctorIdx 8 → motive Kant.Dom.Event.nothing → motive t","L0;","O0;","L0;","L0;","L0;","L0;","L0;","L0;","S119;{motive : Kant.Dom.Event → Sort u} →   (t : Kant.Dom.Event) → Eq t.ctorIdx 8 → motive Kant.Dom.Event.nothing → motive t","O7;13;source_systemS5;lean411;source_fileS38;RequestProject/Kant/Domain/Policy.lean13;source_formatS4;text11;imported_atI+0;14;transformed_atI+48;15;transformationsL0;13;parent_objectS0;","fee15d48e23405c7e584209c4ae1b96c1f0b713105b8e6b5eaba8dad534f639a"
"obj.Kant.Codec.digitVal.match_1","def","Kant.Codec.digitVal.match_1","ASSERTED","(motive : Char → Sort u_1) →   (c : Char) →     (Unit → motive '0') →       (Unit → motive '1') →         (Unit → motive '2') →           (Unit → motive '3') →             (Unit → motive '4') →               (Unit → motive '5') →                 (Unit → motive '6') →                   (Unit → motive '7') →                     (Unit → motive '8') → (Unit → motive '9') → ((x : Char) → motive x) → motive c","L0;","O0;","L0;","L0;","L0;","L0;","L0;","L0;","S406;(motive : Char → Sort u_1) →   (c : Char) →     (Unit → motive '0') →       (Unit → motive '1') →         (Unit → motive '2') →           (Unit → motive '3') →             (Unit → motive '4') →               (Unit → motive '5') →                 (Unit → motive '6') →                   (Unit → motive '7') →                     (Unit → motive '8') → (Unit → motive '9') → ((x : Char) → motive x) → motive c","O7;13;source_systemS5;lean411;source_fileS34;RequestProject/Kant/Codec/Val.lean13;source_formatS4;text11;imported_atI+0;14;transformed_atI+0;15;transformationsL0;13;parent_objectS0;","3aa266cfa3d8bd5c9f5a992520c39d1f35df942f0c285d5a8a2579f737c1913d"
"obj.Kant.Diagnostics.parseEvent","def","Kant.Diagnostics.parseEvent","ASSERTED","List Char → Option Kant.Diagnostics.Event","L1;S28;obj.Kant.Diagnostics.toEvent","O0;","L0;","L0;","L0;","L0;","L0;","L0;","S41;List Char → Option Kant.Diagnostics.Event","O7;13;source_systemS5;lean411;source_fileS36;RequestProject/Kant/Diagnostics.lean13;source_formatS4;text11;imported_atI+0;14;transformed_atI+193;15;transformationsL0;13;parent_objectS0;","ce64c46834b6acdecace5980e4373931dd8dee0b8d9cc790518d609b9b8e9fd3"
"obj.Kant.Codec.Strategy.manual.elim","def","Kant.Codec.Strategy.manual.elim","ASSERTED","{motive : Kant.Codec.Strategy → Sort u} →   (t : Kant.Codec.Strategy) → Eq t.ctorIdx 3 → motive Kant.Codec.Strategy.manual → motive t","L0;","O0;","L0;","L0;","L0;","L0;","L0;","L0;","S133;{motive : Kant.Codec.Strategy → Sort u} →   (t : Kant.Codec.Strategy) → Eq t.ctorIdx 3 → motive Kant.Codec.Strategy.manual → motive t","O7;13;source_systemS5;lean411;source_fileS40;RequestProject/Kant/Codec/Reconcile.lean13;source_formatS4;text11;imported_atI+0;14;transformed_atI+281;15;transformationsL0;13;parent_objectS0;","3fd255c70c0e4fbada9e8309473b93dd7f2026de5f24a924e64c76c4899b29d7"
"obj.Kant.Dom.objectOfRow.eq_1","theorem","Kant.Dom.objectOfRow.eq_1","PROVEN","∀   (id kind name truth claim inputs parameters transformations outputs claimRefs evidenceRefs     proofRefs errorRefs value provenance _hash : List Char),   Eq     (Kant.Dom.objectOfRow       (List.cons id         (List.cons kind           (List.cons name             (List.cons truth               (List.cons claim                 (List.cons inputs                   (List.cons parameters                     (List.cons transformations                       (List.cons outputs                         (List.cons claimRefs                           (List.cons evidenceRefs                             (List.cons proofRefs                               (List.cons errorRefs                                 (List.cons value                                   (List.cons provenance (List.cons _hash List.nil)))))))))))))))))     do     let truth ← Kant.Dom.Truth.ofName truth     let inputs ← Kant.Dom.decIds inputs     let parameters ← Kant.Dom.decFields parameters     let transformations ← Kant.Dom.decIds transformations     let outputs ← Kant.Dom.decIds outputs     let claimRefs ← Kant.Dom.decIds claimRefs     let evidenceRefs ← Kant.Dom.decIds evidenceRefs     let proofRefs ← Kant.Dom.decIds proofRefs     let errorRefs ← Kant.Dom.decIds errorRefs     let value ← Kant.Dom.decValue value     let provenance ← Kant.Dom.decProv provenance     instAlternativeOption.pure         { id := id, kind := kind, name := name, value := value, claim := claim, inputs := inputs,           parameters := parameters, transformations := transformations, outputs := outputs,           claimRefs := claimRefs, evidenceRefs := evidenceRefs, proofRefs := proofRefs,           errorRefs := errorRefs, truth := truth, provenance := provenance }","L1;S24;obj.Kant.Dom.objectOfRow","O0;","L0;","L0;","L1;S31;claim.Kant.Dom.objectOfRow.eq_1","L0;","L1;S31;proof.Kant.Dom.objectOfRow.eq_1","L0;","S1728;∀   (id kind name truth claim inputs parameters transformations outputs claimRefs evidenceRefs     proofRefs errorRefs value provenance _hash : List Char),   Eq     (Kant.Dom.objectOfRow       (List.cons id         (List.cons kind           (List.cons name             (List.cons truth               (List.cons claim                 (List.cons inputs                   (List.cons parameters                     (List.cons transformations                       (List.cons outputs                         (List.cons claimRefs                           (List.cons evidenceRefs                             (List.cons proofRefs                               (List.cons errorRefs                                 (List.cons value                                   (List.cons provenance (List.cons _hash List.nil)))))))))))))))))     do     let truth ← Kant.Dom.Truth.ofName truth     let inputs ← Kant.Dom.decIds inputs     let parameters ← Kant.Dom.decFields parameters     let transformations ← Kant.Dom.decIds transformations     let outputs ← Kant.Dom.decIds outputs     let claimRefs ← Kant.Dom.decIds claimRefs     let evidenceRefs ← Kant.Dom.decIds evidenceRefs     let proofRefs ← Kant.Dom.decIds proofRefs     let errorRefs ← Kant.Dom.decIds errorRefs     let value ← Kant.Dom.decValue value     let provenance ← Kant.Dom.decProv provenance     instAlternativeOption.pure         { id := id, kind := kind, name := name, value := value, claim := claim, inputs := inputs,           parameters := parameters, transformations := transformations, outputs := outputs,           claimRefs := claimRefs, evidenceRefs := evidenceRefs, proofRefs := proofRefs,           errorRefs := errorRefs, truth := truth, provenance := provenance }","O7;13;source_systemS5;lean411;source_fileS37;RequestProject/Kant/Domain/Table.lean13;source_formatS4;text11;imported_atI+0;14;transformed_atI+0;15;transformationsL0;13;parent_objectS0;","c6fc6c12e518688fa2b33819362f3ee4747c967e79202555cebae3eb664db9ca"
"obj.Kant.Sheaf.DaslType.harmonicPath.elim","def","Kant.Sheaf.DaslType.harmonicPath.elim","ASSERTED","{motive : Kant.Sheaf.DaslType → Sort u} →   (t : Kant.Sheaf.DaslType) → Eq t.ctorIdx 4 → motive Kant.Sheaf.DaslType.harmonicPath → motive t","L0;","O0;","L0;","L0;","L0;","L0;","L0;","L0;","S139;{motive : Kant.Sheaf.DaslType → Sort u} →   (t : Kant.Sheaf.DaslType) → Eq t.ctorIdx 4 → motive Kant.Sheaf.DaslType.harmonicPath → motive t","O7;13;source_systemS5;lean411;source_fileS30;RequestProject/Kant/Sheaf.lean13;source_formatS4;text11;imported_atI+0;14;transformed_atI+32;15;transformationsL0;13;parent_objectS0;","ef7410a99a1a49248dc7fef88588947f6d709c409a6ea92a90bf903fd597d4c5"
"obj.Kant.Strip.still.eq_1","theorem","Kant.Strip.still.eq_1","PROVEN","∀ (t : Kant.Meme.Template) (f : Kant.Sneakernet.Frame),   Eq (Kant.Strip.still t f) (Kant.Meme.render t (Kant.Strip.ofFrame f))","L0;","O0;","L0;","L0;","L1;S27;claim.Kant.Strip.still.eq_1","L0;","L1;S27;proof.Kant.Strip.still.eq_1","L0;","S127;∀ (t : Kant.Meme.Template) (f : Kant.Sneakernet.Frame),   Eq (Kant.Strip.still t f) (Kant.Meme.render t (Kant.Strip.ofFrame f))","O7;13;source_systemS5;lean411;source_fileS30;RequestProject/Kant/Strip.lean13;source_formatS4;text11;imported_atI+0;14;transformed_atI+0;15;transformationsL0;13;parent_objectS0;","276e1f6edfc81aff8f8529936603b6b45aec060ad61047c565aace1a48c87a7a"
"obj.Kant.Feed.instReprRow.repr","def","Kant.Feed.instReprRow.repr","ASSERTED","Kant.Feed.Row → Nat → Std.Format","L0;","O0;","L0;","L0;","L0;","L0;","L0;","L0;","S32;Kant.Feed.Row → Nat → Std.Format","O7;13;source_systemS5;lean411;source_fileS29;RequestProject/Kant/Feed.lean13;source_formatS4;text11;imported_atI+0;14;transformed_atI+66;15;transformationsL0;13;parent_objectS0;","cbe1cb029b6544ac0a4a309901798caf2d79b5eeccf791021fbd56b44210ff25"
"obj.Kant.Uucp.Carrier.altText.elim","def","Kant.Uucp.Carrier.altText.elim","ASSERTED","{motive : Kant.Uucp.Carrier → Sort u} →   (t : Kant.Uucp.Carrier) → Eq t.ctorIdx 5 → motive Kant.Uucp.Carrier.altText → motive t","L0;","O0;","L0;","L0;","L0;","L0;","L0;","L0;","S128;{motive : Kant.Uucp.Carrier → Sort u} →   (t : Kant.Uucp.Carrier) → Eq t.ctorIdx 5 → motive Kant.Uucp.Carrier.altText → motive t","O7;13;source_systemS5;lean411;source_fileS29;RequestProject/Kant/Uucp.lean13;source_formatS4;text11;imported_atI+0;14;transformed_atI+68;15;transformationsL0;13;parent_objectS0;","4e49357794323af0975bec3c48ee40a34821da5dc76c70667bd9ea9e6e961ad9"
"obj.Kant.CardDebug.explain_injective","theorem","Kant.CardDebug.explain_injective","PROVEN","∀ {u v : Kant.CardDebug.Pairing}, Eq (Kant.CardDebug.explain u) (Kant.CardDebug.explain v) → Eq u v","L0;","O0;","L0;","L0;","L1;S38;claim.Kant.CardDebug.explain_injective","L0;","L1;S38;proof.Kant.CardDebug.explain_injective","L0;","S99;∀ {u v : Kant.CardDebug.Pairing}, Eq (Kant.CardDebug.explain u) (Kant.CardDebug.explain v) → Eq u v","O7;13;source_systemS5;lean411;source_fileS34;RequestProject/Kant/CardDebug.lean13;source_formatS4;text11;imported_atI+0;14;transformed_atI+327;15;transformationsL0;13;parent_objectS0;","d88f7b8a17440cc6a1968884105edbf145047f2150e63f18c7777efb8084ede3"
"obj.Kant.Codec.Tests.gSample","def","Kant.Codec.Tests.gSample","ASSERTED","Kant.Codec.Val","L0;","O0;","L0;","L0;","L0;","L0;","L0;","L0;","S14;Kant.Codec.Val","O7;13;source_systemS5;lean411;source_fileS36;RequestProject/Kant/Codec/Tests.lean13;source_formatS4;text11;imported_atI+0;14;transformed_atI+276;15;transformationsL0;13;parent_objectS0;","2cdc1390d6800dc4ee87f8a95e2dcec75614d256ec7f54cad37aec807a6c89cd"
"obj.Kant.Dom.instInhabitedRel","def","Kant.Dom.instInhabitedRel","ASSERTED","Inhabited Kant.Dom.Rel","L0;","O0;","L0;","L0;","L0;","L0;","L0;","L0;","S22;Inhabited Kant.Dom.Rel","O7;13;source_systemS5;lean411;source_fileS37;RequestProject/Kant/Domain/Model.lean13;source_formatS4;text11;imported_atI+0;14;transformed_atI+70;15;transformationsL0;13;parent_objectS0;","42e6d0ee1083cf27b2325e3eddfcde64fb1ef328c8a55fed6d6532513c8c742a"
"obj.Kant.Connectivity.Reachability.configured","def","Kant.Connectivity.Reachability.configured","ASSERTED","Kant.Connectivity.Reachability → List Char","L0;","O0;","L0;","L0;","L0;","L0;","L0;","L0;","S42;Kant.Connectivity.Reachability → List Char","O7;13;source_systemS5;lean411;source_fileS37;RequestProject/Kant/Connectivity.lean13;source_formatS4;text11;imported_atI+0;14;transformed_atI+52;15;transformationsL0;13;parent_objectS0;","eb628d2f6ee76e20ee82c1515bf82bb3161635e5984befb6f8555100dfd4c2f9"
"obj.Kant.Cli.parseArgv.match_1","def","Kant.Cli.parseArgv.match_1","ASSERTED","(motive : List (List Char) → Sort u_1) →   (x : List (List Char)) →     ((w : List Char) → motive (List.cons w List.nil)) →       ((w x : List Char) → motive (List.cons w (List.cons x List.nil))) →         ((x : List (List Char)) → motive x) → motive x","L0;","O0;","L0;","L0;","L0;","L0;","L0;","L0;","S252;(motive : List (List Char) → Sort u_1) →   (x : List (List Char)) →     ((w : List Char) → motive (List.cons w List.nil)) →       ((w x : List Char) → motive (List.cons w (List.cons x List.nil))) →         ((x : List (List Char)) → motive x) → motive x","O7;13;source_systemS5;lean411;source_fileS28;RequestProject/Kant/Cli.lean13;source_formatS4;text11;imported_atI+0;14;transformed_atI+0;15;transformationsL0;13;parent_objectS0;","5e8ad21909b9bca74a5fe469d7cfb8dcd5602a2398912d2d4eefdcf1b4536d32"
"obj.Kant.Codec.readDigits.eq_2","theorem","Kant.Codec.readDigits.eq_2","PROVEN","∀ (acc : Nat) (d : Char) (rest' : List Char),   Eq (Kant.Codec.readDigits acc (List.cons d rest'))     (Kant.Codec.readDigits.match_1 (fun x => Prod Nat (List Char)) (Kant.Codec.digitVal d)       (fun d => Kant.Codec.readDigits (instHAdd.hAdd (instHMul.hMul acc 10) d) rest') fun _ =>       { fst := acc, snd := List.cons d rest' })","L0;","O0;","L0;","L0;","L1;S32;claim.Kant.Codec.readDigits.eq_2","L0;","L1;S32;proof.Kant.Codec.readDigits.eq_2","L0;","S332;∀ (acc : Nat) (d : Char) (rest' : List Char),   Eq (Kant.Codec.readDigits acc (List.cons d rest'))     (Kant.Codec.readDigits.match_1 (fun x => Prod Nat (List Char)) (Kant.Codec.digitVal d)       (fun d => Kant.Codec.readDigits (instHAdd.hAdd (instHMul.hMul acc 10) d) rest') fun _ =>       { fst := acc, snd := List.cons d rest' })","O7;13;source_systemS5;lean411;source_fileS35;RequestProject/Kant/Codec/Yaml.lean13;source_formatS4;text11;imported_atI+0;14;transformed_atI+0;15;transformationsL0;13;parent_objectS0;","ce7228b4ef0502f5421c722e1a9e4c8204da43e32de7952f06d41cf59191663c"
"obj.Kant.Dom.instDecidableEqDecl.decEq","def","Kant.Dom.instDecidableEqDecl.decEq","ASSERTED","(x x_1 : Kant.Dom.Decl) → Decidable (Eq x x_1)","L0;","O0;","L0;","L0;","L0;","L0;","L0;","L0;","S46;(x x_1 : Kant.Dom.Decl) → Decidable (Eq x x_1)","O7;13;source_systemS5;lean411;source_fileS39;RequestProject/Kant/Domain/Catalog.lean13;source_formatS4;text11;imported_atI+0;14;transformed_atI+57;15;transformationsL0;13;parent_objectS0;","92994649b56bdf3e7034fda2355341e109eb0010c561b638b988ab6b181e4cdb"
"obj.Kant.Codec.Obj.casesOn","def","Kant.Codec.Obj.casesOn","ASSERTED","{motive : Kant.Codec.Obj → Sort u} →   (t : Kant.Codec.Obj) →     ((id version kind : List Char) →         (inputs : List Kant.Codec.Inp) →           (assumptions : List Kant.Codec.Val) →             (parameters : List (Prod (List Char) Kant.Codec.Val)) →               (procedure : List Char) →                 (intermediate : List Kant.Codec.Val) →                   (outputs : List Kant.Codec.Outp) →                     (claims certificates : List Kant.Codec.Val) →                       (errors warnings : List Kant.Codec.Err) →                         (provenance : Option Kant.Codec.Prov) →                           (metadata : List (Prod (List Char) Kant.Codec.Val)) →                             (sourceFormat : Kant.Codec.Fmt) →                               (sourceData : List Char) →                                 (status : Kant.Codec.Status) →                                   (extensions : List (Prod (List Char) Kant.Codec.Val)) →                                     motive                                       { id := id, version := version, kind := kind,                                         inputs := inputs, assumptions := assumptions,                                         parameters := parameters, procedure := procedure,                                         intermediate := intermediate, outputs := outputs,                                         claims := claims, certificates := certificates,                                         errors := errors, warnings := warnings,                                         provenance := provenance, metadata := metadata,                                         sourceFormat := sourceFormat, sourceData := sourceData,                                         status := status, extensions := extensions }) →       motive t","L2;S18;obj.Kant.Codec.InpS21;obj.Kant.Codec.Status","O0;","L0;","L0;","L0;","L0;","L0;","L0;","S1797;{motive : Kant.Codec.Obj → Sort u} →   (t : Kant.Codec.Obj) →     ((id version kind : List Char) →         (inputs : List Kant.Codec.Inp) →           (assumptions : List Kant.Codec.Val) →             (parameters : List (Prod (List Char) Kant.Codec.Val)) →               (procedure : List Char) →                 (intermediate : List Kant.Codec.Val) →                   (outputs : List Kant.Codec.Outp) →                     (claims certificates : List Kant.Codec.Val) →                       (errors warnings : List Kant.Codec.Err) →                         (provenance : Option Kant.Codec.Prov) →                           (metadata : List (Prod (List Char) Kant.Codec.Val)) →                             (sourceFormat : Kant.Codec.Fmt) →                               (sourceData : List Char) →                                 (status : Kant.Codec.Status) →                                   (extensions : List (Prod (List Char) Kant.Codec.Val)) →                                     motive                                       { id := id, version := version, kind := kind,                                         inputs := inputs, assumptions := assumptions,                                         parameters := parameters, procedure := procedure,                                         intermediate := intermediate, outputs := outputs,                                         claims := claims, certificates := certificates,                                         errors := errors, warnings := warnings,                                         provenance := provenance, metadata := metadata,                                         sourceFormat := sourceFormat, sourceData := sourceData,                                         status := status, extensions := extensions }) →       motive t","O7;13;source_systemS5;lean411;source_fileS36;RequestProject/Kant/Codec/Model.lean13;source_formatS4;text11;imported_atI+0;14;transformed_atI+449;15;transformationsL0;13;parent_objectS0;","0e744e0f9086a31d1864441e87dab03a345c99426871fb678fce2f36bfaf53c4"
"obj.Kant.Rendezvous.Invite.noConfusion","def","Kant.Rendezvous.Invite.noConfusion","ASSERTED","{P : Sort u} →   {t t' : Kant.Rendezvous.Invite} → Eq t t' → Kant.Rendezvous.Invite.noConfusionType P t t'","L1;S26;obj.Kant.Rendezvous.Invite","O0;","L0;","L0;","L0;","L0;","L0;","L0;","S106;{P : Sort u} →   {t t' : Kant.Rendezvous.Invite} → Eq t t' → Kant.Rendezvous.Invite.noConfusionType P t t'","O7;13;source_systemS5;lean411;source_fileS35;RequestProject/Kant/Rendezvous.lean13;source_formatS4;text11;imported_atI+0;14;transformed_atI+438;15;transformationsL0;13;parent_objectS0;","6ffad31900967baeece70c1ee09bc07133470133ba059b68c13ab9a0c953e11b"
"obj.Kant.Dom.coverageReport","def","Kant.Dom.coverageReport","ASSERTED","Kant.Dom.Domain → List Char","L1;S20;obj.Kant.Dom.Summary","O0;","L0;","L0;","L0;","L0;","L0;","L0;","S27;Kant.Dom.Domain → List Char","O7;13;source_systemS5;lean411;source_fileS39;RequestProject/Kant/Domain/Package.lean13;source_formatS4;text11;imported_atI+0;14;transformed_atI+117;15;transformationsL0;13;parent_objectS0;","3e9d57d7808db5320d01b3f03a59dd75061d028fea1e5e3c1faee613f2ad198f"
"obj.Kant.Text.isAscii_joinFields","theorem","Kant.Text.isAscii_joinFields","PROVEN","∀ {fs : List (List Char)},   (∀ (f : List Char), List.instMembership.mem fs f → Kant.Text.IsAscii f) →     Kant.Text.IsAscii (Kant.Text.joinFields fs)","L0;","O0;","L0;","L0;","L1;S34;claim.Kant.Text.isAscii_joinFields","L0;","L1;S34;proof.Kant.Text.isAscii_joinFields","L0;","S150;∀ {fs : List (List Char)},   (∀ (f : List Char), List.instMembership.mem fs f → Kant.Text.IsAscii f) →     Kant.Text.IsAscii (Kant.Text.joinFields fs)","O7;13;source_systemS5;lean411;source_fileS29;RequestProject/Kant/Text.lean13;source_formatS4;text11;imported_atI+0;14;transformed_atI+236;15;transformationsL0;13;parent_objectS0;","bbc49082a48cbcacdf7d313cb572d8dff597dd9f158ba73213db66fe2c7a54a5"
"obj.Kant.Rendezvous.Announce.mk.sizeOf_spec","theorem","Kant.Rendezvous.Announce.mk.sizeOf_spec","PROVEN","∀ (peer : List Char) (seq : Nat) (addrs : List Kant.Rendezvous.Address),   Eq (Kant.Rendezvous.Announce._sizeOf_inst.sizeOf { peer := peer, seq := seq, addrs := addrs })     (instHAdd.hAdd       (instHAdd.hAdd (instHAdd.hAdd 1 ((List._sizeOf_inst Char).sizeOf peer))         (instSizeOfNat.sizeOf seq))       ((List._sizeOf_inst Kant.Rendezvous.Address).sizeOf addrs))","L0;","O0;","L0;","L0;","L1;S45;claim.Kant.Rendezvous.Announce.mk.sizeOf_spec","L0;","L1;S45;proof.Kant.Rendezvous.Announce.mk.sizeOf_spec","L0;","S368;∀ (peer : List Char) (seq : Nat) (addrs : List Kant.Rendezvous.Address),   Eq (Kant.Rendezvous.Announce._sizeOf_inst.sizeOf { peer := peer, seq := seq, addrs := addrs })     (instHAdd.hAdd       (instHAdd.hAdd (instHAdd.hAdd 1 ((List._sizeOf_inst Char).sizeOf peer))         (instSizeOfNat.sizeOf seq))       ((List._sizeOf_inst Kant.Rendezvous.Address).sizeOf addrs))","O7;13;source_systemS5;lean411;source_fileS35;RequestProject/Kant/Rendezvous.lean13;source_formatS4;text11;imported_atI+0;14;transformed_atI+0;15;transformationsL0;13;parent_objectS0;","def9b8353772e3dc757bf82dfe29facf37d79cdd69d21f9a8de659223a449f0d"
"obj.Kant.Sneakernet.Channel.noConfusion","def","Kant.Sneakernet.Channel.noConfusion","ASSERTED","{P : Sort v✝} →   {x y : Kant.Sneakernet.Channel} → Eq x y → Kant.Sneakernet.Channel.noConfusionType P x y","L0;","O0;","L0;","L0;","L0;","L0;","L0;","L0;","S106;{P : Sort v✝} →   {x y : Kant.Sneakernet.Channel} → Eq x y → Kant.Sneakernet.Channel.noConfusionType P x y","O7;13;source_systemS5;lean411;source_fileS35;RequestProject/Kant/Sneakernet.lean13;source_formatS4;text11;imported_atI+0;14;transformed_atI+35;15;transformationsL0;13;parent_objectS0;","2956aa6542d8f80c46a46fba518e628f2d5946a3f5bbc53225c31a331f3f3b05"
"obj.Kant.Clipboard.toPaste_witness_field","theorem","Kant.Clipboard.toPaste_witness_field","PROVEN","∀ {i t c ts r w : Kant.Bytes.Blob} {p : Kant.Paste},   Eq       (Kant.Clipboard.toPaste         { tag := Kant.Clipboard.tagPaste,           fields :=             List.cons i               (List.cons t (List.cons c (List.cons ts (List.cons r (List.cons w List.nil))))) })       (Option.some p) →     Eq p.witness (Kant.Text.asciiChars w)","L0;","O0;","L0;","L0;","L1;S42;claim.Kant.Clipboard.toPaste_witness_field","L0;","L1;S42;proof.Kant.Clipboard.toPaste_witness_field","L0;","S336;∀ {i t c ts r w : Kant.Bytes.Blob} {p : Kant.Paste},   Eq       (Kant.Clipboard.toPaste         { tag := Kant.Clipboard.tagPaste,           fields :=             List.cons i               (List.cons t (List.cons c (List.cons ts (List.cons r (List.cons w List.nil))))) })       (Option.some p) →     Eq p.witness (Kant.Text.asciiChars w)","O7;13;source_systemS5;lean411;source_fileS34;RequestProject/Kant/Clipboard.lean13;source_formatS4;text11;imported_atI+0;14;transformed_atI+193;15;transformationsL0;13;parent_objectS0;","2ba41905679cb9b942d3d7dc1b0c311e1a36bc0e199f509be5dfbb50464bfcf0"
"obj.Kant.Rendezvous.IsBest.casesOn","def","Kant.Rendezvous.IsBest.casesOn","ASSERTED","{r : Kant.Rendezvous.Roster} →   {p : List Char} →     {a : Kant.Rendezvous.Announce} →       {motive : Kant.Rendezvous.IsBest r p a → Sort u} →         (t : Kant.Rendezvous.IsBest r p a) →           ((mem : List.instMembership.mem r a) →               (peer : Eq a.peer p) →                 (greatest :                     ∀ (b : Kant.Rendezvous.Announce),                       List.instMembership.mem r b → Eq b.peer p → instLENat.le b.seq a.seq) →                   motive ⋯) →             motive t","L0;","O0;","L0;","L0;","L0;","L0;","L0;","L0;","S502;{r : Kant.Rendezvous.Roster} →   {p : List Char} →     {a : Kant.Rendezvous.Announce} →       {motive : Kant.Rendezvous.IsBest r p a → Sort u} →         (t : Kant.Rendezvous.IsBest r p a) →           ((mem : List.instMembership.mem r a) →               (peer : Eq a.peer p) →                 (greatest :                     ∀ (b : Kant.Rendezvous.Announce),                       List.instMembership.mem r b → Eq b.peer p → instLENat.le b.seq a.seq) →                   motive ⋯) →             motive t","O7;13;source_systemS5;lean411;source_fileS35;RequestProject/Kant/Rendezvous.lean13;source_formatS4;text11;imported_atI+0;14;transformed_atI+344;15;transformationsL0;13;parent_objectS0;","1ad2139a2281f7eae65d50fab44ecddd45e89fc08253d2849b88d92cae576337"
"obj.Kant.Codec.Difference.explanation","def","Kant.Codec.Difference.explanation","ASSERTED","Kant.Codec.Difference → List Char","L0;","O0;","L0;","L0;","L0;","L0;","L0;","L0;","S33;Kant.Codec.Difference → List Char","O7;13;source_systemS5;lean411;source_fileS40;RequestProject/Kant/Codec/Reconcile.lean13;source_formatS4;text11;imported_atI+0;14;transformed_atI+49;15;transformationsL0;13;parent_objectS0;","6d3e8e198e499fa43981d8787836a6f7580ec2e6862623b21a87b8243faa8f05"
"obj.Kant.Codec.Prov.parent","def","Kant.Codec.Prov.parent","ASSERTED","Kant.Codec.Prov → List Char","L0;","O0;","L0;","L0;","L0;","L0;","L0;","L0;","S27;Kant.Codec.Prov → List Char","O7;13;source_systemS5;lean411;source_fileS36;RequestProject/Kant/Codec/Model.lean13;source_formatS4;text11;imported_atI+0;14;transformed_atI+329;15;transformationsL0;13;parent_objectS0;","1466e42ab5a84a375e675b249439532cddf18391bd491e75a50b7ec55a85bdba"
"obj.Kant.Wasm.Decode.itemsDec.match_5","def","Kant.Wasm.Decode.itemsDec.match_5","ASSERTED","(motive : Nat → Kant.Wasm.Decode.Bytes → Sort u_1) →   (x : Nat) →     (x_1 : Kant.Wasm.Decode.Bytes) →       ((bs : Kant.Wasm.Decode.Bytes) → motive 0 bs) →         ((n : Nat) → (bs : Kant.Wasm.Decode.Bytes) → motive n.succ bs) → motive x x_1","L0;","O0;","L0;","L0;","L0;","L0;","L0;","L0;","S243;(motive : Nat → Kant.Wasm.Decode.Bytes → Sort u_1) →   (x : Nat) →     (x_1 : Kant.Wasm.Decode.Bytes) →       ((bs : Kant.Wasm.Decode.Bytes) → motive 0 bs) →         ((n : Nat) → (bs : Kant.Wasm.Decode.Bytes) → motive n.succ bs) → motive x x_1","O7;13;source_systemS5;lean411;source_fileS31;RequestProject/Wasm/Decode.lean13;source_formatS4;text11;imported_atI+0;14;transformed_atI+0;15;transformationsL0;13;parent_objectS0;","7d1c0ed9c26bb240024319c7aa89abc38c3821f91b346196f9a50558629fe319"
"obj.Kant.Clipboard.Receipt.casesOn","def","Kant.Clipboard.Receipt.casesOn","ASSERTED","{motive : Kant.Clipboard.Receipt → Sort u} →   (t : Kant.Clipboard.Receipt) →     ((witness : List Char) →         (cid bytes credits : Nat) →           motive { witness := witness, cid := cid, bytes := bytes, credits := credits }) →       motive t","L1;S26;obj.Kant.Clipboard.Receipt","O0;","L0;","L0;","L0;","L0;","L0;","L0;","S248;{motive : Kant.Clipboard.Receipt → Sort u} →   (t : Kant.Clipboard.Receipt) →     ((witness : List Char) →         (cid bytes credits : Nat) →           motive { witness := witness, cid := cid, bytes := bytes, credits := credits }) →       motive t","O7;13;source_systemS5;lean411;source_fileS34;RequestProject/Kant/Clipboard.lean13;source_formatS4;text11;imported_atI+0;14;transformed_atI+281;15;transformationsL0;13;parent_objectS0;","54bd96ec1d3f4f16d71a39de99212fe9767d7f08cd11696095a73b9d8b208b13"
"obj.Kant.Dasl.instRightCommutativeNatHXorHModHPowOfNat_requestProject","theorem","Kant.Dasl.instRightCommutativeNatHXorHModHPowOfNat_requestProject","PROVEN","RightCommutative fun a c => instHXorOfXorOp.hXor a (instHMod.hMod c (instHPow.hPow 2 48))","L0;","O0;","L0;","L0;","L1;S71;claim.Kant.Dasl.instRightCommutativeNatHXorHModHPowOfNat_requestProject","L0;","L1;S71;proof.Kant.Dasl.instRightCommutativeNatHXorHModHPowOfNat_requestProject","L0;","S89;RightCommutative fun a c => instHXorOfXorOp.hXor a (instHMod.hMod c (instHPow.hPow 2 48))","O7;13;source_systemS5;lean411;source_fileS29;RequestProject/Kant/Dasl.lean13;source_formatS4;text11;imported_atI+0;14;transformed_atI+381;15;transformationsL0;13;parent_objectS0;","50e28fcfef6065cb6c2ead47c8362d7832a0751675e132b19de907226f6e175e"
"obj.Kant.Dom.objectOfRow","def","Kant.Dom.objectOfRow","ASSERTED","List (List Char) → Option Kant.Dom.DomObj","L0;","O0;","L0;","L0;","L0;","L0;","L0;","L0;","S41;List (List Char) → Option Kant.Dom.DomObj","O7;13;source_systemS5;lean411;source_fileS37;RequestProject/Kant/Domain/Table.lean13;source_formatS4;text11;imported_atI+0;14;transformed_atI+315;15;transformationsL0;13;parent_objectS0;","e13e86ff94903f78f39fb7d0532059a352788227e898400eee734e9bd81eb549"
"obj.Kant.Sneakernet.Channel.qr.elim","def","Kant.Sneakernet.Channel.qr.elim","ASSERTED","{motive : Kant.Sneakernet.Channel → Sort u} →   (t : Kant.Sneakernet.Channel) → Eq t.ctorIdx 1 → motive Kant.Sneakernet.Channel.qr → motive t","L0;","O0;","L0;","L0;","L0;","L0;","L0;","L0;","S141;{motive : Kant.Sneakernet.Channel → Sort u} →   (t : Kant.Sneakernet.Channel) → Eq t.ctorIdx 1 → motive Kant.Sneakernet.Channel.qr → motive t","O7;13;source_systemS5;lean411;source_fileS35;RequestProject/Kant/Sneakernet.lean13;source_formatS4;text11;imported_atI+0;14;transformed_atI+37;15;transformationsL0;13;parent_objectS0;","6fff93f2e3a4dbce68edc9764a9cdfe1501c2deb30ed79701259ac9183d7e0f3"
"obj.Kant.SiteCard.readChatCard","def","Kant.SiteCard.readChatCard","ASSERTED","List Char → Option Kant.SiteCard.Card","L1;S18;obj.Kant.Relay.Msg","O0;","L0;","L0;","L0;","L0;","L0;","L0;","S37;List Char → Option Kant.SiteCard.Card","O7;13;source_systemS5;lean411;source_fileS33;RequestProject/Kant/SiteCard.lean13;source_formatS4;text11;imported_atI+0;14;transformed_atI+661;15;transformationsL0;13;parent_objectS0;","dfbb722dddd34278ed9765a2223358db85fd24b5ac44e39eefbedcc4e166a4f1"
"obj.Kant.Clipboard.Envelope.encode","def","Kant.Clipboard.Envelope.encode","ASSERTED","Kant.Clipboard.Envelope → List Char","L0;","O0;","L0;","L0;","L0;","L0;","L0;","L0;","S35;Kant.Clipboard.Envelope → List Char","O7;13;source_systemS5;lean411;source_fileS34;RequestProject/Kant/Clipboard.lean13;source_formatS4;text11;imported_atI+0;14;transformed_atI+51;15;transformationsL0;13;parent_objectS0;","a409964e41b0780b8f3225d811951d98585338181eba1631daaeffa862e3f0fe"
"obj.Kant.Codec.importReport_keeps_errors","theorem","Kant.Codec.importReport_keeps_errors","PROVEN","∀ (declared : Option Kant.Codec.Fmt) (s : List Char),   Eq (Kant.Codec.importReport declared s).errors     (instHAppendOfAppend.hAppend (Kant.Codec.importReport declared s).object.errors       (Kant.Codec.importReport declared s).object.warnings)","L0;","O0;","L0;","L0;","L1;S42;claim.Kant.Codec.importReport_keeps_errors","L0;","L1;S42;proof.Kant.Codec.importReport_keeps_errors","L0;","S246;∀ (declared : Option Kant.Codec.Fmt) (s : List Char),   Eq (Kant.Codec.importReport declared s).errors     (instHAppendOfAppend.hAppend (Kant.Codec.importReport declared s).object.errors       (Kant.Codec.importReport declared s).object.warnings)","O7;13;source_systemS5;lean411;source_fileS39;RequestProject/Kant/Codec/Exchange.lean13;source_formatS4;text11;imported_atI+0;14;transformed_atI+215;15;transformationsL0;13;parent_objectS0;","6d74ef9c7cb8edcf9eb13a5c924f73145cb9bef220101f2d76162a1dfc856a22"
"obj.Kant.Connectivity.diagnose_noRoom","theorem","Kant.Connectivity.diagnose_noRoom","PROVEN","∀ {a b : Kant.Connectivity.Client},   Or (Eq a.room List.nil) (Eq b.room List.nil) →     Eq (Kant.Connectivity.diagnose a b) Kant.Connectivity.Verdict.noRoom","L0;","O0;","L0;","L0;","L1;S39;claim.Kant.Connectivity.diagnose_noRoom","L0;","L1;S39;proof.Kant.Connectivity.diagnose_noRoom","L0;","S157;∀ {a b : Kant.Connectivity.Client},   Or (Eq a.room List.nil) (Eq b.room List.nil) →     Eq (Kant.Connectivity.diagnose a b) Kant.Connectivity.Verdict.noRoom","O7;13;source_systemS5;lean411;source_fileS37;RequestProject/Kant/Connectivity.lean13;source_formatS4;text11;imported_atI+0;14;transformed_atI+226;15;transformationsL0;13;parent_objectS0;","b63a3440311fa9b7beff6ab473f61ac45e4c83c69021e67dd685def720a4ddca"
"obj.Kant.Codec.recover.eq_3","theorem","Kant.Codec.recover.eq_3","PROVEN","∀ (n : Int), Eq (Kant.Codec.recover (Kant.Codec.Val.int n)) (Option.some (Kant.Codec.Ipdl.int n))","L0;","O0;","L0;","L0;","L1;S29;claim.Kant.Codec.recover.eq_3","L0;","L1;S29;proof.Kant.Codec.recover.eq_3","L0;","S97;∀ (n : Int), Eq (Kant.Codec.recover (Kant.Codec.Val.int n)) (Option.some (Kant.Codec.Ipdl.int n))","O7;13;source_systemS5;lean411;source_fileS35;RequestProject/Kant/Codec/Ipdl.lean13;source_formatS4;text11;imported_atI+0;14;transformed_atI+0;15;transformationsL0;13;parent_objectS0;","831ef965e2c0efa8c1d0eaa51751c93b80367150f6b658b6276b8e1a16032d99"
"obj.Kant.Dom.readTable_tableText","theorem","Kant.Dom.readTable_tableText","PROVEN","∀ (header : List (List Char)) (rows : List (List (List Char))),   Eq (Kant.Dom.readTable (Kant.Dom.tableText header rows))     (Option.some { fst := header, snd := rows })","L0;","O0;","L0;","L0;","L1;S34;claim.Kant.Dom.readTable_tableText","L0;","L1;S34;proof.Kant.Dom.readTable_tableText","L0;","S171;∀ (header : List (List Char)) (rows : List (List (List Char))),   Eq (Kant.Dom.readTable (Kant.Dom.tableText header rows))     (Option.some { fst := header, snd := rows })","O7;13;source_systemS5;lean411;source_fileS37;RequestProject/Kant/Domain/Table.lean13;source_formatS4;text11;imported_atI+0;14;transformed_atI+197;15;transformationsL0;13;parent_objectS0;","611ae7e1bf4e79317340197f7161e3fe4b4e6571153a16f3de07d100cb66d140"
"obj.Kant.Codec.embedFields","def","Kant.Codec.embedFields","ASSERTED","List (Prod (List Char) Kant.Codec.Val) → List (Prod (List Char) Kant.Codec.Ipdl)","L0;","O0;","L0;","L0;","L0;","L0;","L0;","L0;","S80;List (Prod (List Char) Kant.Codec.Val) → List (Prod (List Char) Kant.Codec.Ipdl)","O7;13;source_systemS5;lean411;source_fileS35;RequestProject/Kant/Codec/Ipdl.lean13;source_formatS4;text11;imported_atI+0;14;transformed_atI+186;15;transformationsL0;13;parent_objectS0;","5376a00f57363545f4f8a965711ec11ad5132565ea709427e92446165a44e15c"
"obj.Kant.CodeMovie.Circuit.recOn","def","Kant.CodeMovie.Circuit.recOn","ASSERTED","{motive : Kant.CodeMovie.Circuit → Sort u} →   (t : Kant.CodeMovie.Circuit) →     ((i : Nat) → motive (Kant.CodeMovie.Circuit.inp i)) →       ((b : Bool) → motive (Kant.CodeMovie.Circuit.const b)) →         ((c : Kant.CodeMovie.Circuit) → motive c → motive c.not) →           ((c₁ c₂ : Kant.CodeMovie.Circuit) → motive c₁ → motive c₂ → motive (c₁.and c₂)) →             ((c₁ c₂ : Kant.CodeMovie.Circuit) → motive c₁ → motive c₂ → motive (c₁.or c₂)) →               motive t","L0;","O0;","L0;","L0;","L0;","L0;","L0;","L0;","S473;{motive : Kant.CodeMovie.Circuit → Sort u} →   (t : Kant.CodeMovie.Circuit) →     ((i : Nat) → motive (Kant.CodeMovie.Circuit.inp i)) →       ((b : Bool) → motive (Kant.CodeMovie.Circuit.const b)) →         ((c : Kant.CodeMovie.Circuit) → motive c → motive c.not) →           ((c₁ c₂ : Kant.CodeMovie.Circuit) → motive c₁ → motive c₂ → motive (c₁.and c₂)) →             ((c₁ c₂ : Kant.CodeMovie.Circuit) → motive c₁ → motive c₂ → motive (c₁.or c₂)) →               motive t","O7;13;source_systemS5;lean411;source_fileS34;RequestProject/Kant/CodeMovie.lean13;source_formatS4;text11;imported_atI+0;14;transformed_atI+155;15;transformationsL0;13;parent_objectS0;","aa8f055ad5af4336ddddb2c840d86899289300729da358406b2c7cdb9ce99243"
"obj.Kant.Feed.Row.noConfusion","def","Kant.Feed.Row.noConfusion","ASSERTED","{P : Sort u} → {t t' : Kant.Feed.Row} → Eq t t' → Kant.Feed.Row.noConfusionType P t t'","L0;","O0;","L0;","L0;","L0;","L0;","L0;","L0;","S86;{P : Sort u} → {t t' : Kant.Feed.Row} → Eq t t' → Kant.Feed.Row.noConfusionType P t t'","O7;13;source_systemS5;lean411;source_fileS29;RequestProject/Kant/Feed.lean13;source_formatS4;text11;imported_atI+0;14;transformed_atI+46;15;transformationsL0;13;parent_objectS0;","8083b5bd58813a1b1aceb8d168fc82a04fc7d7f705a0f8619cf995bc35944126"
"obj.Kant.Clipboard.Receipt","inductive","Kant.Clipboard.Receipt","ASSERTED","Type","L0;","O0;","L0;","L0;","L0;","L0;","L0;","L0;","S4;Type","O7;13;source_systemS5;lean411;source_fileS34;RequestProject/Kant/Clipboard.lean13;source_formatS4;text11;imported_atI+0;14;transformed_atI+281;15;transformationsL0;13;parent_objectS0;","35e998fb94de2730eb58c5af11ec1453b35c0adda65399f618cfa2e546ce6e99"
"obj.Kant.Dom.roundtripReportVal","def","Kant.Dom.roundtripReportVal","ASSERTED","Kant.Dom.Domain → Kant.Codec.Val","L0;","O0;","L0;","L0;","L0;","L0;","L0;","L0;","S32;Kant.Dom.Domain → Kant.Codec.Val","O7;13;source_systemS5;lean411;source_fileS39;RequestProject/Kant/Domain/Package.lean13;source_formatS4;text11;imported_atI+0;14;transformed_atI+59;15;transformationsL0;13;parent_objectS0;","d9d429028e8dd8aad77314bb4f1460d594bf98eae38499cc96f2de2d7c519a17"
"obj.Kant.Dom.summary_stable","theorem","Kant.Dom.summary_stable","PROVEN","∀ (f : Kant.Codec.Fmt) (d : Kant.Dom.Domain),   Eq (Option.map Kant.Dom.summary (Kant.Dom.parse f (Kant.Dom.emit f d)))     (Option.some (Kant.Dom.summary d))","L1;S20;obj.Kant.Dom.Summary","O0;","L0;","L0;","L1;S29;claim.Kant.Dom.summary_stable","L0;","L1;S29;proof.Kant.Dom.summary_stable","L0;","S158;∀ (f : Kant.Codec.Fmt) (d : Kant.Dom.Domain),   Eq (Option.map Kant.Dom.summary (Kant.Dom.parse f (Kant.Dom.emit f d)))     (Option.some (Kant.Dom.summary d))","O7;13;source_systemS5;lean411;source_fileS38;RequestProject/Kant/Domain/Ledger.lean13;source_formatS4;text11;imported_atI+0;14;transformed_atI+283;15;transformationsL0;13;parent_objectS0;","4938a0532253f9e6ef208b426fb140916fbbf6339bbada000bcd60504e04972b"
"obj.Kant.Handoff.run_after_write","theorem","Kant.Handoff.run_after_write","PROVEN","∀ {a b : Kant.Uucp.Node} {room : List Char} {body : Kant.Bytes.Blob},   a.Wired →     { room := room, sender := a.name, seq := a.clock, body := body }.Wire →       ∀ {x : Kant.Relay.Msg},         List.instMembership.mem (a.write room body).spool x →           List.instMembership.mem (Kant.Handoff.run (a.write room body) b).snd.spool x","L3;S18;obj.Kant.Relay.MsgS24;obj.Kant.Uucp.Node.writeS29;obj.Kant.Handoff.run_delivers","O0;","L0;","L0;","L1;S34;claim.Kant.Handoff.run_after_write","L0;","L1;S34;proof.Kant.Handoff.run_after_write","L0;","S336;∀ {a b : Kant.Uucp.Node} {room : List Char} {body : Kant.Bytes.Blob},   a.Wired →     { room := room, sender := a.name, seq := a.clock, body := body }.Wire →       ∀ {x : Kant.Relay.Msg},         List.instMembership.mem (a.write room body).spool x →           List.instMembership.mem (Kant.Handoff.run (a.write room body) b).snd.spool x","O7;13;source_systemS5;lean411;source_fileS32;RequestProject/Kant/Handoff.lean13;source_formatS4;text11;imported_atI+0;14;transformed_atI+194;15;transformationsL0;13;parent_objectS0;","5356d2c39d1df3fccaafff34d1c6f3aff41daeeb7b03ecb2ddf8ea2a90818495"
"obj.Kant.Uucp.readMsgs.eq_def","theorem","Kant.Uucp.readMsgs.eq_def","PROVEN","∀ (x : List Kant.Bytes.Blob),   Eq (Kant.Uucp.readMsgs x)     (Kant.Uucp.readMsgs.match_4 (fun x => Option (List Kant.Relay.Msg)) x       (fun _ => Option.some List.nil) fun f fs =>       Kant.Uucp.readMsgs.match_1 (fun x x_1 => Option (List Kant.Relay.Msg))         (Kant.Relay.parseMsg (Kant.Text.asciiChars f)) (Kant.Uucp.readMsgs fs)         (fun m ms => Option.some (List.cons m ms)) fun x x_1 => Option.none)","L1;S18;obj.Kant.Relay.Msg","O0;","L0;","L0;","L1;S31;claim.Kant.Uucp.readMsgs.eq_def","L0;","L1;S31;proof.Kant.Uucp.readMsgs.eq_def","L0;","S414;∀ (x : List Kant.Bytes.Blob),   Eq (Kant.Uucp.readMsgs x)     (Kant.Uucp.readMsgs.match_4 (fun x => Option (List Kant.Relay.Msg)) x       (fun _ => Option.some List.nil) fun f fs =>       Kant.Uucp.readMsgs.match_1 (fun x x_1 => Option (List Kant.Relay.Msg))         (Kant.Relay.parseMsg (Kant.Text.asciiChars f)) (Kant.Uucp.readMsgs fs)         (fun m ms => Option.some (List.cons m ms)) fun x x_1 => Option.none)","O7;13;source_systemS5;lean411;source_fileS29;RequestProject/Kant/Uucp.lean13;source_formatS4;text11;imported_atI+0;14;transformed_atI+0;15;transformationsL0;13;parent_objectS0;","595f4372ac32f457c71fcb5bc76eebfc0958812fe00c83a5ef663cf497d6bcaa"
"obj.Kant.Dom.PStatus.ofName_name","theorem","Kant.Dom.PStatus.ofName_name","PROVEN","∀ (s : Kant.Dom.PStatus), Eq (Kant.Dom.PStatus.ofName s.name) (Option.some s)","L0;","O0;","L0;","L0;","L1;S34;claim.Kant.Dom.PStatus.ofName_name","L0;","L1;S34;proof.Kant.Dom.PStatus.ofName_name","L0;","S77;∀ (s : Kant.Dom.PStatus), Eq (Kant.Dom.PStatus.ofName s.name) (Option.some s)","O7;13;source_systemS5;lean411;source_fileS37;RequestProject/Kant/Domain/Model.lean13;source_formatS4;text11;imported_atI+0;14;transformed_atI+130;15;transformationsL0;13;parent_objectS0;","44a448dc2b4f70b1c41d7f6b4b53fb26c749bb0425d9affbace958909ff1c280"
"obj.Kant.Sheaf.DaslType.recOn","def","Kant.Sheaf.DaslType.recOn","ASSERTED","{motive : Kant.Sheaf.DaslType → Sort u} →   (t : Kant.Sheaf.DaslType) →     motive Kant.Sheaf.DaslType.monsterWalk →       motive Kant.Sheaf.DaslType.astNode →         motive Kant.Sheaf.DaslType.protocol →           motive Kant.Sheaf.DaslType.nestedCid →             motive Kant.Sheaf.DaslType.harmonicPath →               motive Kant.Sheaf.DaslType.shardId →                 motive Kant.Sheaf.DaslType.eigenspace →                   motive Kant.Sheaf.DaslType.hauptmodul → motive t","L0;","O0;","L0;","L0;","L0;","L0;","L0;","L0;","S482;{motive : Kant.Sheaf.DaslType → Sort u} →   (t : Kant.Sheaf.DaslType) →     motive Kant.Sheaf.DaslType.monsterWalk →       motive Kant.Sheaf.DaslType.astNode →         motive Kant.Sheaf.DaslType.protocol →           motive Kant.Sheaf.DaslType.nestedCid →             motive Kant.Sheaf.DaslType.harmonicPath →               motive Kant.Sheaf.DaslType.shardId →                 motive Kant.Sheaf.DaslType.eigenspace →                   motive Kant.Sheaf.DaslType.hauptmodul → motive t","O7;13;source_systemS5;lean411;source_fileS30;RequestProject/Kant/Sheaf.lean13;source_formatS4;text11;imported_atI+0;14;transformed_atI+30;15;transformationsL0;13;parent_objectS0;","131f3749ed29cc858d587e0885ba6bfa778cf6b0f88bd6e758fcdc722a1b23ac"
"obj.Kant.Dom.Schema.ctorIdx","def","Kant.Dom.Schema.ctorIdx","ASSERTED","Kant.Dom.Schema → Nat","L0;","O0;","L0;","L0;","L0;","L0;","L0;","L0;","S21;Kant.Dom.Schema → Nat","O7;13;source_systemS5;lean411;source_fileS37;RequestProject/Kant/Domain/Model.lean13;source_formatS4;text11;imported_atI+0;14;transformed_atI+0;15;transformationsL0;13;parent_objectS0;","b34510206022d20a3cd8bc61235fc3857ce4e825d99eaee4a8c0a69f894363df"
"obj.Kant.Codec.instReprStatus.repr","def","Kant.Codec.instReprStatus.repr","ASSERTED","Kant.Codec.Status → Nat → Std.Format","L1;S21;obj.Kant.Codec.Status","O0;","L0;","L0;","L0;","L0;","L0;","L0;","S36;Kant.Codec.Status → Nat → Std.Format","O7;13;source_systemS5;lean411;source_fileS36;RequestProject/Kant/Codec/Model.lean13;source_formatS4;text11;imported_atI+0;14;transformed_atI+44;15;transformationsL0;13;parent_objectS0;","cca941e0e43eff4cc5746d8961036f6f1681e76dbab350d231833c954bfc6df5"
"obj.Kant.Codec.readNatAux.eq_2","theorem","Kant.Codec.readNatAux.eq_2","PROVEN","∀ (acc : Nat) (c : Char) (cs : List Char),   Eq (Kant.Codec.readNatAux acc (List.cons c cs))     (ite (Eq c ';') (Option.some { fst := acc, snd := cs })       (Kant.Codec.readNatAux.match_1 (fun x => Option (Prod Nat (List Char)))         (Kant.Codec.digitVal c)         (fun d => Kant.Codec.readNatAux (instHAdd.hAdd (instHMul.hMul acc 10) d) cs) fun _ =>         Option.none))","L0;","O0;","L0;","L0;","L1;S32;claim.Kant.Codec.readNatAux.eq_2","L0;","L1;S32;proof.Kant.Codec.readNatAux.eq_2","L0;","S378;∀ (acc : Nat) (c : Char) (cs : List Char),   Eq (Kant.Codec.readNatAux acc (List.cons c cs))     (ite (Eq c ';') (Option.some { fst := acc, snd := cs })       (Kant.Codec.readNatAux.match_1 (fun x => Option (Prod Nat (List Char)))         (Kant.Codec.digitVal c)         (fun d => Kant.Codec.readNatAux (instHAdd.hAdd (instHMul.hMul acc 10) d) cs) fun _ =>         Option.none))","O7;13;source_systemS5;lean411;source_fileS34;RequestProject/Kant/Codec/Val.lean13;source_formatS4;text11;imported_atI+0;14;transformed_atI+0;15;transformationsL0;13;parent_objectS0;","ee9b444e05aba57411a5f8c0c64bd7efac6989f110d207fa09db9ff44fc1fff5"
"obj.Kant.Codec.resolve","def","Kant.Codec.resolve","ASSERTED","Kant.Codec.Strategy → Kant.Codec.Obj → Kant.Codec.Obj → Option Kant.Codec.Obj","L1;S21;obj.Kant.Codec.Status","O0;","L0;","L0;","L0;","L0;","L0;","L0;","S77;Kant.Codec.Strategy → Kant.Codec.Obj → Kant.Codec.Obj → Option Kant.Codec.Obj","O7;13;source_systemS5;lean411;source_fileS40;RequestProject/Kant/Codec/Reconcile.lean13;source_formatS4;text11;imported_atI+0;14;transformed_atI+299;15;transformationsL0;13;parent_objectS0;","2ce0919f697fab2d9aeb1b3fb0ea87523bcdc268ad0926c70c91a6d078375dac"
"obj.Kant.Dom.DomObj.value","def","Kant.Dom.DomObj.value","ASSERTED","Kant.Dom.DomObj → Kant.Codec.Val","L0;","O0;","L0;","L0;","L0;","L0;","L0;","L0;","S32;Kant.Dom.DomObj → Kant.Codec.Val","O7;13;source_systemS5;lean411;source_fileS37;RequestProject/Kant/Domain/Model.lean13;source_formatS4;text11;imported_atI+0;14;transformed_atI+288;15;transformationsL0;13;parent_objectS0;","fd39a1d239f874cc15939605c7b039ff69756f61012b3fca364b229177c74afd"
"obj.Kant.Dom.Coverage.ctorElimType","def","Kant.Dom.Coverage.ctorElimType","ASSERTED","{motive : Kant.Dom.Coverage → Sort u} → Nat → Sort (max 1 u)","L0;","O0;","L0;","L0;","L0;","L0;","L0;","L0;","S60;{motive : Kant.Dom.Coverage → Sort u} → Nat → Sort (max 1 u)","O7;13;source_systemS5;lean411;source_fileS37;RequestProject/Kant/Domain/Model.lean13;source_formatS4;text11;imported_atI+0;14;transformed_atI+0;15;transformationsL0;13;parent_objectS0;","9020908bc6102f46569a397c49dbad5942c19784d01bab60b3a596686f09a133"
"obj.Kant.Dom.package","def","Kant.Dom.package","ASSERTED","Kant.Dom.Domain → List Kant.Dom.File","L2;S31;obj.Kant.Dom.roundtripReportValS27;obj.Kant.Dom.coverageReport","O0;","L0;","L0;","L0;","L0;","L0;","L0;","S36;Kant.Dom.Domain → List Kant.Dom.File","O7;13;source_systemS5;lean411;source_fileS39;RequestProject/Kant/Domain/Package.lean13;source_formatS4;text11;imported_atI+0;14;transformed_atI+135;15;transformationsL0;13;parent_objectS0;","16b377841a6c8b06a018230363c85a99de90138cc5e90820a4f88332708a9d73"
"obj.Kant.Repost.Quote.mk.noConfusion","def","Kant.Repost.Quote.mk.noConfusion","ASSERTED","{P : Sort u} →   {comment original comment' original' : Kant.Paste} →     Eq { comment := comment, original := original } { comment := comment', original := original' } →       (Eq comment comment' → Eq original original' → P) → P","L0;","O0;","L0;","L0;","L0;","L0;","L0;","L0;","S230;{P : Sort u} →   {comment original comment' original' : Kant.Paste} →     Eq { comment := comment, original := original } { comment := comment', original := original' } →       (Eq comment comment' → Eq original original' → P) → P","O7;13;source_systemS5;lean411;source_fileS31;RequestProject/Kant/Repost.lean13;source_formatS4;text11;imported_atI+0;14;transformed_atI+53;15;transformationsL0;13;parent_objectS0;","152bbd0f57651b8fd4fdfafae1c2172cd6250c2269326c95a888b85cd2baa592"
"obj.Kant.Sneakernet.Channel.animatedQr.sizeOf_spec","theorem","Kant.Sneakernet.Channel.animatedQr.sizeOf_spec","PROVEN","Eq (Kant.Sneakernet.Channel._sizeOf_inst.sizeOf Kant.Sneakernet.Channel.animatedQr) 1","L0;","O0;","L0;","L0;","L1;S52;claim.Kant.Sneakernet.Channel.animatedQr.sizeOf_spec","L0;","L1;S52;proof.Kant.Sneakernet.Channel.animatedQr.sizeOf_spec","L0;","S85;Eq (Kant.Sneakernet.Channel._sizeOf_inst.sizeOf Kant.Sneakernet.Channel.animatedQr) 1","O7;13;source_systemS5;lean411;source_fileS35;RequestProject/Kant/Sneakernet.lean13;source_formatS4;text11;imported_atI+0;14;transformed_atI+0;15;transformationsL0;13;parent_objectS0;","bbe232f78fecf64fca7ab766cba670bc317949218fe81ab50bd4bb3a37308aa2"
"obj.Kant.Dasl.nestedCid_deterministic","theorem","Kant.Dasl.nestedCid_deterministic","PROVEN","∀ {a b : Kant.Bytes.Blob}, Eq a b → Eq (Kant.Dasl.nestedCid a) (Kant.Dasl.nestedCid b)","L0;","O0;","L0;","L0;","L1;S39;claim.Kant.Dasl.nestedCid_deterministic","L0;","L1;S39;proof.Kant.Dasl.nestedCid_deterministic","L0;","S86;∀ {a b : Kant.Bytes.Blob}, Eq a b → Eq (Kant.Dasl.nestedCid a) (Kant.Dasl.nestedCid b)","O7;13;source_systemS5;lean411;source_fileS29;RequestProject/Kant/Dasl.lean13;source_formatS4;text11;imported_atI+0;14;transformed_atI+183;15;transformationsL0;13;parent_objectS0;","0aa415d7fdb9ecf331fc73e219e7f960c08fedba399f2b01a2eebf905be631ce"
"obj.Kant.Text.sep_not_mem_hexEncode","theorem","Kant.Text.sep_not_mem_hexEncode","PROVEN","∀ (bs : Kant.Bytes.Blob), Not (List.instMembership.mem (Kant.Bytes.hexEncode bs) Kant.Text.sep)","L0;","O0;","L0;","L0;","L1;S37;claim.Kant.Text.sep_not_mem_hexEncode","L0;","L1;S37;proof.Kant.Text.sep_not_mem_hexEncode","L0;","S95;∀ (bs : Kant.Bytes.Blob), Not (List.instMembership.mem (Kant.Bytes.hexEncode bs) Kant.Text.sep)","O7;13;source_systemS5;lean411;source_fileS29;RequestProject/Kant/Text.lean13;source_formatS4;text11;imported_atI+0;14;transformed_atI+218;15;transformationsL0;13;parent_objectS0;","b3b92387d45bd7e55cb6a4ee702b1a7aa65a58354883e67f0938c599d5192844"
"obj.Kant.CardDebug.pairCodes.eq_3","theorem","Kant.CardDebug.pairCodes.eq_3","PROVEN","∀ (x : Kant.CardDebug.Code) (i : Kant.Rendezvous.Invite),   (∀ (a : Kant.Rendezvous.Invite), Eq x (Kant.CardDebug.Code.invite a) → False) →     Eq (Kant.CardDebug.pairCodes x (Kant.CardDebug.Code.invite i))       Kant.CardDebug.Pairing.oneNotInvite","L2;S26;obj.Kant.Rendezvous.InviteS31;obj.Kant.Rendezvous.Invite.room","O0;","L0;","L0;","L1;S35;claim.Kant.CardDebug.pairCodes.eq_3","L0;","L1;S35;proof.Kant.CardDebug.pairCodes.eq_3","L0;","S248;∀ (x : Kant.CardDebug.Code) (i : Kant.Rendezvous.Invite),   (∀ (a : Kant.Rendezvous.Invite), Eq x (Kant.CardDebug.Code.invite a) → False) →     Eq (Kant.CardDebug.pairCodes x (Kant.CardDebug.Code.invite i))       Kant.CardDebug.Pairing.oneNotInvite","O7;13;source_systemS5;lean411;source_fileS34;RequestProject/Kant/CardDebug.lean13;source_formatS4;text11;imported_atI+0;14;transformed_atI+0;15;transformationsL0;13;parent_objectS0;","f8f9df3b1187a8b69af9d8a9834d4c49160e1d5001e93d40a0b0a167d64d3733"
"obj.Kant.Uucp.fresher_trans","theorem","Kant.Uucp.fresher_trans","PROVEN","∀ {a b c : Kant.Uucp.Node}, Kant.Uucp.Fresher a b → Kant.Uucp.Fresher b c → Kant.Uucp.Fresher a c","L1;S18;obj.Kant.Relay.Msg","O0;","L0;","L0;","L1;S29;claim.Kant.Uucp.fresher_trans","L0;","L1;S29;proof.Kant.Uucp.fresher_trans","L0;","S97;∀ {a b c : Kant.Uucp.Node}, Kant.Uucp.Fresher a b → Kant.Uucp.Fresher b c → Kant.Uucp.Fresher a c","O7;13;source_systemS5;lean411;source_fileS29;RequestProject/Kant/Uucp.lean13;source_formatS4;text11;imported_atI+0;14;transformed_atI+539;15;transformationsL0;13;parent_objectS0;","d0fd7c96a18c69e62f54fdfb96f0c1c11b9711619a3e9f0848d4bad260c52f33"
"obj.Kant.Codec.getInt","def","Kant.Codec.getInt","ASSERTED","List (Prod (List Char) Kant.Codec.Val) → List Char → Option Int","L0;","O0;","L0;","L0;","L0;","L0;","L0;","L0;","S63;List (Prod (List Char) Kant.Codec.Val) → List Char → Option Int","O7;13;source_systemS5;lean411;source_fileS36;RequestProject/Kant/Codec/Model.lean13;source_formatS4;text11;imported_atI+0;14;transformed_atI+170;15;transformationsL0;13;parent_objectS0;","6fa4a5fc15e08dee20a17b7c8d34397142112bef97bd62e8fae9b9119de85b6b"
"obj.Kant.Codec.ipdlBodyKey","def","Kant.Codec.ipdlBodyKey","ASSERTED","List Char","L0;","O0;","L0;","L0;","L0;","L0;","L0;","L0;","S9;List Char","O7;13;source_systemS5;lean411;source_fileS35;RequestProject/Kant/Codec/Ipdl.lean13;source_formatS4;text11;imported_atI+0;14;transformed_atI+56;15;transformationsL0;13;parent_objectS0;","885ad79de6a02d8946eeb7214ef75ee671eecdd1460a0d038f7093b16d98d260"
"obj.Kant.CardDebug.pairCodes.eq_1","theorem","Kant.CardDebug.pairCodes.eq_1","PROVEN","∀ (a b : Kant.Rendezvous.Invite),   Eq (Kant.CardDebug.pairCodes (Kant.CardDebug.Code.invite a) (Kant.CardDebug.Code.invite b))     (ite (Ne a.room b.room) Kant.CardDebug.Pairing.differentRooms       (ite (Or (Eq a.relay List.nil) (Ne a.relay b.relay)) Kant.CardDebug.Pairing.noMeetingPoint         Kant.CardDebug.Pairing.connectable))","L2;S26;obj.Kant.Rendezvous.InviteS31;obj.Kant.Rendezvous.Invite.room","O0;","L0;","L0;","L1;S35;claim.Kant.CardDebug.pairCodes.eq_1","L0;","L1;S35;proof.Kant.CardDebug.pairCodes.eq_1","L0;","S335;∀ (a b : Kant.Rendezvous.Invite),   Eq (Kant.CardDebug.pairCodes (Kant.CardDebug.Code.invite a) (Kant.CardDebug.Code.invite b))     (ite (Ne a.room b.room) Kant.CardDebug.Pairing.differentRooms       (ite (Or (Eq a.relay List.nil) (Ne a.relay b.relay)) Kant.CardDebug.Pairing.noMeetingPoint         Kant.CardDebug.Pairing.connectable))","O7;13;source_systemS5;lean411;source_fileS34;RequestProject/Kant/CardDebug.lean13;source_formatS4;text11;imported_atI+0;14;transformed_atI+0;15;transformationsL0;13;parent_objectS0;","a8b97d9634147a36dbcc3a7e721675418cd3bc04f47b9210b5bbb5b7f6e0425b"
"obj.Kant.Codec.Obj.toVal","def","Kant.Codec.Obj.toVal","ASSERTED","Kant.Codec.Obj → Kant.Codec.Val","L1;S18;obj.Kant.Codec.Inp","O0;","L0;","L0;","L0;","L0;","L0;","L0;","S31;Kant.Codec.Obj → Kant.Codec.Val","O7;13;source_systemS5;lean411;source_fileS36;RequestProject/Kant/Codec/Model.lean13;source_formatS4;text11;imported_atI+0;14;transformed_atI+475;15;transformationsL0;13;parent_objectS0;","038c98330104dbd1fe8062e893cec90ec6c47e9be3e42e4b8d7f2757985eb908"
"obj.Kant.Uucp.mem_insertMsg","theorem","Kant.Uucp.mem_insertMsg","PROVEN","∀ {acc : List Kant.Relay.Msg} {m x : Kant.Relay.Msg},   Iff (List.instMembership.mem (Kant.Uucp.insertMsg acc m) x)     (Or (List.instMembership.mem acc x) (Eq x m))","L1;S18;obj.Kant.Relay.Msg","O0;","L0;","L0;","L1;S29;claim.Kant.Uucp.mem_insertMsg","L0;","L1;S29;proof.Kant.Uucp.mem_insertMsg","L0;","S165;∀ {acc : List Kant.Relay.Msg} {m x : Kant.Relay.Msg},   Iff (List.instMembership.mem (Kant.Uucp.insertMsg acc m) x)     (Or (List.instMembership.mem acc x) (Eq x m))","O7;13;source_systemS5;lean411;source_fileS29;RequestProject/Kant/Uucp.lean13;source_formatS4;text11;imported_atI+0;14;transformed_atI+320;15;transformationsL0;13;parent_objectS0;","4e8416010a69a7d06227249d6e0814a31e1d4af795eb67569f398a6a08773069"
"obj.Kant.Dom.scanOfVal","def","Kant.Dom.scanOfVal","ASSERTED","Kant.Codec.Val → Option (List Kant.Dom.Decl)","L0;","O0;","L0;","L0;","L0;","L0;","L0;","L0;","S44;Kant.Codec.Val → Option (List Kant.Dom.Decl)","O7;13;source_systemS5;lean411;source_fileS39;RequestProject/Kant/Domain/Catalog.lean13;source_formatS4;text11;imported_atI+0;14;transformed_atI+185;15;transformationsL0;13;parent_objectS0;","ffd8576f80ef539bf5bf05d9ddb0e6e0c09ebc1e4f1bf3399e5cf6a2f66bee9e"
"obj.Kant.Dom.ProofRec.mk.injEq","theorem","Kant.Dom.ProofRec.mk.injEq","PROVEN","∀ (id : Kant.Dom.Id) (name kind sourceFile sourceLoc : List Char)   (inputRefs assumptions : List Kant.Dom.Id) (procedure : List Char)   (outputRefs claimRefs dependsOn : List Kant.Dom.Id) (status : Kant.Dom.PStatus)   (certificate : Option Kant.Dom.Cert) (source : List Char) (provenance : Option Kant.Codec.Prov)   (id_1 : Kant.Dom.Id) (name_1 kind_1 sourceFile_1 sourceLoc_1 : List Char)   (inputRefs_1 assumptions_1 : List Kant.Dom.Id) (procedure_1 : List Char)   (outputRefs_1 claimRefs_1 dependsOn_1 : List Kant.Dom.Id) (status_1 : Kant.Dom.PStatus)   (certificate_1 : Option Kant.Dom.Cert) (source_1 : List Char)   (provenance_1 : Option Kant.Codec.Prov),   Eq     (Eq       { id := id, name := name, kind := kind, sourceFile := sourceFile, sourceLoc := sourceLoc,         inputRefs := inputRefs, assumptions := assumptions, procedure := procedure,         outputRefs := outputRefs, claimRefs := claimRefs, dependsOn := dependsOn, status := status,         certificate := certificate, source := source, provenance := provenance }       { id := id_1, name := name_1, kind := kind_1, sourceFile := sourceFile_1,         sourceLoc := sourceLoc_1, inputRefs := inputRefs_1, assumptions := assumptions_1,         procedure := procedure_1, outputRefs := outputRefs_1, claimRefs := claimRefs_1,         dependsOn := dependsOn_1, status := status_1, certificate := certificate_1,         source := source_1, provenance := provenance_1 })     (And (Eq id id_1)       (And (Eq name name_1)         (And (Eq kind kind_1)           (And (Eq sourceFile sourceFile_1)             (And (Eq sourceLoc sourceLoc_1)               (And (Eq inputRefs inputRefs_1)                 (And (Eq assumptions assumptions_1)                   (And (Eq procedure procedure_1)                     (And (Eq outputRefs outputRefs_1)                       (And (Eq claimRefs claimRefs_1)                         (And (Eq dependsOn dependsOn_1)                           (And (Eq status status_1)                             (And (Eq certificate certificate_1)                               (And (Eq source source_1) (Eq provenance provenance_1)))))))))))))))","L1;S21;obj.Kant.Dom.ProofRec","O0;","L0;","L0;","L1;S32;claim.Kant.Dom.ProofRec.mk.injEq","L0;","L1;S32;proof.Kant.Dom.ProofRec.mk.injEq","L0;","S2131;∀ (id : Kant.Dom.Id) (name kind sourceFile sourceLoc : List Char)   (inputRefs assumptions : List Kant.Dom.Id) (procedure : List Char)   (outputRefs claimRefs dependsOn : List Kant.Dom.Id) (status : Kant.Dom.PStatus)   (certificate : Option Kant.Dom.Cert) (source : List Char) (provenance : Option Kant.Codec.Prov)   (id_1 : Kant.Dom.Id) (name_1 kind_1 sourceFile_1 sourceLoc_1 : List Char)   (inputRefs_1 assumptions_1 : List Kant.Dom.Id) (procedure_1 : List Char)   (outputRefs_1 claimRefs_1 dependsOn_1 : List Kant.Dom.Id) (status_1 : Kant.Dom.PStatus)   (certificate_1 : Option Kant.Dom.Cert) (source_1 : List Char)   (provenance_1 : Option Kant.Codec.Prov),   Eq     (Eq       { id := id, name := name, kind := kind, sourceFile := sourceFile, sourceLoc := sourceLoc,         inputRefs := inputRefs, assumptions := assumptions, procedure := procedure,         outputRefs := outputRefs, claimRefs := claimRefs, dependsOn := dependsOn, status := status,         certificate := certificate, source := source, provenance := provenance }       { id := id_1, name := name_1, kind := kind_1, sourceFile := sourceFile_1,         sourceLoc := sourceLoc_1, inputRefs := inputRefs_1, assumptions := assumptions_1,         procedure := procedure_1, outputRefs := outputRefs_1, claimRefs := claimRefs_1,         dependsOn := dependsOn_1, status := status_1, certificate := certificate_1,         source := source_1, provenance := provenance_1 })     (And (Eq id id_1)       (And (Eq name name_1)         (And (Eq kind kind_1)           (And (Eq sourceFile sourceFile_1)             (And (Eq sourceLoc sourceLoc_1)               (And (Eq inputRefs inputRefs_1)                 (And (Eq assumptions assumptions_1)                   (And (Eq procedure procedure_1)                     (And (Eq outputRefs outputRefs_1)                       (And (Eq claimRefs claimRefs_1)                         (And (Eq dependsOn dependsOn_1)                           (And (Eq status status_1)                             (And (Eq certificate certificate_1)                               (And (Eq source source_1) (Eq provenance provenance_1)))))))))))))))","O7;13;source_systemS5;lean411;source_fileS37;RequestProject/Kant/Domain/Model.lean13;source_formatS4;text11;imported_atI+0;14;transformed_atI+0;15;transformationsL0;13;parent_objectS0;","1a0c0afbe78eef3c5cf117eabb7710efc3f51b37613e707a6b9f8817e9c8967d"
"obj.Kant.SiteCard.parseConfig.eq_1","theorem","Kant.SiteCard.parseConfig.eq_1","PROVEN","∀ (s : List Char),   Eq (Kant.SiteCard.parseConfig s) do     let origin ←       Kant.SiteCard.lookupKey ""origin"".toList           (List.filterMap Kant.SiteCard.parseEntry (Kant.SiteCard.splitCh '\n' s))     let caption ←       Kant.SiteCard.lookupKey ""caption"".toList           (List.filterMap Kant.SiteCard.parseEntry (Kant.SiteCard.splitCh '\n' s))     let picture ←       Kant.SiteCard.lookupKey ""picture"".toList           (List.filterMap Kant.SiteCard.parseEntry (Kant.SiteCard.splitCh '\n' s))     let alt ←       Kant.SiteCard.lookupKey ""alt"".toList           (List.filterMap Kant.SiteCard.parseEntry (Kant.SiteCard.splitCh '\n' s))     instAlternativeOption.pure         { origin := origin, caption := caption, picture := picture, alt := alt }","L1;S24;obj.Kant.SiteCard.Config","O0;","L0;","L0;","L1;S36;claim.Kant.SiteCard.parseConfig.eq_1","L0;","L1;S36;proof.Kant.SiteCard.parseConfig.eq_1","L0;","S750;∀ (s : List Char),   Eq (Kant.SiteCard.parseConfig s) do     let origin ←       Kant.SiteCard.lookupKey ""origin"".toList           (List.filterMap Kant.SiteCard.parseEntry (Kant.SiteCard.splitCh '\n' s))     let caption ←       Kant.SiteCard.lookupKey ""caption"".toList           (List.filterMap Kant.SiteCard.parseEntry (Kant.SiteCard.splitCh '\n' s))     let picture ←       Kant.SiteCard.lookupKey ""picture"".toList           (List.filterMap Kant.SiteCard.parseEntry (Kant.SiteCard.splitCh '\n' s))     let alt ←       Kant.SiteCard.lookupKey ""alt"".toList           (List.filterMap Kant.SiteCard.parseEntry (Kant.SiteCard.splitCh '\n' s))     instAlternativeOption.pure         { origin := origin, caption := caption, picture := picture, alt := alt }","O7;13;source_systemS5;lean411;source_fileS33;RequestProject/Kant/SiteCard.lean13;source_formatS4;text11;imported_atI+0;14;transformed_atI+0;15;transformationsL0;13;parent_objectS0;","80739735dfb00f36b58da8cf8cd67ad1c2415bfe6a6ef8a8dd930c2f2cb4b443"
"obj.Kant.Clipboard.toReceipt","def","Kant.Clipboard.toReceipt","ASSERTED","Kant.Clipboard.Envelope → Option Kant.Clipboard.Receipt","L2;S26;obj.Kant.Clipboard.ReceiptS26;obj.Kant.Text.bytesBEToNat","O0;","L0;","L0;","L0;","L0;","L0;","L0;","S55;Kant.Clipboard.Envelope → Option Kant.Clipboard.Receipt","O7;13;source_systemS5;lean411;source_fileS34;RequestProject/Kant/Clipboard.lean13;source_formatS4;text11;imported_atI+0;14;transformed_atI+303;15;transformationsL0;13;parent_objectS0;","c6df4e15dca863ec83e971c3fb47fa0f1d0a01a2ef4d8ab2e85cb92027879cd5"
"obj.Kant.Cli.instDecidableEqResp","def","Kant.Cli.instDecidableEqResp","ASSERTED","DecidableEq Kant.Cli.Resp","L0;","O0;","L0;","L0;","L0;","L0;","L0;","L0;","S25;DecidableEq Kant.Cli.Resp","O7;13;source_systemS5;lean411;source_fileS28;RequestProject/Kant/Cli.lean13;source_formatS4;text11;imported_atI+0;14;transformed_atI+295;15;transformationsL0;13;parent_objectS0;","07aa7ddc2bcad931cc2edd15abf7910e595173266599822b429e51162eff2708"
"obj.Kant.Codec.diffVal.eq_4","theorem","Kant.Codec.diffVal.eq_4","PROVEN","∀ (path a b : List Char),   Eq (Kant.Codec.diffVal path (Kant.Codec.Val.str a) (Kant.Codec.Val.str b))     (ite (Eq a b) List.nil       (List.cons         (Kant.Codec.mkDiff path (Kant.Codec.yamlEnc (Kant.Codec.Val.str a))           (Kant.Codec.yamlEnc (Kant.Codec.Val.str b)) ""VALUE_MISMATCH"".toList)         List.nil))","L0;","O0;","L0;","L0;","L1;S29;claim.Kant.Codec.diffVal.eq_4","L0;","L1;S29;proof.Kant.Codec.diffVal.eq_4","L0;","S320;∀ (path a b : List Char),   Eq (Kant.Codec.diffVal path (Kant.Codec.Val.str a) (Kant.Codec.Val.str b))     (ite (Eq a b) List.nil       (List.cons         (Kant.Codec.mkDiff path (Kant.Codec.yamlEnc (Kant.Codec.Val.str a))           (Kant.Codec.yamlEnc (Kant.Codec.Val.str b)) ""VALUE_MISMATCH"".toList)         List.nil))","O7;13;source_systemS5;lean411;source_fileS40;RequestProject/Kant/Codec/Reconcile.lean13;source_formatS4;text11;imported_atI+0;14;transformed_atI+0;15;transformationsL0;13;parent_objectS0;","2b81d5f1735d95d7121f4356e2d1fa544d4f74ef10882d3520a2eef9e03653f2"
"obj.Kant.Cli.pageOf.match_1","def","Kant.Cli.pageOf.match_1","ASSERTED","(motive : List Char → Sort u_1) →   (x : List Char) →     (Unit → motive List.nil) → ((c : Char) → (cs : List Char) → motive (List.cons c cs)) → motive x","L0;","O0;","L0;","L0;","L0;","L0;","L0;","L0;","S153;(motive : List Char → Sort u_1) →   (x : List Char) →     (Unit → motive List.nil) → ((c : Char) → (cs : List Char) → motive (List.cons c cs)) → motive x","O7;13;source_systemS5;lean411;source_fileS28;RequestProject/Kant/Cli.lean13;source_formatS4;text11;imported_atI+0;14;transformed_atI+0;15;transformationsL0;13;parent_objectS0;","0142f6529f355e86dcd9fe391495d699ae38ac66e4b0d67072eb4dae9a5764a3"
"obj.Kant.Clipboard.Envelope.mk.injEq","theorem","Kant.Clipboard.Envelope.mk.injEq","PROVEN","∀ (tag : Kant.Bytes.Blob) (fields : List Kant.Bytes.Blob) (tag_1 : Kant.Bytes.Blob)   (fields_1 : List Kant.Bytes.Blob),   Eq (Eq { tag := tag, fields := fields } { tag := tag_1, fields := fields_1 })     (And (Eq tag tag_1) (Eq fields fields_1))","L0;","O0;","L0;","L0;","L1;S38;claim.Kant.Clipboard.Envelope.mk.injEq","L0;","L1;S38;proof.Kant.Clipboard.Envelope.mk.injEq","L0;","S246;∀ (tag : Kant.Bytes.Blob) (fields : List Kant.Bytes.Blob) (tag_1 : Kant.Bytes.Blob)   (fields_1 : List Kant.Bytes.Blob),   Eq (Eq { tag := tag, fields := fields } { tag := tag_1, fields := fields_1 })     (And (Eq tag tag_1) (Eq fields fields_1))","O7;13;source_systemS5;lean411;source_fileS34;RequestProject/Kant/Clipboard.lean13;source_formatS4;text11;imported_atI+0;14;transformed_atI+0;15;transformationsL0;13;parent_objectS0;","3d7ae9bb1ee217ef0d76154f3ce9c5ecb908affccc4a6fad6cff626bc871e0fa"
"obj.Kant.Dom.Cert.toVal.eq_1","theorem","Kant.Dom.Cert.toVal.eq_1","PROVEN","∀ (c : Kant.Dom.Cert),   Eq c.toVal     (Kant.Codec.Val.obj       (List.cons { fst := ""kind"".toList, snd := Kant.Codec.Val.str c.kind }         (List.cons { fst := ""digest"".toList, snd := Kant.Codec.Val.str c.digest }           (List.cons { fst := ""location"".toList, snd := Kant.Codec.Val.str c.location }             (List.cons { fst := ""evidence"".toList, snd := Kant.Codec.Val.str c.evidence.name }               List.nil)))))","L0;","O0;","L0;","L0;","L1;S30;claim.Kant.Dom.Cert.toVal.eq_1","L0;","L1;S30;proof.Kant.Dom.Cert.toVal.eq_1","L0;","S428;∀ (c : Kant.Dom.Cert),   Eq c.toVal     (Kant.Codec.Val.obj       (List.cons { fst := ""kind"".toList, snd := Kant.Codec.Val.str c.kind }         (List.cons { fst := ""digest"".toList, snd := Kant.Codec.Val.str c.digest }           (List.cons { fst := ""location"".toList, snd := Kant.Codec.Val.str c.location }             (List.cons { fst := ""evidence"".toList, snd := Kant.Codec.Val.str c.evidence.name }               List.nil)))))","O7;13;source_systemS5;lean411;source_fileS37;RequestProject/Kant/Domain/Model.lean13;source_formatS4;text11;imported_atI+0;14;transformed_atI+0;15;transformationsL0;13;parent_objectS0;","e283c73a63f84f92e1e553085b42815dc640df110c5efa4cc2810e377df6ad37"
"obj.Kant.Codec.Compat.ofNat_ctorIdx","theorem","Kant.Codec.Compat.ofNat_ctorIdx","PROVEN","∀ (x : Kant.Codec.Compat), Eq (Kant.Codec.Compat.ofNat x.ctorIdx) x","L0;","O0;","L0;","L0;","L1;S37;claim.Kant.Codec.Compat.ofNat_ctorIdx","L0;","L1;S37;proof.Kant.Codec.Compat.ofNat_ctorIdx","L0;","S67;∀ (x : Kant.Codec.Compat), Eq (Kant.Codec.Compat.ofNat x.ctorIdx) x","O7;13;source_systemS5;lean411;source_fileS39;RequestProject/Kant/Codec/Exchange.lean13;source_formatS4;text11;imported_atI+0;14;transformed_atI+0;15;transformationsL0;13;parent_objectS0;","6d4a7405e4a661d6f2cce9128805781176b9fc00a2179870bde36567f250c96b"
"obj.Kant.Clipboard.instDecidableEqEnvelope.decEq","def","Kant.Clipboard.instDecidableEqEnvelope.decEq","ASSERTED","(x x_1 : Kant.Clipboard.Envelope) → Decidable (Eq x x_1)","L0;","O0;","L0;","L0;","L0;","L0;","L0;","L0;","S56;(x x_1 : Kant.Clipboard.Envelope) → Decidable (Eq x x_1)","O7;13;source_systemS5;lean411;source_fileS34;RequestProject/Kant/Clipboard.lean13;source_formatS4;text11;imported_atI+0;14;transformed_atI+47;15;transformationsL0;13;parent_objectS0;","d6da27248ca8a68af5aeceacfd0429b5ef69e887c0f0555cee4f0bb60694bc17"
"obj.Kant.Codec.Severity.noConfusion","def","Kant.Codec.Severity.noConfusion","ASSERTED","{P : Sort v✝} → {x y : Kant.Codec.Severity} → Eq x y → Kant.Codec.Severity.noConfusionType P x y","L0;","O0;","L0;","L0;","L0;","L0;","L0;","L0;","S96;{P : Sort v✝} → {x y : Kant.Codec.Severity} → Eq x y → Kant.Codec.Severity.noConfusionType P x y","O7;13;source_systemS5;lean411;source_fileS36;RequestProject/Kant/Codec/Model.lean13;source_formatS4;text11;imported_atI+0;14;transformed_atI+46;15;transformationsL0;13;parent_objectS0;","a17f8fd02dda627d106f976e368bdb4a5929bd91d7f4e7975676fe7bffbcdf54"
"obj.Kant.Dom.Event.invalidation.inj","theorem","Kant.Dom.Event.invalidation.inj","PROVEN","∀ {proofId proofId_1 : Kant.Dom.Id},   Eq (Kant.Dom.Event.invalidation proofId) (Kant.Dom.Event.invalidation proofId_1) →     Eq proofId proofId_1","L0;","O0;","L0;","L0;","L1;S37;claim.Kant.Dom.Event.invalidation.inj","L0;","L1;S37;proof.Kant.Dom.Event.invalidation.inj","L0;","S146;∀ {proofId proofId_1 : Kant.Dom.Id},   Eq (Kant.Dom.Event.invalidation proofId) (Kant.Dom.Event.invalidation proofId_1) →     Eq proofId proofId_1","O7;13;source_systemS5;lean411;source_fileS38;RequestProject/Kant/Domain/Policy.lean13;source_formatS4;text11;imported_atI+0;14;transformed_atI+0;15;transformationsL0;13;parent_objectS0;","69a604742b63dc7a2d2d87c0c82a402d5cabbe906c868804da687d431e6e3927"
"obj.Kant.Codec.embedList.eq_def","theorem","Kant.Codec.embedList.eq_def","PROVEN","∀ (x : List Kant.Codec.Val),   Eq (Kant.Codec.embedList x)     (Kant.Codec.recoverList.match_4 (fun x => List Kant.Codec.Ipdl) x (fun _ => List.nil)       fun x xs => List.cons (Kant.Codec.embed x) (Kant.Codec.embedList xs))","L0;","O0;","L0;","L0;","L1;S33;claim.Kant.Codec.embedList.eq_def","L0;","L1;S33;proof.Kant.Codec.embedList.eq_def","L0;","S224;∀ (x : List Kant.Codec.Val),   Eq (Kant.Codec.embedList x)     (Kant.Codec.recoverList.match_4 (fun x => List Kant.Codec.Ipdl) x (fun _ => List.nil)       fun x xs => List.cons (Kant.Codec.embed x) (Kant.Codec.embedList xs))","O7;13;source_systemS5;lean411;source_fileS35;RequestProject/Kant/Codec/Ipdl.lean13;source_formatS4;text11;imported_atI+0;14;transformed_atI+0;15;transformationsL0;13;parent_objectS0;","9bf7bf7c4d62fa31a51fb15d2f4185e6586874e5521b5153c03dc5cb2270bb98"
"obj.Kant.Codec.natDigits_length_pos","theorem","Kant.Codec.natDigits_length_pos","PROVEN","∀ (n : Nat), instLTNat.lt 0 (Kant.Codec.natDigits n).length","L1;S29;obj.Kant.Codec.natDigits.eq_1","O0;","L0;","L0;","L1;S37;claim.Kant.Codec.natDigits_length_pos","L0;","L1;S37;proof.Kant.Codec.natDigits_length_pos","L0;","S59;∀ (n : Nat), instLTNat.lt 0 (Kant.Codec.natDigits n).length","O7;13;source_systemS5;lean411;source_fileS34;RequestProject/Kant/Codec/Val.lean13;source_formatS4;text11;imported_atI+0;14;transformed_atI+117;15;transformationsL0;13;parent_objectS0;","547b70fbe5357e96fb8e364db39e3eb9bd072d17e86880281c2f1c1dffea7fbb"
"obj.Kant.Rendezvous.toInvite","def","Kant.Rendezvous.toInvite","ASSERTED","Kant.Clipboard.Envelope → Option Kant.Rendezvous.Invite","L1;S26;obj.Kant.Rendezvous.Invite","O0;","L0;","L0;","L0;","L0;","L0;","L0;","S55;Kant.Clipboard.Envelope → Option Kant.Rendezvous.Invite","O7;13;source_systemS5;lean411;source_fileS35;RequestProject/Kant/Rendezvous.lean13;source_formatS4;text11;imported_atI+0;14;transformed_atI+469;15;transformationsL0;13;parent_objectS0;","1d5ffd1aee72e26a24b3cb95a69231e5b2a9c5cc39f0492c397f5b31cb799d17"
"obj.Kant.Codec.NotDigit","def","Kant.Codec.NotDigit","ASSERTED","List Char → Prop","L0;","O0;","L0;","L0;","L0;","L0;","L0;","L0;","S16;List Char → Prop","O7;13;source_systemS5;lean411;source_fileS35;RequestProject/Kant/Codec/Yaml.lean13;source_formatS4;text11;imported_atI+0;14;transformed_atI+120;15;transformationsL0;13;parent_objectS0;","9645e8c4967d0c36e5df0cbb7a0ea4f1c6adb745e6208f508d40a6716b0dd8cb"
"obj.Kant.Wasm.Instr.localGet.inj","theorem","Kant.Wasm.Instr.localGet.inj","PROVEN","∀ {i i_1 : Nat}, Eq (Kant.Wasm.Instr.localGet i) (Kant.Wasm.Instr.localGet i_1) → Eq i i_1","L0;","O0;","L0;","L0;","L1;S34;claim.Kant.Wasm.Instr.localGet.inj","L0;","L1;S34;proof.Kant.Wasm.Instr.localGet.inj","L0;","S90;∀ {i i_1 : Nat}, Eq (Kant.Wasm.Instr.localGet i) (Kant.Wasm.Instr.localGet i_1) → Eq i i_1","O7;13;source_systemS5;lean411;source_fileS31;RequestProject/Wasm/Syntax.lean13;source_formatS4;text11;imported_atI+0;14;transformed_atI+0;15;transformationsL0;13;parent_objectS0;","dc1f3b7f38d9521ef392c01c3213af197ad4e683c03601407857ac2005ed54cb"
"obj.Kant.Credits.Ledger.balance","def","Kant.Credits.Ledger.balance","ASSERTED","Kant.Credits.Ledger → Kant.Credits.Peer → Nat","L0;","O0;","L0;","L0;","L0;","L0;","L0;","L0;","S45;Kant.Credits.Ledger → Kant.Credits.Peer → Nat","O7;13;source_systemS5;lean411;source_fileS32;RequestProject/Kant/Credits.lean13;source_formatS4;text11;imported_atI+0;14;transformed_atI+51;15;transformationsL0;13;parent_objectS0;","b6bf163b27e8e4aa0b14debee92a848d75c5235ce5978084f5ac5f21d640bda7"
"obj.Kant.Dom.ProofRec.ofVal.eq_2","theorem","Kant.Dom.ProofRec.ofVal.eq_2","PROVEN","∀ (x : Kant.Codec.Val),   (∀ (fs : List (Prod (List Char) Kant.Codec.Val)), Eq x (Kant.Codec.Val.obj fs) → False) →     Eq (Kant.Dom.ProofRec.ofVal x) Option.none","L2;S21;obj.Kant.Dom.ProofRecS19;obj.Kant.Dom.getIds","O0;","L0;","L0;","L1;S34;claim.Kant.Dom.ProofRec.ofVal.eq_2","L0;","L1;S34;proof.Kant.Dom.ProofRec.ofVal.eq_2","L0;","S162;∀ (x : Kant.Codec.Val),   (∀ (fs : List (Prod (List Char) Kant.Codec.Val)), Eq x (Kant.Codec.Val.obj fs) → False) →     Eq (Kant.Dom.ProofRec.ofVal x) Option.none","O7;13;source_systemS5;lean411;source_fileS37;RequestProject/Kant/Domain/Model.lean13;source_formatS4;text11;imported_atI+0;14;transformed_atI+0;15;transformationsL0;13;parent_objectS0;","644ffe744ae83b8034135209e336fdd3693d87681c7d1a86f769daf6a38c9419"
"obj.Kant.Bytes.fnv1a","def","Kant.Bytes.fnv1a","ASSERTED","Kant.Bytes.Blob → UInt64","L0;","O0;","L0;","L0;","L0;","L0;","L0;","L0;","S24;Kant.Bytes.Blob → UInt64","O7;13;source_systemS5;lean411;source_fileS30;RequestProject/Kant/Bytes.lean13;source_formatS4;text11;imported_atI+0;14;transformed_atI+103;15;transformationsL0;13;parent_objectS0;","ee80776fa6c829f15ad6d7f3c8549dc66044d6424308c22b1ef7c9a47d392c90"
"obj.Kant.SiteCard.urlAddress","def","Kant.SiteCard.urlAddress","ASSERTED","List Char → List Char","L0;","O0;","L0;","L0;","L0;","L0;","L0;","L0;","S21;List Char → List Char","O7;13;source_systemS5;lean411;source_fileS33;RequestProject/Kant/SiteCard.lean13;source_formatS4;text11;imported_atI+0;14;transformed_atI+300;15;transformationsL0;13;parent_objectS0;","151a89ba9ad56772d671186a873966454780795b1c40e21468fe5bffac82a327"
"obj.Kant.Codec.instDecidableEqCompat","def","Kant.Codec.instDecidableEqCompat","ASSERTED","DecidableEq Kant.Codec.Compat","L0;","O0;","L0;","L0;","L0;","L0;","L0;","L0;","S29;DecidableEq Kant.Codec.Compat","O7;13;source_systemS5;lean411;source_fileS39;RequestProject/Kant/Codec/Exchange.lean13;source_formatS4;text11;imported_atI+0;14;transformed_atI+266;15;transformationsL0;13;parent_objectS0;","afbed7e4f480790ce6bcd9b67a4c349f0bd08f9ade481b32def0de9908472945"
"obj.Kant.Wasm.Decode.stackStep.eq_6","theorem","Kant.Wasm.Decode.stackStep.eq_6","PROVEN","∀ (arity : Nat) (x : List Kant.Wasm.Decode.VType) (x_1 : Kant.Wasm.Decode.RawInstr),   (∀ (n : Int), Eq x_1 (Kant.Wasm.Decode.RawInstr.i64const n) → False) →     (∀ (i : Nat), Eq x_1 (Kant.Wasm.Decode.RawInstr.localGet i) → False) →       (∀ (s : List Kant.Wasm.Decode.VType) (op : Kant.Wasm.BinOp),           Eq x (List.cons Kant.Wasm.Decode.VType.i64 (List.cons Kant.Wasm.Decode.VType.i64 s)) →             Eq x_1 (Kant.Wasm.Decode.RawInstr.binop op) → False) →         (∀ (s : List Kant.Wasm.Decode.VType) (op : Kant.Wasm.CmpOp),             Eq x (List.cons Kant.Wasm.Decode.VType.i64 (List.cons Kant.Wasm.Decode.VType.i64 s)) →               Eq x_1 (Kant.Wasm.Decode.RawInstr.cmpop op) → False) →           (∀ (s : List Kant.Wasm.Decode.VType),               Eq x (List.cons Kant.Wasm.Decode.VType.i32 s) →                 Eq x_1 Kant.Wasm.Decode.RawInstr.extendU → False) →             Eq (Kant.Wasm.Decode.stackStep arity x x_1) Option.none","L0;","O0;","L0;","L0;","L1;S37;claim.Kant.Wasm.Decode.stackStep.eq_6","L0;","L1;S37;proof.Kant.Wasm.Decode.stackStep.eq_6","L0;","S946;∀ (arity : Nat) (x : List Kant.Wasm.Decode.VType) (x_1 : Kant.Wasm.Decode.RawInstr),   (∀ (n : Int), Eq x_1 (Kant.Wasm.Decode.RawInstr.i64const n) → False) →     (∀ (i : Nat), Eq x_1 (Kant.Wasm.Decode.RawInstr.localGet i) → False) →       (∀ (s : List Kant.Wasm.Decode.VType) (op : Kant.Wasm.BinOp),           Eq x (List.cons Kant.Wasm.Decode.VType.i64 (List.cons Kant.Wasm.Decode.VType.i64 s)) →             Eq x_1 (Kant.Wasm.Decode.RawInstr.binop op) → False) →         (∀ (s : List Kant.Wasm.Decode.VType) (op : Kant.Wasm.CmpOp),             Eq x (List.cons Kant.Wasm.Decode.VType.i64 (List.cons Kant.Wasm.Decode.VType.i64 s)) →               Eq x_1 (Kant.Wasm.Decode.RawInstr.cmpop op) → False) →           (∀ (s : List Kant.Wasm.Decode.VType),               Eq x (List.cons Kant.Wasm.Decode.VType.i32 s) →                 Eq x_1 Kant.Wasm.Decode.RawInstr.extendU → False) →             Eq (Kant.Wasm.Decode.stackStep arity x x_1) Option.none","O7;13;source_systemS5;lean411;source_fileS31;RequestProject/Wasm/Decode.lean13;source_formatS4;text11;imported_atI+0;14;transformed_atI+0;15;transformationsL0;13;parent_objectS0;","be031a404f571a584517a720910f10931c3df808e36bf0aed94c47ecefccf659"
"obj.Kant.Diagnostics.instDecidableEqReport.decEq","def","Kant.Diagnostics.instDecidableEqReport.decEq","ASSERTED","(x x_1 : Kant.Diagnostics.Report) → Decidable (Eq x x_1)","L0;","O0;","L0;","L0;","L0;","L0;","L0;","L0;","S56;(x x_1 : Kant.Diagnostics.Report) → Decidable (Eq x x_1)","O7;13;source_systemS5;lean411;source_fileS36;RequestProject/Kant/Diagnostics.lean13;source_formatS4;text11;imported_atI+0;14;transformed_atI+493;15;transformationsL0;13;parent_objectS0;","86e6f92d340a0bfb4576e3720ea504e0313c7d04c925b229a635bd624d08c4ae"
"obj.Kant.Clipboard.Envelope.ctorIdx","def","Kant.Clipboard.Envelope.ctorIdx","ASSERTED","Kant.Clipboard.Envelope → Nat","L0;","O0;","L0;","L0;","L0;","L0;","L0;","L0;","S29;Kant.Clipboard.Envelope → Nat","O7;13;source_systemS5;lean411;source_fileS34;RequestProject/Kant/Clipboard.lean13;source_formatS4;text11;imported_atI+0;14;transformed_atI+0;15;transformationsL0;13;parent_objectS0;","b849b3938f1f83472d4083d5f7fec7bcebdcf228372bad7568386e25d148686a"
"obj.Kant.InviteCard.instReprDress","def","Kant.InviteCard.instReprDress","ASSERTED","Repr Kant.InviteCard.Dress","L1;S25;obj.Kant.InviteCard.Dress","O0;","L0;","L0;","L0;","L0;","L0;","L0;","S26;Repr Kant.InviteCard.Dress","O7;13;source_systemS5;lean411;source_fileS35;RequestProject/Kant/InviteCard.lean13;source_formatS4;text11;imported_atI+0;14;transformed_atI+132;15;transformationsL0;13;parent_objectS0;","5b129d385eb9ac01d0c28e555d0ed7deb6e9cab76df5b4bb5578e3d8ce2cf818"
"obj.Kant.Wasm.Kernel.cidPayloadE","def","Kant.Wasm.Kernel.cidPayloadE","ASSERTED","Kant.Wasm.Expr","L2;S18;obj.Kant.Wasm.ExprS23;obj.Kant.Wasm.Expr.modC","O0;","L0;","L0;","L0;","L0;","L0;","L0;","S14;Kant.Wasm.Expr","O7;13;source_systemS5;lean411;source_fileS31;RequestProject/Wasm/Kernel.lean13;source_formatS4;text11;imported_atI+0;14;transformed_atI+58;15;transformationsL0;13;parent_objectS0;","1c8a21faf8a51b6c169dfa0c2d7443bf9b07671a8793d512f68d35e6ba026565"
"obj.Kant.Dom.Summary","inductive","Kant.Dom.Summary","ASSERTED","Type","L0;","O0;","L0;","L0;","L0;","L0;","L0;","L0;","S4;Type","O7;13;source_systemS5;lean411;source_fileS38;RequestProject/Kant/Domain/Ledger.lean13;source_formatS4;text11;imported_atI+0;14;transformed_atI+231;15;transformationsL0;13;parent_objectS0;","74f3775a88218648db3b5e803973e9cb02aaf3963a9aaecec5549ecd7c40e9d1"
"obj.Kant.Wasm.Instr.i64const.sizeOf_spec","theorem","Kant.Wasm.Instr.i64const.sizeOf_spec","PROVEN","∀ (n : Nat),   Eq (Kant.Wasm.Instr._sizeOf_inst.sizeOf (Kant.Wasm.Instr.i64const n))     (instHAdd.hAdd 1 (instSizeOfNat.sizeOf n))","L0;","O0;","L0;","L0;","L1;S42;claim.Kant.Wasm.Instr.i64const.sizeOf_spec","L0;","L1;S42;proof.Kant.Wasm.Instr.i64const.sizeOf_spec","L0;","S131;∀ (n : Nat),   Eq (Kant.Wasm.Instr._sizeOf_inst.sizeOf (Kant.Wasm.Instr.i64const n))     (instHAdd.hAdd 1 (instSizeOfNat.sizeOf n))","O7;13;source_systemS5;lean411;source_fileS31;RequestProject/Wasm/Syntax.lean13;source_formatS4;text11;imported_atI+0;14;transformed_atI+0;15;transformationsL0;13;parent_objectS0;","4f4e3ae88cb34d58988c43cc6f66d48b6b9a5d8a4222ca26acb2026fab1a3e19"
"obj.Kant.Wasm.Decode.instDecidableEqRawModule","def","Kant.Wasm.Decode.instDecidableEqRawModule","ASSERTED","DecidableEq Kant.Wasm.Decode.RawModule","L0;","O0;","L0;","L0;","L0;","L0;","L0;","L0;","S38;DecidableEq Kant.Wasm.Decode.RawModule","O7;13;source_systemS5;lean411;source_fileS31;RequestProject/Wasm/Decode.lean13;source_formatS4;text11;imported_atI+0;14;transformed_atI+67;15;transformationsL0;13;parent_objectS0;","710aa63198357c63abab906cc52d282061b0a2738bc273293193d625033143e6"
"obj.Kant.Codec.canonEncList.eq_1","theorem","Kant.Codec.canonEncList.eq_1","PROVEN","Eq (Kant.Codec.canonEncList List.nil) List.nil","L1;S27;obj.Kant.Codec.canonEncList","O0;","L0;","L0;","L1;S34;claim.Kant.Codec.canonEncList.eq_1","L0;","L1;S34;proof.Kant.Codec.canonEncList.eq_1","L0;","S46;Eq (Kant.Codec.canonEncList List.nil) List.nil","O7;13;source_systemS5;lean411;source_fileS34;RequestProject/Kant/Codec/Val.lean13;source_formatS4;text11;imported_atI+0;14;transformed_atI+0;15;transformationsL0;13;parent_objectS0;","3c3c624c38daf55c86fc2b0019b7370fbd04b71e81976d424d8adf280497fb75"
"obj.Kant.Dom.proven_points_at_a_proof","theorem","Kant.Dom.proven_points_at_a_proof","PROVEN","∀ (d : Kant.Dom.Domain) (o : Kant.Dom.DomObj),   Eq (Kant.Dom.coverage d o) Kant.Dom.Coverage.proven →     Exists fun i =>       And (List.instMembership.mem o.proofRefs i)         (Exists fun p =>           And (Eq (Kant.Dom.findProof d i) (Option.some p))             (And (Eq p.id i) (Eq p.status Kant.Dom.PStatus.valid)))","L1;S21;obj.Kant.Dom.ProofRec","O0;","L0;","L0;","L1;S39;claim.Kant.Dom.proven_points_at_a_proof","L0;","L1;S39;proof.Kant.Dom.proven_points_at_a_proof","L0;","S325;∀ (d : Kant.Dom.Domain) (o : Kant.Dom.DomObj),   Eq (Kant.Dom.coverage d o) Kant.Dom.Coverage.proven →     Exists fun i =>       And (List.instMembership.mem o.proofRefs i)         (Exists fun p =>           And (Eq (Kant.Dom.findProof d i) (Option.some p))             (And (Eq p.id i) (Eq p.status Kant.Dom.PStatus.valid)))","O7;13;source_systemS5;lean411;source_fileS38;RequestProject/Kant/Domain/Ledger.lean13;source_formatS4;text11;imported_atI+0;14;transformed_atI+114;15;transformationsL0;13;parent_objectS0;","864a25de62decb16299d3beceaff1629154c9d33be713f103586f04eb1ac0663"
"obj.Kant.Codec.Severity.ofNat","def","Kant.Codec.Severity.ofNat","ASSERTED","Nat → Kant.Codec.Severity","L0;","O0;","L0;","L0;","L0;","L0;","L0;","L0;","S25;Nat → Kant.Codec.Severity","O7;13;source_systemS5;lean411;source_fileS36;RequestProject/Kant/Codec/Model.lean13;source_formatS4;text11;imported_atI+0;14;transformed_atI+0;15;transformationsL0;13;parent_objectS0;","fcbb0a622374ee9f77fffa89b5a4dcdc069702a3c9d9dde59b2961e1952cc122"
"obj.Kant.Dom.DomObj.errorRefs","def","Kant.Dom.DomObj.errorRefs","ASSERTED","Kant.Dom.DomObj → List Kant.Dom.Id","L0;","O0;","L0;","L0;","L0;","L0;","L0;","L0;","S34;Kant.Dom.DomObj → List Kant.Dom.Id","O7;13;source_systemS5;lean411;source_fileS37;RequestProject/Kant/Domain/Model.lean13;source_formatS4;text11;imported_atI+0;14;transformed_atI+306;15;transformationsL0;13;parent_objectS0;","b640130c8f6b657d84a804e715bd798ac8563281d0700057bb0486cc28ebee54"
"obj.Kant.Sneakernet.Frame.recOn","def","Kant.Sneakernet.Frame.recOn","ASSERTED","{motive : Kant.Sneakernet.Frame → Sort u} →   (t : Kant.Sneakernet.Frame) →     ((seq total : Nat) →         (payload : Kant.Bytes.Blob) → motive { seq := seq, total := total, payload := payload }) →       motive t","L0;","O0;","L0;","L0;","L0;","L0;","L0;","L0;","S214;{motive : Kant.Sneakernet.Frame → Sort u} →   (t : Kant.Sneakernet.Frame) →     ((seq total : Nat) →         (payload : Kant.Bytes.Blob) → motive { seq := seq, total := total, payload := payload }) →       motive t","O7;13;source_systemS5;lean411;source_fileS35;RequestProject/Kant/Sneakernet.lean13;source_formatS4;text11;imported_atI+0;14;transformed_atI+131;15;transformationsL0;13;parent_objectS0;","3bbdd6f849d965f69cc8568c2d4d1f0964aa2228e479b040c1e3d46adf463993"
"obj.Kant.Dom.Claim.mk.inj","theorem","Kant.Dom.Claim.mk.inj","PROVEN","∀ {id objectRef : Kant.Dom.Id} {text : List Char} {truth : Kant.Dom.Truth}   {proofRefs : List Kant.Dom.Id} {id_1 objectRef_1 : Kant.Dom.Id} {text_1 : List Char}   {truth_1 : Kant.Dom.Truth} {proofRefs_1 : List Kant.Dom.Id},   Eq { id := id, objectRef := objectRef, text := text, truth := truth, proofRefs := proofRefs }       { id := id_1, objectRef := objectRef_1, text := text_1, truth := truth_1,         proofRefs := proofRefs_1 } →     And (Eq id id_1)       (And (Eq objectRef objectRef_1)         (And (Eq text text_1) (And (Eq truth truth_1) (Eq proofRefs proofRefs_1))))","L0;","O0;","L0;","L0;","L1;S27;claim.Kant.Dom.Claim.mk.inj","L0;","L1;S27;proof.Kant.Dom.Claim.mk.inj","L0;","S580;∀ {id objectRef : Kant.Dom.Id} {text : List Char} {truth : Kant.Dom.Truth}   {proofRefs : List Kant.Dom.Id} {id_1 objectRef_1 : Kant.Dom.Id} {text_1 : List Char}   {truth_1 : Kant.Dom.Truth} {proofRefs_1 : List Kant.Dom.Id},   Eq { id := id, objectRef := objectRef, text := text, truth := truth, proofRefs := proofRefs }       { id := id_1, objectRef := objectRef_1, text := text_1, truth := truth_1,         proofRefs := proofRefs_1 } →     And (Eq id id_1)       (And (Eq objectRef objectRef_1)         (And (Eq text text_1) (And (Eq truth truth_1) (Eq proofRefs proofRefs_1))))","O7;13;source_systemS5;lean411;source_fileS37;RequestProject/Kant/Domain/Model.lean13;source_formatS4;text11;imported_atI+0;14;transformed_atI+0;15;transformationsL0;13;parent_objectS0;","8f485db2600f441a37a94768361b188da8221696fcea6a5c007cff0d65969eef"
"obj.Kant.Cli.Cmd.noConfusion","def","Kant.Cli.Cmd.noConfusion","ASSERTED","{P : Sort u} → {t t' : Kant.Cli.Cmd} → Eq t t' → Kant.Cli.Cmd.noConfusionType P t t'","L0;","O0;","L0;","L0;","L0;","L0;","L0;","L0;","S84;{P : Sort u} → {t t' : Kant.Cli.Cmd} → Eq t t' → Kant.Cli.Cmd.noConfusionType P t t'","O7;13;source_systemS5;lean411;source_fileS28;RequestProject/Kant/Cli.lean13;source_formatS4;text11;imported_atI+0;14;transformed_atI+711;15;transformationsL0;13;parent_objectS0;","6ef75a94c397779f598409b98fdd92541c3782f24016ebcdc0f493cb803a6282"
"obj.Kant.Dom.decRecs","def","Kant.Dom.decRecs","ASSERTED","{α : Type} → (Kant.Codec.Val → Option α) → List Char → Option (List α)","L0;","O0;","L0;","L0;","L0;","L0;","L0;","L0;","S70;{α : Type} → (Kant.Codec.Val → Option α) → List Char → Option (List α)","O7;13;source_systemS5;lean411;source_fileS37;RequestProject/Kant/Domain/Table.lean13;source_formatS4;text11;imported_atI+0;14;transformed_atI+282;15;transformationsL0;13;parent_objectS0;","eb5d83514aee3442a238e96bf90ce39dd53ca95cb152151c5f9768c171faf067"
"obj.Kant.PlainText.Meta.mk.inj","theorem","Kant.PlainText.Meta.mk.inj","PROVEN","∀ {title link address posted title_1 link_1 address_1 posted_1 : List Char},   Eq { title := title, link := link, address := address, posted := posted }       { title := title_1, link := link_1, address := address_1, posted := posted_1 } →     And (Eq title title_1) (And (Eq link link_1) (And (Eq address address_1) (Eq posted posted_1)))","L0;","O0;","L0;","L0;","L1;S32;claim.Kant.PlainText.Meta.mk.inj","L0;","L1;S32;proof.Kant.PlainText.Meta.mk.inj","L0;","S339;∀ {title link address posted title_1 link_1 address_1 posted_1 : List Char},   Eq { title := title, link := link, address := address, posted := posted }       { title := title_1, link := link_1, address := address_1, posted := posted_1 } →     And (Eq title title_1) (And (Eq link link_1) (And (Eq address address_1) (Eq posted posted_1)))","O7;13;source_systemS5;lean411;source_fileS34;RequestProject/Kant/PlainText.lean13;source_formatS4;text11;imported_atI+0;14;transformed_atI+0;15;transformationsL0;13;parent_objectS0;","12d04becc1482bf77f40990d99bf4b5cc81a342eaa1d978534991606e42d40ba"
"obj.Kant.Codec.Inp.ctorIdx","def","Kant.Codec.Inp.ctorIdx","ASSERTED","Kant.Codec.Inp → Nat","L1;S18;obj.Kant.Codec.Inp","O0;","L0;","L0;","L0;","L0;","L0;","L0;","S20;Kant.Codec.Inp → Nat","O7;13;source_systemS5;lean411;source_fileS36;RequestProject/Kant/Codec/Model.lean13;source_formatS4;text11;imported_atI+0;14;transformed_atI+0;15;transformationsL0;13;parent_objectS0;","505bf6e0a8c759f3c395c3d21f3e9a28ad07cb2dc9191e3963006975662a9fee"
"obj.Kant.Dom.DomObj.ofVal.eq_2","theorem","Kant.Dom.DomObj.ofVal.eq_2","PROVEN","∀ (x : Kant.Codec.Val),   (∀ (fs : List (Prod (List Char) Kant.Codec.Val)), Eq x (Kant.Codec.Val.obj fs) → False) →     Eq (Kant.Dom.DomObj.ofVal x) Option.none","L1;S19;obj.Kant.Dom.getIds","O0;","L0;","L0;","L1;S32;claim.Kant.Dom.DomObj.ofVal.eq_2","L0;","L1;S32;proof.Kant.Dom.DomObj.ofVal.eq_2","L0;","S160;∀ (x : Kant.Codec.Val),   (∀ (fs : List (Prod (List Char) Kant.Codec.Val)), Eq x (Kant.Codec.Val.obj fs) → False) →     Eq (Kant.Dom.DomObj.ofVal x) Option.none","O7;13;source_systemS5;lean411;source_fileS37;RequestProject/Kant/Domain/Model.lean13;source_formatS4;text11;imported_atI+0;14;transformed_atI+0;15;transformationsL0;13;parent_objectS0;","f72b4462f2c39cb1a89b29f5962e214ec6f869b9eb79562b213811a152d3f148"
"obj.Kant.Dom.instDecidableEqTruth","def","Kant.Dom.instDecidableEqTruth","ASSERTED","DecidableEq Kant.Dom.Truth","L0;","O0;","L0;","L0;","L0;","L0;","L0;","L0;","S26;DecidableEq Kant.Dom.Truth","O7;13;source_systemS5;lean411;source_fileS37;RequestProject/Kant/Domain/Model.lean13;source_formatS4;text11;imported_atI+0;14;transformed_atI+52;15;transformationsL0;13;parent_objectS0;","2bcee2b6650d469eb60e21b0bfa2472146e6241090991c588ac269b817bf505b"
"obj.Kant.Dom.Evidence.id","def","Kant.Dom.Evidence.id","ASSERTED","Kant.Dom.Evidence → Kant.Dom.Id","L0;","O0;","L0;","L0;","L0;","L0;","L0;","L0;","S31;Kant.Dom.Evidence → Kant.Dom.Id","O7;13;source_systemS5;lean411;source_fileS37;RequestProject/Kant/Domain/Model.lean13;source_formatS4;text11;imported_atI+0;14;transformed_atI+469;15;transformationsL0;13;parent_objectS0;","7f167e03c270316725565f30e3b238d4e7aa1288f52dbf3567257f355cdb48a2"
"obj.Kant.Codec.Strategy.casesOn","def","Kant.Codec.Strategy.casesOn","ASSERTED","{motive : Kant.Codec.Strategy → Sort u} →   (t : Kant.Codec.Strategy) →     motive Kant.Codec.Strategy.preferSource →       motive Kant.Codec.Strategy.preferVerified →         motive Kant.Codec.Strategy.preferNewer →           motive Kant.Codec.Strategy.manual →             motive Kant.Codec.Strategy.merge → motive Kant.Codec.Strategy.reject → motive t","L0;","O0;","L0;","L0;","L0;","L0;","L0;","L0;","S354;{motive : Kant.Codec.Strategy → Sort u} →   (t : Kant.Codec.Strategy) →     motive Kant.Codec.Strategy.preferSource →       motive Kant.Codec.Strategy.preferVerified →         motive Kant.Codec.Strategy.preferNewer →           motive Kant.Codec.Strategy.manual →             motive Kant.Codec.Strategy.merge → motive Kant.Codec.Strategy.reject → motive t","O7;13;source_systemS5;lean411;source_fileS40;RequestProject/Kant/Codec/Reconcile.lean13;source_formatS4;text11;imported_atI+0;14;transformed_atI+279;15;transformationsL0;13;parent_objectS0;","d9ed3a7f5d36728e84c5fc33d9b88dd16d8700e8f5e21048faf204613f59af8b"
"obj.Kant.Handoff.Serverless","def","Kant.Handoff.Serverless","ASSERTED","List Kant.Handoff.Step → Prop","L0;","O0;","L0;","L0;","L0;","L0;","L0;","L0;","S29;List Kant.Handoff.Step → Prop","O7;13;source_systemS5;lean411;source_fileS32;RequestProject/Kant/Handoff.lean13;source_formatS4;text11;imported_atI+0;14;transformed_atI+68;15;transformationsL0;13;parent_objectS0;","445575cfe5f6a687ede78682e8551f9c18ad4e60d18d3f55fe1404c1dbfde61a"
"obj.Kant.CodeMovie.Circuit.brecOn","def","Kant.CodeMovie.Circuit.brecOn","ASSERTED","{motive : Kant.CodeMovie.Circuit → Sort u} →   (t : Kant.CodeMovie.Circuit) →     ((t : Kant.CodeMovie.Circuit) → Kant.CodeMovie.Circuit.below t → motive t) → motive t","L0;","O0;","L0;","L0;","L0;","L0;","L0;","L0;","S167;{motive : Kant.CodeMovie.Circuit → Sort u} →   (t : Kant.CodeMovie.Circuit) →     ((t : Kant.CodeMovie.Circuit) → Kant.CodeMovie.Circuit.below t → motive t) → motive t","O7;13;source_systemS5;lean411;source_fileS34;RequestProject/Kant/CodeMovie.lean13;source_formatS4;text11;imported_atI+0;14;transformed_atI+155;15;transformationsL0;13;parent_objectS0;","7d2e224f1d305b5e8483786050b47581fc7cec19787dcab830d812fff670b0db"
"obj.Kant.Diagnostics.instDecidableEqLevel","def","Kant.Diagnostics.instDecidableEqLevel","ASSERTED","DecidableEq Kant.Diagnostics.Level","L0;","O0;","L0;","L0;","L0;","L0;","L0;","L0;","S34;DecidableEq Kant.Diagnostics.Level","O7;13;source_systemS5;lean411;source_fileS36;RequestProject/Kant/Diagnostics.lean13;source_formatS4;text11;imported_atI+0;14;transformed_atI+71;15;transformationsL0;13;parent_objectS0;","23904319ae597e8ca159e28ad00673ff9d5c4d28ef6f79f2169eaf0e48667de5"
"obj.Kant.Demo.sampleQuote","def","Kant.Demo.sampleQuote","ASSERTED","Kant.Repost.Quote","L0;","O0;","L0;","L0;","L0;","L0;","L0;","L0;","S17;Kant.Repost.Quote","O7;13;source_systemS5;lean411;source_fileS29;RequestProject/Kant/Demo.lean13;source_formatS4;text11;imported_atI+0;14;transformed_atI+206;15;transformationsL0;13;parent_objectS0;","e9cc653a4716412ed84a3df6787b85c183fb7d5850c42888429cf2c78505189b"
"obj.Kant.Dom.Evidence.ofVal.eq_2","theorem","Kant.Dom.Evidence.ofVal.eq_2","PROVEN","∀ (x : Kant.Codec.Val),   (∀ (fs : List (Prod (List Char) Kant.Codec.Val)), Eq x (Kant.Codec.Val.obj fs) → False) →     Eq (Kant.Dom.Evidence.ofVal x) Option.none","L0;","O0;","L0;","L0;","L1;S34;claim.Kant.Dom.Evidence.ofVal.eq_2","L0;","L1;S34;proof.Kant.Dom.Evidence.ofVal.eq_2","L0;","S162;∀ (x : Kant.Codec.Val),   (∀ (fs : List (Prod (List Char) Kant.Codec.Val)), Eq x (Kant.Codec.Val.obj fs) → False) →     Eq (Kant.Dom.Evidence.ofVal x) Option.none","O7;13;source_systemS5;lean411;source_fileS37;RequestProject/Kant/Domain/Model.lean13;source_formatS4;text11;imported_atI+0;14;transformed_atI+0;15;transformationsL0;13;parent_objectS0;","5e26a2ce42fb3253b4b0185d4072ae20b4e5e1ad497f47f9f823fcb9e1caf846"
"obj.Kant.Wasm.Kernel.mergeCidsE","def","Kant.Wasm.Kernel.mergeCidsE","ASSERTED","Kant.Wasm.Expr","L2;S18;obj.Kant.Wasm.ExprS23;obj.Kant.Wasm.Expr.modC","O0;","L0;","L0;","L0;","L0;","L0;","L0;","S14;Kant.Wasm.Expr","O7;13;source_systemS5;lean411;source_fileS31;RequestProject/Wasm/Kernel.lean13;source_formatS4;text11;imported_atI+0;14;transformed_atI+65;15;transformationsL0;13;parent_objectS0;","afaebf05bf8934529b5a360dedabf4a51743edf2630c06ac95489a3e12b0b3ff"
"obj.Kant.Dom.parse.eq_1","theorem","Kant.Dom.parse.eq_1","PROVEN","∀ (x : List Char), Eq (Kant.Dom.parse Kant.Codec.Fmt.text x) (Kant.Dom.parseText x)","L0;","O0;","L0;","L0;","L1;S25;claim.Kant.Dom.parse.eq_1","L0;","L1;S25;proof.Kant.Dom.parse.eq_1","L0;","S83;∀ (x : List Char), Eq (Kant.Dom.parse Kant.Codec.Fmt.text x) (Kant.Dom.parseText x)","O7;13;source_systemS5;lean411;source_fileS36;RequestProject/Kant/Domain/Emit.lean13;source_formatS4;text11;imported_atI+0;14;transformed_atI+0;15;transformationsL0;13;parent_objectS0;","2cca55e757875aec1b8d9767528479779483df13aeeb4cba8fd65217ed5841a5"
"obj.Kant.Dom.RepairRecord.casesOn","def","Kant.Dom.RepairRecord.casesOn","ASSERTED","{motive : Kant.Dom.RepairRecord → Sort u} →   (t : Kant.Dom.RepairRecord) →     ((error : Kant.Codec.Err) →         (repair : Kant.Dom.Repair) →           (result : Option Kant.Codec.Val) →             (status : Kant.Dom.PStatus) →               motive { error := error, repair := repair, result := result, status := status }) →       motive t","L0;","O0;","L0;","L0;","L0;","L0;","L0;","L0;","S343;{motive : Kant.Dom.RepairRecord → Sort u} →   (t : Kant.Dom.RepairRecord) →     ((error : Kant.Codec.Err) →         (repair : Kant.Dom.Repair) →           (result : Option Kant.Codec.Val) →             (status : Kant.Dom.PStatus) →               motive { error := error, repair := repair, result := result, status := status }) →       motive t","O7;13;source_systemS5;lean411;source_fileS38;RequestProject/Kant/Domain/Policy.lean13;source_formatS4;text11;imported_atI+0;14;transformed_atI+212;15;transformationsL0;13;parent_objectS0;","643689bbadd9d334d26df22d2f3e39c7f265cf202ae3845a77c290680c78080d"
"obj.Kant.Sheaf.instReprEncoding.repr","def","Kant.Sheaf.instReprEncoding.repr","ASSERTED","Kant.Sheaf.Encoding → Nat → Std.Format","L0;","O0;","L0;","L0;","L0;","L0;","L0;","L0;","S38;Kant.Sheaf.Encoding → Nat → Std.Format","O7;13;source_systemS5;lean411;source_fileS30;RequestProject/Kant/Sheaf.lean13;source_formatS4;text11;imported_atI+0;14;transformed_atI+87;15;transformationsL0;13;parent_objectS0;","a055b6704a7a5141c06a47e551ed447ea535f1edc71c71cbbb6f5801a6701e28"
"obj.Kant.CardDebug.Code.page.elim","def","Kant.CardDebug.Code.page.elim","ASSERTED","{motive : Kant.CardDebug.Code → Sort u} →   (t : Kant.CardDebug.Code) →     Eq t.ctorIdx 2 → ((addr : List Char) → motive (Kant.CardDebug.Code.page addr)) → motive t","L0;","O0;","L0;","L0;","L0;","L0;","L0;","L0;","S165;{motive : Kant.CardDebug.Code → Sort u} →   (t : Kant.CardDebug.Code) →     Eq t.ctorIdx 2 → ((addr : List Char) → motive (Kant.CardDebug.Code.page addr)) → motive t","O7;13;source_systemS5;lean411;source_fileS34;RequestProject/Kant/CardDebug.lean13;source_formatS4;text11;imported_atI+0;14;transformed_atI+93;15;transformationsL0;13;parent_objectS0;","972d6abc1a80cfdb9563e9f8083f88d89934dd5023b73701a5d811dd90fde29e"
"obj.Kant.Dom.Wf.recOn","def","Kant.Dom.Wf.recOn","ASSERTED","{d : Kant.Dom.Domain} →   {motive : Kant.Dom.Wf d → Sort u} →     (t : Kant.Dom.Wf d) →       ((objectsNodup : (List.map Kant.Dom.DomObj.id d.objects).Nodup) →           (proofsNodup : (List.map Kant.Dom.ProofRec.id d.proofs).Nodup) →             (proofRefsResolve :                 ∀ (o : Kant.Dom.DomObj),                   List.instMembership.mem d.objects o →                     ∀ (i : Kant.Dom.Id),                       List.instMembership.mem o.proofRefs i →                         Exists fun p =>                           And (Eq (Kant.Dom.findProof d i) (Option.some p))                             (List.instMembership.mem p.outputRefs o.id)) →               (inputsResolve :                   ∀ (p : Kant.Dom.ProofRec),                     List.instMembership.mem d.proofs p →                       ∀ (i : Kant.Dom.Id),                         List.instMembership.mem p.inputRefs i →                           Eq (Kant.Dom.findObj d i).isSome Bool.true) →                 (outputsResolve :                     ∀ (p : Kant.Dom.ProofRec),                       List.instMembership.mem d.proofs p →                         ∀ (i : Kant.Dom.Id),                           List.instMembership.mem p.outputRefs i →                             Exists fun o =>                               And (Eq (Kant.Dom.findObj d i) (Option.some o))                                 (List.instMembership.mem o.proofRefs p.id)) →                   (provenIsProved :                       ∀ (o : Kant.Dom.DomObj),                         List.instMembership.mem d.objects o →                           Eq o.truth Kant.Dom.Truth.proven →                             Exists fun i =>                               And (List.instMembership.mem o.proofRefs i)                                 (Exists fun p =>                                   And (Eq (Kant.Dom.findProof d i) (Option.some p))                                     (Eq p.status Kant.Dom.PStatus.valid))) →                     motive ⋯) →         motive t","L1;S21;obj.Kant.Dom.ProofRec","O0;","L0;","L0;","L0;","L0;","L0;","L0;","S2004;{d : Kant.Dom.Domain} →   {motive : Kant.Dom.Wf d → Sort u} →     (t : Kant.Dom.Wf d) →       ((objectsNodup : (List.map Kant.Dom.DomObj.id d.objects).Nodup) →           (proofsNodup : (List.map Kant.Dom.ProofRec.id d.proofs).Nodup) →             (proofRefsResolve :                 ∀ (o : Kant.Dom.DomObj),                   List.instMembership.mem d.objects o →                     ∀ (i : Kant.Dom.Id),                       List.instMembership.mem o.proofRefs i →                         Exists fun p =>                           And (Eq (Kant.Dom.findProof d i) (Option.some p))                             (List.instMembership.mem p.outputRefs o.id)) →               (inputsResolve :                   ∀ (p : Kant.Dom.ProofRec),                     List.instMembership.mem d.proofs p →                       ∀ (i : Kant.Dom.Id),                         List.instMembership.mem p.inputRefs i →                           Eq (Kant.Dom.findObj d i).isSome Bool.true) →                 (outputsResolve :                     ∀ (p : Kant.Dom.ProofRec),                       List.instMembership.mem d.proofs p →                         ∀ (i : Kant.Dom.Id),                           List.instMembership.mem p.outputRefs i →                             Exists fun o =>                               And (Eq (Kant.Dom.findObj d i) (Option.some o))                                 (List.instMembership.mem o.proofRefs p.id)) →                   (provenIsProved :                       ∀ (o : Kant.Dom.DomObj),                         List.instMembership.mem d.objects o →                           Eq o.truth Kant.Dom.Truth.proven →                             Exists fun i =>                               And (List.instMembership.mem o.proofRefs i)                                 (Exists fun p =>                                   And (Eq (Kant.Dom.findProof d i) (Option.some p))                                     (Eq p.status Kant.Dom.PStatus.valid))) →                     motive ⋯) →         motive t","O7;13;source_systemS5;lean411;source_fileS38;RequestProject/Kant/Domain/Ledger.lean13;source_formatS4;text11;imported_atI+0;14;transformed_atI+290;15;transformationsL0;13;parent_objectS0;","a7a06e05c2a52cf02b661419947bc413cccffa6c3bdbaff6612bbe8912ff3c49"
"obj.Kant.Handoff.instDecidableEqStep","def","Kant.Handoff.instDecidableEqStep","ASSERTED","DecidableEq Kant.Handoff.Step","L0;","O0;","L0;","L0;","L0;","L0;","L0;","L0;","S29;DecidableEq Kant.Handoff.Step","O7;13;source_systemS5;lean411;source_fileS32;RequestProject/Kant/Handoff.lean13;source_formatS4;text11;imported_atI+0;14;transformed_atI+66;15;transformationsL0;13;parent_objectS0;","e13370f55c4dbb01fc22c977eb05a70e6ed78d024b51c15bb8f4612265c2abe8"
"obj.Kant.Credits.Ledger.balance_empty","theorem","Kant.Credits.Ledger.balance_empty","PROVEN","∀ (p : Kant.Credits.Peer), Eq (Kant.Credits.Ledger.empty.balance p) 0","L1;S31;obj.Kant.Credits.Ledger.balance","O0;","L0;","L0;","L1;S39;claim.Kant.Credits.Ledger.balance_empty","L0;","L1;S39;proof.Kant.Credits.Ledger.balance_empty","L0;","S69;∀ (p : Kant.Credits.Peer), Eq (Kant.Credits.Ledger.empty.balance p) 0","O7;13;source_systemS5;lean411;source_fileS32;RequestProject/Kant/Credits.lean13;source_formatS4;text11;imported_atI+0;14;transformed_atI+82;15;transformationsL0;13;parent_objectS0;","845ece08cfb26216ea3b4a0e8a788199d21e289304b9ced83dd9c3fc1bef215b"
"obj.Kant.Store.put_old","theorem","Kant.Store.put_old","PROVEN","∀ {st : Kant.Store} {p : Kant.Paste}, Eq (st.get p.witness).isSome Bool.true → Eq (st.put p) st","L0;","O0;","L0;","L0;","L1;S24;claim.Kant.Store.put_old","L0;","L1;S24;proof.Kant.Store.put_old","L0;","S95;∀ {st : Kant.Store} {p : Kant.Paste}, Eq (st.get p.witness).isSome Bool.true → Eq (st.put p) st","O7;13;source_systemS5;lean411;source_fileS30;RequestProject/Kant/Paste.lean13;source_formatS4;text11;imported_atI+0;14;transformed_atI+129;15;transformationsL0;13;parent_objectS0;","81c1de5352a11bcfead75845408ab8ac3f5f04715f22ee0da6c1c6c5cc5e216a"
"obj.Kant.Dasl.monsterPrimes_length","theorem","Kant.Dasl.monsterPrimes_length","PROVEN","Eq Kant.Dasl.monsterPrimes.length 15","L0;","O0;","L0;","L0;","L1;S36;claim.Kant.Dasl.monsterPrimes_length","L0;","L1;S36;proof.Kant.Dasl.monsterPrimes_length","L0;","S36;Eq Kant.Dasl.monsterPrimes.length 15","O7;13;source_systemS5;lean411;source_fileS29;RequestProject/Kant/Dasl.lean13;source_formatS4;text11;imported_atI+0;14;transformed_atI+52;15;transformationsL0;13;parent_objectS0;","17adc0ccf5b5fac47e2fddec46975ec7fd22844e6ecd914aa5baf84987c234cd"
"obj.Kant.Codec.ExportReport.recOn","def","Kant.Codec.ExportReport.recOn","ASSERTED","{motive : Kant.Codec.ExportReport → Sort u} →   (t : Kant.Codec.ExportReport) →     ((format : Kant.Codec.Fmt) →         (artifact : List Char) →           (lossiness : Kant.Codec.Loss) →             (roundTripped : Bool) →               (ledger : List Kant.Codec.Trans) →                 motive                   { format := format, artifact := artifact, lossiness := lossiness,                     roundTripped := roundTripped, ledger := ledger }) →       motive t","L0;","O0;","L0;","L0;","L0;","L0;","L0;","L0;","S466;{motive : Kant.Codec.ExportReport → Sort u} →   (t : Kant.Codec.ExportReport) →     ((format : Kant.Codec.Fmt) →         (artifact : List Char) →           (lossiness : Kant.Codec.Loss) →             (roundTripped : Bool) →               (ledger : List Kant.Codec.Trans) →                 motive                   { format := format, artifact := artifact, lossiness := lossiness,                     roundTripped := roundTripped, ledger := ledger }) →       motive t","O7;13;source_systemS5;lean411;source_fileS39;RequestProject/Kant/Codec/Exchange.lean13;source_formatS4;text11;imported_atI+0;14;transformed_atI+222;15;transformationsL0;13;parent_objectS0;","b7a398ef84234115874b035538dc7d7a939dc42e6470b3df347b3b379537ce14"
"obj.Kant.InviteCard.isAscii_inviteUrl","theorem","Kant.InviteCard.isAscii_inviteUrl","PROVEN","∀ {c : Kant.SiteCard.Config},   c.Wf → ∀ (i : Kant.Rendezvous.Invite), Kant.Text.IsAscii (Kant.InviteCard.inviteUrl c i)","L3;S24;obj.Kant.SiteCard.ConfigS26;obj.Kant.Rendezvous.InviteS32;obj.Kant.InviteCard.inviteUrl_eq","O0;","L0;","L0;","L1;S39;claim.Kant.InviteCard.isAscii_inviteUrl","L0;","L1;S39;proof.Kant.InviteCard.isAscii_inviteUrl","L0;","S120;∀ {c : Kant.SiteCard.Config},   c.Wf → ∀ (i : Kant.Rendezvous.Invite), Kant.Text.IsAscii (Kant.InviteCard.inviteUrl c i)","O7;13;source_systemS5;lean411;source_fileS35;RequestProject/Kant/InviteCard.lean13;source_formatS4;text11;imported_atI+0;14;transformed_atI+110;15;transformationsL0;13;parent_objectS0;","4125be935f82bbaf4468ab1aa727722c90b1a0f5b276a1852d8227c0c1b9f652"
"obj.Kant.Dom.readCells_head","theorem","Kant.Dom.readCells_head","PROVEN","∀ (fuel : Nat) (c : List Char) (sep : Char) (rest : List Char),   Ne sep '\""' →     Eq       (Kant.Dom.readCells (instHAdd.hAdd fuel 1)         (instHAppendOfAppend.hAppend (Kant.Codec.csvField c) (List.cons sep rest)))       (ite (Eq sep '\n') (Option.some { fst := List.cons c List.nil, snd := rest })         (ite (Eq sep ',')           (Option.map (fun p => { fst := List.cons c p.fst, snd := p.snd })             (Kant.Dom.readCells fuel rest))           Option.none))","L0;","O0;","L0;","L0;","L1;S29;claim.Kant.Dom.readCells_head","L0;","L1;S29;proof.Kant.Dom.readCells_head","L0;","S473;∀ (fuel : Nat) (c : List Char) (sep : Char) (rest : List Char),   Ne sep '\""' →     Eq       (Kant.Dom.readCells (instHAdd.hAdd fuel 1)         (instHAppendOfAppend.hAppend (Kant.Codec.csvField c) (List.cons sep rest)))       (ite (Eq sep '\n') (Option.some { fst := List.cons c List.nil, snd := rest })         (ite (Eq sep ',')           (Option.map (fun p => { fst := List.cons c p.fst, snd := p.snd })             (Kant.Dom.readCells fuel rest))           Option.none))","O7;13;source_systemS5;lean411;source_fileS37;RequestProject/Kant/Domain/Table.lean13;source_formatS4;text11;imported_atI+0;14;transformed_atI+83;15;transformationsL0;13;parent_objectS0;","d363c2b604bba0a4298e60a871dad5d712df25a8a629c3626bf088b19163a3e5"
"obj.Kant.Dasl.rotate71_add","theorem","Kant.Dasl.rotate71_add","PROVEN","∀ (o : Kant.Dasl.Orbifold) (j k : Nat),   Eq (Kant.Dasl.rotate71 (Kant.Dasl.rotate71 o j) k) (Kant.Dasl.rotate71 o (instHAdd.hAdd j k))","L0;","O0;","L0;","L0;","L1;S28;claim.Kant.Dasl.rotate71_add","L0;","L1;S28;proof.Kant.Dasl.rotate71_add","L0;","S135;∀ (o : Kant.Dasl.Orbifold) (j k : Nat),   Eq (Kant.Dasl.rotate71 (Kant.Dasl.rotate71 o j) k) (Kant.Dasl.rotate71 o (instHAdd.hAdd j k))","O7;13;source_systemS5;lean411;source_fileS29;RequestProject/Kant/Dasl.lean13;source_formatS4;text11;imported_atI+0;14;transformed_atI+232;15;transformationsL0;13;parent_objectS0;","ca618ffbd19e257804fcb1ce8e19818b08dd4d436f47295e2111d64966b2fd11"
"obj.Kant.Dom.Domain.ofVal.eq_2","theorem","Kant.Dom.Domain.ofVal.eq_2","PROVEN","∀ (x : Kant.Codec.Val),   (∀ (fs : List (Prod (List Char) Kant.Codec.Val)), Eq x (Kant.Codec.Val.obj fs) → False) →     Eq (Kant.Dom.Domain.ofVal x) Option.none","L1;S21;obj.Kant.Dom.ProofRec","O0;","L0;","L0;","L1;S32;claim.Kant.Dom.Domain.ofVal.eq_2","L0;","L1;S32;proof.Kant.Dom.Domain.ofVal.eq_2","L0;","S160;∀ (x : Kant.Codec.Val),   (∀ (fs : List (Prod (List Char) Kant.Codec.Val)), Eq x (Kant.Codec.Val.obj fs) → False) →     Eq (Kant.Dom.Domain.ofVal x) Option.none","O7;13;source_systemS5;lean411;source_fileS37;RequestProject/Kant/Domain/Model.lean13;source_formatS4;text11;imported_atI+0;14;transformed_atI+0;15;transformationsL0;13;parent_objectS0;","f7eee98f368ff6e8c35f6a7b089ba58be3c7a98eb04410ae5651c2adfb79df91"
