"proof_id","name","kind","status","source_file","source_location","input_refs","assumptions","procedure","output_refs","claim_refs","dependencies","certificate","source","provenance","canonical_hash"
"proof.Kant.Codec.yVal_yamlEnc","Kant.Codec.yVal_yamlEnc","lean4","VALID","RequestProject/Kant/Codec/Yaml.lean","451","L2;S23;obj.Kant.Codec.NotDigitS22;obj.Kant.Codec.encNumY","L0;","elaborated and checked by the Lean kernel","L1;S27;obj.Kant.Codec.yVal_yamlEnc","L1;S29;claim.Kant.Codec.yVal_yamlEnc","L2;S25;proof.Kant.Codec.NotDigitS24;proof.Kant.Codec.encNumY","O4;4;kindS12;lean4-kernel6;digestS64;4ace79cae5b389c01ad32b32e9eef2670f4df41b315cd676a5e9a1e69dd99fa58;locationS35;RequestProject/Kant/Codec/Yaml.lean8;evidenceS15;MACHINE_CHECKED","RequestProject","O7;13;source_systemS5;lean411;source_fileS35;RequestProject/Kant/Codec/Yaml.lean13;source_formatS4;text11;imported_atI+0;14;transformed_atI+451;15;transformationsL0;13;parent_objectS0;","8b06c710e97a16e082dc4d749c4cd223f605fc00461991e6b3c472b55bbdc2a9"
"proof.Kant.Dom.Summary.mk.sizeOf_spec","Kant.Dom.Summary.mk.sizeOf_spec","lean4","VALID","RequestProject/Kant/Domain/Ledger.lean","0","L1;S20;obj.Kant.Dom.Summary","L0;","elaborated and checked by the Lean kernel","L1;S35;obj.Kant.Dom.Summary.mk.sizeOf_spec","L1;S37;claim.Kant.Dom.Summary.mk.sizeOf_spec","L1;S22;proof.Kant.Dom.Summary","O4;4;kindS12;lean4-kernel6;digestS64;b113b6b3b19e10cf8a53635bd2272d38a63f6d8eb6e04225d92ee2f2f2a7ad668;locationS38;RequestProject/Kant/Domain/Ledger.lean8;evidenceS15;MACHINE_CHECKED","RequestProject","O7;13;source_systemS5;lean411;source_fileS38;RequestProject/Kant/Domain/Ledger.lean13;source_formatS4;text11;imported_atI+0;14;transformed_atI+0;15;transformationsL0;13;parent_objectS0;","5810a83602d899182aff48236e045b6bf81a298baef05ffebefffe93e22938d1"
"proof.Kant.Cli.accept_printMsg_of_mem","Kant.Cli.accept_printMsg_of_mem","lean4","VALID","RequestProject/Kant/Cli.lean","646","L1;S18;obj.Kant.Relay.Msg","L0;","elaborated and checked by the Lean kernel","L1;S35;obj.Kant.Cli.accept_printMsg_of_mem","L1;S37;claim.Kant.Cli.accept_printMsg_of_mem","L1;S20;proof.Kant.Relay.Msg","O4;4;kindS12;lean4-kernel6;digestS64;e002262b02418f05c898325e20482f6ed65e4ec7da63c9b717fed7caa7b1e9188;locationS28;RequestProject/Kant/Cli.lean8;evidenceS15;MACHINE_CHECKED","RequestProject","O7;13;source_systemS5;lean411;source_fileS28;RequestProject/Kant/Cli.lean13;source_formatS4;text11;imported_atI+0;14;transformed_atI+646;15;transformationsL0;13;parent_objectS0;","69e27a9542a019287e79405876ab209b0b0022c22974838ebf7ef952ccda0381"
"proof.Kant.Wasm.step.eq_6","Kant.Wasm.step.eq_6","lean4","VALID","RequestProject/Wasm/Semantics.lean","0","L0;","L0;","elaborated and checked by the Lean kernel","L1;S23;obj.Kant.Wasm.step.eq_6","L1;S25;claim.Kant.Wasm.step.eq_6","L0;","O4;4;kindS12;lean4-kernel6;digestS64;57df09c490ae73398103e90cc1a67fd63ad5cd6423ac30535625e0aaaccbef508;locationS34;RequestProject/Wasm/Semantics.lean8;evidenceS15;MACHINE_CHECKED","RequestProject","O7;13;source_systemS5;lean411;source_fileS34;RequestProject/Wasm/Semantics.lean13;source_formatS4;text11;imported_atI+0;14;transformed_atI+0;15;transformationsL0;13;parent_objectS0;","d4d845c69881536ae5b932cf972c743d60ba693e5b1a66442bbfd2188e771597"
"proof.Kant.Codec.canonEnc.eq_3","Kant.Codec.canonEnc.eq_3","lean4","VALID","RequestProject/Kant/Codec/Val.lean","0","L0;","L0;","elaborated and checked by the Lean kernel","L1;S28;obj.Kant.Codec.canonEnc.eq_3","L1;S30;claim.Kant.Codec.canonEnc.eq_3","L0;","O4;4;kindS12;lean4-kernel6;digestS64;16edb33d6d7a9ba7e8661c1ba3a79eb442351b81a6dfcdcdde4febbbc2ac76da8;locationS34;RequestProject/Kant/Codec/Val.lean8;evidenceS15;MACHINE_CHECKED","RequestProject","O7;13;source_systemS5;lean411;source_fileS34;RequestProject/Kant/Codec/Val.lean13;source_formatS4;text11;imported_atI+0;14;transformed_atI+0;15;transformationsL0;13;parent_objectS0;","7aa6ed35f5c468b7b59b5368c4f9d6e4993225f9ae9732ddb080b0f13dae018a"
"proof.Kant.Wasm.BinOp.apply.eq_7","Kant.Wasm.BinOp.apply.eq_7","lean4","VALID","RequestProject/Wasm/Semantics.lean","0","L0;","L0;","elaborated and checked by the Lean kernel","L1;S30;obj.Kant.Wasm.BinOp.apply.eq_7","L1;S32;claim.Kant.Wasm.BinOp.apply.eq_7","L0;","O4;4;kindS12;lean4-kernel6;digestS64;3a07ab09a34ed6ccb5069868532bfbeb93eea69f81175222eb16def7107664c98;locationS34;RequestProject/Wasm/Semantics.lean8;evidenceS15;MACHINE_CHECKED","RequestProject","O7;13;source_systemS5;lean411;source_fileS34;RequestProject/Wasm/Semantics.lean13;source_formatS4;text11;imported_atI+0;14;transformed_atI+0;15;transformationsL0;13;parent_objectS0;","b5952139d5238fc7f9dc88921c1606548061976b6bbba82de7d30cd1a34347ba"
"proof.Kant.Wasm.Decode.funcTypeDec_funcType","Kant.Wasm.Decode.funcTypeDec_funcType","lean4","VALID","RequestProject/Wasm/Decode.lean","218","L1;S24;obj.Kant.Wasm.Decode.tag","L0;","elaborated and checked by the Lean kernel","L1;S41;obj.Kant.Wasm.Decode.funcTypeDec_funcType","L1;S43;claim.Kant.Wasm.Decode.funcTypeDec_funcType","L1;S26;proof.Kant.Wasm.Decode.tag","O4;4;kindS12;lean4-kernel6;digestS64;fdf9762ef6fb742861884ba2ff34ec3f1cfe6bd3e3777f5e5f88832dc1fed5ad8;locationS31;RequestProject/Wasm/Decode.lean8;evidenceS15;MACHINE_CHECKED","RequestProject","O7;13;source_systemS5;lean411;source_fileS31;RequestProject/Wasm/Decode.lean13;source_formatS4;text11;imported_atI+0;14;transformed_atI+218;15;transformationsL0;13;parent_objectS0;","a28b0ff4166694e34fd155f2db43a800b71bf6293f5134a91ae9deaa5f37a146"
"proof.Kant.PlainText.bodyOf.eq_1","Kant.PlainText.bodyOf.eq_1","lean4","VALID","RequestProject/Kant/PlainText.lean","0","L0;","L0;","elaborated and checked by the Lean kernel","L1;S30;obj.Kant.PlainText.bodyOf.eq_1","L1;S32;claim.Kant.PlainText.bodyOf.eq_1","L0;","O4;4;kindS12;lean4-kernel6;digestS64;98076f9e179adc580a4ca3b8cecbb6370995f95e37a55c6ecb38c82340ee0d158;locationS34;RequestProject/Kant/PlainText.lean8;evidenceS15;MACHINE_CHECKED","RequestProject","O7;13;source_systemS5;lean411;source_fileS34;RequestProject/Kant/PlainText.lean13;source_formatS4;text11;imported_atI+0;14;transformed_atI+0;15;transformationsL0;13;parent_objectS0;","f5c1f19d46cee8d05da5819483894ae35e0743e735caff76e8261d66a37fac89"
"proof.Kant.Dom.ledger_stable","Kant.Dom.ledger_stable","lean4","VALID","RequestProject/Kant/Domain/Ledger.lean","277","L0;","L0;","elaborated and checked by the Lean kernel","L1;S26;obj.Kant.Dom.ledger_stable","L1;S28;claim.Kant.Dom.ledger_stable","L0;","O4;4;kindS12;lean4-kernel6;digestS64;d393e086455a53b3438dd5e591fca8e4b0652e25c9b73b0918d71d92b1779c428;locationS38;RequestProject/Kant/Domain/Ledger.lean8;evidenceS15;MACHINE_CHECKED","RequestProject","O7;13;source_systemS5;lean411;source_fileS38;RequestProject/Kant/Domain/Ledger.lean13;source_formatS4;text11;imported_atI+0;14;transformed_atI+277;15;transformationsL0;13;parent_objectS0;","fd0bdd11e60d9756c737186998f10589b810692a6a0f1e701680cbe878444023"
"proof.Kant.Wasm.CmpOp.gtu.sizeOf_spec","Kant.Wasm.CmpOp.gtu.sizeOf_spec","lean4","VALID","RequestProject/Wasm/Syntax.lean","0","L0;","L0;","elaborated and checked by the Lean kernel","L1;S35;obj.Kant.Wasm.CmpOp.gtu.sizeOf_spec","L1;S37;claim.Kant.Wasm.CmpOp.gtu.sizeOf_spec","L0;","O4;4;kindS12;lean4-kernel6;digestS64;dbbcdf686f9be48f2b7b3357b3dc74fc7e339f0d20ee8fb501573506198445a28;locationS31;RequestProject/Wasm/Syntax.lean8;evidenceS15;MACHINE_CHECKED","RequestProject","O7;13;source_systemS5;lean411;source_fileS31;RequestProject/Wasm/Syntax.lean13;source_formatS4;text11;imported_atI+0;14;transformed_atI+0;15;transformationsL0;13;parent_objectS0;","fe951f5a5bee773924d0e474a94ca736f4194e52b6f52d730b0e69b3766863f0"
"proof.Kant.Codec.canonDecode_canonEnc","Kant.Codec.canonDecode_canonEnc","lean4","VALID","RequestProject/Kant/Codec/Val.lean","414","L0;","L0;","elaborated and checked by the Lean kernel","L1;S35;obj.Kant.Codec.canonDecode_canonEnc","L1;S37;claim.Kant.Codec.canonDecode_canonEnc","L0;","O4;4;kindS12;lean4-kernel6;digestS64;95f6f7f33c38d5d9134141f87f21acf2f71cddb8e8a44ac36080ad02c95c58c48;locationS34;RequestProject/Kant/Codec/Val.lean8;evidenceS15;MACHINE_CHECKED","RequestProject","O7;13;source_systemS5;lean411;source_fileS34;RequestProject/Kant/Codec/Val.lean13;source_formatS4;text11;imported_atI+0;14;transformed_atI+414;15;transformationsL0;13;parent_objectS0;","3571ab307dfb0db491abbcfe5525332741d2a063a3dcfe5a0fdf258e0631e5cd"
"proof.Kant.Codec.embedList.eq_2","Kant.Codec.embedList.eq_2","lean4","VALID","RequestProject/Kant/Codec/Ipdl.lean","0","L0;","L0;","elaborated and checked by the Lean kernel","L1;S29;obj.Kant.Codec.embedList.eq_2","L1;S31;claim.Kant.Codec.embedList.eq_2","L0;","O4;4;kindS12;lean4-kernel6;digestS64;21999c2be36cdcf1549dad5ec7af98f2ef540fb67495e2e349deed99ccb8441c8;locationS35;RequestProject/Kant/Codec/Ipdl.lean8;evidenceS15;MACHINE_CHECKED","RequestProject","O7;13;source_systemS5;lean411;source_fileS35;RequestProject/Kant/Codec/Ipdl.lean13;source_formatS4;text11;imported_atI+0;14;transformed_atI+0;15;transformationsL0;13;parent_objectS0;","8cc518b6998d0b1ddc05d70514d8c4faa8acbd3b6663c297a62fc37eced292f4"
"proof.Kant.Feed.timeline_page_size","Kant.Feed.timeline_page_size","lean4","VALID","RequestProject/Kant/Feed.lean","305","L1;S20;obj.Kant.Feed.newest","L0;","elaborated and checked by the Lean kernel","L1;S32;obj.Kant.Feed.timeline_page_size","L1;S34;claim.Kant.Feed.timeline_page_size","L1;S22;proof.Kant.Feed.newest","O4;4;kindS12;lean4-kernel6;digestS64;c69c1f1b66f3e293526c22a0008338707e32b1ae55a134addf45ee1a02ebc9c28;locationS29;RequestProject/Kant/Feed.lean8;evidenceS15;MACHINE_CHECKED","RequestProject","O7;13;source_systemS5;lean411;source_fileS29;RequestProject/Kant/Feed.lean13;source_formatS4;text11;imported_atI+0;14;transformed_atI+305;15;transformationsL0;13;parent_objectS0;","a1e20bf196de43021f8beb70128972c5c5e5e6b363c7733c6fe7d79f7d6a0aff"
"proof.Kant.Dom.Repair.stringToInteger.sizeOf_spec","Kant.Dom.Repair.stringToInteger.sizeOf_spec","lean4","VALID","RequestProject/Kant/Domain/Policy.lean","0","L0;","L0;","elaborated and checked by the Lean kernel","L1;S47;obj.Kant.Dom.Repair.stringToInteger.sizeOf_spec","L1;S49;claim.Kant.Dom.Repair.stringToInteger.sizeOf_spec","L0;","O4;4;kindS12;lean4-kernel6;digestS64;a07f6e0c06439e840caa6c8bd9c71177b305102795bdaeea2ab44246c3852fdd8;locationS38;RequestProject/Kant/Domain/Policy.lean8;evidenceS15;MACHINE_CHECKED","RequestProject","O7;13;source_systemS5;lean411;source_fileS38;RequestProject/Kant/Domain/Policy.lean13;source_formatS4;text11;imported_atI+0;14;transformed_atI+0;15;transformationsL0;13;parent_objectS0;","f9e80db8310eeb074a7f2450d58f6e944f61ee9eb74a8dad377688ee7f17243a"
"proof.Kant.SiteCard.cardSvg_picture_used","Kant.SiteCard.cardSvg_picture_used","lean4","VALID","RequestProject/Kant/SiteCard.lean","615","L1;S27;obj.Kant.SiteCard.gridRects","L0;","elaborated and checked by the Lean kernel","L1;S38;obj.Kant.SiteCard.cardSvg_picture_used","L1;S40;claim.Kant.SiteCard.cardSvg_picture_used","L1;S29;proof.Kant.SiteCard.gridRects","O4;4;kindS12;lean4-kernel6;digestS64;ad9b3b5fadd8340365e43aa5153a0dd4d24bb1c212563b51bbad478e6a4e5eea8;locationS33;RequestProject/Kant/SiteCard.lean8;evidenceS15;MACHINE_CHECKED","RequestProject","O7;13;source_systemS5;lean411;source_fileS33;RequestProject/Kant/SiteCard.lean13;source_formatS4;text11;imported_atI+0;14;transformed_atI+615;15;transformationsL0;13;parent_objectS0;","67cbfd6c2c1a2c6a9476583b78f09bad5f53eb0f3430bfe4ca66d5453fd96627"
"proof.Kant.Wasm.Module.mk.inj","Kant.Wasm.Module.mk.inj","lean4","VALID","RequestProject/Wasm/Syntax.lean","0","L0;","L0;","elaborated and checked by the Lean kernel","L1;S27;obj.Kant.Wasm.Module.mk.inj","L1;S29;claim.Kant.Wasm.Module.mk.inj","L0;","O4;4;kindS12;lean4-kernel6;digestS64;8c0c8a7d41f3dccb6debc2bec473db78e1ac1556936732ed980b962a76e631728;locationS31;RequestProject/Wasm/Syntax.lean8;evidenceS15;MACHINE_CHECKED","RequestProject","O7;13;source_systemS5;lean411;source_fileS31;RequestProject/Wasm/Syntax.lean13;source_formatS4;text11;imported_atI+0;14;transformed_atI+0;15;transformationsL0;13;parent_objectS0;","c509ddf3513e70c36cf850edfed12c80d33e13a39af1f2c95893b36251f4c086"
"proof.Kant.Diagnostics.joinLines.eq_1","Kant.Diagnostics.joinLines.eq_1","lean4","VALID","RequestProject/Kant/Diagnostics.lean","0","L0;","L0;","elaborated and checked by the Lean kernel","L1;S35;obj.Kant.Diagnostics.joinLines.eq_1","L1;S37;claim.Kant.Diagnostics.joinLines.eq_1","L0;","O4;4;kindS12;lean4-kernel6;digestS64;1d900e29a5cae65aed047199656b51fd29c4877f692f2f1435a2bbd8088143378;locationS36;RequestProject/Kant/Diagnostics.lean8;evidenceS15;MACHINE_CHECKED","RequestProject","O7;13;source_systemS5;lean411;source_fileS36;RequestProject/Kant/Diagnostics.lean13;source_formatS4;text11;imported_atI+0;14;transformed_atI+0;15;transformationsL0;13;parent_objectS0;","654b632c39ef66c4c939287ac19f8d17c21645b4a621436a345a4fc7f2f75ebd"
"proof.Kant.Codec.Ipdl.ref.sizeOf_spec","Kant.Codec.Ipdl.ref.sizeOf_spec","lean4","VALID","RequestProject/Kant/Codec/Ipdl.lean","0","L0;","L0;","elaborated and checked by the Lean kernel","L1;S35;obj.Kant.Codec.Ipdl.ref.sizeOf_spec","L1;S37;claim.Kant.Codec.Ipdl.ref.sizeOf_spec","L0;","O4;4;kindS12;lean4-kernel6;digestS64;e4733f953d4194b8fff52da6b81711df0719cd5d8284cf0ec3ad6e15eac452ed8;locationS35;RequestProject/Kant/Codec/Ipdl.lean8;evidenceS15;MACHINE_CHECKED","RequestProject","O7;13;source_systemS5;lean411;source_fileS35;RequestProject/Kant/Codec/Ipdl.lean13;source_formatS4;text11;imported_atI+0;14;transformed_atI+0;15;transformationsL0;13;parent_objectS0;","9b13161e37c5977c56deeb6610f4d63feee5d10003b3bac2ebd50e7d528bb685"
"proof.Kant.Connectivity.RelayUsable.eq_1","Kant.Connectivity.RelayUsable.eq_1","lean4","VALID","RequestProject/Kant/Connectivity.lean","0","L1;S45;obj.Kant.Connectivity.Reachability.configured","L0;","elaborated and checked by the Lean kernel","L1;S38;obj.Kant.Connectivity.RelayUsable.eq_1","L1;S40;claim.Kant.Connectivity.RelayUsable.eq_1","L1;S47;proof.Kant.Connectivity.Reachability.configured","O4;4;kindS12;lean4-kernel6;digestS64;904dc86d4c55cb8ebcee23ded822120dad57a1ddc3afc338599fc22c954a31bf8;locationS37;RequestProject/Kant/Connectivity.lean8;evidenceS15;MACHINE_CHECKED","RequestProject","O7;13;source_systemS5;lean411;source_fileS37;RequestProject/Kant/Connectivity.lean13;source_formatS4;text11;imported_atI+0;14;transformed_atI+0;15;transformationsL0;13;parent_objectS0;","54e02cd0c509e4130197ffab340637b057b5903c09514e597cc09064e77b60f6"
"proof.Kant.Diagnostics.ofEvent.eq_1","Kant.Diagnostics.ofEvent.eq_1","lean4","VALID","RequestProject/Kant/Diagnostics.lean","0","L0;","L0;","elaborated and checked by the Lean kernel","L1;S33;obj.Kant.Diagnostics.ofEvent.eq_1","L1;S35;claim.Kant.Diagnostics.ofEvent.eq_1","L0;","O4;4;kindS12;lean4-kernel6;digestS64;c2c8a2a5d1404f3dc12419d3b8c7e096d4ed7fd35cf654870a331aa89f223fa88;locationS36;RequestProject/Kant/Diagnostics.lean8;evidenceS15;MACHINE_CHECKED","RequestProject","O7;13;source_systemS5;lean411;source_fileS36;RequestProject/Kant/Diagnostics.lean13;source_formatS4;text11;imported_atI+0;14;transformed_atI+0;15;transformationsL0;13;parent_objectS0;","8c517c85eac1ce3970ef96df0a3825862dae3d7b3b5e13d3aee9b298d591af20"
"proof.Kant.Wasm.Expr.eval_isSome_of_wf","Kant.Wasm.Expr.eval_isSome_of_wf","lean4","VALID","RequestProject/Wasm/Semantics.lean","116","L1;S18;obj.Kant.Wasm.Expr","L0;","elaborated and checked by the Lean kernel","L1;S36;obj.Kant.Wasm.Expr.eval_isSome_of_wf","L1;S38;claim.Kant.Wasm.Expr.eval_isSome_of_wf","L1;S20;proof.Kant.Wasm.Expr","O4;4;kindS12;lean4-kernel6;digestS64;f826c064293aeb5014d79868cc9bdefb3544970f36da26ee37d9dc43bf6266898;locationS34;RequestProject/Wasm/Semantics.lean8;evidenceS15;MACHINE_CHECKED","RequestProject","O7;13;source_systemS5;lean411;source_fileS34;RequestProject/Wasm/Semantics.lean13;source_formatS4;text11;imported_atI+0;14;transformed_atI+116;15;transformationsL0;13;parent_objectS0;","d8d68267da56d6422296026c651b36153aeea3ff2465dedc77817ef3f25a552f"
"proof.Kant.Onboarding.nextTask_eq_none_iff","Kant.Onboarding.nextTask_eq_none_iff","lean4","VALID","RequestProject/Kant/Onboarding.lean","322","L0;","L0;","elaborated and checked by the Lean kernel","L1;S40;obj.Kant.Onboarding.nextTask_eq_none_iff","L1;S42;claim.Kant.Onboarding.nextTask_eq_none_iff","L0;","O4;4;kindS12;lean4-kernel6;digestS64;8e1c1c11ca321655b5c11ac06439d9063f676b7a74e4a377a0e5d2af3db0d1708;locationS35;RequestProject/Kant/Onboarding.lean8;evidenceS15;MACHINE_CHECKED","RequestProject","O7;13;source_systemS5;lean411;source_fileS35;RequestProject/Kant/Onboarding.lean13;source_formatS4;text11;imported_atI+0;14;transformed_atI+322;15;transformationsL0;13;parent_objectS0;","822bc149b4647858c37dc4558427b95bcb843b7c33c5ca1e5d277f3bab567121"
"proof.Kant.Onboarding.Progress.mk.injEq","Kant.Onboarding.Progress.mk.injEq","lean4","VALID","RequestProject/Kant/Onboarding.lean","0","L0;","L0;","elaborated and checked by the Lean kernel","L1;S37;obj.Kant.Onboarding.Progress.mk.injEq","L1;S39;claim.Kant.Onboarding.Progress.mk.injEq","L0;","O4;4;kindS12;lean4-kernel6;digestS64;7d50755d53d9e0927b679b9b73171cd14217b5d67f930edcf50223d69ff0fc638;locationS35;RequestProject/Kant/Onboarding.lean8;evidenceS15;MACHINE_CHECKED","RequestProject","O7;13;source_systemS5;lean411;source_fileS35;RequestProject/Kant/Onboarding.lean13;source_formatS4;text11;imported_atI+0;14;transformed_atI+0;15;transformationsL0;13;parent_objectS0;","e4746de5c25139fca135144ad902fabfd3fc034237fd7702b68994cf39aa91c5"
"proof.Kant.Clipboard.Receipt.mk.sizeOf_spec","Kant.Clipboard.Receipt.mk.sizeOf_spec","lean4","VALID","RequestProject/Kant/Clipboard.lean","0","L1;S26;obj.Kant.Clipboard.Receipt","L0;","elaborated and checked by the Lean kernel","L1;S41;obj.Kant.Clipboard.Receipt.mk.sizeOf_spec","L1;S43;claim.Kant.Clipboard.Receipt.mk.sizeOf_spec","L1;S28;proof.Kant.Clipboard.Receipt","O4;4;kindS12;lean4-kernel6;digestS64;5689cee34c588a516029fd3c410e1f72f264b92166f7ac034754bf916824239c8;locationS34;RequestProject/Kant/Clipboard.lean8;evidenceS15;MACHINE_CHECKED","RequestProject","O7;13;source_systemS5;lean411;source_fileS34;RequestProject/Kant/Clipboard.lean13;source_formatS4;text11;imported_atI+0;14;transformed_atI+0;15;transformationsL0;13;parent_objectS0;","2c34b92309c405450c8b41fa77e080b27b687ee18fdb019fe309e120699bb48c"
"proof.Kant.Uucp.Site.publish_other","Kant.Uucp.Site.publish_other","lean4","VALID","RequestProject/Kant/Uucp.lean","777","L0;","L0;","elaborated and checked by the Lean kernel","L1;S32;obj.Kant.Uucp.Site.publish_other","L1;S34;claim.Kant.Uucp.Site.publish_other","L0;","O4;4;kindS12;lean4-kernel6;digestS64;041351cf8c86cc77911fe87b710290d0ed50b8886c43b3598039f3c90872ed428;locationS29;RequestProject/Kant/Uucp.lean8;evidenceS15;MACHINE_CHECKED","RequestProject","O7;13;source_systemS5;lean411;source_fileS29;RequestProject/Kant/Uucp.lean13;source_formatS4;text11;imported_atI+0;14;transformed_atI+777;15;transformationsL0;13;parent_objectS0;","90649004b9169550abe40c97540310b38d659867afdff196beb2f76eb2e35779"
"proof.Kant.Wasm.Leb128.slebDec_sleb","Kant.Wasm.Leb128.slebDec_sleb","lean4","VALID","RequestProject/Wasm/Leb128.lean","92","L0;","L0;","elaborated and checked by the Lean kernel","L1;S33;obj.Kant.Wasm.Leb128.slebDec_sleb","L1;S35;claim.Kant.Wasm.Leb128.slebDec_sleb","L0;","O4;4;kindS12;lean4-kernel6;digestS64;51dbf52fdb5ac23d552e28313419b766b13a07b17372b007beb68c033b2c47a88;locationS31;RequestProject/Wasm/Leb128.lean8;evidenceS15;MACHINE_CHECKED","RequestProject","O7;13;source_systemS5;lean411;source_fileS31;RequestProject/Wasm/Leb128.lean13;source_formatS4;text11;imported_atI+0;14;transformed_atI+92;15;transformationsL0;13;parent_objectS0;","51143dafda944247deadca565c0cb9c4681f1a2119bb308d49d487becda7268a"
"proof.Kant.Dom.proofOfRow.eq_1","Kant.Dom.proofOfRow.eq_1","lean4","VALID","RequestProject/Kant/Domain/Table.lean","0","L1;S21;obj.Kant.Dom.ProofRec","L0;","elaborated and checked by the Lean kernel","L1;S28;obj.Kant.Dom.proofOfRow.eq_1","L1;S30;claim.Kant.Dom.proofOfRow.eq_1","L1;S23;proof.Kant.Dom.ProofRec","O4;4;kindS12;lean4-kernel6;digestS64;81006ea8b4aac52349cbce435167edbc57b863ec3f5a90e90cba837122efe9ba8;locationS37;RequestProject/Kant/Domain/Table.lean8;evidenceS15;MACHINE_CHECKED","RequestProject","O7;13;source_systemS5;lean411;source_fileS37;RequestProject/Kant/Domain/Table.lean13;source_formatS4;text11;imported_atI+0;14;transformed_atI+0;15;transformationsL0;13;parent_objectS0;","1f84674932c6a8d5c7136d729ffb133203eadd7a7a836bcf8c91bd41fd104dac"
"proof.Kant.Codec.rowsVal.eq_6","Kant.Codec.rowsVal.eq_6","lean4","VALID","RequestProject/Kant/Codec/Csv.lean","0","L1;S18;obj.Kant.Codec.Row","L0;","elaborated and checked by the Lean kernel","L1;S27;obj.Kant.Codec.rowsVal.eq_6","L1;S29;claim.Kant.Codec.rowsVal.eq_6","L1;S20;proof.Kant.Codec.Row","O4;4;kindS12;lean4-kernel6;digestS64;d22085a4e7eb448c4dadb8b2add51deb5c546723a9e1ca9a46993a8ff46c90418;locationS34;RequestProject/Kant/Codec/Csv.lean8;evidenceS15;MACHINE_CHECKED","RequestProject","O7;13;source_systemS5;lean411;source_fileS34;RequestProject/Kant/Codec/Csv.lean13;source_formatS4;text11;imported_atI+0;14;transformed_atI+0;15;transformationsL0;13;parent_objectS0;","dedcb4effaab68285114890227ad74fb0ffa414276932fcefea00067dc4a0ea1"
"proof.Kant.Rendezvous.Roster.mem_insert","Kant.Rendezvous.Roster.mem_insert","lean4","VALID","RequestProject/Kant/Rendezvous.lean","201","L0;","L0;","elaborated and checked by the Lean kernel","L1;S37;obj.Kant.Rendezvous.Roster.mem_insert","L1;S39;claim.Kant.Rendezvous.Roster.mem_insert","L0;","O4;4;kindS12;lean4-kernel6;digestS64;71958a5bbe70c94190c0d98ee2ff348a9bf5dcb5f45b5333766f1093c51f69748;locationS35;RequestProject/Kant/Rendezvous.lean8;evidenceS15;MACHINE_CHECKED","RequestProject","O7;13;source_systemS5;lean411;source_fileS35;RequestProject/Kant/Rendezvous.lean13;source_formatS4;text11;imported_atI+0;14;transformed_atI+201;15;transformationsL0;13;parent_objectS0;","149a5a9ba6fdcef68c5008c5d0fd64d904a8ea37b14dbb704523657603f91c53"
"proof.Kant.Codec.rowsVal_head_field","Kant.Codec.rowsVal_head_field","lean4","VALID","RequestProject/Kant/Codec/Csv.lean","199","L3;S18;obj.Kant.Codec.RowS22;obj.Kant.Codec.encNumYS27;obj.Kant.Codec.rowsVal.eq_6","L0;","elaborated and checked by the Lean kernel","L1;S33;obj.Kant.Codec.rowsVal_head_field","L1;S35;claim.Kant.Codec.rowsVal_head_field","L3;S20;proof.Kant.Codec.RowS24;proof.Kant.Codec.encNumYS29;proof.Kant.Codec.rowsVal.eq_6","O4;4;kindS12;lean4-kernel6;digestS64;5d37b4c99cf64a749be70b2edf6236c78a36f0e98e5c3ea6899be52fceced5b18;locationS34;RequestProject/Kant/Codec/Csv.lean8;evidenceS15;MACHINE_CHECKED","RequestProject","O7;13;source_systemS5;lean411;source_fileS34;RequestProject/Kant/Codec/Csv.lean13;source_formatS4;text11;imported_atI+0;14;transformed_atI+199;15;transformationsL0;13;parent_objectS0;","121e2e9f6851a034a8024423bde03567bbb557a708236d9afe810d850f0d01cd"
"proof.Kant.Codec.project.eq_3","Kant.Codec.project.eq_3","lean4","VALID","RequestProject/Kant/Codec/Ipdl.lean","0","L0;","L0;","elaborated and checked by the Lean kernel","L1;S27;obj.Kant.Codec.project.eq_3","L1;S29;claim.Kant.Codec.project.eq_3","L0;","O4;4;kindS12;lean4-kernel6;digestS64;0afc68566959cfa3263706e958791e042169606e8f51c0413634c988d82094ba8;locationS35;RequestProject/Kant/Codec/Ipdl.lean8;evidenceS15;MACHINE_CHECKED","RequestProject","O7;13;source_systemS5;lean411;source_fileS35;RequestProject/Kant/Codec/Ipdl.lean13;source_formatS4;text11;imported_atI+0;14;transformed_atI+0;15;transformationsL0;13;parent_objectS0;","9a46084bc38a838080886f03e475eb23035a5f443d7bd2c64d3399d5e7d74f69"
"proof.Kant.Diagnostics.Log.wf_empty","Kant.Diagnostics.Log.wf_empty","lean4","VALID","RequestProject/Kant/Diagnostics.lean","268","L0;","L0;","elaborated and checked by the Lean kernel","L1;S33;obj.Kant.Diagnostics.Log.wf_empty","L1;S35;claim.Kant.Diagnostics.Log.wf_empty","L0;","O4;4;kindS12;lean4-kernel6;digestS64;490af021a7f4f2c5b6ea4849f3a470de3f5430c91387c8b7d0428b9167e4d1e88;locationS36;RequestProject/Kant/Diagnostics.lean8;evidenceS15;MACHINE_CHECKED","RequestProject","O7;13;source_systemS5;lean411;source_fileS36;RequestProject/Kant/Diagnostics.lean13;source_formatS4;text11;imported_atI+0;14;transformed_atI+268;15;transformationsL0;13;parent_objectS0;","b9d81024c7887fe7c92b16b4a37cdc74556c8c1f0b5c10cd261b139acad298da"
"proof.Kant.Onboarding.camera_off_after_join","Kant.Onboarding.camera_off_after_join","lean4","VALID","RequestProject/Kant/Onboarding.lean","177","L2;S26;obj.Kant.Rendezvous.InviteS34;obj.Kant.Onboarding.State.progress","L0;","elaborated and checked by the Lean kernel","L1;S41;obj.Kant.Onboarding.camera_off_after_join","L1;S43;claim.Kant.Onboarding.camera_off_after_join","L2;S28;proof.Kant.Rendezvous.InviteS36;proof.Kant.Onboarding.State.progress","O4;4;kindS12;lean4-kernel6;digestS64;eab43d6aa3183808de9f9a0bae5c8a93d843dbaa079bf5cab93a7f7a3d7ab8bd8;locationS35;RequestProject/Kant/Onboarding.lean8;evidenceS15;MACHINE_CHECKED","RequestProject","O7;13;source_systemS5;lean411;source_fileS35;RequestProject/Kant/Onboarding.lean13;source_formatS4;text11;imported_atI+0;14;transformed_atI+177;15;transformationsL0;13;parent_objectS0;","d0871fddd579fe8f576aa94ad57f420c7032506569a8bb95ee904ce1ccaecd92"
"proof.Kant.Dom.validates.eq_2","Kant.Dom.validates.eq_2","lean4","VALID","RequestProject/Kant/Domain/Policy.lean","0","L1;S21;obj.Kant.Dom.ProofRec","L0;","elaborated and checked by the Lean kernel","L1;S27;obj.Kant.Dom.validates.eq_2","L1;S29;claim.Kant.Dom.validates.eq_2","L1;S23;proof.Kant.Dom.ProofRec","O4;4;kindS12;lean4-kernel6;digestS64;c12ba21575c2a73636fed137adbbd5992d818b98ab9ad730fa421953c2f981038;locationS38;RequestProject/Kant/Domain/Policy.lean8;evidenceS15;MACHINE_CHECKED","RequestProject","O7;13;source_systemS5;lean411;source_fileS38;RequestProject/Kant/Domain/Policy.lean13;source_formatS4;text11;imported_atI+0;14;transformed_atI+0;15;transformationsL0;13;parent_objectS0;","823aaad96d25f2f8ea23072b01dbd8cbfe13466d24f9239ed07acdab623d13f1"
"proof.Kant.Dom.Claim.ofVal_toVal","Kant.Dom.Claim.ofVal_toVal","lean4","VALID","RequestProject/Kant/Domain/Model.lean","462","L3;S19;obj.Kant.Dom.getIdsS30;obj.Kant.Dom.Truth.ofName_nameS26;obj.Kant.Dom.listOf_idsVal","L0;","elaborated and checked by the Lean kernel","L1;S30;obj.Kant.Dom.Claim.ofVal_toVal","L1;S32;claim.Kant.Dom.Claim.ofVal_toVal","L3;S21;proof.Kant.Dom.getIdsS32;proof.Kant.Dom.Truth.ofName_nameS28;proof.Kant.Dom.listOf_idsVal","O4;4;kindS12;lean4-kernel6;digestS64;03131ace411248889c9cf08d91cfab1f7ad1c966954f38feb252f034f06a15fd8;locationS37;RequestProject/Kant/Domain/Model.lean8;evidenceS15;MACHINE_CHECKED","RequestProject","O7;13;source_systemS5;lean411;source_fileS37;RequestProject/Kant/Domain/Model.lean13;source_formatS4;text11;imported_atI+0;14;transformed_atI+462;15;transformationsL0;13;parent_objectS0;","4fc94ad638db6bfa05380523a74fe6fd5949e7124c01b4f44e29282b5bb4e477"
"proof.Kant.Codec.digitVal.eq_11","Kant.Codec.digitVal.eq_11","lean4","VALID","RequestProject/Kant/Codec/Yaml.lean","0","L1;S31;obj.Kant.Codec.digitVal.match_1","L0;","elaborated and checked by the Lean kernel","L1;S29;obj.Kant.Codec.digitVal.eq_11","L1;S31;claim.Kant.Codec.digitVal.eq_11","L1;S33;proof.Kant.Codec.digitVal.match_1","O4;4;kindS12;lean4-kernel6;digestS64;43a9318d9e8c744fd20349695897cca8c7a2eb3138b8a1d5d00684e0037d15368;locationS35;RequestProject/Kant/Codec/Yaml.lean8;evidenceS15;MACHINE_CHECKED","RequestProject","O7;13;source_systemS5;lean411;source_fileS35;RequestProject/Kant/Codec/Yaml.lean13;source_formatS4;text11;imported_atI+0;14;transformed_atI+0;15;transformationsL0;13;parent_objectS0;","262a12fca9cf14ce372b6eb522ab3bd129dbb55ca777abc80945af3988af2b4b"
"proof.Kant.InviteCard.inviteCard_wf","Kant.InviteCard.inviteCard_wf","lean4","VALID","RequestProject/Kant/InviteCard.lean","160","L4;S24;obj.Kant.SiteCard.ConfigS25;obj.Kant.InviteCard.DressS26;obj.Kant.Rendezvous.InviteS37;obj.Kant.InviteCard.isAscii_inviteUrl","L0;","elaborated and checked by the Lean kernel","L1;S33;obj.Kant.InviteCard.inviteCard_wf","L1;S35;claim.Kant.InviteCard.inviteCard_wf","L4;S26;proof.Kant.SiteCard.ConfigS27;proof.Kant.InviteCard.DressS28;proof.Kant.Rendezvous.InviteS39;proof.Kant.InviteCard.isAscii_inviteUrl","O4;4;kindS12;lean4-kernel6;digestS64;25ed3576234b8c40567c7a61daa0e8b7c0cfcf0e110b9816d16dd4beb6badd958;locationS35;RequestProject/Kant/InviteCard.lean8;evidenceS15;MACHINE_CHECKED","RequestProject","O7;13;source_systemS5;lean411;source_fileS35;RequestProject/Kant/InviteCard.lean13;source_formatS4;text11;imported_atI+0;14;transformed_atI+160;15;transformationsL0;13;parent_objectS0;","c057b3abdb5ab00985b95e1cbe9e73e6fe934fe541f3b8833d395a2ee3c38360"
"proof.Kant.Relay.leMsg_trans","Kant.Relay.leMsg_trans","lean4","VALID","RequestProject/Kant/Relay.lean","341","L1;S18;obj.Kant.Relay.Msg","L0;","elaborated and checked by the Lean kernel","L1;S26;obj.Kant.Relay.leMsg_trans","L1;S28;claim.Kant.Relay.leMsg_trans","L1;S20;proof.Kant.Relay.Msg","O4;4;kindS12;lean4-kernel6;digestS64;e944163dbb158326cc9a6a7319bcf70d0938d13daeb2e1288173774a1070c1d78;locationS30;RequestProject/Kant/Relay.lean8;evidenceS15;MACHINE_CHECKED","RequestProject","O7;13;source_systemS5;lean411;source_fileS30;RequestProject/Kant/Relay.lean13;source_formatS4;text11;imported_atI+0;14;transformed_atI+341;15;transformationsL0;13;parent_objectS0;","97b3c3ea0b1648b028f86d1954780b43b4d4ee35472f23d6a0baf066c0241d69"
"proof.Kant.Strip.strip_valid","Kant.Strip.strip_valid","lean4","VALID","RequestProject/Kant/Strip.lean","159","L1;S34;obj.Kant.Clipboard.Envelope.encode","L0;","elaborated and checked by the Lean kernel","L1;S26;obj.Kant.Strip.strip_valid","L1;S28;claim.Kant.Strip.strip_valid","L1;S36;proof.Kant.Clipboard.Envelope.encode","O4;4;kindS12;lean4-kernel6;digestS64;8d8f33d82a0bf7bc54fcd359c0722b0f61262f412ba79bbacf5693084562f6ad8;locationS30;RequestProject/Kant/Strip.lean8;evidenceS15;MACHINE_CHECKED","RequestProject","O7;13;source_systemS5;lean411;source_fileS30;RequestProject/Kant/Strip.lean13;source_formatS4;text11;imported_atI+0;14;transformed_atI+159;15;transformationsL0;13;parent_objectS0;","1c362bfdd11e32313ae14e7d283d885eb1c0d0e1a448888b9a8738226c399938"
"proof.Kant.Dom.idOfVal_str","Kant.Dom.idOfVal_str","lean4","VALID","RequestProject/Kant/Domain/Model.lean","226","L0;","L0;","elaborated and checked by the Lean kernel","L1;S24;obj.Kant.Dom.idOfVal_str","L1;S26;claim.Kant.Dom.idOfVal_str","L0;","O4;4;kindS12;lean4-kernel6;digestS64;7ac51cc39fb2e6ba7fb7e4535632392175de820d45aa075c89a2f7e2ae691a4b8;locationS37;RequestProject/Kant/Domain/Model.lean8;evidenceS15;MACHINE_CHECKED","RequestProject","O7;13;source_systemS5;lean411;source_fileS37;RequestProject/Kant/Domain/Model.lean13;source_formatS4;text11;imported_atI+0;14;transformed_atI+226;15;transformationsL0;13;parent_objectS0;","b82bae936a669e582dd5232e2174879b2c38b345bd16f39e6822efc33c471c61"
"proof.Kant.Uucp.sneakernet_matches_relay","Kant.Uucp.sneakernet_matches_relay","lean4","VALID","RequestProject/Kant/Uucp.lean","676","L2;S18;obj.Kant.Relay.MsgS23;obj.Kant.Uucp.Node.view","L0;","elaborated and checked by the Lean kernel","L1;S38;obj.Kant.Uucp.sneakernet_matches_relay","L1;S40;claim.Kant.Uucp.sneakernet_matches_relay","L2;S20;proof.Kant.Relay.MsgS25;proof.Kant.Uucp.Node.view","O4;4;kindS12;lean4-kernel6;digestS64;e7950ac911a416abb9de7ebb3dad8968121ffaf49bd009c912907c61bda252f68;locationS29;RequestProject/Kant/Uucp.lean8;evidenceS15;MACHINE_CHECKED","RequestProject","O7;13;source_systemS5;lean411;source_fileS29;RequestProject/Kant/Uucp.lean13;source_formatS4;text11;imported_atI+0;14;transformed_atI+676;15;transformationsL0;13;parent_objectS0;","2c14c1e2be02fa35cd41704eb60b9fd29e016ac638b4f1afc5a201c9545aeccc"
"proof.Kant.CardDebug.invite_room_ne_nil","Kant.CardDebug.invite_room_ne_nil","lean4","VALID","RequestProject/Kant/CardDebug.lean","142","L2;S26;obj.Kant.Rendezvous.InviteS31;obj.Kant.Rendezvous.Invite.room","L0;","elaborated and checked by the Lean kernel","L1;S37;obj.Kant.CardDebug.invite_room_ne_nil","L1;S39;claim.Kant.CardDebug.invite_room_ne_nil","L2;S28;proof.Kant.Rendezvous.InviteS33;proof.Kant.Rendezvous.Invite.room","O4;4;kindS12;lean4-kernel6;digestS64;419b7114d49965604252c4966605ab772c763469f84c9d5e06c6aebafbf6060d8;locationS34;RequestProject/Kant/CardDebug.lean8;evidenceS15;MACHINE_CHECKED","RequestProject","O7;13;source_systemS5;lean411;source_fileS34;RequestProject/Kant/CardDebug.lean13;source_formatS4;text11;imported_atI+0;14;transformed_atI+142;15;transformationsL0;13;parent_objectS0;","2366d448fe4ca07eb6aa47324f3cd151f572a29b3dc04398c0cb75a21ae2976b"
"proof.Kant.Dasl.reflect59_dual47_comm","Kant.Dasl.reflect59_dual47_comm","lean4","VALID","RequestProject/Kant/Dasl.lean","268","L0;","L0;","elaborated and checked by the Lean kernel","L1;S35;obj.Kant.Dasl.reflect59_dual47_comm","L1;S37;claim.Kant.Dasl.reflect59_dual47_comm","L0;","O4;4;kindS12;lean4-kernel6;digestS64;b99764cc195726374c4096700eec9dd00f9300fa0593a16dde517f39fb8095ee8;locationS29;RequestProject/Kant/Dasl.lean8;evidenceS15;MACHINE_CHECKED","RequestProject","O7;13;source_systemS5;lean411;source_fileS29;RequestProject/Kant/Dasl.lean13;source_formatS4;text11;imported_atI+0;14;transformed_atI+268;15;transformationsL0;13;parent_objectS0;","fd5f76113a45cef8572683322773243bf3263e04646539fe60b0ad04ebd5c4c1"
"proof.Kant.Wasm.Decode.instrsDec_instrs","Kant.Wasm.Decode.instrsDec_instrs","lean4","VALID","RequestProject/Wasm/Decode.lean","431","L1;S38;obj.Kant.Wasm.Decode.instrsDec.match_3","L0;","elaborated and checked by the Lean kernel","L1;S37;obj.Kant.Wasm.Decode.instrsDec_instrs","L1;S39;claim.Kant.Wasm.Decode.instrsDec_instrs","L1;S40;proof.Kant.Wasm.Decode.instrsDec.match_3","O4;4;kindS12;lean4-kernel6;digestS64;c014e2288fa6bf31285903d94bd3eeca7096518f40f8f79ba87137da853bbf2c8;locationS31;RequestProject/Wasm/Decode.lean8;evidenceS15;MACHINE_CHECKED","RequestProject","O7;13;source_systemS5;lean411;source_fileS31;RequestProject/Wasm/Decode.lean13;source_formatS4;text11;imported_atI+0;14;transformed_atI+431;15;transformationsL0;13;parent_objectS0;","24f1e572866b1e37d53b2b5b5f887114e83a5e6b109f763db181f865300ca81a"
"proof.Kant.Dasl.nestedCid.eq_1","Kant.Dasl.nestedCid.eq_1","lean4","VALID","RequestProject/Kant/Dasl.lean","0","L0;","L0;","elaborated and checked by the Lean kernel","L1;S28;obj.Kant.Dasl.nestedCid.eq_1","L1;S30;claim.Kant.Dasl.nestedCid.eq_1","L0;","O4;4;kindS12;lean4-kernel6;digestS64;8087b10b6fd77c7bdbf56a5aa295e7bcff6902b99a482709b1189102ed22bf928;locationS29;RequestProject/Kant/Dasl.lean8;evidenceS15;MACHINE_CHECKED","RequestProject","O7;13;source_systemS5;lean411;source_fileS29;RequestProject/Kant/Dasl.lean13;source_formatS4;text11;imported_atI+0;14;transformed_atI+0;15;transformationsL0;13;parent_objectS0;","a410ee4b24d741c889fc69153ff09cabbc200217f4ac710e22ec4fab315928f1"
"proof.Kant.Codec.xmlDecode.eq_1","Kant.Codec.xmlDecode.eq_1","lean4","VALID","RequestProject/Kant/Codec/Xml.lean","0","L1;S32;obj.Kant.Codec.xmlDecode.match_1","L0;","elaborated and checked by the Lean kernel","L1;S29;obj.Kant.Codec.xmlDecode.eq_1","L1;S31;claim.Kant.Codec.xmlDecode.eq_1","L1;S34;proof.Kant.Codec.xmlDecode.match_1","O4;4;kindS12;lean4-kernel6;digestS64;1a37053b3962da3ac6236a43f1bd15110a55c19a6290522ca835592ca8c461bb8;locationS34;RequestProject/Kant/Codec/Xml.lean8;evidenceS15;MACHINE_CHECKED","RequestProject","O7;13;source_systemS5;lean411;source_fileS34;RequestProject/Kant/Codec/Xml.lean13;source_formatS4;text11;imported_atI+0;14;transformed_atI+0;15;transformationsL0;13;parent_objectS0;","3c448cae9037b0ca84b93c294181ef5dcc032302b9c2a4246880f9147ab97c37"
"proof.Kant.Wasm.Kernel.eval_hexDigitOf","Kant.Wasm.Kernel.eval_hexDigitOf","lean4","VALID","RequestProject/Wasm/KernelSpec.lean","52","L1;S18;obj.Kant.Wasm.Expr","L0;","elaborated and checked by the Lean kernel","L1;S36;obj.Kant.Wasm.Kernel.eval_hexDigitOf","L1;S38;claim.Kant.Wasm.Kernel.eval_hexDigitOf","L1;S20;proof.Kant.Wasm.Expr","O4;4;kindS12;lean4-kernel6;digestS64;83bc6f6bedd70c0ad4176b0a8b6d46790fa7f96f2db908044081403f31d81deb8;locationS35;RequestProject/Wasm/KernelSpec.lean8;evidenceS15;MACHINE_CHECKED","RequestProject","O7;13;source_systemS5;lean411;source_fileS35;RequestProject/Wasm/KernelSpec.lean13;source_formatS4;text11;imported_atI+0;14;transformed_atI+52;15;transformationsL0;13;parent_objectS0;","0c08b8086e8874799e8824f1ad4200b618893f3a650078f35628a5d43c1d0630"
"proof.Kant.Codec.Val.bool.inj","Kant.Codec.Val.bool.inj","lean4","VALID","RequestProject/Kant/Codec/Val.lean","0","L0;","L0;","elaborated and checked by the Lean kernel","L1;S27;obj.Kant.Codec.Val.bool.inj","L1;S29;claim.Kant.Codec.Val.bool.inj","L0;","O4;4;kindS12;lean4-kernel6;digestS64;76fde87eb68d5381ae06830a7d828b0e9ee1ea8dd9b5352fc4f0793d4b9852848;locationS34;RequestProject/Kant/Codec/Val.lean8;evidenceS15;MACHINE_CHECKED","RequestProject","O7;13;source_systemS5;lean411;source_fileS34;RequestProject/Kant/Codec/Val.lean13;source_formatS4;text11;imported_atI+0;14;transformed_atI+0;15;transformationsL0;13;parent_objectS0;","af6fa37e240e6a91547bf3a2459f1f1e93ca2e15f1836c2babce51abd276dc38"
"proof.Kant.Codec.Val.brecOn_3.eq","Kant.Codec.Val.brecOn_3.eq","lean4","VALID","RequestProject/Kant/Codec/Val.lean","0","L0;","L0;","elaborated and checked by the Lean kernel","L1;S30;obj.Kant.Codec.Val.brecOn_3.eq","L1;S32;claim.Kant.Codec.Val.brecOn_3.eq","L0;","O4;4;kindS12;lean4-kernel6;digestS64;08288d80549ccaba18f45d006ff648695bf7ca5c46f01bb49dcc9deba39886db8;locationS34;RequestProject/Kant/Codec/Val.lean8;evidenceS15;MACHINE_CHECKED","RequestProject","O7;13;source_systemS5;lean411;source_fileS34;RequestProject/Kant/Codec/Val.lean13;source_formatS4;text11;imported_atI+0;14;transformed_atI+0;15;transformationsL0;13;parent_objectS0;","b04f0e115f6bffc1392ab0f90cda666ecc558676ad2e365b29b56dc98e828e88"
"proof.Kant.Codec.natDigits.eq_1","Kant.Codec.natDigits.eq_1","lean4","VALID","RequestProject/Kant/Codec/Val.lean","0","L0;","L0;","elaborated and checked by the Lean kernel","L1;S29;obj.Kant.Codec.natDigits.eq_1","L1;S31;claim.Kant.Codec.natDigits.eq_1","L0;","O4;4;kindS12;lean4-kernel6;digestS64;ecca2fc5cf88ac1da0d594cd1f857d46e6a026697d9fb7477fa5df6667361b788;locationS34;RequestProject/Kant/Codec/Val.lean8;evidenceS15;MACHINE_CHECKED","RequestProject","O7;13;source_systemS5;lean411;source_fileS34;RequestProject/Kant/Codec/Val.lean13;source_formatS4;text11;imported_atI+0;14;transformed_atI+0;15;transformationsL0;13;parent_objectS0;","d8d671bcef38aaa9a52cd04eb20388f667585b36d7c13443152aa29651a88910"
"proof.Kant.Codec.pVal.eq_3","Kant.Codec.pVal.eq_3","lean4","VALID","RequestProject/Kant/Codec/Val.lean","0","L0;","L0;","elaborated and checked by the Lean kernel","L1;S24;obj.Kant.Codec.pVal.eq_3","L1;S26;claim.Kant.Codec.pVal.eq_3","L0;","O4;4;kindS12;lean4-kernel6;digestS64;858a4085564ccdca35a8454bde8e91491582148d42c1765c6b0ae4f809f945538;locationS34;RequestProject/Kant/Codec/Val.lean8;evidenceS15;MACHINE_CHECKED","RequestProject","O7;13;source_systemS5;lean411;source_fileS34;RequestProject/Kant/Codec/Val.lean13;source_formatS4;text11;imported_atI+0;14;transformed_atI+0;15;transformationsL0;13;parent_objectS0;","4939eb8ffc51e2b0b84ab9f51137cac374968691a46e20d6c7754bff3c39c169"
"proof.Kant.Rendezvous.best_isSome_of_knows","Kant.Rendezvous.best_isSome_of_knows","lean4","VALID","RequestProject/Kant/Rendezvous.lean","369","L0;","L0;","elaborated and checked by the Lean kernel","L1;S40;obj.Kant.Rendezvous.best_isSome_of_knows","L1;S42;claim.Kant.Rendezvous.best_isSome_of_knows","L0;","O4;4;kindS12;lean4-kernel6;digestS64;14ea37010523a21bd478766576e4b42869a2882cec78308560ef891eff5dd44a8;locationS35;RequestProject/Kant/Rendezvous.lean8;evidenceS15;MACHINE_CHECKED","RequestProject","O7;13;source_systemS5;lean411;source_fileS35;RequestProject/Kant/Rendezvous.lean13;source_formatS4;text11;imported_atI+0;14;transformed_atI+369;15;transformationsL0;13;parent_objectS0;","0750eb730e4231d477ca72ce682d0b377d6d65bbcdd81ada089833e1ba83f8bd"
"proof.Kant.Rendezvous.IsBest.greatest","Kant.Rendezvous.IsBest.greatest","lean4","VALID","RequestProject/Kant/Rendezvous.lean","351","L0;","L0;","elaborated and checked by the Lean kernel","L1;S35;obj.Kant.Rendezvous.IsBest.greatest","L1;S37;claim.Kant.Rendezvous.IsBest.greatest","L0;","O4;4;kindS12;lean4-kernel6;digestS64;8824bd7cb115509b0b727c086fe1e7b42aff662ca8f501ade11ba859ec9932668;locationS35;RequestProject/Kant/Rendezvous.lean8;evidenceS15;MACHINE_CHECKED","RequestProject","O7;13;source_systemS5;lean411;source_fileS35;RequestProject/Kant/Rendezvous.lean13;source_formatS4;text11;imported_atI+0;14;transformed_atI+351;15;transformationsL0;13;parent_objectS0;","491442188546d42b957e99c8507faca801220cbb405a40f1877eea60988392ee"
"proof.Kant.Codec.seal_ledger","Kant.Codec.seal_ledger","lean4","VALID","RequestProject/Kant/Codec/Exchange.lean","178","L0;","L0;","elaborated and checked by the Lean kernel","L1;S26;obj.Kant.Codec.seal_ledger","L1;S28;claim.Kant.Codec.seal_ledger","L0;","O4;4;kindS12;lean4-kernel6;digestS64;0ae6f92fd00961ece2d57983bfecc7b37bb36821e2616bfa3e3f089368c9c4c98;locationS39;RequestProject/Kant/Codec/Exchange.lean8;evidenceS15;MACHINE_CHECKED","RequestProject","O7;13;source_systemS5;lean411;source_fileS39;RequestProject/Kant/Codec/Exchange.lean13;source_formatS4;text11;imported_atI+0;14;transformed_atI+178;15;transformationsL0;13;parent_objectS0;","849e85d4376b48aa71c501d91a664a2dfd36c09d03e1dca46b4bfa999845aaa7"
"proof.Kant.Dom.package_recovers","Kant.Dom.package_recovers","lean4","VALID","RequestProject/Kant/Domain/Package.lean","180","L1;S20;obj.Kant.Dom.package","L0;","elaborated and checked by the Lean kernel","L1;S29;obj.Kant.Dom.package_recovers","L1;S31;claim.Kant.Dom.package_recovers","L1;S22;proof.Kant.Dom.package","O4;4;kindS12;lean4-kernel6;digestS64;a3ee9738086755f512d39fb2c8c137767c590120cc505b9702d5fa70fb18dee08;locationS39;RequestProject/Kant/Domain/Package.lean8;evidenceS15;MACHINE_CHECKED","RequestProject","O7;13;source_systemS5;lean411;source_fileS39;RequestProject/Kant/Domain/Package.lean13;source_formatS4;text11;imported_atI+0;14;transformed_atI+180;15;transformationsL0;13;parent_objectS0;","343816a93786f0042436c176a120c6c755242905e505978afc85b7c5769dc84d"
"proof.Kant.Clipboard.decodeList.eq_def","Kant.Clipboard.decodeList.eq_def","lean4","VALID","RequestProject/Kant/Clipboard.lean","0","L0;","L0;","elaborated and checked by the Lean kernel","L1;S36;obj.Kant.Clipboard.decodeList.eq_def","L1;S38;claim.Kant.Clipboard.decodeList.eq_def","L0;","O4;4;kindS12;lean4-kernel6;digestS64;579a8f8b409c2b42ce5f0365b29971b188f6298d776113a412c9dbf634800cdb8;locationS34;RequestProject/Kant/Clipboard.lean8;evidenceS15;MACHINE_CHECKED","RequestProject","O7;13;source_systemS5;lean411;source_fileS34;RequestProject/Kant/Clipboard.lean13;source_formatS4;text11;imported_atI+0;14;transformed_atI+0;15;transformationsL0;13;parent_objectS0;","d4d8ed674bd92de06d75763c83ff8bd38bfd324c1303f606409d45ba92b7e7f9"
"proof.Kant.Sheaf.Section.mk.injEq","Kant.Sheaf.Section.mk.injEq","lean4","VALID","RequestProject/Kant/Sheaf.lean","0","L0;","L0;","elaborated and checked by the Lean kernel","L1;S31;obj.Kant.Sheaf.Section.mk.injEq","L1;S33;claim.Kant.Sheaf.Section.mk.injEq","L0;","O4;4;kindS12;lean4-kernel6;digestS64;29d4496a115a1912a6c8e4ba47c945b19457b4c97204b984780e1e751adc88fb8;locationS30;RequestProject/Kant/Sheaf.lean8;evidenceS15;MACHINE_CHECKED","RequestProject","O7;13;source_systemS5;lean411;source_fileS30;RequestProject/Kant/Sheaf.lean13;source_formatS4;text11;imported_atI+0;14;transformed_atI+0;15;transformationsL0;13;parent_objectS0;","d4629e2a55ffdab54862968eb913176259539ce42fd7c60f606b17ffd9f539bc"
"proof.Kant.Text.containsSub.eq_def","Kant.Text.containsSub.eq_def","lean4","VALID","RequestProject/Kant/Text.lean","0","L0;","L0;","elaborated and checked by the Lean kernel","L1;S32;obj.Kant.Text.containsSub.eq_def","L1;S34;claim.Kant.Text.containsSub.eq_def","L0;","O4;4;kindS12;lean4-kernel6;digestS64;4c64ce5351a73a66bf0261cb25d9bebd3e99673116261d585af7e07fc26362078;locationS29;RequestProject/Kant/Text.lean8;evidenceS15;MACHINE_CHECKED","RequestProject","O7;13;source_systemS5;lean411;source_fileS29;RequestProject/Kant/Text.lean13;source_formatS4;text11;imported_atI+0;14;transformed_atI+0;15;transformationsL0;13;parent_objectS0;","5bd2cf8e915f10b02a6afb8e0c9f0fd3ae5564cd85cd47f6e807d233fba08319"
"proof.Kant.Wasm.Decode.RawInstr.binop.inj","Kant.Wasm.Decode.RawInstr.binop.inj","lean4","VALID","RequestProject/Wasm/Decode.lean","0","L0;","L0;","elaborated and checked by the Lean kernel","L1;S39;obj.Kant.Wasm.Decode.RawInstr.binop.inj","L1;S41;claim.Kant.Wasm.Decode.RawInstr.binop.inj","L0;","O4;4;kindS12;lean4-kernel6;digestS64;bb3583b30e6de667b160feb42c9dcd344adeb52f77982849e2a779ea386c3f3e8;locationS31;RequestProject/Wasm/Decode.lean8;evidenceS15;MACHINE_CHECKED","RequestProject","O7;13;source_systemS5;lean411;source_fileS31;RequestProject/Wasm/Decode.lean13;source_formatS4;text11;imported_atI+0;14;transformed_atI+0;15;transformationsL0;13;parent_objectS0;","c0670033c28310f9998a12ae405bd8369c4b496d6cc430b3211547030d56acf0"
"proof.Kant.Wasm.Encode.typeSection.eq_1","Kant.Wasm.Encode.typeSection.eq_1","lean4","VALID","RequestProject/Wasm/Decode.lean","0","L0;","L0;","elaborated and checked by the Lean kernel","L1;S37;obj.Kant.Wasm.Encode.typeSection.eq_1","L1;S39;claim.Kant.Wasm.Encode.typeSection.eq_1","L0;","O4;4;kindS12;lean4-kernel6;digestS64;c27f2c80dbb0e5e13f5947d27e4b73f224ae3062175c56ab23635f869ecbe4348;locationS31;RequestProject/Wasm/Decode.lean8;evidenceS15;MACHINE_CHECKED","RequestProject","O7;13;source_systemS5;lean411;source_fileS31;RequestProject/Wasm/Decode.lean13;source_formatS4;text11;imported_atI+0;14;transformed_atI+0;15;transformationsL0;13;parent_objectS0;","6c9814faeb21f5dd7a842e89451f551a35588944ca4b4e178ef53610dd3d8d54"
"proof.Kant.Codec.resolve_manual","Kant.Codec.resolve_manual","lean4","VALID","RequestProject/Kant/Codec/Reconcile.lean","328","L0;","L0;","elaborated and checked by the Lean kernel","L1;S29;obj.Kant.Codec.resolve_manual","L1;S31;claim.Kant.Codec.resolve_manual","L0;","O4;4;kindS12;lean4-kernel6;digestS64;05ad67f8e952ea9a25a18a8ece1b4559c8c47f0f256b75a4616992962fa579eb8;locationS40;RequestProject/Kant/Codec/Reconcile.lean8;evidenceS15;MACHINE_CHECKED","RequestProject","O7;13;source_systemS5;lean411;source_fileS40;RequestProject/Kant/Codec/Reconcile.lean13;source_formatS4;text11;imported_atI+0;14;transformed_atI+328;15;transformationsL0;13;parent_objectS0;","77498d826e5107bd34a561f33927934a149cdd3a03e0b1d70608bbce3f8ac3e4"
"proof.Kant.Feed.paginate.eq_def","Kant.Feed.paginate.eq_def","lean4","VALID","RequestProject/Kant/Feed.lean","0","L0;","L0;","elaborated and checked by the Lean kernel","L1;S29;obj.Kant.Feed.paginate.eq_def","L1;S31;claim.Kant.Feed.paginate.eq_def","L0;","O4;4;kindS12;lean4-kernel6;digestS64;c6277857b3b69147e2b6df8ac82c8d48bd9db557940f69150ad685530d8da5be8;locationS29;RequestProject/Kant/Feed.lean8;evidenceS15;MACHINE_CHECKED","RequestProject","O7;13;source_systemS5;lean411;source_fileS29;RequestProject/Kant/Feed.lean13;source_formatS4;text11;imported_atI+0;14;transformed_atI+0;15;transformationsL0;13;parent_objectS0;","23e1843cc1c97e46c3e35a9af923f0a92bc957b09e46dbc0f421414cd70a0123"
"proof.Kant.Dasl.dual47.eq_1","Kant.Dasl.dual47.eq_1","lean4","VALID","RequestProject/Kant/Dasl.lean","0","L0;","L0;","elaborated and checked by the Lean kernel","L1;S25;obj.Kant.Dasl.dual47.eq_1","L1;S27;claim.Kant.Dasl.dual47.eq_1","L0;","O4;4;kindS12;lean4-kernel6;digestS64;57ca55045b31d1438e11600c9266698c5ca7a525a2f898119fc9e04c63336ee28;locationS29;RequestProject/Kant/Dasl.lean8;evidenceS15;MACHINE_CHECKED","RequestProject","O7;13;source_systemS5;lean411;source_fileS29;RequestProject/Kant/Dasl.lean13;source_formatS4;text11;imported_atI+0;14;transformed_atI+0;15;transformationsL0;13;parent_objectS0;","2bd4d95a37636389fdb0e58287add6a6ed9b4517d0dcb2c3ce2a11692e47d2e0"
"proof.Kant.Codec.joinLines.eq_1","Kant.Codec.joinLines.eq_1","lean4","VALID","RequestProject/Kant/Codec/RawText.lean","0","L1;S24;obj.Kant.Codec.joinLines","L0;","elaborated and checked by the Lean kernel","L1;S29;obj.Kant.Codec.joinLines.eq_1","L1;S31;claim.Kant.Codec.joinLines.eq_1","L1;S26;proof.Kant.Codec.joinLines","O4;4;kindS12;lean4-kernel6;digestS64;76b0ac2672042e4aed7c29842b679ded423fe91d4fed09448de4354055338be78;locationS38;RequestProject/Kant/Codec/RawText.lean8;evidenceS15;MACHINE_CHECKED","RequestProject","O7;13;source_systemS5;lean411;source_fileS38;RequestProject/Kant/Codec/RawText.lean13;source_formatS4;text11;imported_atI+0;14;transformed_atI+0;15;transformationsL0;13;parent_objectS0;","1e765d3cbe4c42814bc032ac39b91dae726923e39465139bd8ca1b7aa6a1bac8"
"proof.Kant.Bytes.u64Bytes_length","Kant.Bytes.u64Bytes_length","lean4","VALID","RequestProject/Kant/Bytes.lean","119","L0;","L0;","elaborated and checked by the Lean kernel","L1;S30;obj.Kant.Bytes.u64Bytes_length","L1;S32;claim.Kant.Bytes.u64Bytes_length","L0;","O4;4;kindS12;lean4-kernel6;digestS64;22008aaa4629238a0d07eed3c8ac1fa9f8c60ed8e3f1705cebd7ed7419d9bdb38;locationS30;RequestProject/Kant/Bytes.lean8;evidenceS15;MACHINE_CHECKED","RequestProject","O7;13;source_systemS5;lean411;source_fileS30;RequestProject/Kant/Bytes.lean13;source_formatS4;text11;imported_atI+0;14;transformed_atI+119;15;transformationsL0;13;parent_objectS0;","8356c5c7f702e588d6cb033dfca5495b84fd6b17fabb66eefe89ba2aa1ffa941"
"proof.Kant.InviteCard.inviteUrl_eq","Kant.InviteCard.inviteUrl_eq","lean4","VALID","RequestProject/Kant/InviteCard.lean","73","L2;S24;obj.Kant.SiteCard.ConfigS26;obj.Kant.Rendezvous.Invite","L0;","elaborated and checked by the Lean kernel","L1;S32;obj.Kant.InviteCard.inviteUrl_eq","L1;S34;claim.Kant.InviteCard.inviteUrl_eq","L2;S26;proof.Kant.SiteCard.ConfigS28;proof.Kant.Rendezvous.Invite","O4;4;kindS12;lean4-kernel6;digestS64;6ff98e1aced01a39f3125a59d813aaea9f060e44a323792b32f655f5539a3d548;locationS35;RequestProject/Kant/InviteCard.lean8;evidenceS15;MACHINE_CHECKED","RequestProject","O7;13;source_systemS5;lean411;source_fileS35;RequestProject/Kant/InviteCard.lean13;source_formatS4;text11;imported_atI+0;14;transformed_atI+73;15;transformationsL0;13;parent_objectS0;","f29f681d4524ae8344be431abb77b8a05645af31fb0625897511f443ba0a9d26"
"proof.Kant.Codec.readCsvField.eq_def","Kant.Codec.readCsvField.eq_def","lean4","VALID","RequestProject/Kant/Codec/Csv.lean","0","L0;","L0;","elaborated and checked by the Lean kernel","L1;S34;obj.Kant.Codec.readCsvField.eq_def","L1;S36;claim.Kant.Codec.readCsvField.eq_def","L0;","O4;4;kindS12;lean4-kernel6;digestS64;5ab7614da7d8a52e42abb1e889f66b7d21540d190bbb1998e42120e265aa62bf8;locationS34;RequestProject/Kant/Codec/Csv.lean8;evidenceS15;MACHINE_CHECKED","RequestProject","O7;13;source_systemS5;lean411;source_fileS34;RequestProject/Kant/Codec/Csv.lean13;source_formatS4;text11;imported_atI+0;14;transformed_atI+0;15;transformationsL0;13;parent_objectS0;","a4e0e3253d2ff344237d1835ecdced57047e9fbfe093662a67e5a8adc7510c3d"
"proof.Kant.Rendezvous.Roster.merge_delivers","Kant.Rendezvous.Roster.merge_delivers","lean4","VALID","RequestProject/Kant/Rendezvous.lean","225","L0;","L0;","elaborated and checked by the Lean kernel","L1;S41;obj.Kant.Rendezvous.Roster.merge_delivers","L1;S43;claim.Kant.Rendezvous.Roster.merge_delivers","L0;","O4;4;kindS12;lean4-kernel6;digestS64;65ecd30e6e7002f2671fc2f2f586707db0b40efc78b4037000f062b89ef94c238;locationS35;RequestProject/Kant/Rendezvous.lean8;evidenceS15;MACHINE_CHECKED","RequestProject","O7;13;source_systemS5;lean411;source_fileS35;RequestProject/Kant/Rendezvous.lean13;source_formatS4;text11;imported_atI+0;14;transformed_atI+225;15;transformationsL0;13;parent_objectS0;","d4c1320ad3e01418d9a3de846860af5b6f3e519319665dde84d239e96b18dda1"
"proof.Kant.Dom.Rel.provenBy.sizeOf_spec","Kant.Dom.Rel.provenBy.sizeOf_spec","lean4","VALID","RequestProject/Kant/Domain/Model.lean","0","L0;","L0;","elaborated and checked by the Lean kernel","L1;S37;obj.Kant.Dom.Rel.provenBy.sizeOf_spec","L1;S39;claim.Kant.Dom.Rel.provenBy.sizeOf_spec","L0;","O4;4;kindS12;lean4-kernel6;digestS64;4eb332752d6d5911bdb465886517c98ee7f3628f549a6b4bc819a3020fada8c88;locationS37;RequestProject/Kant/Domain/Model.lean8;evidenceS15;MACHINE_CHECKED","RequestProject","O7;13;source_systemS5;lean411;source_fileS37;RequestProject/Kant/Domain/Model.lean13;source_formatS4;text11;imported_atI+0;14;transformed_atI+0;15;transformationsL0;13;parent_objectS0;","19716f08640f99afd4f860422867df4cf2dc2b39be8138f5aa05b49185004912"
"proof.Kant.Dom.nonstandard_axioms_not_proven","Kant.Dom.nonstandard_axioms_not_proven","lean4","VALID","RequestProject/Kant/Domain/Catalog.lean","345","L0;","L0;","elaborated and checked by the Lean kernel","L1;S42;obj.Kant.Dom.nonstandard_axioms_not_proven","L1;S44;claim.Kant.Dom.nonstandard_axioms_not_proven","L0;","O4;4;kindS12;lean4-kernel6;digestS64;a60c76445aa91dd384150306ce0497183d62b55956503a65f391845c71a2dd928;locationS39;RequestProject/Kant/Domain/Catalog.lean8;evidenceS15;MACHINE_CHECKED","RequestProject","O7;13;source_systemS5;lean411;source_fileS39;RequestProject/Kant/Domain/Catalog.lean13;source_formatS4;text11;imported_atI+0;14;transformed_atI+345;15;transformationsL0;13;parent_objectS0;","613c190fa8d042450cd0f8ccbd3fe7629a11d4bfa29125ff1240d7590f343b1c"
"proof.Kant.Dom.Evidence.mk.sizeOf_spec","Kant.Dom.Evidence.mk.sizeOf_spec","lean4","VALID","RequestProject/Kant/Domain/Model.lean","0","L0;","L0;","elaborated and checked by the Lean kernel","L1;S36;obj.Kant.Dom.Evidence.mk.sizeOf_spec","L1;S38;claim.Kant.Dom.Evidence.mk.sizeOf_spec","L0;","O4;4;kindS12;lean4-kernel6;digestS64;4d29d741947824b8981c418494640757249e768b389ef42e71d0543b17e30e858;locationS37;RequestProject/Kant/Domain/Model.lean8;evidenceS15;MACHINE_CHECKED","RequestProject","O7;13;source_systemS5;lean411;source_fileS37;RequestProject/Kant/Domain/Model.lean13;source_formatS4;text11;imported_atI+0;14;transformed_atI+0;15;transformationsL0;13;parent_objectS0;","b18e50cfbf2302a3009001f5202e9960a9d3fd65dbe735a97f09ee39182927e6"
"proof.Kant.Codec.readXUntil_xesc","Kant.Codec.readXUntil_xesc","lean4","VALID","RequestProject/Kant/Codec/Xml.lean","106","L1;S25;obj.Kant.Codec.readXUntil","L0;","elaborated and checked by the Lean kernel","L1;S30;obj.Kant.Codec.readXUntil_xesc","L1;S32;claim.Kant.Codec.readXUntil_xesc","L1;S27;proof.Kant.Codec.readXUntil","O4;4;kindS12;lean4-kernel6;digestS64;9f407b244850459d6cd712ae2735770ed40a4ca5a80c48eb99a6248f646f2e5c8;locationS34;RequestProject/Kant/Codec/Xml.lean8;evidenceS15;MACHINE_CHECKED","RequestProject","O7;13;source_systemS5;lean411;source_fileS34;RequestProject/Kant/Codec/Xml.lean13;source_formatS4;text11;imported_atI+0;14;transformed_atI+106;15;transformationsL0;13;parent_objectS0;","d3b8120f050f8e6f11daacffd4889a3c82e1e9d5bd7d9dd52c6b2935a87d77a2"
"proof.Kant.Dom.Truth.ofName_name","Kant.Dom.Truth.ofName_name","lean4","VALID","RequestProject/Kant/Domain/Model.lean","102","L1;S33;obj.Kant.Dom.instDecidableEqTruth","L0;","elaborated and checked by the Lean kernel","L1;S30;obj.Kant.Dom.Truth.ofName_name","L1;S32;claim.Kant.Dom.Truth.ofName_name","L1;S35;proof.Kant.Dom.instDecidableEqTruth","O4;4;kindS12;lean4-kernel6;digestS64;4677bae60aeb906c2423ef2ad54c779b6ab18d46f2733c622502737d71eb3c098;locationS37;RequestProject/Kant/Domain/Model.lean8;evidenceS15;MACHINE_CHECKED","RequestProject","O7;13;source_systemS5;lean411;source_fileS37;RequestProject/Kant/Domain/Model.lean13;source_formatS4;text11;imported_atI+0;14;transformed_atI+102;15;transformationsL0;13;parent_objectS0;","68a0cca73df3f79bf5c4a28cf7ee83b830a7c7dc9e67b7a1ee58c472f903e53e"
"proof.Kant.Handoff.run_delivers","Kant.Handoff.run_delivers","lean4","VALID","RequestProject/Kant/Handoff.lean","125","L1;S18;obj.Kant.Relay.Msg","L0;","elaborated and checked by the Lean kernel","L1;S29;obj.Kant.Handoff.run_delivers","L1;S31;claim.Kant.Handoff.run_delivers","L1;S20;proof.Kant.Relay.Msg","O4;4;kindS12;lean4-kernel6;digestS64;63b96d225f42cc2bfcd9dda51a9b718898ab193398a1a4298ec8727aa2929f468;locationS32;RequestProject/Kant/Handoff.lean8;evidenceS15;MACHINE_CHECKED","RequestProject","O7;13;source_systemS5;lean411;source_fileS32;RequestProject/Kant/Handoff.lean13;source_formatS4;text11;imported_atI+0;14;transformed_atI+125;15;transformationsL0;13;parent_objectS0;","484ce898d651b317d17a20622f98134434689a16d0a45dfd773297b2a5e82daa"
"proof.Kant.Wasm.Kernel.eval_cidPayloadE","Kant.Wasm.Kernel.eval_cidPayloadE","lean4","VALID","RequestProject/Wasm/KernelSpec.lean","160","L1;S32;obj.Kant.Wasm.Kernel.cidPayloadE","L0;","elaborated and checked by the Lean kernel","L1;S37;obj.Kant.Wasm.Kernel.eval_cidPayloadE","L1;S39;claim.Kant.Wasm.Kernel.eval_cidPayloadE","L1;S34;proof.Kant.Wasm.Kernel.cidPayloadE","O4;4;kindS12;lean4-kernel6;digestS64;1f0816303921aaa325abbe5497e7756cea9108f0ba378731f4cce18588cd4a028;locationS35;RequestProject/Wasm/KernelSpec.lean8;evidenceS15;MACHINE_CHECKED","RequestProject","O7;13;source_systemS5;lean411;source_fileS35;RequestProject/Wasm/KernelSpec.lean13;source_formatS4;text11;imported_atI+0;14;transformed_atI+160;15;transformationsL0;13;parent_objectS0;","86a420ad53418b168f057281eab89079e7951b683aef2f90670970347be26b73"
"proof.Kant.Dom.objects_nodup","Kant.Dom.objects_nodup","lean4","VALID","RequestProject/Kant/Domain/Catalog.lean","231","L0;","L0;","elaborated and checked by the Lean kernel","L1;S26;obj.Kant.Dom.objects_nodup","L1;S28;claim.Kant.Dom.objects_nodup","L0;","O4;4;kindS12;lean4-kernel6;digestS64;91e7978081433f6c4329c283ac2e156fa73efc6c51f9d736d3ce72efb862e7618;locationS39;RequestProject/Kant/Domain/Catalog.lean8;evidenceS15;MACHINE_CHECKED","RequestProject","O7;13;source_systemS5;lean411;source_fileS39;RequestProject/Kant/Domain/Catalog.lean13;source_formatS4;text11;imported_atI+0;14;transformed_atI+231;15;transformationsL0;13;parent_objectS0;","e959efe58e69fadd440acd20ebacbefaa709df6f96d09d57f74d139e8cfd29f4"
"proof.Kant.Codec.extensions_preserved","Kant.Codec.extensions_preserved","lean4","VALID","RequestProject/Kant/Codec/Model.lean","525","L1;S24;obj.Kant.Codec.Obj.toVal","L0;","elaborated and checked by the Lean kernel","L1;S35;obj.Kant.Codec.extensions_preserved","L1;S37;claim.Kant.Codec.extensions_preserved","L1;S26;proof.Kant.Codec.Obj.toVal","O4;4;kindS12;lean4-kernel6;digestS64;ac93381845963199a73db274a86eeb2a935d50b6787de2c3d25992caf0dff42c8;locationS36;RequestProject/Kant/Codec/Model.lean8;evidenceS15;MACHINE_CHECKED","RequestProject","O7;13;source_systemS5;lean411;source_fileS36;RequestProject/Kant/Codec/Model.lean13;source_formatS4;text11;imported_atI+0;14;transformed_atI+525;15;transformationsL0;13;parent_objectS0;","a91b9dfd648241f8e3ace690488641cb86c1ec3bb73e171e9cf0fa3df386a0f1"
"proof.Kant.Dom.Rel.constrains.sizeOf_spec","Kant.Dom.Rel.constrains.sizeOf_spec","lean4","VALID","RequestProject/Kant/Domain/Model.lean","0","L0;","L0;","elaborated and checked by the Lean kernel","L1;S39;obj.Kant.Dom.Rel.constrains.sizeOf_spec","L1;S41;claim.Kant.Dom.Rel.constrains.sizeOf_spec","L0;","O4;4;kindS12;lean4-kernel6;digestS64;90b069fabfc473d03540720b2927e5333b030d8a87eb885670f4cb86adf220398;locationS37;RequestProject/Kant/Domain/Model.lean8;evidenceS15;MACHINE_CHECKED","RequestProject","O7;13;source_systemS5;lean411;source_fileS37;RequestProject/Kant/Domain/Model.lean13;source_formatS4;text11;imported_atI+0;14;transformed_atI+0;15;transformationsL0;13;parent_objectS0;","15c7301ce57dc5fdaad434baf255adba6c36eb74636757f739ae53d274991ab4"
"proof.Kant.Uucp.Node.paste.eq_1","Kant.Uucp.Node.paste.eq_1","lean4","VALID","RequestProject/Kant/Uucp.lean","0","L1;S18;obj.Kant.Relay.Msg","L0;","elaborated and checked by the Lean kernel","L1;S29;obj.Kant.Uucp.Node.paste.eq_1","L1;S31;claim.Kant.Uucp.Node.paste.eq_1","L1;S20;proof.Kant.Relay.Msg","O4;4;kindS12;lean4-kernel6;digestS64;b43b7abd021eb59f531b534a215b6030cbe6d5beb791d6cd05135dd37a55c0268;locationS29;RequestProject/Kant/Uucp.lean8;evidenceS15;MACHINE_CHECKED","RequestProject","O7;13;source_systemS5;lean411;source_fileS29;RequestProject/Kant/Uucp.lean13;source_formatS4;text11;imported_atI+0;14;transformed_atI+0;15;transformationsL0;13;parent_objectS0;","49254f3b899dc54f0770100cb468006ccd78b243462ba5952277f9f1d1a108b2"
"proof.Kant.Wasm.Kernel.fitsSocialE.eq_1","Kant.Wasm.Kernel.fitsSocialE.eq_1","lean4","VALID","RequestProject/Wasm/KernelSpec.lean","0","L1;S18;obj.Kant.Wasm.Expr","L0;","elaborated and checked by the Lean kernel","L1;S37;obj.Kant.Wasm.Kernel.fitsSocialE.eq_1","L1;S39;claim.Kant.Wasm.Kernel.fitsSocialE.eq_1","L1;S20;proof.Kant.Wasm.Expr","O4;4;kindS12;lean4-kernel6;digestS64;68d37a39b837674151901c50229836eee2819d59f45c04db0b42a3ea339591088;locationS35;RequestProject/Wasm/KernelSpec.lean8;evidenceS15;MACHINE_CHECKED","RequestProject","O7;13;source_systemS5;lean411;source_fileS35;RequestProject/Wasm/KernelSpec.lean13;source_formatS4;text11;imported_atI+0;14;transformed_atI+0;15;transformationsL0;13;parent_objectS0;","44b38b0b1fbeb8833a48a8ecbede76c0bf8c46df8cbdfac9bd334230a64ec906"
"proof.Kant.Codec.Fmt.yaml.sizeOf_spec","Kant.Codec.Fmt.yaml.sizeOf_spec","lean4","VALID","RequestProject/Kant/Codec/Model.lean","0","L0;","L0;","elaborated and checked by the Lean kernel","L1;S35;obj.Kant.Codec.Fmt.yaml.sizeOf_spec","L1;S37;claim.Kant.Codec.Fmt.yaml.sizeOf_spec","L0;","O4;4;kindS12;lean4-kernel6;digestS64;d5f54e87a8141efb33394478bb120cb815b7af5f58320c012c1f8fcb2f6910be8;locationS36;RequestProject/Kant/Codec/Model.lean8;evidenceS15;MACHINE_CHECKED","RequestProject","O7;13;source_systemS5;lean411;source_fileS36;RequestProject/Kant/Codec/Model.lean13;source_formatS4;text11;imported_atI+0;14;transformed_atI+0;15;transformationsL0;13;parent_objectS0;","224b776963ac073c40a501568c9c2d0fcb30f707f2c4e8e2247816331d77a1b5"
"proof.Kant.Feed.row_no_markup","Kant.Feed.row_no_markup","lean4","VALID","RequestProject/Kant/Feed.lean","115","L0;","L0;","elaborated and checked by the Lean kernel","L1;S27;obj.Kant.Feed.row_no_markup","L1;S29;claim.Kant.Feed.row_no_markup","L0;","O4;4;kindS12;lean4-kernel6;digestS64;dd6fea51bc5f275630b6a980daf6ab5d4202200a0b03a9e09f7abe43c2ff027f8;locationS29;RequestProject/Kant/Feed.lean8;evidenceS15;MACHINE_CHECKED","RequestProject","O7;13;source_systemS5;lean411;source_fileS29;RequestProject/Kant/Feed.lean13;source_formatS4;text11;imported_atI+0;14;transformed_atI+115;15;transformationsL0;13;parent_objectS0;","d97a45892ce579800b31a608f81980639ac2c60fc8b69846222a24f15e2b66a9"
"proof.Kant.Meme.frames_fit_social","Kant.Meme.frames_fit_social","lean4","VALID","RequestProject/Kant/Meme.lean","279","L1;S31;obj.Kant.Sneakernet.socialLimit","L0;","elaborated and checked by the Lean kernel","L1;S31;obj.Kant.Meme.frames_fit_social","L1;S33;claim.Kant.Meme.frames_fit_social","L1;S33;proof.Kant.Sneakernet.socialLimit","O4;4;kindS12;lean4-kernel6;digestS64;39602efb484296c2af86337231c806653b8a6d1c54f7dba034e99c8b9468cf8b8;locationS29;RequestProject/Kant/Meme.lean8;evidenceS15;MACHINE_CHECKED","RequestProject","O7;13;source_systemS5;lean411;source_fileS29;RequestProject/Kant/Meme.lean13;source_formatS4;text11;imported_atI+0;14;transformed_atI+279;15;transformationsL0;13;parent_objectS0;","af54ca3edae97b15c9e3a5d6d8f9ec3277b4cfd6a56eb40f50b7d15d385000ac"
"proof.Kant.Onboarding.Event.stopCamera.sizeOf_spec","Kant.Onboarding.Event.stopCamera.sizeOf_spec","lean4","VALID","RequestProject/Kant/Onboarding.lean","0","L0;","L0;","elaborated and checked by the Lean kernel","L1;S48;obj.Kant.Onboarding.Event.stopCamera.sizeOf_spec","L1;S50;claim.Kant.Onboarding.Event.stopCamera.sizeOf_spec","L0;","O4;4;kindS12;lean4-kernel6;digestS64;e751b9f6a3ecd5cd49b74dca0d09b20a6a4f51f46647c7c702d7c7fdb79a6d848;locationS35;RequestProject/Kant/Onboarding.lean8;evidenceS15;MACHINE_CHECKED","RequestProject","O7;13;source_systemS5;lean411;source_fileS35;RequestProject/Kant/Onboarding.lean13;source_formatS4;text11;imported_atI+0;14;transformed_atI+0;15;transformationsL0;13;parent_objectS0;","c85028f3dde0b3958b74678f1f56f2f2cb6696d7dc1f270f386a49eba45f8b6c"
"proof.Kant.Codec.digitVal.eq_5","Kant.Codec.digitVal.eq_5","lean4","VALID","RequestProject/Kant/Codec/Yaml.lean","0","L0;","L0;","elaborated and checked by the Lean kernel","L1;S28;obj.Kant.Codec.digitVal.eq_5","L1;S30;claim.Kant.Codec.digitVal.eq_5","L0;","O4;4;kindS12;lean4-kernel6;digestS64;65d9a87ef02c64e6f9406c6c9bd509598100870b2b245580b56f337fb30c7cf38;locationS35;RequestProject/Kant/Codec/Yaml.lean8;evidenceS15;MACHINE_CHECKED","RequestProject","O7;13;source_systemS5;lean411;source_fileS35;RequestProject/Kant/Codec/Yaml.lean13;source_formatS4;text11;imported_atI+0;14;transformed_atI+0;15;transformationsL0;13;parent_objectS0;","9401cd88dd5fb0835072da3f04cbe1c090b9c923168e6e8911b53734323ffc46"
"proof.Kant.Sheaf.EigenSpace.enumList_nodup","Kant.Sheaf.EigenSpace.enumList_nodup","lean4","VALID","RequestProject/Kant/Sheaf.lean","0","L1;S34;obj.Kant.Sheaf.EigenSpace.enumList","L0;","elaborated and checked by the Lean kernel","L1;S40;obj.Kant.Sheaf.EigenSpace.enumList_nodup","L1;S42;claim.Kant.Sheaf.EigenSpace.enumList_nodup","L1;S36;proof.Kant.Sheaf.EigenSpace.enumList","O4;4;kindS12;lean4-kernel6;digestS64;e272325fd3a72e0c0693a82d49cd98df121467aca0e07cf2b8368ba86572f9458;locationS30;RequestProject/Kant/Sheaf.lean8;evidenceS15;MACHINE_CHECKED","RequestProject","O7;13;source_systemS5;lean411;source_fileS30;RequestProject/Kant/Sheaf.lean13;source_formatS4;text11;imported_atI+0;14;transformed_atI+0;15;transformationsL0;13;parent_objectS0;","25f7de691de6f7b1c99223aad4806c9ee7a8d1dcdae912cbe5bd083fac003e38"
"proof.Kant.Codec.xmlEncList.eq_1","Kant.Codec.xmlEncList.eq_1","lean4","VALID","RequestProject/Kant/Codec/Xml.lean","0","L0;","L0;","elaborated and checked by the Lean kernel","L1;S30;obj.Kant.Codec.xmlEncList.eq_1","L1;S32;claim.Kant.Codec.xmlEncList.eq_1","L0;","O4;4;kindS12;lean4-kernel6;digestS64;faee7f30eb2b058f8ce273bc1ee7547c48035cbb10462c35dd1cf195ba0702228;locationS34;RequestProject/Kant/Codec/Xml.lean8;evidenceS15;MACHINE_CHECKED","RequestProject","O7;13;source_systemS5;lean411;source_fileS34;RequestProject/Kant/Codec/Xml.lean13;source_formatS4;text11;imported_atI+0;14;transformed_atI+0;15;transformationsL0;13;parent_objectS0;","d7150f42f2b73ff6aa735894cc423c090e72a57ce5945c90ad3226a3293f3fa3"
"proof.Kant.Wasm.Encode.binOpcode.eq_9","Kant.Wasm.Encode.binOpcode.eq_9","lean4","VALID","RequestProject/Wasm/Decode.lean","0","L0;","L0;","elaborated and checked by the Lean kernel","L1;S35;obj.Kant.Wasm.Encode.binOpcode.eq_9","L1;S37;claim.Kant.Wasm.Encode.binOpcode.eq_9","L0;","O4;4;kindS12;lean4-kernel6;digestS64;8f48ba8d3c6a3776dbe4ae8fd9fdd259f7e6ed54c18a4670e1395990f5a174538;locationS31;RequestProject/Wasm/Decode.lean8;evidenceS15;MACHINE_CHECKED","RequestProject","O7;13;source_systemS5;lean411;source_fileS31;RequestProject/Wasm/Decode.lean13;source_formatS4;text11;imported_atI+0;14;transformed_atI+0;15;transformationsL0;13;parent_objectS0;","79d8b17c1596d32df4bcfccdbfe4412a6f3efef8f4817ba7e6e8d9d8351930a4"
"proof.Kant.ShareLog.chat_no_secret","Kant.ShareLog.chat_no_secret","lean4","VALID","RequestProject/Kant/ShareLog.lean","257","L1;S34;obj.Kant.ShareLog.shared_no_secret","L0;","elaborated and checked by the Lean kernel","L1;S32;obj.Kant.ShareLog.chat_no_secret","L1;S34;claim.Kant.ShareLog.chat_no_secret","L1;S36;proof.Kant.ShareLog.shared_no_secret","O4;4;kindS12;lean4-kernel6;digestS64;7cc4a23b9ce13336923b6c09327e4b69227a87cebae5ee0c157ed78a3d654a378;locationS33;RequestProject/Kant/ShareLog.lean8;evidenceS15;MACHINE_CHECKED","RequestProject","O7;13;source_systemS5;lean411;source_fileS33;RequestProject/Kant/ShareLog.lean13;source_formatS4;text11;imported_atI+0;14;transformed_atI+257;15;transformationsL0;13;parent_objectS0;","71757520de45363e080fc6d66a5699a13a4f68a8f6e1cdf8b8e1595be48acddb"
"proof.Kant.Repost.pasteQuote_eq_none_of_bad_original","Kant.Repost.pasteQuote_eq_none_of_bad_original","lean4","VALID","RequestProject/Kant/Repost.lean","110","L0;","L0;","elaborated and checked by the Lean kernel","L1;S50;obj.Kant.Repost.pasteQuote_eq_none_of_bad_original","L1;S52;claim.Kant.Repost.pasteQuote_eq_none_of_bad_original","L0;","O4;4;kindS12;lean4-kernel6;digestS64;70e58b0802a57d08e38c0fb0344be06fd075ee96a70fb4b6b0f265fa4f6433958;locationS31;RequestProject/Kant/Repost.lean8;evidenceS15;MACHINE_CHECKED","RequestProject","O7;13;source_systemS5;lean411;source_fileS31;RequestProject/Kant/Repost.lean13;source_formatS4;text11;imported_atI+0;14;transformed_atI+110;15;transformationsL0;13;parent_objectS0;","6d59c32505d910e96c60e560ad3667266625db45b84b5d2397a9e328a2669160"
"proof.Kant.Wasm.Kernel.reflect59E.eq_1","Kant.Wasm.Kernel.reflect59E.eq_1","lean4","VALID","RequestProject/Wasm/KernelSpec.lean","0","L2;S18;obj.Kant.Wasm.ExprS23;obj.Kant.Wasm.Expr.modC","L0;","elaborated and checked by the Lean kernel","L1;S36;obj.Kant.Wasm.Kernel.reflect59E.eq_1","L1;S38;claim.Kant.Wasm.Kernel.reflect59E.eq_1","L2;S20;proof.Kant.Wasm.ExprS25;proof.Kant.Wasm.Expr.modC","O4;4;kindS12;lean4-kernel6;digestS64;dfb283ebbf9bcfd021e4e99c96936943fe74db21ce6c4d3658b43d41605363298;locationS35;RequestProject/Wasm/KernelSpec.lean8;evidenceS15;MACHINE_CHECKED","RequestProject","O7;13;source_systemS5;lean411;source_fileS35;RequestProject/Wasm/KernelSpec.lean13;source_formatS4;text11;imported_atI+0;14;transformed_atI+0;15;transformationsL0;13;parent_objectS0;","733f45e389b7cd4d0d2d397bc4486dea83c1f1897ac71f87750e790f14ed8a24"
"proof.Kant.Dom.Domain.hash_eq_of_eq","Kant.Dom.Domain.hash_eq_of_eq","lean4","VALID","RequestProject/Kant/Domain/Model.lean","666","L0;","L0;","elaborated and checked by the Lean kernel","L1;S33;obj.Kant.Dom.Domain.hash_eq_of_eq","L1;S35;claim.Kant.Dom.Domain.hash_eq_of_eq","L0;","O4;4;kindS12;lean4-kernel6;digestS64;0ea856fba3a1f154ec54c31b932d5c7f8e1da620f66f386eebfb58853954b5318;locationS37;RequestProject/Kant/Domain/Model.lean8;evidenceS15;MACHINE_CHECKED","RequestProject","O7;13;source_systemS5;lean411;source_fileS37;RequestProject/Kant/Domain/Model.lean13;source_formatS4;text11;imported_atI+0;14;transformed_atI+666;15;transformationsL0;13;parent_objectS0;","b01a2fe1366edc7ade82e6184ba7d73d4c09270c4b261ef4add3e9b1be80a137"
"proof.Kant.Cli.printArgv.eq_2","Kant.Cli.printArgv.eq_2","lean4","VALID","RequestProject/Kant/Cli.lean","0","L0;","L0;","elaborated and checked by the Lean kernel","L1;S27;obj.Kant.Cli.printArgv.eq_2","L1;S29;claim.Kant.Cli.printArgv.eq_2","L0;","O4;4;kindS12;lean4-kernel6;digestS64;216edfd36d64bf4640d4bbd52cccc3795a304ba423f3c32066504e854bd7a6538;locationS28;RequestProject/Kant/Cli.lean8;evidenceS15;MACHINE_CHECKED","RequestProject","O7;13;source_systemS5;lean411;source_fileS28;RequestProject/Kant/Cli.lean13;source_formatS4;text11;imported_atI+0;14;transformed_atI+0;15;transformationsL0;13;parent_objectS0;","05155ff9bb1be6bfb668e17ad3f94f2c8e9975c2fadaba6584e5476abd451dd2"
"proof.Kant.Uucp.bag_canonical","Kant.Uucp.bag_canonical","lean4","VALID","RequestProject/Kant/Uucp.lean","525","L2;S18;obj.Kant.Relay.MsgS23;obj.Kant.Uucp.Node.view","L0;","elaborated and checked by the Lean kernel","L1;S27;obj.Kant.Uucp.bag_canonical","L1;S29;claim.Kant.Uucp.bag_canonical","L2;S20;proof.Kant.Relay.MsgS25;proof.Kant.Uucp.Node.view","O4;4;kindS12;lean4-kernel6;digestS64;fe56677478b45a2b3cb46596a75543c8247e7dc651db9e1906a6ef4bad0eb6568;locationS29;RequestProject/Kant/Uucp.lean8;evidenceS15;MACHINE_CHECKED","RequestProject","O7;13;source_systemS5;lean411;source_fileS29;RequestProject/Kant/Uucp.lean13;source_formatS4;text11;imported_atI+0;14;transformed_atI+525;15;transformationsL0;13;parent_objectS0;","d537c90026b04b409b07cec764364da39ea8965144b634c6643b9cc53a85c6a9"
"proof.Kant.Connectivity.two_browsers_one_machine_stuck","Kant.Connectivity.two_browsers_one_machine_stuck","lean4","VALID","RequestProject/Kant/Connectivity.lean","160","L1;S45;obj.Kant.Connectivity.Reachability.configured","L0;","elaborated and checked by the Lean kernel","L1;S52;obj.Kant.Connectivity.two_browsers_one_machine_stuck","L1;S54;claim.Kant.Connectivity.two_browsers_one_machine_stuck","L1;S47;proof.Kant.Connectivity.Reachability.configured","O4;4;kindS12;lean4-kernel6;digestS64;5e2386f9e4647a3d43f8e657d8e45bda02649f572fb5eb9baca6a573d7f4c6d08;locationS37;RequestProject/Kant/Connectivity.lean8;evidenceS15;MACHINE_CHECKED","RequestProject","O7;13;source_systemS5;lean411;source_fileS37;RequestProject/Kant/Connectivity.lean13;source_formatS4;text11;imported_atI+0;14;transformed_atI+160;15;transformationsL0;13;parent_objectS0;","7dc4c254ea55fd105123542d37fc24f31c9b10a8dc72e05680cfab037076d239"
"proof.Kant.ShareLog.copyable_logPaste","Kant.ShareLog.copyable_logPaste","lean4","VALID","RequestProject/Kant/ShareLog.lean","201","L0;","L0;","elaborated and checked by the Lean kernel","L1;S35;obj.Kant.ShareLog.copyable_logPaste","L1;S37;claim.Kant.ShareLog.copyable_logPaste","L0;","O4;4;kindS12;lean4-kernel6;digestS64;05690a084fad20d6b37769e6aa5d6f9989d60f21e2fd4528ad70662fcae8474b8;locationS33;RequestProject/Kant/ShareLog.lean8;evidenceS15;MACHINE_CHECKED","RequestProject","O7;13;source_systemS5;lean411;source_fileS33;RequestProject/Kant/ShareLog.lean13;source_formatS4;text11;imported_atI+0;14;transformed_atI+201;15;transformationsL0;13;parent_objectS0;","d1bcec7c31ea0fa8a47ab5124bb2f5ab4661eb78f0e9b3ee366a2d53ea049f71"
"proof.Kant.Wasm.Decode.toRaw.eq_2","Kant.Wasm.Decode.toRaw.eq_2","lean4","VALID","RequestProject/Wasm/Decode.lean","0","L0;","L0;","elaborated and checked by the Lean kernel","L1;S31;obj.Kant.Wasm.Decode.toRaw.eq_2","L1;S33;claim.Kant.Wasm.Decode.toRaw.eq_2","L0;","O4;4;kindS12;lean4-kernel6;digestS64;9358addf36784e1c4653ef37a82159e32e22fab88b44aaf26872963c2b560d718;locationS31;RequestProject/Wasm/Decode.lean8;evidenceS15;MACHINE_CHECKED","RequestProject","O7;13;source_systemS5;lean411;source_fileS31;RequestProject/Wasm/Decode.lean13;source_formatS4;text11;imported_atI+0;14;transformed_atI+0;15;transformationsL0;13;parent_objectS0;","c58513086a6a921371f1a83387dbed508de4c700b8dcb019759ccfd308fa70d6"
"proof.Kant.Wasm.Kernel.eval_creditsForE","Kant.Wasm.Kernel.eval_creditsForE","lean4","VALID","RequestProject/Wasm/KernelSpec.lean","188","L0;","L0;","elaborated and checked by the Lean kernel","L1;S37;obj.Kant.Wasm.Kernel.eval_creditsForE","L1;S39;claim.Kant.Wasm.Kernel.eval_creditsForE","L0;","O4;4;kindS12;lean4-kernel6;digestS64;3a489a18b41d8f8b5ed0c63353fce95c69c739346448593912488729f8502fd28;locationS35;RequestProject/Wasm/KernelSpec.lean8;evidenceS15;MACHINE_CHECKED","RequestProject","O7;13;source_systemS5;lean411;source_fileS35;RequestProject/Wasm/KernelSpec.lean13;source_formatS4;text11;imported_atI+0;14;transformed_atI+188;15;transformationsL0;13;parent_objectS0;","bb72330784f1a8c395550795025a6aa0e9ac2ee6f1dcc8c9c82f6a278169a5a6"
"proof.Kant.Codec.Obj.mk.inj","Kant.Codec.Obj.mk.inj","lean4","VALID","RequestProject/Kant/Codec/Model.lean","0","L2;S18;obj.Kant.Codec.InpS21;obj.Kant.Codec.Status","L0;","elaborated and checked by the Lean kernel","L1;S25;obj.Kant.Codec.Obj.mk.inj","L1;S27;claim.Kant.Codec.Obj.mk.inj","L2;S20;proof.Kant.Codec.InpS23;proof.Kant.Codec.Status","O4;4;kindS12;lean4-kernel6;digestS64;3497750fff031f58deda88e7c810812bb7ddc15a759bb21202f680d746a4ac9d8;locationS36;RequestProject/Kant/Codec/Model.lean8;evidenceS15;MACHINE_CHECKED","RequestProject","O7;13;source_systemS5;lean411;source_fileS36;RequestProject/Kant/Codec/Model.lean13;source_formatS4;text11;imported_atI+0;14;transformed_atI+0;15;transformationsL0;13;parent_objectS0;","7b59e839aa22158cdc83fb4aa2947e3f1af2a72631b10bb2d3fb0a653ed84de5"
"proof.Kant.Wasm.Expr.eval.eq_2","Kant.Wasm.Expr.eval.eq_2","lean4","VALID","RequestProject/Wasm/Semantics.lean","0","L0;","L0;","elaborated and checked by the Lean kernel","L1;S28;obj.Kant.Wasm.Expr.eval.eq_2","L1;S30;claim.Kant.Wasm.Expr.eval.eq_2","L0;","O4;4;kindS12;lean4-kernel6;digestS64;887c7f38622932969496cd3d8a25f0856a0a5afd53aa2fc0b8f883a8858ed0e78;locationS34;RequestProject/Wasm/Semantics.lean8;evidenceS15;MACHINE_CHECKED","RequestProject","O7;13;source_systemS5;lean411;source_fileS34;RequestProject/Wasm/Semantics.lean13;source_formatS4;text11;imported_atI+0;14;transformed_atI+0;15;transformationsL0;13;parent_objectS0;","a0d204bc49f9cbf8081c6a6c40c2bcab7462711a55122f9e4c01f57f03d6c0d1"
"proof.Kant.Strip.strip_length","Kant.Strip.strip_length","lean4","VALID","RequestProject/Kant/Strip.lean","136","L1;S34;obj.Kant.Clipboard.Envelope.encode","L0;","elaborated and checked by the Lean kernel","L1;S27;obj.Kant.Strip.strip_length","L1;S29;claim.Kant.Strip.strip_length","L1;S36;proof.Kant.Clipboard.Envelope.encode","O4;4;kindS12;lean4-kernel6;digestS64;ebbee5b1a164a6d40acf8833bcf3aa93ef8c6201e2821dca921d1af02980a2018;locationS30;RequestProject/Kant/Strip.lean8;evidenceS15;MACHINE_CHECKED","RequestProject","O7;13;source_systemS5;lean411;source_fileS30;RequestProject/Kant/Strip.lean13;source_formatS4;text11;imported_atI+0;14;transformed_atI+136;15;transformationsL0;13;parent_objectS0;","64af372219bd8253cde13851a42375e0c5568b07ec16a079c5676f732db39c86"
"proof.Kant.Codec.embed.eq_4","Kant.Codec.embed.eq_4","lean4","VALID","RequestProject/Kant/Codec/Ipdl.lean","0","L0;","L0;","elaborated and checked by the Lean kernel","L1;S25;obj.Kant.Codec.embed.eq_4","L1;S27;claim.Kant.Codec.embed.eq_4","L0;","O4;4;kindS12;lean4-kernel6;digestS64;5a4d1462ed6b2d5847e45b70ebacad7761b1ad753b362596c08637aa12cac6ad8;locationS35;RequestProject/Kant/Codec/Ipdl.lean8;evidenceS15;MACHINE_CHECKED","RequestProject","O7;13;source_systemS5;lean411;source_fileS35;RequestProject/Kant/Codec/Ipdl.lean13;source_formatS4;text11;imported_atI+0;14;transformed_atI+0;15;transformationsL0;13;parent_objectS0;","7e059e71125649452c9b7c313ba3016291014148bed08c7f389b6023dd0a109c"
"proof.Kant.Dom.Evid.reproduced.sizeOf_spec","Kant.Dom.Evid.reproduced.sizeOf_spec","lean4","VALID","RequestProject/Kant/Domain/Model.lean","0","L0;","L0;","elaborated and checked by the Lean kernel","L1;S40;obj.Kant.Dom.Evid.reproduced.sizeOf_spec","L1;S42;claim.Kant.Dom.Evid.reproduced.sizeOf_spec","L0;","O4;4;kindS12;lean4-kernel6;digestS64;50b08b988e493ad71d106885aa823014c49b97d89a37389dfb738eadbf44db5a8;locationS37;RequestProject/Kant/Domain/Model.lean8;evidenceS15;MACHINE_CHECKED","RequestProject","O7;13;source_systemS5;lean411;source_fileS37;RequestProject/Kant/Domain/Model.lean13;source_formatS4;text11;imported_atI+0;14;transformed_atI+0;15;transformationsL0;13;parent_objectS0;","e90a073fabb26e566b8749c70ac96a79377bcebd5781af90ce05b2ccbeda11b3"
"proof.Kant.Codec.readXText_xesc","Kant.Codec.readXText_xesc","lean4","VALID","RequestProject/Kant/Codec/Xml.lean","156","L1;S30;obj.Kant.Codec.readXUntil_xesc","L0;","elaborated and checked by the Lean kernel","L1;S29;obj.Kant.Codec.readXText_xesc","L1;S31;claim.Kant.Codec.readXText_xesc","L1;S32;proof.Kant.Codec.readXUntil_xesc","O4;4;kindS12;lean4-kernel6;digestS64;f6a66b8abd504c2bfdc9339635e3c5042ec23fb62b8a66d929c958fd8e1e407a8;locationS34;RequestProject/Kant/Codec/Xml.lean8;evidenceS15;MACHINE_CHECKED","RequestProject","O7;13;source_systemS5;lean411;source_fileS34;RequestProject/Kant/Codec/Xml.lean13;source_formatS4;text11;imported_atI+0;14;transformed_atI+156;15;transformationsL0;13;parent_objectS0;","097854e0a9084d12c7bfd70bfa85054598ed04df6a559c2ce68184c2963409df"
"proof.Kant.Connectivity.Client.mk.inj","Kant.Connectivity.Client.mk.inj","lean4","VALID","RequestProject/Kant/Connectivity.lean","0","L0;","L0;","elaborated and checked by the Lean kernel","L1;S35;obj.Kant.Connectivity.Client.mk.inj","L1;S37;claim.Kant.Connectivity.Client.mk.inj","L0;","O4;4;kindS12;lean4-kernel6;digestS64;1b05caeb5959b3e9c9be6caf9f73749e2dddd4ebffc6f2df764e9232ed8675dc8;locationS37;RequestProject/Kant/Connectivity.lean8;evidenceS15;MACHINE_CHECKED","RequestProject","O7;13;source_systemS5;lean411;source_fileS37;RequestProject/Kant/Connectivity.lean13;source_formatS4;text11;imported_atI+0;14;transformed_atI+0;15;transformationsL0;13;parent_objectS0;","0759f897e88e46ab8fc6236410c144e873fed2e6f4dce8f118300a7adb434bae"
"proof.Kant.Cli.Client.mk.inj","Kant.Cli.Client.mk.inj","lean4","VALID","RequestProject/Kant/Cli.lean","0","L1;S18;obj.Kant.Relay.Msg","L0;","elaborated and checked by the Lean kernel","L1;S26;obj.Kant.Cli.Client.mk.inj","L1;S28;claim.Kant.Cli.Client.mk.inj","L1;S20;proof.Kant.Relay.Msg","O4;4;kindS12;lean4-kernel6;digestS64;d0255921cb31718f4bfa95ee6bcb320c018543501c8671595fbb9c98efd90c0e8;locationS28;RequestProject/Kant/Cli.lean8;evidenceS15;MACHINE_CHECKED","RequestProject","O7;13;source_systemS5;lean411;source_fileS28;RequestProject/Kant/Cli.lean13;source_formatS4;text11;imported_atI+0;14;transformed_atI+0;15;transformationsL0;13;parent_objectS0;","bca17c6edf05a37a80ae0464ea6dbccdf6e5ce8b20203dd407ad6d5e7926dba7"
"proof.Kant.Dom.FormatReport.mk.sizeOf_spec","Kant.Dom.FormatReport.mk.sizeOf_spec","lean4","VALID","RequestProject/Kant/Domain/Emit.lean","0","L0;","L0;","elaborated and checked by the Lean kernel","L1;S40;obj.Kant.Dom.FormatReport.mk.sizeOf_spec","L1;S42;claim.Kant.Dom.FormatReport.mk.sizeOf_spec","L0;","O4;4;kindS12;lean4-kernel6;digestS64;145d89c5d79169206ad71b84db7c9e476d67e14503565d1606d649fd275fad358;locationS36;RequestProject/Kant/Domain/Emit.lean8;evidenceS15;MACHINE_CHECKED","RequestProject","O7;13;source_systemS5;lean411;source_fileS36;RequestProject/Kant/Domain/Emit.lean13;source_formatS4;text11;imported_atI+0;14;transformed_atI+0;15;transformationsL0;13;parent_objectS0;","02776d52cff616283adfe00d5155555bccb0470875c1f80e64bf8b1f581a40c1"
"proof.Kant.Rendezvous.parseAddrFields.eq_2","Kant.Rendezvous.parseAddrFields.eq_2","lean4","VALID","RequestProject/Kant/Rendezvous.lean","0","L0;","L0;","elaborated and checked by the Lean kernel","L1;S40;obj.Kant.Rendezvous.parseAddrFields.eq_2","L1;S42;claim.Kant.Rendezvous.parseAddrFields.eq_2","L0;","O4;4;kindS12;lean4-kernel6;digestS64;b74fbf27a38d5d8ad454aeded2b44b2189e3851ca47502dc441d0dcd97792f6b8;locationS35;RequestProject/Kant/Rendezvous.lean8;evidenceS15;MACHINE_CHECKED","RequestProject","O7;13;source_systemS5;lean411;source_fileS35;RequestProject/Kant/Rendezvous.lean13;source_formatS4;text11;imported_atI+0;14;transformed_atI+0;15;transformationsL0;13;parent_objectS0;","e0e0aa1347fcb7b4b0f88105096ba057c4eae35641dc337aa7e6d5b8161ef41d"
"proof.Kant.Wasm.Kernel.mkCidE.eq_1","Kant.Wasm.Kernel.mkCidE.eq_1","lean4","VALID","RequestProject/Wasm/KernelSpec.lean","0","L1;S18;obj.Kant.Wasm.Expr","L0;","elaborated and checked by the Lean kernel","L1;S32;obj.Kant.Wasm.Kernel.mkCidE.eq_1","L1;S34;claim.Kant.Wasm.Kernel.mkCidE.eq_1","L1;S20;proof.Kant.Wasm.Expr","O4;4;kindS12;lean4-kernel6;digestS64;8608fab408d76581cfb5459fcc0a1e6e1ecd19aa951364dba98b2629ce179fc88;locationS35;RequestProject/Wasm/KernelSpec.lean8;evidenceS15;MACHINE_CHECKED","RequestProject","O7;13;source_systemS5;lean411;source_fileS35;RequestProject/Wasm/KernelSpec.lean13;source_formatS4;text11;imported_atI+0;14;transformed_atI+0;15;transformationsL0;13;parent_objectS0;","63783c0e3c2cf774e489d8ea81549ad780d6582694ffdfba110cc3db6d46911d"
"proof.Kant.Dom.listOf_idsVal","Kant.Dom.listOf_idsVal","lean4","VALID","RequestProject/Kant/Domain/Model.lean","232","L1;S24;obj.Kant.Dom.idOfVal_str","L0;","elaborated and checked by the Lean kernel","L1;S26;obj.Kant.Dom.listOf_idsVal","L1;S28;claim.Kant.Dom.listOf_idsVal","L1;S26;proof.Kant.Dom.idOfVal_str","O4;4;kindS12;lean4-kernel6;digestS64;4e38b0ac32bcf97c75c5d385a25a68034517789e1cbb5b9243f9bce485985ca18;locationS37;RequestProject/Kant/Domain/Model.lean8;evidenceS15;MACHINE_CHECKED","RequestProject","O7;13;source_systemS5;lean411;source_fileS37;RequestProject/Kant/Domain/Model.lean13;source_formatS4;text11;imported_atI+0;14;transformed_atI+232;15;transformationsL0;13;parent_objectS0;","e44196cbd2338d5f226b43dfad6e2f1c4e051a738e803be559f12682f07dab22"
"proof.Kant.Codec.readRowVal.eq_1","Kant.Codec.readRowVal.eq_1","lean4","VALID","RequestProject/Kant/Codec/Csv.lean","0","L2;S18;obj.Kant.Codec.RowS33;obj.Kant.Codec.readRowVal.match_3","L0;","elaborated and checked by the Lean kernel","L1;S30;obj.Kant.Codec.readRowVal.eq_1","L1;S32;claim.Kant.Codec.readRowVal.eq_1","L2;S20;proof.Kant.Codec.RowS35;proof.Kant.Codec.readRowVal.match_3","O4;4;kindS12;lean4-kernel6;digestS64;5d33bbe1c09720adaae638ec1ef1cf6e44bf827a687d9957bdeea834a6ef7a908;locationS34;RequestProject/Kant/Codec/Csv.lean8;evidenceS15;MACHINE_CHECKED","RequestProject","O7;13;source_systemS5;lean411;source_fileS34;RequestProject/Kant/Codec/Csv.lean13;source_formatS4;text11;imported_atI+0;14;transformed_atI+0;15;transformationsL0;13;parent_objectS0;","66fe1e4733cd2a133737d8b152a08ac074f0f871ec086c39fe70f29545f83de6"
"proof.Kant.Dom.findObj_catalog","Kant.Dom.findObj_catalog","lean4","VALID","RequestProject/Kant/Domain/Catalog.lean","254","L1;S26;obj.Kant.Dom.objects_nodup","L0;","elaborated and checked by the Lean kernel","L1;S28;obj.Kant.Dom.findObj_catalog","L1;S30;claim.Kant.Dom.findObj_catalog","L1;S28;proof.Kant.Dom.objects_nodup","O4;4;kindS12;lean4-kernel6;digestS64;0093da19bd870d35a36aadc58aa37e7e837c9bc319d40c07c9bab32008605d788;locationS39;RequestProject/Kant/Domain/Catalog.lean8;evidenceS15;MACHINE_CHECKED","RequestProject","O7;13;source_systemS5;lean411;source_fileS39;RequestProject/Kant/Domain/Catalog.lean13;source_formatS4;text11;imported_atI+0;14;transformed_atI+254;15;transformationsL0;13;parent_objectS0;","f65f1b54ac5bbab76d088df74f23487400420ef5569fe07d91d5c2554b1b543a"
"proof.Kant.Uucp.Carrier.capacity.eq_3","Kant.Uucp.Carrier.capacity.eq_3","lean4","VALID","RequestProject/Kant/Uucp.lean","0","L0;","L0;","elaborated and checked by the Lean kernel","L1;S35;obj.Kant.Uucp.Carrier.capacity.eq_3","L1;S37;claim.Kant.Uucp.Carrier.capacity.eq_3","L0;","O4;4;kindS12;lean4-kernel6;digestS64;a1adeb7f41685e68bb7404aefd7c018b85c399c0c2b7672e087b35de2f14eb518;locationS29;RequestProject/Kant/Uucp.lean8;evidenceS15;MACHINE_CHECKED","RequestProject","O7;13;source_systemS5;lean411;source_fileS29;RequestProject/Kant/Uucp.lean13;source_formatS4;text11;imported_atI+0;14;transformed_atI+0;15;transformationsL0;13;parent_objectS0;","898d7fab5aedde014556e2591b70d2fead613bfea4d61dfbfc6bd224ca078d78"
"proof.Kant.ShareLog.shared_no_secret","Kant.ShareLog.shared_no_secret","lean4","VALID","RequestProject/Kant/ShareLog.lean","56","L0;","L0;","elaborated and checked by the Lean kernel","L1;S34;obj.Kant.ShareLog.shared_no_secret","L1;S36;claim.Kant.ShareLog.shared_no_secret","L0;","O4;4;kindS12;lean4-kernel6;digestS64;e8b1c826fd58d2a3ab378545bee134c01e28eded88a17dd9c2b5e2fd2f783a968;locationS33;RequestProject/Kant/ShareLog.lean8;evidenceS15;MACHINE_CHECKED","RequestProject","O7;13;source_systemS5;lean411;source_fileS33;RequestProject/Kant/ShareLog.lean13;source_formatS4;text11;imported_atI+0;14;transformed_atI+56;15;transformationsL0;13;parent_objectS0;","0f9b956f22e54792cf833b662763f7f53f94d2fe96227e4c4cb1790deb5ccc2f"
"proof.Kant.CodeMovie.ungodel_godel","Kant.CodeMovie.ungodel_godel","lean4","VALID","RequestProject/Kant/CodeMovie.lean","110","L0;","L0;","elaborated and checked by the Lean kernel","L1;S32;obj.Kant.CodeMovie.ungodel_godel","L1;S34;claim.Kant.CodeMovie.ungodel_godel","L0;","O4;4;kindS12;lean4-kernel6;digestS64;95629c9f07885796a03b827685d00885dc5d748964c01a808ed746633fc2afa78;locationS34;RequestProject/Kant/CodeMovie.lean8;evidenceS15;MACHINE_CHECKED","RequestProject","O7;13;source_systemS5;lean411;source_fileS34;RequestProject/Kant/CodeMovie.lean13;source_formatS4;text11;imported_atI+0;14;transformed_atI+110;15;transformationsL0;13;parent_objectS0;","cb13601861eff523af1e9ee3af4c1510db636e8a2a9f490928853afd243a4d76"
"proof.Kant.SiteCard.addressUrl_injective","Kant.SiteCard.addressUrl_injective","lean4","VALID","RequestProject/Kant/SiteCard.lean","338","L2;S24;obj.Kant.SiteCard.ConfigS28;obj.Kant.SiteCard.urlAddress","L0;","elaborated and checked by the Lean kernel","L1;S38;obj.Kant.SiteCard.addressUrl_injective","L1;S40;claim.Kant.SiteCard.addressUrl_injective","L2;S26;proof.Kant.SiteCard.ConfigS30;proof.Kant.SiteCard.urlAddress","O4;4;kindS12;lean4-kernel6;digestS64;7b0a42538caceeb1c8bd10985fc5752601366b63941a29636374087b688bc1488;locationS33;RequestProject/Kant/SiteCard.lean8;evidenceS15;MACHINE_CHECKED","RequestProject","O7;13;source_systemS5;lean411;source_fileS33;RequestProject/Kant/SiteCard.lean13;source_formatS4;text11;imported_atI+0;14;transformed_atI+338;15;transformationsL0;13;parent_objectS0;","23e0010760870412ca77aab664922bb54c8cc0db66adfd0cde290fc43d70bf2f"
"proof.Kant.Wasm.Decode.bytesN.eq_2","Kant.Wasm.Decode.bytesN.eq_2","lean4","VALID","RequestProject/Wasm/Decode.lean","0","L0;","L0;","elaborated and checked by the Lean kernel","L1;S32;obj.Kant.Wasm.Decode.bytesN.eq_2","L1;S34;claim.Kant.Wasm.Decode.bytesN.eq_2","L0;","O4;4;kindS12;lean4-kernel6;digestS64;c5ba58ad98a270d07012b941fb5c818ff550a57b27b5ed3ee2439f29d54979858;locationS31;RequestProject/Wasm/Decode.lean8;evidenceS15;MACHINE_CHECKED","RequestProject","O7;13;source_systemS5;lean411;source_fileS31;RequestProject/Wasm/Decode.lean13;source_formatS4;text11;imported_atI+0;14;transformed_atI+0;15;transformationsL0;13;parent_objectS0;","6c559375898168b4fe05ebe6d6a44f9785ae07fb6bb5623aefb5c1806043fc9d"
"proof.Kant.Codec.readCsvField_csvField","Kant.Codec.readCsvField_csvField","lean4","VALID","RequestProject/Kant/Codec/Csv.lean","297","L1;S34;obj.Kant.Codec.readCsvField.eq_def","L0;","elaborated and checked by the Lean kernel","L1;S36;obj.Kant.Codec.readCsvField_csvField","L1;S38;claim.Kant.Codec.readCsvField_csvField","L1;S36;proof.Kant.Codec.readCsvField.eq_def","O4;4;kindS12;lean4-kernel6;digestS64;4227cfe68768adfbf3f5bed8f658a9d842f9e80cc1c6893d7ea2204f6859f4e28;locationS34;RequestProject/Kant/Codec/Csv.lean8;evidenceS15;MACHINE_CHECKED","RequestProject","O7;13;source_systemS5;lean411;source_fileS34;RequestProject/Kant/Codec/Csv.lean13;source_formatS4;text11;imported_atI+0;14;transformed_atI+297;15;transformationsL0;13;parent_objectS0;","cafaa1ce8a268f976f848b8e46e23ca48f2603ad33c3f6fdf0f600b1aecb658a"
"proof.Kant.Dom.cellsText.eq_3","Kant.Dom.cellsText.eq_3","lean4","VALID","RequestProject/Kant/Domain/Table.lean","0","L0;","L0;","elaborated and checked by the Lean kernel","L1;S27;obj.Kant.Dom.cellsText.eq_3","L1;S29;claim.Kant.Dom.cellsText.eq_3","L0;","O4;4;kindS12;lean4-kernel6;digestS64;11d816af8160debe2a2f3436a73103855b76354f677b5220bb0645696bb4613f8;locationS37;RequestProject/Kant/Domain/Table.lean8;evidenceS15;MACHINE_CHECKED","RequestProject","O7;13;source_systemS5;lean411;source_fileS37;RequestProject/Kant/Domain/Table.lean13;source_formatS4;text11;imported_atI+0;14;transformed_atI+0;15;transformationsL0;13;parent_objectS0;","645cf97123de60a1bcafcfe8e4e328de3f48b906c4e7785bcfce009113400118"
"proof.Kant.Join.wordInvite.eq_1","Kant.Join.wordInvite.eq_1","lean4","VALID","RequestProject/Kant/Join.lean","0","L2;S26;obj.Kant.Rendezvous.InviteS31;obj.Kant.Rendezvous.pasteInvite","L0;","elaborated and checked by the Lean kernel","L1;S29;obj.Kant.Join.wordInvite.eq_1","L1;S31;claim.Kant.Join.wordInvite.eq_1","L2;S28;proof.Kant.Rendezvous.InviteS33;proof.Kant.Rendezvous.pasteInvite","O4;4;kindS12;lean4-kernel6;digestS64;fa4119b1fded8c06d925b833c6b45ba52eaf492dceb261302712eae103d618c78;locationS29;RequestProject/Kant/Join.lean8;evidenceS15;MACHINE_CHECKED","RequestProject","O7;13;source_systemS5;lean411;source_fileS29;RequestProject/Kant/Join.lean13;source_formatS4;text11;imported_atI+0;14;transformed_atI+0;15;transformationsL0;13;parent_objectS0;","972c561331d4f5d29b6a48af196b6955639eb93c69b79c4c7a44b526c48ea1cf"
"proof.Kant.Codec.projectList.eq_1","Kant.Codec.projectList.eq_1","lean4","VALID","RequestProject/Kant/Codec/Ipdl.lean","0","L0;","L0;","elaborated and checked by the Lean kernel","L1;S31;obj.Kant.Codec.projectList.eq_1","L1;S33;claim.Kant.Codec.projectList.eq_1","L0;","O4;4;kindS12;lean4-kernel6;digestS64;9b1e6e5ff0337a30263cac43c5b17bd33bd9e18b69dd7536e0c53a21a5cfb4598;locationS35;RequestProject/Kant/Codec/Ipdl.lean8;evidenceS15;MACHINE_CHECKED","RequestProject","O7;13;source_systemS5;lean411;source_fileS35;RequestProject/Kant/Codec/Ipdl.lean13;source_formatS4;text11;imported_atI+0;14;transformed_atI+0;15;transformationsL0;13;parent_objectS0;","42794dadd3d479396377421057c846b6c5d5f83a824b03f3b296051b441a7d70"
"proof.Kant.Dom.objectOfRow.eq_1","Kant.Dom.objectOfRow.eq_1","lean4","VALID","RequestProject/Kant/Domain/Table.lean","0","L1;S24;obj.Kant.Dom.objectOfRow","L0;","elaborated and checked by the Lean kernel","L1;S29;obj.Kant.Dom.objectOfRow.eq_1","L1;S31;claim.Kant.Dom.objectOfRow.eq_1","L1;S26;proof.Kant.Dom.objectOfRow","O4;4;kindS12;lean4-kernel6;digestS64;0935756a28c4c34e7ad5a46a44a52d91cd985e51a5e6154c1ca06c6756d6b2378;locationS37;RequestProject/Kant/Domain/Table.lean8;evidenceS15;MACHINE_CHECKED","RequestProject","O7;13;source_systemS5;lean411;source_fileS37;RequestProject/Kant/Domain/Table.lean13;source_formatS4;text11;imported_atI+0;14;transformed_atI+0;15;transformationsL0;13;parent_objectS0;","d5eb2d92fa3a084aa1200b4850ee6bad6441154f730390c49bde600742534ca7"
"proof.Kant.Strip.still.eq_1","Kant.Strip.still.eq_1","lean4","VALID","RequestProject/Kant/Strip.lean","0","L0;","L0;","elaborated and checked by the Lean kernel","L1;S25;obj.Kant.Strip.still.eq_1","L1;S27;claim.Kant.Strip.still.eq_1","L0;","O4;4;kindS12;lean4-kernel6;digestS64;a729dbfc99ca884d0295f79a065a13365c786c696aa74a77d3fcb2a7a45775688;locationS30;RequestProject/Kant/Strip.lean8;evidenceS15;MACHINE_CHECKED","RequestProject","O7;13;source_systemS5;lean411;source_fileS30;RequestProject/Kant/Strip.lean13;source_formatS4;text11;imported_atI+0;14;transformed_atI+0;15;transformationsL0;13;parent_objectS0;","a0673d84137fbd3291e51dac3f8ba585e476f668c062240c2186b39037ad78df"
"proof.Kant.CardDebug.explain_injective","Kant.CardDebug.explain_injective","lean4","VALID","RequestProject/Kant/CardDebug.lean","327","L0;","L0;","elaborated and checked by the Lean kernel","L1;S36;obj.Kant.CardDebug.explain_injective","L1;S38;claim.Kant.CardDebug.explain_injective","L0;","O4;4;kindS12;lean4-kernel6;digestS64;2752bc6bc4c29e6ee66768c3d5e93689bacf1f20f6b3fd1ca6ef83edf3f86a7f8;locationS34;RequestProject/Kant/CardDebug.lean8;evidenceS15;MACHINE_CHECKED","RequestProject","O7;13;source_systemS5;lean411;source_fileS34;RequestProject/Kant/CardDebug.lean13;source_formatS4;text11;imported_atI+0;14;transformed_atI+327;15;transformationsL0;13;parent_objectS0;","0e94c05369e273ff1b8b5c1eb5beafaccf825e22cfed3fe526e7ade4711b6512"
"proof.Kant.Codec.readDigits.eq_2","Kant.Codec.readDigits.eq_2","lean4","VALID","RequestProject/Kant/Codec/Yaml.lean","0","L0;","L0;","elaborated and checked by the Lean kernel","L1;S30;obj.Kant.Codec.readDigits.eq_2","L1;S32;claim.Kant.Codec.readDigits.eq_2","L0;","O4;4;kindS12;lean4-kernel6;digestS64;e8856c5983e7e40f53562c971c8f176816952c09c55176055c80e07b411d7ba68;locationS35;RequestProject/Kant/Codec/Yaml.lean8;evidenceS15;MACHINE_CHECKED","RequestProject","O7;13;source_systemS5;lean411;source_fileS35;RequestProject/Kant/Codec/Yaml.lean13;source_formatS4;text11;imported_atI+0;14;transformed_atI+0;15;transformationsL0;13;parent_objectS0;","1fb9f5bdcc19ed86164406460a057ce9e3ecc58564c9bcc0486221b3cecaeca3"
"proof.Kant.Text.isAscii_joinFields","Kant.Text.isAscii_joinFields","lean4","VALID","RequestProject/Kant/Text.lean","236","L0;","L0;","elaborated and checked by the Lean kernel","L1;S32;obj.Kant.Text.isAscii_joinFields","L1;S34;claim.Kant.Text.isAscii_joinFields","L0;","O4;4;kindS12;lean4-kernel6;digestS64;ce3ef5185807276f0c3f69092ce5220cf33f391f7561ecfd0227560b97b1ac6a8;locationS29;RequestProject/Kant/Text.lean8;evidenceS15;MACHINE_CHECKED","RequestProject","O7;13;source_systemS5;lean411;source_fileS29;RequestProject/Kant/Text.lean13;source_formatS4;text11;imported_atI+0;14;transformed_atI+236;15;transformationsL0;13;parent_objectS0;","178cc43488900d93c432f7becff6f7d0fdaa77ae215c8a995c34daead215ce56"
"proof.Kant.Rendezvous.Announce.mk.sizeOf_spec","Kant.Rendezvous.Announce.mk.sizeOf_spec","lean4","VALID","RequestProject/Kant/Rendezvous.lean","0","L0;","L0;","elaborated and checked by the Lean kernel","L1;S43;obj.Kant.Rendezvous.Announce.mk.sizeOf_spec","L1;S45;claim.Kant.Rendezvous.Announce.mk.sizeOf_spec","L0;","O4;4;kindS12;lean4-kernel6;digestS64;215605d42ac974aef273068310abea351ea587c881112ae09c3005b9e8683adf8;locationS35;RequestProject/Kant/Rendezvous.lean8;evidenceS15;MACHINE_CHECKED","RequestProject","O7;13;source_systemS5;lean411;source_fileS35;RequestProject/Kant/Rendezvous.lean13;source_formatS4;text11;imported_atI+0;14;transformed_atI+0;15;transformationsL0;13;parent_objectS0;","69012a2309d36b1c6aafc820ae2ff2ff39685d191e8cd42234721ea2c8b51b05"
"proof.Kant.Clipboard.toPaste_witness_field","Kant.Clipboard.toPaste_witness_field","lean4","VALID","RequestProject/Kant/Clipboard.lean","193","L0;","L0;","elaborated and checked by the Lean kernel","L1;S40;obj.Kant.Clipboard.toPaste_witness_field","L1;S42;claim.Kant.Clipboard.toPaste_witness_field","L0;","O4;4;kindS12;lean4-kernel6;digestS64;77e254c33c39ef4205a5ad7e8d1a3b9d6ff9d5005e460388fedfa21d59c9901b8;locationS34;RequestProject/Kant/Clipboard.lean8;evidenceS15;MACHINE_CHECKED","RequestProject","O7;13;source_systemS5;lean411;source_fileS34;RequestProject/Kant/Clipboard.lean13;source_formatS4;text11;imported_atI+0;14;transformed_atI+193;15;transformationsL0;13;parent_objectS0;","5d877777a1e098f87bd675af5601806b7b54f169602e0e1eb673074d05966111"
"proof.Kant.Dasl.instRightCommutativeNatHXorHModHPowOfNat_requestProject","Kant.Dasl.instRightCommutativeNatHXorHModHPowOfNat_requestProject","lean4","VALID","RequestProject/Kant/Dasl.lean","381","L0;","L0;","elaborated and checked by the Lean kernel","L1;S69;obj.Kant.Dasl.instRightCommutativeNatHXorHModHPowOfNat_requestProject","L1;S71;claim.Kant.Dasl.instRightCommutativeNatHXorHModHPowOfNat_requestProject","L0;","O4;4;kindS12;lean4-kernel6;digestS64;84c134f844237749d0cebaa2e0d78106aa326f4bd9759743691fdbf9a753fe808;locationS29;RequestProject/Kant/Dasl.lean8;evidenceS15;MACHINE_CHECKED","RequestProject","O7;13;source_systemS5;lean411;source_fileS29;RequestProject/Kant/Dasl.lean13;source_formatS4;text11;imported_atI+0;14;transformed_atI+381;15;transformationsL0;13;parent_objectS0;","13a2ef7fa72dacdd1770b2313d8fa2fa2ab2e971884dcf17e698f27ac80da934"
"proof.Kant.Codec.importReport_keeps_errors","Kant.Codec.importReport_keeps_errors","lean4","VALID","RequestProject/Kant/Codec/Exchange.lean","215","L0;","L0;","elaborated and checked by the Lean kernel","L1;S40;obj.Kant.Codec.importReport_keeps_errors","L1;S42;claim.Kant.Codec.importReport_keeps_errors","L0;","O4;4;kindS12;lean4-kernel6;digestS64;f96a4c65be8f1aec73db4142a406d6530069742cc0d1c7c29521f6dbde6efe218;locationS39;RequestProject/Kant/Codec/Exchange.lean8;evidenceS15;MACHINE_CHECKED","RequestProject","O7;13;source_systemS5;lean411;source_fileS39;RequestProject/Kant/Codec/Exchange.lean13;source_formatS4;text11;imported_atI+0;14;transformed_atI+215;15;transformationsL0;13;parent_objectS0;","35d1dc38b4ec7a98f185fb94493d401bf6bb7fb837ee39de24a824a1b9bd2861"
"proof.Kant.Connectivity.diagnose_noRoom","Kant.Connectivity.diagnose_noRoom","lean4","VALID","RequestProject/Kant/Connectivity.lean","226","L0;","L0;","elaborated and checked by the Lean kernel","L1;S37;obj.Kant.Connectivity.diagnose_noRoom","L1;S39;claim.Kant.Connectivity.diagnose_noRoom","L0;","O4;4;kindS12;lean4-kernel6;digestS64;11e0c95ca5f44f8f5d7e0a17857fb2cc230dcedf97b407390924ad9bfa7ae4ee8;locationS37;RequestProject/Kant/Connectivity.lean8;evidenceS15;MACHINE_CHECKED","RequestProject","O7;13;source_systemS5;lean411;source_fileS37;RequestProject/Kant/Connectivity.lean13;source_formatS4;text11;imported_atI+0;14;transformed_atI+226;15;transformationsL0;13;parent_objectS0;","369719dc12bf38369f8ec5f2b944f5f91bf0c8a8e89d88b07a417ba8fa0eb2f3"
"proof.Kant.Codec.recover.eq_3","Kant.Codec.recover.eq_3","lean4","VALID","RequestProject/Kant/Codec/Ipdl.lean","0","L0;","L0;","elaborated and checked by the Lean kernel","L1;S27;obj.Kant.Codec.recover.eq_3","L1;S29;claim.Kant.Codec.recover.eq_3","L0;","O4;4;kindS12;lean4-kernel6;digestS64;3f6324d4927758708f8462d34938bd0ff10209864e8679c62191316d5ecb129d8;locationS35;RequestProject/Kant/Codec/Ipdl.lean8;evidenceS15;MACHINE_CHECKED","RequestProject","O7;13;source_systemS5;lean411;source_fileS35;RequestProject/Kant/Codec/Ipdl.lean13;source_formatS4;text11;imported_atI+0;14;transformed_atI+0;15;transformationsL0;13;parent_objectS0;","d057283baac551f127af8f1c5490566e9b96445acd99b7aba61bdf73ee1f3ba8"
"proof.Kant.Dom.readTable_tableText","Kant.Dom.readTable_tableText","lean4","VALID","RequestProject/Kant/Domain/Table.lean","197","L0;","L0;","elaborated and checked by the Lean kernel","L1;S32;obj.Kant.Dom.readTable_tableText","L1;S34;claim.Kant.Dom.readTable_tableText","L0;","O4;4;kindS12;lean4-kernel6;digestS64;eaa8015ae1ae0114c88c8b7d521a306b17577ffd9d75a3624d73685123bcff418;locationS37;RequestProject/Kant/Domain/Table.lean8;evidenceS15;MACHINE_CHECKED","RequestProject","O7;13;source_systemS5;lean411;source_fileS37;RequestProject/Kant/Domain/Table.lean13;source_formatS4;text11;imported_atI+0;14;transformed_atI+197;15;transformationsL0;13;parent_objectS0;","9e22b5c939cec86586f2f063bbf56a2252e10165b114369f8557a82393775a5c"
"proof.Kant.Dom.summary_stable","Kant.Dom.summary_stable","lean4","VALID","RequestProject/Kant/Domain/Ledger.lean","283","L1;S20;obj.Kant.Dom.Summary","L0;","elaborated and checked by the Lean kernel","L1;S27;obj.Kant.Dom.summary_stable","L1;S29;claim.Kant.Dom.summary_stable","L1;S22;proof.Kant.Dom.Summary","O4;4;kindS12;lean4-kernel6;digestS64;ec23b747537cae7daf41171e6e2935a665caa61ce7d030676e804d6d654b02888;locationS38;RequestProject/Kant/Domain/Ledger.lean8;evidenceS15;MACHINE_CHECKED","RequestProject","O7;13;source_systemS5;lean411;source_fileS38;RequestProject/Kant/Domain/Ledger.lean13;source_formatS4;text11;imported_atI+0;14;transformed_atI+283;15;transformationsL0;13;parent_objectS0;","02c3eb6efef978b2a6bb2075a036e805913217ba5da1348c1edf220987f2a7df"
"proof.Kant.Handoff.run_after_write","Kant.Handoff.run_after_write","lean4","VALID","RequestProject/Kant/Handoff.lean","194","L3;S18;obj.Kant.Relay.MsgS24;obj.Kant.Uucp.Node.writeS29;obj.Kant.Handoff.run_delivers","L0;","elaborated and checked by the Lean kernel","L1;S32;obj.Kant.Handoff.run_after_write","L1;S34;claim.Kant.Handoff.run_after_write","L3;S20;proof.Kant.Relay.MsgS26;proof.Kant.Uucp.Node.writeS31;proof.Kant.Handoff.run_delivers","O4;4;kindS12;lean4-kernel6;digestS64;bcdd5a7b80f17b96851917d2938557a52286f83c8d6feb545131f9062ea1abc38;locationS32;RequestProject/Kant/Handoff.lean8;evidenceS15;MACHINE_CHECKED","RequestProject","O7;13;source_systemS5;lean411;source_fileS32;RequestProject/Kant/Handoff.lean13;source_formatS4;text11;imported_atI+0;14;transformed_atI+194;15;transformationsL0;13;parent_objectS0;","4c580b3d56dfd9a452661066bca9b59705edee952b2a110a2f72556c6e08cffd"
"proof.Kant.Uucp.readMsgs.eq_def","Kant.Uucp.readMsgs.eq_def","lean4","VALID","RequestProject/Kant/Uucp.lean","0","L1;S18;obj.Kant.Relay.Msg","L0;","elaborated and checked by the Lean kernel","L1;S29;obj.Kant.Uucp.readMsgs.eq_def","L1;S31;claim.Kant.Uucp.readMsgs.eq_def","L1;S20;proof.Kant.Relay.Msg","O4;4;kindS12;lean4-kernel6;digestS64;b97260e6eeed5c12fd7d71aa53afc579c24c2e3d672df6f407b1d505bf6180238;locationS29;RequestProject/Kant/Uucp.lean8;evidenceS15;MACHINE_CHECKED","RequestProject","O7;13;source_systemS5;lean411;source_fileS29;RequestProject/Kant/Uucp.lean13;source_formatS4;text11;imported_atI+0;14;transformed_atI+0;15;transformationsL0;13;parent_objectS0;","95771dd95dd1adcd50e67022d52cda0aa6a9410785f7c207f383bb2db68930c4"
"proof.Kant.Dom.PStatus.ofName_name","Kant.Dom.PStatus.ofName_name","lean4","VALID","RequestProject/Kant/Domain/Model.lean","130","L0;","L0;","elaborated and checked by the Lean kernel","L1;S32;obj.Kant.Dom.PStatus.ofName_name","L1;S34;claim.Kant.Dom.PStatus.ofName_name","L0;","O4;4;kindS12;lean4-kernel6;digestS64;150eb0bbb8c0da7572a00867476e4436191faafd1c8252dff47c925492a5ca588;locationS37;RequestProject/Kant/Domain/Model.lean8;evidenceS15;MACHINE_CHECKED","RequestProject","O7;13;source_systemS5;lean411;source_fileS37;RequestProject/Kant/Domain/Model.lean13;source_formatS4;text11;imported_atI+0;14;transformed_atI+130;15;transformationsL0;13;parent_objectS0;","c61a5a871b78b89d01c11918fb2aed9aad50cf2808c56c1736d590b42eb2c514"
"proof.Kant.Codec.readNatAux.eq_2","Kant.Codec.readNatAux.eq_2","lean4","VALID","RequestProject/Kant/Codec/Val.lean","0","L0;","L0;","elaborated and checked by the Lean kernel","L1;S30;obj.Kant.Codec.readNatAux.eq_2","L1;S32;claim.Kant.Codec.readNatAux.eq_2","L0;","O4;4;kindS12;lean4-kernel6;digestS64;0c706080f4c2f4ed113283bc000e7e76bb4852aafb5d3bb7ba670cb8e3a5c3388;locationS34;RequestProject/Kant/Codec/Val.lean8;evidenceS15;MACHINE_CHECKED","RequestProject","O7;13;source_systemS5;lean411;source_fileS34;RequestProject/Kant/Codec/Val.lean13;source_formatS4;text11;imported_atI+0;14;transformed_atI+0;15;transformationsL0;13;parent_objectS0;","6cad6ef4d4b1991aebb07f5c56725ced98ac2d50f0020f3457a244ca60dd7f07"
"proof.Kant.Sneakernet.Channel.animatedQr.sizeOf_spec","Kant.Sneakernet.Channel.animatedQr.sizeOf_spec","lean4","VALID","RequestProject/Kant/Sneakernet.lean","0","L0;","L0;","elaborated and checked by the Lean kernel","L1;S50;obj.Kant.Sneakernet.Channel.animatedQr.sizeOf_spec","L1;S52;claim.Kant.Sneakernet.Channel.animatedQr.sizeOf_spec","L0;","O4;4;kindS12;lean4-kernel6;digestS64;eb3db6586edae6126d526e4c20820855d6e35de81576240c96b29b9d736dd34f8;locationS35;RequestProject/Kant/Sneakernet.lean8;evidenceS15;MACHINE_CHECKED","RequestProject","O7;13;source_systemS5;lean411;source_fileS35;RequestProject/Kant/Sneakernet.lean13;source_formatS4;text11;imported_atI+0;14;transformed_atI+0;15;transformationsL0;13;parent_objectS0;","cbe53d9ec5f30e048beb4320921fbf6725c6a8a17272758a74a2215f08b9d9ed"
"proof.Kant.Dasl.nestedCid_deterministic","Kant.Dasl.nestedCid_deterministic","lean4","VALID","RequestProject/Kant/Dasl.lean","183","L0;","L0;","elaborated and checked by the Lean kernel","L1;S37;obj.Kant.Dasl.nestedCid_deterministic","L1;S39;claim.Kant.Dasl.nestedCid_deterministic","L0;","O4;4;kindS12;lean4-kernel6;digestS64;d5487b00560bd653e23d214f25af98701fcd3cf35c53a215496e5990a88f1baa8;locationS29;RequestProject/Kant/Dasl.lean8;evidenceS15;MACHINE_CHECKED","RequestProject","O7;13;source_systemS5;lean411;source_fileS29;RequestProject/Kant/Dasl.lean13;source_formatS4;text11;imported_atI+0;14;transformed_atI+183;15;transformationsL0;13;parent_objectS0;","12d7ddc6fc878ae180d40a63ce357b3ecf334cc27938e19bd4271ed4e8cee978"
"proof.Kant.Text.sep_not_mem_hexEncode","Kant.Text.sep_not_mem_hexEncode","lean4","VALID","RequestProject/Kant/Text.lean","218","L0;","L0;","elaborated and checked by the Lean kernel","L1;S35;obj.Kant.Text.sep_not_mem_hexEncode","L1;S37;claim.Kant.Text.sep_not_mem_hexEncode","L0;","O4;4;kindS12;lean4-kernel6;digestS64;f443951fefdfcd35210abaf8142fbb0e453b83a0747642dfbde20e95be6845c08;locationS29;RequestProject/Kant/Text.lean8;evidenceS15;MACHINE_CHECKED","RequestProject","O7;13;source_systemS5;lean411;source_fileS29;RequestProject/Kant/Text.lean13;source_formatS4;text11;imported_atI+0;14;transformed_atI+218;15;transformationsL0;13;parent_objectS0;","11d7412d2d87caa3f283c56c433baf00b3486c725f8959296da31665d3efe986"
"proof.Kant.CardDebug.pairCodes.eq_3","Kant.CardDebug.pairCodes.eq_3","lean4","VALID","RequestProject/Kant/CardDebug.lean","0","L2;S26;obj.Kant.Rendezvous.InviteS31;obj.Kant.Rendezvous.Invite.room","L0;","elaborated and checked by the Lean kernel","L1;S33;obj.Kant.CardDebug.pairCodes.eq_3","L1;S35;claim.Kant.CardDebug.pairCodes.eq_3","L2;S28;proof.Kant.Rendezvous.InviteS33;proof.Kant.Rendezvous.Invite.room","O4;4;kindS12;lean4-kernel6;digestS64;1eaa96c58fb578afe86051469da92fbcdd2c84d527f610ed3170e9524145504a8;locationS34;RequestProject/Kant/CardDebug.lean8;evidenceS15;MACHINE_CHECKED","RequestProject","O7;13;source_systemS5;lean411;source_fileS34;RequestProject/Kant/CardDebug.lean13;source_formatS4;text11;imported_atI+0;14;transformed_atI+0;15;transformationsL0;13;parent_objectS0;","c2342a6427a0f5d49a6a2a37aa1ab0e73d5fc87b9655913a113a1adcf53d59cd"
"proof.Kant.Uucp.fresher_trans","Kant.Uucp.fresher_trans","lean4","VALID","RequestProject/Kant/Uucp.lean","539","L1;S18;obj.Kant.Relay.Msg","L0;","elaborated and checked by the Lean kernel","L1;S27;obj.Kant.Uucp.fresher_trans","L1;S29;claim.Kant.Uucp.fresher_trans","L1;S20;proof.Kant.Relay.Msg","O4;4;kindS12;lean4-kernel6;digestS64;72f3c2adde7bd948c731bb6518bda20f97fd25afbb4c4146c67bbcca11d213058;locationS29;RequestProject/Kant/Uucp.lean8;evidenceS15;MACHINE_CHECKED","RequestProject","O7;13;source_systemS5;lean411;source_fileS29;RequestProject/Kant/Uucp.lean13;source_formatS4;text11;imported_atI+0;14;transformed_atI+539;15;transformationsL0;13;parent_objectS0;","11c75580625d5e87f186c2c65c5ddce4d629e4501ddfeb0d67c5d9efd7d92a6a"
"proof.Kant.CardDebug.pairCodes.eq_1","Kant.CardDebug.pairCodes.eq_1","lean4","VALID","RequestProject/Kant/CardDebug.lean","0","L2;S26;obj.Kant.Rendezvous.InviteS31;obj.Kant.Rendezvous.Invite.room","L0;","elaborated and checked by the Lean kernel","L1;S33;obj.Kant.CardDebug.pairCodes.eq_1","L1;S35;claim.Kant.CardDebug.pairCodes.eq_1","L2;S28;proof.Kant.Rendezvous.InviteS33;proof.Kant.Rendezvous.Invite.room","O4;4;kindS12;lean4-kernel6;digestS64;33e54a5eeda56089811ce6f6b4840a3af858a03fed387abbe14179ce9b559be48;locationS34;RequestProject/Kant/CardDebug.lean8;evidenceS15;MACHINE_CHECKED","RequestProject","O7;13;source_systemS5;lean411;source_fileS34;RequestProject/Kant/CardDebug.lean13;source_formatS4;text11;imported_atI+0;14;transformed_atI+0;15;transformationsL0;13;parent_objectS0;","5c8b340cb3e8ac6151a787c17724d02e4bf174f01796ef7bf447fc023203afc8"
"proof.Kant.Uucp.mem_insertMsg","Kant.Uucp.mem_insertMsg","lean4","VALID","RequestProject/Kant/Uucp.lean","320","L1;S18;obj.Kant.Relay.Msg","L0;","elaborated and checked by the Lean kernel","L1;S27;obj.Kant.Uucp.mem_insertMsg","L1;S29;claim.Kant.Uucp.mem_insertMsg","L1;S20;proof.Kant.Relay.Msg","O4;4;kindS12;lean4-kernel6;digestS64;4d5938f60fbd15e11754f9069c8a3c32da5757065667700b67f74a11d4f679548;locationS29;RequestProject/Kant/Uucp.lean8;evidenceS15;MACHINE_CHECKED","RequestProject","O7;13;source_systemS5;lean411;source_fileS29;RequestProject/Kant/Uucp.lean13;source_formatS4;text11;imported_atI+0;14;transformed_atI+320;15;transformationsL0;13;parent_objectS0;","97f7a551282422e8e808f9cd994092ab29ca3ec572a310aea07d6380f12b06f1"
"proof.Kant.Dom.ProofRec.mk.injEq","Kant.Dom.ProofRec.mk.injEq","lean4","VALID","RequestProject/Kant/Domain/Model.lean","0","L1;S21;obj.Kant.Dom.ProofRec","L0;","elaborated and checked by the Lean kernel","L1;S30;obj.Kant.Dom.ProofRec.mk.injEq","L1;S32;claim.Kant.Dom.ProofRec.mk.injEq","L1;S23;proof.Kant.Dom.ProofRec","O4;4;kindS12;lean4-kernel6;digestS64;e6b21b7780b27ccc34900dba053411d37dbe4a67e809be9a571defa2e1f7bf298;locationS37;RequestProject/Kant/Domain/Model.lean8;evidenceS15;MACHINE_CHECKED","RequestProject","O7;13;source_systemS5;lean411;source_fileS37;RequestProject/Kant/Domain/Model.lean13;source_formatS4;text11;imported_atI+0;14;transformed_atI+0;15;transformationsL0;13;parent_objectS0;","68c7359cc3e4040d4b0ed535cb097f0a0bcc9d4a32fc20071d61b6c3b0e56c04"
"proof.Kant.SiteCard.parseConfig.eq_1","Kant.SiteCard.parseConfig.eq_1","lean4","VALID","RequestProject/Kant/SiteCard.lean","0","L1;S24;obj.Kant.SiteCard.Config","L0;","elaborated and checked by the Lean kernel","L1;S34;obj.Kant.SiteCard.parseConfig.eq_1","L1;S36;claim.Kant.SiteCard.parseConfig.eq_1","L1;S26;proof.Kant.SiteCard.Config","O4;4;kindS12;lean4-kernel6;digestS64;efb5a8e157790ee466431ad0d4d528f3b8c5ec3e41eebf1a83ec48397d096ea18;locationS33;RequestProject/Kant/SiteCard.lean8;evidenceS15;MACHINE_CHECKED","RequestProject","O7;13;source_systemS5;lean411;source_fileS33;RequestProject/Kant/SiteCard.lean13;source_formatS4;text11;imported_atI+0;14;transformed_atI+0;15;transformationsL0;13;parent_objectS0;","6cd07674ffd9d8c6630840733b9d7729ce46e4966678a7806cb6e89ab20c5863"
"proof.Kant.Codec.diffVal.eq_4","Kant.Codec.diffVal.eq_4","lean4","VALID","RequestProject/Kant/Codec/Reconcile.lean","0","L0;","L0;","elaborated and checked by the Lean kernel","L1;S27;obj.Kant.Codec.diffVal.eq_4","L1;S29;claim.Kant.Codec.diffVal.eq_4","L0;","O4;4;kindS12;lean4-kernel6;digestS64;30116d416b092f34ec309e21a15e54fb94023e592afbd792b8dc28321145bed18;locationS40;RequestProject/Kant/Codec/Reconcile.lean8;evidenceS15;MACHINE_CHECKED","RequestProject","O7;13;source_systemS5;lean411;source_fileS40;RequestProject/Kant/Codec/Reconcile.lean13;source_formatS4;text11;imported_atI+0;14;transformed_atI+0;15;transformationsL0;13;parent_objectS0;","75f88a2d2996ce62066baca5db2e63b52d5b8d93694286bc31ffda401b07070f"
"proof.Kant.Clipboard.Envelope.mk.injEq","Kant.Clipboard.Envelope.mk.injEq","lean4","VALID","RequestProject/Kant/Clipboard.lean","0","L0;","L0;","elaborated and checked by the Lean kernel","L1;S36;obj.Kant.Clipboard.Envelope.mk.injEq","L1;S38;claim.Kant.Clipboard.Envelope.mk.injEq","L0;","O4;4;kindS12;lean4-kernel6;digestS64;d915e9c5d40dc190f3092047c112edefce5f486cf86ce68669f662385fa4a29d8;locationS34;RequestProject/Kant/Clipboard.lean8;evidenceS15;MACHINE_CHECKED","RequestProject","O7;13;source_systemS5;lean411;source_fileS34;RequestProject/Kant/Clipboard.lean13;source_formatS4;text11;imported_atI+0;14;transformed_atI+0;15;transformationsL0;13;parent_objectS0;","e1f6eb97e05a4e6c3bf54292c56df1df2f1717ded0db6512d8e84979f4cf1205"
"proof.Kant.Dom.Cert.toVal.eq_1","Kant.Dom.Cert.toVal.eq_1","lean4","VALID","RequestProject/Kant/Domain/Model.lean","0","L0;","L0;","elaborated and checked by the Lean kernel","L1;S28;obj.Kant.Dom.Cert.toVal.eq_1","L1;S30;claim.Kant.Dom.Cert.toVal.eq_1","L0;","O4;4;kindS12;lean4-kernel6;digestS64;afa384a2339fba13bb2a07fa222b0a2c6f884f4ad0e62b0935913d8be1e16e5a8;locationS37;RequestProject/Kant/Domain/Model.lean8;evidenceS15;MACHINE_CHECKED","RequestProject","O7;13;source_systemS5;lean411;source_fileS37;RequestProject/Kant/Domain/Model.lean13;source_formatS4;text11;imported_atI+0;14;transformed_atI+0;15;transformationsL0;13;parent_objectS0;","21d0ded7fc7397cbdacaf92e4bf40f48f2ff16e18c0502d12b40cba06c30f24e"
"proof.Kant.Codec.Compat.ofNat_ctorIdx","Kant.Codec.Compat.ofNat_ctorIdx","lean4","VALID","RequestProject/Kant/Codec/Exchange.lean","0","L0;","L0;","elaborated and checked by the Lean kernel","L1;S35;obj.Kant.Codec.Compat.ofNat_ctorIdx","L1;S37;claim.Kant.Codec.Compat.ofNat_ctorIdx","L0;","O4;4;kindS12;lean4-kernel6;digestS64;2b1be4b9eecf378f3c15447d46f4ca3075a36c93f219f35ddb8969ac8c01c1068;locationS39;RequestProject/Kant/Codec/Exchange.lean8;evidenceS15;MACHINE_CHECKED","RequestProject","O7;13;source_systemS5;lean411;source_fileS39;RequestProject/Kant/Codec/Exchange.lean13;source_formatS4;text11;imported_atI+0;14;transformed_atI+0;15;transformationsL0;13;parent_objectS0;","b332be115b1bba549bdd2541d6a2919781098620620dbe1a87f3cff027ec855d"
"proof.Kant.Dom.Event.invalidation.inj","Kant.Dom.Event.invalidation.inj","lean4","VALID","RequestProject/Kant/Domain/Policy.lean","0","L0;","L0;","elaborated and checked by the Lean kernel","L1;S35;obj.Kant.Dom.Event.invalidation.inj","L1;S37;claim.Kant.Dom.Event.invalidation.inj","L0;","O4;4;kindS12;lean4-kernel6;digestS64;ff1bd16f1a7b4f64b5ca59db9584fedff6b79d84b56c2616ca20e90024c993c98;locationS38;RequestProject/Kant/Domain/Policy.lean8;evidenceS15;MACHINE_CHECKED","RequestProject","O7;13;source_systemS5;lean411;source_fileS38;RequestProject/Kant/Domain/Policy.lean13;source_formatS4;text11;imported_atI+0;14;transformed_atI+0;15;transformationsL0;13;parent_objectS0;","65a0aa217b6760b9416cf470450996868ee401b2ce6d7b13510cab5125b5bb60"
"proof.Kant.Codec.embedList.eq_def","Kant.Codec.embedList.eq_def","lean4","VALID","RequestProject/Kant/Codec/Ipdl.lean","0","L0;","L0;","elaborated and checked by the Lean kernel","L1;S31;obj.Kant.Codec.embedList.eq_def","L1;S33;claim.Kant.Codec.embedList.eq_def","L0;","O4;4;kindS12;lean4-kernel6;digestS64;22225a296b8d612c6e9ba9f5f50598fbe576e334c3310d827d2bb9d4d2992ce98;locationS35;RequestProject/Kant/Codec/Ipdl.lean8;evidenceS15;MACHINE_CHECKED","RequestProject","O7;13;source_systemS5;lean411;source_fileS35;RequestProject/Kant/Codec/Ipdl.lean13;source_formatS4;text11;imported_atI+0;14;transformed_atI+0;15;transformationsL0;13;parent_objectS0;","3100763c4695bd4ce87dd46b93061d2f2ae5758aadab2ed21c59081a6cc408b5"
"proof.Kant.Codec.natDigits_length_pos","Kant.Codec.natDigits_length_pos","lean4","VALID","RequestProject/Kant/Codec/Val.lean","117","L1;S29;obj.Kant.Codec.natDigits.eq_1","L0;","elaborated and checked by the Lean kernel","L1;S35;obj.Kant.Codec.natDigits_length_pos","L1;S37;claim.Kant.Codec.natDigits_length_pos","L1;S31;proof.Kant.Codec.natDigits.eq_1","O4;4;kindS12;lean4-kernel6;digestS64;a7f7bbdbda32f8f0cc15762170804327b11a7278852b67c64be8e0af765835858;locationS34;RequestProject/Kant/Codec/Val.lean8;evidenceS15;MACHINE_CHECKED","RequestProject","O7;13;source_systemS5;lean411;source_fileS34;RequestProject/Kant/Codec/Val.lean13;source_formatS4;text11;imported_atI+0;14;transformed_atI+117;15;transformationsL0;13;parent_objectS0;","469be27786ae7d96bda69fb4e8d6f5c9878ae5b0a4e80e30824b06f83cb07463"
"proof.Kant.Wasm.Instr.localGet.inj","Kant.Wasm.Instr.localGet.inj","lean4","VALID","RequestProject/Wasm/Syntax.lean","0","L0;","L0;","elaborated and checked by the Lean kernel","L1;S32;obj.Kant.Wasm.Instr.localGet.inj","L1;S34;claim.Kant.Wasm.Instr.localGet.inj","L0;","O4;4;kindS12;lean4-kernel6;digestS64;cd1af5e4b19d21ae053e25d6256d6271a62fbfcbfc47cefc67b93cfa04f237a78;locationS31;RequestProject/Wasm/Syntax.lean8;evidenceS15;MACHINE_CHECKED","RequestProject","O7;13;source_systemS5;lean411;source_fileS31;RequestProject/Wasm/Syntax.lean13;source_formatS4;text11;imported_atI+0;14;transformed_atI+0;15;transformationsL0;13;parent_objectS0;","34bb952d6a2c25c6eeb49f2c6fb3dcc90167d10f55d18f4088ade025598ca1c3"
"proof.Kant.Dom.ProofRec.ofVal.eq_2","Kant.Dom.ProofRec.ofVal.eq_2","lean4","VALID","RequestProject/Kant/Domain/Model.lean","0","L2;S21;obj.Kant.Dom.ProofRecS19;obj.Kant.Dom.getIds","L0;","elaborated and checked by the Lean kernel","L1;S32;obj.Kant.Dom.ProofRec.ofVal.eq_2","L1;S34;claim.Kant.Dom.ProofRec.ofVal.eq_2","L2;S23;proof.Kant.Dom.ProofRecS21;proof.Kant.Dom.getIds","O4;4;kindS12;lean4-kernel6;digestS64;4c890d0387a60bc06502d5a6fc9a41232203fd752176a696fdb558ab24635cb98;locationS37;RequestProject/Kant/Domain/Model.lean8;evidenceS15;MACHINE_CHECKED","RequestProject","O7;13;source_systemS5;lean411;source_fileS37;RequestProject/Kant/Domain/Model.lean13;source_formatS4;text11;imported_atI+0;14;transformed_atI+0;15;transformationsL0;13;parent_objectS0;","206c1434b285f2156e90fdc8bc0665b2dde8d76095863d0f2bfe949c720435ac"
"proof.Kant.Wasm.Decode.stackStep.eq_6","Kant.Wasm.Decode.stackStep.eq_6","lean4","VALID","RequestProject/Wasm/Decode.lean","0","L0;","L0;","elaborated and checked by the Lean kernel","L1;S35;obj.Kant.Wasm.Decode.stackStep.eq_6","L1;S37;claim.Kant.Wasm.Decode.stackStep.eq_6","L0;","O4;4;kindS12;lean4-kernel6;digestS64;34ee97bfc6c4da1c7f9a28aa0767909b8157b2b03632602e75308115b35d526d8;locationS31;RequestProject/Wasm/Decode.lean8;evidenceS15;MACHINE_CHECKED","RequestProject","O7;13;source_systemS5;lean411;source_fileS31;RequestProject/Wasm/Decode.lean13;source_formatS4;text11;imported_atI+0;14;transformed_atI+0;15;transformationsL0;13;parent_objectS0;","7c06ec20463b3a0984602a6cc81590466702c4b547c53343897b007564010100"
"proof.Kant.Wasm.Instr.i64const.sizeOf_spec","Kant.Wasm.Instr.i64const.sizeOf_spec","lean4","VALID","RequestProject/Wasm/Syntax.lean","0","L0;","L0;","elaborated and checked by the Lean kernel","L1;S40;obj.Kant.Wasm.Instr.i64const.sizeOf_spec","L1;S42;claim.Kant.Wasm.Instr.i64const.sizeOf_spec","L0;","O4;4;kindS12;lean4-kernel6;digestS64;41905116409af5bcc72211ad2cd1c8ebac47fd264c107e4ac05ed9276d81c9c18;locationS31;RequestProject/Wasm/Syntax.lean8;evidenceS15;MACHINE_CHECKED","RequestProject","O7;13;source_systemS5;lean411;source_fileS31;RequestProject/Wasm/Syntax.lean13;source_formatS4;text11;imported_atI+0;14;transformed_atI+0;15;transformationsL0;13;parent_objectS0;","350a457f810b912df0214ee6ad1e58ead002f1d5daa668a7203f34d77d2ea164"
"proof.Kant.Codec.canonEncList.eq_1","Kant.Codec.canonEncList.eq_1","lean4","VALID","RequestProject/Kant/Codec/Val.lean","0","L1;S27;obj.Kant.Codec.canonEncList","L0;","elaborated and checked by the Lean kernel","L1;S32;obj.Kant.Codec.canonEncList.eq_1","L1;S34;claim.Kant.Codec.canonEncList.eq_1","L1;S29;proof.Kant.Codec.canonEncList","O4;4;kindS12;lean4-kernel6;digestS64;e33bccc06f5d36495063a690585537f6814c8452915018a38722d224603580508;locationS34;RequestProject/Kant/Codec/Val.lean8;evidenceS15;MACHINE_CHECKED","RequestProject","O7;13;source_systemS5;lean411;source_fileS34;RequestProject/Kant/Codec/Val.lean13;source_formatS4;text11;imported_atI+0;14;transformed_atI+0;15;transformationsL0;13;parent_objectS0;","e906b22b8d653801b0d8e2eeb7dffb8e9e3ad4c86cb1069bf5cc379201f66c28"
"proof.Kant.Dom.proven_points_at_a_proof","Kant.Dom.proven_points_at_a_proof","lean4","VALID","RequestProject/Kant/Domain/Ledger.lean","114","L1;S21;obj.Kant.Dom.ProofRec","L0;","elaborated and checked by the Lean kernel","L1;S37;obj.Kant.Dom.proven_points_at_a_proof","L1;S39;claim.Kant.Dom.proven_points_at_a_proof","L1;S23;proof.Kant.Dom.ProofRec","O4;4;kindS12;lean4-kernel6;digestS64;6d36226ec400562c28ccf2b30ad91e17c3fb656fe08314764fc030da39bb9ed98;locationS38;RequestProject/Kant/Domain/Ledger.lean8;evidenceS15;MACHINE_CHECKED","RequestProject","O7;13;source_systemS5;lean411;source_fileS38;RequestProject/Kant/Domain/Ledger.lean13;source_formatS4;text11;imported_atI+0;14;transformed_atI+114;15;transformationsL0;13;parent_objectS0;","3785880d3407879c883329f5c32d248f80b6c342eb2384023babcb389dd485f5"
"proof.Kant.Dom.Claim.mk.inj","Kant.Dom.Claim.mk.inj","lean4","VALID","RequestProject/Kant/Domain/Model.lean","0","L0;","L0;","elaborated and checked by the Lean kernel","L1;S25;obj.Kant.Dom.Claim.mk.inj","L1;S27;claim.Kant.Dom.Claim.mk.inj","L0;","O4;4;kindS12;lean4-kernel6;digestS64;068e6c17bbdb597b39df999e616ba53803a26d1ec23aef4da6548499bc1922d28;locationS37;RequestProject/Kant/Domain/Model.lean8;evidenceS15;MACHINE_CHECKED","RequestProject","O7;13;source_systemS5;lean411;source_fileS37;RequestProject/Kant/Domain/Model.lean13;source_formatS4;text11;imported_atI+0;14;transformed_atI+0;15;transformationsL0;13;parent_objectS0;","d513fb2d438e5715b1c612f93f2873121487c87a02cb788f196ab53ff644220c"
"proof.Kant.PlainText.Meta.mk.inj","Kant.PlainText.Meta.mk.inj","lean4","VALID","RequestProject/Kant/PlainText.lean","0","L0;","L0;","elaborated and checked by the Lean kernel","L1;S30;obj.Kant.PlainText.Meta.mk.inj","L1;S32;claim.Kant.PlainText.Meta.mk.inj","L0;","O4;4;kindS12;lean4-kernel6;digestS64;fc200ec21b0c2fea4194753ff1bc79a5fd6ce6a27193efc8b23fd1b6558743cb8;locationS34;RequestProject/Kant/PlainText.lean8;evidenceS15;MACHINE_CHECKED","RequestProject","O7;13;source_systemS5;lean411;source_fileS34;RequestProject/Kant/PlainText.lean13;source_formatS4;text11;imported_atI+0;14;transformed_atI+0;15;transformationsL0;13;parent_objectS0;","5efd1064fb1084260d5d9bb70c81291979f68cb3c1f54ac0b3ab759ebe24fab3"
"proof.Kant.Dom.DomObj.ofVal.eq_2","Kant.Dom.DomObj.ofVal.eq_2","lean4","VALID","RequestProject/Kant/Domain/Model.lean","0","L1;S19;obj.Kant.Dom.getIds","L0;","elaborated and checked by the Lean kernel","L1;S30;obj.Kant.Dom.DomObj.ofVal.eq_2","L1;S32;claim.Kant.Dom.DomObj.ofVal.eq_2","L1;S21;proof.Kant.Dom.getIds","O4;4;kindS12;lean4-kernel6;digestS64;1b7803f1eb584419d770967089075456cba1c945f6ef28e366b2942945980d608;locationS37;RequestProject/Kant/Domain/Model.lean8;evidenceS15;MACHINE_CHECKED","RequestProject","O7;13;source_systemS5;lean411;source_fileS37;RequestProject/Kant/Domain/Model.lean13;source_formatS4;text11;imported_atI+0;14;transformed_atI+0;15;transformationsL0;13;parent_objectS0;","2cbf2e5f15231c99fba7673c635509161037b712eed6f79335bd8b1ee6916b10"
"proof.Kant.Dom.Evidence.ofVal.eq_2","Kant.Dom.Evidence.ofVal.eq_2","lean4","VALID","RequestProject/Kant/Domain/Model.lean","0","L0;","L0;","elaborated and checked by the Lean kernel","L1;S32;obj.Kant.Dom.Evidence.ofVal.eq_2","L1;S34;claim.Kant.Dom.Evidence.ofVal.eq_2","L0;","O4;4;kindS12;lean4-kernel6;digestS64;e8c082fc0fd45e69e6a71b3ed3c8b8e6e1ba14c0f325cf332c436d125433f3308;locationS37;RequestProject/Kant/Domain/Model.lean8;evidenceS15;MACHINE_CHECKED","RequestProject","O7;13;source_systemS5;lean411;source_fileS37;RequestProject/Kant/Domain/Model.lean13;source_formatS4;text11;imported_atI+0;14;transformed_atI+0;15;transformationsL0;13;parent_objectS0;","3cfa30b23293f57d09dca5316cf1203a41ecd91ac5164a7773ab08c566034ab4"
"proof.Kant.Dom.parse.eq_1","Kant.Dom.parse.eq_1","lean4","VALID","RequestProject/Kant/Domain/Emit.lean","0","L0;","L0;","elaborated and checked by the Lean kernel","L1;S23;obj.Kant.Dom.parse.eq_1","L1;S25;claim.Kant.Dom.parse.eq_1","L0;","O4;4;kindS12;lean4-kernel6;digestS64;3d85b9821863764a6bfa2fee1cb3e6e937ca2b233a2f342cb1d7bb6e9a6510f38;locationS36;RequestProject/Kant/Domain/Emit.lean8;evidenceS15;MACHINE_CHECKED","RequestProject","O7;13;source_systemS5;lean411;source_fileS36;RequestProject/Kant/Domain/Emit.lean13;source_formatS4;text11;imported_atI+0;14;transformed_atI+0;15;transformationsL0;13;parent_objectS0;","43b4813efaa0a7faf2ca36d3505b268d437c5cfa1259ea149eb0b1f4fca53ca7"
"proof.Kant.Credits.Ledger.balance_empty","Kant.Credits.Ledger.balance_empty","lean4","VALID","RequestProject/Kant/Credits.lean","82","L1;S31;obj.Kant.Credits.Ledger.balance","L0;","elaborated and checked by the Lean kernel","L1;S37;obj.Kant.Credits.Ledger.balance_empty","L1;S39;claim.Kant.Credits.Ledger.balance_empty","L1;S33;proof.Kant.Credits.Ledger.balance","O4;4;kindS12;lean4-kernel6;digestS64;a5d12cec52376436bb82501dbf767ad5a0332a2efd99451891bf6b2231c41abf8;locationS32;RequestProject/Kant/Credits.lean8;evidenceS15;MACHINE_CHECKED","RequestProject","O7;13;source_systemS5;lean411;source_fileS32;RequestProject/Kant/Credits.lean13;source_formatS4;text11;imported_atI+0;14;transformed_atI+82;15;transformationsL0;13;parent_objectS0;","8d3eb6c6e7f11e5adf87f6a509ebfaed984132bcfaecfd3417caf6772f08a847"
"proof.Kant.Store.put_old","Kant.Store.put_old","lean4","VALID","RequestProject/Kant/Paste.lean","129","L0;","L0;","elaborated and checked by the Lean kernel","L1;S22;obj.Kant.Store.put_old","L1;S24;claim.Kant.Store.put_old","L0;","O4;4;kindS12;lean4-kernel6;digestS64;9ecc6aa3029c914cc1d0705c4dd8295776c072ac7e46ef164610c17bef024c698;locationS30;RequestProject/Kant/Paste.lean8;evidenceS15;MACHINE_CHECKED","RequestProject","O7;13;source_systemS5;lean411;source_fileS30;RequestProject/Kant/Paste.lean13;source_formatS4;text11;imported_atI+0;14;transformed_atI+129;15;transformationsL0;13;parent_objectS0;","51edc7cc8325455063556db49736d8839a2c1b2dc35985b6b88ae1d64543ca69"
"proof.Kant.Dasl.monsterPrimes_length","Kant.Dasl.monsterPrimes_length","lean4","VALID","RequestProject/Kant/Dasl.lean","52","L0;","L0;","elaborated and checked by the Lean kernel","L1;S34;obj.Kant.Dasl.monsterPrimes_length","L1;S36;claim.Kant.Dasl.monsterPrimes_length","L0;","O4;4;kindS12;lean4-kernel6;digestS64;70277d83cee518e43283aabe4e977f3734b581d85dd5cb4a1877aa688ac26a9d8;locationS29;RequestProject/Kant/Dasl.lean8;evidenceS15;MACHINE_CHECKED","RequestProject","O7;13;source_systemS5;lean411;source_fileS29;RequestProject/Kant/Dasl.lean13;source_formatS4;text11;imported_atI+0;14;transformed_atI+52;15;transformationsL0;13;parent_objectS0;","47da901b972c877e9ff873e28c9896214e482c6d24c409f88567d0d4fdd6591b"
"proof.Kant.InviteCard.isAscii_inviteUrl","Kant.InviteCard.isAscii_inviteUrl","lean4","VALID","RequestProject/Kant/InviteCard.lean","110","L3;S24;obj.Kant.SiteCard.ConfigS26;obj.Kant.Rendezvous.InviteS32;obj.Kant.InviteCard.inviteUrl_eq","L0;","elaborated and checked by the Lean kernel","L1;S37;obj.Kant.InviteCard.isAscii_inviteUrl","L1;S39;claim.Kant.InviteCard.isAscii_inviteUrl","L3;S26;proof.Kant.SiteCard.ConfigS28;proof.Kant.Rendezvous.InviteS34;proof.Kant.InviteCard.inviteUrl_eq","O4;4;kindS12;lean4-kernel6;digestS64;647510640fc5f0af73a068a5e2cecc5029b0a472ed7712f1537d1f1ea5d763f28;locationS35;RequestProject/Kant/InviteCard.lean8;evidenceS15;MACHINE_CHECKED","RequestProject","O7;13;source_systemS5;lean411;source_fileS35;RequestProject/Kant/InviteCard.lean13;source_formatS4;text11;imported_atI+0;14;transformed_atI+110;15;transformationsL0;13;parent_objectS0;","889e9807aab31abece154ce56e4948213564cf09008b1db8cbbe7567acb5e61b"
"proof.Kant.Dom.readCells_head","Kant.Dom.readCells_head","lean4","VALID","RequestProject/Kant/Domain/Table.lean","83","L0;","L0;","elaborated and checked by the Lean kernel","L1;S27;obj.Kant.Dom.readCells_head","L1;S29;claim.Kant.Dom.readCells_head","L0;","O4;4;kindS12;lean4-kernel6;digestS64;60a8c94b51be48dc715d0d150995c667a8c0d0fbfeb1c45e6b7fe89c407537e18;locationS37;RequestProject/Kant/Domain/Table.lean8;evidenceS15;MACHINE_CHECKED","RequestProject","O7;13;source_systemS5;lean411;source_fileS37;RequestProject/Kant/Domain/Table.lean13;source_formatS4;text11;imported_atI+0;14;transformed_atI+83;15;transformationsL0;13;parent_objectS0;","1fda536786a6005708ea9fd64327a71466a381a9a3771ddd8b2c63a6ccbc561a"
"proof.Kant.Dasl.rotate71_add","Kant.Dasl.rotate71_add","lean4","VALID","RequestProject/Kant/Dasl.lean","232","L0;","L0;","elaborated and checked by the Lean kernel","L1;S26;obj.Kant.Dasl.rotate71_add","L1;S28;claim.Kant.Dasl.rotate71_add","L0;","O4;4;kindS12;lean4-kernel6;digestS64;55818045058b3f8dbd5fe57d8052219eb42258d69a57840fccb525027f9cce488;locationS29;RequestProject/Kant/Dasl.lean8;evidenceS15;MACHINE_CHECKED","RequestProject","O7;13;source_systemS5;lean411;source_fileS29;RequestProject/Kant/Dasl.lean13;source_formatS4;text11;imported_atI+0;14;transformed_atI+232;15;transformationsL0;13;parent_objectS0;","cc37d7be89885a128c8eb98489d61e75c23e7500859535cccc42579b9012bbaf"
"proof.Kant.Dom.Domain.ofVal.eq_2","Kant.Dom.Domain.ofVal.eq_2","lean4","VALID","RequestProject/Kant/Domain/Model.lean","0","L1;S21;obj.Kant.Dom.ProofRec","L0;","elaborated and checked by the Lean kernel","L1;S30;obj.Kant.Dom.Domain.ofVal.eq_2","L1;S32;claim.Kant.Dom.Domain.ofVal.eq_2","L1;S23;proof.Kant.Dom.ProofRec","O4;4;kindS12;lean4-kernel6;digestS64;7b1fa2c7e58945e6206fa392225ad009723302813fcf9fb09893197b4c711f938;locationS37;RequestProject/Kant/Domain/Model.lean8;evidenceS15;MACHINE_CHECKED","RequestProject","O7;13;source_systemS5;lean411;source_fileS37;RequestProject/Kant/Domain/Model.lean13;source_formatS4;text11;imported_atI+0;14;transformed_atI+0;15;transformationsL0;13;parent_objectS0;","ab83dd14d049e9dc0e960cc67992c25fd513fef3993436a29adafd95fd374ea5"
