"object_id","kind","name","truth_status","claim","inputs","parameters","transformations","outputs","claim_refs","evidence_refs","proof_refs","error_refs","value","provenance","canonical_hash"
"obj.Kant.PlainText.metaText.eq_1","theorem","Kant.PlainText.metaText.eq_1","PROVEN","∀ (m : Kant.PlainText.Meta),   Eq (Kant.PlainText.metaText m)     (instHAppendOfAppend.hAppend       (instHAppendOfAppend.hAppend         (instHAppendOfAppend.hAppend (Kant.PlainText.entry ""title"".toList m.title)           (Kant.PlainText.entry ""link"".toList m.link))         (Kant.PlainText.entry ""address"".toList m.address))       (Kant.PlainText.entry ""posted"".toList m.posted))","L0;","O0;","L0;","L0;","L1;S34;claim.Kant.PlainText.metaText.eq_1","L0;","L1;S34;proof.Kant.PlainText.metaText.eq_1","L0;","S381;∀ (m : Kant.PlainText.Meta),   Eq (Kant.PlainText.metaText m)     (instHAppendOfAppend.hAppend       (instHAppendOfAppend.hAppend         (instHAppendOfAppend.hAppend (Kant.PlainText.entry ""title"".toList m.title)           (Kant.PlainText.entry ""link"".toList m.link))         (Kant.PlainText.entry ""address"".toList m.address))       (Kant.PlainText.entry ""posted"".toList m.posted))","O7;13;source_systemS5;lean411;source_fileS34;RequestProject/Kant/PlainText.lean13;source_formatS4;text11;imported_atI+0;14;transformed_atI+0;15;transformationsL0;13;parent_objectS0;","8ea564a5829e064b9756fe2c73a3bd3042ac9a5c6c8d731989a0a509b1ab976e"
"obj.Kant.Rendezvous.parseInviteUrl_inviteUrl","theorem","Kant.Rendezvous.parseInviteUrl_inviteUrl","PROVEN","∀ {base : List Char},   Not (List.instMembership.mem base Kant.Clipboard.hash) →     ∀ {i : Kant.Rendezvous.Invite},       i.Wire →         Eq (Kant.Rendezvous.parseInviteUrl (Kant.Rendezvous.inviteUrl base i)) (Option.some i)","L2;S31;obj.Kant.Rendezvous.Invite.WireS27;obj.Kant.Clipboard.shareUrl","O0;","L0;","L0;","L1;S46;claim.Kant.Rendezvous.parseInviteUrl_inviteUrl","L0;","L1;S46;proof.Kant.Rendezvous.parseInviteUrl_inviteUrl","L0;","S226;∀ {base : List Char},   Not (List.instMembership.mem base Kant.Clipboard.hash) →     ∀ {i : Kant.Rendezvous.Invite},       i.Wire →         Eq (Kant.Rendezvous.parseInviteUrl (Kant.Rendezvous.inviteUrl base i)) (Option.some i)","O7;13;source_systemS5;lean411;source_fileS35;RequestProject/Kant/Rendezvous.lean13;source_formatS4;text11;imported_atI+0;14;transformed_atI+508;15;transformationsL0;13;parent_objectS0;","6cff1184fea7f050e0724e93316734a3f00457f6c9e9046616801a75d18e7f79"
"obj.Kant.Sheaf.Encoding.prime.eq_9","theorem","Kant.Sheaf.Encoding.prime.eq_9","PROVEN","Eq Kant.Sheaf.Encoding.ipfs.prime 59","L0;","O0;","L0;","L0;","L1;S36;claim.Kant.Sheaf.Encoding.prime.eq_9","L0;","L1;S36;proof.Kant.Sheaf.Encoding.prime.eq_9","L0;","S36;Eq Kant.Sheaf.Encoding.ipfs.prime 59","O7;13;source_systemS5;lean411;source_fileS30;RequestProject/Kant/Sheaf.lean13;source_formatS4;text11;imported_atI+0;14;transformed_atI+0;15;transformationsL0;13;parent_objectS0;","1a2b784b3e5d54005267612855c6c2439acbe14dd55881069736460386f51fc9"
"obj.Kant.Onboarding.instReprScreen","def","Kant.Onboarding.instReprScreen","ASSERTED","Repr Kant.Onboarding.Screen","L0;","O0;","L0;","L0;","L0;","L0;","L0;","L0;","S27;Repr Kant.Onboarding.Screen","O7;13;source_systemS5;lean411;source_fileS35;RequestProject/Kant/Onboarding.lean13;source_formatS4;text11;imported_atI+0;14;transformed_atI+60;15;transformationsL0;13;parent_objectS0;","5518caa70197fe479318f87625c78644ce8631a3510f128d77da31c83859088a"
"obj.Kant.Dom.instInhabitedDomain.default","def","Kant.Dom.instInhabitedDomain.default","ASSERTED","Kant.Dom.Domain","L1;S18;obj.Kant.Dom.Claim","O0;","L0;","L0;","L0;","L0;","L0;","L0;","S15;Kant.Dom.Domain","O7;13;source_systemS5;lean411;source_fileS37;RequestProject/Kant/Domain/Model.lean13;source_formatS4;text11;imported_atI+0;14;transformed_atI+589;15;transformationsL0;13;parent_objectS0;","af96e4ae1cac0cb2357db663a8e837859c208fd80cf291cc1d4494769235729f"
"obj.Kant.SiteCard.readChatText","def","Kant.SiteCard.readChatText","ASSERTED","List Char → Option Kant.SiteCard.Card","L1;S22;obj.Kant.SiteCard.Card","O0;","L0;","L0;","L0;","L0;","L0;","L0;","S37;List Char → Option Kant.SiteCard.Card","O7;13;source_systemS5;lean411;source_fileS33;RequestProject/Kant/SiteCard.lean13;source_formatS4;text11;imported_atI+0;14;transformed_atI+690;15;transformationsL0;13;parent_objectS0;","202a9fdfd6cd1abac950454f9a8b961de0f3fa93a3bdd154d137058f78b94f87"
"obj.Kant.Codec.MinProfile","inductive","Kant.Codec.MinProfile","ASSERTED","Type","L0;","O0;","L0;","L0;","L0;","L0;","L0;","L0;","S4;Type","O7;13;source_systemS5;lean411;source_fileS36;RequestProject/Kant/Codec/Model.lean13;source_formatS4;text11;imported_atI+0;14;transformed_atI+564;15;transformationsL0;13;parent_objectS0;","10844511652e6e4464a2b2e9842ea567ed30718ded9af58a31b75b71b164912d"
"obj.Kant.Dom.Event.contradiction.noConfusion","def","Kant.Dom.Event.contradiction.noConfusion","ASSERTED","{P : Sort u} →   {proofId proofId' : Kant.Dom.Id} →     Eq (Kant.Dom.Event.contradiction proofId) (Kant.Dom.Event.contradiction proofId') →       (Eq proofId proofId' → P) → P","L0;","O0;","L0;","L0;","L0;","L0;","L0;","L0;","S175;{P : Sort u} →   {proofId proofId' : Kant.Dom.Id} →     Eq (Kant.Dom.Event.contradiction proofId) (Kant.Dom.Event.contradiction proofId') →       (Eq proofId proofId' → P) → P","O7;13;source_systemS5;lean411;source_fileS38;RequestProject/Kant/Domain/Policy.lean13;source_formatS4;text11;imported_atI+0;14;transformed_atI+44;15;transformationsL0;13;parent_objectS0;","abf2dcf5843759f6aa37a12ecb995909c8f811dce5294fd0525ec7f86407d2a3"
"obj.Kant.Cli.poll","def","Kant.Cli.poll","ASSERTED","Kant.Relay.Server → Kant.Cli.Client → Prod Kant.Relay.Server Kant.Cli.Client","L0;","O0;","L0;","L0;","L0;","L0;","L0;","L0;","S76;Kant.Relay.Server → Kant.Cli.Client → Prod Kant.Relay.Server Kant.Cli.Client","O7;13;source_systemS5;lean411;source_fileS28;RequestProject/Kant/Cli.lean13;source_formatS4;text11;imported_atI+0;14;transformed_atI+360;15;transformationsL0;13;parent_objectS0;","1ddf0660c37d540d3cba23f65f1207ea5bd00a0b9ac281b740ed6c92d136d214"
"obj.Kant.Wasm.Kernel.dual47E","def","Kant.Wasm.Kernel.dual47E","ASSERTED","Kant.Wasm.Expr","L0;","O0;","L0;","L0;","L0;","L0;","L0;","L0;","S14;Kant.Wasm.Expr","O7;13;source_systemS5;lean411;source_fileS31;RequestProject/Wasm/Kernel.lean13;source_formatS4;text11;imported_atI+0;14;transformed_atI+117;15;transformationsL0;13;parent_objectS0;","b98f85343aa348e876b6e5f9e160f77b8bc76ec69970658e406a3a09d0379d21"
"obj.Kant.Codec.instInhabitedExtract.default","def","Kant.Codec.instInhabitedExtract.default","ASSERTED","Kant.Codec.Extract","L0;","O0;","L0;","L0;","L0;","L0;","L0;","L0;","S18;Kant.Codec.Extract","O7;13;source_systemS5;lean411;source_fileS38;RequestProject/Kant/Codec/RawText.lean13;source_formatS4;text11;imported_atI+0;14;transformed_atI+94;15;transformationsL0;13;parent_objectS0;","bb80b82f4b57f933156e197ed00d0160dd88ad0b670387d99515038e4c155606"
"obj.Kant.Wasm.Module.noConfusionType","def","Kant.Wasm.Module.noConfusionType","ASSERTED","Sort u → Kant.Wasm.Module → Kant.Wasm.Module → Sort u","L1;S20;obj.Kant.Wasm.Module","O0;","L0;","L0;","L0;","L0;","L0;","L0;","S53;Sort u → Kant.Wasm.Module → Kant.Wasm.Module → Sort u","O7;13;source_systemS5;lean411;source_fileS31;RequestProject/Wasm/Syntax.lean13;source_formatS4;text11;imported_atI+0;14;transformed_atI+0;15;transformationsL0;13;parent_objectS0;","6a192b85119d96ef06d2582d23c28cfca72c384a49b2ec855db8cd7f59b3b8e2"
"obj.Kant.Wasm.Module.noConfusion","def","Kant.Wasm.Module.noConfusion","ASSERTED","{P : Sort u} → {t t' : Kant.Wasm.Module} → Eq t t' → Kant.Wasm.Module.noConfusionType P t t'","L2;S20;obj.Kant.Wasm.ModuleS36;obj.Kant.Wasm.Module.noConfusionType","O0;","L0;","L0;","L0;","L0;","L0;","L0;","S92;{P : Sort u} → {t t' : Kant.Wasm.Module} → Eq t t' → Kant.Wasm.Module.noConfusionType P t t'","O7;13;source_systemS5;lean411;source_fileS31;RequestProject/Wasm/Syntax.lean13;source_formatS4;text11;imported_atI+0;14;transformed_atI+133;15;transformationsL0;13;parent_objectS0;","bc7cf4e9676beb39cd239efaefe38b2e588a7099541d879b6b024af21a27e420"
"obj.Kant.Wasm.Module","inductive","Kant.Wasm.Module","ASSERTED","Type","L0;","O0;","L0;","L0;","L0;","L0;","L0;","L0;","S4;Type","O7;13;source_systemS5;lean411;source_fileS31;RequestProject/Wasm/Syntax.lean13;source_formatS4;text11;imported_atI+0;14;transformed_atI+133;15;transformationsL0;13;parent_objectS0;","d48dedccd4cb6ae98f4a191f82d26616dbce2def022b89836b9ee2bceabdcf30"
"obj.Kant.Codec.pList.eq_def","theorem","Kant.Codec.pList.eq_def","PROVEN","∀ (x x_1 : Nat) (x_2 : List Char),   Eq (Kant.Codec.pList x x_1 x_2)     (Kant.Codec.pList.match_3 (fun x x_3 x_4 => Option (Prod (List Kant.Codec.Val) (List Char))) x       x_1 x_2 (fun x s => Option.some { fst := List.nil, snd := s }) fun fuel n s =>       Kant.Codec.pList.match_1 (fun x => Option (Prod (List Kant.Codec.Val) (List Char)))         (Kant.Codec.pVal fuel s)         (fun v r =>           Kant.Codec.pVal.match_1 (fun x => Option (Prod (List Kant.Codec.Val) (List Char)))             (Kant.Codec.pList fuel n r)             (fun vs r2 => Option.some { fst := List.cons v vs, snd := r2 }) fun _ => Option.none)         fun _ => Option.none)","L0;","O0;","L0;","L0;","L1;S29;claim.Kant.Codec.pList.eq_def","L0;","L1;S29;proof.Kant.Codec.pList.eq_def","L0;","S656;∀ (x x_1 : Nat) (x_2 : List Char),   Eq (Kant.Codec.pList x x_1 x_2)     (Kant.Codec.pList.match_3 (fun x x_3 x_4 => Option (Prod (List Kant.Codec.Val) (List Char))) x       x_1 x_2 (fun x s => Option.some { fst := List.nil, snd := s }) fun fuel n s =>       Kant.Codec.pList.match_1 (fun x => Option (Prod (List Kant.Codec.Val) (List Char)))         (Kant.Codec.pVal fuel s)         (fun v r =>           Kant.Codec.pVal.match_1 (fun x => Option (Prod (List Kant.Codec.Val) (List Char)))             (Kant.Codec.pList fuel n r)             (fun vs r2 => Option.some { fst := List.cons v vs, snd := r2 }) fun _ => Option.none)         fun _ => Option.none)","O7;13;source_systemS5;lean411;source_fileS34;RequestProject/Kant/Codec/Val.lean13;source_formatS4;text11;imported_atI+0;14;transformed_atI+0;15;transformationsL0;13;parent_objectS0;","689ec214bf60a5e140a0bb5dcbc4c7eec1e260bb816e1823a88b1cacf743a0c0"
"obj.Kant.Cli.Resp.mk.sizeOf_spec","theorem","Kant.Cli.Resp.mk.sizeOf_spec","PROVEN","∀ (lines : List (List Char)) (cursor : Nat),   Eq (Kant.Cli.Resp._sizeOf_inst.sizeOf { lines := lines, cursor := cursor })     (instHAdd.hAdd (instHAdd.hAdd 1 ((List._sizeOf_inst (List Char)).sizeOf lines))       (instSizeOfNat.sizeOf cursor))","L0;","O0;","L0;","L0;","L1;S34;claim.Kant.Cli.Resp.mk.sizeOf_spec","L0;","L1;S34;proof.Kant.Cli.Resp.mk.sizeOf_spec","L0;","S243;∀ (lines : List (List Char)) (cursor : Nat),   Eq (Kant.Cli.Resp._sizeOf_inst.sizeOf { lines := lines, cursor := cursor })     (instHAdd.hAdd (instHAdd.hAdd 1 ((List._sizeOf_inst (List Char)).sizeOf lines))       (instSizeOfNat.sizeOf cursor))","O7;13;source_systemS5;lean411;source_fileS28;RequestProject/Kant/Cli.lean13;source_formatS4;text11;imported_atI+0;14;transformed_atI+0;15;transformationsL0;13;parent_objectS0;","d355b3ec6e65fecbee0138152f190698e62cec0c849e9311191d5ba8e2aa5d0e"
"obj.Kant.SiteCard.readCard_cardSvg","theorem","Kant.SiteCard.readCard_cardSvg","PROVEN","∀ {k : Kant.SiteCard.Card},   k.Wf →     ∀ (modules : List (List Bool)) (scale border : Nat),       Eq (Kant.SiteCard.readCard (Kant.SiteCard.cardSvg k modules scale border)) (Option.some k)","L1;S22;obj.Kant.SiteCard.Card","O0;","L0;","L0;","L1;S36;claim.Kant.SiteCard.readCard_cardSvg","L0;","L1;S36;proof.Kant.SiteCard.readCard_cardSvg","L0;","S190;∀ {k : Kant.SiteCard.Card},   k.Wf →     ∀ (modules : List (List Bool)) (scale border : Nat),       Eq (Kant.SiteCard.readCard (Kant.SiteCard.cardSvg k modules scale border)) (Option.some k)","O7;13;source_systemS5;lean411;source_fileS33;RequestProject/Kant/SiteCard.lean13;source_formatS4;text11;imported_atI+0;14;transformed_atI+569;15;transformationsL0;13;parent_objectS0;","deb6d6a2147c796819fc8882365b1253a7d1e5b32665c8decc5039da45881509"
"obj.Kant.Sheaf.eigenSpace_primes_monster","theorem","Kant.Sheaf.eigenSpace_primes_monster","PROVEN","∀ (e : Kant.Sheaf.EigenSpace) (p : Nat),   List.instMembership.mem e.primes p → List.instMembership.mem Kant.Dasl.monsterPrimes p","L0;","O0;","L0;","L0;","L1;S42;claim.Kant.Sheaf.eigenSpace_primes_monster","L0;","L1;S42;proof.Kant.Sheaf.eigenSpace_primes_monster","L0;","S129;∀ (e : Kant.Sheaf.EigenSpace) (p : Nat),   List.instMembership.mem e.primes p → List.instMembership.mem Kant.Dasl.monsterPrimes p","O7;13;source_systemS5;lean411;source_fileS30;RequestProject/Kant/Sheaf.lean13;source_formatS4;text11;imported_atI+0;14;transformed_atI+71;15;transformationsL0;13;parent_objectS0;","d0299c8d7265414d6abb8e904f1a7142343af300d7c4f337def83a176f1567dc"
"obj.Kant.Dom.proofsOf","def","Kant.Dom.proofsOf","ASSERTED","Kant.Dom.Domain → Kant.Dom.DomObj → List Kant.Dom.ProofRec","L0;","O0;","L0;","L0;","L0;","L0;","L0;","L0;","S58;Kant.Dom.Domain → Kant.Dom.DomObj → List Kant.Dom.ProofRec","O7;13;source_systemS5;lean411;source_fileS38;RequestProject/Kant/Domain/Ledger.lean13;source_formatS4;text11;imported_atI+0;14;transformed_atI+49;15;transformationsL0;13;parent_objectS0;","9f5ff80a5a2a408971c7c8f41b522776cc42681b3e7fedf333d5d99859f51740"
"obj.Kant.Wasm.CmpOp.ofNat","def","Kant.Wasm.CmpOp.ofNat","ASSERTED","Nat → Kant.Wasm.CmpOp","L1;S19;obj.Kant.Wasm.CmpOp","O0;","L0;","L0;","L0;","L0;","L0;","L0;","S21;Nat → Kant.Wasm.CmpOp","O7;13;source_systemS5;lean411;source_fileS31;RequestProject/Wasm/Syntax.lean13;source_formatS4;text11;imported_atI+0;14;transformed_atI+0;15;transformationsL0;13;parent_objectS0;","4cb999098cedbadc3b6b5e882f7401df745b2dd19cb40ca27972d43554e6e225"
"obj.Kant.Handoff.instReprStep","def","Kant.Handoff.instReprStep","ASSERTED","Repr Kant.Handoff.Step","L0;","O0;","L0;","L0;","L0;","L0;","L0;","L0;","S22;Repr Kant.Handoff.Step","O7;13;source_systemS5;lean411;source_fileS32;RequestProject/Kant/Handoff.lean13;source_formatS4;text11;imported_atI+0;14;transformed_atI+66;15;transformationsL0;13;parent_objectS0;","4acea2c675af88898c8dd8e8e7f3e036d5fa03ce8e6b10a32aa323c5afa1ae50"
"obj.Kant.Dom.ledgerRow","def","Kant.Dom.ledgerRow","ASSERTED","Kant.Dom.Domain → Kant.Dom.DomObj → Kant.Dom.LedgerRow","L2;S22;obj.Kant.Dom.DomObj.idS20;obj.Kant.Dom.firstOr","O0;","L0;","L0;","L0;","L0;","L0;","L0;","S54;Kant.Dom.Domain → Kant.Dom.DomObj → Kant.Dom.LedgerRow","O7;13;source_systemS5;lean411;source_fileS38;RequestProject/Kant/Domain/Ledger.lean13;source_formatS4;text11;imported_atI+0;14;transformed_atI+163;15;transformationsL0;13;parent_objectS0;","7eec8e6380a19fa9ae203e237dbaf1a629bee390c80d60d3355e5aea6823f190"
"obj.Kant.Codec.Strategy.toCtorIdx","def","Kant.Codec.Strategy.toCtorIdx","ASSERTED","Kant.Codec.Strategy → Nat","L0;","O0;","L0;","L0;","L0;","L0;","L0;","L0;","S25;Kant.Codec.Strategy → Nat","O7;13;source_systemS5;lean411;source_fileS40;RequestProject/Kant/Codec/Reconcile.lean13;source_formatS4;text11;imported_atI+0;14;transformed_atI+0;15;transformationsL0;13;parent_objectS0;","efedbbf8a14adc3e34bfe5a44035d29151a2b49c5299d4b88d86c469f1b30f5b"
"obj.Kant.Handoff.Step.mk.noConfusion","def","Kant.Handoff.Step.mk.noConfusion","ASSERTED","{P : Sort u} →   {number : Nat} →     {actor instruction : List Char} →       {move : Kant.Handoff.Move} →         {number' : Nat} →           {actor' instruction' : List Char} →             {move' : Kant.Handoff.Move} →               Eq { number := number, actor := actor, instruction := instruction, move := move }                   { number := number', actor := actor', instruction := instruction',                     move := move' } →                 (Eq number number' →                     Eq actor actor' → Eq instruction instruction' → Eq move move' → P) →                   P","L0;","O0;","L0;","L0;","L0;","L0;","L0;","L0;","S585;{P : Sort u} →   {number : Nat} →     {actor instruction : List Char} →       {move : Kant.Handoff.Move} →         {number' : Nat} →           {actor' instruction' : List Char} →             {move' : Kant.Handoff.Move} →               Eq { number := number, actor := actor, instruction := instruction, move := move }                   { number := number', actor := actor', instruction := instruction',                     move := move' } →                 (Eq number number' →                     Eq actor actor' → Eq instruction instruction' → Eq move move' → P) →                   P","O7;13;source_systemS5;lean411;source_fileS32;RequestProject/Kant/Handoff.lean13;source_formatS4;text11;imported_atI+0;14;transformed_atI+57;15;transformationsL0;13;parent_objectS0;","2cf1986e1606dfbb9cd8f42781763328b309343cb361f08148b4f57f22d9828e"
"obj.Kant.Uucp.readMsgs.eq_2","theorem","Kant.Uucp.readMsgs.eq_2","PROVEN","∀ (f : Kant.Bytes.Blob) (fs : List Kant.Bytes.Blob),   Eq (Kant.Uucp.readMsgs (List.cons f fs))     (Kant.Uucp.readMsgs.match_1 (fun x x_1 => Option (List Kant.Relay.Msg))       (Kant.Relay.parseMsg (Kant.Text.asciiChars f)) (Kant.Uucp.readMsgs fs)       (fun m ms => Option.some (List.cons m ms)) fun x x_1 => Option.none)","L0;","O0;","L0;","L0;","L1;S29;claim.Kant.Uucp.readMsgs.eq_2","L0;","L1;S29;proof.Kant.Uucp.readMsgs.eq_2","L0;","S323;∀ (f : Kant.Bytes.Blob) (fs : List Kant.Bytes.Blob),   Eq (Kant.Uucp.readMsgs (List.cons f fs))     (Kant.Uucp.readMsgs.match_1 (fun x x_1 => Option (List Kant.Relay.Msg))       (Kant.Relay.parseMsg (Kant.Text.asciiChars f)) (Kant.Uucp.readMsgs fs)       (fun m ms => Option.some (List.cons m ms)) fun x x_1 => Option.none)","O7;13;source_systemS5;lean411;source_fileS29;RequestProject/Kant/Uucp.lean13;source_formatS4;text11;imported_atI+0;14;transformed_atI+0;15;transformationsL0;13;parent_objectS0;","314afbd8e5c3c0c66082eff4b864cdc15c4dc20a782b79c07d8fb725c28f3c8b"
"obj.Kant.Dasl.reflect59_inverse","theorem","Kant.Dasl.reflect59_inverse","PROVEN","∀ {o : Kant.Dasl.Orbifold},   o.valid →     ∀ {k : Nat},       instLENat.le k 59 → Eq (Kant.Dasl.reflect59 (Kant.Dasl.reflect59 o k) (instHSub.hSub 59 k)) o","L1;S23;obj.Kant.Dasl.reflect59","O0;","L0;","L0;","L1;S33;claim.Kant.Dasl.reflect59_inverse","L0;","L1;S33;proof.Kant.Dasl.reflect59_inverse","L0;","S156;∀ {o : Kant.Dasl.Orbifold},   o.valid →     ∀ {k : Nat},       instLENat.le k 59 → Eq (Kant.Dasl.reflect59 (Kant.Dasl.reflect59 o k) (instHSub.hSub 59 k)) o","O7;13;source_systemS5;lean411;source_fileS29;RequestProject/Kant/Dasl.lean13;source_formatS4;text11;imported_atI+0;14;transformed_atI+278;15;transformationsL0;13;parent_objectS0;","ecf3d335a18254cf3f99951d83633dac7a19af0d610ba565d8ff3a58d309de82"
"obj.Kant.Dom.DomObj.ofVal_toVal","theorem","Kant.Dom.DomObj.ofVal_toVal","PROVEN","∀ (o : Kant.Dom.DomObj), Eq (Kant.Dom.DomObj.ofVal o.toVal) (Option.some o)","L1;S24;obj.Kant.Dom.optOf_Prov'","O0;","L0;","L0;","L1;S33;claim.Kant.Dom.DomObj.ofVal_toVal","L0;","L1;S33;proof.Kant.Dom.DomObj.ofVal_toVal","L0;","S75;∀ (o : Kant.Dom.DomObj), Eq (Kant.Dom.DomObj.ofVal o.toVal) (Option.some o)","O7;13;source_systemS5;lean411;source_fileS37;RequestProject/Kant/Domain/Model.lean13;source_formatS4;text11;imported_atI+0;14;transformed_atI+347;15;transformationsL0;13;parent_objectS0;","b80f5de3a130e598d478ee776db04353baa9841217dfe3764ea49ef3d4b37271"
"obj.Kant.Uucp.Node.paste.match_1","def","Kant.Uucp.Node.paste.match_1","ASSERTED","(motive : Option (List Kant.Relay.Msg) → Sort u_1) →   (x : Option (List Kant.Relay.Msg)) →     ((ms : List Kant.Relay.Msg) → motive (Option.some ms)) → (Unit → motive Option.none) → motive x","L0;","O0;","L0;","L0;","L0;","L0;","L0;","L0;","S191;(motive : Option (List Kant.Relay.Msg) → Sort u_1) →   (x : Option (List Kant.Relay.Msg)) →     ((ms : List Kant.Relay.Msg) → motive (Option.some ms)) → (Unit → motive Option.none) → motive x","O7;13;source_systemS5;lean411;source_fileS29;RequestProject/Kant/Uucp.lean13;source_formatS4;text11;imported_atI+0;14;transformed_atI+0;15;transformationsL0;13;parent_objectS0;","fe59477235c2abeba5640453acc0c1605d3c4285834e74b95a83db13445a0aee"
"obj.Kant.Join.afterLastHash_of_no_hash","theorem","Kant.Join.afterLastHash_of_no_hash","PROVEN","∀ {w : List Char},   Not (List.instMembership.mem w Kant.Clipboard.hash) → Eq (Kant.Join.afterLastHash w) w","L0;","O0;","L0;","L0;","L1;S40;claim.Kant.Join.afterLastHash_of_no_hash","L0;","L1;S40;proof.Kant.Join.afterLastHash_of_no_hash","L0;","S107;∀ {w : List Char},   Not (List.instMembership.mem w Kant.Clipboard.hash) → Eq (Kant.Join.afterLastHash w) w","O7;13;source_systemS5;lean411;source_fileS29;RequestProject/Kant/Join.lean13;source_formatS4;text11;imported_atI+0;14;transformed_atI+253;15;transformationsL0;13;parent_objectS0;","5489bca9a31522f177737192e39f3cf6a3bfdfd4e91cbfab3266951d49bb22d0"
"obj.Kant.Codec.Obj.metadata","def","Kant.Codec.Obj.metadata","ASSERTED","Kant.Codec.Obj → List (Prod (List Char) Kant.Codec.Val)","L0;","O0;","L0;","L0;","L0;","L0;","L0;","L0;","S55;Kant.Codec.Obj → List (Prod (List Char) Kant.Codec.Val)","O7;13;source_systemS5;lean411;source_fileS36;RequestProject/Kant/Codec/Model.lean13;source_formatS4;text11;imported_atI+0;14;transformed_atI+468;15;transformationsL0;13;parent_objectS0;","11281a4796b2cf95fc0bfe2bbc62941aa097d4dcd4eb1ea7ca301c91cb19a16c"
"obj.Kant.Codec.Level.structural.sizeOf_spec","theorem","Kant.Codec.Level.structural.sizeOf_spec","PROVEN","Eq (Kant.Codec.Level._sizeOf_inst.sizeOf Kant.Codec.Level.structural) 1","L0;","O0;","L0;","L0;","L1;S45;claim.Kant.Codec.Level.structural.sizeOf_spec","L0;","L1;S45;proof.Kant.Codec.Level.structural.sizeOf_spec","L0;","S71;Eq (Kant.Codec.Level._sizeOf_inst.sizeOf Kant.Codec.Level.structural) 1","O7;13;source_systemS5;lean411;source_fileS39;RequestProject/Kant/Codec/Exchange.lean13;source_formatS4;text11;imported_atI+0;14;transformed_atI+0;15;transformationsL0;13;parent_objectS0;","ea5cf862d3f344096733a3091aa3c136443557c04b9bec239b46f86e8e0011d0"
"obj.Kant.Dom.instReprCoverage","def","Kant.Dom.instReprCoverage","ASSERTED","Repr Kant.Dom.Coverage","L0;","O0;","L0;","L0;","L0;","L0;","L0;","L0;","S22;Repr Kant.Dom.Coverage","O7;13;source_systemS5;lean411;source_fileS37;RequestProject/Kant/Domain/Model.lean13;source_formatS4;text11;imported_atI+0;14;transformed_atI+75;15;transformationsL0;13;parent_objectS0;","54c60390e64b69f8b720f2ef3a5fda3bc542c2fa74fa203ef446664156c72c01"
"obj.Kant.Wasm.Decode.exportDec","def","Kant.Wasm.Decode.exportDec","ASSERTED","Kant.Wasm.Decode.Bytes → Option (Prod (Prod Kant.Wasm.Decode.Bytes Nat) Kant.Wasm.Decode.Bytes)","L0;","O0;","L0;","L0;","L0;","L0;","L0;","L0;","S95;Kant.Wasm.Decode.Bytes → Option (Prod (Prod Kant.Wasm.Decode.Bytes Nat) Kant.Wasm.Decode.Bytes)","O7;13;source_systemS5;lean411;source_fileS31;RequestProject/Wasm/Decode.lean13;source_formatS4;text11;imported_atI+0;14;transformed_atI+226;15;transformationsL0;13;parent_objectS0;","bfe869992acc39fb73c475a3dd8359c050140bdb746685b1bdd4dca115ad0126"
"obj.Kant.Credits.Ledger.ctorIdx","def","Kant.Credits.Ledger.ctorIdx","ASSERTED","Kant.Credits.Ledger → Nat","L0;","O0;","L0;","L0;","L0;","L0;","L0;","L0;","S25;Kant.Credits.Ledger → Nat","O7;13;source_systemS5;lean411;source_fileS32;RequestProject/Kant/Credits.lean13;source_formatS4;text11;imported_atI+0;14;transformed_atI+0;15;transformationsL0;13;parent_objectS0;","ff4280de14f8f66a77a3879ffaa54035616307dd0760e164dc97fc58d5894e6f"
"obj.Kant.Codec.Tests.tMalformed","def","Kant.Codec.Tests.tMalformed","ASSERTED","List Char","L0;","O0;","L0;","L0;","L0;","L0;","L0;","L0;","S9;List Char","O7;13;source_systemS5;lean411;source_fileS36;RequestProject/Kant/Codec/Tests.lean13;source_formatS4;text11;imported_atI+0;14;transformed_atI+115;15;transformationsL0;13;parent_objectS0;","87d4f979bcc9cef37cee61778a9cd7b0a5e98dfce51b8c790623f81a034f5836"
"obj.Kant.CardDebug.Code.ctorElim","def","Kant.CardDebug.Code.ctorElim","ASSERTED","{motive : Kant.CardDebug.Code → Sort u} →   (ctorIdx : Nat) →     (t : Kant.CardDebug.Code) →       Eq ctorIdx t.ctorIdx → Kant.CardDebug.Code.ctorElimType ctorIdx → motive t","L1;S22;obj.Kant.SiteCard.Card","O0;","L0;","L0;","L0;","L0;","L0;","L0;","S174;{motive : Kant.CardDebug.Code → Sort u} →   (ctorIdx : Nat) →     (t : Kant.CardDebug.Code) →       Eq ctorIdx t.ctorIdx → Kant.CardDebug.Code.ctorElimType ctorIdx → motive t","O7;13;source_systemS5;lean411;source_fileS34;RequestProject/Kant/CardDebug.lean13;source_formatS4;text11;imported_atI+0;14;transformed_atI+87;15;transformationsL0;13;parent_objectS0;","495554b65cb27ddd182c9ef0c057310a84f7f6c0daae34f7149fc04087f52924"
"obj.Kant.CardDebug.Warning.foreignOrigin.elim","def","Kant.CardDebug.Warning.foreignOrigin.elim","ASSERTED","{motive : Kant.CardDebug.Warning → Sort u} →   (t : Kant.CardDebug.Warning) →     Eq t.ctorIdx 1 → motive Kant.CardDebug.Warning.foreignOrigin → motive t","L0;","O0;","L0;","L0;","L0;","L0;","L0;","L0;","S153;{motive : Kant.CardDebug.Warning → Sort u} →   (t : Kant.CardDebug.Warning) →     Eq t.ctorIdx 1 → motive Kant.CardDebug.Warning.foreignOrigin → motive t","O7;13;source_systemS5;lean411;source_fileS34;RequestProject/Kant/CardDebug.lean13;source_formatS4;text11;imported_atI+0;14;transformed_atI+342;15;transformationsL0;13;parent_objectS0;","00d546bc0b0e62ff2bf14a215abe4c14405c1cf0e59133b5ce76963330b5bb1a"
"obj.Kant.Sheaf.DaslType.noConfusion","def","Kant.Sheaf.DaslType.noConfusion","ASSERTED","{P : Sort v✝} → {x y : Kant.Sheaf.DaslType} → Eq x y → Kant.Sheaf.DaslType.noConfusionType P x y","L0;","O0;","L0;","L0;","L0;","L0;","L0;","L0;","S96;{P : Sort v✝} → {x y : Kant.Sheaf.DaslType} → Eq x y → Kant.Sheaf.DaslType.noConfusionType P x y","O7;13;source_systemS5;lean411;source_fileS30;RequestProject/Kant/Sheaf.lean13;source_formatS4;text11;imported_atI+0;14;transformed_atI+30;15;transformationsL0;13;parent_objectS0;","5688eb96597f889d67c8f8dcf37cd25ad193281355e1fab70387f64f5c2b8f44"
"obj.Kant.Dom.findClaim","def","Kant.Dom.findClaim","ASSERTED","Kant.Dom.Domain → Kant.Dom.Id → Option Kant.Dom.Claim","L1;S18;obj.Kant.Dom.Claim","O0;","L0;","L0;","L0;","L0;","L0;","L0;","S53;Kant.Dom.Domain → Kant.Dom.Id → Option Kant.Dom.Claim","O7;13;source_systemS5;lean411;source_fileS38;RequestProject/Kant/Domain/Ledger.lean13;source_formatS4;text11;imported_atI+0;14;transformed_atI+46;15;transformationsL0;13;parent_objectS0;","8ab890c181280897929a72d36182f6f41ecdce0356f8634dcd6d455bd314e08a"
"obj.Kant.Diagnostics.Area.noConfusion","def","Kant.Diagnostics.Area.noConfusion","ASSERTED","{P : Sort v✝} → {x y : Kant.Diagnostics.Area} → Eq x y → Kant.Diagnostics.Area.noConfusionType P x y","L0;","O0;","L0;","L0;","L0;","L0;","L0;","L0;","S100;{P : Sort v✝} → {x y : Kant.Diagnostics.Area} → Eq x y → Kant.Diagnostics.Area.noConfusionType P x y","O7;13;source_systemS5;lean411;source_fileS36;RequestProject/Kant/Diagnostics.lean13;source_formatS4;text11;imported_atI+0;14;transformed_atI+89;15;transformationsL0;13;parent_objectS0;","16c78e325399d77aed7e4858a7926c558365310aa8536274f0dd572b007eb42f"
"obj.Kant.Codec.joinLines.eq_def","theorem","Kant.Codec.joinLines.eq_def","PROVEN","∀ (x : List (List Char)),   Eq (Kant.Codec.joinLines x)     (Kant.Codec.joinLines.match_1 (fun x => List Char) x (fun _ => List.nil) (fun l => l)       fun l ls => instHAppendOfAppend.hAppend l (List.cons '\n' (Kant.Codec.joinLines ls)))","L0;","O0;","L0;","L0;","L1;S33;claim.Kant.Codec.joinLines.eq_def","L0;","L1;S33;proof.Kant.Codec.joinLines.eq_def","L0;","S237;∀ (x : List (List Char)),   Eq (Kant.Codec.joinLines x)     (Kant.Codec.joinLines.match_1 (fun x => List Char) x (fun _ => List.nil) (fun l => l)       fun l ls => instHAppendOfAppend.hAppend l (List.cons '\n' (Kant.Codec.joinLines ls)))","O7;13;source_systemS5;lean411;source_fileS38;RequestProject/Kant/Codec/RawText.lean13;source_formatS4;text11;imported_atI+0;14;transformed_atI+0;15;transformationsL0;13;parent_objectS0;","f208c8805e57d8427481ff6942710d9d40df4ad4b3f045d43fa0a6afdec493ef"
"obj.Kant.Codec.instReprDifference","def","Kant.Codec.instReprDifference","ASSERTED","Repr Kant.Codec.Difference","L0;","O0;","L0;","L0;","L0;","L0;","L0;","L0;","S26;Repr Kant.Codec.Difference","O7;13;source_systemS5;lean411;source_fileS40;RequestProject/Kant/Codec/Reconcile.lean13;source_formatS4;text11;imported_atI+0;14;transformed_atI+50;15;transformationsL0;13;parent_objectS0;","8c23328c2759a11d4bdcc94c2f6b198ad897ebe332c069b74b5b5d09a009d424"
"obj.Kant.Codec.getVal.eq_1","theorem","Kant.Codec.getVal.eq_1","PROVEN","∀ (fs : List (Prod (List Char) Kant.Codec.Val)) (k : List Char),   Eq (Kant.Codec.getVal fs k) (Kant.Codec.lookupF fs k)","L0;","O0;","L0;","L0;","L1;S28;claim.Kant.Codec.getVal.eq_1","L0;","L1;S28;proof.Kant.Codec.getVal.eq_1","L0;","S120;∀ (fs : List (Prod (List Char) Kant.Codec.Val)) (k : List Char),   Eq (Kant.Codec.getVal fs k) (Kant.Codec.lookupF fs k)","O7;13;source_systemS5;lean411;source_fileS36;RequestProject/Kant/Codec/Model.lean13;source_formatS4;text11;imported_atI+0;14;transformed_atI+0;15;transformationsL0;13;parent_objectS0;","4ecb5bc71d63c663ebaa361040e91980f890add7b25716a9be2e3e211ff5a246"
"obj.Kant.Rendezvous.Invite.Wire","inductive","Kant.Rendezvous.Invite.Wire","ASSERTED","Kant.Rendezvous.Invite → Prop","L0;","O0;","L0;","L0;","L0;","L0;","L0;","L0;","S29;Kant.Rendezvous.Invite → Prop","O7;13;source_systemS5;lean411;source_fileS35;RequestProject/Kant/Rendezvous.lean13;source_formatS4;text11;imported_atI+0;14;transformed_atI+453;15;transformationsL0;13;parent_objectS0;","aac83c6dcdfac2fe1223bd68742009195ae849b9243e8790b87af92863de318b"
"obj.Kant.Onboarding.Event.goto.injEq","theorem","Kant.Onboarding.Event.goto.injEq","PROVEN","∀ (s s_1 : Kant.Onboarding.Screen),   Eq (Eq (Kant.Onboarding.Event.goto s) (Kant.Onboarding.Event.goto s_1)) (Eq s s_1)","L0;","O0;","L0;","L0;","L1;S38;claim.Kant.Onboarding.Event.goto.injEq","L0;","L1;S38;proof.Kant.Onboarding.Event.goto.injEq","L0;","S120;∀ (s s_1 : Kant.Onboarding.Screen),   Eq (Eq (Kant.Onboarding.Event.goto s) (Kant.Onboarding.Event.goto s_1)) (Eq s s_1)","O7;13;source_systemS5;lean411;source_fileS35;RequestProject/Kant/Onboarding.lean13;source_formatS4;text11;imported_atI+0;14;transformed_atI+0;15;transformationsL0;13;parent_objectS0;","0f4c021e4f3e0071abcf8699f76c796e14493544622014a374c0831b8ef055f0"
"obj.Kant.Pipeline.hide_valid","theorem","Kant.Pipeline.hide_valid","PROVEN","∀ {carrier : Kant.Stego.Carrier},   carrier.valid → ∀ (f : Kant.Sneakernet.Frame), (Kant.Pipeline.hide carrier f).valid","L0;","O0;","L0;","L0;","L1;S30;claim.Kant.Pipeline.hide_valid","L0;","L1;S30;proof.Kant.Pipeline.hide_valid","L0;","S119;∀ {carrier : Kant.Stego.Carrier},   carrier.valid → ∀ (f : Kant.Sneakernet.Frame), (Kant.Pipeline.hide carrier f).valid","O7;13;source_systemS5;lean411;source_fileS33;RequestProject/Kant/Pipeline.lean13;source_formatS4;text11;imported_atI+0;14;transformed_atI+78;15;transformationsL0;13;parent_objectS0;","30376a1b94c0bcf97b225589ab1efd9e34f09daf67c60cc3928916ff7761fb08"
"obj.Kant.Cli.Route.mk.noConfusion","def","Kant.Cli.Route.mk.noConfusion","ASSERTED","{P : Sort u} →   {room : List Char} →     {cursor : Nat} →       {room' : List Char} →         {cursor' : Nat} →           Eq { room := room, cursor := cursor } { room := room', cursor := cursor' } →             (Eq room room' → Eq cursor cursor' → P) → P","L0;","O0;","L0;","L0;","L0;","L0;","L0;","L0;","S255;{P : Sort u} →   {room : List Char} →     {cursor : Nat} →       {room' : List Char} →         {cursor' : Nat} →           Eq { room := room, cursor := cursor } { room := room', cursor := cursor' } →             (Eq room room' → Eq cursor cursor' → P) → P","O7;13;source_systemS5;lean411;source_fileS28;RequestProject/Kant/Cli.lean13;source_formatS4;text11;imported_atI+0;14;transformed_atI+237;15;transformationsL0;13;parent_objectS0;","522e7424c3fc0bbddf314f07f5921d3ae8751d397a2c870f2b2e3e92d778b0dc"
"obj.Kant.Sneakernet.instDecidableEqChannel","def","Kant.Sneakernet.instDecidableEqChannel","ASSERTED","DecidableEq Kant.Sneakernet.Channel","L0;","O0;","L0;","L0;","L0;","L0;","L0;","L0;","S35;DecidableEq Kant.Sneakernet.Channel","O7;13;source_systemS5;lean411;source_fileS35;RequestProject/Kant/Sneakernet.lean13;source_formatS4;text11;imported_atI+0;14;transformed_atI+39;15;transformationsL0;13;parent_objectS0;","50a54f58aa0d745bc319e74e0ced8b58d500f02e5ba5f86175cb0d5b6c816cde"
"obj.Kant.Uucp.thread","def","Kant.Uucp.thread","ASSERTED","Nat → List Char → List (List Char)","L0;","O0;","L0;","L0;","L0;","L0;","L0;","L0;","S34;Nat → List Char → List (List Char)","O7;13;source_systemS5;lean411;source_fileS29;RequestProject/Kant/Uucp.lean13;source_formatS4;text11;imported_atI+0;14;transformed_atI+212;15;transformationsL0;13;parent_objectS0;","d7bea2d8c69fce7ad0c952df1a07a8fd31f2af18cf4c3d4495c8d07a1f282d87"
"obj.Kant.Codec.Tests.tMinimal","def","Kant.Codec.Tests.tMinimal","ASSERTED","Kant.Codec.Obj","L1;S27;obj.Kant.Codec.Obj.metadata","O0;","L0;","L0;","L0;","L0;","L0;","L0;","S14;Kant.Codec.Obj","O7;13;source_systemS5;lean411;source_fileS36;RequestProject/Kant/Codec/Tests.lean13;source_formatS4;text11;imported_atI+0;14;transformed_atI+52;15;transformationsL0;13;parent_objectS0;","ac7d5ced0ed9223534eda42f72a93e72104bf06aa9b42eafc8b58cc93035be6c"
"obj.Kant.Credits.Ledger.mk.inj","theorem","Kant.Credits.Ledger.mk.inj","PROVEN","∀ {earnLog spendLog earnLog_1 spendLog_1 : List (Prod Kant.Credits.Peer Nat)},   Eq { earnLog := earnLog, spendLog := spendLog } { earnLog := earnLog_1, spendLog := spendLog_1 } →     And (Eq earnLog earnLog_1) (Eq spendLog spendLog_1)","L0;","O0;","L0;","L0;","L1;S32;claim.Kant.Credits.Ledger.mk.inj","L0;","L1;S32;proof.Kant.Credits.Ledger.mk.inj","L0;","S235;∀ {earnLog spendLog earnLog_1 spendLog_1 : List (Prod Kant.Credits.Peer Nat)},   Eq { earnLog := earnLog, spendLog := spendLog } { earnLog := earnLog_1, spendLog := spendLog_1 } →     And (Eq earnLog earnLog_1) (Eq spendLog spendLog_1)","O7;13;source_systemS5;lean411;source_fileS32;RequestProject/Kant/Credits.lean13;source_formatS4;text11;imported_atI+0;14;transformed_atI+0;15;transformationsL0;13;parent_objectS0;","292537d8d7eb75f2ea250e574b42fc15a20c775100dde14c1492d7eccfff1c6f"
"obj.Kant.Onboarding.shareText","def","Kant.Onboarding.shareText","ASSERTED","Kant.SiteCard.Config → Kant.Rendezvous.Invite → List Char","L0;","O0;","L0;","L0;","L0;","L0;","L0;","L0;","S57;Kant.SiteCard.Config → Kant.Rendezvous.Invite → List Char","O7;13;source_systemS5;lean411;source_fileS35;RequestProject/Kant/Onboarding.lean13;source_formatS4;text11;imported_atI+0;14;transformed_atI+228;15;transformationsL0;13;parent_objectS0;","0a604088788ba1b9a88a0a658b367c06faa654001dc546e3ed444703c0cffe90"
"obj.Kant.Sheaf.prime_injective","theorem","Kant.Sheaf.prime_injective","PROVEN","Function.Injective Kant.Sheaf.Encoding.prime","L0;","O0;","L0;","L0;","L1;S32;claim.Kant.Sheaf.prime_injective","L0;","L1;S32;proof.Kant.Sheaf.prime_injective","L0;","S44;Function.Injective Kant.Sheaf.Encoding.prime","O7;13;source_systemS5;lean411;source_fileS30;RequestProject/Kant/Sheaf.lean13;source_formatS4;text11;imported_atI+0;14;transformed_atI+132;15;transformationsL0;13;parent_objectS0;","e67104cdd1abd6a9d15e5fe84ed47d06f9d13f67fe4a1c2322ac3836471e8680"
"obj.Kant.Codec.instDecidableEqStatus","def","Kant.Codec.instDecidableEqStatus","ASSERTED","DecidableEq Kant.Codec.Status","L0;","O0;","L0;","L0;","L0;","L0;","L0;","L0;","S29;DecidableEq Kant.Codec.Status","O7;13;source_systemS5;lean411;source_fileS36;RequestProject/Kant/Codec/Model.lean13;source_formatS4;text11;imported_atI+0;14;transformed_atI+44;15;transformationsL0;13;parent_objectS0;","5400462d522612a75972a679c056c4743bf677a3c9b78a0d75b25a10bcf301da"
"obj.Kant.InviteCard.Dress.noConfusionType","def","Kant.InviteCard.Dress.noConfusionType","ASSERTED","Sort u → Kant.InviteCard.Dress → Kant.InviteCard.Dress → Sort u","L0;","O0;","L0;","L0;","L0;","L0;","L0;","L0;","S63;Sort u → Kant.InviteCard.Dress → Kant.InviteCard.Dress → Sort u","O7;13;source_systemS5;lean411;source_fileS35;RequestProject/Kant/InviteCard.lean13;source_formatS4;text11;imported_atI+0;14;transformed_atI+0;15;transformationsL0;13;parent_objectS0;","042b23e3eadbebe01f90e47f03370ddb29541296d409eaaeab8bfa8ecd5f0819"
"obj.Kant.Codec.diffVal_self","theorem","Kant.Codec.diffVal_self","PROVEN","∀ (path : List Char) (v : Kant.Codec.Val), Eq (Kant.Codec.diffVal path v v) List.nil","L0;","O0;","L0;","L0;","L1;S29;claim.Kant.Codec.diffVal_self","L0;","L1;S29;proof.Kant.Codec.diffVal_self","L0;","S84;∀ (path : List Char) (v : Kant.Codec.Val), Eq (Kant.Codec.diffVal path v v) List.nil","O7;13;source_systemS5;lean411;source_fileS40;RequestProject/Kant/Codec/Reconcile.lean13;source_formatS4;text11;imported_atI+0;14;transformed_atI+101;15;transformationsL0;13;parent_objectS0;","afcd17207cc59e97e7b7b2adb3ff6c0c996f5b13b18882d567e087e8d24a095a"
"obj.Kant.CardDebug.instReprCode.repr.match_1","def","Kant.CardDebug.instReprCode.repr.match_1","ASSERTED","(motive : Kant.CardDebug.Code → Sort u_1) →   (x : Kant.CardDebug.Code) →     ((a : Kant.SiteCard.Card) → motive (Kant.CardDebug.Code.card a)) →       ((a : Kant.Rendezvous.Invite) → motive (Kant.CardDebug.Code.invite a)) →         ((a : List Char) → motive (Kant.CardDebug.Code.page a)) →           (Unit → motive Kant.CardDebug.Code.unknown) → motive x","L1;S22;obj.Kant.SiteCard.Card","O0;","L0;","L0;","L0;","L0;","L0;","L0;","S354;(motive : Kant.CardDebug.Code → Sort u_1) →   (x : Kant.CardDebug.Code) →     ((a : Kant.SiteCard.Card) → motive (Kant.CardDebug.Code.card a)) →       ((a : Kant.Rendezvous.Invite) → motive (Kant.CardDebug.Code.invite a)) →         ((a : List Char) → motive (Kant.CardDebug.Code.page a)) →           (Unit → motive Kant.CardDebug.Code.unknown) → motive x","O7;13;source_systemS5;lean411;source_fileS34;RequestProject/Kant/CardDebug.lean13;source_formatS4;text11;imported_atI+0;14;transformed_atI+0;15;transformationsL0;13;parent_objectS0;","526a2485aede66a9d4f4db7a282d57062c8b2d90e6d9b79ba955c8f166393278"
"obj.Kant.Uucp.handoff","theorem","Kant.Uucp.handoff","PROVEN","∀ {a b : Kant.Uucp.Node},   a.Wired →     ∀ {x : Kant.Relay.Msg},       List.instMembership.mem a.spool x → List.instMembership.mem (b.paste a.bag).spool x","L1;S24;obj.Kant.Uucp.Node.spool","O0;","L0;","L0;","L1;S23;claim.Kant.Uucp.handoff","L0;","L1;S23;proof.Kant.Uucp.handoff","L0;","S155;∀ {a b : Kant.Uucp.Node},   a.Wired →     ∀ {x : Kant.Relay.Msg},       List.instMembership.mem a.spool x → List.instMembership.mem (b.paste a.bag).spool x","O7;13;source_systemS5;lean411;source_fileS29;RequestProject/Kant/Uucp.lean13;source_formatS4;text11;imported_atI+0;14;transformed_atI+519;15;transformationsL0;13;parent_objectS0;","5e74447d2f4e557628c10da090f0c7c9defa43699a060a70f3a627e3013108a3"
"obj.Kant.Clipboard.Envelope.mk.inj","theorem","Kant.Clipboard.Envelope.mk.inj","PROVEN","∀ {tag : Kant.Bytes.Blob} {fields : List Kant.Bytes.Blob} {tag_1 : Kant.Bytes.Blob}   {fields_1 : List Kant.Bytes.Blob},   Eq { tag := tag, fields := fields } { tag := tag_1, fields := fields_1 } →     And (Eq tag tag_1) (Eq fields fields_1)","L0;","O0;","L0;","L0;","L1;S36;claim.Kant.Clipboard.Envelope.mk.inj","L0;","L1;S36;proof.Kant.Clipboard.Envelope.mk.inj","L0;","S241;∀ {tag : Kant.Bytes.Blob} {fields : List Kant.Bytes.Blob} {tag_1 : Kant.Bytes.Blob}   {fields_1 : List Kant.Bytes.Blob},   Eq { tag := tag, fields := fields } { tag := tag_1, fields := fields_1 } →     And (Eq tag tag_1) (Eq fields fields_1)","O7;13;source_systemS5;lean411;source_fileS34;RequestProject/Kant/Clipboard.lean13;source_formatS4;text11;imported_atI+0;14;transformed_atI+0;15;transformationsL0;13;parent_objectS0;","100428ef29304fcf9f0aad56b9074194820a20f1690764dd1eb3149255a09b72"
"obj.Kant.Codec.Tests.tManyIO","def","Kant.Codec.Tests.tManyIO","ASSERTED","Kant.Codec.Obj","L3;S29;obj.Kant.Codec.Inp.provenanceS26;obj.Kant.Codec.Outp.claimsS27;obj.Kant.Codec.Obj.metadata","O0;","L0;","L0;","L0;","L0;","L0;","L0;","S14;Kant.Codec.Obj","O7;13;source_systemS5;lean411;source_fileS36;RequestProject/Kant/Codec/Tests.lean13;source_formatS4;text11;imported_atI+0;14;transformed_atI+68;15;transformationsL0;13;parent_objectS0;","6b1dba1cb21cb4aed1dc8c700c04ad21a70d7b2dc829f9c87d6fe50615dce8bb"
"obj.Kant.Dom.Truth.contradicted.sizeOf_spec","theorem","Kant.Dom.Truth.contradicted.sizeOf_spec","PROVEN","Eq (Kant.Dom.Truth._sizeOf_inst.sizeOf Kant.Dom.Truth.contradicted) 1","L0;","O0;","L0;","L0;","L1;S45;claim.Kant.Dom.Truth.contradicted.sizeOf_spec","L0;","L1;S45;proof.Kant.Dom.Truth.contradicted.sizeOf_spec","L0;","S69;Eq (Kant.Dom.Truth._sizeOf_inst.sizeOf Kant.Dom.Truth.contradicted) 1","O7;13;source_systemS5;lean411;source_fileS37;RequestProject/Kant/Domain/Model.lean13;source_formatS4;text11;imported_atI+0;14;transformed_atI+0;15;transformationsL0;13;parent_objectS0;","707e665e54840395efbd8dc9a6bdd3c2415cd2c6982757efbf715670e490e51c"
"obj.Kant.Connectivity.Verdict.ofNat","def","Kant.Connectivity.Verdict.ofNat","ASSERTED","Nat → Kant.Connectivity.Verdict","L0;","O0;","L0;","L0;","L0;","L0;","L0;","L0;","S31;Nat → Kant.Connectivity.Verdict","O7;13;source_systemS5;lean411;source_fileS37;RequestProject/Kant/Connectivity.lean13;source_formatS4;text11;imported_atI+0;14;transformed_atI+0;15;transformationsL0;13;parent_objectS0;","00a71b8a80cefe11f5a4687fec9bfbd62bc58c867ac5e6dbf18512bf966b65b0"
"obj.Kant.Dom.PStatus.conflict.elim","def","Kant.Dom.PStatus.conflict.elim","ASSERTED","{motive : Kant.Dom.PStatus → Sort u} →   (t : Kant.Dom.PStatus) → Eq t.ctorIdx 5 → motive Kant.Dom.PStatus.conflict → motive t","L0;","O0;","L0;","L0;","L0;","L0;","L0;","L0;","S126;{motive : Kant.Dom.PStatus → Sort u} →   (t : Kant.Dom.PStatus) → Eq t.ctorIdx 5 → motive Kant.Dom.PStatus.conflict → motive t","O7;13;source_systemS5;lean411;source_fileS37;RequestProject/Kant/Domain/Model.lean13;source_formatS4;text11;imported_atI+0;14;transformed_atI+56;15;transformationsL0;13;parent_objectS0;","c1a04697878c50d7675166ed8b40ba3c3e1ebbea712f0dcd9022f4d0af7325f2"
"obj.Kant.Sheaf.instDecidableEqSection.decEq","def","Kant.Sheaf.instDecidableEqSection.decEq","ASSERTED","(x x_1 : Kant.Sheaf.Section) → Decidable (Eq x x_1)","L0;","O0;","L0;","L0;","L0;","L0;","L0;","L0;","S51;(x x_1 : Kant.Sheaf.Section) → Decidable (Eq x x_1)","O7;13;source_systemS5;lean411;source_fileS30;RequestProject/Kant/Sheaf.lean13;source_formatS4;text11;imported_atI+0;14;transformed_atI+153;15;transformationsL0;13;parent_objectS0;","6abcd67e80c1a8d2777e49e10f155bad7cc896d22aa0fb4c198d7bcde8c823e7"
"obj.Kant.Codec.declared_lossless_sound","theorem","Kant.Codec.declared_lossless_sound","PROVEN","∀ (f : Kant.Codec.Fmt) (v : Kant.Codec.Val),   And (Eq (Kant.Codec.declaredLossiness f) Kant.Codec.Loss.lossless)     (Eq (Kant.Codec.decodeVal f (Kant.Codec.encodeVal f v)) (Option.some v))","L0;","O0;","L0;","L0;","L1;S40;claim.Kant.Codec.declared_lossless_sound","L0;","L1;S40;proof.Kant.Codec.declared_lossless_sound","L0;","S190;∀ (f : Kant.Codec.Fmt) (v : Kant.Codec.Val),   And (Eq (Kant.Codec.declaredLossiness f) Kant.Codec.Loss.lossless)     (Eq (Kant.Codec.decodeVal f (Kant.Codec.encodeVal f v)) (Option.some v))","O7;13;source_systemS5;lean411;source_fileS39;RequestProject/Kant/Codec/Exchange.lean13;source_formatS4;text11;imported_atI+0;14;transformed_atI+88;15;transformationsL0;13;parent_objectS0;","4fab21dd775d74e6c492c01727d24629e1609e9336eb4ba05f67088847ce3213"
"obj.Kant.Sync.Source.libp2p.elim","def","Kant.Sync.Source.libp2p.elim","ASSERTED","{motive : Kant.Sync.Source → Sort u} →   (t : Kant.Sync.Source) → Eq t.ctorIdx 2 → motive Kant.Sync.Source.libp2p → motive t","L0;","O0;","L0;","L0;","L0;","L0;","L0;","L0;","S124;{motive : Kant.Sync.Source → Sort u} →   (t : Kant.Sync.Source) → Eq t.ctorIdx 2 → motive Kant.Sync.Source.libp2p → motive t","O7;13;source_systemS5;lean411;source_fileS29;RequestProject/Kant/Sync.lean13;source_formatS4;text11;imported_atI+0;14;transformed_atI+38;15;transformationsL0;13;parent_objectS0;","bbb187ab4f5f4dcab9eccd80978f02cd2ce161e69b3a71042a78cb42ad5034c7"
"obj.Kant.Diagnostics.Report.Wire","inductive","Kant.Diagnostics.Report.Wire","ASSERTED","Kant.Diagnostics.Report → Prop","L0;","O0;","L0;","L0;","L0;","L0;","L0;","L0;","S30;Kant.Diagnostics.Report → Prop","O7;13;source_systemS5;lean411;source_fileS36;RequestProject/Kant/Diagnostics.lean13;source_formatS4;text11;imported_atI+0;14;transformed_atI+538;15;transformationsL0;13;parent_objectS0;","ca87c4e0471494bcac937b838610369f3fc294cfe5d1829af8ba2e7b0299928d"
"obj.Kant.Codec.instReprCompat.repr.match_1","def","Kant.Codec.instReprCompat.repr.match_1","ASSERTED","(motive : Kant.Codec.Compat → Sort u_1) →   (x : Kant.Codec.Compat) →     (Unit → motive Kant.Codec.Compat.same) →       (Unit → motive Kant.Codec.Compat.minor) → (Unit → motive Kant.Codec.Compat.major) → motive x","L0;","O0;","L0;","L0;","L0;","L0;","L0;","L0;","S213;(motive : Kant.Codec.Compat → Sort u_1) →   (x : Kant.Codec.Compat) →     (Unit → motive Kant.Codec.Compat.same) →       (Unit → motive Kant.Codec.Compat.minor) → (Unit → motive Kant.Codec.Compat.major) → motive x","O7;13;source_systemS5;lean411;source_fileS39;RequestProject/Kant/Codec/Exchange.lean13;source_formatS4;text11;imported_atI+0;14;transformed_atI+0;15;transformationsL0;13;parent_objectS0;","3efb66bdabb0923949e1cb583f39883ea10dbd7d8e221713adbcd649a154ef68"
"obj.Kant.Uucp.Site.put.eq_1","theorem","Kant.Uucp.Site.put.eq_1","PROVEN","∀ (s : Kant.Uucp.Site) (path body : List Char),   Eq (s.put path body)     {       files :=         List.cons { fst := path, snd := body } (List.filter (fun e => bne e.fst path) s.files) }","L0;","O0;","L0;","L0;","L1;S29;claim.Kant.Uucp.Site.put.eq_1","L0;","L1;S29;proof.Kant.Uucp.Site.put.eq_1","L0;","S188;∀ (s : Kant.Uucp.Site) (path body : List Char),   Eq (s.put path body)     {       files :=         List.cons { fst := path, snd := body } (List.filter (fun e => bne e.fst path) s.files) }","O7;13;source_systemS5;lean411;source_fileS29;RequestProject/Kant/Uucp.lean13;source_formatS4;text11;imported_atI+0;14;transformed_atI+0;15;transformationsL0;13;parent_objectS0;","542197d82009614671dcc7b49070a9f90f03ec40b1896ee0080359cf4a26e553"
"obj.Kant.Codec.Ipdl.ref.noConfusion","def","Kant.Codec.Ipdl.ref.noConfusion","ASSERTED","{P : Sort u} →   {target target' : List Char} →     Eq (Kant.Codec.Ipdl.ref target) (Kant.Codec.Ipdl.ref target') → (Eq target target' → P) → P","L0;","O0;","L0;","L0;","L0;","L0;","L0;","L0;","S143;{P : Sort u} →   {target target' : List Char} →     Eq (Kant.Codec.Ipdl.ref target) (Kant.Codec.Ipdl.ref target') → (Eq target target' → P) → P","O7;13;source_systemS5;lean411;source_fileS35;RequestProject/Kant/Codec/Ipdl.lean13;source_formatS4;text11;imported_atI+0;14;transformed_atI+46;15;transformationsL0;13;parent_objectS0;","76285e5684e6f0fe4f026ecbead9d4a9e4c53ec279e2404023a97ed1095c3efb"
"obj.Kant.Dom.LedgerRow.claimId","def","Kant.Dom.LedgerRow.claimId","ASSERTED","Kant.Dom.LedgerRow → Kant.Dom.Id","L0;","O0;","L0;","L0;","L0;","L0;","L0;","L0;","S32;Kant.Dom.LedgerRow → Kant.Dom.Id","O7;13;source_systemS5;lean411;source_fileS38;RequestProject/Kant/Domain/Ledger.lean13;source_formatS4;text11;imported_atI+0;14;transformed_atI+137;15;transformationsL0;13;parent_objectS0;","aa4686d6e9f84dfff9f4d04f4bf1910c0d98bd4635c1c1cd23a6817e776bb36a"
"obj.Kant.Dom.roundtripReport","def","Kant.Dom.roundtripReport","ASSERTED","Kant.Dom.Domain → List Kant.Dom.FormatReport","L0;","O0;","L0;","L0;","L0;","L0;","L0;","L0;","S44;Kant.Dom.Domain → List Kant.Dom.FormatReport","O7;13;source_systemS5;lean411;source_fileS36;RequestProject/Kant/Domain/Emit.lean13;source_formatS4;text11;imported_atI+0;14;transformed_atI+280;15;transformationsL0;13;parent_objectS0;","d0ca96915c7bfaa5b0e66629587fbeea33be3eac696330ffe786281ab006ee64"
"obj.Kant.Paste.recOn","def","Kant.Paste.recOn","ASSERTED","{motive : Kant.Paste → Sort u} →   (t : Kant.Paste) →     ((id title : List Char) →         (content : Kant.Bytes.Blob) →           (timestamp : List Char) →             (replyTo : Option (List Char)) →               motive                 { id := id, title := title, content := content, timestamp := timestamp,                   replyTo := replyTo }) →       motive t","L0;","O0;","L0;","L0;","L0;","L0;","L0;","L0;","S368;{motive : Kant.Paste → Sort u} →   (t : Kant.Paste) →     ((id title : List Char) →         (content : Kant.Bytes.Blob) →           (timestamp : List Char) →             (replyTo : Option (List Char)) →               motive                 { id := id, title := title, content := content, timestamp := timestamp,                   replyTo := replyTo }) →       motive t","O7;13;source_systemS5;lean411;source_fileS30;RequestProject/Kant/Paste.lean13;source_formatS4;text11;imported_atI+0;14;transformed_atI+35;15;transformationsL0;13;parent_objectS0;","c2a089a1f10f65e3b58b066e1d3e677041da27d29289335923b49e5ed6c3f466"
"obj.Kant.Codec.readRows.eq_1","theorem","Kant.Codec.readRows.eq_1","PROVEN","∀ (x : List Char), Eq (Kant.Codec.readRows 0 x) Option.none","L1;S23;obj.Kant.Codec.readRows","O0;","L0;","L0;","L1;S30;claim.Kant.Codec.readRows.eq_1","L0;","L1;S30;proof.Kant.Codec.readRows.eq_1","L0;","S59;∀ (x : List Char), Eq (Kant.Codec.readRows 0 x) Option.none","O7;13;source_systemS5;lean411;source_fileS34;RequestProject/Kant/Codec/Csv.lean13;source_formatS4;text11;imported_atI+0;14;transformed_atI+0;15;transformationsL0;13;parent_objectS0;","c5fd85857c0797826018eedffc41290df25c896fadc6cc1c9127211f48ce1ea7"
"obj.Kant.Dom.textHeader.eq_1","theorem","Kant.Dom.textHeader.eq_1","PROVEN","Eq Kant.Dom.textHeader ""KANT-DOMAIN-TEXT/1.0\n"".toList","L0;","O0;","L0;","L0;","L1;S30;claim.Kant.Dom.textHeader.eq_1","L0;","L1;S30;proof.Kant.Dom.textHeader.eq_1","L0;","S54;Eq Kant.Dom.textHeader ""KANT-DOMAIN-TEXT/1.0\n"".toList","O7;13;source_systemS5;lean411;source_fileS36;RequestProject/Kant/Domain/Emit.lean13;source_formatS4;text11;imported_atI+0;14;transformed_atI+0;15;transformationsL0;13;parent_objectS0;","4d7ce5a133702197e5414211be99dad4e2c66a6b8d1137dd7724c1916c8a9d1a"
"obj.Kant.Codec.Envelope.ctorIdx","def","Kant.Codec.Envelope.ctorIdx","ASSERTED","Kant.Codec.Envelope → Nat","L0;","O0;","L0;","L0;","L0;","L0;","L0;","L0;","S25;Kant.Codec.Envelope → Nat","O7;13;source_systemS5;lean411;source_fileS39;RequestProject/Kant/Codec/Exchange.lean13;source_formatS4;text11;imported_atI+0;14;transformed_atI+0;15;transformationsL0;13;parent_objectS0;","a9e97e03be7974bb98bf1c1acd3b48482f34c2429a57c209c042d301a1b2f956"
"obj.Kant.Dom.Event.validated.noConfusion","def","Kant.Dom.Event.validated.noConfusion","ASSERTED","{P : Sort u} →   {proofId proofId' : Kant.Dom.Id} →     Eq (Kant.Dom.Event.validated proofId) (Kant.Dom.Event.validated proofId') →       (Eq proofId proofId' → P) → P","L0;","O0;","L0;","L0;","L0;","L0;","L0;","L0;","S167;{P : Sort u} →   {proofId proofId' : Kant.Dom.Id} →     Eq (Kant.Dom.Event.validated proofId) (Kant.Dom.Event.validated proofId') →       (Eq proofId proofId' → P) → P","O7;13;source_systemS5;lean411;source_fileS38;RequestProject/Kant/Domain/Policy.lean13;source_formatS4;text11;imported_atI+0;14;transformed_atI+32;15;transformationsL0;13;parent_objectS0;","d199d52794dee41a26d692f9e0a81645cbeb8c10c6b9a06c474e3f50863e2d77"
"obj.Kant.InviteCard.inviteUrl_origin_prefix","theorem","Kant.InviteCard.inviteUrl_origin_prefix","PROVEN","∀ (c : Kant.SiteCard.Config) (i : Kant.Rendezvous.Invite),   c.origin.IsPrefix (Kant.InviteCard.inviteUrl c i)","L0;","O0;","L0;","L0;","L1;S45;claim.Kant.InviteCard.inviteUrl_origin_prefix","L0;","L1;S45;proof.Kant.InviteCard.inviteUrl_origin_prefix","L0;","S110;∀ (c : Kant.SiteCard.Config) (i : Kant.Rendezvous.Invite),   c.origin.IsPrefix (Kant.InviteCard.inviteUrl c i)","O7;13;source_systemS5;lean411;source_fileS35;RequestProject/Kant/InviteCard.lean13;source_formatS4;text11;imported_atI+0;14;transformed_atI+76;15;transformationsL0;13;parent_objectS0;","65289a2c30b6a8c3fdd9abc241a305081d21c96157f39ef9e1348c06b251abee"
"obj.Kant.CodeMovie.Circuit.or.noConfusion","def","Kant.CodeMovie.Circuit.or.noConfusion","ASSERTED","{P : Sort u} →   {c₁ c₂ c₁' c₂' : Kant.CodeMovie.Circuit} →     Eq (c₁.or c₂) (c₁'.or c₂') → (Eq c₁ c₁' → Eq c₂ c₂' → P) → P","L0;","O0;","L0;","L0;","L0;","L0;","L0;","L0;","S124;{P : Sort u} →   {c₁ c₂ c₁' c₂' : Kant.CodeMovie.Circuit} →     Eq (c₁.or c₂) (c₁'.or c₂') → (Eq c₁ c₁' → Eq c₂ c₂' → P) → P","O7;13;source_systemS5;lean411;source_fileS34;RequestProject/Kant/CodeMovie.lean13;source_formatS4;text11;imported_atI+0;14;transformed_atI+161;15;transformationsL0;13;parent_objectS0;","8a961c3666de1c7d3a6a52c26e3a504a6e7e8f5dcbb636e74959be397d5da8d4"
"obj.Kant.Codec.Outp.noConfusion","def","Kant.Codec.Outp.noConfusion","ASSERTED","{P : Sort u} → {t t' : Kant.Codec.Outp} → Eq t t' → Kant.Codec.Outp.noConfusionType P t t'","L0;","O0;","L0;","L0;","L0;","L0;","L0;","L0;","S90;{P : Sort u} → {t t' : Kant.Codec.Outp} → Eq t t' → Kant.Codec.Outp.noConfusionType P t t'","O7;13;source_systemS5;lean411;source_fileS36;RequestProject/Kant/Codec/Model.lean13;source_formatS4;text11;imported_atI+0;14;transformed_atI+394;15;transformationsL0;13;parent_objectS0;","228a65e3497a643c4154337ff5dbf7172096635c102876524fe7ffcfde586b5d"
"obj.Kant.Cli.Client.ctorIdx","def","Kant.Cli.Client.ctorIdx","ASSERTED","Kant.Cli.Client → Nat","L0;","O0;","L0;","L0;","L0;","L0;","L0;","L0;","S21;Kant.Cli.Client → Nat","O7;13;source_systemS5;lean411;source_fileS28;RequestProject/Kant/Cli.lean13;source_formatS4;text11;imported_atI+0;14;transformed_atI+0;15;transformationsL0;13;parent_objectS0;","97e87d789d71736218699f3e82b0b50dc5da1a1539dde64cff03028a37936887"
"obj.Kant.Dom.Rel.toCtorIdx","def","Kant.Dom.Rel.toCtorIdx","ASSERTED","Kant.Dom.Rel → Nat","L0;","O0;","L0;","L0;","L0;","L0;","L0;","L0;","S18;Kant.Dom.Rel → Nat","O7;13;source_systemS5;lean411;source_fileS37;RequestProject/Kant/Domain/Model.lean13;source_formatS4;text11;imported_atI+0;14;transformed_atI+0;15;transformationsL0;13;parent_objectS0;","430e2c7dddac4e4a5115b9371e373d05242d49a5665109e403e376a1e0fc4c9f"
"obj.Kant.Dasl.shardCid","def","Kant.Dasl.shardCid","ASSERTED","Nat → Nat → Nat → Nat → Nat","L0;","O0;","L0;","L0;","L0;","L0;","L0;","L0;","S27;Nat → Nat → Nat → Nat → Nat","O7;13;source_systemS5;lean411;source_fileS29;RequestProject/Kant/Dasl.lean13;source_formatS4;text11;imported_atI+0;14;transformed_atI+160;15;transformationsL0;13;parent_objectS0;","e1a3247da346b047e4218c4e00c756d400cdf6031f90ce2d4794fdb72bca28fa"
"obj.Kant.Uucp.Node.spool","def","Kant.Uucp.Node.spool","ASSERTED","Kant.Uucp.Node → List Kant.Relay.Msg","L0;","O0;","L0;","L0;","L0;","L0;","L0;","L0;","S36;Kant.Uucp.Node → List Kant.Relay.Msg","O7;13;source_systemS5;lean411;source_fileS29;RequestProject/Kant/Uucp.lean13;source_formatS4;text11;imported_atI+0;14;transformed_atI+366;15;transformationsL0;13;parent_objectS0;","e092c744f1642bf7d84e0196ab026ee4f7fc7b4ec63ace5db0e48cf9928e960a"
"obj.Kant.Wasm.Leb128.uleb_ne_nil","theorem","Kant.Wasm.Leb128.uleb_ne_nil","PROVEN","∀ (n : Nat), Ne (Kant.Wasm.Leb128.uleb n) List.nil","L0;","O0;","L0;","L0;","L1;S34;claim.Kant.Wasm.Leb128.uleb_ne_nil","L0;","L1;S34;proof.Kant.Wasm.Leb128.uleb_ne_nil","L0;","S50;∀ (n : Nat), Ne (Kant.Wasm.Leb128.uleb n) List.nil","O7;13;source_systemS5;lean411;source_fileS31;RequestProject/Wasm/Leb128.lean13;source_formatS4;text11;imported_atI+0;14;transformed_atI+65;15;transformationsL0;13;parent_objectS0;","2926bf209a6f1af4b4119f11d58e73d7a8ff76f77ff2fdda7a0bd864830f189d"
"obj.Kant.Dom.Truth.inferred.sizeOf_spec","theorem","Kant.Dom.Truth.inferred.sizeOf_spec","PROVEN","Eq (Kant.Dom.Truth._sizeOf_inst.sizeOf Kant.Dom.Truth.inferred) 1","L0;","O0;","L0;","L0;","L1;S41;claim.Kant.Dom.Truth.inferred.sizeOf_spec","L0;","L1;S41;proof.Kant.Dom.Truth.inferred.sizeOf_spec","L0;","S65;Eq (Kant.Dom.Truth._sizeOf_inst.sizeOf Kant.Dom.Truth.inferred) 1","O7;13;source_systemS5;lean411;source_fileS37;RequestProject/Kant/Domain/Model.lean13;source_formatS4;text11;imported_atI+0;14;transformed_atI+0;15;transformationsL0;13;parent_objectS0;","26c39e75f56c4a12a3ffa4bc85199b653becc63a5543696c118628b7441b54bf"
"obj.Kant.Handoff.Step.instruction","def","Kant.Handoff.Step.instruction","ASSERTED","Kant.Handoff.Step → List Char","L0;","O0;","L0;","L0;","L0;","L0;","L0;","L0;","S29;Kant.Handoff.Step → List Char","O7;13;source_systemS5;lean411;source_fileS32;RequestProject/Kant/Handoff.lean13;source_formatS4;text11;imported_atI+0;14;transformed_atI+63;15;transformationsL0;13;parent_objectS0;","cbd20949217c84df6fb7433d6dc89e04e2b929d9129862858657c674f9a5f02a"
"obj.Kant.Meme.bytes","def","Kant.Meme.bytes","ASSERTED","Kant.Stego.Carrier → Kant.Bytes.Blob","L0;","O0;","L0;","L0;","L0;","L0;","L0;","L0;","S36;Kant.Stego.Carrier → Kant.Bytes.Blob","O7;13;source_systemS5;lean411;source_fileS29;RequestProject/Kant/Meme.lean13;source_formatS4;text11;imported_atI+0;14;transformed_atI+276;15;transformationsL0;13;parent_objectS0;","a3edee77d62d53a2d31750fb4389668597bd2a2705f0a7ac806a7b6e0989961f"
"obj.Kant.Dom.instDecidableEqEvent.decEq.match_1","def","Kant.Dom.instDecidableEqEvent.decEq.match_1","ASSERTED","(motive : Kant.Dom.Event → Kant.Dom.Event → Sort u_1) →   (x x_1 : Kant.Dom.Event) →     ((a b : Kant.Dom.Id) → motive (Kant.Dom.Event.validated a) (Kant.Dom.Event.validated b)) →       ((proofId proofId_1 : Kant.Dom.Id) →           motive (Kant.Dom.Event.validated proofId) (Kant.Dom.Event.reproduced proofId_1)) →         ((proofId proofId_1 : Kant.Dom.Id) →             motive (Kant.Dom.Event.validated proofId) (Kant.Dom.Event.derivedBy proofId_1)) →           ((proofId : Kant.Dom.Id) →               (who : List Char) →                 motive (Kant.Dom.Event.validated proofId) (Kant.Dom.Event.assertedBy who)) →             ((proofId : Kant.Dom.Id) →                 (source : List Char) →                   motive (Kant.Dom.Event.validated proofId) (Kant.Dom.Event.importedFrom source)) →               ((proofId : Kant.Dom.Id) →                   (how : List Char) →                     motive (Kant.Dom.Event.validated proofId) (Kant.Dom.Event.inferredBy how)) →                 ((proofId proofId_1 : Kant.Dom.Id) →                     motive (Kant.Dom.Event.validated proofId)                       (Kant.Dom.Event.contradiction proofId_1)) →                   ((proofId proofId_1 : Kant.Dom.Id) →                       motive (Kant.Dom.Event.validated proofId)                         (Kant.Dom.Event.invalidation proofId_1)) →                     ((proofId : Kant.Dom.Id) →                         motive (Kant.Dom.Event.validated proofId) Kant.Dom.Event.nothing) →                       ((proofId proofId_1 : Kant.Dom.Id) →                           motive (Kant.Dom.Event.reproduced proofId)                             (Kant.Dom.Event.validated proofId_1)) →                         ((a b : Kant.Dom.Id) →                             motive (Kant.Dom.Event.reproduced a) (Kant.Dom.Event.reproduced b)) →                           ((proofId proofId_1 : Kant.Dom.Id) →                               motive (Kant.Dom.Event.reproduced proofId)                                 (Kant.Dom.Event.derivedBy proofId_1)) →                             ((proofId : Kant.Dom.Id) →                                 (who : List Char) →                                   motive (Kant.Dom.Event.reproduced proofId)                                     (Kant.Dom.Event.assertedBy who)) →                               ((proofId : Kant.Dom.Id) →                                   (source : List Char) →                                     motive (Kant.Dom.Event.reproduced proofId)                                       (Kant.Dom.Event.importedFrom source)) →                                 ((proofId : Kant.Dom.Id) →                                     (how : List Char) →                                       motive (Kant.Dom.Event.reproduced proofId)                                         (Kant.Dom.Event.inferredBy how)) →                                   ((proofId proofId_1 : Kant.Dom.Id) →                                       motive (Kant.Dom.Event.reproduced proofId)                                         (Kant.Dom.Event.contradiction proofId_1)) →                                     ((proofId proofId_1 : Kant.Dom.Id) →                                         motive (Kant.Dom.Event.reproduced proofId)                                           (Kant.Dom.Event.invalidation proofId_1)) →                                       ((proofId : Kant.Dom.Id) →                                           motive (Kant.Dom.Event.reproduced proofId)                                             Kant.Dom.Event.nothing) →                                         ((proofId proofId_1 : Kant.Dom.Id) →                                             motive (Kant.Dom.Event.derivedBy proofId)                                               (Kant.Dom.Event.validated proofId_1)) →                                           ((proofId proofId_1 : Kant.Dom.Id) →                                               motive (Kant.Dom.Event.derivedBy proofId)                                                 (Kant.Dom.Event.reproduced proofId_1)) →                                             ((a b : Kant.Dom.Id) →                                                 motive (Kant.Dom.Event.derivedBy a)                                                   (Kant.Dom.Event.derivedBy b)) →                                               ((proofId : Kant.Dom.Id) →                                                   (who : List Char) →                                                     motive (Kant.Dom.Event.derivedBy proofId)                                                       (Kant.Dom.Event.assertedBy who)) →                                                 ((proofId : Kant.Dom.Id) →                                                     (source : List Char) →                                                       motive (Kant.Dom.Event.derivedBy proofId)                                                         (Kant.Dom.Event.importedFrom source)) →                                                   ((proofId : Kant.Dom.Id) →                                                       (how : List Char) →                                                         motive (Kant.Dom.Event.derivedBy proofId)                                                           (Kant.Dom.Event.inferredBy how)) →                                                     ((proofId proofId_1 : Kant.Dom.Id) →                                                         motive (Kant.Dom.Event.derivedBy proofId)                                                           (Kant.Dom.Event.contradiction                                                             proofId_1)) →                                                       ((proofId proofId_1 : Kant.Dom.Id) →                                                           motive (Kant.Dom.Event.derivedBy proofId)                                                             (Kant.Dom.Event.invalidation                                                               proofId_1)) →                                                         ((proofId : Kant.Dom.Id) →                                                             motive                                                               (Kant.Dom.Event.derivedBy proofId)                                                               Kant.Dom.Event.nothing) →                                                           ((who : List Char) →                                                               (proofId : Kant.Dom.Id) →                                                                 motive                                                                   (Kant.Dom.Event.assertedBy who)                                                                   (Kant.Dom.Event.validated                                                                     proofId)) →                                                             ((who : List Char) →                                                                 (proofId : Kant.Dom.Id) →                                                                   motive                                                                     (Kant.Dom.Event.assertedBy who)                                                                     (Kant.Dom.Event.reproduced                                                                       proofId)) →                                                               ((who : List Char) →                                                                   (proofId : Kant.Dom.Id) →                                                                     motive                                                                       (Kant.Dom.Event.assertedBy                                                                         who)                                                                       (Kant.Dom.Event.derivedBy                                                                         proofId)) →                                                                 ((a b : List Char) →                                                                     motive                                                                       (Kant.Dom.Event.assertedBy a)                                                                       (Kant.Dom.Event.assertedBy                                                                         b)) →                                                                   ((who source : List Char) →                                                                       motive                                                                         (Kant.Dom.Event.assertedBy                                                                           who)                                                                         (Kant.Dom.Event.importedFrom                                                                           source)) →                                                                     ((who how : List Char) →                                                                         motive                                                                           (Kant.Dom.Event.assertedBy                                                                             who)                                                                           (Kant.Dom.Event.inferredBy                                                                             how)) →                                                                       ((who : List Char) →                                                                           (proofId : Kant.Dom.Id) →                                                                             motive                                                                               (Kant.Dom.Event.assertedBy                                                                                 who)                                                                               (Kant.Dom.Event.contradiction                                                                                 proofId)) →                                                                         ((who : List Char) →                                                                             (proofId :                                                                                 Kant.Dom.Id) →                                                                               motive                                                                                 (Kant.Dom.Event.assertedBy                                                                                   who)                                                                                 (Kant.Dom.Event.invalidation                                                                                   proofId)) →                                                                           ((who : List Char) →                                                                               motive                                                                                 (Kant.Dom.Event.assertedBy                                                                                   who)                                                                                 Kant.Dom.Event.nothing) →                                                                             ((source : List Char) →                                                                                 (proofId :                                                                                     Kant.Dom.Id) →                                                                                   motive                                                                                     (Kant.Dom.Event.importedFrom                                                                                       source)                                                                                     (Kant.Dom.Event.validated                                                                                       proofId)) →                                                                               ((source :                                                                                     List Char) →                                                                                   (proofId :                                                                                       Kant.Dom.Id) →                                                                                     motive                                                                                       (Kant.Dom.Event.importedFrom                                                                                         source)                                                                                       (Kant.Dom.Event.reproduced                                                                                         proofId)) →                                                                                 ((source :                                                                                       List Char) →                                                                                     (proofId :                                                                                         Kant.Dom.Id) →                                                                                       motive                                                                                         (Kant.Dom.Event.importedFrom                                                                                           source)                                                                                         (Kant.Dom.Event.derivedBy                                                                                           proofId)) →                                                                                   ((source who :                                                                                         List Char) →                                                                                       motive                                                                                         (Kant.Dom.Event.importedFrom                                                                                           source)                                                                                         (Kant.Dom.Event.assertedBy                                                                                           who)) →                                                                                     ((a b :                                                                                           List                                                                                             Char) →                                                                                         motive                                                                                           (Kant.Dom.Event.importedFrom                                                                                             a)                                                                                           (Kant.Dom.Event.importedFrom                                                                                             b)) →                                                                                       ((source how :                                                                                             List                                                                                               Char) →                                                                                           motive                                                                                             (Kant.Dom.Event.importedFrom                                                                                               source)                                                                                             (Kant.Dom.Event.inferredBy                                                                                               how)) →                                                                                         ((source :                                                                                               List                                                                                                 Char) →                                                                                             (proofId :                                                                                                 Kant.Dom.Id) →                                                                                               motive                                                                                                 (Kant.Dom.Event.importedFrom                                                                                                   source)                                                                                                 (Kant.Dom.Event.contradiction                                                                                                   proofId)) →                                                                                           ((source :                                                                                                 List                                                                                                   Char) →                                                                                               (proofId :                                                                                                   Kant.Dom.Id) →                                                                                                 motive                                                                                                   (Kant.Dom.Event.importedFrom                                                                                                     source)                                                                                                   (Kant.Dom.Event.invalidation                                                                                                     proofId)) →                                                                                             ((source :                                                                                                   List                                                                                                     Char) →                                                                                                 motive                                                                                                   (Kant.Dom.Event.importedFrom                                                                                                     source)                                                                                                   Kant.Dom.Event.nothing) →                                                                                               ((how :                                                                                                     List                                                                                                       Char) →                                                                                                   (proofId :                                                                                                       Kant.Dom.Id) →                                                                                                     motive                                                                                                       (Kant.Dom.Event.inferredBy                                                                                                         how)                                                                                                       (Kant.Dom.Event.validated                                                                                                         proofId)) →                                                                                                 ((how :                                                                                                       List                                                                                                         Char) →                                                                                                     (proofId :                                                                                                         Kant.Dom.Id) →                                                                                                       motive                                                                                                         (Kant.Dom.Event.inferredBy                                                                                                           how)                                                                                                         (Kant.Dom.Event.reproduced                                                                                                           proofId)) →                                                                                                   ((how :                                                                                                         List                                                                                                           Char) →                                                                                                       (proofId :                                                                                                           Kant.Dom.Id) →                                                                                                         motive                                                                                                           (Kant.Dom.Event.inferredBy                                                                                                             how)                                                                                                           (Kant.Dom.Event.derivedBy                                                                                                             proofId)) →                                                                                                     ((how                                                                                                           who :                                                                                                           List                                                                                                             Char) →                                                                                                         motive                                                                                                           (Kant.Dom.Event.inferredBy                                                                                                             how)                                                                                                           (Kant.Dom.Event.assertedBy                                                                                                             who)) →                                                                                                       ⋯","L0;","O0;","L0;","L0;","L0;","L0;","L0;","L0;","S23901;(motive : Kant.Dom.Event → Kant.Dom.Event → Sort u_1) →   (x x_1 : Kant.Dom.Event) →     ((a b : Kant.Dom.Id) → motive (Kant.Dom.Event.validated a) (Kant.Dom.Event.validated b)) →       ((proofId proofId_1 : Kant.Dom.Id) →           motive (Kant.Dom.Event.validated proofId) (Kant.Dom.Event.reproduced proofId_1)) →         ((proofId proofId_1 : Kant.Dom.Id) →             motive (Kant.Dom.Event.validated proofId) (Kant.Dom.Event.derivedBy proofId_1)) →           ((proofId : Kant.Dom.Id) →               (who : List Char) →                 motive (Kant.Dom.Event.validated proofId) (Kant.Dom.Event.assertedBy who)) →             ((proofId : Kant.Dom.Id) →                 (source : List Char) →                   motive (Kant.Dom.Event.validated proofId) (Kant.Dom.Event.importedFrom source)) →               ((proofId : Kant.Dom.Id) →                   (how : List Char) →                     motive (Kant.Dom.Event.validated proofId) (Kant.Dom.Event.inferredBy how)) →                 ((proofId proofId_1 : Kant.Dom.Id) →                     motive (Kant.Dom.Event.validated proofId)                       (Kant.Dom.Event.contradiction proofId_1)) →                   ((proofId proofId_1 : Kant.Dom.Id) →                       motive (Kant.Dom.Event.validated proofId)                         (Kant.Dom.Event.invalidation proofId_1)) →                     ((proofId : Kant.Dom.Id) →                         motive (Kant.Dom.Event.validated proofId) Kant.Dom.Event.nothing) →                       ((proofId proofId_1 : Kant.Dom.Id) →                           motive (Kant.Dom.Event.reproduced proofId)                             (Kant.Dom.Event.validated proofId_1)) →                         ((a b : Kant.Dom.Id) →                             motive (Kant.Dom.Event.reproduced a) (Kant.Dom.Event.reproduced b)) →                           ((proofId proofId_1 : Kant.Dom.Id) →                               motive (Kant.Dom.Event.reproduced proofId)                                 (Kant.Dom.Event.derivedBy proofId_1)) →                             ((proofId : Kant.Dom.Id) →                                 (who : List Char) →                                   motive (Kant.Dom.Event.reproduced proofId)                                     (Kant.Dom.Event.assertedBy who)) →                               ((proofId : Kant.Dom.Id) →                                   (source : List Char) →                                     motive (Kant.Dom.Event.reproduced proofId)                                       (Kant.Dom.Event.importedFrom source)) →                                 ((proofId : Kant.Dom.Id) →                                     (how : List Char) →                                       motive (Kant.Dom.Event.reproduced proofId)                                         (Kant.Dom.Event.inferredBy how)) →                                   ((proofId proofId_1 : Kant.Dom.Id) →                                       motive (Kant.Dom.Event.reproduced proofId)                                         (Kant.Dom.Event.contradiction proofId_1)) →                                     ((proofId proofId_1 : Kant.Dom.Id) →                                         motive (Kant.Dom.Event.reproduced proofId)                                           (Kant.Dom.Event.invalidation proofId_1)) →                                       ((proofId : Kant.Dom.Id) →                                           motive (Kant.Dom.Event.reproduced proofId)                                             Kant.Dom.Event.nothing) →                                         ((proofId proofId_1 : Kant.Dom.Id) →                                             motive (Kant.Dom.Event.derivedBy proofId)                                               (Kant.Dom.Event.validated proofId_1)) →                                           ((proofId proofId_1 : Kant.Dom.Id) →                                               motive (Kant.Dom.Event.derivedBy proofId)                                                 (Kant.Dom.Event.reproduced proofId_1)) →                                             ((a b : Kant.Dom.Id) →                                                 motive (Kant.Dom.Event.derivedBy a)                                                   (Kant.Dom.Event.derivedBy b)) →                                               ((proofId : Kant.Dom.Id) →                                                   (who : List Char) →                                                     motive (Kant.Dom.Event.derivedBy proofId)                                                       (Kant.Dom.Event.assertedBy who)) →                                                 ((proofId : Kant.Dom.Id) →                                                     (source : List Char) →                                                       motive (Kant.Dom.Event.derivedBy proofId)                                                         (Kant.Dom.Event.importedFrom source)) →                                                   ((proofId : Kant.Dom.Id) →                                                       (how : List Char) →                                                         motive (Kant.Dom.Event.derivedBy proofId)                                                           (Kant.Dom.Event.inferredBy how)) →                                                     ((proofId proofId_1 : Kant.Dom.Id) →                                                         motive (Kant.Dom.Event.derivedBy proofId)                                                           (Kant.Dom.Event.contradiction                                                             proofId_1)) →                                                       ((proofId proofId_1 : Kant.Dom.Id) →                                                           motive (Kant.Dom.Event.derivedBy proofId)                                                             (Kant.Dom.Event.invalidation                                                               proofId_1)) →                                                         ((proofId : Kant.Dom.Id) →                                                             motive                                                               (Kant.Dom.Event.derivedBy proofId)                                                               Kant.Dom.Event.nothing) →                                                           ((who : List Char) →                                                               (proofId : Kant.Dom.Id) →                                                                 motive                                                                   (Kant.Dom.Event.assertedBy who)                                                                   (Kant.Dom.Event.validated                                                                     proofId)) →                                                             ((who : List Char) →                                                                 (proofId : Kant.Dom.Id) →                                                                   motive                                                                     (Kant.Dom.Event.assertedBy who)                                                                     (Kant.Dom.Event.reproduced                                                                       proofId)) →                                                               ((who : List Char) →                                                                   (proofId : Kant.Dom.Id) →                                                                     motive                                                                       (Kant.Dom.Event.assertedBy                                                                         who)                                                                       (Kant.Dom.Event.derivedBy                                                                         proofId)) →                                                                 ((a b : List Char) →                                                                     motive                                                                       (Kant.Dom.Event.assertedBy a)                                                                       (Kant.Dom.Event.assertedBy                                                                         b)) →                                                                   ((who source : List Char) →                                                                       motive                                                                         (Kant.Dom.Event.assertedBy                                                                           who)                                                                         (Kant.Dom.Event.importedFrom                                                                           source)) →                                                                     ((who how : List Char) →                                                                         motive                                                                           (Kant.Dom.Event.assertedBy                                                                             who)                                                                           (Kant.Dom.Event.inferredBy                                                                             how)) →                                                                       ((who : List Char) →                                                                           (proofId : Kant.Dom.Id) →                                                                             motive                                                                               (Kant.Dom.Event.assertedBy                                                                                 who)                                                                               (Kant.Dom.Event.contradiction                                                                                 proofId)) →                                                                         ((who : List Char) →                                                                             (proofId :                                                                                 Kant.Dom.Id) →                                                                               motive                                                                                 (Kant.Dom.Event.assertedBy                                                                                   who)                                                                                 (Kant.Dom.Event.invalidation                                                                                   proofId)) →                                                                           ((who : List Char) →                                                                               motive                                                                                 (Kant.Dom.Event.assertedBy                                                                                   who)                                                                                 Kant.Dom.Event.nothing) →                                                                             ((source : List Char) →                                                                                 (proofId :                                                                                     Kant.Dom.Id) →                                                                                   motive                                                                                     (Kant.Dom.Event.importedFrom                                                                                       source)                                                                                     (Kant.Dom.Event.validated                                                                                       proofId)) →                                                                               ((source :                                                                                     List Char) →                                                                                   (proofId :                                                                                       Kant.Dom.Id) →                                                                                     motive                                                                                       (Kant.Dom.Event.importedFrom                                                                                         source)                                                                                       (Kant.Dom.Event.reproduced                                                                                         proofId)) →                                                                                 ((source :                                                                                       List Char) →                                                                                     (proofId :                                                                                         Kant.Dom.Id) →                                                                                       motive                                                                                         (Kant.Dom.Event.importedFrom                                                                                           source)                                                                                         (Kant.Dom.Event.derivedBy                                                                                           proofId)) →                                                                                   ((source who :                                                                                         List Char) →                                                                                       motive                                                                                         (Kant.Dom.Event.importedFrom                                                                                           source)                                                                                         (Kant.Dom.Event.assertedBy                                                                                           who)) →                                                                                     ((a b :                                                                                           List                                                                                             Char) →                                                                                         motive                                                                                           (Kant.Dom.Event.importedFrom                                                                                             a)                                                                                           (Kant.Dom.Event.importedFrom                                                                                             b)) →                                                                                       ((source how :                                                                                             List                                                                                               Char) →                                                                                           motive                                                                                             (Kant.Dom.Event.importedFrom                                                                                               source)                                                                                             (Kant.Dom.Event.inferredBy                                                                                               how)) →                                                                                         ((source :                                                                                               List                                                                                                 Char) →                                                                                             (proofId :                                                                                                 Kant.Dom.Id) →                                                                                               motive                                                                                                 (Kant.Dom.Event.importedFrom                                                                                                   source)                                                                                                 (Kant.Dom.Event.contradiction                                                                                                   proofId)) →                                                                                           ((source :                                                                                                 List                                                                                                   Char) →                                                                                               (proofId :                                                                                                   Kant.Dom.Id) →                                                                                                 motive                                                                                                   (Kant.Dom.Event.importedFrom                                                                                                     source)                                                                                                   (Kant.Dom.Event.invalidation                                                                                                     proofId)) →                                                                                             ((source :                                                                                                   List                                                                                                     Char) →                                                                                                 motive                                                                                                   (Kant.Dom.Event.importedFrom                                                                                                     source)                                                                                                   Kant.Dom.Event.nothing) →                                                                                               ((how :                                                                                                     List                                                                                                       Char) →                                                                                                   (proofId :                                                                                                       Kant.Dom.Id) →                                                                                                     motive                                                                                                       (Kant.Dom.Event.inferredBy                                                                                                         how)                                                                                                       (Kant.Dom.Event.validated                                                                                                         proofId)) →                                                                                                 ((how :                                                                                                       List                                                                                                         Char) →                                                                                                     (proofId :                                                                                                         Kant.Dom.Id) →                                                                                                       motive                                                                                                         (Kant.Dom.Event.inferredBy                                                                                                           how)                                                                                                         (Kant.Dom.Event.reproduced                                                                                                           proofId)) →                                                                                                   ((how :                                                                                                         List                                                                                                           Char) →                                                                                                       (proofId :                                                                                                           Kant.Dom.Id) →                                                                                                         motive                                                                                                           (Kant.Dom.Event.inferredBy                                                                                                             how)                                                                                                           (Kant.Dom.Event.derivedBy                                                                                                             proofId)) →                                                                                                     ((how                                                                                                           who :                                                                                                           List                                                                                                             Char) →                                                                                                         motive                                                                                                           (Kant.Dom.Event.inferredBy                                                                                                             how)                                                                                                           (Kant.Dom.Event.assertedBy                                                                                                             who)) →                                                                                                       ⋯","O7;13;source_systemS5;lean411;source_fileS38;RequestProject/Kant/Domain/Policy.lean13;source_formatS4;text11;imported_atI+0;14;transformed_atI+0;15;transformationsL0;13;parent_objectS0;","57db1402d55f977aa956a13832bf2bbd440b4cca185246bcc87e6d63710d1aaf"
"obj.Kant.Codec.MinProfile.outputs","def","Kant.Codec.MinProfile.outputs","ASSERTED","Kant.Codec.MinProfile → List Kant.Codec.Outp","L1;S25;obj.Kant.Codec.MinProfile","O0;","L0;","L0;","L0;","L0;","L0;","L0;","S44;Kant.Codec.MinProfile → List Kant.Codec.Outp","O7;13;source_systemS5;lean411;source_fileS36;RequestProject/Kant/Codec/Model.lean13;source_formatS4;text11;imported_atI+0;14;transformed_atI+569;15;transformationsL0;13;parent_objectS0;","77e16f3771285f48eff0dba382a03903d637341b8ec681d68fbb4a1b05fc9d31"
"obj.Kant.Codec.Val.brecOn_1","def","Kant.Codec.Val.brecOn_1","ASSERTED","{motive_1 : Kant.Codec.Val → Sort u} →   {motive_2 : List Kant.Codec.Val → Sort u} →     {motive_3 : List (Prod (List Char) Kant.Codec.Val) → Sort u} →       {motive_4 : Prod (List Char) Kant.Codec.Val → Sort u} →         (t : List Kant.Codec.Val) →           ((t : Kant.Codec.Val) → t.below → motive_1 t) →             ((t : List Kant.Codec.Val) → Kant.Codec.Val.below_1 t → motive_2 t) →               ((t : List (Prod (List Char) Kant.Codec.Val)) →                   Kant.Codec.Val.below_2 t → motive_3 t) →                 ((t : Prod (List Char) Kant.Codec.Val) → Kant.Codec.Val.below_3 t → motive_4 t) →                   motive_2 t","L0;","O0;","L0;","L0;","L0;","L0;","L0;","L0;","S637;{motive_1 : Kant.Codec.Val → Sort u} →   {motive_2 : List Kant.Codec.Val → Sort u} →     {motive_3 : List (Prod (List Char) Kant.Codec.Val) → Sort u} →       {motive_4 : Prod (List Char) Kant.Codec.Val → Sort u} →         (t : List Kant.Codec.Val) →           ((t : Kant.Codec.Val) → t.below → motive_1 t) →             ((t : List Kant.Codec.Val) → Kant.Codec.Val.below_1 t → motive_2 t) →               ((t : List (Prod (List Char) Kant.Codec.Val)) →                   Kant.Codec.Val.below_2 t → motive_3 t) →                 ((t : Prod (List Char) Kant.Codec.Val) → Kant.Codec.Val.below_3 t → motive_4 t) →                   motive_2 t","O7;13;source_systemS5;lean411;source_fileS34;RequestProject/Kant/Codec/Val.lean13;source_formatS4;text11;imported_atI+0;14;transformed_atI+34;15;transformationsL0;13;parent_objectS0;","571c326c66bbd754013df3f8143c8bef80ca69f923033d623b2c15af2aff1c4d"
"obj.Kant.Repost.toQuote.match_4","def","Kant.Repost.toQuote.match_4","ASSERTED","(motive : List Kant.Bytes.Blob → Sort u_1) →   (x : List Kant.Bytes.Blob) →     ((c o : Kant.Bytes.Blob) → motive (List.cons c (List.cons o List.nil))) →       ((x : List Kant.Bytes.Blob) → motive x) → motive x","L0;","O0;","L0;","L0;","L0;","L0;","L0;","L0;","S210;(motive : List Kant.Bytes.Blob → Sort u_1) →   (x : List Kant.Bytes.Blob) →     ((c o : Kant.Bytes.Blob) → motive (List.cons c (List.cons o List.nil))) →       ((x : List Kant.Bytes.Blob) → motive x) → motive x","O7;13;source_systemS5;lean411;source_fileS31;RequestProject/Kant/Repost.lean13;source_formatS4;text11;imported_atI+0;14;transformed_atI+0;15;transformationsL0;13;parent_objectS0;","fa05bf8ecfafb15c52ac27b15f29c8976140902c6d2835f2aa304e590d8c3a3d"
"obj.Kant.Codec.Severity.ctorElim","def","Kant.Codec.Severity.ctorElim","ASSERTED","{motive : Kant.Codec.Severity → Sort u} →   (ctorIdx : Nat) →     (t : Kant.Codec.Severity) →       Eq ctorIdx t.ctorIdx → Kant.Codec.Severity.ctorElimType ctorIdx → motive t","L0;","O0;","L0;","L0;","L0;","L0;","L0;","L0;","S174;{motive : Kant.Codec.Severity → Sort u} →   (ctorIdx : Nat) →     (t : Kant.Codec.Severity) →       Eq ctorIdx t.ctorIdx → Kant.Codec.Severity.ctorElimType ctorIdx → motive t","O7;13;source_systemS5;lean411;source_fileS36;RequestProject/Kant/Codec/Model.lean13;source_formatS4;text11;imported_atI+0;14;transformed_atI+46;15;transformationsL0;13;parent_objectS0;","2838e911af9bfce03ad1de973374528325007628aacaf7668edf00c9b37313e9"
"obj.Kant.Clipboard.Envelope.encode.eq_1","theorem","Kant.Clipboard.Envelope.encode.eq_1","PROVEN","∀ (e : Kant.Clipboard.Envelope),   Eq e.encode (Kant.Text.joinFields (List.map Kant.Bytes.hexEncode (List.cons e.tag e.fields)))","L0;","O0;","L0;","L0;","L1;S41;claim.Kant.Clipboard.Envelope.encode.eq_1","L0;","L1;S41;proof.Kant.Clipboard.Envelope.encode.eq_1","L0;","S128;∀ (e : Kant.Clipboard.Envelope),   Eq e.encode (Kant.Text.joinFields (List.map Kant.Bytes.hexEncode (List.cons e.tag e.fields)))","O7;13;source_systemS5;lean411;source_fileS35;RequestProject/Kant/Rendezvous.lean13;source_formatS4;text11;imported_atI+0;14;transformed_atI+0;15;transformationsL0;13;parent_objectS0;","3e67142bc03b9dcfe2502ab7c7d0394c0751da46667d6bbdecd2770d11509cea"
"obj.Kant.Join.isCodeChar_ne_hash","theorem","Kant.Join.isCodeChar_ne_hash","PROVEN","∀ {c : Char}, Eq (Kant.Join.isCodeChar c) Bool.true → Ne c Kant.Clipboard.hash","L0;","O0;","L0;","L0;","L1;S34;claim.Kant.Join.isCodeChar_ne_hash","L0;","L1;S34;proof.Kant.Join.isCodeChar_ne_hash","L0;","S78;∀ {c : Char}, Eq (Kant.Join.isCodeChar c) Bool.true → Ne c Kant.Clipboard.hash","O7;13;source_systemS5;lean411;source_fileS29;RequestProject/Kant/Join.lean13;source_formatS4;text11;imported_atI+0;14;transformed_atI+66;15;transformationsL0;13;parent_objectS0;","f56f1f5427c1d2bc7e24b957009eb11f5442e547697d3b5a141155e6ea9181dd"
"obj.Kant.Wasm.Expr.var.injEq","theorem","Kant.Wasm.Expr.var.injEq","PROVEN","∀ (i i_1 : Nat), Eq (Eq (Kant.Wasm.Expr.var i) (Kant.Wasm.Expr.var i_1)) (Eq i i_1)","L0;","O0;","L0;","L0;","L1;S30;claim.Kant.Wasm.Expr.var.injEq","L0;","L1;S30;proof.Kant.Wasm.Expr.var.injEq","L0;","S83;∀ (i i_1 : Nat), Eq (Eq (Kant.Wasm.Expr.var i) (Kant.Wasm.Expr.var i_1)) (Eq i i_1)","O7;13;source_systemS5;lean411;source_fileS31;RequestProject/Wasm/Syntax.lean13;source_formatS4;text11;imported_atI+0;14;transformed_atI+0;15;transformationsL0;13;parent_objectS0;","7d88cdea17837be7fbb8fd7c5c1c82ec0d637b460d0b9b4590d8b42479a446da"
"obj.Kant.Store.empty.eq_1","theorem","Kant.Store.empty.eq_1","PROVEN","Eq Kant.Store.empty { entries := List.nil }","L0;","O0;","L0;","L0;","L1;S27;claim.Kant.Store.empty.eq_1","L0;","L1;S27;proof.Kant.Store.empty.eq_1","L0;","S43;Eq Kant.Store.empty { entries := List.nil }","O7;13;source_systemS5;lean411;source_fileS29;RequestProject/Kant/Sync.lean13;source_formatS4;text11;imported_atI+0;14;transformed_atI+0;15;transformationsL0;13;parent_objectS0;","90873337b903c4c201ee3489c06685d5ed4b4f090407a51cfbfacf053eb8da2f"
"obj.Kant.Dom.Rel.ofName_name","theorem","Kant.Dom.Rel.ofName_name","PROVEN","∀ (r : Kant.Dom.Rel), Eq (Kant.Dom.Rel.ofName r.name) (Option.some r)","L1;S24;obj.Kant.Dom.Rel.casesOn","O0;","L0;","L0;","L1;S30;claim.Kant.Dom.Rel.ofName_name","L0;","L1;S30;proof.Kant.Dom.Rel.ofName_name","L0;","S69;∀ (r : Kant.Dom.Rel), Eq (Kant.Dom.Rel.ofName r.name) (Option.some r)","O7;13;source_systemS5;lean411;source_fileS37;RequestProject/Kant/Domain/Model.lean13;source_formatS4;text11;imported_atI+0;14;transformed_atI+195;15;transformationsL0;13;parent_objectS0;","8cc095882953fab0f9ad02e6877328cb7cbde9ce36d20446dd00052b34977591"
"obj.Kant.Codec.Envelope.noConfusion","def","Kant.Codec.Envelope.noConfusion","ASSERTED","{P : Sort u} → {t t' : Kant.Codec.Envelope} → Eq t t' → Kant.Codec.Envelope.noConfusionType P t t'","L1;S31;obj.Kant.Codec.Envelope.casesOn","O0;","L0;","L0;","L0;","L0;","L0;","L0;","S98;{P : Sort u} → {t t' : Kant.Codec.Envelope} → Eq t t' → Kant.Codec.Envelope.noConfusionType P t t'","O7;13;source_systemS5;lean411;source_fileS39;RequestProject/Kant/Codec/Exchange.lean13;source_formatS4;text11;imported_atI+0;14;transformed_atI+107;15;transformationsL0;13;parent_objectS0;","fc4288cc0987eb32f3721bdea396a04d29fc96990c81831cdf05fc0cf850e8d7"
"obj.Kant.Sync.instReprFeed.repr","def","Kant.Sync.instReprFeed.repr","ASSERTED","Kant.Sync.Feed → Nat → Std.Format","L2;S18;obj.Kant.Sync.FeedS22;obj.Kant.instReprPaste","O0;","L0;","L0;","L0;","L0;","L0;","L0;","S33;Kant.Sync.Feed → Nat → Std.Format","O7;13;source_systemS5;lean411;source_fileS29;RequestProject/Kant/Sync.lean13;source_formatS4;text11;imported_atI+0;14;transformed_atI+45;15;transformationsL0;13;parent_objectS0;","bd454d7706e1bffa4013b592ec1a635de242b7c4509219d4ae10762c627d4cd7"
"obj.Kant.Wasm.Expr.bin.elim","def","Kant.Wasm.Expr.bin.elim","ASSERTED","{motive : Kant.Wasm.Expr → Sort u} →   (t : Kant.Wasm.Expr) →     Eq t.ctorIdx 2 →       ((op : Kant.Wasm.BinOp) → (a b : Kant.Wasm.Expr) → motive (Kant.Wasm.Expr.bin op a b)) →         motive t","L0;","O0;","L0;","L0;","L0;","L0;","L0;","L0;","S194;{motive : Kant.Wasm.Expr → Sort u} →   (t : Kant.Wasm.Expr) →     Eq t.ctorIdx 2 →       ((op : Kant.Wasm.BinOp) → (a b : Kant.Wasm.Expr) → motive (Kant.Wasm.Expr.bin op a b)) →         motive t","O7;13;source_systemS5;lean411;source_fileS31;RequestProject/Wasm/Syntax.lean13;source_formatS4;text11;imported_atI+0;14;transformed_atI+55;15;transformationsL0;13;parent_objectS0;","9b3e14e8dae0827f2af1e95174b15fa4ecc4bc631a55973dc4d467c82ee4d2e2"
"obj.Kant.Feed.mentions.eq_1","theorem","Kant.Feed.mentions.eq_1","PROVEN","∀ (q : List Char) (p : Kant.Paste),   Eq (Kant.Feed.mentions q p)     ((Kant.Text.containsSub q p.title).or       (Kant.Text.containsSub q (Kant.Text.asciiChars p.content)))","L0;","O0;","L0;","L0;","L1;S29;claim.Kant.Feed.mentions.eq_1","L0;","L1;S29;proof.Kant.Feed.mentions.eq_1","L0;","S173;∀ (q : List Char) (p : Kant.Paste),   Eq (Kant.Feed.mentions q p)     ((Kant.Text.containsSub q p.title).or       (Kant.Text.containsSub q (Kant.Text.asciiChars p.content)))","O7;13;source_systemS5;lean411;source_fileS29;RequestProject/Kant/Feed.lean13;source_formatS4;text11;imported_atI+0;14;transformed_atI+0;15;transformationsL0;13;parent_objectS0;","5d05891f3f3e08ad5a9de3cc364625820037f0487f3905cf41f477f15e2c9994"
"obj.Kant.Dasl.dual47_inverse","theorem","Kant.Dasl.dual47_inverse","PROVEN","∀ {o : Kant.Dasl.Orbifold},   o.valid →     ∀ {k : Nat},       instLENat.le k 47 → Eq (Kant.Dasl.dual47 (Kant.Dasl.dual47 o k) (instHSub.hSub 47 k)) o","L0;","O0;","L0;","L0;","L1;S30;claim.Kant.Dasl.dual47_inverse","L0;","L1;S30;proof.Kant.Dasl.dual47_inverse","L0;","S150;∀ {o : Kant.Dasl.Orbifold},   o.valid →     ∀ {k : Nat},       instLENat.le k 47 → Eq (Kant.Dasl.dual47 (Kant.Dasl.dual47 o k) (instHSub.hSub 47 k)) o","O7;13;source_systemS5;lean411;source_fileS29;RequestProject/Kant/Dasl.lean13;source_formatS4;text11;imported_atI+0;14;transformed_atI+284;15;transformationsL0;13;parent_objectS0;","7d2f16580d7769bf17259bd2799a3b7c8dbe915ff1726d45f40cb334c6d91942"
"obj.Kant.Dom.PStatus.unknown.elim","def","Kant.Dom.PStatus.unknown.elim","ASSERTED","{motive : Kant.Dom.PStatus → Sort u} →   (t : Kant.Dom.PStatus) → Eq t.ctorIdx 4 → motive Kant.Dom.PStatus.unknown → motive t","L0;","O0;","L0;","L0;","L0;","L0;","L0;","L0;","S125;{motive : Kant.Dom.PStatus → Sort u} →   (t : Kant.Dom.PStatus) → Eq t.ctorIdx 4 → motive Kant.Dom.PStatus.unknown → motive t","O7;13;source_systemS5;lean411;source_fileS37;RequestProject/Kant/Domain/Model.lean13;source_formatS4;text11;imported_atI+0;14;transformed_atI+56;15;transformationsL0;13;parent_objectS0;","52b59ffcf7d56566eec38b77d3e4ddb9a74ea19e5360a498119e611a08ca684b"
"obj.Kant.Dom.Relation.recOn","def","Kant.Dom.Relation.recOn","ASSERTED","{motive : Kant.Dom.Relation → Sort u} →   (t : Kant.Dom.Relation) →     ((source : Kant.Dom.Id) →         (kind : Kant.Dom.Rel) →           (target : Kant.Dom.Id) → motive { source := source, kind := kind, target := target }) →       motive t","L0;","O0;","L0;","L0;","L0;","L0;","L0;","L0;","S242;{motive : Kant.Dom.Relation → Sort u} →   (t : Kant.Dom.Relation) →     ((source : Kant.Dom.Id) →         (kind : Kant.Dom.Rel) →           (target : Kant.Dom.Id) → motive { source := source, kind := kind, target := target }) →       motive t","O7;13;source_systemS5;lean411;source_fileS37;RequestProject/Kant/Domain/Model.lean13;source_formatS4;text11;imported_atI+0;14;transformed_atI+501;15;transformationsL0;13;parent_objectS0;","45a0c45429975752831d7352fabaeeed289b2d2e27b506240c59c087753c52bf"
"obj.Kant.SiteCard.lookupKey.eq_2","theorem","Kant.SiteCard.lookupKey.eq_2","PROVEN","∀ (k k' v : List Char) (rest : List (Prod (List Char) (List Char))),   Eq (Kant.SiteCard.lookupKey k (List.cons { fst := k', snd := v } rest))     (ite (Eq k' k) (Option.some v) (Kant.SiteCard.lookupKey k rest))","L0;","O0;","L0;","L0;","L1;S34;claim.Kant.SiteCard.lookupKey.eq_2","L0;","L1;S34;proof.Kant.SiteCard.lookupKey.eq_2","L0;","S211;∀ (k k' v : List Char) (rest : List (Prod (List Char) (List Char))),   Eq (Kant.SiteCard.lookupKey k (List.cons { fst := k', snd := v } rest))     (ite (Eq k' k) (Option.some v) (Kant.SiteCard.lookupKey k rest))","O7;13;source_systemS5;lean411;source_fileS33;RequestProject/Kant/SiteCard.lean13;source_formatS4;text11;imported_atI+0;14;transformed_atI+0;15;transformationsL0;13;parent_objectS0;","c9d7f32efde7bf1ec5d6fe65a57cf0c1711b38f75e25bf88adf879fd8d3d967b"
"obj.Kant.Dom.no_undeclared_loss","theorem","Kant.Dom.no_undeclared_loss","PROVEN","∀ (d : Kant.Dom.Domain) (f : Kant.Codec.Fmt),   List.instMembership.mem Kant.Dom.allFormats f →     Eq (Kant.Dom.parse f (Kant.Dom.emit f d)) (Option.some d)","L1;S18;obj.Kant.Dom.parse","O0;","L0;","L0;","L1;S33;claim.Kant.Dom.no_undeclared_loss","L0;","L1;S33;proof.Kant.Dom.no_undeclared_loss","L0;","S157;∀ (d : Kant.Dom.Domain) (f : Kant.Codec.Fmt),   List.instMembership.mem Kant.Dom.allFormats f →     Eq (Kant.Dom.parse f (Kant.Dom.emit f d)) (Option.some d)","O7;13;source_systemS5;lean411;source_fileS36;RequestProject/Kant/Domain/Emit.lean13;source_formatS4;text11;imported_atI+0;14;transformed_atI+295;15;transformationsL0;13;parent_objectS0;","2ed4c4634cee0be6984149f9d5052c09c6fe97ff9f037a385d28a2bebf83e62b"
"obj.Kant.Dom.Event.importedFrom.inj","theorem","Kant.Dom.Event.importedFrom.inj","PROVEN","∀ {source source_1 : List Char},   Eq (Kant.Dom.Event.importedFrom source) (Kant.Dom.Event.importedFrom source_1) →     Eq source source_1","L0;","O0;","L0;","L0;","L1;S37;claim.Kant.Dom.Event.importedFrom.inj","L0;","L1;S37;proof.Kant.Dom.Event.importedFrom.inj","L0;","S138;∀ {source source_1 : List Char},   Eq (Kant.Dom.Event.importedFrom source) (Kant.Dom.Event.importedFrom source_1) →     Eq source source_1","O7;13;source_systemS5;lean411;source_fileS38;RequestProject/Kant/Domain/Policy.lean13;source_formatS4;text11;imported_atI+0;14;transformed_atI+0;15;transformationsL0;13;parent_objectS0;","5435066a7a36aabacc4ac1d8b1ee631d5fbc5fa46d9b3e74aa29305d21937057"
"obj.Kant.Demo.demoAlice","def","Kant.Demo.demoAlice","ASSERTED","Kant.Uucp.Node","L0;","O0;","L0;","L0;","L0;","L0;","L0;","L0;","S14;Kant.Uucp.Node","O7;13;source_systemS5;lean411;source_fileS29;RequestProject/Kant/Demo.lean13;source_formatS4;text11;imported_atI+0;14;transformed_atI+416;15;transformationsL0;13;parent_objectS0;","18d0c67c1bae9c1039e2d9af417726a353058be5c0fdab36662e311f869261c9"
"obj.Kant.Dom.Schema.id","def","Kant.Dom.Schema.id","ASSERTED","Kant.Dom.Schema → Kant.Dom.Id","L0;","O0;","L0;","L0;","L0;","L0;","L0;","L0;","S29;Kant.Dom.Schema → Kant.Dom.Id","O7;13;source_systemS5;lean411;source_fileS37;RequestProject/Kant/Domain/Model.lean13;source_formatS4;text11;imported_atI+0;14;transformed_atI+532;15;transformationsL0;13;parent_objectS0;","da198efd873fc67569337684332b323acf5712936254c67f631c3fd05f83d7d4"
"obj.Kant.Codec.yamlEncList.eq_def","theorem","Kant.Codec.yamlEncList.eq_def","PROVEN","∀ (x : List Kant.Codec.Val),   Eq (Kant.Codec.yamlEncList x)     (Kant.Codec.yamlEncList.match_1 (fun x => List Char) x (fun _ => List.nil)       (fun v => Kant.Codec.yamlEnc v) fun v vs =>       instHAppendOfAppend.hAppend (Kant.Codec.yamlEnc v)         (List.cons ',' (List.cons ' ' (Kant.Codec.yamlEncList vs))))","L1;S27;obj.Kant.Codec.Val.brecOn_1","O0;","L0;","L0;","L1;S35;claim.Kant.Codec.yamlEncList.eq_def","L0;","L1;S35;proof.Kant.Codec.yamlEncList.eq_def","L0;","S315;∀ (x : List Kant.Codec.Val),   Eq (Kant.Codec.yamlEncList x)     (Kant.Codec.yamlEncList.match_1 (fun x => List Char) x (fun _ => List.nil)       (fun v => Kant.Codec.yamlEnc v) fun v vs =>       instHAppendOfAppend.hAppend (Kant.Codec.yamlEnc v)         (List.cons ',' (List.cons ' ' (Kant.Codec.yamlEncList vs))))","O7;13;source_systemS5;lean411;source_fileS35;RequestProject/Kant/Codec/Yaml.lean13;source_formatS4;text11;imported_atI+0;14;transformed_atI+0;15;transformationsL0;13;parent_objectS0;","d6dfe23b072859e04bb3ac697e3c810b13643a7b4c6b2c0e1deed23fcd4eeb79"
"obj.Kant.Dasl.monsterPrimes.eq_1","theorem","Kant.Dasl.monsterPrimes.eq_1","PROVEN","Eq Kant.Dasl.monsterPrimes   (List.cons 2     (List.cons 3       (List.cons 5         (List.cons 7           (List.cons 11             (List.cons 13               (List.cons 17                 (List.cons 19                   (List.cons 23                     (List.cons 29                       (List.cons 31                         (List.cons 41                           (List.cons 47 (List.cons 59 (List.cons 71 List.nil)))))))))))))))","L0;","O0;","L0;","L0;","L1;S34;claim.Kant.Dasl.monsterPrimes.eq_1","L0;","L1;S34;proof.Kant.Dasl.monsterPrimes.eq_1","L0;","S438;Eq Kant.Dasl.monsterPrimes   (List.cons 2     (List.cons 3       (List.cons 5         (List.cons 7           (List.cons 11             (List.cons 13               (List.cons 17                 (List.cons 19                   (List.cons 23                     (List.cons 29                       (List.cons 31                         (List.cons 41                           (List.cons 47 (List.cons 59 (List.cons 71 List.nil)))))))))))))))","O7;13;source_systemS5;lean411;source_fileS30;RequestProject/Kant/Sheaf.lean13;source_formatS4;text11;imported_atI+0;14;transformed_atI+0;15;transformationsL0;13;parent_objectS0;","1a8d7683d862fd1d5bb3c0b7713c28ba75c97fa0c3dc6c57c567a1a9147a3574"
"obj.Kant.Codec.resolved.eq_1","theorem","Kant.Codec.resolved.eq_1","PROVEN","∀ (s : Kant.Codec.Strategy) (a b : Kant.Codec.Obj),   Eq (Kant.Codec.resolved s a b)     (Option.map       (fun o =>         { id := o.id, version := o.version, kind := o.kind, inputs := o.inputs,           assumptions := o.assumptions, parameters := o.parameters, procedure := o.procedure,           intermediate := o.intermediate, outputs := o.outputs, claims := o.claims,           certificates := o.certificates, errors := o.errors, warnings := o.warnings,           provenance := Option.some (Kant.Codec.resolutionProv s a b o), metadata := o.metadata,           sourceFormat := o.sourceFormat, sourceData := o.sourceData, status := o.status,           extensions := o.extensions })       (Kant.Codec.resolve s a b))","L1;S27;obj.Kant.Codec.Obj.metadata","O0;","L0;","L0;","L1;S30;claim.Kant.Codec.resolved.eq_1","L0;","L1;S30;proof.Kant.Codec.resolved.eq_1","L0;","S721;∀ (s : Kant.Codec.Strategy) (a b : Kant.Codec.Obj),   Eq (Kant.Codec.resolved s a b)     (Option.map       (fun o =>         { id := o.id, version := o.version, kind := o.kind, inputs := o.inputs,           assumptions := o.assumptions, parameters := o.parameters, procedure := o.procedure,           intermediate := o.intermediate, outputs := o.outputs, claims := o.claims,           certificates := o.certificates, errors := o.errors, warnings := o.warnings,           provenance := Option.some (Kant.Codec.resolutionProv s a b o), metadata := o.metadata,           sourceFormat := o.sourceFormat, sourceData := o.sourceData, status := o.status,           extensions := o.extensions })       (Kant.Codec.resolve s a b))","O7;13;source_systemS5;lean411;source_fileS40;RequestProject/Kant/Codec/Reconcile.lean13;source_formatS4;text11;imported_atI+0;14;transformed_atI+0;15;transformationsL0;13;parent_objectS0;","1bdabf4d9cbfcc8a98a3198689097b35ec2f7e19b736d4842df18be8a7fdab3f"
"obj.Kant.Cli.instReprMethod.repr","def","Kant.Cli.instReprMethod.repr","ASSERTED","Kant.Cli.Method → Nat → Std.Format","L0;","O0;","L0;","L0;","L0;","L0;","L0;","L0;","S34;Kant.Cli.Method → Nat → Std.Format","O7;13;source_systemS5;lean411;source_fileS28;RequestProject/Kant/Cli.lean13;source_formatS4;text11;imported_atI+0;14;transformed_atI+148;15;transformationsL0;13;parent_objectS0;","d9549e76bc0d6f306b0058df4d6405a3db8ab4feb57dde66ec28b21549985fd9"
"obj.Kant.Wasm.BinOp.apply.eq_6","theorem","Kant.Wasm.BinOp.apply.eq_6","PROVEN","∀ (x x_1 : UInt64), Eq (Kant.Wasm.BinOp.and.apply x x_1) (Option.some (instHAndOfAndOp.hAnd x x_1))","L0;","O0;","L0;","L0;","L1;S32;claim.Kant.Wasm.BinOp.apply.eq_6","L0;","L1;S32;proof.Kant.Wasm.BinOp.apply.eq_6","L0;","S99;∀ (x x_1 : UInt64), Eq (Kant.Wasm.BinOp.and.apply x x_1) (Option.some (instHAndOfAndOp.hAnd x x_1))","O7;13;source_systemS5;lean411;source_fileS34;RequestProject/Wasm/Semantics.lean13;source_formatS4;text11;imported_atI+0;14;transformed_atI+0;15;transformationsL0;13;parent_objectS0;","8fba9401163c0839300948802b319c766e83c85b81df2f1b87a0cc5fb7266458"
"obj.Kant.Wasm.instReprBinOp.repr","def","Kant.Wasm.instReprBinOp.repr","ASSERTED","Kant.Wasm.BinOp → Nat → Std.Format","L0;","O0;","L0;","L0;","L0;","L0;","L0;","L0;","S34;Kant.Wasm.BinOp → Nat → Std.Format","O7;13;source_systemS5;lean411;source_fileS31;RequestProject/Wasm/Syntax.lean13;source_formatS4;text11;imported_atI+0;14;transformed_atI+28;15;transformationsL0;13;parent_objectS0;","7d360e1f7fb7f93084b175ff3b1db7d3c7984b8ff2bc5ff6226ef696154d0899"
"obj.Kant.Cli.reqOfArgv.match_1","def","Kant.Cli.reqOfArgv.match_1","ASSERTED","(motive : List (List Char) → Sort u_1) →   (x : List (List Char)) →     ((c f url : List Char) → motive (List.cons c (List.cons f (List.cons url List.nil)))) →       ((c f x p h ct d body url : List Char) →           motive             (List.cons c               (List.cons f                 (List.cons x                   (List.cons p                     (List.cons h                       (List.cons ct (List.cons d (List.cons body (List.cons url List.nil)))))))))) →         ((x : List (List Char)) → motive x) → motive x","L0;","O0;","L0;","L0;","L0;","L0;","L0;","L0;","S524;(motive : List (List Char) → Sort u_1) →   (x : List (List Char)) →     ((c f url : List Char) → motive (List.cons c (List.cons f (List.cons url List.nil)))) →       ((c f x p h ct d body url : List Char) →           motive             (List.cons c               (List.cons f                 (List.cons x                   (List.cons p                     (List.cons h                       (List.cons ct (List.cons d (List.cons body (List.cons url List.nil)))))))))) →         ((x : List (List Char)) → motive x) → motive x","O7;13;source_systemS5;lean411;source_fileS28;RequestProject/Kant/Cli.lean13;source_formatS4;text11;imported_atI+0;14;transformed_atI+0;15;transformationsL0;13;parent_objectS0;","8f4f0f7733bf15a3a77ac2faa0d67b4889b022ef84c83491d6513f2811797cd6"
"obj.Kant.CodeMovie.Circuit.run.eq_7","theorem","Kant.CodeMovie.Circuit.run.eq_7","PROVEN","∀ (x : List Nat) (x_1 : List Kant.CodeMovie.Circuit),   (Eq x List.nil → False) →     (∀ (i : Nat) (rest : List Nat), Eq x (List.cons 0 (List.cons i rest)) → False) →       (∀ (b : Nat) (rest : List Nat), Eq x (List.cons 1 (List.cons b rest)) → False) →         (∀ (rest : List Nat) (c : Kant.CodeMovie.Circuit) (st : List Kant.CodeMovie.Circuit),             Eq x (List.cons 2 rest) → Eq x_1 (List.cons c st) → False) →           (∀ (rest : List Nat) (c₂ c₁ : Kant.CodeMovie.Circuit) (st : List Kant.CodeMovie.Circuit),               Eq x (List.cons 3 rest) → Eq x_1 (List.cons c₂ (List.cons c₁ st)) → False) →             (∀ (rest : List Nat) (c₂ c₁ : Kant.CodeMovie.Circuit)                 (st : List Kant.CodeMovie.Circuit),                 Eq x (List.cons 4 rest) → Eq x_1 (List.cons c₂ (List.cons c₁ st)) → False) →               Eq (Kant.CodeMovie.Circuit.run x x_1) Option.none","L0;","O0;","L0;","L0;","L1;S37;claim.Kant.CodeMovie.Circuit.run.eq_7","L0;","L1;S37;proof.Kant.CodeMovie.Circuit.run.eq_7","L0;","S886;∀ (x : List Nat) (x_1 : List Kant.CodeMovie.Circuit),   (Eq x List.nil → False) →     (∀ (i : Nat) (rest : List Nat), Eq x (List.cons 0 (List.cons i rest)) → False) →       (∀ (b : Nat) (rest : List Nat), Eq x (List.cons 1 (List.cons b rest)) → False) →         (∀ (rest : List Nat) (c : Kant.CodeMovie.Circuit) (st : List Kant.CodeMovie.Circuit),             Eq x (List.cons 2 rest) → Eq x_1 (List.cons c st) → False) →           (∀ (rest : List Nat) (c₂ c₁ : Kant.CodeMovie.Circuit) (st : List Kant.CodeMovie.Circuit),               Eq x (List.cons 3 rest) → Eq x_1 (List.cons c₂ (List.cons c₁ st)) → False) →             (∀ (rest : List Nat) (c₂ c₁ : Kant.CodeMovie.Circuit)                 (st : List Kant.CodeMovie.Circuit),                 Eq x (List.cons 4 rest) → Eq x_1 (List.cons c₂ (List.cons c₁ st)) → False) →               Eq (Kant.CodeMovie.Circuit.run x x_1) Option.none","O7;13;source_systemS5;lean411;source_fileS34;RequestProject/Kant/CodeMovie.lean13;source_formatS4;text11;imported_atI+0;14;transformed_atI+0;15;transformationsL0;13;parent_objectS0;","27f2c8cee82774c8d9b68b2a63b52cab6a2b5ee27315e86ebfa798ffe5e607c1"
"obj.Kant.Dasl.orbifoldCoords_valid","theorem","Kant.Dasl.orbifoldCoords_valid","PROVEN","∀ (data : Kant.Bytes.Blob), (Kant.Dasl.orbifoldCoords data).valid","L0;","O0;","L0;","L0;","L1;S36;claim.Kant.Dasl.orbifoldCoords_valid","L0;","L1;S36;proof.Kant.Dasl.orbifoldCoords_valid","L0;","S65;∀ (data : Kant.Bytes.Blob), (Kant.Dasl.orbifoldCoords data).valid","O7;13;source_systemS5;lean411;source_fileS29;RequestProject/Kant/Dasl.lean13;source_formatS4;text11;imported_atI+0;14;transformed_atI+211;15;transformationsL0;13;parent_objectS0;","391372015d767a1b804a365d547b0448f65a8bcbc4eb09e1b15147b952e2ff4e"
"obj.Kant.Text.codeChars.eq_1","theorem","Kant.Text.codeChars.eq_1","PROVEN","∀ (ns : List Nat), Eq (Kant.Text.codeChars ns) (List.map Char.ofNat ns)","L0;","O0;","L0;","L0;","L1;S30;claim.Kant.Text.codeChars.eq_1","L0;","L1;S30;proof.Kant.Text.codeChars.eq_1","L0;","S71;∀ (ns : List Nat), Eq (Kant.Text.codeChars ns) (List.map Char.ofNat ns)","O7;13;source_systemS5;lean411;source_fileS29;RequestProject/Kant/Text.lean13;source_formatS4;text11;imported_atI+0;14;transformed_atI+0;15;transformationsL0;13;parent_objectS0;","5d44f6eab4b35f0c80bd6e21ee2c773708a6183a0a504ab25e17f67ad301e4ad"
"obj.Kant.Sneakernet.Channel.ofNat_ctorIdx","theorem","Kant.Sneakernet.Channel.ofNat_ctorIdx","PROVEN","∀ (x : Kant.Sneakernet.Channel), Eq (Kant.Sneakernet.Channel.ofNat x.ctorIdx) x","L0;","O0;","L0;","L0;","L1;S43;claim.Kant.Sneakernet.Channel.ofNat_ctorIdx","L0;","L1;S43;proof.Kant.Sneakernet.Channel.ofNat_ctorIdx","L0;","S79;∀ (x : Kant.Sneakernet.Channel), Eq (Kant.Sneakernet.Channel.ofNat x.ctorIdx) x","O7;13;source_systemS5;lean411;source_fileS35;RequestProject/Kant/Sneakernet.lean13;source_formatS4;text11;imported_atI+0;14;transformed_atI+0;15;transformationsL0;13;parent_objectS0;","d18334ff0b40a6ddcbf1485a59d6b29adb99d4cdc0deddffff1317c1a8d4a6cc"
"obj.Kant.Feed.search.eq_1","theorem","Kant.Feed.search.eq_1","PROVEN","∀ (q : List Char) (ps : List Kant.Paste),   Eq (Kant.Feed.search q ps) (List.filter (Kant.Feed.mentions q) ps)","L0;","O0;","L0;","L0;","L1;S27;claim.Kant.Feed.search.eq_1","L0;","L1;S27;proof.Kant.Feed.search.eq_1","L0;","S110;∀ (q : List Char) (ps : List Kant.Paste),   Eq (Kant.Feed.search q ps) (List.filter (Kant.Feed.mentions q) ps)","O7;13;source_systemS5;lean411;source_fileS29;RequestProject/Kant/Feed.lean13;source_formatS4;text11;imported_atI+0;14;transformed_atI+0;15;transformationsL0;13;parent_objectS0;","90afd704269d439d162dbd859cb8e592303c9bc63327a37fa05705bae99c9b54"
"obj.Kant.Strip.still","def","Kant.Strip.still","ASSERTED","Kant.Meme.Template → Kant.Sneakernet.Frame → Kant.Stego.Carrier","L0;","O0;","L0;","L0;","L0;","L0;","L0;","L0;","S63;Kant.Meme.Template → Kant.Sneakernet.Frame → Kant.Stego.Carrier","O7;13;source_systemS5;lean411;source_fileS30;RequestProject/Kant/Strip.lean13;source_formatS4;text11;imported_atI+0;14;transformed_atI+66;15;transformationsL0;13;parent_objectS0;","bf621ebde2f6c130c7a27ab29b2488b3d594abd92b482ba6e504f7dfc9e32089"
"obj.Kant.Dom.decFields.match_1","def","Kant.Dom.decFields.match_1","ASSERTED","(motive : Option Kant.Codec.Val → Sort u_1) →   (x : Option Kant.Codec.Val) →     ((fs : List (Prod (List Char) Kant.Codec.Val)) → motive (Option.some (Kant.Codec.Val.obj fs))) →       ((x : Option Kant.Codec.Val) → motive x) → motive x","L0;","O0;","L0;","L0;","L0;","L0;","L0;","L0;","S236;(motive : Option Kant.Codec.Val → Sort u_1) →   (x : Option Kant.Codec.Val) →     ((fs : List (Prod (List Char) Kant.Codec.Val)) → motive (Option.some (Kant.Codec.Val.obj fs))) →       ((x : Option Kant.Codec.Val) → motive x) → motive x","O7;13;source_systemS5;lean411;source_fileS37;RequestProject/Kant/Domain/Table.lean13;source_formatS4;text11;imported_atI+0;14;transformed_atI+0;15;transformationsL0;13;parent_objectS0;","4573882fa697de901b7b039eb58daf03767768f23f722056d52a34ec4306ea29"
"obj.Kant.Handoff.Step.actor","def","Kant.Handoff.Step.actor","ASSERTED","Kant.Handoff.Step → List Char","L0;","O0;","L0;","L0;","L0;","L0;","L0;","L0;","S29;Kant.Handoff.Step → List Char","O7;13;source_systemS5;lean411;source_fileS32;RequestProject/Kant/Handoff.lean13;source_formatS4;text11;imported_atI+0;14;transformed_atI+61;15;transformationsL0;13;parent_objectS0;","3f81f19c5584e9686288f293298cf383e4ba87b7f17e820e3c21484117abb969"
"obj.Kant.Codec.validStructure","def","Kant.Codec.validStructure","ASSERTED","Kant.Codec.Val → Bool","L1;S24;obj.Kant.Codec.Obj.ofVal","O0;","L0;","L0;","L0;","L0;","L0;","L0;","S21;Kant.Codec.Val → Bool","O7;13;source_systemS5;lean411;source_fileS39;RequestProject/Kant/Codec/Exchange.lean13;source_formatS4;text11;imported_atI+0;14;transformed_atI+295;15;transformationsL0;13;parent_objectS0;","237bf83b8919acdd2a87bbee05835ed2cd3e303aadb6322785af58360b30adec"
"obj.Kant.Onboarding.Screen.join.elim","def","Kant.Onboarding.Screen.join.elim","ASSERTED","{motive : Kant.Onboarding.Screen → Sort u} →   (t : Kant.Onboarding.Screen) → Eq t.ctorIdx 2 → motive Kant.Onboarding.Screen.join → motive t","L0;","O0;","L0;","L0;","L0;","L0;","L0;","L0;","S140;{motive : Kant.Onboarding.Screen → Sort u} →   (t : Kant.Onboarding.Screen) → Eq t.ctorIdx 2 → motive Kant.Onboarding.Screen.join → motive t","O7;13;source_systemS5;lean411;source_fileS35;RequestProject/Kant/Onboarding.lean13;source_formatS4;text11;imported_atI+0;14;transformed_atI+52;15;transformationsL0;13;parent_objectS0;","6c946a9a214029f4a4f498a7a3555fe705a36d5228c5822a8c24707ecedce98d"
"obj.Kant.Codec.Val.casesOn","def","Kant.Codec.Val.casesOn","ASSERTED","{motive_1 : Kant.Codec.Val → Sort u} →   (t : Kant.Codec.Val) →     motive_1 Kant.Codec.Val.null →       ((b : Bool) → motive_1 (Kant.Codec.Val.bool b)) →         ((n : Int) → motive_1 (Kant.Codec.Val.int n)) →           ((s : List Char) → motive_1 (Kant.Codec.Val.str s)) →             ((xs : List Kant.Codec.Val) → motive_1 (Kant.Codec.Val.list xs)) →               ((fs : List (Prod (List Char) Kant.Codec.Val)) → motive_1 (Kant.Codec.Val.obj fs)) →                 motive_1 t","L0;","O0;","L0;","L0;","L0;","L0;","L0;","L0;","S479;{motive_1 : Kant.Codec.Val → Sort u} →   (t : Kant.Codec.Val) →     motive_1 Kant.Codec.Val.null →       ((b : Bool) → motive_1 (Kant.Codec.Val.bool b)) →         ((n : Int) → motive_1 (Kant.Codec.Val.int n)) →           ((s : List Char) → motive_1 (Kant.Codec.Val.str s)) →             ((xs : List Kant.Codec.Val) → motive_1 (Kant.Codec.Val.list xs)) →               ((fs : List (Prod (List Char) Kant.Codec.Val)) → motive_1 (Kant.Codec.Val.obj fs)) →                 motive_1 t","O7;13;source_systemS5;lean411;source_fileS34;RequestProject/Kant/Codec/Val.lean13;source_formatS4;text11;imported_atI+0;14;transformed_atI+34;15;transformationsL0;13;parent_objectS0;","d9057c0424cb8ec40faa7c80de93a1775292749032829baa67befd922dfae7dd"
"obj.Kant.Dom.Rel.casesOn","def","Kant.Dom.Rel.casesOn","ASSERTED","{motive : Kant.Dom.Rel → Sort u} →   (t : Kant.Dom.Rel) →     motive Kant.Dom.Rel.inputTo →       motive Kant.Dom.Rel.outputOf →         motive Kant.Dom.Rel.proves →           motive Kant.Dom.Rel.provenBy →             motive Kant.Dom.Rel.derives →               motive Kant.Dom.Rel.verifies →                 motive Kant.Dom.Rel.constrains →                   motive Kant.Dom.Rel.dependsOn →                     motive Kant.Dom.Rel.references →                       motive Kant.Dom.Rel.contradicts →                         motive Kant.Dom.Rel.reproduces →                           motive Kant.Dom.Rel.encodes → motive Kant.Dom.Rel.decodes → motive t","L0;","O0;","L0;","L0;","L0;","L0;","L0;","L0;","S653;{motive : Kant.Dom.Rel → Sort u} →   (t : Kant.Dom.Rel) →     motive Kant.Dom.Rel.inputTo →       motive Kant.Dom.Rel.outputOf →         motive Kant.Dom.Rel.proves →           motive Kant.Dom.Rel.provenBy →             motive Kant.Dom.Rel.derives →               motive Kant.Dom.Rel.verifies →                 motive Kant.Dom.Rel.constrains →                   motive Kant.Dom.Rel.dependsOn →                     motive Kant.Dom.Rel.references →                       motive Kant.Dom.Rel.contradicts →                         motive Kant.Dom.Rel.reproduces →                           motive Kant.Dom.Rel.encodes → motive Kant.Dom.Rel.decodes → motive t","O7;13;source_systemS5;lean411;source_fileS37;RequestProject/Kant/Domain/Model.lean13;source_formatS4;text11;imported_atI+0;14;transformed_atI+66;15;transformationsL0;13;parent_objectS0;","88d636b0ff6737a6ef96d16da0c62b698915ca57f2e034209e9b9fbd1f11bce3"
"obj.Kant.Feed.replies.eq_1","theorem","Kant.Feed.replies.eq_1","PROVEN","∀ (w : List Char) (ps : List Kant.Paste),   Eq (Kant.Feed.replies w ps)     (List.filter (fun p => Option.instBEq.beq p.replyTo (Option.some w)) ps)","L0;","O0;","L0;","L0;","L1;S28;claim.Kant.Feed.replies.eq_1","L0;","L1;S28;proof.Kant.Feed.replies.eq_1","L0;","S148;∀ (w : List Char) (ps : List Kant.Paste),   Eq (Kant.Feed.replies w ps)     (List.filter (fun p => Option.instBEq.beq p.replyTo (Option.some w)) ps)","O7;13;source_systemS5;lean411;source_fileS29;RequestProject/Kant/Feed.lean13;source_formatS4;text11;imported_atI+0;14;transformed_atI+0;15;transformationsL0;13;parent_objectS0;","41b33fea53396d5d4bf98971030354c29a4446f0da99cc8f1f3ad9b24cd24f04"
"obj.Kant.Wasm.Kernel.eval_fnvOffsetE","theorem","Kant.Wasm.Kernel.eval_fnvOffsetE","PROVEN","Eq (Kant.Wasm.Expr.eval List.nil Kant.Wasm.Kernel.fnvOffsetE) (Option.some Kant.Bytes.fnvOffset)","L0;","O0;","L0;","L0;","L1;S38;claim.Kant.Wasm.Kernel.eval_fnvOffsetE","L0;","L1;S38;proof.Kant.Wasm.Kernel.eval_fnvOffsetE","L0;","S96;Eq (Kant.Wasm.Expr.eval List.nil Kant.Wasm.Kernel.fnvOffsetE) (Option.some Kant.Bytes.fnvOffset)","O7;13;source_systemS5;lean411;source_fileS35;RequestProject/Wasm/KernelSpec.lean13;source_formatS4;text11;imported_atI+0;14;transformed_atI+101;15;transformationsL0;13;parent_objectS0;","dc6989b68243146ea213c388ade74a810def7767c3602fc805327b27362b5b5b"
"obj.Kant.Dom.downgrade_is_reported","theorem","Kant.Dom.downgrade_is_reported","PROVEN","∀ (d : Kant.Dom.Domain) (oid : Kant.Dom.Id) (e : Kant.Dom.Event),   Or (Eq (Kant.Dom.step d oid e Kant.Dom.Truth.proven).fst Kant.Dom.Truth.invalid)       (Eq (Kant.Dom.step d oid e Kant.Dom.Truth.proven).fst Kant.Dom.Truth.contradicted) →     Exists fun err =>       And (Eq (Kant.Dom.step d oid e Kant.Dom.Truth.proven).snd (Option.some err))         (Eq err.severity Kant.Codec.Severity.fatal)","L0;","O0;","L0;","L0;","L1;S36;claim.Kant.Dom.downgrade_is_reported","L0;","L1;S36;proof.Kant.Dom.downgrade_is_reported","L0;","S396;∀ (d : Kant.Dom.Domain) (oid : Kant.Dom.Id) (e : Kant.Dom.Event),   Or (Eq (Kant.Dom.step d oid e Kant.Dom.Truth.proven).fst Kant.Dom.Truth.invalid)       (Eq (Kant.Dom.step d oid e Kant.Dom.Truth.proven).fst Kant.Dom.Truth.contradicted) →     Exists fun err =>       And (Eq (Kant.Dom.step d oid e Kant.Dom.Truth.proven).snd (Option.some err))         (Eq err.severity Kant.Codec.Severity.fatal)","O7;13;source_systemS5;lean411;source_fileS38;RequestProject/Kant/Domain/Policy.lean13;source_formatS4;text11;imported_atI+0;14;transformed_atI+157;15;transformationsL0;13;parent_objectS0;","5f79ff5246bd35f7a308dfa259a8495404d373877fea411da9de38f6bd6b399a"
"obj.Kant.Strip.toFrame_ofFrame","theorem","Kant.Strip.toFrame_ofFrame","PROVEN","∀ (f : Kant.Sneakernet.Frame), Eq (Kant.Strip.toFrame (Kant.Strip.ofFrame f)) (Option.some f)","L0;","O0;","L0;","L0;","L1;S32;claim.Kant.Strip.toFrame_ofFrame","L0;","L1;S32;proof.Kant.Strip.toFrame_ofFrame","L0;","S93;∀ (f : Kant.Sneakernet.Frame), Eq (Kant.Strip.toFrame (Kant.Strip.ofFrame f)) (Option.some f)","O7;13;source_systemS5;lean411;source_fileS30;RequestProject/Kant/Strip.lean13;source_formatS4;text11;imported_atI+0;14;transformed_atI+62;15;transformationsL0;13;parent_objectS0;","83ec25784444ebc625f442f1858507d92dbc5700884811606d8d4d0a018a47b3"
"obj.Kant.Cli.Cmd.open.injEq","theorem","Kant.Cli.Cmd.open.injEq","PROVEN","∀ (relay relay_1 : List Char),   Eq (Eq (Kant.Cli.Cmd.open relay) (Kant.Cli.Cmd.open relay_1)) (Eq relay relay_1)","L0;","O0;","L0;","L0;","L1;S29;claim.Kant.Cli.Cmd.open.injEq","L0;","L1;S29;proof.Kant.Cli.Cmd.open.injEq","L0;","S113;∀ (relay relay_1 : List Char),   Eq (Eq (Kant.Cli.Cmd.open relay) (Kant.Cli.Cmd.open relay_1)) (Eq relay relay_1)","O7;13;source_systemS5;lean411;source_fileS28;RequestProject/Kant/Cli.lean13;source_formatS4;text11;imported_atI+0;14;transformed_atI+0;15;transformationsL0;13;parent_objectS0;","a8ee02b524475932cb571c2b453fd2a559825c021b06f4fcb46687635ce3a71f"
"obj.Kant.Wasm.Expr.mul","def","Kant.Wasm.Expr.mul","ASSERTED","Kant.Wasm.Expr → Kant.Wasm.Expr → Kant.Wasm.Expr","L0;","O0;","L0;","L0;","L0;","L0;","L0;","L0;","S48;Kant.Wasm.Expr → Kant.Wasm.Expr → Kant.Wasm.Expr","O7;13;source_systemS5;lean411;source_fileS31;RequestProject/Wasm/Syntax.lean13;source_formatS4;text11;imported_atI+0;14;transformed_atI+113;15;transformationsL0;13;parent_objectS0;","d0cefbb090779db90e686177570a9af6490974db41eb05e3470596aca93a2bc0"
"obj.Kant.Codec.encInt","def","Kant.Codec.encInt","ASSERTED","Int → List Char","L0;","O0;","L0;","L0;","L0;","L0;","L0;","L0;","S15;Int → List Char","O7;13;source_systemS5;lean411;source_fileS34;RequestProject/Kant/Codec/Val.lean13;source_formatS4;text11;imported_atI+0;14;transformed_atI+200;15;transformationsL0;13;parent_objectS0;","fb14f8c977204e18f773dcd5c4b26b930de863c32a3a5e0600d096391911c3a1"
"obj.Kant.Credits.Ledger.mk.sizeOf_spec","theorem","Kant.Credits.Ledger.mk.sizeOf_spec","PROVEN","∀ (earnLog spendLog : List (Prod Kant.Credits.Peer Nat)),   Eq (Kant.Credits.Ledger._sizeOf_inst.sizeOf { earnLog := earnLog, spendLog := spendLog })     (instHAdd.hAdd       (instHAdd.hAdd 1 ((List._sizeOf_inst (Prod Kant.Credits.Peer Nat)).sizeOf earnLog))       ((List._sizeOf_inst (Prod Kant.Credits.Peer Nat)).sizeOf spendLog))","L0;","O0;","L0;","L0;","L1;S40;claim.Kant.Credits.Ledger.mk.sizeOf_spec","L0;","L1;S40;proof.Kant.Credits.Ledger.mk.sizeOf_spec","L0;","S332;∀ (earnLog spendLog : List (Prod Kant.Credits.Peer Nat)),   Eq (Kant.Credits.Ledger._sizeOf_inst.sizeOf { earnLog := earnLog, spendLog := spendLog })     (instHAdd.hAdd       (instHAdd.hAdd 1 ((List._sizeOf_inst (Prod Kant.Credits.Peer Nat)).sizeOf earnLog))       ((List._sizeOf_inst (Prod Kant.Credits.Peer Nat)).sizeOf spendLog))","O7;13;source_systemS5;lean411;source_fileS32;RequestProject/Kant/Credits.lean13;source_formatS4;text11;imported_atI+0;14;transformed_atI+0;15;transformationsL0;13;parent_objectS0;","8af4351124ce3e1b3c57288221026ac0c2ad86c9bd05c5d9f0e3c19334b6ccde"
"obj.Kant.Codec.Inp.toVal","def","Kant.Codec.Inp.toVal","ASSERTED","Kant.Codec.Inp → Kant.Codec.Val","L1;S29;obj.Kant.Codec.Inp.provenance","O0;","L0;","L0;","L0;","L0;","L0;","L0;","S31;Kant.Codec.Inp → Kant.Codec.Val","O7;13;source_systemS5;lean411;source_fileS36;RequestProject/Kant/Codec/Model.lean13;source_formatS4;text11;imported_atI+0;14;transformed_atI+373;15;transformationsL0;13;parent_objectS0;","bf2976447973409dc51a3ede0c5ef5ca6532071c4db91ab7ec0f85b22ed340e4"
"obj.Kant.Dom.instInhabitedTruth.default","def","Kant.Dom.instInhabitedTruth.default","ASSERTED","Kant.Dom.Truth","L0;","O0;","L0;","L0;","L0;","L0;","L0;","L0;","S14;Kant.Dom.Truth","O7;13;source_systemS5;lean411;source_fileS37;RequestProject/Kant/Domain/Model.lean13;source_formatS4;text11;imported_atI+0;14;transformed_atI+52;15;transformationsL0;13;parent_objectS0;","c4966b3a9a90a2f749f1c573b7af3ff43e13277bdfc1e93d434444427a3b2cba"
"obj.Kant.Credits.Ledger.serve_balance_of_ne","theorem","Kant.Credits.Ledger.serve_balance_of_ne","PROVEN","∀ (L : Kant.Credits.Ledger) {p q : Kant.Credits.Peer},   Ne q p → ∀ (bytes : Nat), Eq ((L.serve q bytes).balance p) (L.balance p)","L1;S27;obj.Kant.Credits.creditsFor","O0;","L0;","L0;","L1;S45;claim.Kant.Credits.Ledger.serve_balance_of_ne","L0;","L1;S45;proof.Kant.Credits.Ledger.serve_balance_of_ne","L0;","S129;∀ (L : Kant.Credits.Ledger) {p q : Kant.Credits.Peer},   Ne q p → ∀ (bytes : Nat), Eq ((L.serve q bytes).balance p) (L.balance p)","O7;13;source_systemS5;lean411;source_fileS32;RequestProject/Kant/Credits.lean13;source_formatS4;text11;imported_atI+0;14;transformed_atI+91;15;transformationsL0;13;parent_objectS0;","09b06595fccdf602afb1c049986720dda83f72b45ee2db0cd94752f6af882137"
"obj.Kant.Dom.PStatus.valid.elim","def","Kant.Dom.PStatus.valid.elim","ASSERTED","{motive : Kant.Dom.PStatus → Sort u} →   (t : Kant.Dom.PStatus) → Eq t.ctorIdx 0 → motive Kant.Dom.PStatus.valid → motive t","L0;","O0;","L0;","L0;","L0;","L0;","L0;","L0;","S123;{motive : Kant.Dom.PStatus → Sort u} →   (t : Kant.Dom.PStatus) → Eq t.ctorIdx 0 → motive Kant.Dom.PStatus.valid → motive t","O7;13;source_systemS5;lean411;source_fileS37;RequestProject/Kant/Domain/Model.lean13;source_formatS4;text11;imported_atI+0;14;transformed_atI+56;15;transformationsL0;13;parent_objectS0;","8aaa4c50a9e1eb622920a0fec7f97b1d7f1ea2e741f448dc417a2b0b41d17a17"
"obj.Kant.Onboarding.Progress.le.eq_1","theorem","Kant.Onboarding.Progress.le.eq_1","PROVEN","∀ (p q : Kant.Onboarding.Progress),   Eq (p.le q)     (And (Eq p.gotIn Bool.true → Eq q.gotIn Bool.true)       (And (Eq p.sharedIt Bool.true → Eq q.sharedIt Bool.true)         (Eq p.saidHello Bool.true → Eq q.saidHello Bool.true)))","L1;S37;obj.Kant.Onboarding.Progress.sharedIt","O0;","L0;","L0;","L1;S38;claim.Kant.Onboarding.Progress.le.eq_1","L0;","L1;S38;proof.Kant.Onboarding.Progress.le.eq_1","L0;","S231;∀ (p q : Kant.Onboarding.Progress),   Eq (p.le q)     (And (Eq p.gotIn Bool.true → Eq q.gotIn Bool.true)       (And (Eq p.sharedIt Bool.true → Eq q.sharedIt Bool.true)         (Eq p.saidHello Bool.true → Eq q.saidHello Bool.true)))","O7;13;source_systemS5;lean411;source_fileS35;RequestProject/Kant/Onboarding.lean13;source_formatS4;text11;imported_atI+0;14;transformed_atI+0;15;transformationsL0;13;parent_objectS0;","e60df5319743a06dee5d9dae45b792dad280054fc8c4f6f7b5199e1411b6d654"
"obj.Kant.Onboarding.screenFor","def","Kant.Onboarding.screenFor","ASSERTED","Kant.Onboarding.Task → Kant.Onboarding.Screen","L1;S45;obj.Kant.Onboarding.instReprTask.repr.match_1","O0;","L0;","L0;","L0;","L0;","L0;","L0;","S45;Kant.Onboarding.Task → Kant.Onboarding.Screen","O7;13;source_systemS5;lean411;source_fileS35;RequestProject/Kant/Onboarding.lean13;source_formatS4;text11;imported_atI+0;14;transformed_atI+266;15;transformationsL0;13;parent_objectS0;","5c1c846acf2ac82d8c5cc85301b040a2de5ff914de64a8e7cd6afc5afa20d95c"
"obj.Kant.Wasm.Decode.codeDec.match_1","def","Kant.Wasm.Decode.codeDec.match_1","ASSERTED","(motive : Option (Prod (List Kant.Wasm.Decode.RawInstr) Kant.Wasm.Decode.Bytes) → Sort u_1) →   (x : Option (Prod (List Kant.Wasm.Decode.RawInstr) Kant.Wasm.Decode.Bytes)) →     ((is : List Kant.Wasm.Decode.RawInstr) → motive (Option.some { fst := is, snd := List.nil })) →       ((x : Option (Prod (List Kant.Wasm.Decode.RawInstr) Kant.Wasm.Decode.Bytes)) → motive x) →         motive x","L0;","O0;","L0;","L0;","L0;","L0;","L0;","L0;","S387;(motive : Option (Prod (List Kant.Wasm.Decode.RawInstr) Kant.Wasm.Decode.Bytes) → Sort u_1) →   (x : Option (Prod (List Kant.Wasm.Decode.RawInstr) Kant.Wasm.Decode.Bytes)) →     ((is : List Kant.Wasm.Decode.RawInstr) → motive (Option.some { fst := is, snd := List.nil })) →       ((x : Option (Prod (List Kant.Wasm.Decode.RawInstr) Kant.Wasm.Decode.Bytes)) → motive x) →         motive x","O7;13;source_systemS5;lean411;source_fileS31;RequestProject/Wasm/Decode.lean13;source_formatS4;text11;imported_atI+0;14;transformed_atI+0;15;transformationsL0;13;parent_objectS0;","ef9b76f1f44c9ab0767eae8d1e34c2f3219e5fa91b8fd786cd45157bb8278b19"
"obj.Kant.Cli.printArgv.eq_3","theorem","Kant.Cli.printArgv.eq_3","PROVEN","Eq (Kant.Cli.printArgv Kant.Cli.Cmd.room) (List.cons ""room"".toList List.nil)","L0;","O0;","L0;","L0;","L1;S29;claim.Kant.Cli.printArgv.eq_3","L0;","L1;S29;proof.Kant.Cli.printArgv.eq_3","L0;","S76;Eq (Kant.Cli.printArgv Kant.Cli.Cmd.room) (List.cons ""room"".toList List.nil)","O7;13;source_systemS5;lean411;source_fileS28;RequestProject/Kant/Cli.lean13;source_formatS4;text11;imported_atI+0;14;transformed_atI+0;15;transformationsL0;13;parent_objectS0;","7869a01ecbe5c242995cc68e7b98e4c5867909f0c94ce37c4bfb5184f3d6397f"
"obj.Kant.Uucp.Site.mk.inj","theorem","Kant.Uucp.Site.mk.inj","PROVEN","∀ {files files_1 : List (Prod (List Char) (List Char))},   Eq { files := files } { files := files_1 } → Eq files files_1","L0;","O0;","L0;","L0;","L1;S27;claim.Kant.Uucp.Site.mk.inj","L0;","L1;S27;proof.Kant.Uucp.Site.mk.inj","L0;","S120;∀ {files files_1 : List (Prod (List Char) (List Char))},   Eq { files := files } { files := files_1 } → Eq files files_1","O7;13;source_systemS5;lean411;source_fileS29;RequestProject/Kant/Uucp.lean13;source_formatS4;text11;imported_atI+0;14;transformed_atI+0;15;transformationsL0;13;parent_objectS0;","d85aa914d0f150c6cde9fa3ec89800f976e05053127842681827d4176bf42b9b"
"obj.Kant.Pipeline.blobToNats_length","theorem","Kant.Pipeline.blobToNats_length","PROVEN","∀ (b : Kant.Bytes.Blob), Eq (Kant.Pipeline.blobToNats b).length (List.length b)","L0;","O0;","L0;","L0;","L1;S37;claim.Kant.Pipeline.blobToNats_length","L0;","L1;S37;proof.Kant.Pipeline.blobToNats_length","L0;","S79;∀ (b : Kant.Bytes.Blob), Eq (Kant.Pipeline.blobToNats b).length (List.length b)","O7;13;source_systemS5;lean411;source_fileS33;RequestProject/Kant/Pipeline.lean13;source_formatS4;text11;imported_atI+0;14;transformed_atI+51;15;transformationsL0;13;parent_objectS0;","bf91e5239bd44300fb4a67b5e248f57b3aca2a3a8ee0c1fe1ccfea7099273d59"
"obj.Kant.Onboarding.Event.joinText.elim","def","Kant.Onboarding.Event.joinText.elim","ASSERTED","{motive : Kant.Onboarding.Event → Sort u} →   (t : Kant.Onboarding.Event) →     Eq t.ctorIdx 6 → ((t : List Char) → motive (Kant.Onboarding.Event.joinText t)) → motive t","L0;","O0;","L0;","L0;","L0;","L0;","L0;","L0;","S169;{motive : Kant.Onboarding.Event → Sort u} →   (t : Kant.Onboarding.Event) →     Eq t.ctorIdx 6 → ((t : List Char) → motive (Kant.Onboarding.Event.joinText t)) → motive t","O7;13;source_systemS5;lean411;source_fileS35;RequestProject/Kant/Onboarding.lean13;source_formatS4;text11;imported_atI+0;14;transformed_atI+78;15;transformationsL0;13;parent_objectS0;","b00f16edfae40704429604f01f28b7374b84314a2e8151eac6c66930a78d90fd"
"obj.Kant.Dom.Event.importedFrom.injEq","theorem","Kant.Dom.Event.importedFrom.injEq","PROVEN","∀ (source source_1 : List Char),   Eq (Eq (Kant.Dom.Event.importedFrom source) (Kant.Dom.Event.importedFrom source_1))     (Eq source source_1)","L0;","O0;","L0;","L0;","L1;S39;claim.Kant.Dom.Event.importedFrom.injEq","L0;","L1;S39;proof.Kant.Dom.Event.importedFrom.injEq","L0;","S143;∀ (source source_1 : List Char),   Eq (Eq (Kant.Dom.Event.importedFrom source) (Kant.Dom.Event.importedFrom source_1))     (Eq source source_1)","O7;13;source_systemS5;lean411;source_fileS38;RequestProject/Kant/Domain/Policy.lean13;source_formatS4;text11;imported_atI+0;14;transformed_atI+0;15;transformationsL0;13;parent_objectS0;","36ead718006f18fef635ed83e2369421a543bc2c79ba67c05683e9205ea18003"
"obj.Kant.Dom.Claim.toVal.eq_1","theorem","Kant.Dom.Claim.toVal.eq_1","PROVEN","∀ (c : Kant.Dom.Claim),   Eq c.toVal     (Kant.Codec.Val.obj       (List.cons { fst := ""id"".toList, snd := Kant.Codec.Val.str c.id }         (List.cons { fst := ""object_ref"".toList, snd := Kant.Codec.Val.str c.objectRef }           (List.cons { fst := ""text"".toList, snd := Kant.Codec.Val.str c.text }             (List.cons { fst := ""truth"".toList, snd := Kant.Codec.Val.str c.truth.name }               (List.cons { fst := ""proof_refs"".toList, snd := Kant.Dom.idsVal c.proofRefs }                 List.nil))))))","L1;S18;obj.Kant.Dom.Claim","O0;","L0;","L0;","L1;S31;claim.Kant.Dom.Claim.toVal.eq_1","L0;","L1;S31;proof.Kant.Dom.Claim.toVal.eq_1","L0;","S513;∀ (c : Kant.Dom.Claim),   Eq c.toVal     (Kant.Codec.Val.obj       (List.cons { fst := ""id"".toList, snd := Kant.Codec.Val.str c.id }         (List.cons { fst := ""object_ref"".toList, snd := Kant.Codec.Val.str c.objectRef }           (List.cons { fst := ""text"".toList, snd := Kant.Codec.Val.str c.text }             (List.cons { fst := ""truth"".toList, snd := Kant.Codec.Val.str c.truth.name }               (List.cons { fst := ""proof_refs"".toList, snd := Kant.Dom.idsVal c.proofRefs }                 List.nil))))))","O7;13;source_systemS5;lean411;source_fileS37;RequestProject/Kant/Domain/Model.lean13;source_formatS4;text11;imported_atI+0;14;transformed_atI+0;15;transformationsL0;13;parent_objectS0;","9543f5b0947f96691f393e0233085c16dd2d78ad087ce463b1f039911754f610"
"obj.Kant.Uucp.toPart","def","Kant.Uucp.toPart","ASSERTED","Kant.Clipboard.Envelope → Option Kant.Sneakernet.Frame","L0;","O0;","L0;","L0;","L0;","L0;","L0;","L0;","S54;Kant.Clipboard.Envelope → Option Kant.Sneakernet.Frame","O7;13;source_systemS5;lean411;source_fileS29;RequestProject/Kant/Uucp.lean13;source_formatS4;text11;imported_atI+0;14;transformed_atI+201;15;transformationsL0;13;parent_objectS0;","a8126948fd1cb20807e8ff9fedf5df532742bbda1be5846e5a42eb15d0997209"
"obj.Kant.PlainText.copyPlain_eq_text","theorem","Kant.PlainText.copyPlain_eq_text","PROVEN","∀ (p : Kant.Paste), Eq (Kant.PlainText.copyPlain p) (Kant.PlainText.plainText p)","L1;S28;obj.Kant.PlainText.plainText","O0;","L0;","L0;","L1;S38;claim.Kant.PlainText.copyPlain_eq_text","L0;","L1;S38;proof.Kant.PlainText.copyPlain_eq_text","L0;","S80;∀ (p : Kant.Paste), Eq (Kant.PlainText.copyPlain p) (Kant.PlainText.plainText p)","O7;13;source_systemS5;lean411;source_fileS34;RequestProject/Kant/PlainText.lean13;source_formatS4;text11;imported_atI+0;14;transformed_atI+259;15;transformationsL0;13;parent_objectS0;","68f7d71e2183a4eacc8126c97a5a3a658f8533ae0a35e6c4358d89142ee6a5cf"
"obj.Kant.Cli.Loaded.bag.injEq","theorem","Kant.Cli.Loaded.bag.injEq","PROVEN","∀ (ms ms_1 : List Kant.Relay.Msg),   Eq (Eq (Kant.Cli.Loaded.bag ms) (Kant.Cli.Loaded.bag ms_1)) (Eq ms ms_1)","L0;","O0;","L0;","L0;","L1;S31;claim.Kant.Cli.Loaded.bag.injEq","L0;","L1;S31;proof.Kant.Cli.Loaded.bag.injEq","L0;","S109;∀ (ms ms_1 : List Kant.Relay.Msg),   Eq (Eq (Kant.Cli.Loaded.bag ms) (Kant.Cli.Loaded.bag ms_1)) (Eq ms ms_1)","O7;13;source_systemS5;lean411;source_fileS28;RequestProject/Kant/Cli.lean13;source_formatS4;text11;imported_atI+0;14;transformed_atI+0;15;transformationsL0;13;parent_objectS0;","93b8e341174b0cc659294f459ee4115178910edad9965d2803e864034fe814e3"
"obj.Kant.Credits.Ledger.total_cons","theorem","Kant.Credits.Ledger.total_cons","PROVEN","∀ (p : Kant.Credits.Peer) (n : Nat) (log : List (Prod Kant.Credits.Peer Nat)),   Eq (Kant.Credits.total (List.cons { fst := p, snd := n } log))     (instHAdd.hAdd n (Kant.Credits.total log))","L0;","O0;","L0;","L0;","L1;S36;claim.Kant.Credits.Ledger.total_cons","L0;","L1;S36;proof.Kant.Credits.Ledger.total_cons","L0;","S190;∀ (p : Kant.Credits.Peer) (n : Nat) (log : List (Prod Kant.Credits.Peer Nat)),   Eq (Kant.Credits.total (List.cons { fst := p, snd := n } log))     (instHAdd.hAdd n (Kant.Credits.total log))","O7;13;source_systemS5;lean411;source_fileS32;RequestProject/Kant/Credits.lean13;source_formatS4;text11;imported_atI+0;14;transformed_atI+67;15;transformationsL0;13;parent_objectS0;","f452f3d42962934c1a225d6b87ac105fbf0c1b327684bff258f35a6216218915"
"obj.Kant.Dom.parse","def","Kant.Dom.parse","ASSERTED","Kant.Codec.Fmt → List Char → Option Kant.Dom.Domain","L0;","O0;","L0;","L0;","L0;","L0;","L0;","L0;","S51;Kant.Codec.Fmt → List Char → Option Kant.Dom.Domain","O7;13;source_systemS5;lean411;source_fileS36;RequestProject/Kant/Domain/Emit.lean13;source_formatS4;text11;imported_atI+0;14;transformed_atI+151;15;transformationsL0;13;parent_objectS0;","d986b642f7c2890c246eee94adc662cfd262e83124c816e260467446f0dd1025"
"obj.Kant.Wasm.CmpOp.ltu.elim","def","Kant.Wasm.CmpOp.ltu.elim","ASSERTED","{motive : Kant.Wasm.CmpOp → Sort u} →   (t : Kant.Wasm.CmpOp) → Eq t.ctorIdx 2 → motive Kant.Wasm.CmpOp.ltu → motive t","L1;S19;obj.Kant.Wasm.CmpOp","O0;","L0;","L0;","L0;","L0;","L0;","L0;","S118;{motive : Kant.Wasm.CmpOp → Sort u} →   (t : Kant.Wasm.CmpOp) → Eq t.ctorIdx 2 → motive Kant.Wasm.CmpOp.ltu → motive t","O7;13;source_systemS5;lean411;source_fileS31;RequestProject/Wasm/Syntax.lean13;source_formatS4;text11;imported_atI+0;14;transformed_atI+32;15;transformationsL0;13;parent_objectS0;","7bad6bcfc3f7dd1ffcf0bed2751b1394a6a5f0d3c9724a4d36d2cfcfbb711d72"
"obj.Kant.Relay.Msg.Wire","inductive","Kant.Relay.Msg.Wire","ASSERTED","Kant.Relay.Msg → Prop","L0;","O0;","L0;","L0;","L0;","L0;","L0;","L0;","S21;Kant.Relay.Msg → Prop","O7;13;source_systemS5;lean411;source_fileS30;RequestProject/Kant/Relay.lean13;source_formatS4;text11;imported_atI+0;14;transformed_atI+63;15;transformationsL0;13;parent_objectS0;","62f0155aa76acf6ca18a8fcf66da53ef7a35a8ef5c7af7eaf32195544f2b521d"
"obj.Kant.Strip.strip","def","Kant.Strip.strip","ASSERTED","Kant.Meme.Template → Nat → Kant.Clipboard.Envelope → List Kant.Stego.Carrier","L1;S20;obj.Kant.Strip.still","O0;","L0;","L0;","L0;","L0;","L0;","L0;","S76;Kant.Meme.Template → Nat → Kant.Clipboard.Envelope → List Kant.Stego.Carrier","O7;13;source_systemS5;lean411;source_fileS30;RequestProject/Kant/Strip.lean13;source_formatS4;text11;imported_atI+0;14;transformed_atI+81;15;transformationsL0;13;parent_objectS0;","5f551c63973f9e6ffce5ea60715b0e3c12bc9d009dec87fd4c67a0802130fa2a"
"obj.Kant.Onboarding.run.eq_1","theorem","Kant.Onboarding.run.eq_1","PROVEN","∀ (s : Kant.Onboarding.State), Eq (Kant.Onboarding.run s List.nil) s","L0;","O0;","L0;","L0;","L1;S30;claim.Kant.Onboarding.run.eq_1","L0;","L1;S30;proof.Kant.Onboarding.run.eq_1","L0;","S68;∀ (s : Kant.Onboarding.State), Eq (Kant.Onboarding.run s List.nil) s","O7;13;source_systemS5;lean411;source_fileS35;RequestProject/Kant/Onboarding.lean13;source_formatS4;text11;imported_atI+0;14;transformed_atI+0;15;transformationsL0;13;parent_objectS0;","952105b5971d1e6d4b1600b5518e17a26612fc2987729e27e3f99762f177c8fc"
"obj.Kant.Clipboard.pasteText.eq_1","theorem","Kant.Clipboard.pasteText.eq_1","PROVEN","∀ (s : List Char),   Eq (Kant.Clipboard.pasteText s) ((Kant.Clipboard.Envelope.decode s).bind Kant.Clipboard.toPaste)","L0;","O0;","L0;","L0;","L1;S35;claim.Kant.Clipboard.pasteText.eq_1","L0;","L1;S35;proof.Kant.Clipboard.pasteText.eq_1","L0;","S117;∀ (s : List Char),   Eq (Kant.Clipboard.pasteText s) ((Kant.Clipboard.Envelope.decode s).bind Kant.Clipboard.toPaste)","O7;13;source_systemS5;lean411;source_fileS34;RequestProject/Kant/Clipboard.lean13;source_formatS4;text11;imported_atI+0;14;transformed_atI+0;15;transformationsL0;13;parent_objectS0;","628492e494c9a596733eed6b474dbd6105752218ff0f02381c95c6902122e8c3"
"obj.Kant.Dom.DomObj.id","def","Kant.Dom.DomObj.id","ASSERTED","Kant.Dom.DomObj → Kant.Dom.Id","L0;","O0;","L0;","L0;","L0;","L0;","L0;","L0;","S29;Kant.Dom.DomObj → Kant.Dom.Id","O7;13;source_systemS5;lean411;source_fileS37;RequestProject/Kant/Domain/Model.lean13;source_formatS4;text11;imported_atI+0;14;transformed_atI+282;15;transformationsL0;13;parent_objectS0;","f10a6bbd7c5457b16529362372381ea6f4072e4c2f57511b499a1248e4ec5400"
"obj.Kant.Pipeline.publish_social_fits","theorem","Kant.Pipeline.publish_social_fits","PROVEN","∀ (content : Kant.Bytes.Blob) (f : Kant.Sneakernet.Frame),   List.instMembership.mem (Kant.Pipeline.publish Kant.Sneakernet.socialLimit content) f →     instLENat.le (List.length f.payload) (instHMul.hMul (instHMul.hMul 5 1024) 1024)","L1;S25;obj.Kant.Pipeline.publish","O0;","L0;","L0;","L1;S39;claim.Kant.Pipeline.publish_social_fits","L0;","L1;S39;proof.Kant.Pipeline.publish_social_fits","L0;","S233;∀ (content : Kant.Bytes.Blob) (f : Kant.Sneakernet.Frame),   List.instMembership.mem (Kant.Pipeline.publish Kant.Sneakernet.socialLimit content) f →     instLENat.le (List.length f.payload) (instHMul.hMul (instHMul.hMul 5 1024) 1024)","O7;13;source_systemS5;lean411;source_fileS33;RequestProject/Kant/Pipeline.lean13;source_formatS4;text11;imported_atI+0;14;transformed_atI+125;15;transformationsL0;13;parent_objectS0;","06846677b8819b467d245eb97024e859a0409da5963c70e8092bb19fa7bc8d3b"
"obj.Kant.SiteCard.card_text_no_markup","theorem","Kant.SiteCard.card_text_no_markup","PROVEN","∀ (k : Kant.SiteCard.Card),   And     (And (Not (List.instMembership.mem (Kant.Erdfa.escape k.caption) '<'))       (And (Not (List.instMembership.mem (Kant.Erdfa.escape k.caption) '>'))         (Not (List.instMembership.mem (Kant.Erdfa.escape k.caption) '\""'))))     (And       (And (Not (List.instMembership.mem (Kant.Erdfa.escape k.url) '<'))         (And (Not (List.instMembership.mem (Kant.Erdfa.escape k.url) '>'))           (Not (List.instMembership.mem (Kant.Erdfa.escape k.url) '\""'))))       (And         (And (Not (List.instMembership.mem (Kant.Erdfa.escape k.picture) '<'))           (And (Not (List.instMembership.mem (Kant.Erdfa.escape k.picture) '>'))             (Not (List.instMembership.mem (Kant.Erdfa.escape k.picture) '\""'))))         (And (Not (List.instMembership.mem (Kant.Erdfa.escape k.alt) '<'))           (And (Not (List.instMembership.mem (Kant.Erdfa.escape k.alt) '>'))             (Not (List.instMembership.mem (Kant.Erdfa.escape k.alt) '\""'))))))","L1;S22;obj.Kant.SiteCard.Card","O0;","L0;","L0;","L1;S39;claim.Kant.SiteCard.card_text_no_markup","L0;","L1;S39;proof.Kant.SiteCard.card_text_no_markup","L0;","S977;∀ (k : Kant.SiteCard.Card),   And     (And (Not (List.instMembership.mem (Kant.Erdfa.escape k.caption) '<'))       (And (Not (List.instMembership.mem (Kant.Erdfa.escape k.caption) '>'))         (Not (List.instMembership.mem (Kant.Erdfa.escape k.caption) '\""'))))     (And       (And (Not (List.instMembership.mem (Kant.Erdfa.escape k.url) '<'))         (And (Not (List.instMembership.mem (Kant.Erdfa.escape k.url) '>'))           (Not (List.instMembership.mem (Kant.Erdfa.escape k.url) '\""'))))       (And         (And (Not (List.instMembership.mem (Kant.Erdfa.escape k.picture) '<'))           (And (Not (List.instMembership.mem (Kant.Erdfa.escape k.picture) '>'))             (Not (List.instMembership.mem (Kant.Erdfa.escape k.picture) '\""'))))         (And (Not (List.instMembership.mem (Kant.Erdfa.escape k.alt) '<'))           (And (Not (List.instMembership.mem (Kant.Erdfa.escape k.alt) '>'))             (Not (List.instMembership.mem (Kant.Erdfa.escape k.alt) '\""'))))))","O7;13;source_systemS5;lean411;source_fileS33;RequestProject/Kant/SiteCard.lean13;source_formatS4;text11;imported_atI+0;14;transformed_atI+626;15;transformationsL0;13;parent_objectS0;","deef474ac1497558ce43ae525e629103808ab59ffcb3a9e68fae0b804984d511"
"obj.Kant.Sync.Feed.recOn","def","Kant.Sync.Feed.recOn","ASSERTED","{motive : Kant.Sync.Feed → Sort u} →   (t : Kant.Sync.Feed) →     ((source : Kant.Sync.Source) →         (blocks : List Kant.Paste) → motive { source := source, blocks := blocks }) →       motive t","L1;S18;obj.Kant.Sync.Feed","O0;","L0;","L0;","L0;","L0;","L0;","L0;","S197;{motive : Kant.Sync.Feed → Sort u} →   (t : Kant.Sync.Feed) →     ((source : Kant.Sync.Source) →         (blocks : List Kant.Paste) → motive { source := source, blocks := blocks }) →       motive t","O7;13;source_systemS5;lean411;source_fileS29;RequestProject/Kant/Sync.lean13;source_formatS4;text11;imported_atI+0;14;transformed_atI+41;15;transformationsL0;13;parent_objectS0;","3a0736be96494e717ed9b1fd2e97cb8ecee6b3af1786640bca0b5912ca9b4b48"
"obj.Kant.Dom.Evid.stated.elim","def","Kant.Dom.Evid.stated.elim","ASSERTED","{motive : Kant.Dom.Evid → Sort u} →   (t : Kant.Dom.Evid) → Eq t.ctorIdx 1 → motive Kant.Dom.Evid.stated → motive t","L0;","O0;","L0;","L0;","L0;","L0;","L0;","L0;","S115;{motive : Kant.Dom.Evid → Sort u} →   (t : Kant.Dom.Evid) → Eq t.ctorIdx 1 → motive Kant.Dom.Evid.stated → motive t","O7;13;source_systemS5;lean411;source_fileS37;RequestProject/Kant/Domain/Model.lean13;source_formatS4;text11;imported_atI+0;14;transformed_atI+63;15;transformationsL0;13;parent_objectS0;","b374cdfa2ee32701b9f42cb61e8faf4e45f63da8076ec753fadc3e4ea3c7b0b0"
"obj.Kant.PlainText.joinCh_splitCh","theorem","Kant.PlainText.joinCh_splitCh","PROVEN","∀ (d : Char) (s : List Char), Eq (Kant.PlainText.joinCh d (Kant.SiteCard.splitCh d s)) s","L0;","O0;","L0;","L0;","L1;S35;claim.Kant.PlainText.joinCh_splitCh","L0;","L1;S35;proof.Kant.PlainText.joinCh_splitCh","L0;","S88;∀ (d : Char) (s : List Char), Eq (Kant.PlainText.joinCh d (Kant.SiteCard.splitCh d s)) s","O7;13;source_systemS5;lean411;source_fileS34;RequestProject/Kant/PlainText.lean13;source_formatS4;text11;imported_atI+0;14;transformed_atI+53;15;transformationsL0;13;parent_objectS0;","8dde554cb2ae8b65e033d562beede50a230720ce729dbe47bdd9b85d4bdf842c"
"obj.Kant.Codec.Outp.ofVal_toVal","theorem","Kant.Codec.Outp.ofVal_toVal","PROVEN","∀ (o : Kant.Codec.Outp), Eq (Kant.Codec.Outp.ofVal o.toVal) (Option.some o)","L0;","O0;","L0;","L0;","L1;S33;claim.Kant.Codec.Outp.ofVal_toVal","L0;","L1;S33;proof.Kant.Codec.Outp.ofVal_toVal","L0;","S75;∀ (o : Kant.Codec.Outp), Eq (Kant.Codec.Outp.ofVal o.toVal) (Option.some o)","O7;13;source_systemS5;lean411;source_fileS36;RequestProject/Kant/Codec/Model.lean13;source_formatS4;text11;imported_atI+0;14;transformed_atI+443;15;transformationsL0;13;parent_objectS0;","b1399f4b103f62af894db89fb9613904ee3749e786353abdb9daf31cbe636ad2"
"obj.Kant.Rendezvous.roomOf","def","Kant.Rendezvous.roomOf","ASSERTED","Kant.Bytes.Blob → List Char","L0;","O0;","L0;","L0;","L0;","L0;","L0;","L0;","S27;Kant.Bytes.Blob → List Char","O7;13;source_systemS5;lean411;source_fileS35;RequestProject/Kant/Rendezvous.lean13;source_formatS4;text11;imported_atI+0;14;transformed_atI+425;15;transformationsL0;13;parent_objectS0;","c7d65e9eb07a57e225f5ed3dd10be69dc31684c786643d048fa170ca3213a7cf"
"obj.Kant.Dom.sorried_has_no_certificate","theorem","Kant.Dom.sorried_has_no_certificate","PROVEN","∀ (d : Kant.Dom.Decl), Eq d.sorried Bool.true → Eq (Kant.Dom.declProof d).certificate Option.none","L2;S18;obj.Kant.Dom.objIdS26;obj.Kant.Dom.Decl.axiomsOk","O0;","L0;","L0;","L1;S41;claim.Kant.Dom.sorried_has_no_certificate","L0;","L1;S41;proof.Kant.Dom.sorried_has_no_certificate","L0;","S97;∀ (d : Kant.Dom.Decl), Eq d.sorried Bool.true → Eq (Kant.Dom.declProof d).certificate Option.none","O7;13;source_systemS5;lean411;source_fileS39;RequestProject/Kant/Domain/Catalog.lean13;source_formatS4;text11;imported_atI+0;14;transformed_atI+350;15;transformationsL0;13;parent_objectS0;","6ee58bdc43f0d53a4235a16b32fbf87599f1d035ef64ce44962175029ccb257f"
"obj.Kant.Bytes.hexDecode.eq_1","theorem","Kant.Bytes.hexDecode.eq_1","PROVEN","Eq (Kant.Bytes.hexDecode List.nil) (Option.some List.nil)","L0;","O0;","L0;","L0;","L1;S31;claim.Kant.Bytes.hexDecode.eq_1","L0;","L1;S31;proof.Kant.Bytes.hexDecode.eq_1","L0;","S57;Eq (Kant.Bytes.hexDecode List.nil) (Option.some List.nil)","O7;13;source_systemS5;lean411;source_fileS30;RequestProject/Kant/Bytes.lean13;source_formatS4;text11;imported_atI+0;14;transformed_atI+0;15;transformationsL0;13;parent_objectS0;","4d97befdaa9973884115d7461a134f2bef8509ae4a67964e8564ca6451cd9771"
"obj.Kant.Wasm.Encode.binOpcode.eq_6","theorem","Kant.Wasm.Encode.binOpcode.eq_6","PROVEN","Eq (Kant.Wasm.Encode.binOpcode Kant.Wasm.BinOp.and) 131","L0;","O0;","L0;","L0;","L1;S37;claim.Kant.Wasm.Encode.binOpcode.eq_6","L0;","L1;S37;proof.Kant.Wasm.Encode.binOpcode.eq_6","L0;","S55;Eq (Kant.Wasm.Encode.binOpcode Kant.Wasm.BinOp.and) 131","O7;13;source_systemS5;lean411;source_fileS31;RequestProject/Wasm/Decode.lean13;source_formatS4;text11;imported_atI+0;14;transformed_atI+0;15;transformationsL0;13;parent_objectS0;","da069f99e30e8ba4a3c31f1fdd715d178c338ca9b482218aeb4517ec5a2b777d"
"obj.Kant.Cli.Req.casesOn","def","Kant.Cli.Req.casesOn","ASSERTED","{motive : Kant.Cli.Req → Sort u} →   (t : Kant.Cli.Req) →     ((method : Kant.Cli.Method) →         (url body : List Char) → motive { method := method, url := url, body := body }) →       motive t","L0;","O0;","L0;","L0;","L0;","L0;","L0;","L0;","S196;{motive : Kant.Cli.Req → Sort u} →   (t : Kant.Cli.Req) →     ((method : Kant.Cli.Method) →         (url body : List Char) → motive { method := method, url := url, body := body }) →       motive t","O7;13;source_systemS5;lean411;source_fileS28;RequestProject/Kant/Cli.lean13;source_formatS4;text11;imported_atI+0;14;transformed_atI+150;15;transformationsL0;13;parent_objectS0;","de9604cd1f7990da79c97f74073dd19d475df939e470ce146da6a7fd7f149917"
"obj.Kant.PlainText.Meta.Wf.link","theorem","Kant.PlainText.Meta.Wf.link","PROVEN","∀ {m : Kant.PlainText.Meta}, m.Wf → Kant.SiteCard.FieldOk m.link","L0;","O0;","L0;","L0;","L1;S33;claim.Kant.PlainText.Meta.Wf.link","L0;","L1;S33;proof.Kant.PlainText.Meta.Wf.link","L0;","S64;∀ {m : Kant.PlainText.Meta}, m.Wf → Kant.SiteCard.FieldOk m.link","O7;13;source_systemS5;lean411;source_fileS34;RequestProject/Kant/PlainText.lean13;source_formatS4;text11;imported_atI+0;14;transformed_atI+104;15;transformationsL0;13;parent_objectS0;","9ada9cabb3927de013ece761a6898ebbedf678439a142216a6032fe9c0dfb461"
"obj.Kant.Dasl.reflect59","def","Kant.Dasl.reflect59","ASSERTED","Kant.Dasl.Orbifold → Nat → Kant.Dasl.Orbifold","L0;","O0;","L0;","L0;","L0;","L0;","L0;","L0;","S45;Kant.Dasl.Orbifold → Nat → Kant.Dasl.Orbifold","O7;13;source_systemS5;lean411;source_fileS29;RequestProject/Kant/Dasl.lean13;source_formatS4;text11;imported_atI+0;14;transformed_atI+217;15;transformationsL0;13;parent_objectS0;","deccf04fc648765a69ed4ff6eea07acd2db719475504a534456a3d2ef5ed5ca7"
"obj.Kant.Sheaf.Encoding.dtmf.elim","def","Kant.Sheaf.Encoding.dtmf.elim","ASSERTED","{motive : Kant.Sheaf.Encoding → Sort u} →   (t : Kant.Sheaf.Encoding) → Eq t.ctorIdx 5 → motive Kant.Sheaf.Encoding.dtmf → motive t","L1;S31;obj.Kant.Sheaf.Encoding.ctorIdx","O0;","L0;","L0;","L0;","L0;","L0;","L0;","S131;{motive : Kant.Sheaf.Encoding → Sort u} →   (t : Kant.Sheaf.Encoding) → Eq t.ctorIdx 5 → motive Kant.Sheaf.Encoding.dtmf → motive t","O7;13;source_systemS5;lean411;source_fileS30;RequestProject/Kant/Sheaf.lean13;source_formatS4;text11;imported_atI+0;14;transformed_atI+86;15;transformationsL0;13;parent_objectS0;","fa493b7c363f9f88f90b2765d363365bedd29dc3d2fc8fb6e114959e85280a29"
"obj.Kant.Cli.meet_fresh","theorem","Kant.Cli.meet_fresh","PROVEN","∀ {relay : List Char} {secret : Kant.Bytes.Blob} {a b : List Char} {ta tb : Kant.Bytes.Blob},   { room := Kant.Rendezvous.roomOf secret, sender := a, seq := 1, body := ta }.Wire →     { room := Kant.Rendezvous.roomOf secret, sender := b, seq := 1, body := tb }.Wire →       Ne a b →         Eq           (Kant.Cli.meet Kant.Relay.Server.empty (Kant.Cli.openRoom a relay secret)             (Kant.Cli.openRoom b relay secret) ta tb)           {             fst :=               (Kant.Relay.Server.empty.post (Kant.Rendezvous.roomOf secret)                     (Kant.Relay.printMsg                       { room := Kant.Rendezvous.roomOf secret, sender := a, seq := 1,                         body := ta })).post                 (Kant.Rendezvous.roomOf secret)                 (Kant.Relay.printMsg                   { room := Kant.Rendezvous.roomOf secret, sender := b, seq := 1, body := tb }),             snd :=               {                 fst :=                   { self := a, relay := relay, secret := secret, seq := 1, cursor := 2,                     messages :=                       List.cons                         { room := Kant.Rendezvous.roomOf secret, sender := b, seq := 1, body := tb }                         (List.cons                           { room := Kant.Rendezvous.roomOf secret, sender := a, seq := 1,                             body := ta }                           List.nil) },                 snd :=                   { self := b, relay := relay, secret := secret, seq := 1, cursor := 1,                     messages :=                       List.cons                         { room := Kant.Rendezvous.roomOf secret, sender := b, seq := 1, body := tb }                         (List.cons                           { room := Kant.Rendezvous.roomOf secret, sender := a, seq := 1,                             body := ta }                           List.nil) } } }","L3;S23;obj.Kant.Relay.Msg.WireS26;obj.Kant.Rendezvous.roomOfS17;obj.Kant.Cli.poll","O0;","L0;","L0;","L1;S25;claim.Kant.Cli.meet_fresh","L0;","L1;S25;proof.Kant.Cli.meet_fresh","L0;","S1891;∀ {relay : List Char} {secret : Kant.Bytes.Blob} {a b : List Char} {ta tb : Kant.Bytes.Blob},   { room := Kant.Rendezvous.roomOf secret, sender := a, seq := 1, body := ta }.Wire →     { room := Kant.Rendezvous.roomOf secret, sender := b, seq := 1, body := tb }.Wire →       Ne a b →         Eq           (Kant.Cli.meet Kant.Relay.Server.empty (Kant.Cli.openRoom a relay secret)             (Kant.Cli.openRoom b relay secret) ta tb)           {             fst :=               (Kant.Relay.Server.empty.post (Kant.Rendezvous.roomOf secret)                     (Kant.Relay.printMsg                       { room := Kant.Rendezvous.roomOf secret, sender := a, seq := 1,                         body := ta })).post                 (Kant.Rendezvous.roomOf secret)                 (Kant.Relay.printMsg                   { room := Kant.Rendezvous.roomOf secret, sender := b, seq := 1, body := tb }),             snd :=               {                 fst :=                   { self := a, relay := relay, secret := secret, seq := 1, cursor := 2,                     messages :=                       List.cons                         { room := Kant.Rendezvous.roomOf secret, sender := b, seq := 1, body := tb }                         (List.cons                           { room := Kant.Rendezvous.roomOf secret, sender := a, seq := 1,                             body := ta }                           List.nil) },                 snd :=                   { self := b, relay := relay, secret := secret, seq := 1, cursor := 1,                     messages :=                       List.cons                         { room := Kant.Rendezvous.roomOf secret, sender := b, seq := 1, body := tb }                         (List.cons                           { room := Kant.Rendezvous.roomOf secret, sender := a, seq := 1,                             body := ta }                           List.nil) } } }","O7;13;source_systemS5;lean411;source_fileS28;RequestProject/Kant/Cli.lean13;source_formatS4;text11;imported_atI+0;14;transformed_atI+652;15;transformationsL0;13;parent_objectS0;","aaef709a52a8b96c40bc20a82ef0a24feaca17ef048da252bb969dd3dd6fcc55"
"obj.Kant.Diagnostics.parseEvents","def","Kant.Diagnostics.parseEvents","ASSERTED","List (List Char) → Option (List Kant.Diagnostics.Event)","L0;","O0;","L0;","L0;","L0;","L0;","L0;","L0;","S55;List (List Char) → Option (List Kant.Diagnostics.Event)","O7;13;source_systemS5;lean411;source_fileS36;RequestProject/Kant/Diagnostics.lean13;source_formatS4;text11;imported_atI+0;14;transformed_atI+378;15;transformationsL0;13;parent_objectS0;","c62a428fc91e0b3cc4e1516eb2d67edf3b639ce09ffba0022ce89e646ebbc825"
"obj.Kant.Cli.messy_join_same_room","theorem","Kant.Cli.messy_join_same_room","PROVEN","∀ {cfg : Kant.SiteCard.Config},   Kant.Join.BlankFree cfg.origin →     ∀ {c : Kant.Cli.Client},       c.invite.Wire →         ∀ (self : List Char) {before after lead trail : List Char},           Eq (Kant.Join.findInvite before) Option.none →             Kant.Join.BlankFree lead →               Kant.Join.BlankFree trail →                 Not (List.instMembership.mem trail Kant.Clipboard.hash) →                   Kant.Join.NoCode trail →                     ∀ {sp sq : Char},                       Eq (Kant.Join.isBlank sp) Bool.true →                         Eq (Kant.Join.isBlank sq) Bool.true →                           Eq                             (Option.map Kant.Cli.Client.room                               (Kant.Cli.joinText self                                 (instHAppendOfAppend.hAppend before                                   (List.cons sp                                     (instHAppendOfAppend.hAppend                                       (instHAppendOfAppend.hAppend                                         (instHAppendOfAppend.hAppend lead                                           (Kant.Cli.Client.link cfg c))                                         trail)                                       (List.cons sq after))))))                             (Option.some c.room)","L2;S31;obj.Kant.Rendezvous.Invite.WireS35;obj.Kant.Join.findInvite_in_message","O0;","L0;","L0;","L1;S35;claim.Kant.Cli.messy_join_same_room","L0;","L1;S35;proof.Kant.Cli.messy_join_same_room","L0;","S1298;∀ {cfg : Kant.SiteCard.Config},   Kant.Join.BlankFree cfg.origin →     ∀ {c : Kant.Cli.Client},       c.invite.Wire →         ∀ (self : List Char) {before after lead trail : List Char},           Eq (Kant.Join.findInvite before) Option.none →             Kant.Join.BlankFree lead →               Kant.Join.BlankFree trail →                 Not (List.instMembership.mem trail Kant.Clipboard.hash) →                   Kant.Join.NoCode trail →                     ∀ {sp sq : Char},                       Eq (Kant.Join.isBlank sp) Bool.true →                         Eq (Kant.Join.isBlank sq) Bool.true →                           Eq                             (Option.map Kant.Cli.Client.room                               (Kant.Cli.joinText self                                 (instHAppendOfAppend.hAppend before                                   (List.cons sp                                     (instHAppendOfAppend.hAppend                                       (instHAppendOfAppend.hAppend                                         (instHAppendOfAppend.hAppend lead                                           (Kant.Cli.Client.link cfg c))                                         trail)                                       (List.cons sq after))))))                             (Option.some c.room)","O7;13;source_systemS5;lean411;source_fileS28;RequestProject/Kant/Cli.lean13;source_formatS4;text11;imported_atI+0;14;transformed_atI+526;15;transformationsL0;13;parent_objectS0;","18366df4f22ffda929a7d94177ca6a7e410a2a3aafa7fdd3c532b9af4e3b17c8"
"obj.Kant.Wasm.Decode.bytesN.match_3","def","Kant.Wasm.Decode.bytesN.match_3","ASSERTED","(motive : Nat → Kant.Wasm.Decode.Bytes → Sort u_1) →   (x : Nat) →     (x_1 : Kant.Wasm.Decode.Bytes) →       ((bs : Kant.Wasm.Decode.Bytes) → motive 0 bs) →         ((n : Nat) → motive n.succ List.nil) →           ((n : Nat) → (b : UInt8) → (bs : List UInt8) → motive n.succ (List.cons b bs)) →             motive x x_1","L0;","O0;","L0;","L0;","L0;","L0;","L0;","L0;","S320;(motive : Nat → Kant.Wasm.Decode.Bytes → Sort u_1) →   (x : Nat) →     (x_1 : Kant.Wasm.Decode.Bytes) →       ((bs : Kant.Wasm.Decode.Bytes) → motive 0 bs) →         ((n : Nat) → motive n.succ List.nil) →           ((n : Nat) → (b : UInt8) → (bs : List UInt8) → motive n.succ (List.cons b bs)) →             motive x x_1","O7;13;source_systemS5;lean411;source_fileS31;RequestProject/Wasm/Decode.lean13;source_formatS4;text11;imported_atI+0;14;transformed_atI+0;15;transformationsL0;13;parent_objectS0;","961c98d890a3e0c4ad8e2164ba01173f6792fcd3cc7e9daabaed479216f40a95"
"obj.Kant.Dasl.cidPrefix_nestedCid","theorem","Kant.Dasl.cidPrefix_nestedCid","PROVEN","∀ (d : Kant.Bytes.Blob), Eq (Kant.Dasl.cidPrefix (Kant.Dasl.nestedCid d)) Kant.Dasl.daslPrefix","L1;S23;obj.Kant.Dasl.cidPrefix","O0;","L0;","L0;","L1;S35;claim.Kant.Dasl.cidPrefix_nestedCid","L0;","L1;S35;proof.Kant.Dasl.cidPrefix_nestedCid","L0;","S94;∀ (d : Kant.Bytes.Blob), Eq (Kant.Dasl.cidPrefix (Kant.Dasl.nestedCid d)) Kant.Dasl.daslPrefix","O7;13;source_systemS5;lean411;source_fileS29;RequestProject/Kant/Dasl.lean13;source_formatS4;text11;imported_atI+0;14;transformed_atI+179;15;transformationsL0;13;parent_objectS0;","d417e3cc5346d3866e167e3ba4a716d940050423e730445888e2789e912667db"
"obj.Kant.Uucp.Carrier.bio.sizeOf_spec","theorem","Kant.Uucp.Carrier.bio.sizeOf_spec","PROVEN","Eq (Kant.Uucp.Carrier._sizeOf_inst.sizeOf Kant.Uucp.Carrier.bio) 1","L0;","O0;","L0;","L0;","L1;S39;claim.Kant.Uucp.Carrier.bio.sizeOf_spec","L0;","L1;S39;proof.Kant.Uucp.Carrier.bio.sizeOf_spec","L0;","S66;Eq (Kant.Uucp.Carrier._sizeOf_inst.sizeOf Kant.Uucp.Carrier.bio) 1","O7;13;source_systemS5;lean411;source_fileS29;RequestProject/Kant/Uucp.lean13;source_formatS4;text11;imported_atI+0;14;transformed_atI+0;15;transformationsL0;13;parent_objectS0;","5057dbdd39c48f1628e202def225d2890a06693f488f01708d43bbfcc6bbaae3"
"obj.Kant.Strip.roundTrip_pastes","theorem","Kant.Strip.roundTrip_pastes","PROVEN","∀ {t : Kant.Meme.Template} {limit : Nat} {ps : List Kant.Paste},   instLTNat.lt 0 limit →     (∀ (p : Kant.Paste), List.instMembership.mem ps p → Kant.Clipboard.Copyable p) →       Kant.Strip.PartsFit t           (Kant.Sneakernet.frames limit             (Kant.Text.asciiBytes (Kant.Clipboard.ofPastes ps).encode)) →         Eq (Kant.Strip.toPastes (Kant.Strip.ofPastes t limit ps)) (Option.some ps)","L1;S20;obj.Kant.Strip.strip","O0;","L0;","L0;","L1;S33;claim.Kant.Strip.roundTrip_pastes","L0;","L1;S33;proof.Kant.Strip.roundTrip_pastes","L0;","S399;∀ {t : Kant.Meme.Template} {limit : Nat} {ps : List Kant.Paste},   instLTNat.lt 0 limit →     (∀ (p : Kant.Paste), List.instMembership.mem ps p → Kant.Clipboard.Copyable p) →       Kant.Strip.PartsFit t           (Kant.Sneakernet.frames limit             (Kant.Text.asciiBytes (Kant.Clipboard.ofPastes ps).encode)) →         Eq (Kant.Strip.toPastes (Kant.Strip.ofPastes t limit ps)) (Option.some ps)","O7;13;source_systemS5;lean411;source_fileS30;RequestProject/Kant/Strip.lean13;source_formatS4;text11;imported_atI+0;14;transformed_atI+202;15;transformationsL0;13;parent_objectS0;","a7e464c71673275cdfbe3318af59527f2524e76dcd328e325a11eaa8d33a1395"
"obj.Kant.Sheaf.Encoding.base64.sizeOf_spec","theorem","Kant.Sheaf.Encoding.base64.sizeOf_spec","PROVEN","Eq (Kant.Sheaf.Encoding._sizeOf_inst.sizeOf Kant.Sheaf.Encoding.base64) 1","L0;","O0;","L0;","L0;","L1;S44;claim.Kant.Sheaf.Encoding.base64.sizeOf_spec","L0;","L1;S44;proof.Kant.Sheaf.Encoding.base64.sizeOf_spec","L0;","S73;Eq (Kant.Sheaf.Encoding._sizeOf_inst.sizeOf Kant.Sheaf.Encoding.base64) 1","O7;13;source_systemS5;lean411;source_fileS30;RequestProject/Kant/Sheaf.lean13;source_formatS4;text11;imported_atI+0;14;transformed_atI+0;15;transformationsL0;13;parent_objectS0;","45d7a315ab0f10ebd2ec2469b5d051284d568d2465098f319d4a7dde1fb926ee"
"obj.Kant.Wasm.Kernel.socialLimit","def","Kant.Wasm.Kernel.socialLimit","ASSERTED","Nat","L0;","O0;","L0;","L0;","L0;","L0;","L0;","L0;","S3;Nat","O7;13;source_systemS5;lean411;source_fileS31;RequestProject/Wasm/Kernel.lean13;source_formatS4;text11;imported_atI+0;14;transformed_atI+31;15;transformationsL0;13;parent_objectS0;","eb00eb3a8944fd6e36d4484ac27bbcb148da014cfb702ba8184a2493643b296b"
"obj.Kant.SiteCard.Card","inductive","Kant.SiteCard.Card","ASSERTED","Type","L0;","O0;","L0;","L0;","L0;","L0;","L0;","L0;","S4;Type","O7;13;source_systemS5;lean411;source_fileS33;RequestProject/Kant/SiteCard.lean13;source_formatS4;text11;imported_atI+0;14;transformed_atI+373;15;transformationsL0;13;parent_objectS0;","b8a0f1a95c45193fcfd1187e28d0e00ce3e9cddf42d2f96581f02037c05630b2"
"obj.Kant.Relay.Msg.casesOn","def","Kant.Relay.Msg.casesOn","ASSERTED","{motive : Kant.Relay.Msg → Sort u} →   (t : Kant.Relay.Msg) →     ((room sender : List Char) →         (seq : Nat) →           (body : Kant.Bytes.Blob) →             motive { room := room, sender := sender, seq := seq, body := body }) →       motive t","L0;","O0;","L0;","L0;","L0;","L0;","L0;","L0;","S251;{motive : Kant.Relay.Msg → Sort u} →   (t : Kant.Relay.Msg) →     ((room sender : List Char) →         (seq : Nat) →           (body : Kant.Bytes.Blob) →             motive { room := room, sender := sender, seq := seq, body := body }) →       motive t","O7;13;source_systemS5;lean411;source_fileS30;RequestProject/Kant/Relay.lean13;source_formatS4;text11;imported_atI+0;14;transformed_atI+50;15;transformationsL0;13;parent_objectS0;","394f44554a4c6c0939cfc06b56d97efe9c843cd5eb974dab9d10b38fb5c7b3b0"
"obj.Kant.PlainText.instDecidableEqMeta.decEq.match_1","def","Kant.PlainText.instDecidableEqMeta.decEq.match_1","ASSERTED","(motive : Kant.PlainText.Meta → Kant.PlainText.Meta → Sort u_1) →   (x x_1 : Kant.PlainText.Meta) →     ((a a_1 a_2 a_3 b b_1 b_2 b_3 : List Char) →         motive { title := a, link := a_1, address := a_2, posted := a_3 }           { title := b, link := b_1, address := b_2, posted := b_3 }) →       motive x x_1","L0;","O0;","L0;","L0;","L0;","L0;","L0;","L0;","S313;(motive : Kant.PlainText.Meta → Kant.PlainText.Meta → Sort u_1) →   (x x_1 : Kant.PlainText.Meta) →     ((a a_1 a_2 a_3 b b_1 b_2 b_3 : List Char) →         motive { title := a, link := a_1, address := a_2, posted := a_3 }           { title := b, link := b_1, address := b_2, posted := b_3 }) →       motive x x_1","O7;13;source_systemS5;lean411;source_fileS34;RequestProject/Kant/PlainText.lean13;source_formatS4;text11;imported_atI+0;14;transformed_atI+0;15;transformationsL0;13;parent_objectS0;","d2c359873347125b3dc17cf8204d6d78ad07f03844fbca715b041ebf461d0c2e"
"obj.Kant.Codec.Loss.partialLoss.elim","def","Kant.Codec.Loss.partialLoss.elim","ASSERTED","{motive : Kant.Codec.Loss → Sort u} →   (t : Kant.Codec.Loss) → Eq t.ctorIdx 2 → motive Kant.Codec.Loss.partialLoss → motive t","L0;","O0;","L0;","L0;","L0;","L0;","L0;","L0;","S126;{motive : Kant.Codec.Loss → Sort u} →   (t : Kant.Codec.Loss) → Eq t.ctorIdx 2 → motive Kant.Codec.Loss.partialLoss → motive t","O7;13;source_systemS5;lean411;source_fileS36;RequestProject/Kant/Codec/Model.lean13;source_formatS4;text11;imported_atI+0;14;transformed_atI+58;15;transformationsL0;13;parent_objectS0;","9e0c5ab818848a9005d21ba9f4d85043dd72c3d424e82f765327014bf2b34f69"
"obj.Kant.Codec.Envelope.casesOn","def","Kant.Codec.Envelope.casesOn","ASSERTED","{motive : Kant.Codec.Envelope → Sort u} →   (t : Kant.Codec.Envelope) →     ((schemaVersion codecVersion source destination : List Char) →         (timestamp : Nat) →           (objectId payload : List Char) →             (payloadFormat : Kant.Codec.Fmt) →               (inputs outputs claims certificates : List Kant.Codec.Val) →                 (diagnostics : List Kant.Codec.Err) →                   (transformations : List Kant.Codec.Trans) →                     (integrity : List Char) →                       motive                         { schemaVersion := schemaVersion, codecVersion := codecVersion,                           source := source, destination := destination, timestamp := timestamp,                           objectId := objectId, payload := payload, payloadFormat := payloadFormat,                           inputs := inputs, outputs := outputs, claims := claims,                           certificates := certificates, diagnostics := diagnostics,                           transformations := transformations, integrity := integrity }) →       motive t","L0;","O0;","L0;","L0;","L0;","L0;","L0;","L0;","S1077;{motive : Kant.Codec.Envelope → Sort u} →   (t : Kant.Codec.Envelope) →     ((schemaVersion codecVersion source destination : List Char) →         (timestamp : Nat) →           (objectId payload : List Char) →             (payloadFormat : Kant.Codec.Fmt) →               (inputs outputs claims certificates : List Kant.Codec.Val) →                 (diagnostics : List Kant.Codec.Err) →                   (transformations : List Kant.Codec.Trans) →                     (integrity : List Char) →                       motive                         { schemaVersion := schemaVersion, codecVersion := codecVersion,                           source := source, destination := destination, timestamp := timestamp,                           objectId := objectId, payload := payload, payloadFormat := payloadFormat,                           inputs := inputs, outputs := outputs, claims := claims,                           certificates := certificates, diagnostics := diagnostics,                           transformations := transformations, integrity := integrity }) →       motive t","O7;13;source_systemS5;lean411;source_fileS39;RequestProject/Kant/Codec/Exchange.lean13;source_formatS4;text11;imported_atI+0;14;transformed_atI+107;15;transformationsL0;13;parent_objectS0;","313e2d1b0989f031428aaa969adbc22e0aa675a6b0f62a2b7d58b50d78739648"
"obj.Kant.Dom.Schema.location","def","Kant.Dom.Schema.location","ASSERTED","Kant.Dom.Schema → List Char","L0;","O0;","L0;","L0;","L0;","L0;","L0;","L0;","S27;Kant.Dom.Schema → List Char","O7;13;source_systemS5;lean411;source_fileS37;RequestProject/Kant/Domain/Model.lean13;source_formatS4;text11;imported_atI+0;14;transformed_atI+538;15;transformationsL0;13;parent_objectS0;","48a20fcd852e45d0fe8545b660b8a67bd0ddaa8e5a7c7576fd074c9115643ab1"
"obj.Kant.Codec.digitVal.eq_10","theorem","Kant.Codec.digitVal.eq_10","PROVEN","Eq (Kant.Codec.digitVal '9') (Option.some 9)","L0;","O0;","L0;","L0;","L1;S31;claim.Kant.Codec.digitVal.eq_10","L0;","L1;S31;proof.Kant.Codec.digitVal.eq_10","L0;","S44;Eq (Kant.Codec.digitVal '9') (Option.some 9)","O7;13;source_systemS5;lean411;source_fileS35;RequestProject/Kant/Codec/Yaml.lean13;source_formatS4;text11;imported_atI+0;14;transformed_atI+0;15;transformationsL0;13;parent_objectS0;","013dfe0aae57e1441c58313920edfdf7f3355c246e29abaac2444462691292dd"
"obj.Kant.CardDebug.envelopeOf","def","Kant.CardDebug.envelopeOf","ASSERTED","List Char → Option Kant.Clipboard.Envelope","L0;","O0;","L0;","L0;","L0;","L0;","L0;","L0;","S42;List Char → Option Kant.Clipboard.Envelope","O7;13;source_systemS5;lean411;source_fileS34;RequestProject/Kant/CardDebug.lean13;source_formatS4;text11;imported_atI+0;14;transformed_atI+74;15;transformationsL0;13;parent_objectS0;","da9bc049a6f50b552d9b6fb4d186465a1852ff71788073c742ee52db0ec4c6ec"
"obj.Kant.CodeMovie.Circuit.const.noConfusion","def","Kant.CodeMovie.Circuit.const.noConfusion","ASSERTED","{P : Sort u} →   {b b' : Bool} →     Eq (Kant.CodeMovie.Circuit.const b) (Kant.CodeMovie.Circuit.const b') → (Eq b b' → P) → P","L0;","O0;","L0;","L0;","L0;","L0;","L0;","L0;","S126;{P : Sort u} →   {b b' : Bool} →     Eq (Kant.CodeMovie.Circuit.const b) (Kant.CodeMovie.Circuit.const b') → (Eq b b' → P) → P","O7;13;source_systemS5;lean411;source_fileS34;RequestProject/Kant/CodeMovie.lean13;source_formatS4;text11;imported_atI+0;14;transformed_atI+158;15;transformationsL0;13;parent_objectS0;","d9eb6f19fe02bd7049c4a6d20259629bbbf7f93cdd157a3e60d1236619886f49"
"obj.Kant.Onboarding.start.eq_1","theorem","Kant.Onboarding.start.eq_1","PROVEN","Eq Kant.Onboarding.start   { screen := Kant.Onboarding.Screen.welcome, camera := Bool.false, inRoom := Bool.false,     hushed := Bool.false,     progress := { gotIn := Bool.false, sharedIt := Bool.false, saidHello := Bool.false } }","L0;","O0;","L0;","L0;","L1;S32;claim.Kant.Onboarding.start.eq_1","L0;","L1;S32;proof.Kant.Onboarding.start.eq_1","L0;","S231;Eq Kant.Onboarding.start   { screen := Kant.Onboarding.Screen.welcome, camera := Bool.false, inRoom := Bool.false,     hushed := Bool.false,     progress := { gotIn := Bool.false, sharedIt := Bool.false, saidHello := Bool.false } }","O7;13;source_systemS5;lean411;source_fileS35;RequestProject/Kant/Onboarding.lean13;source_formatS4;text11;imported_atI+0;14;transformed_atI+0;15;transformationsL0;13;parent_objectS0;","e9372849a41d293cca83a85faf0bda2f17eed893a50d67625d080d11713f5955"
"obj.Kant.Dom.tablesPackage_files","theorem","Kant.Dom.tablesPackage_files","PROVEN","∀ (d : Kant.Dom.Domain),   Eq (List.map Prod.fst (Kant.Dom.tablesPackage d))     (List.map String.toList       (List.cons ""domain-header.csv""         (List.cons ""objects.csv""           (List.cons ""proofs.csv""             (List.cons ""relations.csv""               (List.cons ""proof-ledger.csv""                 (List.cons ""proof-ledger.yaml""                   (List.cons ""provenance.yaml""                     (List.cons ""error-report.yaml""                       (List.cons ""proof-coverage.txt"" List.nil))))))))))","L0;","O0;","L0;","L0;","L1;S34;claim.Kant.Dom.tablesPackage_files","L0;","L1;S34;proof.Kant.Dom.tablesPackage_files","L0;","S509;∀ (d : Kant.Dom.Domain),   Eq (List.map Prod.fst (Kant.Dom.tablesPackage d))     (List.map String.toList       (List.cons ""domain-header.csv""         (List.cons ""objects.csv""           (List.cons ""proofs.csv""             (List.cons ""relations.csv""               (List.cons ""proof-ledger.csv""                 (List.cons ""proof-ledger.yaml""                   (List.cons ""provenance.yaml""                     (List.cons ""error-report.yaml""                       (List.cons ""proof-coverage.txt"" List.nil))))))))))","O7;13;source_systemS5;lean411;source_fileS39;RequestProject/Kant/Domain/Package.lean13;source_formatS4;text11;imported_atI+0;14;transformed_atI+280;15;transformationsL0;13;parent_objectS0;","6679a6418f4a3be08d420044ac08573331d3dbd94f18be86f4b4e8baeb14ed59"
"obj.Kant.Clipboard.Envelope.isAscii_encode","theorem","Kant.Clipboard.Envelope.isAscii_encode","PROVEN","∀ (e : Kant.Clipboard.Envelope), Kant.Text.IsAscii e.encode","L0;","O0;","L0;","L0;","L1;S44;claim.Kant.Clipboard.Envelope.isAscii_encode","L0;","L1;S44;proof.Kant.Clipboard.Envelope.isAscii_encode","L0;","S59;∀ (e : Kant.Clipboard.Envelope), Kant.Text.IsAscii e.encode","O7;13;source_systemS5;lean411;source_fileS34;RequestProject/Kant/Clipboard.lean13;source_formatS4;text11;imported_atI+0;14;transformed_atI+90;15;transformationsL0;13;parent_objectS0;","ed1cebd8c8e91087e6714a1667e9d6048e2d924b972b06b51b099924c7125fe2"
"obj.Kant.Text.joinFields.match_1","def","Kant.Text.joinFields.match_1","ASSERTED","(motive : List (List Char) → Sort u_1) →   (x : List (List Char)) →     (Unit → motive List.nil) →       ((f : List Char) → motive (List.cons f List.nil)) →         ((f : List Char) → (fs : List (List Char)) → motive (List.cons f fs)) → motive x","L0;","O0;","L0;","L0;","L0;","L0;","L0;","L0;","S245;(motive : List (List Char) → Sort u_1) →   (x : List (List Char)) →     (Unit → motive List.nil) →       ((f : List Char) → motive (List.cons f List.nil)) →         ((f : List Char) → (fs : List (List Char)) → motive (List.cons f fs)) → motive x","O7;13;source_systemS5;lean411;source_fileS29;RequestProject/Kant/Text.lean13;source_formatS4;text11;imported_atI+0;14;transformed_atI+0;15;transformationsL0;13;parent_objectS0;","defa3ec9e1866cc56bb40e7da3fb2bb2475f06f2d011301fa88f210670ae34cc"
"obj.Kant.Rendezvous.instDecidableEqAnnounce","def","Kant.Rendezvous.instDecidableEqAnnounce","ASSERTED","DecidableEq Kant.Rendezvous.Announce","L0;","O0;","L0;","L0;","L0;","L0;","L0;","L0;","S36;DecidableEq Kant.Rendezvous.Announce","O7;13;source_systemS5;lean411;source_fileS35;RequestProject/Kant/Rendezvous.lean13;source_formatS4;text11;imported_atI+0;14;transformed_atI+133;15;transformationsL0;13;parent_objectS0;","91dc825deb39918fdc682dee7ba3dc1cf117bac010baacf517ff64ea7273ba02"
"obj.Kant.Dom.Event.invalidation.sizeOf_spec","theorem","Kant.Dom.Event.invalidation.sizeOf_spec","PROVEN","∀ (proofId : Kant.Dom.Id),   Eq (Kant.Dom.Event._sizeOf_inst.sizeOf (Kant.Dom.Event.invalidation proofId))     (instHAdd.hAdd 1 ((List._sizeOf_inst Char).sizeOf proofId))","L0;","O0;","L0;","L0;","L1;S45;claim.Kant.Dom.Event.invalidation.sizeOf_spec","L0;","L1;S45;proof.Kant.Dom.Event.invalidation.sizeOf_spec","L0;","S170;∀ (proofId : Kant.Dom.Id),   Eq (Kant.Dom.Event._sizeOf_inst.sizeOf (Kant.Dom.Event.invalidation proofId))     (instHAdd.hAdd 1 ((List._sizeOf_inst Char).sizeOf proofId))","O7;13;source_systemS5;lean411;source_fileS38;RequestProject/Kant/Domain/Policy.lean13;source_formatS4;text11;imported_atI+0;14;transformed_atI+0;15;transformationsL0;13;parent_objectS0;","bb48e677a03c748992e81cf128b4c84670aad77650a0340bb5c47f6094b4d448"
"obj.Kant.Handoff.run_snd","theorem","Kant.Handoff.run_snd","PROVEN","∀ (a b : Kant.Uucp.Node), Eq (Kant.Handoff.run a b).snd (b.paste a.bag)","L0;","O0;","L0;","L0;","L1;S26;claim.Kant.Handoff.run_snd","L0;","L1;S26;proof.Kant.Handoff.run_snd","L0;","S71;∀ (a b : Kant.Uucp.Node), Eq (Kant.Handoff.run a b).snd (b.paste a.bag)","O7;13;source_systemS5;lean411;source_fileS32;RequestProject/Kant/Handoff.lean13;source_formatS4;text11;imported_atI+0;14;transformed_atI+121;15;transformationsL0;13;parent_objectS0;","912d5220c0f7c99f9c029a83272e6d043eb6a7e622bb58451506effe11ca30fa"
"obj.Kant.Codec.digitVal.eq_9","theorem","Kant.Codec.digitVal.eq_9","PROVEN","Eq (Kant.Codec.digitVal '8') (Option.some 8)","L0;","O0;","L0;","L0;","L1;S30;claim.Kant.Codec.digitVal.eq_9","L0;","L1;S30;proof.Kant.Codec.digitVal.eq_9","L0;","S44;Eq (Kant.Codec.digitVal '8') (Option.some 8)","O7;13;source_systemS5;lean411;source_fileS35;RequestProject/Kant/Codec/Yaml.lean13;source_formatS4;text11;imported_atI+0;14;transformed_atI+0;15;transformationsL0;13;parent_objectS0;","d12ec567b268deb410c0af883d631067e83d19f739d9211abc54edea0eaa174d"
"obj.Kant.Wasm.Instr.i64const.inj","theorem","Kant.Wasm.Instr.i64const.inj","PROVEN","∀ {n n_1 : Nat}, Eq (Kant.Wasm.Instr.i64const n) (Kant.Wasm.Instr.i64const n_1) → Eq n n_1","L0;","O0;","L0;","L0;","L1;S34;claim.Kant.Wasm.Instr.i64const.inj","L0;","L1;S34;proof.Kant.Wasm.Instr.i64const.inj","L0;","S90;∀ {n n_1 : Nat}, Eq (Kant.Wasm.Instr.i64const n) (Kant.Wasm.Instr.i64const n_1) → Eq n n_1","O7;13;source_systemS5;lean411;source_fileS31;RequestProject/Wasm/Syntax.lean13;source_formatS4;text11;imported_atI+0;14;transformed_atI+0;15;transformationsL0;13;parent_objectS0;","3ad76d58dbb236ae7b940d06e59ff5a93276c51af6182dd0fe76b384899cf75b"
"obj.Kant.Stego.byteBits","def","Kant.Stego.byteBits","ASSERTED","Nat → List Bool","L0;","O0;","L0;","L0;","L0;","L0;","L0;","L0;","S15;Nat → List Bool","O7;13;source_systemS5;lean411;source_fileS30;RequestProject/Kant/Stego.lean13;source_formatS4;text11;imported_atI+0;14;transformed_atI+35;15;transformationsL0;13;parent_objectS0;","1f529187bd2c3558008774a09aec690bbe5157daa7f98bd63e428024c1694469"
"obj.Kant.Uucp.Carrier.noConfusion","def","Kant.Uucp.Carrier.noConfusion","ASSERTED","{P : Sort v✝} → {x y : Kant.Uucp.Carrier} → Eq x y → Kant.Uucp.Carrier.noConfusionType P x y","L0;","O0;","L0;","L0;","L0;","L0;","L0;","L0;","S92;{P : Sort v✝} → {x y : Kant.Uucp.Carrier} → Eq x y → Kant.Uucp.Carrier.noConfusionType P x y","O7;13;source_systemS5;lean411;source_fileS29;RequestProject/Kant/Uucp.lean13;source_formatS4;text11;imported_atI+0;14;transformed_atI+66;15;transformationsL0;13;parent_objectS0;","93eb9752d3d4d2c36effcd7afe56b838b0a0de690a13670914db3660c181977e"
"obj.Kant.Sneakernet.instDecidableEqFrame.decEq","def","Kant.Sneakernet.instDecidableEqFrame.decEq","ASSERTED","(x x_1 : Kant.Sneakernet.Frame) → Decidable (Eq x x_1)","L0;","O0;","L0;","L0;","L0;","L0;","L0;","L0;","S54;(x x_1 : Kant.Sneakernet.Frame) → Decidable (Eq x x_1)","O7;13;source_systemS5;lean411;source_fileS35;RequestProject/Kant/Sneakernet.lean13;source_formatS4;text11;imported_atI+0;14;transformed_atI+136;15;transformationsL0;13;parent_objectS0;","d979e67d49bc7a32f64a611e748f884d549956b191763b14c21ed8016a53078f"
"obj.Kant.Uucp.absorb_nil","theorem","Kant.Uucp.absorb_nil","PROVEN","∀ (spool : List Kant.Relay.Msg), Eq (Kant.Uucp.absorb spool List.nil) spool","L0;","O0;","L0;","L0;","L1;S26;claim.Kant.Uucp.absorb_nil","L0;","L1;S26;proof.Kant.Uucp.absorb_nil","L0;","S75;∀ (spool : List Kant.Relay.Msg), Eq (Kant.Uucp.absorb spool List.nil) spool","O7;13;source_systemS5;lean411;source_fileS29;RequestProject/Kant/Uucp.lean13;source_formatS4;text11;imported_atI+0;14;transformed_atI+341;15;transformationsL0;13;parent_objectS0;","edb75e39694a84fc665561d54a4b026f072fe9f5348d78e2608ce4a3bbf7be95"
"obj.Kant.Codec.Compat.ctorElimType","def","Kant.Codec.Compat.ctorElimType","ASSERTED","{motive : Kant.Codec.Compat → Sort u} → Nat → Sort (max 1 u)","L0;","O0;","L0;","L0;","L0;","L0;","L0;","L0;","S60;{motive : Kant.Codec.Compat → Sort u} → Nat → Sort (max 1 u)","O7;13;source_systemS5;lean411;source_fileS39;RequestProject/Kant/Codec/Exchange.lean13;source_formatS4;text11;imported_atI+0;14;transformed_atI+0;15;transformationsL0;13;parent_objectS0;","cbef285c1512ab46a5fe81fbf1bed4b9ece7969d1cb2e478a83d6463212dac6b"
"obj.Kant.Codec.readInt.eq_1","theorem","Kant.Codec.readInt.eq_1","PROVEN","∀ (cs : List Char),   Eq (Kant.Codec.readInt (List.cons '-' cs))     (Option.map (fun p => { fst := Int.instNegInt.neg p.fst.cast, snd := p.snd })       (Kant.Codec.readNat cs))","L0;","O0;","L0;","L0;","L1;S29;claim.Kant.Codec.readInt.eq_1","L0;","L1;S29;proof.Kant.Codec.readInt.eq_1","L0;","S177;∀ (cs : List Char),   Eq (Kant.Codec.readInt (List.cons '-' cs))     (Option.map (fun p => { fst := Int.instNegInt.neg p.fst.cast, snd := p.snd })       (Kant.Codec.readNat cs))","O7;13;source_systemS5;lean411;source_fileS34;RequestProject/Kant/Codec/Val.lean13;source_formatS4;text11;imported_atI+0;14;transformed_atI+0;15;transformationsL0;13;parent_objectS0;","409f6a3916d189b9a273f2240efc2c16d705f68e6c1ce9bb416c56957b1dd7d8"
"obj.Kant.Dom.Event.assertedBy.inj","theorem","Kant.Dom.Event.assertedBy.inj","PROVEN","∀ {who who_1 : List Char},   Eq (Kant.Dom.Event.assertedBy who) (Kant.Dom.Event.assertedBy who_1) → Eq who who_1","L0;","O0;","L0;","L0;","L1;S35;claim.Kant.Dom.Event.assertedBy.inj","L0;","L1;S35;proof.Kant.Dom.Event.assertedBy.inj","L0;","S112;∀ {who who_1 : List Char},   Eq (Kant.Dom.Event.assertedBy who) (Kant.Dom.Event.assertedBy who_1) → Eq who who_1","O7;13;source_systemS5;lean411;source_fileS38;RequestProject/Kant/Domain/Policy.lean13;source_formatS4;text11;imported_atI+0;14;transformed_atI+0;15;transformationsL0;13;parent_objectS0;","5b4b4655bdd428236409f1fca9c975f06ae4c5561686d19929e1508a7ac6ff76"
"obj.Kant.Wasm.Kernel.lsbExtractE.eq_1","theorem","Kant.Wasm.Kernel.lsbExtractE.eq_1","PROVEN","Eq Kant.Wasm.Kernel.lsbExtractE ((Kant.Wasm.Expr.var 0).modC 2)","L0;","O0;","L0;","L0;","L1;S39;claim.Kant.Wasm.Kernel.lsbExtractE.eq_1","L0;","L1;S39;proof.Kant.Wasm.Kernel.lsbExtractE.eq_1","L0;","S63;Eq Kant.Wasm.Kernel.lsbExtractE ((Kant.Wasm.Expr.var 0).modC 2)","O7;13;source_systemS5;lean411;source_fileS35;RequestProject/Wasm/KernelSpec.lean13;source_formatS4;text11;imported_atI+0;14;transformed_atI+0;15;transformationsL0;13;parent_objectS0;","5b0dda2f3b2cb19e26bff7b3ab563331ed811163039cba7889f2f81c9b1df68b"
"obj.Kant.Wasm.CmpOp.geu.sizeOf_spec","theorem","Kant.Wasm.CmpOp.geu.sizeOf_spec","PROVEN","Eq (Kant.Wasm.CmpOp._sizeOf_inst.sizeOf Kant.Wasm.CmpOp.geu) 1","L1;S19;obj.Kant.Wasm.CmpOp","O0;","L0;","L0;","L1;S37;claim.Kant.Wasm.CmpOp.geu.sizeOf_spec","L0;","L1;S37;proof.Kant.Wasm.CmpOp.geu.sizeOf_spec","L0;","S62;Eq (Kant.Wasm.CmpOp._sizeOf_inst.sizeOf Kant.Wasm.CmpOp.geu) 1","O7;13;source_systemS5;lean411;source_fileS31;RequestProject/Wasm/Syntax.lean13;source_formatS4;text11;imported_atI+0;14;transformed_atI+0;15;transformationsL0;13;parent_objectS0;","d972ad19ec240e38680fd0943f7fa67b5e594d16073cef3e28319404d965f381"
"obj.Kant.Codec.splitLines.match_3","def","Kant.Codec.splitLines.match_3","ASSERTED","(motive : List Char → Sort u_1) →   (x : List Char) →     (Unit → motive List.nil) → ((c : Char) → (cs : List Char) → motive (List.cons c cs)) → motive x","L0;","O0;","L0;","L0;","L0;","L0;","L0;","L0;","S153;(motive : List Char → Sort u_1) →   (x : List Char) →     (Unit → motive List.nil) → ((c : Char) → (cs : List Char) → motive (List.cons c cs)) → motive x","O7;13;source_systemS5;lean411;source_fileS38;RequestProject/Kant/Codec/RawText.lean13;source_formatS4;text11;imported_atI+0;14;transformed_atI+0;15;transformationsL0;13;parent_objectS0;","c7096daddb61e93682fff472523854c9e98b9796a71dd960ccef1f5ed2483453"
"obj.Kant.Codec.Outp.claims","def","Kant.Codec.Outp.claims","ASSERTED","Kant.Codec.Outp → List Kant.Codec.Val","L0;","O0;","L0;","L0;","L0;","L0;","L0;","L0;","S37;Kant.Codec.Outp → List Kant.Codec.Val","O7;13;source_systemS5;lean411;source_fileS36;RequestProject/Kant/Codec/Model.lean13;source_formatS4;text11;imported_atI+0;14;transformed_atI+401;15;transformationsL0;13;parent_objectS0;","673770adb9c19b4cd68aa4105259edcf3bd828b07a64e12accfa7f507d63502d"
"obj.Kant.Meme.caption_no_markup","theorem","Kant.Meme.caption_no_markup","PROVEN","∀ (t : Kant.Meme.Template) (p : Kant.Paste),   And (Not (List.instMembership.mem (Kant.Meme.caption t p) '<'))     (And (Not (List.instMembership.mem (Kant.Meme.caption t p) '>'))       (Not (List.instMembership.mem (Kant.Meme.caption t p) '\""')))","L1;S30;obj.Kant.Meme.Template.topText","O0;","L0;","L0;","L1;S33;claim.Kant.Meme.caption_no_markup","L0;","L1;S33;proof.Kant.Meme.caption_no_markup","L0;","S247;∀ (t : Kant.Meme.Template) (p : Kant.Paste),   And (Not (List.instMembership.mem (Kant.Meme.caption t p) '<'))     (And (Not (List.instMembership.mem (Kant.Meme.caption t p) '>'))       (Not (List.instMembership.mem (Kant.Meme.caption t p) '\""')))","O7;13;source_systemS5;lean411;source_fileS29;RequestProject/Kant/Meme.lean13;source_formatS4;text11;imported_atI+0;14;transformed_atI+254;15;transformationsL0;13;parent_objectS0;","0628c81bda5b219e4c8b4b3477afd59116dc3194c84970785dc4d03527bd352b"
"obj.Kant.Codec.Ipdl.ctorElimType","def","Kant.Codec.Ipdl.ctorElimType","ASSERTED","{motive_1 : Kant.Codec.Ipdl → Sort u} → Nat → Sort (max 1 u)","L0;","O0;","L0;","L0;","L0;","L0;","L0;","L0;","S60;{motive_1 : Kant.Codec.Ipdl → Sort u} → Nat → Sort (max 1 u)","O7;13;source_systemS5;lean411;source_fileS35;RequestProject/Kant/Codec/Ipdl.lean13;source_formatS4;text11;imported_atI+0;14;transformed_atI+0;15;transformationsL0;13;parent_objectS0;","7472dc9ca494a909982287db586b4f5edcaba74113f471732ffe0a9a02c872f8"
"obj.Kant.Wasm.Kernel.eval_fitsSocialE","theorem","Kant.Wasm.Kernel.eval_fitsSocialE","PROVEN","∀ (x : UInt64),   Eq     (Option.map UInt64.toNat       (Kant.Wasm.Expr.eval (List.cons x List.nil) Kant.Wasm.Kernel.fitsSocialE))     (Option.some (ite (instLENat.le x.toNat Kant.Sneakernet.socialLimit) 1 0))","L0;","O0;","L0;","L0;","L1;S39;claim.Kant.Wasm.Kernel.eval_fitsSocialE","L0;","L1;S39;proof.Kant.Wasm.Kernel.eval_fitsSocialE","L0;","S209;∀ (x : UInt64),   Eq     (Option.map UInt64.toNat       (Kant.Wasm.Expr.eval (List.cons x List.nil) Kant.Wasm.Kernel.fitsSocialE))     (Option.some (ite (instLENat.le x.toNat Kant.Sneakernet.socialLimit) 1 0))","O7;13;source_systemS5;lean411;source_fileS35;RequestProject/Wasm/KernelSpec.lean13;source_formatS4;text11;imported_atI+0;14;transformed_atI+251;15;transformationsL0;13;parent_objectS0;","f997c0f1f01e56dcf44e46165a00f4471e73db6a43a168020f25c29b913caead"
"obj.Kant.ShareLog.postLog_row_no_markup","theorem","Kant.ShareLog.postLog_row_no_markup","PROVEN","∀ (id ts : List Char) (r : Kant.Diagnostics.Report),   And (Not (List.instMembership.mem (Kant.Feed.row (Kant.ShareLog.logPaste id ts r)).body '<'))     (And (Not (List.instMembership.mem (Kant.Feed.row (Kant.ShareLog.logPaste id ts r)).body '>'))       (Not (List.instMembership.mem (Kant.Feed.row (Kant.ShareLog.logPaste id ts r)).body '\""')))","L0;","O0;","L0;","L0;","L1;S41;claim.Kant.ShareLog.postLog_row_no_markup","L0;","L1;S41;proof.Kant.ShareLog.postLog_row_no_markup","L0;","S345;∀ (id ts : List Char) (r : Kant.Diagnostics.Report),   And (Not (List.instMembership.mem (Kant.Feed.row (Kant.ShareLog.logPaste id ts r)).body '<'))     (And (Not (List.instMembership.mem (Kant.Feed.row (Kant.ShareLog.logPaste id ts r)).body '>'))       (Not (List.instMembership.mem (Kant.Feed.row (Kant.ShareLog.logPaste id ts r)).body '\""')))","O7;13;source_systemS5;lean411;source_fileS33;RequestProject/Kant/ShareLog.lean13;source_formatS4;text11;imported_atI+0;14;transformed_atI+193;15;transformationsL0;13;parent_objectS0;","a5b57fd0bf506a8c99db0b6639600417a54b2d7739833fba18230a9eae1e6765"
"obj.Kant.Pipeline.publish","def","Kant.Pipeline.publish","ASSERTED","Nat → Kant.Bytes.Blob → List Kant.Sneakernet.Frame","L0;","O0;","L0;","L0;","L0;","L0;","L0;","L0;","S50;Nat → Kant.Bytes.Blob → List Kant.Sneakernet.Frame","O7;13;source_systemS5;lean411;source_fileS33;RequestProject/Kant/Pipeline.lean13;source_formatS4;text11;imported_atI+0;14;transformed_atI+85;15;transformationsL0;13;parent_objectS0;","902eea7289483bcb765d3ee6dd5159184af1f301964af331e1d6cfe1fc13621e"
"obj.Kant.Codec.Inp.provenance","def","Kant.Codec.Inp.provenance","ASSERTED","Kant.Codec.Inp → Option Kant.Codec.Prov","L0;","O0;","L0;","L0;","L0;","L0;","L0;","L0;","S39;Kant.Codec.Inp → Option Kant.Codec.Prov","O7;13;source_systemS5;lean411;source_fileS36;RequestProject/Kant/Codec/Model.lean13;source_formatS4;text11;imported_atI+0;14;transformed_atI+370;15;transformationsL0;13;parent_objectS0;","a9583e08812bfa0bd93f5d5422b0d5b09349b0157b208fb9a0d01a1a52f4850e"
"obj.Kant.Clipboard.fragment_append","theorem","Kant.Clipboard.fragment_append","PROVEN","∀ {base rest : List Char},   Not (List.instMembership.mem base Kant.Clipboard.hash) →     Eq       (Kant.Clipboard.fragment         (instHAppendOfAppend.hAppend base (List.cons Kant.Clipboard.hash rest)))       rest","L0;","O0;","L0;","L0;","L1;S36;claim.Kant.Clipboard.fragment_append","L0;","L1;S36;proof.Kant.Clipboard.fragment_append","L0;","S215;∀ {base rest : List Char},   Not (List.instMembership.mem base Kant.Clipboard.hash) →     Eq       (Kant.Clipboard.fragment         (instHAppendOfAppend.hAppend base (List.cons Kant.Clipboard.hash rest)))       rest","O7;13;source_systemS5;lean411;source_fileS34;RequestProject/Kant/Clipboard.lean13;source_formatS4;text11;imported_atI+0;14;transformed_atI+358;15;transformationsL0;13;parent_objectS0;","ced05fbe009077d9935e47f4f06ff36ee6c4fc2b85d1d5c35d598cf9afe0ee18"
"obj.Kant.Cli.printArgv.eq_1","theorem","Kant.Cli.printArgv.eq_1","PROVEN","∀ (a : List Char),   Eq (Kant.Cli.printArgv (Kant.Cli.Cmd.open a)) (List.cons ""open"".toList (List.cons a List.nil))","L0;","O0;","L0;","L0;","L1;S29;claim.Kant.Cli.printArgv.eq_1","L0;","L1;S29;proof.Kant.Cli.printArgv.eq_1","L0;","S115;∀ (a : List Char),   Eq (Kant.Cli.printArgv (Kant.Cli.Cmd.open a)) (List.cons ""open"".toList (List.cons a List.nil))","O7;13;source_systemS5;lean411;source_fileS28;RequestProject/Kant/Cli.lean13;source_formatS4;text11;imported_atI+0;14;transformed_atI+0;15;transformationsL0;13;parent_objectS0;","eff1c0649757a852675f6082f0d13765f575965565005efcaf5172883e7253bf"
"obj.Kant.Relay.acceptPeers","def","Kant.Relay.acceptPeers","ASSERTED","Kant.Rendezvous.Roster → List (List Char) → Kant.Rendezvous.Roster","L0;","O0;","L0;","L0;","L0;","L0;","L0;","L0;","S66;Kant.Rendezvous.Roster → List (List Char) → Kant.Rendezvous.Roster","O7;13;source_systemS5;lean411;source_fileS30;RequestProject/Kant/Relay.lean13;source_formatS4;text11;imported_atI+0;14;transformed_atI+429;15;transformationsL0;13;parent_objectS0;","db2524f60037eef32898562bc67124c0fcc4ad397b1489a942c110a05fbd49b6"
"obj.Kant.Codec.readInt_encInt","theorem","Kant.Codec.readInt_encInt","PROVEN","∀ (n : Int) (rest : List Char),   Eq (Kant.Codec.readInt (instHAppendOfAppend.hAppend (Kant.Codec.encInt n) rest))     (Option.some { fst := n, snd := rest })","L2;S21;obj.Kant.Codec.encIntS27;obj.Kant.Codec.readInt.eq_1","O0;","L0;","L0;","L1;S31;claim.Kant.Codec.readInt_encInt","L0;","L1;S31;proof.Kant.Codec.readInt_encInt","L0;","S158;∀ (n : Int) (rest : List Char),   Eq (Kant.Codec.readInt (instHAppendOfAppend.hAppend (Kant.Codec.encInt n) rest))     (Option.some { fst := n, snd := rest })","O7;13;source_systemS5;lean411;source_fileS34;RequestProject/Kant/Codec/Val.lean13;source_formatS4;text11;imported_atI+0;14;transformed_atI+210;15;transformationsL0;13;parent_objectS0;","5e3ca6a89600fcc6695391428865f381bd3df268a5f37f486db17b150038b5e3"
"obj.Kant.Dom.DomObj.toVal.eq_1","theorem","Kant.Dom.DomObj.toVal.eq_1","PROVEN","∀ (o : Kant.Dom.DomObj),   Eq o.toVal     (Kant.Codec.Val.obj       (List.cons { fst := ""id"".toList, snd := Kant.Codec.Val.str o.id }         (List.cons { fst := ""kind"".toList, snd := Kant.Codec.Val.str o.kind }           (List.cons { fst := ""name"".toList, snd := Kant.Codec.Val.str o.name }             (List.cons { fst := ""value"".toList, snd := o.value }               (List.cons { fst := ""claim"".toList, snd := Kant.Codec.Val.str o.claim }                 (List.cons { fst := ""inputs"".toList, snd := Kant.Dom.idsVal o.inputs }                   (List.cons { fst := ""parameters"".toList, snd := Kant.Codec.Val.obj o.parameters }                     (List.cons                       { fst := ""transformations"".toList, snd := Kant.Dom.idsVal o.transformations }                       (List.cons { fst := ""outputs"".toList, snd := Kant.Dom.idsVal o.outputs }                         (List.cons                           { fst := ""claim_refs"".toList, snd := Kant.Dom.idsVal o.claimRefs }                           (List.cons                             { fst := ""evidence_refs"".toList, snd := Kant.Dom.idsVal o.evidenceRefs }                             (List.cons                               { fst := ""proof_refs"".toList, snd := Kant.Dom.idsVal o.proofRefs }                               (List.cons                                 { fst := ""error_refs"".toList, snd := Kant.Dom.idsVal o.errorRefs }                                 (List.cons                                   { fst := ""truth"".toList, snd := Kant.Codec.Val.str o.truth.name }                                   (List.cons                                     { fst := ""provenance"".toList,                                       snd := Kant.Codec.optVal Kant.Codec.Prov.toVal o.provenance }                                     List.nil))))))))))))))))","L1;S22;obj.Kant.Dom.DomObj.id","O0;","L0;","L0;","L1;S32;claim.Kant.Dom.DomObj.toVal.eq_1","L0;","L1;S32;proof.Kant.Dom.DomObj.toVal.eq_1","L0;","S1812;∀ (o : Kant.Dom.DomObj),   Eq o.toVal     (Kant.Codec.Val.obj       (List.cons { fst := ""id"".toList, snd := Kant.Codec.Val.str o.id }         (List.cons { fst := ""kind"".toList, snd := Kant.Codec.Val.str o.kind }           (List.cons { fst := ""name"".toList, snd := Kant.Codec.Val.str o.name }             (List.cons { fst := ""value"".toList, snd := o.value }               (List.cons { fst := ""claim"".toList, snd := Kant.Codec.Val.str o.claim }                 (List.cons { fst := ""inputs"".toList, snd := Kant.Dom.idsVal o.inputs }                   (List.cons { fst := ""parameters"".toList, snd := Kant.Codec.Val.obj o.parameters }                     (List.cons                       { fst := ""transformations"".toList, snd := Kant.Dom.idsVal o.transformations }                       (List.cons { fst := ""outputs"".toList, snd := Kant.Dom.idsVal o.outputs }                         (List.cons                           { fst := ""claim_refs"".toList, snd := Kant.Dom.idsVal o.claimRefs }                           (List.cons                             { fst := ""evidence_refs"".toList, snd := Kant.Dom.idsVal o.evidenceRefs }                             (List.cons                               { fst := ""proof_refs"".toList, snd := Kant.Dom.idsVal o.proofRefs }                               (List.cons                                 { fst := ""error_refs"".toList, snd := Kant.Dom.idsVal o.errorRefs }                                 (List.cons                                   { fst := ""truth"".toList, snd := Kant.Codec.Val.str o.truth.name }                                   (List.cons                                     { fst := ""provenance"".toList,                                       snd := Kant.Codec.optVal Kant.Codec.Prov.toVal o.provenance }                                     List.nil))))))))))))))))","O7;13;source_systemS5;lean411;source_fileS37;RequestProject/Kant/Domain/Model.lean13;source_formatS4;text11;imported_atI+0;14;transformed_atI+0;15;transformationsL0;13;parent_objectS0;","73d9848e6d4ecde760462b93f26d47f486dd1c490075db75a42df8f9fbd464c2"
"obj.Kant.Dasl.mergeCids_payload","theorem","Kant.Dasl.mergeCids_payload","PROVEN","∀ (c₁ c₂ : Nat),   Eq (instHMod.hMod (Kant.Dasl.mergeCids c₁ c₂) (instHPow.hPow 2 48))     (instHXorOfXorOp.hXor (instHMod.hMod c₁ (instHPow.hPow 2 48))       (instHMod.hMod c₂ (instHPow.hPow 2 48)))","L1;S23;obj.Kant.Dasl.mergeCids","O0;","L0;","L0;","L1;S33;claim.Kant.Dasl.mergeCids_payload","L0;","L1;S33;proof.Kant.Dasl.mergeCids_payload","L0;","S199;∀ (c₁ c₂ : Nat),   Eq (instHMod.hMod (Kant.Dasl.mergeCids c₁ c₂) (instHPow.hPow 2 48))     (instHXorOfXorOp.hXor (instHMod.hMod c₁ (instHPow.hPow 2 48))       (instHMod.hMod c₂ (instHPow.hPow 2 48)))","O7;13;source_systemS5;lean411;source_fileS29;RequestProject/Kant/Dasl.lean13;source_formatS4;text11;imported_atI+0;14;transformed_atI+343;15;transformationsL0;13;parent_objectS0;","88aedc25ef7815c642b38e7da05f8d713fc5014ba2c2f320d060bb889c94908b"
"obj.Kant.Dom.parseTextFull_emitText","theorem","Kant.Dom.parseTextFull_emitText","PROVEN","∀ (d : Kant.Dom.Domain),   Eq (Kant.Dom.parseTextFull (Kant.Dom.emitText d)) (Option.some { fst := d.report, snd := d })","L0;","O0;","L0;","L0;","L1;S37;claim.Kant.Dom.parseTextFull_emitText","L0;","L1;S37;proof.Kant.Dom.parseTextFull_emitText","L0;","S120;∀ (d : Kant.Dom.Domain),   Eq (Kant.Dom.parseTextFull (Kant.Dom.emitText d)) (Option.some { fst := d.report, snd := d })","O7;13;source_systemS5;lean411;source_fileS36;RequestProject/Kant/Domain/Emit.lean13;source_formatS4;text11;imported_atI+0;14;transformed_atI+132;15;transformationsL0;13;parent_objectS0;","4eee4081a2ee4f3bdfe1ccf1c01c45984c3eb02db0008e399ee8572df4b791d6"
"obj.Kant.Codec.instDecidableEqRow.decEq","def","Kant.Codec.instDecidableEqRow.decEq","ASSERTED","(x x_1 : Kant.Codec.Row) → Decidable (Eq x x_1)","L0;","O0;","L0;","L0;","L0;","L0;","L0;","L0;","S47;(x x_1 : Kant.Codec.Row) → Decidable (Eq x x_1)","O7;13;source_systemS5;lean411;source_fileS34;RequestProject/Kant/Codec/Csv.lean13;source_formatS4;text11;imported_atI+0;14;transformed_atI+53;15;transformationsL0;13;parent_objectS0;","ac20621c014e121c4a69064700b2fd2f66a5582502275c9ab657941eddebcced"
"obj.Kant.Dom.Schema.ofVal.eq_1","theorem","Kant.Dom.Schema.ofVal.eq_1","PROVEN","∀ (fs : List (Prod (List Char) Kant.Codec.Val)),   Eq (Kant.Dom.Schema.ofVal (Kant.Codec.Val.obj fs)) do     let id ← Kant.Codec.getStr fs ""id"".toList     let name ← Kant.Codec.getStr fs ""name"".toList     let version ← Kant.Codec.getStr fs ""version"".toList     let location ← Kant.Codec.getStr fs ""location"".toList     instAlternativeOption.pure { id := id, name := name, version := version, location := location }","L0;","O0;","L0;","L0;","L1;S32;claim.Kant.Dom.Schema.ofVal.eq_1","L0;","L1;S32;proof.Kant.Dom.Schema.ofVal.eq_1","L0;","S414;∀ (fs : List (Prod (List Char) Kant.Codec.Val)),   Eq (Kant.Dom.Schema.ofVal (Kant.Codec.Val.obj fs)) do     let id ← Kant.Codec.getStr fs ""id"".toList     let name ← Kant.Codec.getStr fs ""name"".toList     let version ← Kant.Codec.getStr fs ""version"".toList     let location ← Kant.Codec.getStr fs ""location"".toList     instAlternativeOption.pure { id := id, name := name, version := version, location := location }","O7;13;source_systemS5;lean411;source_fileS37;RequestProject/Kant/Domain/Model.lean13;source_formatS4;text11;imported_atI+0;14;transformed_atI+0;15;transformationsL0;13;parent_objectS0;","59ddabe28c87203fcc0bd9d0f615c1f494c8f0813df665b5dfbcff7e547e7dfa"
"obj.Kant.Codec.Verdict.conflict.sizeOf_spec","theorem","Kant.Codec.Verdict.conflict.sizeOf_spec","PROVEN","Eq (Kant.Codec.Verdict._sizeOf_inst.sizeOf Kant.Codec.Verdict.conflict) 1","L0;","O0;","L0;","L0;","L1;S45;claim.Kant.Codec.Verdict.conflict.sizeOf_spec","L0;","L1;S45;proof.Kant.Codec.Verdict.conflict.sizeOf_spec","L0;","S73;Eq (Kant.Codec.Verdict._sizeOf_inst.sizeOf Kant.Codec.Verdict.conflict) 1","O7;13;source_systemS5;lean411;source_fileS40;RequestProject/Kant/Codec/Reconcile.lean13;source_formatS4;text11;imported_atI+0;14;transformed_atI+0;15;transformationsL0;13;parent_objectS0;","b0230d89c8d8aa2075486b1eb3287ca3befe13cfdb10ef26858e0c0083d790a9"
"obj.Kant.Codec.instInhabitedVal.default","def","Kant.Codec.instInhabitedVal.default","ASSERTED","Kant.Codec.Val","L0;","O0;","L0;","L0;","L0;","L0;","L0;","L0;","S14;Kant.Codec.Val","O7;13;source_systemS5;lean411;source_fileS34;RequestProject/Kant/Codec/Val.lean13;source_formatS4;text11;imported_atI+0;14;transformed_atI+44;15;transformationsL0;13;parent_objectS0;","bf962ac95e4865d942ee62bde4423bc6e4fc782e0737e6330975eb77c8eccda0"
"obj.Kant.SiteCard.shareUrl","def","Kant.SiteCard.shareUrl","ASSERTED","Kant.SiteCard.Config → Kant.Clipboard.Envelope → List Char","L1;S27;obj.Kant.Clipboard.shareUrl","O0;","L0;","L0;","L0;","L0;","L0;","L0;","S58;Kant.SiteCard.Config → Kant.Clipboard.Envelope → List Char","O7;13;source_systemS5;lean411;source_fileS33;RequestProject/Kant/SiteCard.lean13;source_formatS4;text11;imported_atI+0;14;transformed_atI+306;15;transformationsL0;13;parent_objectS0;","4990bbec757e54a9d988ae1b59529e2652edfedc3751a463743f9398eb6a6e20"
"obj.Kant.Text.charCodes.eq_1","theorem","Kant.Text.charCodes.eq_1","PROVEN","∀ (cs : List Char), Eq (Kant.Text.charCodes cs) (List.map Char.toNat cs)","L0;","O0;","L0;","L0;","L1;S30;claim.Kant.Text.charCodes.eq_1","L0;","L1;S30;proof.Kant.Text.charCodes.eq_1","L0;","S72;∀ (cs : List Char), Eq (Kant.Text.charCodes cs) (List.map Char.toNat cs)","O7;13;source_systemS5;lean411;source_fileS29;RequestProject/Kant/Text.lean13;source_formatS4;text11;imported_atI+0;14;transformed_atI+0;15;transformationsL0;13;parent_objectS0;","7d6c4997e534a64830a9bd7302eb64fb3cf7ba26ce2109e6b8ea05c6fbb61919"
"obj.Kant.Codec.Inp.casesOn","def","Kant.Codec.Inp.casesOn","ASSERTED","{motive : Kant.Codec.Inp → Sort u} →   (t : Kant.Codec.Inp) →     ((id name type : List Char) →         (value : Kant.Codec.Val) →           (encoding units : List Char) →             (constraints : List Kant.Codec.Val) →               (provenance : Option Kant.Codec.Prov) →                 motive                   { id := id, name := name, type := type, value := value, encoding := encoding,                     units := units, constraints := constraints, provenance := provenance }) →       motive t","L0;","O0;","L0;","L0;","L0;","L0;","L0;","L0;","S503;{motive : Kant.Codec.Inp → Sort u} →   (t : Kant.Codec.Inp) →     ((id name type : List Char) →         (value : Kant.Codec.Val) →           (encoding units : List Char) →             (constraints : List Kant.Codec.Val) →               (provenance : Option Kant.Codec.Prov) →                 motive                   { id := id, name := name, type := type, value := value, encoding := encoding,                     units := units, constraints := constraints, provenance := provenance }) →       motive t","O7;13;source_systemS5;lean411;source_fileS36;RequestProject/Kant/Codec/Model.lean13;source_formatS4;text11;imported_atI+0;14;transformed_atI+361;15;transformationsL0;13;parent_objectS0;","c4ccdfc80da9d80be4c6a84c52e74a38cd8fdad762f7c401968bc85c504ace3e"
"obj.Kant.Handoff.Step.recOn","def","Kant.Handoff.Step.recOn","ASSERTED","{motive : Kant.Handoff.Step → Sort u} →   (t : Kant.Handoff.Step) →     ((number : Nat) →         (actor instruction : List Char) →           (move : Kant.Handoff.Move) →             motive { number := number, actor := actor, instruction := instruction, move := move }) →       motive t","L0;","O0;","L0;","L0;","L0;","L0;","L0;","L0;","S286;{motive : Kant.Handoff.Step → Sort u} →   (t : Kant.Handoff.Step) →     ((number : Nat) →         (actor instruction : List Char) →           (move : Kant.Handoff.Move) →             motive { number := number, actor := actor, instruction := instruction, move := move }) →       motive t","O7;13;source_systemS5;lean411;source_fileS32;RequestProject/Kant/Handoff.lean13;source_formatS4;text11;imported_atI+0;14;transformed_atI+56;15;transformationsL0;13;parent_objectS0;","08085331f4686d38d588dc3202bfb8e33c24e75dda2fd15635d3041c5ca5f6d1"
"obj.Kant.Dom.Closed","def","Kant.Dom.Closed","ASSERTED","List Kant.Dom.Decl → Prop","L0;","O0;","L0;","L0;","L0;","L0;","L0;","L0;","S25;List Kant.Dom.Decl → Prop","O7;13;source_systemS5;lean411;source_fileS39;RequestProject/Kant/Domain/Catalog.lean13;source_formatS4;text11;imported_atI+0;14;transformed_atI+91;15;transformationsL0;13;parent_objectS0;","a874085a695882dcf31e622d7ec6b8977e1b4d39d32a16a2e62029eb727de9dd"
"obj.Kant.Onboarding.Progress.sharedIt","def","Kant.Onboarding.Progress.sharedIt","ASSERTED","Kant.Onboarding.Progress → Bool","L0;","O0;","L0;","L0;","L0;","L0;","L0;","L0;","S31;Kant.Onboarding.Progress → Bool","O7;13;source_systemS5;lean411;source_fileS35;RequestProject/Kant/Onboarding.lean13;source_formatS4;text11;imported_atI+0;14;transformed_atI+106;15;transformationsL0;13;parent_objectS0;","22fa2558a3ae16bce80bf803fe187f073633ce998d9e3eba3d239fb8a98da0d5"
"obj.Kant.Clipboard.Envelope.recOn","def","Kant.Clipboard.Envelope.recOn","ASSERTED","{motive : Kant.Clipboard.Envelope → Sort u} →   (t : Kant.Clipboard.Envelope) →     ((tag : Kant.Bytes.Blob) →         (fields : List Kant.Bytes.Blob) → motive { tag := tag, fields := fields }) →       motive t","L0;","O0;","L0;","L0;","L0;","L0;","L0;","L0;","S210;{motive : Kant.Clipboard.Envelope → Sort u} →   (t : Kant.Clipboard.Envelope) →     ((tag : Kant.Bytes.Blob) →         (fields : List Kant.Bytes.Blob) → motive { tag := tag, fields := fields }) →       motive t","O7;13;source_systemS5;lean411;source_fileS34;RequestProject/Kant/Clipboard.lean13;source_formatS4;text11;imported_atI+0;14;transformed_atI+41;15;transformationsL0;13;parent_objectS0;","8d6e0a107c4a3e1d46ecf8f0270f6b6a29c1718c83159cb7854275b36b8261a4"
"obj.Kant.Dom.FormatReport.matchesCanonical","def","Kant.Dom.FormatReport.matchesCanonical","ASSERTED","Kant.Dom.FormatReport → Bool","L0;","O0;","L0;","L0;","L0;","L0;","L0;","L0;","S28;Kant.Dom.FormatReport → Bool","O7;13;source_systemS5;lean411;source_fileS36;RequestProject/Kant/Domain/Emit.lean13;source_formatS4;text11;imported_atI+0;14;transformed_atI+264;15;transformationsL0;13;parent_objectS0;","2dbcd60e6230eccc88352edb714e0da7c055907b06555ed25775d2458e04c02d"
"obj.Kant.Codec.Obj.ofVal_toVal","theorem","Kant.Codec.Obj.ofVal_toVal","PROVEN","∀ (o : Kant.Codec.Obj), Eq (Kant.Codec.Obj.ofVal o.toVal) (Option.some o)","L4;S24;obj.Kant.Codec.Obj.ofValS24;obj.Kant.Codec.Inp.toValS28;obj.Kant.Codec.Status.ofNameS31;obj.Kant.Codec.Outp.ofVal_toVal","O0;","L0;","L0;","L1;S32;claim.Kant.Codec.Obj.ofVal_toVal","L0;","L1;S32;proof.Kant.Codec.Obj.ofVal_toVal","L0;","S73;∀ (o : Kant.Codec.Obj), Eq (Kant.Codec.Obj.ofVal o.toVal) (Option.some o)","O7;13;source_systemS5;lean411;source_fileS36;RequestProject/Kant/Codec/Model.lean13;source_formatS4;text11;imported_atI+0;14;transformed_atI+519;15;transformationsL0;13;parent_objectS0;","02c03473df54eec4ad2f8f40a4c706df526c3aec57edfb72ca5b51b19e57089d"
"obj.Kant.CardDebug.Code.card.elim","def","Kant.CardDebug.Code.card.elim","ASSERTED","{motive : Kant.CardDebug.Code → Sort u} →   (t : Kant.CardDebug.Code) →     Eq t.ctorIdx 0 → ((k : Kant.SiteCard.Card) → motive (Kant.CardDebug.Code.card k)) → motive t","L2;S22;obj.Kant.SiteCard.CardS32;obj.Kant.CardDebug.Code.ctorElim","O0;","L0;","L0;","L0;","L0;","L0;","L0;","S168;{motive : Kant.CardDebug.Code → Sort u} →   (t : Kant.CardDebug.Code) →     Eq t.ctorIdx 0 → ((k : Kant.SiteCard.Card) → motive (Kant.CardDebug.Code.card k)) → motive t","O7;13;source_systemS5;lean411;source_fileS34;RequestProject/Kant/CardDebug.lean13;source_formatS4;text11;imported_atI+0;14;transformed_atI+89;15;transformationsL0;13;parent_objectS0;","a29272f2ee1b3779f0caee5b6dc579d68fff8adda17b52c3e5cecad4b5a39380"
"obj.Kant.Wasm.instInhabitedModule","def","Kant.Wasm.instInhabitedModule","ASSERTED","Inhabited Kant.Wasm.Module","L1;S20;obj.Kant.Wasm.Module","O0;","L0;","L0;","L0;","L0;","L0;","L0;","S26;Inhabited Kant.Wasm.Module","O7;13;source_systemS5;lean411;source_fileS31;RequestProject/Wasm/Syntax.lean13;source_formatS4;text11;imported_atI+0;14;transformed_atI+136;15;transformationsL0;13;parent_objectS0;","7f3964b8e54d88ca83886ee3bb1e18bd12454bdfd1e02e647d1b80d76bc16357"
"obj.Kant.Sheaf.Encoding.numbers.sizeOf_spec","theorem","Kant.Sheaf.Encoding.numbers.sizeOf_spec","PROVEN","Eq (Kant.Sheaf.Encoding._sizeOf_inst.sizeOf Kant.Sheaf.Encoding.numbers) 1","L0;","O0;","L0;","L0;","L1;S45;claim.Kant.Sheaf.Encoding.numbers.sizeOf_spec","L0;","L1;S45;proof.Kant.Sheaf.Encoding.numbers.sizeOf_spec","L0;","S74;Eq (Kant.Sheaf.Encoding._sizeOf_inst.sizeOf Kant.Sheaf.Encoding.numbers) 1","O7;13;source_systemS5;lean411;source_fileS30;RequestProject/Kant/Sheaf.lean13;source_formatS4;text11;imported_atI+0;14;transformed_atI+0;15;transformationsL0;13;parent_objectS0;","c58de0a4fe07923be1d07f033bb74fd8f3c7fc51bf8d82810b24e5b97862741e"
"obj.Kant.Text.splitFields_joinFields","theorem","Kant.Text.splitFields_joinFields","PROVEN","∀ {fs : List (List Char)},   Ne fs List.nil →     (∀ (f : List Char),         List.instMembership.mem fs f → Not (List.instMembership.mem f Kant.Text.sep)) →       Eq (Kant.Text.splitFields (Kant.Text.joinFields fs)) fs","L0;","O0;","L0;","L0;","L1;S38;claim.Kant.Text.splitFields_joinFields","L0;","L1;S38;proof.Kant.Text.splitFields_joinFields","L0;","S219;∀ {fs : List (List Char)},   Ne fs List.nil →     (∀ (f : List Char),         List.instMembership.mem fs f → Not (List.instMembership.mem f Kant.Text.sep)) →       Eq (Kant.Text.splitFields (Kant.Text.joinFields fs)) fs","O7;13;source_systemS5;lean411;source_fileS29;RequestProject/Kant/Text.lean13;source_formatS4;text11;imported_atI+0;14;transformed_atI+203;15;transformationsL0;13;parent_objectS0;","e01988e0b0b626334c92f5a2cf8c95f0fe147f9c3d6fa0f19232e6393cdf973e"
"obj.Kant.Wasm.CmpOp.apply.eq_3","theorem","Kant.Wasm.CmpOp.apply.eq_3","PROVEN","∀ (x x_1 : UInt64), Eq (Kant.Wasm.CmpOp.ltu.apply x x_1) (ite (instLTUInt64.lt x x_1) 1 0)","L0;","O0;","L0;","L0;","L1;S32;claim.Kant.Wasm.CmpOp.apply.eq_3","L0;","L1;S32;proof.Kant.Wasm.CmpOp.apply.eq_3","L0;","S90;∀ (x x_1 : UInt64), Eq (Kant.Wasm.CmpOp.ltu.apply x x_1) (ite (instLTUInt64.lt x x_1) 1 0)","O7;13;source_systemS5;lean411;source_fileS35;RequestProject/Wasm/KernelSpec.lean13;source_formatS4;text11;imported_atI+0;14;transformed_atI+0;15;transformationsL0;13;parent_objectS0;","47b66053abc8b41b6ddffb42d7bc820889792dd662fcbec10f7677a600c83eee"
"obj.Kant.Dom.Rel.derives.sizeOf_spec","theorem","Kant.Dom.Rel.derives.sizeOf_spec","PROVEN","Eq (Kant.Dom.Rel._sizeOf_inst.sizeOf Kant.Dom.Rel.derives) 1","L0;","O0;","L0;","L0;","L1;S38;claim.Kant.Dom.Rel.derives.sizeOf_spec","L0;","L1;S38;proof.Kant.Dom.Rel.derives.sizeOf_spec","L0;","S60;Eq (Kant.Dom.Rel._sizeOf_inst.sizeOf Kant.Dom.Rel.derives) 1","O7;13;source_systemS5;lean411;source_fileS37;RequestProject/Kant/Domain/Model.lean13;source_formatS4;text11;imported_atI+0;14;transformed_atI+0;15;transformationsL0;13;parent_objectS0;","2ad487b738be3efa9df23811957937ad547bd5a5e6013054fe8847c2816ccd87"
"obj.Kant.Cli.Cmd.noConfusionType","def","Kant.Cli.Cmd.noConfusionType","ASSERTED","Sort u → Kant.Cli.Cmd → Kant.Cli.Cmd → Sort u","L0;","O0;","L0;","L0;","L0;","L0;","L0;","L0;","S45;Sort u → Kant.Cli.Cmd → Kant.Cli.Cmd → Sort u","O7;13;source_systemS5;lean411;source_fileS28;RequestProject/Kant/Cli.lean13;source_formatS4;text11;imported_atI+0;14;transformed_atI+0;15;transformationsL0;13;parent_objectS0;","9174e81bd549378fff06d077ed67ee4c8becfabfbbf4bad52c42393588a1c752"
"obj.Kant.Dom.Relation.kind","def","Kant.Dom.Relation.kind","ASSERTED","Kant.Dom.Relation → Kant.Dom.Rel","L0;","O0;","L0;","L0;","L0;","L0;","L0;","L0;","S32;Kant.Dom.Relation → Kant.Dom.Rel","O7;13;source_systemS5;lean411;source_fileS37;RequestProject/Kant/Domain/Model.lean13;source_formatS4;text11;imported_atI+0;14;transformed_atI+506;15;transformationsL0;13;parent_objectS0;","e8580371b94f061f05b62f0b5c725b8c1b243d13403158ed4806c42f32195b9a"
"obj.Kant.Dom.proofsTable","def","Kant.Dom.proofsTable","ASSERTED","Kant.Dom.Domain → List Char","L0;","O0;","L0;","L0;","L0;","L0;","L0;","L0;","S27;Kant.Dom.Domain → List Char","O7;13;source_systemS5;lean411;source_fileS37;RequestProject/Kant/Domain/Table.lean13;source_formatS4;text11;imported_atI+0;14;transformed_atI+386;15;transformationsL0;13;parent_objectS0;","d80559a70148957aa57457e6e45d9afd78dbc56737b11be4bae5937e07846ad7"
"obj.Kant.Clipboard.ofPaste.eq_1","theorem","Kant.Clipboard.ofPaste.eq_1","PROVEN","∀ (p : Kant.Paste),   Eq (Kant.Clipboard.ofPaste p)     { tag := Kant.Clipboard.tagPaste,       fields :=         List.cons (Kant.Text.asciiBytes p.id)           (List.cons (Kant.Text.asciiBytes p.title)             (List.cons p.content               (List.cons (Kant.Text.asciiBytes p.timestamp)                 (List.cons (Kant.Clipboard.optField p.replyTo)                   (List.cons (Kant.Text.asciiBytes p.witness) List.nil))))) }","L0;","O0;","L0;","L0;","L1;S33;claim.Kant.Clipboard.ofPaste.eq_1","L0;","L1;S33;proof.Kant.Clipboard.ofPaste.eq_1","L0;","S437;∀ (p : Kant.Paste),   Eq (Kant.Clipboard.ofPaste p)     { tag := Kant.Clipboard.tagPaste,       fields :=         List.cons (Kant.Text.asciiBytes p.id)           (List.cons (Kant.Text.asciiBytes p.title)             (List.cons p.content               (List.cons (Kant.Text.asciiBytes p.timestamp)                 (List.cons (Kant.Clipboard.optField p.replyTo)                   (List.cons (Kant.Text.asciiBytes p.witness) List.nil))))) }","O7;13;source_systemS5;lean411;source_fileS34;RequestProject/Kant/Clipboard.lean13;source_formatS4;text11;imported_atI+0;14;transformed_atI+0;15;transformationsL0;13;parent_objectS0;","61545645f466596ab699116bad70d3452f01fac23ff8e3dc9a8a788c1e6b7b47"
"obj.Kant.Dom.Repair.toCtorIdx","def","Kant.Dom.Repair.toCtorIdx","ASSERTED","Kant.Dom.Repair → Nat","L0;","O0;","L0;","L0;","L0;","L0;","L0;","L0;","S21;Kant.Dom.Repair → Nat","O7;13;source_systemS5;lean411;source_fileS38;RequestProject/Kant/Domain/Policy.lean13;source_formatS4;text11;imported_atI+0;14;transformed_atI+0;15;transformationsL0;13;parent_objectS0;","1f04d23aef50bdda4c4cb785c75121bdc6e696e2dbd5aacc9e3d5a4544d5c48f"
"obj.Kant.Dom.Tests.exAsserted","def","Kant.Dom.Tests.exAsserted","ASSERTED","Kant.Dom.DomObj","L0;","O0;","L0;","L0;","L0;","L0;","L0;","L0;","S15;Kant.Dom.DomObj","O7;13;source_systemS5;lean411;source_fileS37;RequestProject/Kant/Domain/Tests.lean13;source_formatS4;text11;imported_atI+0;14;transformed_atI+48;15;transformationsL0;13;parent_objectS0;","11e3f6403537ebb485913678f30746978b94a2c5afc720ba0be2b9a877e1269d"
"obj.Kant.Sneakernet.Channel.qr.sizeOf_spec","theorem","Kant.Sneakernet.Channel.qr.sizeOf_spec","PROVEN","Eq (Kant.Sneakernet.Channel._sizeOf_inst.sizeOf Kant.Sneakernet.Channel.qr) 1","L0;","O0;","L0;","L0;","L1;S44;claim.Kant.Sneakernet.Channel.qr.sizeOf_spec","L0;","L1;S44;proof.Kant.Sneakernet.Channel.qr.sizeOf_spec","L0;","S77;Eq (Kant.Sneakernet.Channel._sizeOf_inst.sizeOf Kant.Sneakernet.Channel.qr) 1","O7;13;source_systemS5;lean411;source_fileS35;RequestProject/Kant/Sneakernet.lean13;source_formatS4;text11;imported_atI+0;14;transformed_atI+0;15;transformationsL0;13;parent_objectS0;","6055b48319452a0d8a621aba9bbbee9ab1428d63a39ac7e7e1069e9547477174"
"obj.Kant.ShareLog.postLog_copy_roundTrip","theorem","Kant.ShareLog.postLog_copy_roundTrip","PROVEN","∀ {id ts : List Char},   Kant.Text.IsAscii id →     Kant.Text.IsAscii ts →       ∀ (r : Kant.Diagnostics.Report),         Eq (Kant.Clipboard.pasteText (Kant.Clipboard.copyText (Kant.ShareLog.logPaste id ts r)))           (Option.some (Kant.ShareLog.logPaste id ts r))","L0;","O0;","L0;","L0;","L1;S42;claim.Kant.ShareLog.postLog_copy_roundTrip","L0;","L1;S42;proof.Kant.ShareLog.postLog_copy_roundTrip","L0;","S267;∀ {id ts : List Char},   Kant.Text.IsAscii id →     Kant.Text.IsAscii ts →       ∀ (r : Kant.Diagnostics.Report),         Eq (Kant.Clipboard.pasteText (Kant.Clipboard.copyText (Kant.ShareLog.logPaste id ts r)))           (Option.some (Kant.ShareLog.logPaste id ts r))","O7;13;source_systemS5;lean411;source_fileS33;RequestProject/Kant/ShareLog.lean13;source_formatS4;text11;imported_atI+0;14;transformed_atI+210;15;transformationsL0;13;parent_objectS0;","2629dfe5cec77b2f27c437a401c3679c5905db22a8b69685b7a07be751fa6ad2"
"obj.Kant.Codec.Val.list.noConfusion","def","Kant.Codec.Val.list.noConfusion","ASSERTED","{P : Sort u} →   {xs xs' : List Kant.Codec.Val} →     Eq (Kant.Codec.Val.list xs) (Kant.Codec.Val.list xs') → (Eq xs xs' → P) → P","L0;","O0;","L0;","L0;","L0;","L0;","L0;","L0;","S129;{P : Sort u} →   {xs xs' : List Kant.Codec.Val} →     Eq (Kant.Codec.Val.list xs) (Kant.Codec.Val.list xs') → (Eq xs xs' → P) → P","O7;13;source_systemS5;lean411;source_fileS34;RequestProject/Kant/Codec/Val.lean13;source_formatS4;text11;imported_atI+0;14;transformed_atI+42;15;transformationsL0;13;parent_objectS0;","b3a0ef665c5648d325d3415176fa87d067c6c1b9dbbd7f6191ae401a3692bdae"
"obj.Kant.Bytes.digest.eq_1","theorem","Kant.Bytes.digest.eq_1","PROVEN","∀ (bs : Kant.Bytes.Blob),   Eq (Kant.Bytes.digest bs)     (List.flatMap (fun i => Kant.Bytes.u64Bytes (Kant.Bytes.fnv1a (List.cons (UInt8.ofNat i) bs)))       (List.range 4))","L0;","O0;","L0;","L0;","L1;S28;claim.Kant.Bytes.digest.eq_1","L0;","L1;S28;proof.Kant.Bytes.digest.eq_1","L0;","S174;∀ (bs : Kant.Bytes.Blob),   Eq (Kant.Bytes.digest bs)     (List.flatMap (fun i => Kant.Bytes.u64Bytes (Kant.Bytes.fnv1a (List.cons (UInt8.ofNat i) bs)))       (List.range 4))","O7;13;source_systemS5;lean411;source_fileS30;RequestProject/Kant/Bytes.lean13;source_formatS4;text11;imported_atI+0;14;transformed_atI+0;15;transformationsL0;13;parent_objectS0;","d6df2730b5e0387cbb5515df6a876307f202cecdc13e8baafe819a69c3b431e5"
"obj.Kant.Diagnostics.Area.app.sizeOf_spec","theorem","Kant.Diagnostics.Area.app.sizeOf_spec","PROVEN","Eq (Kant.Diagnostics.Area._sizeOf_inst.sizeOf Kant.Diagnostics.Area.app) 1","L0;","O0;","L0;","L0;","L1;S43;claim.Kant.Diagnostics.Area.app.sizeOf_spec","L0;","L1;S43;proof.Kant.Diagnostics.Area.app.sizeOf_spec","L0;","S74;Eq (Kant.Diagnostics.Area._sizeOf_inst.sizeOf Kant.Diagnostics.Area.app) 1","O7;13;source_systemS5;lean411;source_fileS36;RequestProject/Kant/Diagnostics.lean13;source_formatS4;text11;imported_atI+0;14;transformed_atI+0;15;transformationsL0;13;parent_objectS0;","838d76f7743b3f6afbf0f43924d8afed0beb2c125de512a42bc4f160fdf34327"
"obj.Kant.SiteCard.parseQrPayload","def","Kant.SiteCard.parseQrPayload","ASSERTED","List Char → Option Kant.Clipboard.Envelope","L0;","O0;","L0;","L0;","L0;","L0;","L0;","L0;","S42;List Char → Option Kant.Clipboard.Envelope","O7;13;source_systemS5;lean411;source_fileS33;RequestProject/Kant/SiteCard.lean13;source_formatS4;text11;imported_atI+0;14;transformed_atI+316;15;transformationsL0;13;parent_objectS0;","58c8484e917a32ced411c292438f2a19c79aab730676c6e0272a70127ee76e8b"
"obj.Kant.Meme.Template.topText","def","Kant.Meme.Template.topText","ASSERTED","Kant.Meme.Template → List Char","L0;","O0;","L0;","L0;","L0;","L0;","L0;","L0;","S30;Kant.Meme.Template → List Char","O7;13;source_systemS5;lean411;source_fileS29;RequestProject/Kant/Meme.lean13;source_formatS4;text11;imported_atI+0;14;transformed_atI+53;15;transformationsL0;13;parent_objectS0;","73df7f6adbd79f58204a7d6d90b0f25b844672aff9b2ad1e890056587edaeb71"
"obj.Kant.Sync.Source.ctorElimType","def","Kant.Sync.Source.ctorElimType","ASSERTED","{motive : Kant.Sync.Source → Sort u} → Nat → Sort (max 1 u)","L0;","O0;","L0;","L0;","L0;","L0;","L0;","L0;","S59;{motive : Kant.Sync.Source → Sort u} → Nat → Sort (max 1 u)","O7;13;source_systemS5;lean411;source_fileS29;RequestProject/Kant/Sync.lean13;source_formatS4;text11;imported_atI+0;14;transformed_atI+0;15;transformationsL0;13;parent_objectS0;","8ac93685e366bfaff27bbf07c5b9812c2f8acdcff42d44553e3ae1938a6abd42"
"obj.Kant.Cli.instReprResp","def","Kant.Cli.instReprResp","ASSERTED","Repr Kant.Cli.Resp","L0;","O0;","L0;","L0;","L0;","L0;","L0;","L0;","S18;Repr Kant.Cli.Resp","O7;13;source_systemS5;lean411;source_fileS28;RequestProject/Kant/Cli.lean13;source_formatS4;text11;imported_atI+0;14;transformed_atI+295;15;transformationsL0;13;parent_objectS0;","d579b5edfa1ae66c7ca85d9a12a3a2cf79d93960bac554f240297bbd54a2a455"
"obj.Kant.CodeMovie.Circuit.or.elim","def","Kant.CodeMovie.Circuit.or.elim","ASSERTED","{motive : Kant.CodeMovie.Circuit → Sort u} →   (t : Kant.CodeMovie.Circuit) →     Eq t.ctorIdx 4 → ((c₁ c₂ : Kant.CodeMovie.Circuit) → motive (c₁.or c₂)) → motive t","L0;","O0;","L0;","L0;","L0;","L0;","L0;","L0;","S164;{motive : Kant.CodeMovie.Circuit → Sort u} →   (t : Kant.CodeMovie.Circuit) →     Eq t.ctorIdx 4 → ((c₁ c₂ : Kant.CodeMovie.Circuit) → motive (c₁.or c₂)) → motive t","O7;13;source_systemS5;lean411;source_fileS34;RequestProject/Kant/CodeMovie.lean13;source_formatS4;text11;imported_atI+0;14;transformed_atI+161;15;transformationsL0;13;parent_objectS0;","55f008277c6dfc8e92ddf2f6327f1b41a04d4ca93f1593089114078894a9137b"
"obj.Kant.Clipboard.shareUrl","def","Kant.Clipboard.shareUrl","ASSERTED","List Char → Kant.Clipboard.Envelope → List Char","L0;","O0;","L0;","L0;","L0;","L0;","L0;","L0;","S47;List Char → Kant.Clipboard.Envelope → List Char","O7;13;source_systemS5;lean411;source_fileS34;RequestProject/Kant/Clipboard.lean13;source_formatS4;text11;imported_atI+0;14;transformed_atI+345;15;transformationsL0;13;parent_objectS0;","502c6296329ad28d806f26b1a75a12ca08457c03e0a178c7b615da9fe9c1bf44"
"obj.Kant.Cli.Route.cursor","def","Kant.Cli.Route.cursor","ASSERTED","Kant.Cli.Route → Nat","L0;","O0;","L0;","L0;","L0;","L0;","L0;","L0;","S20;Kant.Cli.Route → Nat","O7;13;source_systemS5;lean411;source_fileS28;RequestProject/Kant/Cli.lean13;source_formatS4;text11;imported_atI+0;14;transformed_atI+241;15;transformationsL0;13;parent_objectS0;","3f44cad53abebfe78655766f9a1dab942f8fdf41bd73f8ad61a29cba37a4ec8a"
"obj.Kant.Codec.rowsText.eq_def","theorem","Kant.Codec.rowsText.eq_def","PROVEN","∀ (x : List Kant.Codec.Row),   Eq (Kant.Codec.rowsText x)     (Kant.Codec.rowsText.match_1 (fun x => List Char) x (fun _ => List.nil) fun r rs =>       instHAppendOfAppend.hAppend (Kant.Codec.rowText r) (Kant.Codec.rowsText rs))","L0;","O0;","L0;","L0;","L1;S32;claim.Kant.Codec.rowsText.eq_def","L0;","L1;S32;proof.Kant.Codec.rowsText.eq_def","L0;","S228;∀ (x : List Kant.Codec.Row),   Eq (Kant.Codec.rowsText x)     (Kant.Codec.rowsText.match_1 (fun x => List Char) x (fun _ => List.nil) fun r rs =>       instHAppendOfAppend.hAppend (Kant.Codec.rowText r) (Kant.Codec.rowsText rs))","O7;13;source_systemS5;lean411;source_fileS34;RequestProject/Kant/Codec/Csv.lean13;source_formatS4;text11;imported_atI+0;14;transformed_atI+0;15;transformationsL0;13;parent_objectS0;","f0157bf31082c8b35e121cf861b7a56889d7ca203a1b14f95e486be905fb47ce"
"obj.Kant.ShareLog.logText","def","Kant.ShareLog.logText","ASSERTED","Kant.Diagnostics.Report → List Char","L0;","O0;","L0;","L0;","L0;","L0;","L0;","L0;","S35;Kant.Diagnostics.Report → List Char","O7;13;source_systemS5;lean411;source_fileS33;RequestProject/Kant/ShareLog.lean13;source_formatS4;text11;imported_atI+0;14;transformed_atI+80;15;transformationsL0;13;parent_objectS0;","30488c6087d8f1b5e317adf2c0862622361a3e61e22cd6bfb7e650be6bf5871c"
"obj.Kant.SiteCard.parseEntry_line","theorem","Kant.SiteCard.parseEntry_line","PROVEN","∀ {k v : List Char},   Not (List.instMembership.mem k '=') →     Not (List.instMembership.mem k ' ') →       Ne v.head? (Option.some ' ') →         Eq           (Kant.SiteCard.parseEntry             (instHAppendOfAppend.hAppend (instHAppendOfAppend.hAppend k "" = "".toList) v))           (Option.some { fst := k, snd := v })","L0;","O0;","L0;","L0;","L1;S35;claim.Kant.SiteCard.parseEntry_line","L0;","L1;S35;proof.Kant.SiteCard.parseEntry_line","L0;","S323;∀ {k v : List Char},   Not (List.instMembership.mem k '=') →     Not (List.instMembership.mem k ' ') →       Ne v.head? (Option.some ' ') →         Eq           (Kant.SiteCard.parseEntry             (instHAppendOfAppend.hAppend (instHAppendOfAppend.hAppend k "" = "".toList) v))           (Option.some { fst := k, snd := v })","O7;13;source_systemS5;lean411;source_fileS33;RequestProject/Kant/SiteCard.lean13;source_formatS4;text11;imported_atI+0;14;transformed_atI+222;15;transformationsL0;13;parent_objectS0;","d4ace818fa676ae087ca04c795970d03c87814611e4b923e1136e880d4f24b91"
"obj.Kant.Cli.Loaded.bag.sizeOf_spec","theorem","Kant.Cli.Loaded.bag.sizeOf_spec","PROVEN","∀ (ms : List Kant.Relay.Msg),   Eq (Kant.Cli.Loaded._sizeOf_inst.sizeOf (Kant.Cli.Loaded.bag ms))     (instHAdd.hAdd 1 ((List._sizeOf_inst Kant.Relay.Msg).sizeOf ms))","L0;","O0;","L0;","L0;","L1;S37;claim.Kant.Cli.Loaded.bag.sizeOf_spec","L0;","L1;S37;proof.Kant.Cli.Loaded.bag.sizeOf_spec","L0;","S166;∀ (ms : List Kant.Relay.Msg),   Eq (Kant.Cli.Loaded._sizeOf_inst.sizeOf (Kant.Cli.Loaded.bag ms))     (instHAdd.hAdd 1 ((List._sizeOf_inst Kant.Relay.Msg).sizeOf ms))","O7;13;source_systemS5;lean411;source_fileS28;RequestProject/Kant/Cli.lean13;source_formatS4;text11;imported_atI+0;14;transformed_atI+0;15;transformationsL0;13;parent_objectS0;","b70290c0922c108a6080439cbb278da537c182a6727ca2646589ae8dcde418ff"
"obj.Kant.Demo.demoMsg","def","Kant.Demo.demoMsg","ASSERTED","Kant.Relay.Msg","L0;","O0;","L0;","L0;","L0;","L0;","L0;","L0;","S14;Kant.Relay.Msg","O7;13;source_systemS5;lean411;source_fileS29;RequestProject/Kant/Demo.lean13;source_formatS4;text11;imported_atI+0;14;transformed_atI+329;15;transformationsL0;13;parent_objectS0;","9bd8e6857a76119510979ef00015f362da56a4b413450fef9fa8e8e90e58de3c"
"obj.Kant.Wasm.Expr.var.inj","theorem","Kant.Wasm.Expr.var.inj","PROVEN","∀ {i i_1 : Nat}, Eq (Kant.Wasm.Expr.var i) (Kant.Wasm.Expr.var i_1) → Eq i i_1","L0;","O0;","L0;","L0;","L1;S28;claim.Kant.Wasm.Expr.var.inj","L0;","L1;S28;proof.Kant.Wasm.Expr.var.inj","L0;","S78;∀ {i i_1 : Nat}, Eq (Kant.Wasm.Expr.var i) (Kant.Wasm.Expr.var i_1) → Eq i i_1","O7;13;source_systemS5;lean411;source_fileS31;RequestProject/Wasm/Syntax.lean13;source_formatS4;text11;imported_atI+0;14;transformed_atI+0;15;transformationsL0;13;parent_objectS0;","1ed6d77e229b8893eb4e05ffb49b606089c217eb30899de1d1711691bb67c8ee"
"obj.Kant.Feed.replies_sublist","theorem","Kant.Feed.replies_sublist","PROVEN","∀ (w : List Char) (ps : List Kant.Paste), (Kant.Feed.replies w ps).Sublist ps","L0;","O0;","L0;","L0;","L1;S31;claim.Kant.Feed.replies_sublist","L0;","L1;S31;proof.Kant.Feed.replies_sublist","L0;","S77;∀ (w : List Char) (ps : List Kant.Paste), (Kant.Feed.replies w ps).Sublist ps","O7;13;source_systemS5;lean411;source_fileS29;RequestProject/Kant/Feed.lean13;source_formatS4;text11;imported_atI+0;14;transformed_atI+241;15;transformationsL0;13;parent_objectS0;","19ee91d93965a6d056e7c79515d148cbadd7bcdf280545bef07e9c88faeca619"
"obj.Kant.Diagnostics.parseEvent_printEvent","theorem","Kant.Diagnostics.parseEvent_printEvent","PROVEN","∀ {e : Kant.Diagnostics.Event},   e.Wire → Eq (Kant.Diagnostics.parseEvent (Kant.Diagnostics.printEvent e)) (Option.some e)","L0;","O0;","L0;","L0;","L1;S44;claim.Kant.Diagnostics.parseEvent_printEvent","L0;","L1;S44;proof.Kant.Diagnostics.parseEvent_printEvent","L0;","S123;∀ {e : Kant.Diagnostics.Event},   e.Wire → Eq (Kant.Diagnostics.parseEvent (Kant.Diagnostics.printEvent e)) (Option.some e)","O7;13;source_systemS5;lean411;source_fileS36;RequestProject/Kant/Diagnostics.lean13;source_formatS4;text11;imported_atI+0;14;transformed_atI+196;15;transformationsL0;13;parent_objectS0;","39a3295e6f29ea543fa22dc287b6ef7747e9528e51deb4c200da4bee1f6eeba5"
"obj.Kant.instReprPaste","def","Kant.instReprPaste","ASSERTED","Repr Kant.Paste","L0;","O0;","L0;","L0;","L0;","L0;","L0;","L0;","S15;Repr Kant.Paste","O7;13;source_systemS5;lean411;source_fileS30;RequestProject/Kant/Paste.lean13;source_formatS4;text11;imported_atI+0;14;transformed_atI+47;15;transformationsL0;13;parent_objectS0;","b2fef0aa476f1e8865da08bdc8f24f1b97632312977817ae97e8dd39e7b4cac1"
"obj.Kant.Stego.extractBlob_embedBlob","theorem","Kant.Stego.extractBlob_embedBlob","PROVEN","∀ {cs : Kant.Stego.Carrier} {payload : List Nat},   (∀ (v : Nat), List.instMembership.mem payload v → instLTNat.lt v 256) →     instLENat.le (instHMul.hMul 8 payload.length) (List.length cs) →       Eq (Kant.Stego.extractBlob payload.length (Kant.Stego.embedBlob cs payload)) payload","L1;S23;obj.Kant.Stego.byteBits","O0;","L0;","L0;","L1;S38;claim.Kant.Stego.extractBlob_embedBlob","L0;","L1;S38;proof.Kant.Stego.extractBlob_embedBlob","L0;","S283;∀ {cs : Kant.Stego.Carrier} {payload : List Nat},   (∀ (v : Nat), List.instMembership.mem payload v → instLTNat.lt v 256) →     instLENat.le (instHMul.hMul 8 payload.length) (List.length cs) →       Eq (Kant.Stego.extractBlob payload.length (Kant.Stego.embedBlob cs payload)) payload","O7;13;source_systemS5;lean411;source_fileS30;RequestProject/Kant/Stego.lean13;source_formatS4;text11;imported_atI+0;14;transformed_atI+171;15;transformationsL0;13;parent_objectS0;","efccd797ca673d4b8c3758c86baf0898510890fc34de6dc1b44a609574ed6a7e"
"obj.Kant.Dom.Truth.verified.elim","def","Kant.Dom.Truth.verified.elim","ASSERTED","{motive : Kant.Dom.Truth → Sort u} →   (t : Kant.Dom.Truth) → Eq t.ctorIdx 2 → motive Kant.Dom.Truth.verified → motive t","L0;","O0;","L0;","L0;","L0;","L0;","L0;","L0;","S120;{motive : Kant.Dom.Truth → Sort u} →   (t : Kant.Dom.Truth) → Eq t.ctorIdx 2 → motive Kant.Dom.Truth.verified → motive t","O7;13;source_systemS5;lean411;source_fileS37;RequestProject/Kant/Domain/Model.lean13;source_formatS4;text11;imported_atI+0;14;transformed_atI+50;15;transformationsL0;13;parent_objectS0;","290ffac1a49a6df0ba8f39f4a759e6fb481a528da6f84e7eb6e467171e8eadd9"
"obj.Kant.Onboarding.Screen.share.elim","def","Kant.Onboarding.Screen.share.elim","ASSERTED","{motive : Kant.Onboarding.Screen → Sort u} →   (t : Kant.Onboarding.Screen) → Eq t.ctorIdx 1 → motive Kant.Onboarding.Screen.share → motive t","L0;","O0;","L0;","L0;","L0;","L0;","L0;","L0;","S141;{motive : Kant.Onboarding.Screen → Sort u} →   (t : Kant.Onboarding.Screen) → Eq t.ctorIdx 1 → motive Kant.Onboarding.Screen.share → motive t","O7;13;source_systemS5;lean411;source_fileS35;RequestProject/Kant/Onboarding.lean13;source_formatS4;text11;imported_atI+0;14;transformed_atI+50;15;transformationsL0;13;parent_objectS0;","a4e90c42c68ccafe5225623fbdccc431905310f35d9937e0ec0fcc87dd188883"
"obj.Kant.Codec.instReprVerdict.repr.match_1","def","Kant.Codec.instReprVerdict.repr.match_1","ASSERTED","(motive : Kant.Codec.Verdict → Sort u_1) →   (x : Kant.Codec.Verdict) →     (Unit → motive Kant.Codec.Verdict.equivalent) →       (Unit → motive Kant.Codec.Verdict.different) →         (Unit → motive Kant.Codec.Verdict.conflict) →           (Unit → motive Kant.Codec.Verdict.incomparable) →             (Unit → motive Kant.Codec.Verdict.incomplete) → motive x","L0;","O0;","L0;","L0;","L0;","L0;","L0;","L0;","S359;(motive : Kant.Codec.Verdict → Sort u_1) →   (x : Kant.Codec.Verdict) →     (Unit → motive Kant.Codec.Verdict.equivalent) →       (Unit → motive Kant.Codec.Verdict.different) →         (Unit → motive Kant.Codec.Verdict.conflict) →           (Unit → motive Kant.Codec.Verdict.incomparable) →             (Unit → motive Kant.Codec.Verdict.incomplete) → motive x","O7;13;source_systemS5;lean411;source_fileS40;RequestProject/Kant/Codec/Reconcile.lean13;source_formatS4;text11;imported_atI+0;14;transformed_atI+0;15;transformationsL0;13;parent_objectS0;","d9866c002a3325e05dbcff48616d33fb12d6d85590030046691b72a439a61101"
"obj.Kant.Rendezvous.sourceCode","def","Kant.Rendezvous.sourceCode","ASSERTED","Kant.Sync.Source → UInt8","L0;","O0;","L0;","L0;","L0;","L0;","L0;","L0;","S24;Kant.Sync.Source → UInt8","O7;13;source_systemS5;lean411;source_fileS35;RequestProject/Kant/Rendezvous.lean13;source_formatS4;text11;imported_atI+0;14;transformed_atI+63;15;transformationsL0;13;parent_objectS0;","50e6b1876a42ef5941f068c29faf8f8e897c5ae7c5fa346b4835a6c83aa0c400"
"obj.Kant.CardDebug.Pairing.sameCode.sizeOf_spec","theorem","Kant.CardDebug.Pairing.sameCode.sizeOf_spec","PROVEN","Eq (Kant.CardDebug.Pairing._sizeOf_inst.sizeOf Kant.CardDebug.Pairing.sameCode) 1","L0;","O0;","L0;","L0;","L1;S49;claim.Kant.CardDebug.Pairing.sameCode.sizeOf_spec","L0;","L1;S49;proof.Kant.CardDebug.Pairing.sameCode.sizeOf_spec","L0;","S81;Eq (Kant.CardDebug.Pairing._sizeOf_inst.sizeOf Kant.CardDebug.Pairing.sameCode) 1","O7;13;source_systemS5;lean411;source_fileS34;RequestProject/Kant/CardDebug.lean13;source_formatS4;text11;imported_atI+0;14;transformed_atI+0;15;transformationsL0;13;parent_objectS0;","86e6b39a26c2f908f6671b046c86276b106e8756f32e324e9e11fbe0c95c1131"
"obj.Kant.Diagnostics.instReprLevel.repr.match_1","def","Kant.Diagnostics.instReprLevel.repr.match_1","ASSERTED","(motive : Kant.Diagnostics.Level → Sort u_1) →   (x : Kant.Diagnostics.Level) →     (Unit → motive Kant.Diagnostics.Level.info) →       (Unit → motive Kant.Diagnostics.Level.warn) →         (Unit → motive Kant.Diagnostics.Level.error) → motive x","L0;","O0;","L0;","L0;","L0;","L0;","L0;","L0;","S245;(motive : Kant.Diagnostics.Level → Sort u_1) →   (x : Kant.Diagnostics.Level) →     (Unit → motive Kant.Diagnostics.Level.info) →       (Unit → motive Kant.Diagnostics.Level.warn) →         (Unit → motive Kant.Diagnostics.Level.error) → motive x","O7;13;source_systemS5;lean411;source_fileS36;RequestProject/Kant/Diagnostics.lean13;source_formatS4;text11;imported_atI+0;14;transformed_atI+0;15;transformationsL0;13;parent_objectS0;","846896e9ba658615acae03799c68e5924057da125fa7b38fdb8ed8652587c67c"
"obj.Kant.Sheaf.Encoding.ofNat_ctorIdx","theorem","Kant.Sheaf.Encoding.ofNat_ctorIdx","PROVEN","∀ (x : Kant.Sheaf.Encoding), Eq (Kant.Sheaf.Encoding.ofNat x.ctorIdx) x","L1;S31;obj.Kant.Sheaf.Encoding.ctorIdx","O0;","L0;","L0;","L1;S39;claim.Kant.Sheaf.Encoding.ofNat_ctorIdx","L0;","L1;S39;proof.Kant.Sheaf.Encoding.ofNat_ctorIdx","L0;","S71;∀ (x : Kant.Sheaf.Encoding), Eq (Kant.Sheaf.Encoding.ofNat x.ctorIdx) x","O7;13;source_systemS5;lean411;source_fileS30;RequestProject/Kant/Sheaf.lean13;source_formatS4;text11;imported_atI+0;14;transformed_atI+0;15;transformationsL0;13;parent_objectS0;","1ca9d9986d8cd0c761d6c4b739494ad4c5da2d7e0895f2955522d801bc945362"
"obj.Kant.Dasl.mergeCids","def","Kant.Dasl.mergeCids","ASSERTED","Nat → Nat → Nat","L0;","O0;","L0;","L0;","L0;","L0;","L0;","L0;","S15;Nat → Nat → Nat","O7;13;source_systemS5;lean411;source_fileS29;RequestProject/Kant/Dasl.lean13;source_formatS4;text11;imported_atI+0;14;transformed_atI+325;15;transformationsL0;13;parent_objectS0;","52693c3bc4b07d4a637761c3fc1de0fd729ed9f9e0ae91a4485637d020e62637"
"obj.Kant.Codec.yFields.match_1","def","Kant.Codec.yFields.match_1","ASSERTED","(motive : List Char → Sort u_1) →   (r : List Char) →     ((r' : List Char) → motive (List.cons '}' r')) →       ((r' : List Char) → motive (List.cons ',' (List.cons ' ' r'))) →         ((x : List Char) → motive x) → motive r","L0;","O0;","L0;","L0;","L0;","L0;","L0;","L0;","S225;(motive : List Char → Sort u_1) →   (r : List Char) →     ((r' : List Char) → motive (List.cons '}' r')) →       ((r' : List Char) → motive (List.cons ',' (List.cons ' ' r'))) →         ((x : List Char) → motive x) → motive r","O7;13;source_systemS5;lean411;source_fileS35;RequestProject/Kant/Codec/Yaml.lean13;source_formatS4;text11;imported_atI+0;14;transformed_atI+0;15;transformationsL0;13;parent_objectS0;","07f64b1bce1bf711b41199db5140aeb6be2cacec46ecce8352097262d2f19098"
"obj.Kant.Dom.LedgerRow.mk.sizeOf_spec","theorem","Kant.Dom.LedgerRow.mk.sizeOf_spec","PROVEN","∀ (objectId claimId proofId : Kant.Dom.Id) (truth : Kant.Dom.Truth)   (proofStatus : Option Kant.Dom.PStatus) (coverage : Kant.Dom.Coverage) (objectHash : List Char),   Eq     (Kant.Dom.LedgerRow._sizeOf_inst.sizeOf       { objectId := objectId, claimId := claimId, proofId := proofId, truth := truth,         proofStatus := proofStatus, coverage := coverage, objectHash := objectHash })     (instHAdd.hAdd       (instHAdd.hAdd         (instHAdd.hAdd           (instHAdd.hAdd             (instHAdd.hAdd               (instHAdd.hAdd (instHAdd.hAdd 1 ((List._sizeOf_inst Char).sizeOf objectId))                 ((List._sizeOf_inst Char).sizeOf claimId))               ((List._sizeOf_inst Char).sizeOf proofId))             (Kant.Dom.Truth._sizeOf_inst.sizeOf truth))           ((Option._sizeOf_inst Kant.Dom.PStatus).sizeOf proofStatus))         (Kant.Dom.Coverage._sizeOf_inst.sizeOf coverage))       ((List._sizeOf_inst Char).sizeOf objectHash))","L0;","O0;","L0;","L0;","L1;S39;claim.Kant.Dom.LedgerRow.mk.sizeOf_spec","L0;","L1;S39;proof.Kant.Dom.LedgerRow.mk.sizeOf_spec","L0;","S945;∀ (objectId claimId proofId : Kant.Dom.Id) (truth : Kant.Dom.Truth)   (proofStatus : Option Kant.Dom.PStatus) (coverage : Kant.Dom.Coverage) (objectHash : List Char),   Eq     (Kant.Dom.LedgerRow._sizeOf_inst.sizeOf       { objectId := objectId, claimId := claimId, proofId := proofId, truth := truth,         proofStatus := proofStatus, coverage := coverage, objectHash := objectHash })     (instHAdd.hAdd       (instHAdd.hAdd         (instHAdd.hAdd           (instHAdd.hAdd             (instHAdd.hAdd               (instHAdd.hAdd (instHAdd.hAdd 1 ((List._sizeOf_inst Char).sizeOf objectId))                 ((List._sizeOf_inst Char).sizeOf claimId))               ((List._sizeOf_inst Char).sizeOf proofId))             (Kant.Dom.Truth._sizeOf_inst.sizeOf truth))           ((Option._sizeOf_inst Kant.Dom.PStatus).sizeOf proofStatus))         (Kant.Dom.Coverage._sizeOf_inst.sizeOf coverage))       ((List._sizeOf_inst Char).sizeOf objectHash))","O7;13;source_systemS5;lean411;source_fileS38;RequestProject/Kant/Domain/Ledger.lean13;source_formatS4;text11;imported_atI+0;14;transformed_atI+0;15;transformationsL0;13;parent_objectS0;","fea3a421c443fc6dc827951deaff70826df38ceef2e5b9bfbe24e7fa6fc9e254"
"obj.Kant.Dom.Repair.defaultApplied.elim","def","Kant.Dom.Repair.defaultApplied.elim","ASSERTED","{motive : Kant.Dom.Repair → Sort u} →   (t : Kant.Dom.Repair) → Eq t.ctorIdx 1 → motive Kant.Dom.Repair.defaultApplied → motive t","L0;","O0;","L0;","L0;","L0;","L0;","L0;","L0;","S129;{motive : Kant.Dom.Repair → Sort u} →   (t : Kant.Dom.Repair) → Eq t.ctorIdx 1 → motive Kant.Dom.Repair.defaultApplied → motive t","O7;13;source_systemS5;lean411;source_fileS38;RequestProject/Kant/Domain/Policy.lean13;source_formatS4;text11;imported_atI+0;14;transformed_atI+200;15;transformationsL0;13;parent_objectS0;","47ffec13f840568078e5e04316201a6b19ebd1e1692185ee85caa9f9e0c03769"
"obj.Kant.Dom.ledger_proven_sound","theorem","Kant.Dom.ledger_proven_sound","PROVEN","∀ (d : Kant.Dom.Domain) (o : Kant.Dom.DomObj),   Eq (Kant.Dom.ledgerRow d o).coverage Kant.Dom.Coverage.proven →     Exists fun p =>       And (Eq (Kant.Dom.findProof d (Kant.Dom.ledgerRow d o).proofId) (Option.some p))         (And (Eq p.status Kant.Dom.PStatus.valid) (List.instMembership.mem o.proofRefs p.id))","L4;S22;obj.Kant.Dom.ledgerRowS21;obj.Kant.Dom.proofsOfS22;obj.Kant.Dom.DomObj.idS20;obj.Kant.Dom.firstOr","O0;","L0;","L0;","L1;S34;claim.Kant.Dom.ledger_proven_sound","L0;","L1;S34;proof.Kant.Dom.ledger_proven_sound","L0;","S313;∀ (d : Kant.Dom.Domain) (o : Kant.Dom.DomObj),   Eq (Kant.Dom.ledgerRow d o).coverage Kant.Dom.Coverage.proven →     Exists fun p =>       And (Eq (Kant.Dom.findProof d (Kant.Dom.ledgerRow d o).proofId) (Option.some p))         (And (Eq p.status Kant.Dom.PStatus.valid) (List.instMembership.mem o.proofRefs p.id))","O7;13;source_systemS5;lean411;source_fileS38;RequestProject/Kant/Domain/Ledger.lean13;source_formatS4;text11;imported_atI+0;14;transformed_atI+191;15;transformationsL0;13;parent_objectS0;","809a4e573ad0945ce4adf7fda301e7af590671e455a2910adbd5a4494df60cdd"
"obj.Kant.Codec.Status.ofName","def","Kant.Codec.Status.ofName","ASSERTED","List Char → Option Kant.Codec.Status","L0;","O0;","L0;","L0;","L0;","L0;","L0;","L0;","S36;List Char → Option Kant.Codec.Status","O7;13;source_systemS5;lean411;source_fileS36;RequestProject/Kant/Codec/Model.lean13;source_formatS4;text11;imported_atI+0;14;transformed_atI+72;15;transformationsL0;13;parent_objectS0;","b281532c9563a1209e0cce3152525f93f8cf03ce9333ad86fd2489eb0144b8a9"
"obj.Kant.Wasm.BinOp.or.elim","def","Kant.Wasm.BinOp.or.elim","ASSERTED","{motive : Kant.Wasm.BinOp → Sort u} →   (t : Kant.Wasm.BinOp) → Eq t.ctorIdx 6 → motive Kant.Wasm.BinOp.or → motive t","L0;","O0;","L0;","L0;","L0;","L0;","L0;","L0;","S117;{motive : Kant.Wasm.BinOp → Sort u} →   (t : Kant.Wasm.BinOp) → Eq t.ctorIdx 6 → motive Kant.Wasm.BinOp.or → motive t","O7;13;source_systemS5;lean411;source_fileS31;RequestProject/Wasm/Syntax.lean13;source_formatS4;text11;imported_atI+0;14;transformed_atI+27;15;transformationsL0;13;parent_objectS0;","2b0ba6280c120788948cbbf516804973730154fa69a41c16b96fad609c105651"
"obj.Kant.Cli.reqOfArgv.eq_2","theorem","Kant.Cli.reqOfArgv.eq_2","PROVEN","∀ (c f x_1 p h ct d body url : List Char),   Eq     (Kant.Cli.reqOfArgv       (List.cons c         (List.cons f           (List.cons x_1             (List.cons p               (List.cons h                 (List.cons ct (List.cons d (List.cons body (List.cons url List.nil))))))))))     (ite       (And (Eq c ""curl"".toList)         (And (Eq f ""-sS"".toList)           (And (Eq x_1 ""-X"".toList)             (And (Eq p ""POST"".toList)               (And (Eq h ""-H"".toList)                 (And (Eq ct ""content-type:text/plain"".toList) (Eq d ""--data-binary"".toList)))))))       (Option.some (Kant.Cli.postReq url body)) Option.none)","L0;","O0;","L0;","L0;","L1;S29;claim.Kant.Cli.reqOfArgv.eq_2","L0;","L1;S29;proof.Kant.Cli.reqOfArgv.eq_2","L0;","S626;∀ (c f x_1 p h ct d body url : List Char),   Eq     (Kant.Cli.reqOfArgv       (List.cons c         (List.cons f           (List.cons x_1             (List.cons p               (List.cons h                 (List.cons ct (List.cons d (List.cons body (List.cons url List.nil))))))))))     (ite       (And (Eq c ""curl"".toList)         (And (Eq f ""-sS"".toList)           (And (Eq x_1 ""-X"".toList)             (And (Eq p ""POST"".toList)               (And (Eq h ""-H"".toList)                 (And (Eq ct ""content-type:text/plain"".toList) (Eq d ""--data-binary"".toList)))))))       (Option.some (Kant.Cli.postReq url body)) Option.none)","O7;13;source_systemS5;lean411;source_fileS28;RequestProject/Kant/Cli.lean13;source_formatS4;text11;imported_atI+0;14;transformed_atI+0;15;transformationsL0;13;parent_objectS0;","2a56dab8cdb117d6eef1f94a38a94601bd3ebcbc18e305e8c878bc252fb51113"
"obj.Kant.Handoff.sayCopy","def","Kant.Handoff.sayCopy","ASSERTED","List Char","L0;","O0;","L0;","L0;","L0;","L0;","L0;","L0;","S9;List Char","O7;13;source_systemS5;lean411;source_fileS32;RequestProject/Kant/Handoff.lean13;source_formatS4;text11;imported_atI+0;14;transformed_atI+82;15;transformationsL0;13;parent_objectS0;","5553d3eb016c887393797a5183ea870028146b87b2878a9951bc85c2769164a6"
"obj.Kant.Connectivity.Verdict.noTransport.sizeOf_spec","theorem","Kant.Connectivity.Verdict.noTransport.sizeOf_spec","PROVEN","Eq (Kant.Connectivity.Verdict._sizeOf_inst.sizeOf Kant.Connectivity.Verdict.noTransport) 1","L0;","O0;","L0;","L0;","L1;S55;claim.Kant.Connectivity.Verdict.noTransport.sizeOf_spec","L0;","L1;S55;proof.Kant.Connectivity.Verdict.noTransport.sizeOf_spec","L0;","S90;Eq (Kant.Connectivity.Verdict._sizeOf_inst.sizeOf Kant.Connectivity.Verdict.noTransport) 1","O7;13;source_systemS5;lean411;source_fileS37;RequestProject/Kant/Connectivity.lean13;source_formatS4;text11;imported_atI+0;14;transformed_atI+0;15;transformationsL0;13;parent_objectS0;","9a4a29a7563997ecab6f5c929d4c221fc6fb629b1b2ece1234c9382b0b26fc45"
"obj.Kant.Codec.Val.brecOn_3","def","Kant.Codec.Val.brecOn_3","ASSERTED","{motive_1 : Kant.Codec.Val → Sort u} →   {motive_2 : List Kant.Codec.Val → Sort u} →     {motive_3 : List (Prod (List Char) Kant.Codec.Val) → Sort u} →       {motive_4 : Prod (List Char) Kant.Codec.Val → Sort u} →         (t : Prod (List Char) Kant.Codec.Val) →           ((t : Kant.Codec.Val) → t.below → motive_1 t) →             ((t : List Kant.Codec.Val) → Kant.Codec.Val.below_1 t → motive_2 t) →               ((t : List (Prod (List Char) Kant.Codec.Val)) →                   Kant.Codec.Val.below_2 t → motive_3 t) →                 ((t : Prod (List Char) Kant.Codec.Val) → Kant.Codec.Val.below_3 t → motive_4 t) →                   motive_4 t","L0;","O0;","L0;","L0;","L0;","L0;","L0;","L0;","S649;{motive_1 : Kant.Codec.Val → Sort u} →   {motive_2 : List Kant.Codec.Val → Sort u} →     {motive_3 : List (Prod (List Char) Kant.Codec.Val) → Sort u} →       {motive_4 : Prod (List Char) Kant.Codec.Val → Sort u} →         (t : Prod (List Char) Kant.Codec.Val) →           ((t : Kant.Codec.Val) → t.below → motive_1 t) →             ((t : List Kant.Codec.Val) → Kant.Codec.Val.below_1 t → motive_2 t) →               ((t : List (Prod (List Char) Kant.Codec.Val)) →                   Kant.Codec.Val.below_2 t → motive_3 t) →                 ((t : Prod (List Char) Kant.Codec.Val) → Kant.Codec.Val.below_3 t → motive_4 t) →                   motive_4 t","O7;13;source_systemS5;lean411;source_fileS34;RequestProject/Kant/Codec/Val.lean13;source_formatS4;text11;imported_atI+0;14;transformed_atI+34;15;transformationsL0;13;parent_objectS0;","29a1cb72f0660edca04ab95abc39ecb71ae34908a2019a4a23b7daa227be1eb5"
"obj.Kant.Handoff.serverless_all","theorem","Kant.Handoff.serverless_all","PROVEN","∀ (steps : List Kant.Handoff.Step), Kant.Handoff.Serverless steps","L0;","O0;","L0;","L0;","L1;S33;claim.Kant.Handoff.serverless_all","L0;","L1;S33;proof.Kant.Handoff.serverless_all","L0;","S65;∀ (steps : List Kant.Handoff.Step), Kant.Handoff.Serverless steps","O7;13;source_systemS5;lean411;source_fileS32;RequestProject/Kant/Handoff.lean13;source_formatS4;text11;imported_atI+0;14;transformed_atI+71;15;transformationsL0;13;parent_objectS0;","f25ec228bc429c16ced25396912508d14537e400edd739b0091441619e2633ab"
"obj.Kant.Diagnostics.Log.record","def","Kant.Diagnostics.Log.record","ASSERTED","Kant.Diagnostics.Log →   Nat →     Kant.Diagnostics.Level → Kant.Diagnostics.Area → List Char → List Char → Kant.Diagnostics.Log","L0;","O0;","L0;","L0;","L0;","L0;","L0;","L0;","S128;Kant.Diagnostics.Log →   Nat →     Kant.Diagnostics.Level → Kant.Diagnostics.Area → List Char → List Char → Kant.Diagnostics.Log","O7;13;source_systemS5;lean411;source_fileS36;RequestProject/Kant/Diagnostics.lean13;source_formatS4;text11;imported_atI+0;14;transformed_atI+273;15;transformationsL0;13;parent_objectS0;","051c8cdbbfb237c687cd1607574bd229e51cb24d0c709680913bc225720fb163"
"obj.Kant.Wasm.Expr.wfb.eq_7","theorem","Kant.Wasm.Expr.wfb.eq_7","PROVEN","∀ (arity : Nat) (a : Kant.Wasm.BinOp) (a_1 a_2 : Kant.Wasm.Expr),   (Eq a Kant.Wasm.BinOp.divu → False) →     (Eq a Kant.Wasm.BinOp.remu → False) →       Eq (Kant.Wasm.Expr.wfb arity (Kant.Wasm.Expr.bin a a_1 a_2))         (((Kant.Wasm.Expr.wfb arity a_1).and (Kant.Wasm.Expr.wfb arity a_2)).and Bool.true)","L1;S19;obj.Kant.Wasm.CmpOp","O0;","L0;","L0;","L1;S29;claim.Kant.Wasm.Expr.wfb.eq_7","L0;","L1;S29;proof.Kant.Wasm.Expr.wfb.eq_7","L0;","S306;∀ (arity : Nat) (a : Kant.Wasm.BinOp) (a_1 a_2 : Kant.Wasm.Expr),   (Eq a Kant.Wasm.BinOp.divu → False) →     (Eq a Kant.Wasm.BinOp.remu → False) →       Eq (Kant.Wasm.Expr.wfb arity (Kant.Wasm.Expr.bin a a_1 a_2))         (((Kant.Wasm.Expr.wfb arity a_1).and (Kant.Wasm.Expr.wfb arity a_2)).and Bool.true)","O7;13;source_systemS5;lean411;source_fileS31;RequestProject/Wasm/Syntax.lean13;source_formatS4;text11;imported_atI+0;14;transformed_atI+0;15;transformationsL0;13;parent_objectS0;","077f9cc20bb169e85006e3076bb09fbbe66a79be09f5395e2a0847c7bc7bf7a1"
"obj.Kant.Sheaf.EigenSpace.earth.sizeOf_spec","theorem","Kant.Sheaf.EigenSpace.earth.sizeOf_spec","PROVEN","Eq (Kant.Sheaf.EigenSpace._sizeOf_inst.sizeOf Kant.Sheaf.EigenSpace.earth) 1","L0;","O0;","L0;","L0;","L1;S45;claim.Kant.Sheaf.EigenSpace.earth.sizeOf_spec","L0;","L1;S45;proof.Kant.Sheaf.EigenSpace.earth.sizeOf_spec","L0;","S76;Eq (Kant.Sheaf.EigenSpace._sizeOf_inst.sizeOf Kant.Sheaf.EigenSpace.earth) 1","O7;13;source_systemS5;lean411;source_fileS30;RequestProject/Kant/Sheaf.lean13;source_formatS4;text11;imported_atI+0;14;transformed_atI+0;15;transformationsL0;13;parent_objectS0;","9471e2d7cb27bf6be51aeb02348cd4e871af1724f9504f715e1440eefb5fbd6e"
"obj.Kant.Codec.Extract.mk.sizeOf_spec","theorem","Kant.Codec.Extract.mk.sizeOf_spec","PROVEN","∀ (kind : List Char) (offset length : Nat),   Eq (Kant.Codec.Extract._sizeOf_inst.sizeOf { kind := kind, offset := offset, length := length })     (instHAdd.hAdd       (instHAdd.hAdd (instHAdd.hAdd 1 ((List._sizeOf_inst Char).sizeOf kind))         (instSizeOfNat.sizeOf offset))       (instSizeOfNat.sizeOf length))","L0;","O0;","L0;","L0;","L1;S39;claim.Kant.Codec.Extract.mk.sizeOf_spec","L0;","L1;S39;proof.Kant.Codec.Extract.mk.sizeOf_spec","L0;","S315;∀ (kind : List Char) (offset length : Nat),   Eq (Kant.Codec.Extract._sizeOf_inst.sizeOf { kind := kind, offset := offset, length := length })     (instHAdd.hAdd       (instHAdd.hAdd (instHAdd.hAdd 1 ((List._sizeOf_inst Char).sizeOf kind))         (instSizeOfNat.sizeOf offset))       (instSizeOfNat.sizeOf length))","O7;13;source_systemS5;lean411;source_fileS38;RequestProject/Kant/Codec/RawText.lean13;source_formatS4;text11;imported_atI+0;14;transformed_atI+0;15;transformationsL0;13;parent_objectS0;","1dc0d496d7694cf7d3c50cfa157d2454fcdbad4f173203059cd90829e693ea52"
"obj.Kant.Codec.yamlEncFields_length_cons","theorem","Kant.Codec.yamlEncFields_length_cons","PROVEN","∀ (k : List Char) (v : Kant.Codec.Val) (b : Prod (List Char) Kant.Codec.Val)   (bs : List (Prod (List Char) Kant.Codec.Val)),   Eq (Kant.Codec.yamlEncFields (List.cons { fst := k, snd := v } (List.cons b bs))).length     (instHAdd.hAdd       (instHAdd.hAdd (instHAdd.hAdd (Kant.Codec.esc k).length (Kant.Codec.yamlEnc v).length)         (Kant.Codec.yamlEncFields (List.cons b bs)).length)       6)","L0;","O0;","L0;","L0;","L1;S42;claim.Kant.Codec.yamlEncFields_length_cons","L0;","L1;S42;proof.Kant.Codec.yamlEncFields_length_cons","L0;","S397;∀ (k : List Char) (v : Kant.Codec.Val) (b : Prod (List Char) Kant.Codec.Val)   (bs : List (Prod (List Char) Kant.Codec.Val)),   Eq (Kant.Codec.yamlEncFields (List.cons { fst := k, snd := v } (List.cons b bs))).length     (instHAdd.hAdd       (instHAdd.hAdd (instHAdd.hAdd (Kant.Codec.esc k).length (Kant.Codec.yamlEnc v).length)         (Kant.Codec.yamlEncFields (List.cons b bs)).length)       6)","O7;13;source_systemS5;lean411;source_fileS35;RequestProject/Kant/Codec/Yaml.lean13;source_formatS4;text11;imported_atI+0;14;transformed_atI+315;15;transformationsL0;13;parent_objectS0;","4f1598b88e0c3c62c8fb5319acc0e5f504705646a28e067ce7c30ca7c124217f"
"obj.Kant.Wasm.Encode.funcType","def","Kant.Wasm.Encode.funcType","ASSERTED","Nat → Kant.Wasm.Encode.Bytes","L0;","O0;","L0;","L0;","L0;","L0;","L0;","L0;","S28;Nat → Kant.Wasm.Encode.Bytes","O7;13;source_systemS5;lean411;source_fileS31;RequestProject/Wasm/Encode.lean13;source_formatS4;text11;imported_atI+0;14;transformed_atI+84;15;transformationsL0;13;parent_objectS0;","4d8cac4781514e464c4661cf201f09312724e88e99700c50e9239694c1585aab"
"obj.Kant.Wasm.Instr.i64const.injEq","theorem","Kant.Wasm.Instr.i64const.injEq","PROVEN","∀ (n n_1 : Nat), Eq (Eq (Kant.Wasm.Instr.i64const n) (Kant.Wasm.Instr.i64const n_1)) (Eq n n_1)","L0;","O0;","L0;","L0;","L1;S36;claim.Kant.Wasm.Instr.i64const.injEq","L0;","L1;S36;proof.Kant.Wasm.Instr.i64const.injEq","L0;","S95;∀ (n n_1 : Nat), Eq (Eq (Kant.Wasm.Instr.i64const n) (Kant.Wasm.Instr.i64const n_1)) (Eq n n_1)","O7;13;source_systemS5;lean411;source_fileS31;RequestProject/Wasm/Syntax.lean13;source_formatS4;text11;imported_atI+0;14;transformed_atI+0;15;transformationsL0;13;parent_objectS0;","968b6f34101437eb9e4b427f4c653f88b14133733ca8fcd10c9225734f4cc31e"
"obj.Kant.Dom.RepairRecord","inductive","Kant.Dom.RepairRecord","ASSERTED","Type","L0;","O0;","L0;","L0;","L0;","L0;","L0;","L0;","S4;Type","O7;13;source_systemS5;lean411;source_fileS38;RequestProject/Kant/Domain/Policy.lean13;source_formatS4;text11;imported_atI+0;14;transformed_atI+212;15;transformationsL0;13;parent_objectS0;","5dcb83146251f08f9cd4ddc5bccf14cc27b21e0e92a8eb559e9df9b8a2ec9892"
"obj.Kant.Uucp.mem_receive_printMsg","theorem","Kant.Uucp.mem_receive_printMsg","PROVEN","∀ {ms : List Kant.Relay.Msg},   (∀ (m : Kant.Relay.Msg), List.instMembership.mem ms m → m.Wire) →     ∀ (x : Kant.Relay.Msg),       Iff         (List.instMembership.mem (Kant.Relay.receive List.nil (List.map Kant.Relay.printMsg ms)) x)         (List.instMembership.mem ms x)","L1;S23;obj.Kant.Relay.Msg.Wire","O0;","L0;","L0;","L1;S36;claim.Kant.Uucp.mem_receive_printMsg","L0;","L1;S36;proof.Kant.Uucp.mem_receive_printMsg","L0;","S274;∀ {ms : List Kant.Relay.Msg},   (∀ (m : Kant.Relay.Msg), List.instMembership.mem ms m → m.Wire) →     ∀ (x : Kant.Relay.Msg),       Iff         (List.instMembership.mem (Kant.Relay.receive List.nil (List.map Kant.Relay.printMsg ms)) x)         (List.instMembership.mem ms x)","O7;13;source_systemS5;lean411;source_fileS29;RequestProject/Kant/Uucp.lean13;source_formatS4;text11;imported_atI+0;14;transformed_atI+663;15;transformationsL0;13;parent_objectS0;","37fe768402534937e8c96e027e553494e5d24721fc7fd47d66979320dbfdd1ba"
"obj.Kant.CodeMovie.Circuit.decode","def","Kant.CodeMovie.Circuit.decode","ASSERTED","Nat → Option Kant.CodeMovie.Circuit","L0;","O0;","L0;","L0;","L0;","L0;","L0;","L0;","S35;Nat → Option Kant.CodeMovie.Circuit","O7;13;source_systemS5;lean411;source_fileS34;RequestProject/Kant/CodeMovie.lean13;source_formatS4;text11;imported_atI+0;14;transformed_atI+208;15;transformationsL0;13;parent_objectS0;","5f5770f89230760fca09ce6aa80cb3345a68403e467818d596491179d430c1ca"
"obj.Kant.Onboarding.Screen.chat.sizeOf_spec","theorem","Kant.Onboarding.Screen.chat.sizeOf_spec","PROVEN","Eq (Kant.Onboarding.Screen._sizeOf_inst.sizeOf Kant.Onboarding.Screen.chat) 1","L0;","O0;","L0;","L0;","L1;S45;claim.Kant.Onboarding.Screen.chat.sizeOf_spec","L0;","L1;S45;proof.Kant.Onboarding.Screen.chat.sizeOf_spec","L0;","S77;Eq (Kant.Onboarding.Screen._sizeOf_inst.sizeOf Kant.Onboarding.Screen.chat) 1","O7;13;source_systemS5;lean411;source_fileS35;RequestProject/Kant/Onboarding.lean13;source_formatS4;text11;imported_atI+0;14;transformed_atI+0;15;transformationsL0;13;parent_objectS0;","0b6d1f329b6f61ea58769c6c345015dd36933709fcd8b7c4b80ff95c8230f537"
"obj.Kant.Sheaf.Encoding.ctorIdx","def","Kant.Sheaf.Encoding.ctorIdx","ASSERTED","Kant.Sheaf.Encoding → Nat","L0;","O0;","L0;","L0;","L0;","L0;","L0;","L0;","S25;Kant.Sheaf.Encoding → Nat","O7;13;source_systemS5;lean411;source_fileS30;RequestProject/Kant/Sheaf.lean13;source_formatS4;text11;imported_atI+0;14;transformed_atI+0;15;transformationsL0;13;parent_objectS0;","f92d499eb3c3f22dc34500fd8f60e54aa9b7a2e665d2d61707da6f82275f45c4"
"obj.Kant.Dom.firstOr","def","Kant.Dom.firstOr","ASSERTED","List Kant.Dom.Id → Kant.Dom.Id","L0;","O0;","L0;","L0;","L0;","L0;","L0;","L0;","S30;List Kant.Dom.Id → Kant.Dom.Id","O7;13;source_systemS5;lean411;source_fileS38;RequestProject/Kant/Domain/Ledger.lean13;source_formatS4;text11;imported_atI+0;14;transformed_atI+150;15;transformationsL0;13;parent_objectS0;","41d0a1e54d02a51e37163c7f12b2cba10dbb8229f21e0d98fd4fa5fadada969b"
"obj.Kant.Rendezvous.Roster.mem_merge_iff","theorem","Kant.Rendezvous.Roster.mem_merge_iff","PROVEN","∀ {r : Kant.Rendezvous.Roster} {as : List Kant.Rendezvous.Announce} {x : Kant.Rendezvous.Announce},   Iff (List.instMembership.mem (r.merge as) x)     (Or (List.instMembership.mem r x) (List.instMembership.mem as x))","L0;","O0;","L0;","L0;","L1;S42;claim.Kant.Rendezvous.Roster.mem_merge_iff","L0;","L1;S42;proof.Kant.Rendezvous.Roster.mem_merge_iff","L0;","S216;∀ {r : Kant.Rendezvous.Roster} {as : List Kant.Rendezvous.Announce} {x : Kant.Rendezvous.Announce},   Iff (List.instMembership.mem (r.merge as) x)     (Or (List.instMembership.mem r x) (List.instMembership.mem as x))","O7;13;source_systemS5;lean411;source_fileS35;RequestProject/Kant/Rendezvous.lean13;source_formatS4;text11;imported_atI+0;14;transformed_atI+210;15;transformationsL0;13;parent_objectS0;","e58d4202546f33b972df602ba42a7206022921f2b388759b0671db94a5f9c7e8"
"obj.Kant.Rendezvous.sourceOfCode.match_1","def","Kant.Rendezvous.sourceOfCode.match_1","ASSERTED","(motive : UInt8 → Sort u_1) →   (x : UInt8) →     (Unit → motive 1) →       (Unit → motive 2) →         (Unit → motive 3) →           (Unit → motive 4) →             (Unit → motive 5) →               (Unit → motive 6) →                 (Unit → motive 7) → (Unit → motive 8) → ((x : UInt8) → motive x) → motive x","L0;","O0;","L0;","L0;","L0;","L0;","L0;","L0;","S311;(motive : UInt8 → Sort u_1) →   (x : UInt8) →     (Unit → motive 1) →       (Unit → motive 2) →         (Unit → motive 3) →           (Unit → motive 4) →             (Unit → motive 5) →               (Unit → motive 6) →                 (Unit → motive 7) → (Unit → motive 8) → ((x : UInt8) → motive x) → motive x","O7;13;source_systemS5;lean411;source_fileS35;RequestProject/Kant/Rendezvous.lean13;source_formatS4;text11;imported_atI+0;14;transformed_atI+0;15;transformationsL0;13;parent_objectS0;","88404259df4c5c988f69fbe6c8af00a32039dc714a407566984c84dbe3012651"
"obj.Kant.Codec.Fmt.canonical.sizeOf_spec","theorem","Kant.Codec.Fmt.canonical.sizeOf_spec","PROVEN","Eq (Kant.Codec.Fmt._sizeOf_inst.sizeOf Kant.Codec.Fmt.canonical) 1","L0;","O0;","L0;","L0;","L1;S42;claim.Kant.Codec.Fmt.canonical.sizeOf_spec","L0;","L1;S42;proof.Kant.Codec.Fmt.canonical.sizeOf_spec","L0;","S66;Eq (Kant.Codec.Fmt._sizeOf_inst.sizeOf Kant.Codec.Fmt.canonical) 1","O7;13;source_systemS5;lean411;source_fileS36;RequestProject/Kant/Codec/Model.lean13;source_formatS4;text11;imported_atI+0;14;transformed_atI+0;15;transformationsL0;13;parent_objectS0;","2136d8d751a4580c0b6a860a340459efa75843184b20e412955e39d2425a6af5"
"obj.Kant.Join.AllCode","def","Kant.Join.AllCode","ASSERTED","List Char → Prop","L0;","O0;","L0;","L0;","L0;","L0;","L0;","L0;","S16;List Char → Prop","O7;13;source_systemS5;lean411;source_fileS29;RequestProject/Kant/Join.lean13;source_formatS4;text11;imported_atI+0;14;transformed_atI+59;15;transformationsL0;13;parent_objectS0;","e662af47c3a68c8a3748f93e6051b605bdd5e456eae6e1445f7c48b5205063bf"
"obj.Kant.Sneakernet.frames_payload","theorem","Kant.Sneakernet.frames_payload","PROVEN","∀ (limit : Nat) (data : Kant.Bytes.Blob),   Eq (List.map Kant.Sneakernet.Frame.payload (Kant.Sneakernet.frames limit data))     (Kant.Sneakernet.chunk limit data)","L0;","O0;","L0;","L0;","L1;S36;claim.Kant.Sneakernet.frames_payload","L0;","L1;S36;proof.Kant.Sneakernet.frames_payload","L0;","S162;∀ (limit : Nat) (data : Kant.Bytes.Blob),   Eq (List.map Kant.Sneakernet.Frame.payload (Kant.Sneakernet.frames limit data))     (Kant.Sneakernet.chunk limit data)","O7;13;source_systemS5;lean411;source_fileS35;RequestProject/Kant/Sneakernet.lean13;source_formatS4;text11;imported_atI+0;14;transformed_atI+147;15;transformationsL0;13;parent_objectS0;","6dcab10f3ceebffca69524bd9847feff311dd61db1344532d98c2fc3a0d35cc5"
"obj.Kant.PlainText.plainText","def","Kant.PlainText.plainText","ASSERTED","Kant.Paste → List Char","L0;","O0;","L0;","L0;","L0;","L0;","L0;","L0;","S22;Kant.Paste → List Char","O7;13;source_systemS5;lean411;source_fileS34;RequestProject/Kant/PlainText.lean13;source_formatS4;text11;imported_atI+0;14;transformed_atI+228;15;transformationsL0;13;parent_objectS0;","d2a349e92e4e12466f31d35d17a2d1e160a0117e5ef65580e727fd203f7252eb"
"obj.Kant.SiteCard.Card.mk.inj","theorem","Kant.SiteCard.Card.mk.inj","PROVEN","∀ {url caption picture alt url_1 caption_1 picture_1 alt_1 : List Char},   Eq { url := url, caption := caption, picture := picture, alt := alt }       { url := url_1, caption := caption_1, picture := picture_1, alt := alt_1 } →     And (Eq url url_1) (And (Eq caption caption_1) (And (Eq picture picture_1) (Eq alt alt_1)))","L1;S22;obj.Kant.SiteCard.Card","O0;","L0;","L0;","L1;S31;claim.Kant.SiteCard.Card.mk.inj","L0;","L1;S31;proof.Kant.SiteCard.Card.mk.inj","L0;","S323;∀ {url caption picture alt url_1 caption_1 picture_1 alt_1 : List Char},   Eq { url := url, caption := caption, picture := picture, alt := alt }       { url := url_1, caption := caption_1, picture := picture_1, alt := alt_1 } →     And (Eq url url_1) (And (Eq caption caption_1) (And (Eq picture picture_1) (Eq alt alt_1)))","O7;13;source_systemS5;lean411;source_fileS33;RequestProject/Kant/SiteCard.lean13;source_formatS4;text11;imported_atI+0;14;transformed_atI+0;15;transformationsL0;13;parent_objectS0;","4e371d22bbbe1112bc09c7240593f22591989c071db9b604b18b678ad1d0a557"
"obj.Kant.Codec.instReprFmt","def","Kant.Codec.instReprFmt","ASSERTED","Repr Kant.Codec.Fmt","L0;","O0;","L0;","L0;","L0;","L0;","L0;","L0;","S19;Repr Kant.Codec.Fmt","O7;13;source_systemS5;lean411;source_fileS36;RequestProject/Kant/Codec/Model.lean13;source_formatS4;text11;imported_atI+0;14;transformed_atI+54;15;transformationsL0;13;parent_objectS0;","1b5bb20692c017b4bef51216038ed96724340c1d00b9701a3b947115a56c884d"
"obj.Kant.Dasl.decode","def","Kant.Dasl.decode","ASSERTED","Nat → Option (Prod Nat Nat)","L1;S23;obj.Kant.Dasl.cidPrefix","O0;","L0;","L0;","L0;","L0;","L0;","L0;","S27;Nat → Option (Prod Nat Nat)","O7;13;source_systemS5;lean411;source_fileS29;RequestProject/Kant/Dasl.lean13;source_formatS4;text11;imported_atI+0;14;transformed_atI+89;15;transformationsL0;13;parent_objectS0;","223425fa7c2e7a1e6676d9b07880f229ea89cea1b3993330f3412ff1ff1c19ab"
"obj.Kant.Codec.readRows","def","Kant.Codec.readRows","ASSERTED","Nat → List Char → Option (List Kant.Codec.Row)","L1;S31;obj.Kant.Codec.readRows.match_1","O0;","L0;","L0;","L0;","L0;","L0;","L0;","S46;Nat → List Char → Option (List Kant.Codec.Row)","O7;13;source_systemS5;lean411;source_fileS34;RequestProject/Kant/Codec/Csv.lean13;source_formatS4;text11;imported_atI+0;14;transformed_atI+378;15;transformationsL0;13;parent_objectS0;","86ce0ce8c4f4346978b11a04297c1e6691b04c0e50c9bc73b016862cdbc2ca90"
"obj.Kant.Codec.Prov.mk.inj","theorem","Kant.Codec.Prov.mk.inj","PROVEN","∀ {sourceSystem sourceFile : List Char} {sourceFormat : Kant.Codec.Fmt}   {importedAt transformedAt : Nat} {transformations : List Kant.Codec.Trans}   {parent sourceSystem_1 sourceFile_1 : List Char} {sourceFormat_1 : Kant.Codec.Fmt}   {importedAt_1 transformedAt_1 : Nat} {transformations_1 : List Kant.Codec.Trans}   {parent_1 : List Char},   Eq       { sourceSystem := sourceSystem, sourceFile := sourceFile, sourceFormat := sourceFormat,         importedAt := importedAt, transformedAt := transformedAt,         transformations := transformations, parent := parent }       { sourceSystem := sourceSystem_1, sourceFile := sourceFile_1, sourceFormat := sourceFormat_1,         importedAt := importedAt_1, transformedAt := transformedAt_1,         transformations := transformations_1, parent := parent_1 } →     And (Eq sourceSystem sourceSystem_1)       (And (Eq sourceFile sourceFile_1)         (And (Eq sourceFormat sourceFormat_1)           (And (Eq importedAt importedAt_1)             (And (Eq transformedAt transformedAt_1)               (And (Eq transformations transformations_1) (Eq parent parent_1))))))","L0;","O0;","L0;","L0;","L1;S28;claim.Kant.Codec.Prov.mk.inj","L0;","L1;S28;proof.Kant.Codec.Prov.mk.inj","L0;","S1116;∀ {sourceSystem sourceFile : List Char} {sourceFormat : Kant.Codec.Fmt}   {importedAt transformedAt : Nat} {transformations : List Kant.Codec.Trans}   {parent sourceSystem_1 sourceFile_1 : List Char} {sourceFormat_1 : Kant.Codec.Fmt}   {importedAt_1 transformedAt_1 : Nat} {transformations_1 : List Kant.Codec.Trans}   {parent_1 : List Char},   Eq       { sourceSystem := sourceSystem, sourceFile := sourceFile, sourceFormat := sourceFormat,         importedAt := importedAt, transformedAt := transformedAt,         transformations := transformations, parent := parent }       { sourceSystem := sourceSystem_1, sourceFile := sourceFile_1, sourceFormat := sourceFormat_1,         importedAt := importedAt_1, transformedAt := transformedAt_1,         transformations := transformations_1, parent := parent_1 } →     And (Eq sourceSystem sourceSystem_1)       (And (Eq sourceFile sourceFile_1)         (And (Eq sourceFormat sourceFormat_1)           (And (Eq importedAt importedAt_1)             (And (Eq transformedAt transformedAt_1)               (And (Eq transformations transformations_1) (Eq parent parent_1))))))","O7;13;source_systemS5;lean411;source_fileS36;RequestProject/Kant/Codec/Model.lean13;source_formatS4;text11;imported_atI+0;14;transformed_atI+0;15;transformationsL0;13;parent_objectS0;","9a4904f5d2908e53d6a7735fae9398d04dc18d07a4defd591e402a1b59619ad6"
"obj.Kant.Codec.Err.mk.inj","theorem","Kant.Codec.Err.mk.inj","PROVEN","∀ {id code : List Char} {severity : Kant.Codec.Severity}   {message location field objectId sourceSystem : List Char} {sourceFormat : Kant.Codec.Fmt}   {expected actual cause resolution : List Char} {recoverable : Bool} {id_1 code_1 : List Char}   {severity_1 : Kant.Codec.Severity}   {message_1 location_1 field_1 objectId_1 sourceSystem_1 : List Char}   {sourceFormat_1 : Kant.Codec.Fmt} {expected_1 actual_1 cause_1 resolution_1 : List Char}   {recoverable_1 : Bool},   Eq       { id := id, code := code, severity := severity, message := message, location := location,         field := field, objectId := objectId, sourceSystem := sourceSystem,         sourceFormat := sourceFormat, expected := expected, actual := actual, cause := cause,         resolution := resolution, recoverable := recoverable }       { id := id_1, code := code_1, severity := severity_1, message := message_1,         location := location_1, field := field_1, objectId := objectId_1,         sourceSystem := sourceSystem_1, sourceFormat := sourceFormat_1, expected := expected_1,         actual := actual_1, cause := cause_1, resolution := resolution_1,         recoverable := recoverable_1 } →     And (Eq id id_1)       (And (Eq code code_1)         (And (Eq severity severity_1)           (And (Eq message message_1)             (And (Eq location location_1)               (And (Eq field field_1)                 (And (Eq objectId objectId_1)                   (And (Eq sourceSystem sourceSystem_1)                     (And (Eq sourceFormat sourceFormat_1)                       (And (Eq expected expected_1)                         (And (Eq actual actual_1)                           (And (Eq cause cause_1)                             (And (Eq resolution resolution_1)                               (Eq recoverable recoverable_1)))))))))))))","L0;","O0;","L0;","L0;","L1;S27;claim.Kant.Codec.Err.mk.inj","L0;","L1;S27;proof.Kant.Codec.Err.mk.inj","L0;","S1823;∀ {id code : List Char} {severity : Kant.Codec.Severity}   {message location field objectId sourceSystem : List Char} {sourceFormat : Kant.Codec.Fmt}   {expected actual cause resolution : List Char} {recoverable : Bool} {id_1 code_1 : List Char}   {severity_1 : Kant.Codec.Severity}   {message_1 location_1 field_1 objectId_1 sourceSystem_1 : List Char}   {sourceFormat_1 : Kant.Codec.Fmt} {expected_1 actual_1 cause_1 resolution_1 : List Char}   {recoverable_1 : Bool},   Eq       { id := id, code := code, severity := severity, message := message, location := location,         field := field, objectId := objectId, sourceSystem := sourceSystem,         sourceFormat := sourceFormat, expected := expected, actual := actual, cause := cause,         resolution := resolution, recoverable := recoverable }       { id := id_1, code := code_1, severity := severity_1, message := message_1,         location := location_1, field := field_1, objectId := objectId_1,         sourceSystem := sourceSystem_1, sourceFormat := sourceFormat_1, expected := expected_1,         actual := actual_1, cause := cause_1, resolution := resolution_1,         recoverable := recoverable_1 } →     And (Eq id id_1)       (And (Eq code code_1)         (And (Eq severity severity_1)           (And (Eq message message_1)             (And (Eq location location_1)               (And (Eq field field_1)                 (And (Eq objectId objectId_1)                   (And (Eq sourceSystem sourceSystem_1)                     (And (Eq sourceFormat sourceFormat_1)                       (And (Eq expected expected_1)                         (And (Eq actual actual_1)                           (And (Eq cause cause_1)                             (And (Eq resolution resolution_1)                               (Eq recoverable recoverable_1)))))))))))))","O7;13;source_systemS5;lean411;source_fileS36;RequestProject/Kant/Codec/Model.lean13;source_formatS4;text11;imported_atI+0;14;transformed_atI+0;15;transformationsL0;13;parent_objectS0;","301cc7fd9dc349a3ecf643f27641c5306d72fe8d12ca4c49117d733e72296cb6"
"obj.Kant.SiteCard.FieldOk.recOn","def","Kant.SiteCard.FieldOk.recOn","ASSERTED","{s : List Char} →   {motive : Kant.SiteCard.FieldOk s → Sort u} →     (t : Kant.SiteCard.FieldOk s) →       ((oneLine : Not (List.instMembership.mem s '\n')) →           (noLeadingSpace : Ne s.head? (Option.some ' ')) → motive ⋯) →         motive t","L0;","O0;","L0;","L0;","L0;","L0;","L0;","L0;","S248;{s : List Char} →   {motive : Kant.SiteCard.FieldOk s → Sort u} →     (t : Kant.SiteCard.FieldOk s) →       ((oneLine : Not (List.instMembership.mem s '\n')) →           (noLeadingSpace : Ne s.head? (Option.some ' ')) → motive ⋯) →         motive t","O7;13;source_systemS5;lean411;source_fileS33;RequestProject/Kant/SiteCard.lean13;source_formatS4;text11;imported_atI+0;14;transformed_atI+146;15;transformationsL0;13;parent_objectS0;","4c45ad0a4368701b1eb537d724c212c8c6687d6a351478d1d08d1c28040b790e"
"obj.Kant.InviteCard.inviteCard_icon_area_bound","theorem","Kant.InviteCard.inviteCard_icon_area_bound","PROVEN","∀ (n : Nat),   instLENat.le     (instHMul.hMul 25 (instHMul.hMul (Kant.SiteCard.logoSide n) (Kant.SiteCard.logoSide n)))     (instHMul.hMul n n)","L0;","O0;","L0;","L0;","L1;S48;claim.Kant.InviteCard.inviteCard_icon_area_bound","L0;","L1;S48;proof.Kant.InviteCard.inviteCard_icon_area_bound","L0;","S144;∀ (n : Nat),   instLENat.le     (instHMul.hMul 25 (instHMul.hMul (Kant.SiteCard.logoSide n) (Kant.SiteCard.logoSide n)))     (instHMul.hMul n n)","O7;13;source_systemS5;lean411;source_fileS35;RequestProject/Kant/InviteCard.lean13;source_formatS4;text11;imported_atI+0;14;transformed_atI+207;15;transformationsL0;13;parent_objectS0;","91bdfdda002efcf40339cb84294db24f5c5ad97e1412142a9a651731bbda9855"
"obj.Kant.Diagnostics.Level.info.sizeOf_spec","theorem","Kant.Diagnostics.Level.info.sizeOf_spec","PROVEN","Eq (Kant.Diagnostics.Level._sizeOf_inst.sizeOf Kant.Diagnostics.Level.info) 1","L0;","O0;","L0;","L0;","L1;S45;claim.Kant.Diagnostics.Level.info.sizeOf_spec","L0;","L1;S45;proof.Kant.Diagnostics.Level.info.sizeOf_spec","L0;","S77;Eq (Kant.Diagnostics.Level._sizeOf_inst.sizeOf Kant.Diagnostics.Level.info) 1","O7;13;source_systemS5;lean411;source_fileS36;RequestProject/Kant/Diagnostics.lean13;source_formatS4;text11;imported_atI+0;14;transformed_atI+0;15;transformationsL0;13;parent_objectS0;","a86471f685efd9a676d3efa0a1d73c490b17db361a43ff60a780d33f3db82783"
"obj.Kant.Diagnostics.ref.eq_1","theorem","Kant.Diagnostics.ref.eq_1","PROVEN","∀ (s : List Char),   Eq (Kant.Diagnostics.ref s) (List.take 8 (Kant.Bytes.witness (Kant.Text.asciiBytes s)))","L0;","O0;","L0;","L0;","L1;S31;claim.Kant.Diagnostics.ref.eq_1","L0;","L1;S31;proof.Kant.Diagnostics.ref.eq_1","L0;","S108;∀ (s : List Char),   Eq (Kant.Diagnostics.ref s) (List.take 8 (Kant.Bytes.witness (Kant.Text.asciiBytes s)))","O7;13;source_systemS5;lean411;source_fileS36;RequestProject/Kant/Diagnostics.lean13;source_formatS4;text11;imported_atI+0;14;transformed_atI+0;15;transformationsL0;13;parent_objectS0;","bdecb5c2259fd599d1f81ded879329b6969773ae4c8422e30173b9ea6d643db0"
"obj.Kant.Codec.Val.brecOn.eq","theorem","Kant.Codec.Val.brecOn.eq","PROVEN","∀ {motive_1 : Kant.Codec.Val → Sort u} {motive_2 : List Kant.Codec.Val → Sort u}   {motive_3 : List (Prod (List Char) Kant.Codec.Val) → Sort u}   {motive_4 : Prod (List Char) Kant.Codec.Val → Sort u} (t : Kant.Codec.Val)   (F_1 : (t : Kant.Codec.Val) → t.below → motive_1 t)   (F_2 : (t : List Kant.Codec.Val) → Kant.Codec.Val.below_1 t → motive_2 t)   (F_3 : (t : List (Prod (List Char) Kant.Codec.Val)) → Kant.Codec.Val.below_2 t → motive_3 t)   (F_4 : (t : Prod (List Char) Kant.Codec.Val) → Kant.Codec.Val.below_3 t → motive_4 t),   Eq (t.brecOn F_1 F_2 F_3 F_4) (F_1 t (Kant.Codec.Val.brecOn.go t F_1 F_2 F_3 F_4).2)","L1;S26;obj.Kant.Codec.Val.casesOn","O0;","L0;","L0;","L1;S30;claim.Kant.Codec.Val.brecOn.eq","L0;","L1;S30;proof.Kant.Codec.Val.brecOn.eq","L0;","S621;∀ {motive_1 : Kant.Codec.Val → Sort u} {motive_2 : List Kant.Codec.Val → Sort u}   {motive_3 : List (Prod (List Char) Kant.Codec.Val) → Sort u}   {motive_4 : Prod (List Char) Kant.Codec.Val → Sort u} (t : Kant.Codec.Val)   (F_1 : (t : Kant.Codec.Val) → t.below → motive_1 t)   (F_2 : (t : List Kant.Codec.Val) → Kant.Codec.Val.below_1 t → motive_2 t)   (F_3 : (t : List (Prod (List Char) Kant.Codec.Val)) → Kant.Codec.Val.below_2 t → motive_3 t)   (F_4 : (t : Prod (List Char) Kant.Codec.Val) → Kant.Codec.Val.below_3 t → motive_4 t),   Eq (t.brecOn F_1 F_2 F_3 F_4) (F_1 t (Kant.Codec.Val.brecOn.go t F_1 F_2 F_3 F_4).2)","O7;13;source_systemS5;lean411;source_fileS34;RequestProject/Kant/Codec/Val.lean13;source_formatS4;text11;imported_atI+0;14;transformed_atI+0;15;transformationsL0;13;parent_objectS0;","e9971c116547c4268870900d37c43f8127a6a2d8b7adb2c85668c9cd0c57ed63"
"obj.Kant.Codec.instInhabitedStatus","def","Kant.Codec.instInhabitedStatus","ASSERTED","Inhabited Kant.Codec.Status","L0;","O0;","L0;","L0;","L0;","L0;","L0;","L0;","S27;Inhabited Kant.Codec.Status","O7;13;source_systemS5;lean411;source_fileS36;RequestProject/Kant/Codec/Model.lean13;source_formatS4;text11;imported_atI+0;14;transformed_atI+44;15;transformationsL0;13;parent_objectS0;","3b3890dc1b2c3627c40202e78f02baf4e04882e49a0f660d9780f9d47c7c425a"
"obj.Kant.SiteCard.pasteUrl_address","theorem","Kant.SiteCard.pasteUrl_address","PROVEN","∀ {c : Kant.SiteCard.Config},   c.Wf → ∀ (p : Kant.Paste), Eq (Kant.SiteCard.urlAddress (Kant.SiteCard.pasteUrl c p)) p.witness","L0;","O0;","L0;","L0;","L1;S36;claim.Kant.SiteCard.pasteUrl_address","L0;","L1;S36;proof.Kant.SiteCard.pasteUrl_address","L0;","S127;∀ {c : Kant.SiteCard.Config},   c.Wf → ∀ (p : Kant.Paste), Eq (Kant.SiteCard.urlAddress (Kant.SiteCard.pasteUrl c p)) p.witness","O7;13;source_systemS5;lean411;source_fileS33;RequestProject/Kant/SiteCard.lean13;source_formatS4;text11;imported_atI+0;14;transformed_atI+333;15;transformationsL0;13;parent_objectS0;","718ea524433c81526c4567dd516076c589b87d907db9953ccbcad271e61a050f"
"obj.Kant.Dom.evidence_levels_distinct","theorem","Kant.Dom.evidence_levels_distinct","PROVEN","And (Ne Kant.Dom.Evid.stated Kant.Dom.Evid.machineChecked)   (And (Ne Kant.Dom.Evid.machineChecked Kant.Dom.Evid.reproduced)     (Ne Kant.Dom.Evid.stated Kant.Dom.Evid.reproduced))","L0;","O0;","L0;","L0;","L1;S39;claim.Kant.Dom.evidence_levels_distinct","L0;","L1;S39;proof.Kant.Dom.evidence_levels_distinct","L0;","S180;And (Ne Kant.Dom.Evid.stated Kant.Dom.Evid.machineChecked)   (And (Ne Kant.Dom.Evid.machineChecked Kant.Dom.Evid.reproduced)     (Ne Kant.Dom.Evid.stated Kant.Dom.Evid.reproduced))","O7;13;source_systemS5;lean411;source_fileS37;RequestProject/Kant/Domain/Model.lean13;source_formatS4;text11;imported_atI+0;14;transformed_atI+156;15;transformationsL0;13;parent_objectS0;","0e261895129ee0547c59f15008830427441f014d33f1da3a5bbb54c605273f0d"
"obj.Kant.Codec.RawDoc.mk.inj","theorem","Kant.Codec.RawDoc.mk.inj","PROVEN","∀ {text encoding : List Char} {lines : List (List Char)} {detected : List Kant.Codec.Extract}   {confidence : Nat} {text_1 encoding_1 : List Char} {lines_1 : List (List Char)}   {detected_1 : List Kant.Codec.Extract} {confidence_1 : Nat},   Eq       { text := text, encoding := encoding, lines := lines, detected := detected,         confidence := confidence }       { text := text_1, encoding := encoding_1, lines := lines_1, detected := detected_1,         confidence := confidence_1 } →     And (Eq text text_1)       (And (Eq encoding encoding_1)         (And (Eq lines lines_1) (And (Eq detected detected_1) (Eq confidence confidence_1))))","L0;","O0;","L0;","L0;","L1;S30;claim.Kant.Codec.RawDoc.mk.inj","L0;","L1;S30;proof.Kant.Codec.RawDoc.mk.inj","L0;","S644;∀ {text encoding : List Char} {lines : List (List Char)} {detected : List Kant.Codec.Extract}   {confidence : Nat} {text_1 encoding_1 : List Char} {lines_1 : List (List Char)}   {detected_1 : List Kant.Codec.Extract} {confidence_1 : Nat},   Eq       { text := text, encoding := encoding, lines := lines, detected := detected,         confidence := confidence }       { text := text_1, encoding := encoding_1, lines := lines_1, detected := detected_1,         confidence := confidence_1 } →     And (Eq text text_1)       (And (Eq encoding encoding_1)         (And (Eq lines lines_1) (And (Eq detected detected_1) (Eq confidence confidence_1))))","O7;13;source_systemS5;lean411;source_fileS38;RequestProject/Kant/Codec/RawText.lean13;source_formatS4;text11;imported_atI+0;14;transformed_atI+0;15;transformationsL0;13;parent_objectS0;","4903fb8c33beedd71cbf3288e30a1c5c5225ea2e95eaa985f939a0856ddd2a5a"
"obj.Kant.CardDebug.Code.card.sizeOf_spec","theorem","Kant.CardDebug.Code.card.sizeOf_spec","PROVEN","∀ (k : Kant.SiteCard.Card),   Eq (Kant.CardDebug.Code._sizeOf_inst.sizeOf (Kant.CardDebug.Code.card k))     (instHAdd.hAdd 1 (Kant.SiteCard.Card._sizeOf_inst.sizeOf k))","L1;S22;obj.Kant.SiteCard.Card","O0;","L0;","L0;","L1;S42;claim.Kant.CardDebug.Code.card.sizeOf_spec","L0;","L1;S42;proof.Kant.CardDebug.Code.card.sizeOf_spec","L0;","S168;∀ (k : Kant.SiteCard.Card),   Eq (Kant.CardDebug.Code._sizeOf_inst.sizeOf (Kant.CardDebug.Code.card k))     (instHAdd.hAdd 1 (Kant.SiteCard.Card._sizeOf_inst.sizeOf k))","O7;13;source_systemS5;lean411;source_fileS34;RequestProject/Kant/CardDebug.lean13;source_formatS4;text11;imported_atI+0;14;transformed_atI+0;15;transformationsL0;13;parent_objectS0;","6d848053c621e3025a8cc1d9e3827c657f9bb07c736c76fcc1a77dababc08d5f"
"obj.Kant.Dom.findObj_of_mem","theorem","Kant.Dom.findObj_of_mem","PROVEN","∀ {d : Kant.Dom.Domain},   (List.map Kant.Dom.DomObj.id d.objects).Nodup →     ∀ {o : Kant.Dom.DomObj},       List.instMembership.mem d.objects o → Eq (Kant.Dom.findObj d o.id) (Option.some o)","L1;S22;obj.Kant.Dom.DomObj.id","O0;","L0;","L0;","L1;S29;claim.Kant.Dom.findObj_of_mem","L0;","L1;S29;proof.Kant.Dom.findObj_of_mem","L0;","S192;∀ {d : Kant.Dom.Domain},   (List.map Kant.Dom.DomObj.id d.objects).Nodup →     ∀ {o : Kant.Dom.DomObj},       List.instMembership.mem d.objects o → Eq (Kant.Dom.findObj d o.id) (Option.some o)","O7;13;source_systemS5;lean411;source_fileS38;RequestProject/Kant/Domain/Ledger.lean13;source_formatS4;text11;imported_atI+0;14;transformed_atI+326;15;transformationsL0;13;parent_objectS0;","23b2baeceb0288b8998ee7c2c1ff2a0b4086ce007775913eba1431bc7f0de211"
"obj.Kant.Wasm.BinOp.add.elim","def","Kant.Wasm.BinOp.add.elim","ASSERTED","{motive : Kant.Wasm.BinOp → Sort u} →   (t : Kant.Wasm.BinOp) → Eq t.ctorIdx 0 → motive Kant.Wasm.BinOp.add → motive t","L0;","O0;","L0;","L0;","L0;","L0;","L0;","L0;","S118;{motive : Kant.Wasm.BinOp → Sort u} →   (t : Kant.Wasm.BinOp) → Eq t.ctorIdx 0 → motive Kant.Wasm.BinOp.add → motive t","O7;13;source_systemS5;lean411;source_fileS31;RequestProject/Wasm/Syntax.lean13;source_formatS4;text11;imported_atI+0;14;transformed_atI+27;15;transformationsL0;13;parent_objectS0;","98730ca769b5cddc0d824b8ad80e2b27ea30ee4a53ec266264dbe95efe7cdf4d"
"obj.Kant.Diagnostics.Event.mk.injEq","theorem","Kant.Diagnostics.Event.mk.injEq","PROVEN","∀ (seq ms : Nat) (level : Kant.Diagnostics.Level) (area : Kant.Diagnostics.Area)   (text detail : List Char) (seq_1 ms_1 : Nat) (level_1 : Kant.Diagnostics.Level)   (area_1 : Kant.Diagnostics.Area) (text_1 detail_1 : List Char),   Eq     (Eq { seq := seq, ms := ms, level := level, area := area, text := text, detail := detail }       { seq := seq_1, ms := ms_1, level := level_1, area := area_1, text := text_1,         detail := detail_1 })     (And (Eq seq seq_1)       (And (Eq ms ms_1)         (And (Eq level level_1)           (And (Eq area area_1) (And (Eq text text_1) (Eq detail detail_1))))))","L0;","O0;","L0;","L0;","L1;S37;claim.Kant.Diagnostics.Event.mk.injEq","L0;","L1;S37;proof.Kant.Diagnostics.Event.mk.injEq","L0;","S602;∀ (seq ms : Nat) (level : Kant.Diagnostics.Level) (area : Kant.Diagnostics.Area)   (text detail : List Char) (seq_1 ms_1 : Nat) (level_1 : Kant.Diagnostics.Level)   (area_1 : Kant.Diagnostics.Area) (text_1 detail_1 : List Char),   Eq     (Eq { seq := seq, ms := ms, level := level, area := area, text := text, detail := detail }       { seq := seq_1, ms := ms_1, level := level_1, area := area_1, text := text_1,         detail := detail_1 })     (And (Eq seq seq_1)       (And (Eq ms ms_1)         (And (Eq level level_1)           (And (Eq area area_1) (And (Eq text text_1) (Eq detail detail_1))))))","O7;13;source_systemS5;lean411;source_fileS36;RequestProject/Kant/Diagnostics.lean13;source_formatS4;text11;imported_atI+0;14;transformed_atI+0;15;transformationsL0;13;parent_objectS0;","9d7d982ed30fd4ade2317654972506922f22108c440357af78f9d5b9000261c4"
"obj.Kant.Cli.instDecidableEqRoute.decEq.match_1","def","Kant.Cli.instDecidableEqRoute.decEq.match_1","ASSERTED","(motive : Kant.Cli.Route → Kant.Cli.Route → Sort u_1) →   (x x_1 : Kant.Cli.Route) →     ((a : List Char) →         (a_1 : Nat) →           (b : List Char) →             (b_1 : Nat) → motive { room := a, cursor := a_1 } { room := b, cursor := b_1 }) →       motive x x_1","L0;","O0;","L0;","L0;","L0;","L0;","L0;","L0;","S270;(motive : Kant.Cli.Route → Kant.Cli.Route → Sort u_1) →   (x x_1 : Kant.Cli.Route) →     ((a : List Char) →         (a_1 : Nat) →           (b : List Char) →             (b_1 : Nat) → motive { room := a, cursor := a_1 } { room := b, cursor := b_1 }) →       motive x x_1","O7;13;source_systemS5;lean411;source_fileS28;RequestProject/Kant/Cli.lean13;source_formatS4;text11;imported_atI+0;14;transformed_atI+0;15;transformationsL0;13;parent_objectS0;","0cc6e79c807c343e28f9901cb47354813fb80e8d2d9bd96801c73d52941a2b1b"
"obj.Kant.Uucp.Site.visitor_catches_up","theorem","Kant.Uucp.Site.visitor_catches_up","PROVEN","∀ {s : Kant.Uucp.Site} {path : List Char} {a v : Kant.Uucp.Node},   a.Wired →     ∀ {x : Kant.Relay.Msg},       List.instMembership.mem a.spool x →         List.instMembership.mem ((s.publish path a).visit path v).spool x","L2;S24;obj.Kant.Uucp.Node.spoolS21;obj.Kant.Uucp.handoff","O0;","L0;","L0;","L1;S39;claim.Kant.Uucp.Site.visitor_catches_up","L0;","L1;S39;proof.Kant.Uucp.Site.visitor_catches_up","L0;","S221;∀ {s : Kant.Uucp.Site} {path : List Char} {a v : Kant.Uucp.Node},   a.Wired →     ∀ {x : Kant.Relay.Msg},       List.instMembership.mem a.spool x →         List.instMembership.mem ((s.publish path a).visit path v).spool x","O7;13;source_systemS5;lean411;source_fileS29;RequestProject/Kant/Uucp.lean13;source_formatS4;text11;imported_atI+0;14;transformed_atI+768;15;transformationsL0;13;parent_objectS0;","1d93f61608200bfb92087f9a209b8748125ebff05f74652164f633d9fe25234e"
"obj.Kant.Meme.magic_ascii","theorem","Kant.Meme.magic_ascii","PROVEN","Kant.Text.IsAscii Kant.Meme.magic","L0;","O0;","L0;","L0;","L1;S27;claim.Kant.Meme.magic_ascii","L0;","L1;S27;proof.Kant.Meme.magic_ascii","L0;","S33;Kant.Text.IsAscii Kant.Meme.magic","O7;13;source_systemS5;lean411;source_fileS29;RequestProject/Kant/Meme.lean13;source_formatS4;text11;imported_atI+0;14;transformed_atI+80;15;transformationsL0;13;parent_objectS0;","0622c0e0d624c7ebff48cbafdedb1e6810f0c5ffeed178f1c39ec78247bb4e6e"
"obj.Kant.Dom.FormatReport.mk.inj","theorem","Kant.Dom.FormatReport.mk.inj","PROVEN","∀ {fmt : Kant.Codec.Fmt} {bytes : Nat} {decoded matchesCanonical : Bool} {hash : List Char}   {fmt_1 : Kant.Codec.Fmt} {bytes_1 : Nat} {decoded_1 matchesCanonical_1 : Bool}   {hash_1 : List Char},   Eq       { fmt := fmt, bytes := bytes, decoded := decoded, matchesCanonical := matchesCanonical,         hash := hash }       { fmt := fmt_1, bytes := bytes_1, decoded := decoded_1,         matchesCanonical := matchesCanonical_1, hash := hash_1 } →     And (Eq fmt fmt_1)       (And (Eq bytes bytes_1)         (And (Eq decoded decoded_1)           (And (Eq matchesCanonical matchesCanonical_1) (Eq hash hash_1))))","L0;","O0;","L0;","L0;","L1;S34;claim.Kant.Dom.FormatReport.mk.inj","L0;","L1;S34;proof.Kant.Dom.FormatReport.mk.inj","L0;","S612;∀ {fmt : Kant.Codec.Fmt} {bytes : Nat} {decoded matchesCanonical : Bool} {hash : List Char}   {fmt_1 : Kant.Codec.Fmt} {bytes_1 : Nat} {decoded_1 matchesCanonical_1 : Bool}   {hash_1 : List Char},   Eq       { fmt := fmt, bytes := bytes, decoded := decoded, matchesCanonical := matchesCanonical,         hash := hash }       { fmt := fmt_1, bytes := bytes_1, decoded := decoded_1,         matchesCanonical := matchesCanonical_1, hash := hash_1 } →     And (Eq fmt fmt_1)       (And (Eq bytes bytes_1)         (And (Eq decoded decoded_1)           (And (Eq matchesCanonical matchesCanonical_1) (Eq hash hash_1))))","O7;13;source_systemS5;lean411;source_fileS36;RequestProject/Kant/Domain/Emit.lean13;source_formatS4;text11;imported_atI+0;14;transformed_atI+0;15;transformationsL0;13;parent_objectS0;","d1dde4e8e011bcb6caae997e9b438529874f57cf30a98278292c9f043eb8a7fb"
"obj.Kant.Dom.Repair.casesOn","def","Kant.Dom.Repair.casesOn","ASSERTED","{motive : Kant.Dom.Repair → Sort u} →   (t : Kant.Dom.Repair) →     motive Kant.Dom.Repair.stringToInteger →       motive Kant.Dom.Repair.defaultApplied → motive Kant.Dom.Repair.unresolved → motive t","L0;","O0;","L0;","L0;","L0;","L0;","L0;","L0;","S199;{motive : Kant.Dom.Repair → Sort u} →   (t : Kant.Dom.Repair) →     motive Kant.Dom.Repair.stringToInteger →       motive Kant.Dom.Repair.defaultApplied → motive Kant.Dom.Repair.unresolved → motive t","O7;13;source_systemS5;lean411;source_fileS38;RequestProject/Kant/Domain/Policy.lean13;source_formatS4;text11;imported_atI+0;14;transformed_atI+196;15;transformationsL0;13;parent_objectS0;","2cd88ce4a67ef67c470ffd1e324cc89f1ca5db0d0b571bd2fefa35378b139935"
"obj.Kant.Cli.route_roomPath","theorem","Kant.Cli.route_roomPath","PROVEN","∀ {room : List Char},   Not (List.instMembership.mem room '?') →     Eq (Kant.Cli.route (Kant.Cli.roomPath room)) (Option.some { room := room, cursor := 0 })","L0;","O0;","L0;","L0;","L1;S29;claim.Kant.Cli.route_roomPath","L0;","L1;S29;proof.Kant.Cli.route_roomPath","L0;","S157;∀ {room : List Char},   Not (List.instMembership.mem room '?') →     Eq (Kant.Cli.route (Kant.Cli.roomPath room)) (Option.some { room := room, cursor := 0 })","O7;13;source_systemS5;lean411;source_fileS28;RequestProject/Kant/Cli.lean13;source_formatS4;text11;imported_atI+0;14;transformed_atI+269;15;transformationsL0;13;parent_objectS0;","3ff3b0594a73f959f71c215e384faf66e8b15afa8c01b46b5543d54fa873b738"
"obj.Kant.CodeMovie.Circuit.inp.sizeOf_spec","theorem","Kant.CodeMovie.Circuit.inp.sizeOf_spec","PROVEN","∀ (i : Nat),   Eq (Kant.CodeMovie.Circuit._sizeOf_inst.sizeOf (Kant.CodeMovie.Circuit.inp i))     (instHAdd.hAdd 1 (instSizeOfNat.sizeOf i))","L0;","O0;","L0;","L0;","L1;S44;claim.Kant.CodeMovie.Circuit.inp.sizeOf_spec","L0;","L1;S44;proof.Kant.CodeMovie.Circuit.inp.sizeOf_spec","L0;","S140;∀ (i : Nat),   Eq (Kant.CodeMovie.Circuit._sizeOf_inst.sizeOf (Kant.CodeMovie.Circuit.inp i))     (instHAdd.hAdd 1 (instSizeOfNat.sizeOf i))","O7;13;source_systemS5;lean411;source_fileS34;RequestProject/Kant/CodeMovie.lean13;source_formatS4;text11;imported_atI+0;14;transformed_atI+0;15;transformationsL0;13;parent_objectS0;","005cfb41530e3497bea3bdf68598c944cd36d169297c3be5df2e0e5097986042"
"obj.Kant.Store.put_comm_lookup","theorem","Kant.Store.put_comm_lookup","PROVEN","∀ (st : Kant.Store) (p q : Kant.Paste),   Ne p.witness q.witness →     Not (Eq (st.get p.witness).isSome Bool.true) →       Not (Eq (st.get q.witness).isSome Bool.true) →         ∀ (w : List Char), Eq (((st.put p).put q).get w) (((st.put q).put p).get w)","L0;","O0;","L0;","L0;","L1;S32;claim.Kant.Store.put_comm_lookup","L0;","L1;S32;proof.Kant.Store.put_comm_lookup","L0;","S254;∀ (st : Kant.Store) (p q : Kant.Paste),   Ne p.witness q.witness →     Not (Eq (st.get p.witness).isSome Bool.true) →       Not (Eq (st.get q.witness).isSome Bool.true) →         ∀ (w : List Char), Eq (((st.put p).put q).get w) (((st.put q).put p).get w)","O7;13;source_systemS5;lean411;source_fileS30;RequestProject/Kant/Paste.lean13;source_formatS4;text11;imported_atI+0;14;transformed_atI+169;15;transformationsL0;13;parent_objectS0;","c091f82521bb54c1d0f9dc86555eb2b6ee7256a1f04fe20b9037df72809d5ac0"
"obj.Kant.Sync.Feed","inductive","Kant.Sync.Feed","ASSERTED","Type","L0;","O0;","L0;","L0;","L0;","L0;","L0;","L0;","S4;Type","O7;13;source_systemS5;lean411;source_fileS29;RequestProject/Kant/Sync.lean13;source_formatS4;text11;imported_atI+0;14;transformed_atI+41;15;transformationsL0;13;parent_objectS0;","b5542ff27638f4634066868337af2280ffa5c9667a4bf4a96a52b15869840446"
"obj.Kant.Rendezvous.tagPeer","def","Kant.Rendezvous.tagPeer","ASSERTED","Kant.Bytes.Blob","L0;","O0;","L0;","L0;","L0;","L0;","L0;","L0;","S15;Kant.Bytes.Blob","O7;13;source_systemS5;lean411;source_fileS35;RequestProject/Kant/Rendezvous.lean13;source_formatS4;text11;imported_atI+0;14;transformed_atI+142;15;transformationsL0;13;parent_objectS0;","0fa80f396af137ee475850992d106c61d72e2c27998dd008d49b7ddea2e1277b"
"obj.Kant.Codec.getNat.eq_1","theorem","Kant.Codec.getNat.eq_1","PROVEN","∀ (fs : List (Prod (List Char) Kant.Codec.Val)) (k : List Char),   Eq (Kant.Codec.getNat fs k)     (Kant.Codec.getInt.match_1 (fun x => Option Nat) (Kant.Codec.lookupF fs k)       (fun n => ite (Int.instLEInt.le 0 n) (Option.some n.natAbs) Option.none) fun x => Option.none)","L0;","O0;","L0;","L0;","L1;S28;claim.Kant.Codec.getNat.eq_1","L0;","L1;S28;proof.Kant.Codec.getNat.eq_1","L0;","S274;∀ (fs : List (Prod (List Char) Kant.Codec.Val)) (k : List Char),   Eq (Kant.Codec.getNat fs k)     (Kant.Codec.getInt.match_1 (fun x => Option Nat) (Kant.Codec.lookupF fs k)       (fun n => ite (Int.instLEInt.le 0 n) (Option.some n.natAbs) Option.none) fun x => Option.none)","O7;13;source_systemS5;lean411;source_fileS36;RequestProject/Kant/Codec/Model.lean13;source_formatS4;text11;imported_atI+0;14;transformed_atI+0;15;transformationsL0;13;parent_objectS0;","984350974338d6ef3bc8f7e74d249f447e67bb349fd8a79d5ec0cdb153b6c152"
"obj.Kant.Sheaf.Encoding.morse.sizeOf_spec","theorem","Kant.Sheaf.Encoding.morse.sizeOf_spec","PROVEN","Eq (Kant.Sheaf.Encoding._sizeOf_inst.sizeOf Kant.Sheaf.Encoding.morse) 1","L0;","O0;","L0;","L0;","L1;S43;claim.Kant.Sheaf.Encoding.morse.sizeOf_spec","L0;","L1;S43;proof.Kant.Sheaf.Encoding.morse.sizeOf_spec","L0;","S72;Eq (Kant.Sheaf.Encoding._sizeOf_inst.sizeOf Kant.Sheaf.Encoding.morse) 1","O7;13;source_systemS5;lean411;source_fileS30;RequestProject/Kant/Sheaf.lean13;source_formatS4;text11;imported_atI+0;14;transformed_atI+0;15;transformationsL0;13;parent_objectS0;","4129a83473b9364f74e0f571913444ecab5bb25f2230d2152b48a292062f8932"
"obj.Kant.Dom.Decl.axiomsOk","def","Kant.Dom.Decl.axiomsOk","ASSERTED","Kant.Dom.Decl → Bool","L0;","O0;","L0;","L0;","L0;","L0;","L0;","L0;","S20;Kant.Dom.Decl → Bool","O7;13;source_systemS5;lean411;source_fileS39;RequestProject/Kant/Domain/Catalog.lean13;source_formatS4;text11;imported_atI+0;14;transformed_atI+54;15;transformationsL0;13;parent_objectS0;","4ee7d1912f013307bb8d4f8a835f6a741d2c2fbcceca37a54959a96e344d4ce2"
"obj.Kant.Wasm.Decode.slebDec_shorter","theorem","Kant.Wasm.Decode.slebDec_shorter","PROVEN","∀ {bs : Kant.Wasm.Decode.Bytes} {n : Int} {r : Kant.Wasm.Decode.Bytes},   Eq (Kant.Wasm.Leb128.slebDec bs) (Option.some { fst := n, snd := r }) →     instLTNat.lt (List.length r) (List.length bs)","L0;","O0;","L0;","L0;","L1;S38;claim.Kant.Wasm.Decode.slebDec_shorter","L0;","L1;S38;proof.Kant.Wasm.Decode.slebDec_shorter","L0;","S195;∀ {bs : Kant.Wasm.Decode.Bytes} {n : Int} {r : Kant.Wasm.Decode.Bytes},   Eq (Kant.Wasm.Leb128.slebDec bs) (Option.some { fst := n, snd := r }) →     instLTNat.lt (List.length r) (List.length bs)","O7;13;source_systemS5;lean411;source_fileS31;RequestProject/Wasm/Decode.lean13;source_formatS4;text11;imported_atI+0;14;transformed_atI+271;15;transformationsL0;13;parent_objectS0;","278fbeb3550027380366e28749df3f8b5505540a348c051e16c6591db861d961"
"obj.Kant.Codec.Loss.partialLoss.sizeOf_spec","theorem","Kant.Codec.Loss.partialLoss.sizeOf_spec","PROVEN","Eq (Kant.Codec.Loss._sizeOf_inst.sizeOf Kant.Codec.Loss.partialLoss) 1","L0;","O0;","L0;","L0;","L1;S45;claim.Kant.Codec.Loss.partialLoss.sizeOf_spec","L0;","L1;S45;proof.Kant.Codec.Loss.partialLoss.sizeOf_spec","L0;","S70;Eq (Kant.Codec.Loss._sizeOf_inst.sizeOf Kant.Codec.Loss.partialLoss) 1","O7;13;source_systemS5;lean411;source_fileS36;RequestProject/Kant/Codec/Model.lean13;source_formatS4;text11;imported_atI+0;14;transformed_atI+0;15;transformationsL0;13;parent_objectS0;","5c3f5761d165c79802d08b1a8878e15b7e640b28c7e09a5ec0d68ee3ff187c21"
"obj.Kant.Codec.Fmt.ctorElimType","def","Kant.Codec.Fmt.ctorElimType","ASSERTED","{motive : Kant.Codec.Fmt → Sort u} → Nat → Sort (max 1 u)","L0;","O0;","L0;","L0;","L0;","L0;","L0;","L0;","S57;{motive : Kant.Codec.Fmt → Sort u} → Nat → Sort (max 1 u)","O7;13;source_systemS5;lean411;source_fileS36;RequestProject/Kant/Codec/Model.lean13;source_formatS4;text11;imported_atI+0;14;transformed_atI+0;15;transformationsL0;13;parent_objectS0;","b28588054ff69ca6b32b24ba5ee15cc948333b33866823387dffbacf4479755b"
"obj.Kant.Diagnostics.Area.probe.sizeOf_spec","theorem","Kant.Diagnostics.Area.probe.sizeOf_spec","PROVEN","Eq (Kant.Diagnostics.Area._sizeOf_inst.sizeOf Kant.Diagnostics.Area.probe) 1","L0;","O0;","L0;","L0;","L1;S45;claim.Kant.Diagnostics.Area.probe.sizeOf_spec","L0;","L1;S45;proof.Kant.Diagnostics.Area.probe.sizeOf_spec","L0;","S76;Eq (Kant.Diagnostics.Area._sizeOf_inst.sizeOf Kant.Diagnostics.Area.probe) 1","O7;13;source_systemS5;lean411;source_fileS36;RequestProject/Kant/Diagnostics.lean13;source_formatS4;text11;imported_atI+0;14;transformed_atI+0;15;transformationsL0;13;parent_objectS0;","18450ad55cd62ea6f7585deba1107f696cd17e011b3c4ae0b74d88abdfc3b423"
"obj.Kant.Codec.diffList.eq_3","theorem","Kant.Codec.diffList.eq_3","PROVEN","∀ (path : List Char) (i : Nat) (x_2 : Kant.Codec.Val) (xs : List Kant.Codec.Val),   Eq (Kant.Codec.diffList path i (List.cons x_2 xs) List.nil)     (List.cons       (Kant.Codec.mkDiff (instHAppendOfAppend.hAppend path (List.cons '[' (Kant.Codec.natDigits i)))         (Kant.Codec.yamlEnc x_2) List.nil ""MISSING_RIGHT"".toList)       (Kant.Codec.diffList path (instHAdd.hAdd i 1) xs List.nil))","L0;","O0;","L0;","L0;","L1;S30;claim.Kant.Codec.diffList.eq_3","L0;","L1;S30;proof.Kant.Codec.diffList.eq_3","L0;","S391;∀ (path : List Char) (i : Nat) (x_2 : Kant.Codec.Val) (xs : List Kant.Codec.Val),   Eq (Kant.Codec.diffList path i (List.cons x_2 xs) List.nil)     (List.cons       (Kant.Codec.mkDiff (instHAppendOfAppend.hAppend path (List.cons '[' (Kant.Codec.natDigits i)))         (Kant.Codec.yamlEnc x_2) List.nil ""MISSING_RIGHT"".toList)       (Kant.Codec.diffList path (instHAdd.hAdd i 1) xs List.nil))","O7;13;source_systemS5;lean411;source_fileS40;RequestProject/Kant/Codec/Reconcile.lean13;source_formatS4;text11;imported_atI+0;14;transformed_atI+0;15;transformationsL0;13;parent_objectS0;","949e671f970948fbfc280809b8689150c040c8f59b5959b11de603043eb3e2d6"
"obj.Kant.Handoff.Move.copyOut.injEq","theorem","Kant.Handoff.Move.copyOut.injEq","PROVEN","∀ (code code_1 : List Char),   Eq (Eq (Kant.Handoff.Move.copyOut code) (Kant.Handoff.Move.copyOut code_1)) (Eq code code_1)","L0;","O0;","L0;","L0;","L1;S37;claim.Kant.Handoff.Move.copyOut.injEq","L0;","L1;S37;proof.Kant.Handoff.Move.copyOut.injEq","L0;","S123;∀ (code code_1 : List Char),   Eq (Eq (Kant.Handoff.Move.copyOut code) (Kant.Handoff.Move.copyOut code_1)) (Eq code code_1)","O7;13;source_systemS5;lean411;source_fileS32;RequestProject/Kant/Handoff.lean13;source_formatS4;text11;imported_atI+0;14;transformed_atI+0;15;transformationsL0;13;parent_objectS0;","ee34b8c9d48cf459561a0549bee510b6742cc8c8ec31a62b1d57719c67386b78"
"obj.Kant.Onboarding.Event.copyLink.elim","def","Kant.Onboarding.Event.copyLink.elim","ASSERTED","{motive : Kant.Onboarding.Event → Sort u} →   (t : Kant.Onboarding.Event) → Eq t.ctorIdx 3 → motive Kant.Onboarding.Event.copyLink → motive t","L0;","O0;","L0;","L0;","L0;","L0;","L0;","L0;","S141;{motive : Kant.Onboarding.Event → Sort u} →   (t : Kant.Onboarding.Event) → Eq t.ctorIdx 3 → motive Kant.Onboarding.Event.copyLink → motive t","O7;13;source_systemS5;lean411;source_fileS35;RequestProject/Kant/Onboarding.lean13;source_formatS4;text11;imported_atI+0;14;transformed_atI+72;15;transformationsL0;13;parent_objectS0;","ab0cec36e4b3ee72fa0f200b1bc5f1f5e3a2bf62d320cecc59f49192cedf650f"
"obj.Kant.Codec.Obj.ofVal","def","Kant.Codec.Obj.ofVal","ASSERTED","Kant.Codec.Val → Option Kant.Codec.Obj","L1;S28;obj.Kant.Codec.Status.ofName","O0;","L0;","L0;","L0;","L0;","L0;","L0;","S38;Kant.Codec.Val → Option Kant.Codec.Obj","O7;13;source_systemS5;lean411;source_fileS36;RequestProject/Kant/Codec/Model.lean13;source_formatS4;text11;imported_atI+0;14;transformed_atI+492;15;transformationsL0;13;parent_objectS0;","a79f6fec0a42fce2d2e292bf690a13458b26cda983b754c4b626baf3a2675c97"
"obj.Kant.Join.findInvite_in_message","theorem","Kant.Join.findInvite_in_message","PROVEN","∀ {c : Kant.SiteCard.Config},   Kant.Join.BlankFree c.origin →     ∀ {i : Kant.Rendezvous.Invite},       i.Wire →         ∀ {before after lead trail : List Char},           Eq (Kant.Join.findInvite before) Option.none →             Kant.Join.BlankFree lead →               Kant.Join.BlankFree trail →                 Not (List.instMembership.mem trail Kant.Clipboard.hash) →                   Kant.Join.NoCode trail →                     ∀ {sp sq : Char},                       Eq (Kant.Join.isBlank sp) Bool.true →                         Eq (Kant.Join.isBlank sq) Bool.true →                           Eq                             (Kant.Join.findInvite                               (instHAppendOfAppend.hAppend before                                 (List.cons sp                                   (instHAppendOfAppend.hAppend                                     (instHAppendOfAppend.hAppend                                       (instHAppendOfAppend.hAppend lead                                         (Kant.InviteCard.inviteUrl c i))                                       trail)                                     (List.cons sq after)))))                             (Option.some i)","L1;S31;obj.Kant.Rendezvous.Invite.Wire","O0;","L0;","L0;","L1;S37;claim.Kant.Join.findInvite_in_message","L0;","L1;S37;proof.Kant.Join.findInvite_in_message","L0;","S1191;∀ {c : Kant.SiteCard.Config},   Kant.Join.BlankFree c.origin →     ∀ {i : Kant.Rendezvous.Invite},       i.Wire →         ∀ {before after lead trail : List Char},           Eq (Kant.Join.findInvite before) Option.none →             Kant.Join.BlankFree lead →               Kant.Join.BlankFree trail →                 Not (List.instMembership.mem trail Kant.Clipboard.hash) →                   Kant.Join.NoCode trail →                     ∀ {sp sq : Char},                       Eq (Kant.Join.isBlank sp) Bool.true →                         Eq (Kant.Join.isBlank sq) Bool.true →                           Eq                             (Kant.Join.findInvite                               (instHAppendOfAppend.hAppend before                                 (List.cons sp                                   (instHAppendOfAppend.hAppend                                     (instHAppendOfAppend.hAppend                                       (instHAppendOfAppend.hAppend lead                                         (Kant.InviteCard.inviteUrl c i))                                       trail)                                     (List.cons sq after)))))                             (Option.some i)","O7;13;source_systemS5;lean411;source_fileS29;RequestProject/Kant/Join.lean13;source_formatS4;text11;imported_atI+0;14;transformed_atI+366;15;transformationsL0;13;parent_objectS0;","ccb52b3de0c85e875731e4d284c3ac3cace3026dd3172f7d8e32ad3f2a4f18d2"
"obj.Kant.Codec.YRoundTrips","def","Kant.Codec.YRoundTrips","ASSERTED","Kant.Codec.Val → Prop","L0;","O0;","L0;","L0;","L0;","L0;","L0;","L0;","S21;Kant.Codec.Val → Prop","O7;13;source_systemS5;lean411;source_fileS35;RequestProject/Kant/Codec/Yaml.lean13;source_formatS4;text11;imported_atI+0;14;transformed_atI+349;15;transformationsL0;13;parent_objectS0;","336f710a7d518b2691c6151cefe9af590dece3dbbaf2f1d8752d686291a6d49b"
"obj.Kant.PlainText.metaTextOf","def","Kant.PlainText.metaTextOf","ASSERTED","List Char → List Char","L0;","O0;","L0;","L0;","L0;","L0;","L0;","L0;","S21;List Char → List Char","O7;13;source_systemS5;lean411;source_fileS34;RequestProject/Kant/PlainText.lean13;source_formatS4;text11;imported_atI+0;14;transformed_atI+252;15;transformationsL0;13;parent_objectS0;","9569454e1d50a0fd4e99051c9dc4261ab7705040ee1edf2f12ebf2fa409e03cc"
"obj.Kant.Wasm.Expr.bin.noConfusion","def","Kant.Wasm.Expr.bin.noConfusion","ASSERTED","{P : Sort u} →   {op : Kant.Wasm.BinOp} →     {a b : Kant.Wasm.Expr} →       {op' : Kant.Wasm.BinOp} →         {a' b' : Kant.Wasm.Expr} →           Eq (Kant.Wasm.Expr.bin op a b) (Kant.Wasm.Expr.bin op' a' b') →             (Eq op op' → Eq a a' → Eq b b' → P) → P","L0;","O0;","L0;","L0;","L0;","L0;","L0;","L0;","S263;{P : Sort u} →   {op : Kant.Wasm.BinOp} →     {a b : Kant.Wasm.Expr} →       {op' : Kant.Wasm.BinOp} →         {a' b' : Kant.Wasm.Expr} →           Eq (Kant.Wasm.Expr.bin op a b) (Kant.Wasm.Expr.bin op' a' b') →             (Eq op op' → Eq a a' → Eq b b' → P) → P","O7;13;source_systemS5;lean411;source_fileS31;RequestProject/Wasm/Syntax.lean13;source_formatS4;text11;imported_atI+0;14;transformed_atI+55;15;transformationsL0;13;parent_objectS0;","02022252744de9d7d29411f1385b91b415e45a3fcadc52cdd7aadc99443652ea"
"obj.Kant.Diagnostics.Log.add_cap","theorem","Kant.Diagnostics.Log.add_cap","PROVEN","∀ (l : Kant.Diagnostics.Log) (e : Kant.Diagnostics.Event), Eq (l.add e).cap l.cap","L0;","O0;","L0;","L0;","L1;S34;claim.Kant.Diagnostics.Log.add_cap","L0;","L1;S34;proof.Kant.Diagnostics.Log.add_cap","L0;","S81;∀ (l : Kant.Diagnostics.Log) (e : Kant.Diagnostics.Event), Eq (l.add e).cap l.cap","O7;13;source_systemS5;lean411;source_fileS36;RequestProject/Kant/Diagnostics.lean13;source_formatS4;text11;imported_atI+0;14;transformed_atI+226;15;transformationsL0;13;parent_objectS0;","4f8950049f4b837a9a21787fd775c0f59636882382ad25cca8f112f3b1b07547"
"obj.Kant.Wasm.Expr.cmp.sizeOf_spec","theorem","Kant.Wasm.Expr.cmp.sizeOf_spec","PROVEN","∀ (op : Kant.Wasm.CmpOp) (a b : Kant.Wasm.Expr),   Eq (Kant.Wasm.Expr._sizeOf_inst.sizeOf (Kant.Wasm.Expr.cmp op a b))     (instHAdd.hAdd       (instHAdd.hAdd (instHAdd.hAdd 1 (Kant.Wasm.CmpOp._sizeOf_inst.sizeOf op))         (Kant.Wasm.Expr._sizeOf_inst.sizeOf a))       (Kant.Wasm.Expr._sizeOf_inst.sizeOf b))","L1;S19;obj.Kant.Wasm.CmpOp","O0;","L0;","L0;","L1;S36;claim.Kant.Wasm.Expr.cmp.sizeOf_spec","L0;","L1;S36;proof.Kant.Wasm.Expr.cmp.sizeOf_spec","L0;","S311;∀ (op : Kant.Wasm.CmpOp) (a b : Kant.Wasm.Expr),   Eq (Kant.Wasm.Expr._sizeOf_inst.sizeOf (Kant.Wasm.Expr.cmp op a b))     (instHAdd.hAdd       (instHAdd.hAdd (instHAdd.hAdd 1 (Kant.Wasm.CmpOp._sizeOf_inst.sizeOf op))         (Kant.Wasm.Expr._sizeOf_inst.sizeOf a))       (Kant.Wasm.Expr._sizeOf_inst.sizeOf b))","O7;13;source_systemS5;lean411;source_fileS31;RequestProject/Wasm/Syntax.lean13;source_formatS4;text11;imported_atI+0;14;transformed_atI+0;15;transformationsL0;13;parent_objectS0;","28f455c2bcdce10c324835e74083356f3da5ba2c38faaf9a1647ce8537c8ddfd"
"obj.Kant.Dasl.cidPrefix","def","Kant.Dasl.cidPrefix","ASSERTED","Nat → Nat","L0;","O0;","L0;","L0;","L0;","L0;","L0;","L0;","S9;Nat → Nat","O7;13;source_systemS5;lean411;source_fileS29;RequestProject/Kant/Dasl.lean13;source_formatS4;text11;imported_atI+0;14;transformed_atI+80;15;transformationsL0;13;parent_objectS0;","67dfa4bee97ce326b0a5a2ba3d3eef29db59979368b471a0c61a14ee1dd68333"
"obj.Kant.Repost.postCard_headline_no_markup","theorem","Kant.Repost.postCard_headline_no_markup","PROVEN","∀ (p : Kant.Paste),   And (Not (List.instMembership.mem (Kant.Repost.headline p) '<'))     (And (Not (List.instMembership.mem (Kant.Repost.headline p) '>'))       (Not (List.instMembership.mem (Kant.Repost.headline p) '\""')))","L0;","O0;","L0;","L0;","L1;S45;claim.Kant.Repost.postCard_headline_no_markup","L0;","L1;S45;proof.Kant.Repost.postCard_headline_no_markup","L0;","S225;∀ (p : Kant.Paste),   And (Not (List.instMembership.mem (Kant.Repost.headline p) '<'))     (And (Not (List.instMembership.mem (Kant.Repost.headline p) '>'))       (Not (List.instMembership.mem (Kant.Repost.headline p) '\""')))","O7;13;source_systemS5;lean411;source_fileS31;RequestProject/Kant/Repost.lean13;source_formatS4;text11;imported_atI+0;14;transformed_atI+228;15;transformationsL0;13;parent_objectS0;","13b498ec2a5be5620154f69971f8ba05f376a74b76bacc1ca431a5dd99daa14f"
"obj.Kant.SiteCard.ofCard.eq_1","theorem","Kant.SiteCard.ofCard.eq_1","PROVEN","∀ (k : Kant.SiteCard.Card),   Eq (Kant.SiteCard.ofCard k)     { tag := Kant.SiteCard.tagCard,       fields :=         List.cons (Kant.Text.asciiBytes k.url)           (List.cons (Kant.Text.asciiBytes k.caption)             (List.cons (Kant.Text.asciiBytes k.picture)               (List.cons (Kant.Text.asciiBytes k.alt) List.nil))) }","L1;S22;obj.Kant.SiteCard.Card","O0;","L0;","L0;","L1;S31;claim.Kant.SiteCard.ofCard.eq_1","L0;","L1;S31;proof.Kant.SiteCard.ofCard.eq_1","L0;","S334;∀ (k : Kant.SiteCard.Card),   Eq (Kant.SiteCard.ofCard k)     { tag := Kant.SiteCard.tagCard,       fields :=         List.cons (Kant.Text.asciiBytes k.url)           (List.cons (Kant.Text.asciiBytes k.caption)             (List.cons (Kant.Text.asciiBytes k.picture)               (List.cons (Kant.Text.asciiBytes k.alt) List.nil))) }","O7;13;source_systemS5;lean411;source_fileS33;RequestProject/Kant/SiteCard.lean13;source_formatS4;text11;imported_atI+0;14;transformed_atI+0;15;transformationsL0;13;parent_objectS0;","1fb04a473cf9380e8e22ff8bb0ba50113cfa07fdd83f727024f2ebdcb0b0c203"
"obj.Kant.Text.natToBytesBE.eq_1","theorem","Kant.Text.natToBytesBE.eq_1","PROVEN","∀ (n : Nat),   Eq (Kant.Text.natToBytesBE n)     (ite (Eq n 0) List.nil       (instHAppendOfAppend.hAppend (Kant.Text.natToBytesBE (instHDiv.hDiv n 256))         (List.cons (UInt8.ofNat (instHMod.hMod n 256)) List.nil)))","L0;","O0;","L0;","L0;","L1;S33;claim.Kant.Text.natToBytesBE.eq_1","L0;","L1;S33;proof.Kant.Text.natToBytesBE.eq_1","L0;","S220;∀ (n : Nat),   Eq (Kant.Text.natToBytesBE n)     (ite (Eq n 0) List.nil       (instHAppendOfAppend.hAppend (Kant.Text.natToBytesBE (instHDiv.hDiv n 256))         (List.cons (UInt8.ofNat (instHMod.hMod n 256)) List.nil)))","O7;13;source_systemS5;lean411;source_fileS29;RequestProject/Kant/Text.lean13;source_formatS4;text11;imported_atI+0;14;transformed_atI+0;15;transformationsL0;13;parent_objectS0;","17296bebcd191559ce86d684502eef0eaae5e44d406a323ba10558f4680c48e0"
"obj.Kant.Onboarding.Screen.recOn","def","Kant.Onboarding.Screen.recOn","ASSERTED","{motive : Kant.Onboarding.Screen → Sort u} →   (t : Kant.Onboarding.Screen) →     motive Kant.Onboarding.Screen.welcome →       motive Kant.Onboarding.Screen.share →         motive Kant.Onboarding.Screen.join →           motive Kant.Onboarding.Screen.scan →             motive Kant.Onboarding.Screen.chat → motive Kant.Onboarding.Screen.more → motive t","L0;","O0;","L0;","L0;","L0;","L0;","L0;","L0;","S352;{motive : Kant.Onboarding.Screen → Sort u} →   (t : Kant.Onboarding.Screen) →     motive Kant.Onboarding.Screen.welcome →       motive Kant.Onboarding.Screen.share →         motive Kant.Onboarding.Screen.join →           motive Kant.Onboarding.Screen.scan →             motive Kant.Onboarding.Screen.chat → motive Kant.Onboarding.Screen.more → motive t","O7;13;source_systemS5;lean411;source_fileS35;RequestProject/Kant/Onboarding.lean13;source_formatS4;text11;imported_atI+0;14;transformed_atI+46;15;transformationsL0;13;parent_objectS0;","cc46d4c83baba06abd9a3486db5a8a05768b6b5f17c6dd7c3c8df7f846918957"
"obj.Kant.Wasm.Decode.decodeModule","def","Kant.Wasm.Decode.decodeModule","ASSERTED","Kant.Wasm.Decode.Bytes → Option Kant.Wasm.Decode.RawModule","L1;S30;obj.Kant.Wasm.Decode.exportDec","O0;","L0;","L0;","L0;","L0;","L0;","L0;","S58;Kant.Wasm.Decode.Bytes → Option Kant.Wasm.Decode.RawModule","O7;13;source_systemS5;lean411;source_fileS31;RequestProject/Wasm/Decode.lean13;source_formatS4;text11;imported_atI+0;14;transformed_atI+481;15;transformationsL0;13;parent_objectS0;","03c3f2ad0c907697b23952b48830a144ac98680442cd60ad552ac1ca0bcd59ea"
"obj.Kant.Feed.feed.eq_1","theorem","Kant.Feed.feed.eq_1","PROVEN","∀ (st : Kant.Store), Eq (Kant.Feed.feed st) st.entries","L0;","O0;","L0;","L0;","L1;S25;claim.Kant.Feed.feed.eq_1","L0;","L1;S25;proof.Kant.Feed.feed.eq_1","L0;","S54;∀ (st : Kant.Store), Eq (Kant.Feed.feed st) st.entries","O7;13;source_systemS5;lean411;source_fileS33;RequestProject/Kant/ShareLog.lean13;source_formatS4;text11;imported_atI+0;14;transformed_atI+0;15;transformationsL0;13;parent_objectS0;","52c311aa6cfc9ee6ec1beb800eb507c9f75f2bfcf5d323f8ab86033b264da1cb"
"obj.Kant.Codec.Loss.noConfusionType","def","Kant.Codec.Loss.noConfusionType","ASSERTED","Sort v✝ → Kant.Codec.Loss → Kant.Codec.Loss → Sort v✝","L0;","O0;","L0;","L0;","L0;","L0;","L0;","L0;","S53;Sort v✝ → Kant.Codec.Loss → Kant.Codec.Loss → Sort v✝","O7;13;source_systemS5;lean411;source_fileS36;RequestProject/Kant/Codec/Model.lean13;source_formatS4;text11;imported_atI+0;14;transformed_atI+0;15;transformationsL0;13;parent_objectS0;","1fb707d4d641c7d78cb7e0c67be03814c61f89c93c76bd4d76f2b753333444fa"
"obj.Kant.Codec.instReprTrans","def","Kant.Codec.instReprTrans","ASSERTED","Repr Kant.Codec.Trans","L0;","O0;","L0;","L0;","L0;","L0;","L0;","L0;","S21;Repr Kant.Codec.Trans","O7;13;source_systemS5;lean411;source_fileS36;RequestProject/Kant/Codec/Model.lean13;source_formatS4;text11;imported_atI+0;14;transformed_atI+286;15;transformationsL0;13;parent_objectS0;","272cfb2cd9308b1bb5dc2a9fcd7c8618253ec2e631d93ea1f085b9a316033d9e"
"obj.Kant.Wasm.Decode.RawModule.noConfusionType","def","Kant.Wasm.Decode.RawModule.noConfusionType","ASSERTED","Sort u → Kant.Wasm.Decode.RawModule → Kant.Wasm.Decode.RawModule → Sort u","L0;","O0;","L0;","L0;","L0;","L0;","L0;","L0;","S73;Sort u → Kant.Wasm.Decode.RawModule → Kant.Wasm.Decode.RawModule → Sort u","O7;13;source_systemS5;lean411;source_fileS31;RequestProject/Wasm/Decode.lean13;source_formatS4;text11;imported_atI+0;14;transformed_atI+0;15;transformationsL0;13;parent_objectS0;","8faf505f54a42f449e088172f2dbe267421fa80838f53d72ae565711c838d7a5"
"obj.Kant.Dom.Evid.stated.sizeOf_spec","theorem","Kant.Dom.Evid.stated.sizeOf_spec","PROVEN","Eq (Kant.Dom.Evid._sizeOf_inst.sizeOf Kant.Dom.Evid.stated) 1","L0;","O0;","L0;","L0;","L1;S38;claim.Kant.Dom.Evid.stated.sizeOf_spec","L0;","L1;S38;proof.Kant.Dom.Evid.stated.sizeOf_spec","L0;","S61;Eq (Kant.Dom.Evid._sizeOf_inst.sizeOf Kant.Dom.Evid.stated) 1","O7;13;source_systemS5;lean411;source_fileS37;RequestProject/Kant/Domain/Model.lean13;source_formatS4;text11;imported_atI+0;14;transformed_atI+0;15;transformationsL0;13;parent_objectS0;","7ec7d078c24207fa50ca4ecf48b3c12de98dfeb95e1dca941da2a255e9e45147"
"obj.Kant.Codec.readRows.match_1","def","Kant.Codec.readRows.match_1","ASSERTED","(motive : Option (Prod Kant.Codec.Row (List Char)) → Sort u_1) →   (x : Option (Prod Kant.Codec.Row (List Char))) →     ((r : Kant.Codec.Row) → (s' : List Char) → motive (Option.some { fst := r, snd := s' })) →       (Unit → motive Option.none) → motive x","L0;","O0;","L0;","L0;","L0;","L0;","L0;","L0;","S255;(motive : Option (Prod Kant.Codec.Row (List Char)) → Sort u_1) →   (x : Option (Prod Kant.Codec.Row (List Char))) →     ((r : Kant.Codec.Row) → (s' : List Char) → motive (Option.some { fst := r, snd := s' })) →       (Unit → motive Option.none) → motive x","O7;13;source_systemS5;lean411;source_fileS34;RequestProject/Kant/Codec/Csv.lean13;source_formatS4;text11;imported_atI+0;14;transformed_atI+0;15;transformationsL0;13;parent_objectS0;","2e556a9fe1910e479345fefd36ae41447d191b858cf497fd7ddf1e01d1a5471a"
"obj.Kant.Text.joinFields.eq_2","theorem","Kant.Text.joinFields.eq_2","PROVEN","∀ (f : List Char), Eq (Kant.Text.joinFields (List.cons f List.nil)) f","L0;","O0;","L0;","L0;","L1;S31;claim.Kant.Text.joinFields.eq_2","L0;","L1;S31;proof.Kant.Text.joinFields.eq_2","L0;","S69;∀ (f : List Char), Eq (Kant.Text.joinFields (List.cons f List.nil)) f","O7;13;source_systemS5;lean411;source_fileS29;RequestProject/Kant/Text.lean13;source_formatS4;text11;imported_atI+0;14;transformed_atI+0;15;transformationsL0;13;parent_objectS0;","044a4048e4264a9c896857b9968cb60fef8c0e8bfbda96526f12b4c94bcd9615"
"obj.Kant.Codec.Severity.info.elim","def","Kant.Codec.Severity.info.elim","ASSERTED","{motive : Kant.Codec.Severity → Sort u} →   (t : Kant.Codec.Severity) → Eq t.ctorIdx 0 → motive Kant.Codec.Severity.info → motive t","L1;S32;obj.Kant.Codec.Severity.ctorElim","O0;","L0;","L0;","L0;","L0;","L0;","L0;","S131;{motive : Kant.Codec.Severity → Sort u} →   (t : Kant.Codec.Severity) → Eq t.ctorIdx 0 → motive Kant.Codec.Severity.info → motive t","O7;13;source_systemS5;lean411;source_fileS36;RequestProject/Kant/Codec/Model.lean13;source_formatS4;text11;imported_atI+0;14;transformed_atI+48;15;transformationsL0;13;parent_objectS0;","a1f8b5eddbf5264daa421d3f1e44c8da56c338324331fdafab14c95fa016210c"
"obj.Kant.CodeMovie.rleDecode","def","Kant.CodeMovie.rleDecode","ASSERTED","List (Prod Nat Nat) → Kant.CodeMovie.Snippet","L0;","O0;","L0;","L0;","L0;","L0;","L0;","L0;","S44;List (Prod Nat Nat) → Kant.CodeMovie.Snippet","O7;13;source_systemS5;lean411;source_fileS34;RequestProject/Kant/CodeMovie.lean13;source_formatS4;text11;imported_atI+0;14;transformed_atI+49;15;transformationsL0;13;parent_objectS0;","fbe14cb98e2f0b63dab755c9f2697bb8df32c060047e7f71c8600723026cf896"
"obj.Kant.Dom.Claim","inductive","Kant.Dom.Claim","ASSERTED","Type","L0;","O0;","L0;","L0;","L0;","L0;","L0;","L0;","S4;Type","O7;13;source_systemS5;lean411;source_fileS37;RequestProject/Kant/Domain/Model.lean13;source_formatS4;text11;imported_atI+0;14;transformed_atI+431;15;transformationsL0;13;parent_objectS0;","79503256e41380fe51e2a0df44147c5122182946cbf091584c45389cf02b17ab"
"obj.Kant.Dom.Wf.casesOn","def","Kant.Dom.Wf.casesOn","ASSERTED","{d : Kant.Dom.Domain} →   {motive : Kant.Dom.Wf d → Sort u} →     (t : Kant.Dom.Wf d) →       ((objectsNodup : (List.map Kant.Dom.DomObj.id d.objects).Nodup) →           (proofsNodup : (List.map Kant.Dom.ProofRec.id d.proofs).Nodup) →             (proofRefsResolve :                 ∀ (o : Kant.Dom.DomObj),                   List.instMembership.mem d.objects o →                     ∀ (i : Kant.Dom.Id),                       List.instMembership.mem o.proofRefs i →                         Exists fun p =>                           And (Eq (Kant.Dom.findProof d i) (Option.some p))                             (List.instMembership.mem p.outputRefs o.id)) →               (inputsResolve :                   ∀ (p : Kant.Dom.ProofRec),                     List.instMembership.mem d.proofs p →                       ∀ (i : Kant.Dom.Id),                         List.instMembership.mem p.inputRefs i →                           Eq (Kant.Dom.findObj d i).isSome Bool.true) →                 (outputsResolve :                     ∀ (p : Kant.Dom.ProofRec),                       List.instMembership.mem d.proofs p →                         ∀ (i : Kant.Dom.Id),                           List.instMembership.mem p.outputRefs i →                             Exists fun o =>                               And (Eq (Kant.Dom.findObj d i) (Option.some o))                                 (List.instMembership.mem o.proofRefs p.id)) →                   (provenIsProved :                       ∀ (o : Kant.Dom.DomObj),                         List.instMembership.mem d.objects o →                           Eq o.truth Kant.Dom.Truth.proven →                             Exists fun i =>                               And (List.instMembership.mem o.proofRefs i)                                 (Exists fun p =>                                   And (Eq (Kant.Dom.findProof d i) (Option.some p))                                     (Eq p.status Kant.Dom.PStatus.valid))) →                     motive ⋯) →         motive t","L1;S22;obj.Kant.Dom.DomObj.id","O0;","L0;","L0;","L0;","L0;","L0;","L0;","S2004;{d : Kant.Dom.Domain} →   {motive : Kant.Dom.Wf d → Sort u} →     (t : Kant.Dom.Wf d) →       ((objectsNodup : (List.map Kant.Dom.DomObj.id d.objects).Nodup) →           (proofsNodup : (List.map Kant.Dom.ProofRec.id d.proofs).Nodup) →             (proofRefsResolve :                 ∀ (o : Kant.Dom.DomObj),                   List.instMembership.mem d.objects o →                     ∀ (i : Kant.Dom.Id),                       List.instMembership.mem o.proofRefs i →                         Exists fun p =>                           And (Eq (Kant.Dom.findProof d i) (Option.some p))                             (List.instMembership.mem p.outputRefs o.id)) →               (inputsResolve :                   ∀ (p : Kant.Dom.ProofRec),                     List.instMembership.mem d.proofs p →                       ∀ (i : Kant.Dom.Id),                         List.instMembership.mem p.inputRefs i →                           Eq (Kant.Dom.findObj d i).isSome Bool.true) →                 (outputsResolve :                     ∀ (p : Kant.Dom.ProofRec),                       List.instMembership.mem d.proofs p →                         ∀ (i : Kant.Dom.Id),                           List.instMembership.mem p.outputRefs i →                             Exists fun o =>                               And (Eq (Kant.Dom.findObj d i) (Option.some o))                                 (List.instMembership.mem o.proofRefs p.id)) →                   (provenIsProved :                       ∀ (o : Kant.Dom.DomObj),                         List.instMembership.mem d.objects o →                           Eq o.truth Kant.Dom.Truth.proven →                             Exists fun i =>                               And (List.instMembership.mem o.proofRefs i)                                 (Exists fun p =>                                   And (Eq (Kant.Dom.findProof d i) (Option.some p))                                     (Eq p.status Kant.Dom.PStatus.valid))) →                     motive ⋯) →         motive t","O7;13;source_systemS5;lean411;source_fileS38;RequestProject/Kant/Domain/Ledger.lean13;source_formatS4;text11;imported_atI+0;14;transformed_atI+290;15;transformationsL0;13;parent_objectS0;","936bf4d0f39201176124503b83215aa4ab7b8a7c1d1fb67d2c4771d697751b5a"
"obj.Kant.Diagnostics.instDecidableEqReport","def","Kant.Diagnostics.instDecidableEqReport","ASSERTED","DecidableEq Kant.Diagnostics.Report","L0;","O0;","L0;","L0;","L0;","L0;","L0;","L0;","S35;DecidableEq Kant.Diagnostics.Report","O7;13;source_systemS5;lean411;source_fileS36;RequestProject/Kant/Diagnostics.lean13;source_formatS4;text11;imported_atI+0;14;transformed_atI+493;15;transformationsL0;13;parent_objectS0;","0177071c77a461d0a4285c1509fa4e3384c3984ecfbea916585d4288e3ee12f9"
"obj.Kant.Onboarding.instReprTask.repr.match_1","def","Kant.Onboarding.instReprTask.repr.match_1","ASSERTED","(motive : Kant.Onboarding.Task → Sort u_1) →   (x : Kant.Onboarding.Task) →     (Unit → motive Kant.Onboarding.Task.getIn) →       (Unit → motive Kant.Onboarding.Task.shareIt) →         (Unit → motive Kant.Onboarding.Task.sayHello) → motive x","L0;","O0;","L0;","L0;","L0;","L0;","L0;","L0;","S242;(motive : Kant.Onboarding.Task → Sort u_1) →   (x : Kant.Onboarding.Task) →     (Unit → motive Kant.Onboarding.Task.getIn) →       (Unit → motive Kant.Onboarding.Task.shareIt) →         (Unit → motive Kant.Onboarding.Task.sayHello) → motive x","O7;13;source_systemS5;lean411;source_fileS35;RequestProject/Kant/Onboarding.lean13;source_formatS4;text11;imported_atI+0;14;transformed_atI+0;15;transformationsL0;13;parent_objectS0;","04fdfe6a33856c114033cad9d6dd46de5edf6a3ab08fbb6bc1a34dc7d6047858"
"obj.Kant.Codec.yamlEnc.eq_2","theorem","Kant.Codec.yamlEnc.eq_2","PROVEN","Eq (Kant.Codec.yamlEnc (Kant.Codec.Val.bool Bool.true))   (List.cons 't' (List.cons 'r' (List.cons 'u' (List.cons 'e' List.nil))))","L0;","O0;","L0;","L0;","L1;S29;claim.Kant.Codec.yamlEnc.eq_2","L0;","L1;S29;proof.Kant.Codec.yamlEnc.eq_2","L0;","S130;Eq (Kant.Codec.yamlEnc (Kant.Codec.Val.bool Bool.true))   (List.cons 't' (List.cons 'r' (List.cons 'u' (List.cons 'e' List.nil))))","O7;13;source_systemS5;lean411;source_fileS35;RequestProject/Kant/Codec/Yaml.lean13;source_formatS4;text11;imported_atI+0;14;transformed_atI+0;15;transformationsL0;13;parent_objectS0;","18e7eef21fcad7bca97f055ab93a3c4f6818164181fdece20d3f3554cefa5ff5"
"obj.Kant.instDecidableEqPaste.decEq.match_1","def","Kant.instDecidableEqPaste.decEq.match_1","ASSERTED","(motive : Kant.Paste → Kant.Paste → Sort u_1) →   (x x_1 : Kant.Paste) →     ((a a_1 : List Char) →         (a_2 : Kant.Bytes.Blob) →           (a_3 : List Char) →             (a_4 : Option (List Char)) →               (b b_1 : List Char) →                 (b_2 : Kant.Bytes.Blob) →                   (b_3 : List Char) →                     (b_4 : Option (List Char)) →                       motive                         { id := a, title := a_1, content := a_2, timestamp := a_3, replyTo := a_4 }                         { id := b, title := b_1, content := b_2, timestamp := b_3,                           replyTo := b_4 }) →       motive x x_1","L0;","O0;","L0;","L0;","L0;","L0;","L0;","L0;","S646;(motive : Kant.Paste → Kant.Paste → Sort u_1) →   (x x_1 : Kant.Paste) →     ((a a_1 : List Char) →         (a_2 : Kant.Bytes.Blob) →           (a_3 : List Char) →             (a_4 : Option (List Char)) →               (b b_1 : List Char) →                 (b_2 : Kant.Bytes.Blob) →                   (b_3 : List Char) →                     (b_4 : Option (List Char)) →                       motive                         { id := a, title := a_1, content := a_2, timestamp := a_3, replyTo := a_4 }                         { id := b, title := b_1, content := b_2, timestamp := b_3,                           replyTo := b_4 }) →       motive x x_1","O7;13;source_systemS5;lean411;source_fileS30;RequestProject/Kant/Paste.lean13;source_formatS4;text11;imported_atI+0;14;transformed_atI+0;15;transformationsL0;13;parent_objectS0;","af6155d75156af45a76b75b92dc5abfaf976f0bca8f649772906bc07ec11275c"
"obj.Kant.Codec.Strategy.ofNat","def","Kant.Codec.Strategy.ofNat","ASSERTED","Nat → Kant.Codec.Strategy","L0;","O0;","L0;","L0;","L0;","L0;","L0;","L0;","S25;Nat → Kant.Codec.Strategy","O7;13;source_systemS5;lean411;source_fileS40;RequestProject/Kant/Codec/Reconcile.lean13;source_formatS4;text11;imported_atI+0;14;transformed_atI+0;15;transformationsL0;13;parent_objectS0;","b149cd4bedf74697aef2f4ea3dc2298482caedd11e31fa8d01e991525174f3ca"
"obj.Kant.CodeMovie.Circuit.tokens.eq_4","theorem","Kant.CodeMovie.Circuit.tokens.eq_4","PROVEN","∀ (a a_1 : Kant.CodeMovie.Circuit),   Eq (a.and a_1).tokens     (instHAppendOfAppend.hAppend (instHAppendOfAppend.hAppend a.tokens a_1.tokens)       (List.cons 3 List.nil))","L0;","O0;","L0;","L0;","L1;S40;claim.Kant.CodeMovie.Circuit.tokens.eq_4","L0;","L1;S40;proof.Kant.CodeMovie.Circuit.tokens.eq_4","L0;","S172;∀ (a a_1 : Kant.CodeMovie.Circuit),   Eq (a.and a_1).tokens     (instHAppendOfAppend.hAppend (instHAppendOfAppend.hAppend a.tokens a_1.tokens)       (List.cons 3 List.nil))","O7;13;source_systemS5;lean411;source_fileS34;RequestProject/Kant/CodeMovie.lean13;source_formatS4;text11;imported_atI+0;14;transformed_atI+0;15;transformationsL0;13;parent_objectS0;","e9e34d734648ed6caccc47823f4eabb714c07752fc45572a58abdb71abd31215"
"obj.Kant.Uucp.openBag","def","Kant.Uucp.openBag","ASSERTED","List Char → Option (List Kant.Relay.Msg)","L0;","O0;","L0;","L0;","L0;","L0;","L0;","L0;","S40;List Char → Option (List Kant.Relay.Msg)","O7;13;source_systemS5;lean411;source_fileS29;RequestProject/Kant/Uucp.lean13;source_formatS4;text11;imported_atI+0;14;transformed_atI+112;15;transformationsL0;13;parent_objectS0;","07f889ef859b0b0ba3a64fd09fc55b38ef1e065fbce9ded9edf12b9a65b6f356"
"obj.Kant.Cli.Resp.recOn","def","Kant.Cli.Resp.recOn","ASSERTED","{motive : Kant.Cli.Resp → Sort u} →   (t : Kant.Cli.Resp) →     ((lines : List (List Char)) → (cursor : Nat) → motive { lines := lines, cursor := cursor }) →       motive t","L0;","O0;","L0;","L0;","L0;","L0;","L0;","L0;","S172;{motive : Kant.Cli.Resp → Sort u} →   (t : Kant.Cli.Resp) →     ((lines : List (List Char)) → (cursor : Nat) → motive { lines := lines, cursor := cursor }) →       motive t","O7;13;source_systemS5;lean411;source_fileS28;RequestProject/Kant/Cli.lean13;source_formatS4;text11;imported_atI+0;14;transformed_atI+289;15;transformationsL0;13;parent_objectS0;","e1f4dce431a15c8cc85a09b447310fbf32b3a53e642061522d1be3ed78b4b545"
"obj.Kant.Codec.readDigits_append","theorem","Kant.Codec.readDigits_append","PROVEN","∀ (acc : Nat) (ds rest : List Char),   (∀ (c : Char), List.instMembership.mem ds c → Ne (Kant.Codec.digitVal c) Option.none) →     Kant.Codec.NotDigit rest →       Eq (Kant.Codec.readDigits acc (instHAppendOfAppend.hAppend ds rest))         { fst := Kant.Codec.digitsFold acc ds, snd := rest }","L0;","O0;","L0;","L0;","L1;S34;claim.Kant.Codec.readDigits_append","L0;","L1;S34;proof.Kant.Codec.readDigits_append","L0;","S293;∀ (acc : Nat) (ds rest : List Char),   (∀ (c : Char), List.instMembership.mem ds c → Ne (Kant.Codec.digitVal c) Option.none) →     Kant.Codec.NotDigit rest →       Eq (Kant.Codec.readDigits acc (instHAppendOfAppend.hAppend ds rest))         { fst := Kant.Codec.digitsFold acc ds, snd := rest }","O7;13;source_systemS5;lean411;source_fileS35;RequestProject/Kant/Codec/Yaml.lean13;source_formatS4;text11;imported_atI+0;14;transformed_atI+123;15;transformationsL0;13;parent_objectS0;","d461b9edd4bccc65031eca761e1366a2c85fc448555622e7c2cdd59f081a1ee4"
"obj.Kant.Codec.Verdict.ctorElimType","def","Kant.Codec.Verdict.ctorElimType","ASSERTED","{motive : Kant.Codec.Verdict → Sort u} → Nat → Sort (max 1 u)","L0;","O0;","L0;","L0;","L0;","L0;","L0;","L0;","S61;{motive : Kant.Codec.Verdict → Sort u} → Nat → Sort (max 1 u)","O7;13;source_systemS5;lean411;source_fileS40;RequestProject/Kant/Codec/Reconcile.lean13;source_formatS4;text11;imported_atI+0;14;transformed_atI+0;15;transformationsL0;13;parent_objectS0;","e4086bddfda351efd649d1ae89848174796a413f6659090d8ecae09f06c932f2"
"obj.Kant.Dom.objId","def","Kant.Dom.objId","ASSERTED","List Char → Kant.Dom.Id","L0;","O0;","L0;","L0;","L0;","L0;","L0;","L0;","S23;List Char → Kant.Dom.Id","O7;13;source_systemS5;lean411;source_fileS39;RequestProject/Kant/Domain/Catalog.lean13;source_formatS4;text11;imported_atI+0;14;transformed_atI+59;15;transformationsL0;13;parent_objectS0;","aa75ffe9c73e0148fb08a5141e8cc023d22aee69147edb0e68d16b944d61f229"
"obj.Kant.Demo.demoTamperedBag","def","Kant.Demo.demoTamperedBag","ASSERTED","List Char","L1;S21;obj.Kant.Demo.demoMsg","O0;","L0;","L0;","L0;","L0;","L0;","L0;","S9;List Char","O7;13;source_systemS5;lean411;source_fileS29;RequestProject/Kant/Demo.lean13;source_formatS4;text11;imported_atI+0;14;transformed_atI+454;15;transformationsL0;13;parent_objectS0;","8c68a64f8ff7928bf0e6bfa5afc69fc80f6664eb23fe0ed123049b6b53ebdd0e"
"obj.Kant.Wasm.CmpOp","inductive","Kant.Wasm.CmpOp","ASSERTED","Type","L0;","O0;","L0;","L0;","L0;","L0;","L0;","L0;","S4;Type","O7;13;source_systemS5;lean411;source_fileS31;RequestProject/Wasm/Syntax.lean13;source_formatS4;text11;imported_atI+0;14;transformed_atI+30;15;transformationsL0;13;parent_objectS0;","f2b14987f37834e86d2834b746a9ed2bbdbee5aa4209b62e81db04aa5bbbedf1"
"obj.Kant.Connectivity.explain.eq_2","theorem","Kant.Connectivity.explain.eq_2","PROVEN","Eq (Kant.Connectivity.explain Kant.Connectivity.Verdict.noRoom)   ""no-room: open a room, or paste an invite link"".toList","L0;","O0;","L0;","L0;","L1;S36;claim.Kant.Connectivity.explain.eq_2","L0;","L1;S36;proof.Kant.Connectivity.explain.eq_2","L0;","S120;Eq (Kant.Connectivity.explain Kant.Connectivity.Verdict.noRoom)   ""no-room: open a room, or paste an invite link"".toList","O7;13;source_systemS5;lean411;source_fileS37;RequestProject/Kant/Connectivity.lean13;source_formatS4;text11;imported_atI+0;14;transformed_atI+0;15;transformationsL0;13;parent_objectS0;","a4e148d9107b9c61f68127600245358e74fabe54a4ab353bc9a7374a57649c68"
"obj.Kant.Text.splitFields.eq_def","theorem","Kant.Text.splitFields.eq_def","PROVEN","∀ (x : List Char),   Eq (Kant.Text.splitFields x)     (Kant.Text.splitFields.match_3 (fun x => List (List Char)) x       (fun _ => List.cons List.nil List.nil) fun c cs =>       ite (Eq c Kant.Text.sep) (List.cons List.nil (Kant.Text.splitFields cs))         (Kant.Text.splitFields.match_1 (fun x => List (List Char)) (Kant.Text.splitFields cs)           (fun _ => List.cons (List.cons c List.nil) List.nil) fun f fs =>           List.cons (List.cons c f) fs))","L0;","O0;","L0;","L0;","L1;S34;claim.Kant.Text.splitFields.eq_def","L0;","L1;S34;proof.Kant.Text.splitFields.eq_def","L0;","S460;∀ (x : List Char),   Eq (Kant.Text.splitFields x)     (Kant.Text.splitFields.match_3 (fun x => List (List Char)) x       (fun _ => List.cons List.nil List.nil) fun c cs =>       ite (Eq c Kant.Text.sep) (List.cons List.nil (Kant.Text.splitFields cs))         (Kant.Text.splitFields.match_1 (fun x => List (List Char)) (Kant.Text.splitFields cs)           (fun _ => List.cons (List.cons c List.nil) List.nil) fun f fs =>           List.cons (List.cons c f) fs))","O7;13;source_systemS5;lean411;source_fileS29;RequestProject/Kant/Text.lean13;source_formatS4;text11;imported_atI+0;14;transformed_atI+0;15;transformationsL0;13;parent_objectS0;","ec9b388c9f67fd915b420a0b09a16476e27427deeae2613b15867ae5c0a98370"
"obj.Kant.Uucp.Node.paste_perm","theorem","Kant.Uucp.Node.paste_perm","PROVEN","∀ {n : Kant.Uucp.Node} {ss ts : List (List Char)},   ss.Perm ts →     ∀ (x : Kant.Relay.Msg),       Iff (List.instMembership.mem (n.sneakernet ss).spool x)         (List.instMembership.mem (n.sneakernet ts).spool x)","L2;S24;obj.Kant.Uucp.Node.spoolS21;obj.Kant.Uucp.openBag","O0;","L0;","L0;","L1;S31;claim.Kant.Uucp.Node.paste_perm","L0;","L1;S31;proof.Kant.Uucp.Node.paste_perm","L0;","S215;∀ {n : Kant.Uucp.Node} {ss ts : List (List Char)},   ss.Perm ts →     ∀ (x : Kant.Relay.Msg),       Iff (List.instMembership.mem (n.sneakernet ss).spool x)         (List.instMembership.mem (n.sneakernet ts).spool x)","O7;13;source_systemS5;lean411;source_fileS29;RequestProject/Kant/Uucp.lean13;source_formatS4;text11;imported_atI+0;14;transformed_atI+469;15;transformationsL0;13;parent_objectS0;","362390265dac64d5280b9783c2ce257248697510991849ef54f23cc29633330c"
"obj.Kant.Codec.project.eq_4","theorem","Kant.Codec.project.eq_4","PROVEN","∀ (a : List Char), Eq (Kant.Codec.project (Kant.Codec.Ipdl.str a)) (Kant.Codec.Val.str a)","L0;","O0;","L0;","L0;","L1;S29;claim.Kant.Codec.project.eq_4","L0;","L1;S29;proof.Kant.Codec.project.eq_4","L0;","S89;∀ (a : List Char), Eq (Kant.Codec.project (Kant.Codec.Ipdl.str a)) (Kant.Codec.Val.str a)","O7;13;source_systemS5;lean411;source_fileS35;RequestProject/Kant/Codec/Ipdl.lean13;source_formatS4;text11;imported_atI+0;14;transformed_atI+0;15;transformationsL0;13;parent_objectS0;","d1ef1304c58f5f8816a5ed5dc65ecb5bb2921994d7596606db321d5f44c63aa9"
"obj.Kant.Codec.Prov.casesOn","def","Kant.Codec.Prov.casesOn","ASSERTED","{motive : Kant.Codec.Prov → Sort u} →   (t : Kant.Codec.Prov) →     ((sourceSystem sourceFile : List Char) →         (sourceFormat : Kant.Codec.Fmt) →           (importedAt transformedAt : Nat) →             (transformations : List Kant.Codec.Trans) →               (parent : List Char) →                 motive                   { sourceSystem := sourceSystem, sourceFile := sourceFile,                     sourceFormat := sourceFormat, importedAt := importedAt,                     transformedAt := transformedAt, transformations := transformations,                     parent := parent }) →       motive t","L0;","O0;","L0;","L0;","L0;","L0;","L0;","L0;","S608;{motive : Kant.Codec.Prov → Sort u} →   (t : Kant.Codec.Prov) →     ((sourceSystem sourceFile : List Char) →         (sourceFormat : Kant.Codec.Fmt) →           (importedAt transformedAt : Nat) →             (transformations : List Kant.Codec.Trans) →               (parent : List Char) →                 motive                   { sourceSystem := sourceSystem, sourceFile := sourceFile,                     sourceFormat := sourceFormat, importedAt := importedAt,                     transformedAt := transformedAt, transformations := transformations,                     parent := parent }) →       motive t","O7;13;source_systemS5;lean411;source_fileS36;RequestProject/Kant/Codec/Model.lean13;source_formatS4;text11;imported_atI+0;14;transformed_atI+321;15;transformationsL0;13;parent_objectS0;","8493c74dacd885734daa535fd0fb580810485d007e4c7ae95845e95fb9641b9e"
"obj.Kant.Codec.Envelope.integrity","def","Kant.Codec.Envelope.integrity","ASSERTED","Kant.Codec.Envelope → List Char","L0;","O0;","L0;","L0;","L0;","L0;","L0;","L0;","S31;Kant.Codec.Envelope → List Char","O7;13;source_systemS5;lean411;source_fileS39;RequestProject/Kant/Codec/Exchange.lean13;source_formatS4;text11;imported_atI+0;14;transformed_atI+138;15;transformationsL0;13;parent_objectS0;","d86b5443215cd66568068b5d2b32b61a188501afeb9b28bf6d041cafdb825fa4"
"obj.Kant.Clipboard.toPaste_eq_none_of_mismatch","theorem","Kant.Clipboard.toPaste_eq_none_of_mismatch","PROVEN","∀ {i t c ts r w : Kant.Bytes.Blob},   Ne (Kant.Bytes.witness c) (Kant.Text.asciiChars w) →     Eq       (Kant.Clipboard.toPaste         { tag := Kant.Clipboard.tagPaste,           fields :=             List.cons i               (List.cons t (List.cons c (List.cons ts (List.cons r (List.cons w List.nil))))) })       Option.none","L0;","O0;","L0;","L0;","L1;S48;claim.Kant.Clipboard.toPaste_eq_none_of_mismatch","L0;","L1;S48;proof.Kant.Clipboard.toPaste_eq_none_of_mismatch","L0;","S328;∀ {i t c ts r w : Kant.Bytes.Blob},   Ne (Kant.Bytes.witness c) (Kant.Text.asciiChars w) →     Eq       (Kant.Clipboard.toPaste         { tag := Kant.Clipboard.tagPaste,           fields :=             List.cons i               (List.cons t (List.cons c (List.cons ts (List.cons r (List.cons w List.nil))))) })       Option.none","O7;13;source_systemS5;lean411;source_fileS34;RequestProject/Kant/Clipboard.lean13;source_formatS4;text11;imported_atI+0;14;transformed_atI+182;15;transformationsL0;13;parent_objectS0;","a74343d077e2e006bbcca3ab5dcc6ff9f9997c79831495d8df5850c90343801b"
"obj.Kant.Repost.pasteQuote","def","Kant.Repost.pasteQuote","ASSERTED","List Char → Option Kant.Repost.Quote","L0;","O0;","L0;","L0;","L0;","L0;","L0;","L0;","S36;List Char → Option Kant.Repost.Quote","O7;13;source_systemS5;lean411;source_fileS31;RequestProject/Kant/Repost.lean13;source_formatS4;text11;imported_atI+0;14;transformed_atI+84;15;transformationsL0;13;parent_objectS0;","448d2ebe72fb9c959ec862a473f560d2924fcb970e48940fc13a37a302313f1c"
"obj.Kant.Diagnostics.report_events_clean","theorem","Kant.Diagnostics.report_events_clean","PROVEN","∀ {secrets : List (List Char)} {l : Kant.Diagnostics.Log} {v : Kant.Connectivity.Verdict}   {rm rl : List Char} {e : Kant.Diagnostics.Event},   List.instMembership.mem       { verdict := v, room := rm, relay := rl,           events := (Kant.Diagnostics.Log.share secrets l).events }.events       e →     Eq (Kant.Diagnostics.Event.clean secrets e) Bool.true","L0;","O0;","L0;","L0;","L1;S42;claim.Kant.Diagnostics.report_events_clean","L0;","L1;S42;proof.Kant.Diagnostics.report_events_clean","L0;","S357;∀ {secrets : List (List Char)} {l : Kant.Diagnostics.Log} {v : Kant.Connectivity.Verdict}   {rm rl : List Char} {e : Kant.Diagnostics.Event},   List.instMembership.mem       { verdict := v, room := rm, relay := rl,           events := (Kant.Diagnostics.Log.share secrets l).events }.events       e →     Eq (Kant.Diagnostics.Event.clean secrets e) Bool.true","O7;13;source_systemS5;lean411;source_fileS36;RequestProject/Kant/Diagnostics.lean13;source_formatS4;text11;imported_atI+0;14;transformed_atI+587;15;transformationsL0;13;parent_objectS0;","25b9eaea8035132058c0da0727547d5b528972a6ce77c73ea614220dc08ffea9"
"obj.Kant.Credits.creditsFor","def","Kant.Credits.creditsFor","ASSERTED","Nat → Nat","L0;","O0;","L0;","L0;","L0;","L0;","L0;","L0;","S9;Nat → Nat","O7;13;source_systemS5;lean411;source_fileS32;RequestProject/Kant/Credits.lean13;source_formatS4;text11;imported_atI+0;14;transformed_atI+37;15;transformationsL0;13;parent_objectS0;","6ecb9807b01e9747b2c788d4aa2eee848b369dd61e0df8ad6cb4cd66d4889d3a"
"obj.Kant.Dom.optOf_Prov'","theorem","Kant.Dom.optOf_Prov'","PROVEN","∀ (p : Option Kant.Codec.Prov),   Eq (Kant.Codec.optOf Kant.Codec.Prov.ofVal (Kant.Codec.optVal Kant.Codec.Prov.toVal p))     (Option.some p)","L0;","O0;","L0;","L0;","L1;S26;claim.Kant.Dom.optOf_Prov'","L0;","L1;S26;proof.Kant.Dom.optOf_Prov'","L0;","S141;∀ (p : Option Kant.Codec.Prov),   Eq (Kant.Codec.optOf Kant.Codec.Prov.ofVal (Kant.Codec.optVal Kant.Codec.Prov.toVal p))     (Option.some p)","O7;13;source_systemS5;lean411;source_fileS37;RequestProject/Kant/Domain/Model.lean13;source_formatS4;text11;imported_atI+0;14;transformed_atI+271;15;transformationsL0;13;parent_objectS0;","405ee201196d0392422fdb00d349d6b5f41131a05d90fc5469fdf498d773d687"
"obj.Kant.Store.get_put_self","theorem","Kant.Store.get_put_self","PROVEN","∀ (st : Kant.Store) (p : Kant.Paste), Eq ((st.put p).get p.witness).isSome Bool.true","L0;","O0;","L0;","L0;","L1;S29;claim.Kant.Store.get_put_self","L0;","L1;S29;proof.Kant.Store.get_put_self","L0;","S84;∀ (st : Kant.Store) (p : Kant.Paste), Eq ((st.put p).get p.witness).isSome Bool.true","O7;13;source_systemS5;lean411;source_fileS30;RequestProject/Kant/Paste.lean13;source_formatS4;text11;imported_atI+0;14;transformed_atI+137;15;transformationsL0;13;parent_objectS0;","1b70f12ed7f0ef7d634b31535b8932128bc64933236e8cb75092657786bfd0cc"
"obj.Kant.Onboarding.State.mk.inj","theorem","Kant.Onboarding.State.mk.inj","PROVEN","∀ {screen : Kant.Onboarding.Screen} {camera inRoom hushed : Bool}   {progress : Kant.Onboarding.Progress} {screen_1 : Kant.Onboarding.Screen}   {camera_1 inRoom_1 hushed_1 : Bool} {progress_1 : Kant.Onboarding.Progress},   Eq       { screen := screen, camera := camera, inRoom := inRoom, hushed := hushed,         progress := progress }       { screen := screen_1, camera := camera_1, inRoom := inRoom_1, hushed := hushed_1,         progress := progress_1 } →     And (Eq screen screen_1)       (And (Eq camera camera_1)         (And (Eq inRoom inRoom_1) (And (Eq hushed hushed_1) (Eq progress progress_1))))","L0;","O0;","L0;","L0;","L1;S34;claim.Kant.Onboarding.State.mk.inj","L0;","L1;S34;proof.Kant.Onboarding.State.mk.inj","L0;","S608;∀ {screen : Kant.Onboarding.Screen} {camera inRoom hushed : Bool}   {progress : Kant.Onboarding.Progress} {screen_1 : Kant.Onboarding.Screen}   {camera_1 inRoom_1 hushed_1 : Bool} {progress_1 : Kant.Onboarding.Progress},   Eq       { screen := screen, camera := camera, inRoom := inRoom, hushed := hushed,         progress := progress }       { screen := screen_1, camera := camera_1, inRoom := inRoom_1, hushed := hushed_1,         progress := progress_1 } →     And (Eq screen screen_1)       (And (Eq camera camera_1)         (And (Eq inRoom inRoom_1) (And (Eq hushed hushed_1) (Eq progress progress_1))))","O7;13;source_systemS5;lean411;source_fileS35;RequestProject/Kant/Onboarding.lean13;source_formatS4;text11;imported_atI+0;14;transformed_atI+0;15;transformationsL0;13;parent_objectS0;","0c66d32a7d5f55b43bbfc4d0bff4953f30cfbe6652ab9b123d703d31cee7773d"
