"proof_id","name","kind","status","source_file","source_location","input_refs","assumptions","procedure","output_refs","claim_refs","dependencies","certificate","source","provenance","canonical_hash"
"proof.Kant.PlainText.metaText.eq_1","Kant.PlainText.metaText.eq_1","lean4","VALID","RequestProject/Kant/PlainText.lean","0","L0;","L0;","elaborated and checked by the Lean kernel","L1;S32;obj.Kant.PlainText.metaText.eq_1","L1;S34;claim.Kant.PlainText.metaText.eq_1","L0;","O4;4;kindS12;lean4-kernel6;digestS64;bdac11fa8d4f6dbe9ce655b3b9ae4ee536d3b83004306f48bf6681c1d079fcd78;locationS34;RequestProject/Kant/PlainText.lean8;evidenceS15;MACHINE_CHECKED","RequestProject","O7;13;source_systemS5;lean411;source_fileS34;RequestProject/Kant/PlainText.lean13;source_formatS4;text11;imported_atI+0;14;transformed_atI+0;15;transformationsL0;13;parent_objectS0;","1d90a355f18d4e6799383f5db8eb11344047ab221047504dad83d579d82a1c1a"
"proof.Kant.Rendezvous.parseInviteUrl_inviteUrl","Kant.Rendezvous.parseInviteUrl_inviteUrl","lean4","VALID","RequestProject/Kant/Rendezvous.lean","508","L2;S31;obj.Kant.Rendezvous.Invite.WireS27;obj.Kant.Clipboard.shareUrl","L0;","elaborated and checked by the Lean kernel","L1;S44;obj.Kant.Rendezvous.parseInviteUrl_inviteUrl","L1;S46;claim.Kant.Rendezvous.parseInviteUrl_inviteUrl","L2;S33;proof.Kant.Rendezvous.Invite.WireS29;proof.Kant.Clipboard.shareUrl","O4;4;kindS12;lean4-kernel6;digestS64;7e9ac4c2ee2264139bf85f2e1604c9406b9c8e4f7f182d018028642b5be9a98e8;locationS35;RequestProject/Kant/Rendezvous.lean8;evidenceS15;MACHINE_CHECKED","RequestProject","O7;13;source_systemS5;lean411;source_fileS35;RequestProject/Kant/Rendezvous.lean13;source_formatS4;text11;imported_atI+0;14;transformed_atI+508;15;transformationsL0;13;parent_objectS0;","50a2a83c91865bbeed9ef52f8940cc41a0678cd5d4eddff85dfc6df19b54d0fb"
"proof.Kant.Sheaf.Encoding.prime.eq_9","Kant.Sheaf.Encoding.prime.eq_9","lean4","VALID","RequestProject/Kant/Sheaf.lean","0","L0;","L0;","elaborated and checked by the Lean kernel","L1;S34;obj.Kant.Sheaf.Encoding.prime.eq_9","L1;S36;claim.Kant.Sheaf.Encoding.prime.eq_9","L0;","O4;4;kindS12;lean4-kernel6;digestS64;f9f5858aacfff7dff4c54b8547a142ccf923875b8b44f9c5dd29bd9735a598b28;locationS30;RequestProject/Kant/Sheaf.lean8;evidenceS15;MACHINE_CHECKED","RequestProject","O7;13;source_systemS5;lean411;source_fileS30;RequestProject/Kant/Sheaf.lean13;source_formatS4;text11;imported_atI+0;14;transformed_atI+0;15;transformationsL0;13;parent_objectS0;","9e17632773d7c74911bb2057dc8b08969de3be5a29594163c06e8b22c72b81b0"
"proof.Kant.Codec.pList.eq_def","Kant.Codec.pList.eq_def","lean4","VALID","RequestProject/Kant/Codec/Val.lean","0","L0;","L0;","elaborated and checked by the Lean kernel","L1;S27;obj.Kant.Codec.pList.eq_def","L1;S29;claim.Kant.Codec.pList.eq_def","L0;","O4;4;kindS12;lean4-kernel6;digestS64;5150d7af946164e6d9fdbf489ccc4ceda23249037546c4b86cdb6ffaf89371378;locationS34;RequestProject/Kant/Codec/Val.lean8;evidenceS15;MACHINE_CHECKED","RequestProject","O7;13;source_systemS5;lean411;source_fileS34;RequestProject/Kant/Codec/Val.lean13;source_formatS4;text11;imported_atI+0;14;transformed_atI+0;15;transformationsL0;13;parent_objectS0;","93913b29530204acde2f01a506a6fcdf6a78472dff04ad921468f9861f7e2d45"
"proof.Kant.Cli.Resp.mk.sizeOf_spec","Kant.Cli.Resp.mk.sizeOf_spec","lean4","VALID","RequestProject/Kant/Cli.lean","0","L0;","L0;","elaborated and checked by the Lean kernel","L1;S32;obj.Kant.Cli.Resp.mk.sizeOf_spec","L1;S34;claim.Kant.Cli.Resp.mk.sizeOf_spec","L0;","O4;4;kindS12;lean4-kernel6;digestS64;5d85904683312bf34ce61fcd7592b144e5d52ad77e3716b1712429f16ba6cf5a8;locationS28;RequestProject/Kant/Cli.lean8;evidenceS15;MACHINE_CHECKED","RequestProject","O7;13;source_systemS5;lean411;source_fileS28;RequestProject/Kant/Cli.lean13;source_formatS4;text11;imported_atI+0;14;transformed_atI+0;15;transformationsL0;13;parent_objectS0;","ba171f3a8081da6c2c159b241df7603f6a9d5fcd3c8d6992e0d24fb3ba4d7ce5"
"proof.Kant.SiteCard.readCard_cardSvg","Kant.SiteCard.readCard_cardSvg","lean4","VALID","RequestProject/Kant/SiteCard.lean","569","L1;S22;obj.Kant.SiteCard.Card","L0;","elaborated and checked by the Lean kernel","L1;S34;obj.Kant.SiteCard.readCard_cardSvg","L1;S36;claim.Kant.SiteCard.readCard_cardSvg","L1;S24;proof.Kant.SiteCard.Card","O4;4;kindS12;lean4-kernel6;digestS64;ef1988aec27c4fd0224b0738075ab7d786a91d5d998146ea801bb00698c6eed18;locationS33;RequestProject/Kant/SiteCard.lean8;evidenceS15;MACHINE_CHECKED","RequestProject","O7;13;source_systemS5;lean411;source_fileS33;RequestProject/Kant/SiteCard.lean13;source_formatS4;text11;imported_atI+0;14;transformed_atI+569;15;transformationsL0;13;parent_objectS0;","2ef3b391cb8b00b51f18f536e67284128bf5482af23273af6baae88dd461198c"
"proof.Kant.Sheaf.eigenSpace_primes_monster","Kant.Sheaf.eigenSpace_primes_monster","lean4","VALID","RequestProject/Kant/Sheaf.lean","71","L0;","L0;","elaborated and checked by the Lean kernel","L1;S40;obj.Kant.Sheaf.eigenSpace_primes_monster","L1;S42;claim.Kant.Sheaf.eigenSpace_primes_monster","L0;","O4;4;kindS12;lean4-kernel6;digestS64;558d539c5075b63a7684bda84f45527d81295ea697b585905fb38224074fd4db8;locationS30;RequestProject/Kant/Sheaf.lean8;evidenceS15;MACHINE_CHECKED","RequestProject","O7;13;source_systemS5;lean411;source_fileS30;RequestProject/Kant/Sheaf.lean13;source_formatS4;text11;imported_atI+0;14;transformed_atI+71;15;transformationsL0;13;parent_objectS0;","09c8e2d39c740e56e6a3722f9ca84c690bb7c06f533c867061a774fe3e46b403"
"proof.Kant.Uucp.readMsgs.eq_2","Kant.Uucp.readMsgs.eq_2","lean4","VALID","RequestProject/Kant/Uucp.lean","0","L0;","L0;","elaborated and checked by the Lean kernel","L1;S27;obj.Kant.Uucp.readMsgs.eq_2","L1;S29;claim.Kant.Uucp.readMsgs.eq_2","L0;","O4;4;kindS12;lean4-kernel6;digestS64;9ce78a040be7501564c334df0ca8481ed0bc71a613908bbf6f3a67de2d4cd4108;locationS29;RequestProject/Kant/Uucp.lean8;evidenceS15;MACHINE_CHECKED","RequestProject","O7;13;source_systemS5;lean411;source_fileS29;RequestProject/Kant/Uucp.lean13;source_formatS4;text11;imported_atI+0;14;transformed_atI+0;15;transformationsL0;13;parent_objectS0;","bae0e61571cbc4df0a387522ce253ebcfb783e760a8304e5b984dd464e3dc042"
"proof.Kant.Dasl.reflect59_inverse","Kant.Dasl.reflect59_inverse","lean4","VALID","RequestProject/Kant/Dasl.lean","278","L1;S23;obj.Kant.Dasl.reflect59","L0;","elaborated and checked by the Lean kernel","L1;S31;obj.Kant.Dasl.reflect59_inverse","L1;S33;claim.Kant.Dasl.reflect59_inverse","L1;S25;proof.Kant.Dasl.reflect59","O4;4;kindS12;lean4-kernel6;digestS64;5d9f786de8fb2e096f88e4defd92355e317291c77420611b6bbb31ac2e8365908;locationS29;RequestProject/Kant/Dasl.lean8;evidenceS15;MACHINE_CHECKED","RequestProject","O7;13;source_systemS5;lean411;source_fileS29;RequestProject/Kant/Dasl.lean13;source_formatS4;text11;imported_atI+0;14;transformed_atI+278;15;transformationsL0;13;parent_objectS0;","6ae6237ad2b4aa47f3735c055675eaa45b3e51a6ea9ecb8d964adb17651c5bea"
"proof.Kant.Dom.DomObj.ofVal_toVal","Kant.Dom.DomObj.ofVal_toVal","lean4","VALID","RequestProject/Kant/Domain/Model.lean","347","L1;S24;obj.Kant.Dom.optOf_Prov'","L0;","elaborated and checked by the Lean kernel","L1;S31;obj.Kant.Dom.DomObj.ofVal_toVal","L1;S33;claim.Kant.Dom.DomObj.ofVal_toVal","L1;S26;proof.Kant.Dom.optOf_Prov'","O4;4;kindS12;lean4-kernel6;digestS64;b2bca71b0d4f4f76c527ad47194c4e4dae78475d51e9f5c0fdeea1a3040ef61f8;locationS37;RequestProject/Kant/Domain/Model.lean8;evidenceS15;MACHINE_CHECKED","RequestProject","O7;13;source_systemS5;lean411;source_fileS37;RequestProject/Kant/Domain/Model.lean13;source_formatS4;text11;imported_atI+0;14;transformed_atI+347;15;transformationsL0;13;parent_objectS0;","9d9fd0c0bbd82672383ee4e1d5d342d5fb6a4b45a0c63f6c3069a19a54f3aacf"
"proof.Kant.Join.afterLastHash_of_no_hash","Kant.Join.afterLastHash_of_no_hash","lean4","VALID","RequestProject/Kant/Join.lean","253","L0;","L0;","elaborated and checked by the Lean kernel","L1;S38;obj.Kant.Join.afterLastHash_of_no_hash","L1;S40;claim.Kant.Join.afterLastHash_of_no_hash","L0;","O4;4;kindS12;lean4-kernel6;digestS64;78224f770ebc870a901f87488993cbc5417e9002f1b5a29075f8b7d8cbb4d8838;locationS29;RequestProject/Kant/Join.lean8;evidenceS15;MACHINE_CHECKED","RequestProject","O7;13;source_systemS5;lean411;source_fileS29;RequestProject/Kant/Join.lean13;source_formatS4;text11;imported_atI+0;14;transformed_atI+253;15;transformationsL0;13;parent_objectS0;","66e2c192fabef05b02ac46de27ce18d80130dd5b2bee2fa1a543a219cdbf2e1e"
"proof.Kant.Codec.Level.structural.sizeOf_spec","Kant.Codec.Level.structural.sizeOf_spec","lean4","VALID","RequestProject/Kant/Codec/Exchange.lean","0","L0;","L0;","elaborated and checked by the Lean kernel","L1;S43;obj.Kant.Codec.Level.structural.sizeOf_spec","L1;S45;claim.Kant.Codec.Level.structural.sizeOf_spec","L0;","O4;4;kindS12;lean4-kernel6;digestS64;a805c798891c09b4d99f25eb8a6a1ef7742ec2d7a53da4fa1c6268e2fae66cbd8;locationS39;RequestProject/Kant/Codec/Exchange.lean8;evidenceS15;MACHINE_CHECKED","RequestProject","O7;13;source_systemS5;lean411;source_fileS39;RequestProject/Kant/Codec/Exchange.lean13;source_formatS4;text11;imported_atI+0;14;transformed_atI+0;15;transformationsL0;13;parent_objectS0;","f8784d6df37cce3f09d8edbb6e1d203cab6bc4534a5a6d45a694647336b464c2"
"proof.Kant.Codec.joinLines.eq_def","Kant.Codec.joinLines.eq_def","lean4","VALID","RequestProject/Kant/Codec/RawText.lean","0","L0;","L0;","elaborated and checked by the Lean kernel","L1;S31;obj.Kant.Codec.joinLines.eq_def","L1;S33;claim.Kant.Codec.joinLines.eq_def","L0;","O4;4;kindS12;lean4-kernel6;digestS64;f8a4653fa9a321a46278bf9452ee53bb4bc8ed4ee0ad96da9cae9063aeeb51898;locationS38;RequestProject/Kant/Codec/RawText.lean8;evidenceS15;MACHINE_CHECKED","RequestProject","O7;13;source_systemS5;lean411;source_fileS38;RequestProject/Kant/Codec/RawText.lean13;source_formatS4;text11;imported_atI+0;14;transformed_atI+0;15;transformationsL0;13;parent_objectS0;","14b34ebd41ff3a8a60ceb135b8bb5abd87add1eb0ac60e64f29602825dbfc517"
"proof.Kant.Codec.getVal.eq_1","Kant.Codec.getVal.eq_1","lean4","VALID","RequestProject/Kant/Codec/Model.lean","0","L0;","L0;","elaborated and checked by the Lean kernel","L1;S26;obj.Kant.Codec.getVal.eq_1","L1;S28;claim.Kant.Codec.getVal.eq_1","L0;","O4;4;kindS12;lean4-kernel6;digestS64;1b1e288c9b44646bd374b581ec6a282ca24eee2400eb824967ea458cca1307028;locationS36;RequestProject/Kant/Codec/Model.lean8;evidenceS15;MACHINE_CHECKED","RequestProject","O7;13;source_systemS5;lean411;source_fileS36;RequestProject/Kant/Codec/Model.lean13;source_formatS4;text11;imported_atI+0;14;transformed_atI+0;15;transformationsL0;13;parent_objectS0;","458986048733f3c316c8a6a97bb783f059eb43695263e5a95b03c3927b3576d6"
"proof.Kant.Onboarding.Event.goto.injEq","Kant.Onboarding.Event.goto.injEq","lean4","VALID","RequestProject/Kant/Onboarding.lean","0","L0;","L0;","elaborated and checked by the Lean kernel","L1;S36;obj.Kant.Onboarding.Event.goto.injEq","L1;S38;claim.Kant.Onboarding.Event.goto.injEq","L0;","O4;4;kindS12;lean4-kernel6;digestS64;5e5619402f6e0e3608e6fec8aa7124adf4d37007d90b47b81ba4393d9fe2f8f78;locationS35;RequestProject/Kant/Onboarding.lean8;evidenceS15;MACHINE_CHECKED","RequestProject","O7;13;source_systemS5;lean411;source_fileS35;RequestProject/Kant/Onboarding.lean13;source_formatS4;text11;imported_atI+0;14;transformed_atI+0;15;transformationsL0;13;parent_objectS0;","b57dbdf8667b1fa95401b2d104a82006109e2bd0545019239e449904c01d5800"
"proof.Kant.Pipeline.hide_valid","Kant.Pipeline.hide_valid","lean4","VALID","RequestProject/Kant/Pipeline.lean","78","L0;","L0;","elaborated and checked by the Lean kernel","L1;S28;obj.Kant.Pipeline.hide_valid","L1;S30;claim.Kant.Pipeline.hide_valid","L0;","O4;4;kindS12;lean4-kernel6;digestS64;65c6cd646cfcd1485b4b7f233394b4af3eac87a039eb24baaa5315bf47e84f218;locationS33;RequestProject/Kant/Pipeline.lean8;evidenceS15;MACHINE_CHECKED","RequestProject","O7;13;source_systemS5;lean411;source_fileS33;RequestProject/Kant/Pipeline.lean13;source_formatS4;text11;imported_atI+0;14;transformed_atI+78;15;transformationsL0;13;parent_objectS0;","b6e7df589a3b7a0eff08213c0f2a52d163411e30d84fd948103a5080fbd8f30b"
"proof.Kant.Credits.Ledger.mk.inj","Kant.Credits.Ledger.mk.inj","lean4","VALID","RequestProject/Kant/Credits.lean","0","L0;","L0;","elaborated and checked by the Lean kernel","L1;S30;obj.Kant.Credits.Ledger.mk.inj","L1;S32;claim.Kant.Credits.Ledger.mk.inj","L0;","O4;4;kindS12;lean4-kernel6;digestS64;d652fdfe584863bc5be1e9854379b467b998f5d6e3c38e46696ab5e0ef06d6e98;locationS32;RequestProject/Kant/Credits.lean8;evidenceS15;MACHINE_CHECKED","RequestProject","O7;13;source_systemS5;lean411;source_fileS32;RequestProject/Kant/Credits.lean13;source_formatS4;text11;imported_atI+0;14;transformed_atI+0;15;transformationsL0;13;parent_objectS0;","92a1e83f5269c7c75627309aab9d30348ee1ebf044de42ad918884a2997e4c9a"
"proof.Kant.Sheaf.prime_injective","Kant.Sheaf.prime_injective","lean4","VALID","RequestProject/Kant/Sheaf.lean","132","L0;","L0;","elaborated and checked by the Lean kernel","L1;S30;obj.Kant.Sheaf.prime_injective","L1;S32;claim.Kant.Sheaf.prime_injective","L0;","O4;4;kindS12;lean4-kernel6;digestS64;c1c4f30e6ff5a449811214930e5621760f08064afbf1d7a38bf9bfb1bdea5bd08;locationS30;RequestProject/Kant/Sheaf.lean8;evidenceS15;MACHINE_CHECKED","RequestProject","O7;13;source_systemS5;lean411;source_fileS30;RequestProject/Kant/Sheaf.lean13;source_formatS4;text11;imported_atI+0;14;transformed_atI+132;15;transformationsL0;13;parent_objectS0;","ec8bc3c9ea8569852c352835024cd732e307c32c24b4cedfe4280f6c0196418c"
"proof.Kant.Codec.diffVal_self","Kant.Codec.diffVal_self","lean4","VALID","RequestProject/Kant/Codec/Reconcile.lean","101","L0;","L0;","elaborated and checked by the Lean kernel","L1;S27;obj.Kant.Codec.diffVal_self","L1;S29;claim.Kant.Codec.diffVal_self","L0;","O4;4;kindS12;lean4-kernel6;digestS64;f11e5768db499cfc99b5b4e19334ac4b583dda850c0d30329c021670117ef2098;locationS40;RequestProject/Kant/Codec/Reconcile.lean8;evidenceS15;MACHINE_CHECKED","RequestProject","O7;13;source_systemS5;lean411;source_fileS40;RequestProject/Kant/Codec/Reconcile.lean13;source_formatS4;text11;imported_atI+0;14;transformed_atI+101;15;transformationsL0;13;parent_objectS0;","64cdbc22cf7fb3ab042487593482ce38236ff84fc38579916c01045c3e64e59e"
"proof.Kant.Uucp.handoff","Kant.Uucp.handoff","lean4","VALID","RequestProject/Kant/Uucp.lean","519","L1;S24;obj.Kant.Uucp.Node.spool","L0;","elaborated and checked by the Lean kernel","L1;S21;obj.Kant.Uucp.handoff","L1;S23;claim.Kant.Uucp.handoff","L1;S26;proof.Kant.Uucp.Node.spool","O4;4;kindS12;lean4-kernel6;digestS64;d966aceb5ff35af42f6d0fb22b23a4c71219987b644920f20967262a632b2d058;locationS29;RequestProject/Kant/Uucp.lean8;evidenceS15;MACHINE_CHECKED","RequestProject","O7;13;source_systemS5;lean411;source_fileS29;RequestProject/Kant/Uucp.lean13;source_formatS4;text11;imported_atI+0;14;transformed_atI+519;15;transformationsL0;13;parent_objectS0;","9c9d2b70eb8ed536ad5a6a3659a89a9993be387659c07bb0bb63669509d8d993"
"proof.Kant.Clipboard.Envelope.mk.inj","Kant.Clipboard.Envelope.mk.inj","lean4","VALID","RequestProject/Kant/Clipboard.lean","0","L0;","L0;","elaborated and checked by the Lean kernel","L1;S34;obj.Kant.Clipboard.Envelope.mk.inj","L1;S36;claim.Kant.Clipboard.Envelope.mk.inj","L0;","O4;4;kindS12;lean4-kernel6;digestS64;814e102449cbb942718b864959e774fdd2a161d5c8095e10c4e73c84562aa8038;locationS34;RequestProject/Kant/Clipboard.lean8;evidenceS15;MACHINE_CHECKED","RequestProject","O7;13;source_systemS5;lean411;source_fileS34;RequestProject/Kant/Clipboard.lean13;source_formatS4;text11;imported_atI+0;14;transformed_atI+0;15;transformationsL0;13;parent_objectS0;","9c85a131b2c997fe7da4994cf2a234712a6144046132a298415f57368338450b"
"proof.Kant.Dom.Truth.contradicted.sizeOf_spec","Kant.Dom.Truth.contradicted.sizeOf_spec","lean4","VALID","RequestProject/Kant/Domain/Model.lean","0","L0;","L0;","elaborated and checked by the Lean kernel","L1;S43;obj.Kant.Dom.Truth.contradicted.sizeOf_spec","L1;S45;claim.Kant.Dom.Truth.contradicted.sizeOf_spec","L0;","O4;4;kindS12;lean4-kernel6;digestS64;fdbbd50b39d21a82ea1993d01a587345eee347ab1fcc67fc353882d207ba223f8;locationS37;RequestProject/Kant/Domain/Model.lean8;evidenceS15;MACHINE_CHECKED","RequestProject","O7;13;source_systemS5;lean411;source_fileS37;RequestProject/Kant/Domain/Model.lean13;source_formatS4;text11;imported_atI+0;14;transformed_atI+0;15;transformationsL0;13;parent_objectS0;","0683d389debc36fe9ac2330328e426a15387c3cd169b72387c8c6d6baaa7e9db"
"proof.Kant.Codec.declared_lossless_sound","Kant.Codec.declared_lossless_sound","lean4","VALID","RequestProject/Kant/Codec/Exchange.lean","88","L0;","L0;","elaborated and checked by the Lean kernel","L1;S38;obj.Kant.Codec.declared_lossless_sound","L1;S40;claim.Kant.Codec.declared_lossless_sound","L0;","O4;4;kindS12;lean4-kernel6;digestS64;d057a31b6a5240c9d08d27bcb8bad20298dfbdf6bfebf893a69e0de1fa2f46d48;locationS39;RequestProject/Kant/Codec/Exchange.lean8;evidenceS15;MACHINE_CHECKED","RequestProject","O7;13;source_systemS5;lean411;source_fileS39;RequestProject/Kant/Codec/Exchange.lean13;source_formatS4;text11;imported_atI+0;14;transformed_atI+88;15;transformationsL0;13;parent_objectS0;","f293fb43dbf7d21ceff317b2aad36d3ff66e619eddaa38222da9b9a3e2194345"
"proof.Kant.Uucp.Site.put.eq_1","Kant.Uucp.Site.put.eq_1","lean4","VALID","RequestProject/Kant/Uucp.lean","0","L0;","L0;","elaborated and checked by the Lean kernel","L1;S27;obj.Kant.Uucp.Site.put.eq_1","L1;S29;claim.Kant.Uucp.Site.put.eq_1","L0;","O4;4;kindS12;lean4-kernel6;digestS64;1d431c81a5f36ec32fc2b9538c89137c6bf38a8443fbcdb1d5b1bc1b83e4f7328;locationS29;RequestProject/Kant/Uucp.lean8;evidenceS15;MACHINE_CHECKED","RequestProject","O7;13;source_systemS5;lean411;source_fileS29;RequestProject/Kant/Uucp.lean13;source_formatS4;text11;imported_atI+0;14;transformed_atI+0;15;transformationsL0;13;parent_objectS0;","f0fa848403ca30134feee3b691895ab01ebf72796f257a99e9c7364b7981ce36"
"proof.Kant.Codec.readRows.eq_1","Kant.Codec.readRows.eq_1","lean4","VALID","RequestProject/Kant/Codec/Csv.lean","0","L1;S23;obj.Kant.Codec.readRows","L0;","elaborated and checked by the Lean kernel","L1;S28;obj.Kant.Codec.readRows.eq_1","L1;S30;claim.Kant.Codec.readRows.eq_1","L1;S25;proof.Kant.Codec.readRows","O4;4;kindS12;lean4-kernel6;digestS64;a6c2bbbe6ca957f3c95c9548f3a1e7e460ed6634ac766fc9030e66edf31fc3428;locationS34;RequestProject/Kant/Codec/Csv.lean8;evidenceS15;MACHINE_CHECKED","RequestProject","O7;13;source_systemS5;lean411;source_fileS34;RequestProject/Kant/Codec/Csv.lean13;source_formatS4;text11;imported_atI+0;14;transformed_atI+0;15;transformationsL0;13;parent_objectS0;","7f47d5179ad28bfbfac1b222f1bbafc86935c9c0fa40b4612a43ee6cfbacb52e"
"proof.Kant.Dom.textHeader.eq_1","Kant.Dom.textHeader.eq_1","lean4","VALID","RequestProject/Kant/Domain/Emit.lean","0","L0;","L0;","elaborated and checked by the Lean kernel","L1;S28;obj.Kant.Dom.textHeader.eq_1","L1;S30;claim.Kant.Dom.textHeader.eq_1","L0;","O4;4;kindS12;lean4-kernel6;digestS64;051d5230ae96646c9cb4ba9ae1ee75ffce9bd936a957ad52d10c13eade251ce58;locationS36;RequestProject/Kant/Domain/Emit.lean8;evidenceS15;MACHINE_CHECKED","RequestProject","O7;13;source_systemS5;lean411;source_fileS36;RequestProject/Kant/Domain/Emit.lean13;source_formatS4;text11;imported_atI+0;14;transformed_atI+0;15;transformationsL0;13;parent_objectS0;","b025ba691c9f7308106c5159504d4d7b137350d4af16fe2e43f1b657d2446621"
"proof.Kant.InviteCard.inviteUrl_origin_prefix","Kant.InviteCard.inviteUrl_origin_prefix","lean4","VALID","RequestProject/Kant/InviteCard.lean","76","L0;","L0;","elaborated and checked by the Lean kernel","L1;S43;obj.Kant.InviteCard.inviteUrl_origin_prefix","L1;S45;claim.Kant.InviteCard.inviteUrl_origin_prefix","L0;","O4;4;kindS12;lean4-kernel6;digestS64;eccffc4ea0477aab7a0b98f9dadf9164023a64a97bcb8f81bc4148e73cd402028;locationS35;RequestProject/Kant/InviteCard.lean8;evidenceS15;MACHINE_CHECKED","RequestProject","O7;13;source_systemS5;lean411;source_fileS35;RequestProject/Kant/InviteCard.lean13;source_formatS4;text11;imported_atI+0;14;transformed_atI+76;15;transformationsL0;13;parent_objectS0;","90e77d6b3a5a1dbe5548dfcc7db406c15f56adab3724a938ea820b488eb1053b"
"proof.Kant.Wasm.Leb128.uleb_ne_nil","Kant.Wasm.Leb128.uleb_ne_nil","lean4","VALID","RequestProject/Wasm/Leb128.lean","65","L0;","L0;","elaborated and checked by the Lean kernel","L1;S32;obj.Kant.Wasm.Leb128.uleb_ne_nil","L1;S34;claim.Kant.Wasm.Leb128.uleb_ne_nil","L0;","O4;4;kindS12;lean4-kernel6;digestS64;22e05beb3506b7b58693160af27e434e72764c12b77bf8e7a5f1eb04ba3ac8388;locationS31;RequestProject/Wasm/Leb128.lean8;evidenceS15;MACHINE_CHECKED","RequestProject","O7;13;source_systemS5;lean411;source_fileS31;RequestProject/Wasm/Leb128.lean13;source_formatS4;text11;imported_atI+0;14;transformed_atI+65;15;transformationsL0;13;parent_objectS0;","4884683580f9ccf317722e63ee504fd0b2ebcdd01e398bf95255f0ef4d06d456"
"proof.Kant.Dom.Truth.inferred.sizeOf_spec","Kant.Dom.Truth.inferred.sizeOf_spec","lean4","VALID","RequestProject/Kant/Domain/Model.lean","0","L0;","L0;","elaborated and checked by the Lean kernel","L1;S39;obj.Kant.Dom.Truth.inferred.sizeOf_spec","L1;S41;claim.Kant.Dom.Truth.inferred.sizeOf_spec","L0;","O4;4;kindS12;lean4-kernel6;digestS64;67ed5400486ff8f300ed02f14728ea10a384e291b6e7d17910fb36c30765b9168;locationS37;RequestProject/Kant/Domain/Model.lean8;evidenceS15;MACHINE_CHECKED","RequestProject","O7;13;source_systemS5;lean411;source_fileS37;RequestProject/Kant/Domain/Model.lean13;source_formatS4;text11;imported_atI+0;14;transformed_atI+0;15;transformationsL0;13;parent_objectS0;","2edbaaccfda3ed7bdc5ba4bcc36b539811d05f1c377da441d4ee23b45a1ea35e"
"proof.Kant.Clipboard.Envelope.encode.eq_1","Kant.Clipboard.Envelope.encode.eq_1","lean4","VALID","RequestProject/Kant/Rendezvous.lean","0","L0;","L0;","elaborated and checked by the Lean kernel","L1;S39;obj.Kant.Clipboard.Envelope.encode.eq_1","L1;S41;claim.Kant.Clipboard.Envelope.encode.eq_1","L0;","O4;4;kindS12;lean4-kernel6;digestS64;5c07058a0a864ac6b41d438f2bb9bd0d938dee528dae2258d20595a69858ceb78;locationS35;RequestProject/Kant/Rendezvous.lean8;evidenceS15;MACHINE_CHECKED","RequestProject","O7;13;source_systemS5;lean411;source_fileS35;RequestProject/Kant/Rendezvous.lean13;source_formatS4;text11;imported_atI+0;14;transformed_atI+0;15;transformationsL0;13;parent_objectS0;","f94c3d24280c8e8a7a20228c731969ad6a4158737d48b084cfe53609d75b1127"
"proof.Kant.Join.isCodeChar_ne_hash","Kant.Join.isCodeChar_ne_hash","lean4","VALID","RequestProject/Kant/Join.lean","66","L0;","L0;","elaborated and checked by the Lean kernel","L1;S32;obj.Kant.Join.isCodeChar_ne_hash","L1;S34;claim.Kant.Join.isCodeChar_ne_hash","L0;","O4;4;kindS12;lean4-kernel6;digestS64;f5c4b86e8b059a2bf3cd4fce5ed6ab2878ee0f2d9b23d335292dc84db70e76ea8;locationS29;RequestProject/Kant/Join.lean8;evidenceS15;MACHINE_CHECKED","RequestProject","O7;13;source_systemS5;lean411;source_fileS29;RequestProject/Kant/Join.lean13;source_formatS4;text11;imported_atI+0;14;transformed_atI+66;15;transformationsL0;13;parent_objectS0;","8d206b2fcb12693e7338b2552ca85ca16d40417ad3eccbf8be0df02dde1e8c5b"
"proof.Kant.Wasm.Expr.var.injEq","Kant.Wasm.Expr.var.injEq","lean4","VALID","RequestProject/Wasm/Syntax.lean","0","L0;","L0;","elaborated and checked by the Lean kernel","L1;S28;obj.Kant.Wasm.Expr.var.injEq","L1;S30;claim.Kant.Wasm.Expr.var.injEq","L0;","O4;4;kindS12;lean4-kernel6;digestS64;de9fca96c20ed532399f7d74fb9c1701d6fecfdbc834c18403feef98a020742b8;locationS31;RequestProject/Wasm/Syntax.lean8;evidenceS15;MACHINE_CHECKED","RequestProject","O7;13;source_systemS5;lean411;source_fileS31;RequestProject/Wasm/Syntax.lean13;source_formatS4;text11;imported_atI+0;14;transformed_atI+0;15;transformationsL0;13;parent_objectS0;","d8de8bc17842f01725a91552e80d4df4fd5d4cb6d58e439d7f7d8b7aa5ef5efa"
"proof.Kant.Store.empty.eq_1","Kant.Store.empty.eq_1","lean4","VALID","RequestProject/Kant/Sync.lean","0","L0;","L0;","elaborated and checked by the Lean kernel","L1;S25;obj.Kant.Store.empty.eq_1","L1;S27;claim.Kant.Store.empty.eq_1","L0;","O4;4;kindS12;lean4-kernel6;digestS64;d597c88662d19c00fb36e28ecbe220a3854c525b9bcef2467d83e49826d183698;locationS29;RequestProject/Kant/Sync.lean8;evidenceS15;MACHINE_CHECKED","RequestProject","O7;13;source_systemS5;lean411;source_fileS29;RequestProject/Kant/Sync.lean13;source_formatS4;text11;imported_atI+0;14;transformed_atI+0;15;transformationsL0;13;parent_objectS0;","0b9d10ee2e071ef9dc62adf25cbd6ed64c3cf31b78a26e733a43bcd69ee35e50"
"proof.Kant.Dom.Rel.ofName_name","Kant.Dom.Rel.ofName_name","lean4","VALID","RequestProject/Kant/Domain/Model.lean","195","L1;S24;obj.Kant.Dom.Rel.casesOn","L0;","elaborated and checked by the Lean kernel","L1;S28;obj.Kant.Dom.Rel.ofName_name","L1;S30;claim.Kant.Dom.Rel.ofName_name","L1;S26;proof.Kant.Dom.Rel.casesOn","O4;4;kindS12;lean4-kernel6;digestS64;1369ca8adda0ae97f8e5cdcf5dae797871558a033f267135df47ff9b63c1974e8;locationS37;RequestProject/Kant/Domain/Model.lean8;evidenceS15;MACHINE_CHECKED","RequestProject","O7;13;source_systemS5;lean411;source_fileS37;RequestProject/Kant/Domain/Model.lean13;source_formatS4;text11;imported_atI+0;14;transformed_atI+195;15;transformationsL0;13;parent_objectS0;","cdd74b3dae02d66e51b54e1f425deb911875e55706503c680054b87fe917990b"
"proof.Kant.Feed.mentions.eq_1","Kant.Feed.mentions.eq_1","lean4","VALID","RequestProject/Kant/Feed.lean","0","L0;","L0;","elaborated and checked by the Lean kernel","L1;S27;obj.Kant.Feed.mentions.eq_1","L1;S29;claim.Kant.Feed.mentions.eq_1","L0;","O4;4;kindS12;lean4-kernel6;digestS64;f234be49a6b4f1926fde05806ceec0310dc7c7736c2a1204048bb306dff9455b8;locationS29;RequestProject/Kant/Feed.lean8;evidenceS15;MACHINE_CHECKED","RequestProject","O7;13;source_systemS5;lean411;source_fileS29;RequestProject/Kant/Feed.lean13;source_formatS4;text11;imported_atI+0;14;transformed_atI+0;15;transformationsL0;13;parent_objectS0;","195aa163543f76bb0d424fa75a38d1d85a5f88bdb2afe24163f7c5499f2eabde"
"proof.Kant.Dasl.dual47_inverse","Kant.Dasl.dual47_inverse","lean4","VALID","RequestProject/Kant/Dasl.lean","284","L0;","L0;","elaborated and checked by the Lean kernel","L1;S28;obj.Kant.Dasl.dual47_inverse","L1;S30;claim.Kant.Dasl.dual47_inverse","L0;","O4;4;kindS12;lean4-kernel6;digestS64;832e3144db373faf5a9f1b96b165f43420bf83b727193c7da89f612c5fd9a1828;locationS29;RequestProject/Kant/Dasl.lean8;evidenceS15;MACHINE_CHECKED","RequestProject","O7;13;source_systemS5;lean411;source_fileS29;RequestProject/Kant/Dasl.lean13;source_formatS4;text11;imported_atI+0;14;transformed_atI+284;15;transformationsL0;13;parent_objectS0;","9e9e1780523e835ea2d5d720235c7e810d3ccf65ffdb7f98210281d205ec76bb"
"proof.Kant.SiteCard.lookupKey.eq_2","Kant.SiteCard.lookupKey.eq_2","lean4","VALID","RequestProject/Kant/SiteCard.lean","0","L0;","L0;","elaborated and checked by the Lean kernel","L1;S32;obj.Kant.SiteCard.lookupKey.eq_2","L1;S34;claim.Kant.SiteCard.lookupKey.eq_2","L0;","O4;4;kindS12;lean4-kernel6;digestS64;137d0af494ea4fd72e99db937c08a130ba20e7cc4945842d044062761d35843e8;locationS33;RequestProject/Kant/SiteCard.lean8;evidenceS15;MACHINE_CHECKED","RequestProject","O7;13;source_systemS5;lean411;source_fileS33;RequestProject/Kant/SiteCard.lean13;source_formatS4;text11;imported_atI+0;14;transformed_atI+0;15;transformationsL0;13;parent_objectS0;","38cb6a0e5e53ce683c33c4ee97ca088bde928a4344cb24eed335d8da821c6011"
"proof.Kant.Dom.no_undeclared_loss","Kant.Dom.no_undeclared_loss","lean4","VALID","RequestProject/Kant/Domain/Emit.lean","295","L1;S18;obj.Kant.Dom.parse","L0;","elaborated and checked by the Lean kernel","L1;S31;obj.Kant.Dom.no_undeclared_loss","L1;S33;claim.Kant.Dom.no_undeclared_loss","L1;S20;proof.Kant.Dom.parse","O4;4;kindS12;lean4-kernel6;digestS64;d15123e100ac93c49742ebff7a7a69cf66350dba4859bf16603a5de239790ad98;locationS36;RequestProject/Kant/Domain/Emit.lean8;evidenceS15;MACHINE_CHECKED","RequestProject","O7;13;source_systemS5;lean411;source_fileS36;RequestProject/Kant/Domain/Emit.lean13;source_formatS4;text11;imported_atI+0;14;transformed_atI+295;15;transformationsL0;13;parent_objectS0;","33fd3c9b1c2408bde416fb7ba8900eca919335c777e3c857f6a799e751857964"
"proof.Kant.Dom.Event.importedFrom.inj","Kant.Dom.Event.importedFrom.inj","lean4","VALID","RequestProject/Kant/Domain/Policy.lean","0","L0;","L0;","elaborated and checked by the Lean kernel","L1;S35;obj.Kant.Dom.Event.importedFrom.inj","L1;S37;claim.Kant.Dom.Event.importedFrom.inj","L0;","O4;4;kindS12;lean4-kernel6;digestS64;4345a1571220c698f7b9ef87a292d54b262c9814478cb152502f248ab49542ad8;locationS38;RequestProject/Kant/Domain/Policy.lean8;evidenceS15;MACHINE_CHECKED","RequestProject","O7;13;source_systemS5;lean411;source_fileS38;RequestProject/Kant/Domain/Policy.lean13;source_formatS4;text11;imported_atI+0;14;transformed_atI+0;15;transformationsL0;13;parent_objectS0;","4b2222b3f175b39b188adf7ff5e255488907c750eae3e0412cf4e7e318cb416e"
"proof.Kant.Codec.yamlEncList.eq_def","Kant.Codec.yamlEncList.eq_def","lean4","VALID","RequestProject/Kant/Codec/Yaml.lean","0","L1;S27;obj.Kant.Codec.Val.brecOn_1","L0;","elaborated and checked by the Lean kernel","L1;S33;obj.Kant.Codec.yamlEncList.eq_def","L1;S35;claim.Kant.Codec.yamlEncList.eq_def","L1;S29;proof.Kant.Codec.Val.brecOn_1","O4;4;kindS12;lean4-kernel6;digestS64;51305a314c36e298a6661435f24a7527167b7d0d71640c66337b1abc167dc53d8;locationS35;RequestProject/Kant/Codec/Yaml.lean8;evidenceS15;MACHINE_CHECKED","RequestProject","O7;13;source_systemS5;lean411;source_fileS35;RequestProject/Kant/Codec/Yaml.lean13;source_formatS4;text11;imported_atI+0;14;transformed_atI+0;15;transformationsL0;13;parent_objectS0;","21d7958f74a3fe4595a5cee2beb7b0820985e70631e59cff196d19243647923c"
"proof.Kant.Dasl.monsterPrimes.eq_1","Kant.Dasl.monsterPrimes.eq_1","lean4","VALID","RequestProject/Kant/Sheaf.lean","0","L0;","L0;","elaborated and checked by the Lean kernel","L1;S32;obj.Kant.Dasl.monsterPrimes.eq_1","L1;S34;claim.Kant.Dasl.monsterPrimes.eq_1","L0;","O4;4;kindS12;lean4-kernel6;digestS64;0cc3230ac36423d025b4b294a306f9f3baf66158b340e196e3061edec787ad398;locationS30;RequestProject/Kant/Sheaf.lean8;evidenceS15;MACHINE_CHECKED","RequestProject","O7;13;source_systemS5;lean411;source_fileS30;RequestProject/Kant/Sheaf.lean13;source_formatS4;text11;imported_atI+0;14;transformed_atI+0;15;transformationsL0;13;parent_objectS0;","ca64c3b62cbfedfee4a3ba28e03110310cf3cb9901a03bd8e67a445ba592a58b"
"proof.Kant.Codec.resolved.eq_1","Kant.Codec.resolved.eq_1","lean4","VALID","RequestProject/Kant/Codec/Reconcile.lean","0","L1;S27;obj.Kant.Codec.Obj.metadata","L0;","elaborated and checked by the Lean kernel","L1;S28;obj.Kant.Codec.resolved.eq_1","L1;S30;claim.Kant.Codec.resolved.eq_1","L1;S29;proof.Kant.Codec.Obj.metadata","O4;4;kindS12;lean4-kernel6;digestS64;5e1df6c7749c3745f3d2e6fbf40ed99e8263d9ed127f70cf49de4cd433e343608;locationS40;RequestProject/Kant/Codec/Reconcile.lean8;evidenceS15;MACHINE_CHECKED","RequestProject","O7;13;source_systemS5;lean411;source_fileS40;RequestProject/Kant/Codec/Reconcile.lean13;source_formatS4;text11;imported_atI+0;14;transformed_atI+0;15;transformationsL0;13;parent_objectS0;","5f835feab4b915ebecd52d6a2a993cd898559f7b6189ba917a35d4c9fd14f97e"
"proof.Kant.Wasm.BinOp.apply.eq_6","Kant.Wasm.BinOp.apply.eq_6","lean4","VALID","RequestProject/Wasm/Semantics.lean","0","L0;","L0;","elaborated and checked by the Lean kernel","L1;S30;obj.Kant.Wasm.BinOp.apply.eq_6","L1;S32;claim.Kant.Wasm.BinOp.apply.eq_6","L0;","O4;4;kindS12;lean4-kernel6;digestS64;7f3e80ccb83f3eb81da0cb9279f89bb74d8a3e6611a3390ec9d55055184755958;locationS34;RequestProject/Wasm/Semantics.lean8;evidenceS15;MACHINE_CHECKED","RequestProject","O7;13;source_systemS5;lean411;source_fileS34;RequestProject/Wasm/Semantics.lean13;source_formatS4;text11;imported_atI+0;14;transformed_atI+0;15;transformationsL0;13;parent_objectS0;","762ece404f5049f47fcd6943ad8baf473dd33577c5b715daa4e4d3ee7d1c5c2d"
"proof.Kant.CodeMovie.Circuit.run.eq_7","Kant.CodeMovie.Circuit.run.eq_7","lean4","VALID","RequestProject/Kant/CodeMovie.lean","0","L0;","L0;","elaborated and checked by the Lean kernel","L1;S35;obj.Kant.CodeMovie.Circuit.run.eq_7","L1;S37;claim.Kant.CodeMovie.Circuit.run.eq_7","L0;","O4;4;kindS12;lean4-kernel6;digestS64;2737542c49ec93770537192640922f400a51411901c29a3947a9407bc9227c528;locationS34;RequestProject/Kant/CodeMovie.lean8;evidenceS15;MACHINE_CHECKED","RequestProject","O7;13;source_systemS5;lean411;source_fileS34;RequestProject/Kant/CodeMovie.lean13;source_formatS4;text11;imported_atI+0;14;transformed_atI+0;15;transformationsL0;13;parent_objectS0;","a789c92730998c327b488fe8327ab6659c30126ee5faadcc559ab9a29be53eff"
"proof.Kant.Dasl.orbifoldCoords_valid","Kant.Dasl.orbifoldCoords_valid","lean4","VALID","RequestProject/Kant/Dasl.lean","211","L0;","L0;","elaborated and checked by the Lean kernel","L1;S34;obj.Kant.Dasl.orbifoldCoords_valid","L1;S36;claim.Kant.Dasl.orbifoldCoords_valid","L0;","O4;4;kindS12;lean4-kernel6;digestS64;5072d69eab084b0501bf7f27dbee97de15c8193b82d72ca7f4e577a944c492c88;locationS29;RequestProject/Kant/Dasl.lean8;evidenceS15;MACHINE_CHECKED","RequestProject","O7;13;source_systemS5;lean411;source_fileS29;RequestProject/Kant/Dasl.lean13;source_formatS4;text11;imported_atI+0;14;transformed_atI+211;15;transformationsL0;13;parent_objectS0;","5b2e308435b32ca5cb4eb50ac799088293e8e6f2b3fb6b5fc64979c94f8828bc"
"proof.Kant.Text.codeChars.eq_1","Kant.Text.codeChars.eq_1","lean4","VALID","RequestProject/Kant/Text.lean","0","L0;","L0;","elaborated and checked by the Lean kernel","L1;S28;obj.Kant.Text.codeChars.eq_1","L1;S30;claim.Kant.Text.codeChars.eq_1","L0;","O4;4;kindS12;lean4-kernel6;digestS64;0abb1c425b30ae6b1fff05a94f921504752ce7156c4afa21f48868cf0078a4328;locationS29;RequestProject/Kant/Text.lean8;evidenceS15;MACHINE_CHECKED","RequestProject","O7;13;source_systemS5;lean411;source_fileS29;RequestProject/Kant/Text.lean13;source_formatS4;text11;imported_atI+0;14;transformed_atI+0;15;transformationsL0;13;parent_objectS0;","2eb4646af5aea2305562ec31cef80d3383020e6d99814db6c096151c54511739"
"proof.Kant.Sneakernet.Channel.ofNat_ctorIdx","Kant.Sneakernet.Channel.ofNat_ctorIdx","lean4","VALID","RequestProject/Kant/Sneakernet.lean","0","L0;","L0;","elaborated and checked by the Lean kernel","L1;S41;obj.Kant.Sneakernet.Channel.ofNat_ctorIdx","L1;S43;claim.Kant.Sneakernet.Channel.ofNat_ctorIdx","L0;","O4;4;kindS12;lean4-kernel6;digestS64;85641d4f3062041a29b6b095e22bcc81da52391d660e7384dc3de4c8dd9d0e738;locationS35;RequestProject/Kant/Sneakernet.lean8;evidenceS15;MACHINE_CHECKED","RequestProject","O7;13;source_systemS5;lean411;source_fileS35;RequestProject/Kant/Sneakernet.lean13;source_formatS4;text11;imported_atI+0;14;transformed_atI+0;15;transformationsL0;13;parent_objectS0;","7cdb14bd8eb7133ca447f469d4e98e3f8ce0a182aa8c0a0271a8fda89150ea05"
"proof.Kant.Feed.search.eq_1","Kant.Feed.search.eq_1","lean4","VALID","RequestProject/Kant/Feed.lean","0","L0;","L0;","elaborated and checked by the Lean kernel","L1;S25;obj.Kant.Feed.search.eq_1","L1;S27;claim.Kant.Feed.search.eq_1","L0;","O4;4;kindS12;lean4-kernel6;digestS64;50581f45c328e876c73321efcf5e92158ecdebadf9bb04c0355e5f9468b9b8d78;locationS29;RequestProject/Kant/Feed.lean8;evidenceS15;MACHINE_CHECKED","RequestProject","O7;13;source_systemS5;lean411;source_fileS29;RequestProject/Kant/Feed.lean13;source_formatS4;text11;imported_atI+0;14;transformed_atI+0;15;transformationsL0;13;parent_objectS0;","5cd76ce9f883655c1ded32f4314c251f2d057b2b143c0fa2a0c7f09ed71578e5"
"proof.Kant.Feed.replies.eq_1","Kant.Feed.replies.eq_1","lean4","VALID","RequestProject/Kant/Feed.lean","0","L0;","L0;","elaborated and checked by the Lean kernel","L1;S26;obj.Kant.Feed.replies.eq_1","L1;S28;claim.Kant.Feed.replies.eq_1","L0;","O4;4;kindS12;lean4-kernel6;digestS64;005343650ef569c22fadae1f05ebffc1975ba9cda63628c44e1e1cffec32928b8;locationS29;RequestProject/Kant/Feed.lean8;evidenceS15;MACHINE_CHECKED","RequestProject","O7;13;source_systemS5;lean411;source_fileS29;RequestProject/Kant/Feed.lean13;source_formatS4;text11;imported_atI+0;14;transformed_atI+0;15;transformationsL0;13;parent_objectS0;","e2c566861943aae2f8088aa1a137c5a59f4f3e208a42d29cc3d42fc7dba08cdf"
"proof.Kant.Wasm.Kernel.eval_fnvOffsetE","Kant.Wasm.Kernel.eval_fnvOffsetE","lean4","VALID","RequestProject/Wasm/KernelSpec.lean","101","L0;","L0;","elaborated and checked by the Lean kernel","L1;S36;obj.Kant.Wasm.Kernel.eval_fnvOffsetE","L1;S38;claim.Kant.Wasm.Kernel.eval_fnvOffsetE","L0;","O4;4;kindS12;lean4-kernel6;digestS64;4ef3f2f32ebe7a1abee2112b3b4d446d38e558f714cc0f34d885ce68e770d8078;locationS35;RequestProject/Wasm/KernelSpec.lean8;evidenceS15;MACHINE_CHECKED","RequestProject","O7;13;source_systemS5;lean411;source_fileS35;RequestProject/Wasm/KernelSpec.lean13;source_formatS4;text11;imported_atI+0;14;transformed_atI+101;15;transformationsL0;13;parent_objectS0;","ebe5f259c000839bbcd69b7a7af0c63869560191c68b6461fd334c3f120771fe"
"proof.Kant.Dom.downgrade_is_reported","Kant.Dom.downgrade_is_reported","lean4","VALID","RequestProject/Kant/Domain/Policy.lean","157","L0;","L0;","elaborated and checked by the Lean kernel","L1;S34;obj.Kant.Dom.downgrade_is_reported","L1;S36;claim.Kant.Dom.downgrade_is_reported","L0;","O4;4;kindS12;lean4-kernel6;digestS64;67ccab72f40ee1934b064b933932f2987f4194a96ca4eeb59183b3a318bdda428;locationS38;RequestProject/Kant/Domain/Policy.lean8;evidenceS15;MACHINE_CHECKED","RequestProject","O7;13;source_systemS5;lean411;source_fileS38;RequestProject/Kant/Domain/Policy.lean13;source_formatS4;text11;imported_atI+0;14;transformed_atI+157;15;transformationsL0;13;parent_objectS0;","310118e94d976f3ddb7bae9d92d7b0eab353440536aeec570bd9266680e07a84"
"proof.Kant.Strip.toFrame_ofFrame","Kant.Strip.toFrame_ofFrame","lean4","VALID","RequestProject/Kant/Strip.lean","62","L0;","L0;","elaborated and checked by the Lean kernel","L1;S30;obj.Kant.Strip.toFrame_ofFrame","L1;S32;claim.Kant.Strip.toFrame_ofFrame","L0;","O4;4;kindS12;lean4-kernel6;digestS64;87282a3ed2628d5ffd9d93533b200108acbf938b8c86aed501c41e5db2b620b68;locationS30;RequestProject/Kant/Strip.lean8;evidenceS15;MACHINE_CHECKED","RequestProject","O7;13;source_systemS5;lean411;source_fileS30;RequestProject/Kant/Strip.lean13;source_formatS4;text11;imported_atI+0;14;transformed_atI+62;15;transformationsL0;13;parent_objectS0;","3c94570ecfcc0a09ffa02e47701e9eb688f63a745f99a1e362adde1682575690"
"proof.Kant.Cli.Cmd.open.injEq","Kant.Cli.Cmd.open.injEq","lean4","VALID","RequestProject/Kant/Cli.lean","0","L0;","L0;","elaborated and checked by the Lean kernel","L1;S27;obj.Kant.Cli.Cmd.open.injEq","L1;S29;claim.Kant.Cli.Cmd.open.injEq","L0;","O4;4;kindS12;lean4-kernel6;digestS64;0c20e91a297fc12df49a6e6bb589fde6993b84672e2cb9bf498a99784aa5c0b08;locationS28;RequestProject/Kant/Cli.lean8;evidenceS15;MACHINE_CHECKED","RequestProject","O7;13;source_systemS5;lean411;source_fileS28;RequestProject/Kant/Cli.lean13;source_formatS4;text11;imported_atI+0;14;transformed_atI+0;15;transformationsL0;13;parent_objectS0;","59460add93968f8cbe3aa6b52d056a5f4eaa209b3da76d7251e433ab426bfa45"
"proof.Kant.Credits.Ledger.mk.sizeOf_spec","Kant.Credits.Ledger.mk.sizeOf_spec","lean4","VALID","RequestProject/Kant/Credits.lean","0","L0;","L0;","elaborated and checked by the Lean kernel","L1;S38;obj.Kant.Credits.Ledger.mk.sizeOf_spec","L1;S40;claim.Kant.Credits.Ledger.mk.sizeOf_spec","L0;","O4;4;kindS12;lean4-kernel6;digestS64;69f5ff73427b64061fede81eb2deabbdaa3736228841a3f08c37b975254dce6f8;locationS32;RequestProject/Kant/Credits.lean8;evidenceS15;MACHINE_CHECKED","RequestProject","O7;13;source_systemS5;lean411;source_fileS32;RequestProject/Kant/Credits.lean13;source_formatS4;text11;imported_atI+0;14;transformed_atI+0;15;transformationsL0;13;parent_objectS0;","c48e9750d09a66b1ed483758d8e8277eccd9cce43651d74b6792c396bdc5cd98"
"proof.Kant.Credits.Ledger.serve_balance_of_ne","Kant.Credits.Ledger.serve_balance_of_ne","lean4","VALID","RequestProject/Kant/Credits.lean","91","L1;S27;obj.Kant.Credits.creditsFor","L0;","elaborated and checked by the Lean kernel","L1;S43;obj.Kant.Credits.Ledger.serve_balance_of_ne","L1;S45;claim.Kant.Credits.Ledger.serve_balance_of_ne","L1;S29;proof.Kant.Credits.creditsFor","O4;4;kindS12;lean4-kernel6;digestS64;5ba3e33ee7ab1db80a4bb320e23731170c39f6d62dd57b129d4eab5bdc69d6c18;locationS32;RequestProject/Kant/Credits.lean8;evidenceS15;MACHINE_CHECKED","RequestProject","O7;13;source_systemS5;lean411;source_fileS32;RequestProject/Kant/Credits.lean13;source_formatS4;text11;imported_atI+0;14;transformed_atI+91;15;transformationsL0;13;parent_objectS0;","6ccc49df872c1d3fd0b08b0314532c4cb8ee1059d6225b65640c64bf3996c072"
"proof.Kant.Onboarding.Progress.le.eq_1","Kant.Onboarding.Progress.le.eq_1","lean4","VALID","RequestProject/Kant/Onboarding.lean","0","L1;S37;obj.Kant.Onboarding.Progress.sharedIt","L0;","elaborated and checked by the Lean kernel","L1;S36;obj.Kant.Onboarding.Progress.le.eq_1","L1;S38;claim.Kant.Onboarding.Progress.le.eq_1","L1;S39;proof.Kant.Onboarding.Progress.sharedIt","O4;4;kindS12;lean4-kernel6;digestS64;c22e5abe87a38e777781b89af30d487cb975ffb416e334a99329510aaf1b42e68;locationS35;RequestProject/Kant/Onboarding.lean8;evidenceS15;MACHINE_CHECKED","RequestProject","O7;13;source_systemS5;lean411;source_fileS35;RequestProject/Kant/Onboarding.lean13;source_formatS4;text11;imported_atI+0;14;transformed_atI+0;15;transformationsL0;13;parent_objectS0;","f300279c608b03740ab968f8da402657d0bea19b0aa50ffa88801a501cb529dd"
"proof.Kant.Cli.printArgv.eq_3","Kant.Cli.printArgv.eq_3","lean4","VALID","RequestProject/Kant/Cli.lean","0","L0;","L0;","elaborated and checked by the Lean kernel","L1;S27;obj.Kant.Cli.printArgv.eq_3","L1;S29;claim.Kant.Cli.printArgv.eq_3","L0;","O4;4;kindS12;lean4-kernel6;digestS64;313a9d4a155cd126b40bcb76117de81927abd8cdbf4c69809bb7ea8f5d38a7738;locationS28;RequestProject/Kant/Cli.lean8;evidenceS15;MACHINE_CHECKED","RequestProject","O7;13;source_systemS5;lean411;source_fileS28;RequestProject/Kant/Cli.lean13;source_formatS4;text11;imported_atI+0;14;transformed_atI+0;15;transformationsL0;13;parent_objectS0;","99661292e729e0ed4768d208599f66fa6dbeee6cdc944e874ff5261809800494"
"proof.Kant.Uucp.Site.mk.inj","Kant.Uucp.Site.mk.inj","lean4","VALID","RequestProject/Kant/Uucp.lean","0","L0;","L0;","elaborated and checked by the Lean kernel","L1;S25;obj.Kant.Uucp.Site.mk.inj","L1;S27;claim.Kant.Uucp.Site.mk.inj","L0;","O4;4;kindS12;lean4-kernel6;digestS64;51aa9c347ec178935a8908a5fb8c48600cab8ad2a6198bd5b7cd422ff97b465a8;locationS29;RequestProject/Kant/Uucp.lean8;evidenceS15;MACHINE_CHECKED","RequestProject","O7;13;source_systemS5;lean411;source_fileS29;RequestProject/Kant/Uucp.lean13;source_formatS4;text11;imported_atI+0;14;transformed_atI+0;15;transformationsL0;13;parent_objectS0;","9579005115b08e0026be7cd2188a9dc353ebd264d5bc85c6f678a89db200ad89"
"proof.Kant.Pipeline.blobToNats_length","Kant.Pipeline.blobToNats_length","lean4","VALID","RequestProject/Kant/Pipeline.lean","51","L0;","L0;","elaborated and checked by the Lean kernel","L1;S35;obj.Kant.Pipeline.blobToNats_length","L1;S37;claim.Kant.Pipeline.blobToNats_length","L0;","O4;4;kindS12;lean4-kernel6;digestS64;56e7a4174bdd5096bec200d589e96b5528c4294374a95360e03f5cae5a8662578;locationS33;RequestProject/Kant/Pipeline.lean8;evidenceS15;MACHINE_CHECKED","RequestProject","O7;13;source_systemS5;lean411;source_fileS33;RequestProject/Kant/Pipeline.lean13;source_formatS4;text11;imported_atI+0;14;transformed_atI+51;15;transformationsL0;13;parent_objectS0;","fb86ac585356272ef637c469df26b731864cc22341a503e8967907d85eefa06b"
"proof.Kant.Dom.Event.importedFrom.injEq","Kant.Dom.Event.importedFrom.injEq","lean4","VALID","RequestProject/Kant/Domain/Policy.lean","0","L0;","L0;","elaborated and checked by the Lean kernel","L1;S37;obj.Kant.Dom.Event.importedFrom.injEq","L1;S39;claim.Kant.Dom.Event.importedFrom.injEq","L0;","O4;4;kindS12;lean4-kernel6;digestS64;116954a51f760ee2ac86224d528830797d1d3a3359216d6cf9b50d0f99b147ab8;locationS38;RequestProject/Kant/Domain/Policy.lean8;evidenceS15;MACHINE_CHECKED","RequestProject","O7;13;source_systemS5;lean411;source_fileS38;RequestProject/Kant/Domain/Policy.lean13;source_formatS4;text11;imported_atI+0;14;transformed_atI+0;15;transformationsL0;13;parent_objectS0;","566a9b2bfa30076234b6f976c79446d55d6859e9598c597ceac45121459e666f"
"proof.Kant.Dom.Claim.toVal.eq_1","Kant.Dom.Claim.toVal.eq_1","lean4","VALID","RequestProject/Kant/Domain/Model.lean","0","L1;S18;obj.Kant.Dom.Claim","L0;","elaborated and checked by the Lean kernel","L1;S29;obj.Kant.Dom.Claim.toVal.eq_1","L1;S31;claim.Kant.Dom.Claim.toVal.eq_1","L1;S20;proof.Kant.Dom.Claim","O4;4;kindS12;lean4-kernel6;digestS64;4aa195fcc48b02831d6be5598d9b3eac05172d88c72f53410a26677843920ec28;locationS37;RequestProject/Kant/Domain/Model.lean8;evidenceS15;MACHINE_CHECKED","RequestProject","O7;13;source_systemS5;lean411;source_fileS37;RequestProject/Kant/Domain/Model.lean13;source_formatS4;text11;imported_atI+0;14;transformed_atI+0;15;transformationsL0;13;parent_objectS0;","2c5e53e49cc628d84a3cfa416975057badd56a884e781c1e6c1b4caa2b678cc1"
"proof.Kant.PlainText.copyPlain_eq_text","Kant.PlainText.copyPlain_eq_text","lean4","VALID","RequestProject/Kant/PlainText.lean","259","L1;S28;obj.Kant.PlainText.plainText","L0;","elaborated and checked by the Lean kernel","L1;S36;obj.Kant.PlainText.copyPlain_eq_text","L1;S38;claim.Kant.PlainText.copyPlain_eq_text","L1;S30;proof.Kant.PlainText.plainText","O4;4;kindS12;lean4-kernel6;digestS64;9d0ddbb98f585f9b82178af898b5b3a4f7fae529317e5031f21c5a77b201bfb28;locationS34;RequestProject/Kant/PlainText.lean8;evidenceS15;MACHINE_CHECKED","RequestProject","O7;13;source_systemS5;lean411;source_fileS34;RequestProject/Kant/PlainText.lean13;source_formatS4;text11;imported_atI+0;14;transformed_atI+259;15;transformationsL0;13;parent_objectS0;","81081d3493ef54e48fe74ef1d41249977c16be98ba6531ca5b0076e87627877d"
"proof.Kant.Cli.Loaded.bag.injEq","Kant.Cli.Loaded.bag.injEq","lean4","VALID","RequestProject/Kant/Cli.lean","0","L0;","L0;","elaborated and checked by the Lean kernel","L1;S29;obj.Kant.Cli.Loaded.bag.injEq","L1;S31;claim.Kant.Cli.Loaded.bag.injEq","L0;","O4;4;kindS12;lean4-kernel6;digestS64;60e2302beb0098fe3133e9ee8285770dd915ad21fcfe1e886d14c6d48f499f8f8;locationS28;RequestProject/Kant/Cli.lean8;evidenceS15;MACHINE_CHECKED","RequestProject","O7;13;source_systemS5;lean411;source_fileS28;RequestProject/Kant/Cli.lean13;source_formatS4;text11;imported_atI+0;14;transformed_atI+0;15;transformationsL0;13;parent_objectS0;","0f78f426e1f91174e54b75541bbdc567c337f0113e06d4da972bde59738fadcd"
"proof.Kant.Credits.Ledger.total_cons","Kant.Credits.Ledger.total_cons","lean4","VALID","RequestProject/Kant/Credits.lean","67","L0;","L0;","elaborated and checked by the Lean kernel","L1;S34;obj.Kant.Credits.Ledger.total_cons","L1;S36;claim.Kant.Credits.Ledger.total_cons","L0;","O4;4;kindS12;lean4-kernel6;digestS64;3cf65d2465efd9d764d787b532b6fc985ab9b2881122e68d8f05444802cf79068;locationS32;RequestProject/Kant/Credits.lean8;evidenceS15;MACHINE_CHECKED","RequestProject","O7;13;source_systemS5;lean411;source_fileS32;RequestProject/Kant/Credits.lean13;source_formatS4;text11;imported_atI+0;14;transformed_atI+67;15;transformationsL0;13;parent_objectS0;","9a3a6d54d8db34ee0e1476f3afca4ee1443cebd45050ef8852488b37c1b795fb"
"proof.Kant.Onboarding.run.eq_1","Kant.Onboarding.run.eq_1","lean4","VALID","RequestProject/Kant/Onboarding.lean","0","L0;","L0;","elaborated and checked by the Lean kernel","L1;S28;obj.Kant.Onboarding.run.eq_1","L1;S30;claim.Kant.Onboarding.run.eq_1","L0;","O4;4;kindS12;lean4-kernel6;digestS64;ba78fea6c890a42369305ac5a8ea978c8cf552d1d63ae5d932cc5acaf2c2103a8;locationS35;RequestProject/Kant/Onboarding.lean8;evidenceS15;MACHINE_CHECKED","RequestProject","O7;13;source_systemS5;lean411;source_fileS35;RequestProject/Kant/Onboarding.lean13;source_formatS4;text11;imported_atI+0;14;transformed_atI+0;15;transformationsL0;13;parent_objectS0;","85df750f4cc4370c57319cb8f4dac4eface46ba3b8cdd2d2d5db153621038135"
"proof.Kant.Clipboard.pasteText.eq_1","Kant.Clipboard.pasteText.eq_1","lean4","VALID","RequestProject/Kant/Clipboard.lean","0","L0;","L0;","elaborated and checked by the Lean kernel","L1;S33;obj.Kant.Clipboard.pasteText.eq_1","L1;S35;claim.Kant.Clipboard.pasteText.eq_1","L0;","O4;4;kindS12;lean4-kernel6;digestS64;1103fa7ac3bd888216522c0ac6200b39799e58ba827b40f4cefa2b9fff2fa9438;locationS34;RequestProject/Kant/Clipboard.lean8;evidenceS15;MACHINE_CHECKED","RequestProject","O7;13;source_systemS5;lean411;source_fileS34;RequestProject/Kant/Clipboard.lean13;source_formatS4;text11;imported_atI+0;14;transformed_atI+0;15;transformationsL0;13;parent_objectS0;","9835f6e707095eaee56db415c347442116f2829fc4eb1588be8f0024045e98fb"
"proof.Kant.Pipeline.publish_social_fits","Kant.Pipeline.publish_social_fits","lean4","VALID","RequestProject/Kant/Pipeline.lean","125","L1;S25;obj.Kant.Pipeline.publish","L0;","elaborated and checked by the Lean kernel","L1;S37;obj.Kant.Pipeline.publish_social_fits","L1;S39;claim.Kant.Pipeline.publish_social_fits","L1;S27;proof.Kant.Pipeline.publish","O4;4;kindS12;lean4-kernel6;digestS64;d027053df4e8a42ba002786ddfb51ab0e610f4755f4890ed0d73701d32f0686a8;locationS33;RequestProject/Kant/Pipeline.lean8;evidenceS15;MACHINE_CHECKED","RequestProject","O7;13;source_systemS5;lean411;source_fileS33;RequestProject/Kant/Pipeline.lean13;source_formatS4;text11;imported_atI+0;14;transformed_atI+125;15;transformationsL0;13;parent_objectS0;","0187d449208d26858f7a0e262fb4418209e736cb4301e23fd166b04fcb597b3c"
"proof.Kant.SiteCard.card_text_no_markup","Kant.SiteCard.card_text_no_markup","lean4","VALID","RequestProject/Kant/SiteCard.lean","626","L1;S22;obj.Kant.SiteCard.Card","L0;","elaborated and checked by the Lean kernel","L1;S37;obj.Kant.SiteCard.card_text_no_markup","L1;S39;claim.Kant.SiteCard.card_text_no_markup","L1;S24;proof.Kant.SiteCard.Card","O4;4;kindS12;lean4-kernel6;digestS64;d1a359fbcfd1fa12df7feb5a5bc394e977647e0f95e3e3c4862d1430c343b0138;locationS33;RequestProject/Kant/SiteCard.lean8;evidenceS15;MACHINE_CHECKED","RequestProject","O7;13;source_systemS5;lean411;source_fileS33;RequestProject/Kant/SiteCard.lean13;source_formatS4;text11;imported_atI+0;14;transformed_atI+626;15;transformationsL0;13;parent_objectS0;","4a21d5671a75427a37cc27da774529bdabde9cd00dca4ef44392654b5d3cc3b7"
"proof.Kant.PlainText.joinCh_splitCh","Kant.PlainText.joinCh_splitCh","lean4","VALID","RequestProject/Kant/PlainText.lean","53","L0;","L0;","elaborated and checked by the Lean kernel","L1;S33;obj.Kant.PlainText.joinCh_splitCh","L1;S35;claim.Kant.PlainText.joinCh_splitCh","L0;","O4;4;kindS12;lean4-kernel6;digestS64;ca7798d614b2b0f64273fbc866ef6485b3e9fbe989455840035c9ef8abe495878;locationS34;RequestProject/Kant/PlainText.lean8;evidenceS15;MACHINE_CHECKED","RequestProject","O7;13;source_systemS5;lean411;source_fileS34;RequestProject/Kant/PlainText.lean13;source_formatS4;text11;imported_atI+0;14;transformed_atI+53;15;transformationsL0;13;parent_objectS0;","76d15771d0d8cfaa9b0b20191c5e5edd88f08399394bd004754aa5a116310037"
"proof.Kant.Codec.Outp.ofVal_toVal","Kant.Codec.Outp.ofVal_toVal","lean4","VALID","RequestProject/Kant/Codec/Model.lean","443","L0;","L0;","elaborated and checked by the Lean kernel","L1;S31;obj.Kant.Codec.Outp.ofVal_toVal","L1;S33;claim.Kant.Codec.Outp.ofVal_toVal","L0;","O4;4;kindS12;lean4-kernel6;digestS64;0f915e4e9c864996faf0787b097b406dd9fc44a3ddf74ea0c9eec6002622fdff8;locationS36;RequestProject/Kant/Codec/Model.lean8;evidenceS15;MACHINE_CHECKED","RequestProject","O7;13;source_systemS5;lean411;source_fileS36;RequestProject/Kant/Codec/Model.lean13;source_formatS4;text11;imported_atI+0;14;transformed_atI+443;15;transformationsL0;13;parent_objectS0;","e84ed5403fbb642dc90bd0f6dfa638ba5ac3e9ec4f232d87b356a29aafdcd494"
"proof.Kant.Dom.sorried_has_no_certificate","Kant.Dom.sorried_has_no_certificate","lean4","VALID","RequestProject/Kant/Domain/Catalog.lean","350","L2;S18;obj.Kant.Dom.objIdS26;obj.Kant.Dom.Decl.axiomsOk","L0;","elaborated and checked by the Lean kernel","L1;S39;obj.Kant.Dom.sorried_has_no_certificate","L1;S41;claim.Kant.Dom.sorried_has_no_certificate","L2;S20;proof.Kant.Dom.objIdS28;proof.Kant.Dom.Decl.axiomsOk","O4;4;kindS12;lean4-kernel6;digestS64;f885c03a5e094946f91ab3a182344321b0e6ade0226fca64c3b63dc028347fc78;locationS39;RequestProject/Kant/Domain/Catalog.lean8;evidenceS15;MACHINE_CHECKED","RequestProject","O7;13;source_systemS5;lean411;source_fileS39;RequestProject/Kant/Domain/Catalog.lean13;source_formatS4;text11;imported_atI+0;14;transformed_atI+350;15;transformationsL0;13;parent_objectS0;","e877614b6dafebe430f7a27758ac75e78cf290f80032536ad50a6b1bad8e336d"
"proof.Kant.Bytes.hexDecode.eq_1","Kant.Bytes.hexDecode.eq_1","lean4","VALID","RequestProject/Kant/Bytes.lean","0","L0;","L0;","elaborated and checked by the Lean kernel","L1;S29;obj.Kant.Bytes.hexDecode.eq_1","L1;S31;claim.Kant.Bytes.hexDecode.eq_1","L0;","O4;4;kindS12;lean4-kernel6;digestS64;d8aada45f3255736a443dd90d197df59f3cb32ed599effb0ba75b8c7041747d38;locationS30;RequestProject/Kant/Bytes.lean8;evidenceS15;MACHINE_CHECKED","RequestProject","O7;13;source_systemS5;lean411;source_fileS30;RequestProject/Kant/Bytes.lean13;source_formatS4;text11;imported_atI+0;14;transformed_atI+0;15;transformationsL0;13;parent_objectS0;","ecea21c59a30b993c048124ec640fa604775f2c3375a90398b384164961ccf06"
"proof.Kant.Wasm.Encode.binOpcode.eq_6","Kant.Wasm.Encode.binOpcode.eq_6","lean4","VALID","RequestProject/Wasm/Decode.lean","0","L0;","L0;","elaborated and checked by the Lean kernel","L1;S35;obj.Kant.Wasm.Encode.binOpcode.eq_6","L1;S37;claim.Kant.Wasm.Encode.binOpcode.eq_6","L0;","O4;4;kindS12;lean4-kernel6;digestS64;abf1a22ca94ef2f1c659344a74564beee26af21bcccab5ab141fac2c1671c5288;locationS31;RequestProject/Wasm/Decode.lean8;evidenceS15;MACHINE_CHECKED","RequestProject","O7;13;source_systemS5;lean411;source_fileS31;RequestProject/Wasm/Decode.lean13;source_formatS4;text11;imported_atI+0;14;transformed_atI+0;15;transformationsL0;13;parent_objectS0;","75322487056a361fd9ed956b038d389c14c60a98cd351ca58e12c0d2dc529ca2"
"proof.Kant.PlainText.Meta.Wf.link","Kant.PlainText.Meta.Wf.link","lean4","VALID","RequestProject/Kant/PlainText.lean","104","L0;","L0;","elaborated and checked by the Lean kernel","L1;S31;obj.Kant.PlainText.Meta.Wf.link","L1;S33;claim.Kant.PlainText.Meta.Wf.link","L0;","O4;4;kindS12;lean4-kernel6;digestS64;0bc5ae40d45b8631dfd3d99e5c7c56f6e36c0bb2bc722e876e0e579d0a3879048;locationS34;RequestProject/Kant/PlainText.lean8;evidenceS15;MACHINE_CHECKED","RequestProject","O7;13;source_systemS5;lean411;source_fileS34;RequestProject/Kant/PlainText.lean13;source_formatS4;text11;imported_atI+0;14;transformed_atI+104;15;transformationsL0;13;parent_objectS0;","814c821ea223bbb017e546c281ee2fa3d66682fe6839c616d6a46567c6a6a409"
"proof.Kant.Cli.meet_fresh","Kant.Cli.meet_fresh","lean4","VALID","RequestProject/Kant/Cli.lean","652","L3;S23;obj.Kant.Relay.Msg.WireS26;obj.Kant.Rendezvous.roomOfS17;obj.Kant.Cli.poll","L0;","elaborated and checked by the Lean kernel","L1;S23;obj.Kant.Cli.meet_fresh","L1;S25;claim.Kant.Cli.meet_fresh","L3;S25;proof.Kant.Relay.Msg.WireS28;proof.Kant.Rendezvous.roomOfS19;proof.Kant.Cli.poll","O4;4;kindS12;lean4-kernel6;digestS64;8b477723697a75c38753abbb1be1678078baaf903dad138db744ccb88204dce28;locationS28;RequestProject/Kant/Cli.lean8;evidenceS15;MACHINE_CHECKED","RequestProject","O7;13;source_systemS5;lean411;source_fileS28;RequestProject/Kant/Cli.lean13;source_formatS4;text11;imported_atI+0;14;transformed_atI+652;15;transformationsL0;13;parent_objectS0;","2906392ede1e9953c43dafd691e43b20904d138b3bd550b943235471bc014106"
"proof.Kant.Cli.messy_join_same_room","Kant.Cli.messy_join_same_room","lean4","VALID","RequestProject/Kant/Cli.lean","526","L2;S31;obj.Kant.Rendezvous.Invite.WireS35;obj.Kant.Join.findInvite_in_message","L0;","elaborated and checked by the Lean kernel","L1;S33;obj.Kant.Cli.messy_join_same_room","L1;S35;claim.Kant.Cli.messy_join_same_room","L2;S33;proof.Kant.Rendezvous.Invite.WireS37;proof.Kant.Join.findInvite_in_message","O4;4;kindS12;lean4-kernel6;digestS64;1b8fe4850d52e6bdd2b9f6ec92e1ca862fc7fbe44077c6a3bc69c2857b50fa4c8;locationS28;RequestProject/Kant/Cli.lean8;evidenceS15;MACHINE_CHECKED","RequestProject","O7;13;source_systemS5;lean411;source_fileS28;RequestProject/Kant/Cli.lean13;source_formatS4;text11;imported_atI+0;14;transformed_atI+526;15;transformationsL0;13;parent_objectS0;","fac732dadffcc3ef947fd393f24a1a3cbbe672b250e371151a1e6bed5233a2e2"
"proof.Kant.Dasl.cidPrefix_nestedCid","Kant.Dasl.cidPrefix_nestedCid","lean4","VALID","RequestProject/Kant/Dasl.lean","179","L1;S23;obj.Kant.Dasl.cidPrefix","L0;","elaborated and checked by the Lean kernel","L1;S33;obj.Kant.Dasl.cidPrefix_nestedCid","L1;S35;claim.Kant.Dasl.cidPrefix_nestedCid","L1;S25;proof.Kant.Dasl.cidPrefix","O4;4;kindS12;lean4-kernel6;digestS64;e4c197fa35559d3658a6b6d7cc26935dc4bdd380101564985388eb99c2bfcd478;locationS29;RequestProject/Kant/Dasl.lean8;evidenceS15;MACHINE_CHECKED","RequestProject","O7;13;source_systemS5;lean411;source_fileS29;RequestProject/Kant/Dasl.lean13;source_formatS4;text11;imported_atI+0;14;transformed_atI+179;15;transformationsL0;13;parent_objectS0;","0ac19f32e27f0e68ac1a286384dc4b0bbb14e3ecab22c0eec0186687da6c2a91"
"proof.Kant.Uucp.Carrier.bio.sizeOf_spec","Kant.Uucp.Carrier.bio.sizeOf_spec","lean4","VALID","RequestProject/Kant/Uucp.lean","0","L0;","L0;","elaborated and checked by the Lean kernel","L1;S37;obj.Kant.Uucp.Carrier.bio.sizeOf_spec","L1;S39;claim.Kant.Uucp.Carrier.bio.sizeOf_spec","L0;","O4;4;kindS12;lean4-kernel6;digestS64;6a48968ffab70bb94cc538690c321f66b6f397874c3c8bd3ad4b8fadede394008;locationS29;RequestProject/Kant/Uucp.lean8;evidenceS15;MACHINE_CHECKED","RequestProject","O7;13;source_systemS5;lean411;source_fileS29;RequestProject/Kant/Uucp.lean13;source_formatS4;text11;imported_atI+0;14;transformed_atI+0;15;transformationsL0;13;parent_objectS0;","eab3137532bb4c9ada7e4018e3b24fdd2a70b90b2a8a0214ce56bde12aedb0d7"
"proof.Kant.Strip.roundTrip_pastes","Kant.Strip.roundTrip_pastes","lean4","VALID","RequestProject/Kant/Strip.lean","202","L1;S20;obj.Kant.Strip.strip","L0;","elaborated and checked by the Lean kernel","L1;S31;obj.Kant.Strip.roundTrip_pastes","L1;S33;claim.Kant.Strip.roundTrip_pastes","L1;S22;proof.Kant.Strip.strip","O4;4;kindS12;lean4-kernel6;digestS64;e536c27431821b1f73adf39faeb9b444120d1ddcada022d512c0a745eacdd4ca8;locationS30;RequestProject/Kant/Strip.lean8;evidenceS15;MACHINE_CHECKED","RequestProject","O7;13;source_systemS5;lean411;source_fileS30;RequestProject/Kant/Strip.lean13;source_formatS4;text11;imported_atI+0;14;transformed_atI+202;15;transformationsL0;13;parent_objectS0;","1a1d3a8fa8e1935d4a08d6beb6a72d0a3182d3b9d5a4aef7f1d5a6aafdbb9c24"
"proof.Kant.Sheaf.Encoding.base64.sizeOf_spec","Kant.Sheaf.Encoding.base64.sizeOf_spec","lean4","VALID","RequestProject/Kant/Sheaf.lean","0","L0;","L0;","elaborated and checked by the Lean kernel","L1;S42;obj.Kant.Sheaf.Encoding.base64.sizeOf_spec","L1;S44;claim.Kant.Sheaf.Encoding.base64.sizeOf_spec","L0;","O4;4;kindS12;lean4-kernel6;digestS64;310192ff57c57aecd9bf1bcdedf7760f13500f9bb9c115b2057983b4fe3b4dd58;locationS30;RequestProject/Kant/Sheaf.lean8;evidenceS15;MACHINE_CHECKED","RequestProject","O7;13;source_systemS5;lean411;source_fileS30;RequestProject/Kant/Sheaf.lean13;source_formatS4;text11;imported_atI+0;14;transformed_atI+0;15;transformationsL0;13;parent_objectS0;","c87972db261c2e18df0317d26461dc4bcfd257011deea6feabdf30d88d19e0b1"
"proof.Kant.Codec.digitVal.eq_10","Kant.Codec.digitVal.eq_10","lean4","VALID","RequestProject/Kant/Codec/Yaml.lean","0","L0;","L0;","elaborated and checked by the Lean kernel","L1;S29;obj.Kant.Codec.digitVal.eq_10","L1;S31;claim.Kant.Codec.digitVal.eq_10","L0;","O4;4;kindS12;lean4-kernel6;digestS64;9129d349132edcd6e37d948a0af89ba9cfe78a2a385270700a2466c4956ad2438;locationS35;RequestProject/Kant/Codec/Yaml.lean8;evidenceS15;MACHINE_CHECKED","RequestProject","O7;13;source_systemS5;lean411;source_fileS35;RequestProject/Kant/Codec/Yaml.lean13;source_formatS4;text11;imported_atI+0;14;transformed_atI+0;15;transformationsL0;13;parent_objectS0;","e3a9759e9a2fb102cbcd8639dd83db2511a91123128020bc65e0cbef7e43dc5f"
"proof.Kant.Onboarding.start.eq_1","Kant.Onboarding.start.eq_1","lean4","VALID","RequestProject/Kant/Onboarding.lean","0","L0;","L0;","elaborated and checked by the Lean kernel","L1;S30;obj.Kant.Onboarding.start.eq_1","L1;S32;claim.Kant.Onboarding.start.eq_1","L0;","O4;4;kindS12;lean4-kernel6;digestS64;74ec61c463a676dc5226324474df81afa7a1dcf2ca0b8fc2fa7bce31ca005a958;locationS35;RequestProject/Kant/Onboarding.lean8;evidenceS15;MACHINE_CHECKED","RequestProject","O7;13;source_systemS5;lean411;source_fileS35;RequestProject/Kant/Onboarding.lean13;source_formatS4;text11;imported_atI+0;14;transformed_atI+0;15;transformationsL0;13;parent_objectS0;","b2484f5c3c367fb1f08af5e68312586e43b5f3162f38316b0014cd27caa18a28"
"proof.Kant.Dom.tablesPackage_files","Kant.Dom.tablesPackage_files","lean4","VALID","RequestProject/Kant/Domain/Package.lean","280","L0;","L0;","elaborated and checked by the Lean kernel","L1;S32;obj.Kant.Dom.tablesPackage_files","L1;S34;claim.Kant.Dom.tablesPackage_files","L0;","O4;4;kindS12;lean4-kernel6;digestS64;64ef5f0c782aac914b1ae4de9fbc7a02cb20033f52e88f3bbf36817608aaf9648;locationS39;RequestProject/Kant/Domain/Package.lean8;evidenceS15;MACHINE_CHECKED","RequestProject","O7;13;source_systemS5;lean411;source_fileS39;RequestProject/Kant/Domain/Package.lean13;source_formatS4;text11;imported_atI+0;14;transformed_atI+280;15;transformationsL0;13;parent_objectS0;","70dfec151179d97eba83d6fc10209d21a544abf5c4a5ee38c5d3f3f2410520db"
"proof.Kant.Clipboard.Envelope.isAscii_encode","Kant.Clipboard.Envelope.isAscii_encode","lean4","VALID","RequestProject/Kant/Clipboard.lean","90","L0;","L0;","elaborated and checked by the Lean kernel","L1;S42;obj.Kant.Clipboard.Envelope.isAscii_encode","L1;S44;claim.Kant.Clipboard.Envelope.isAscii_encode","L0;","O4;4;kindS12;lean4-kernel6;digestS64;9e49568beb82347027438a559ecf4d47b8b4aa5dcbc9ce66982372e8d77495058;locationS34;RequestProject/Kant/Clipboard.lean8;evidenceS15;MACHINE_CHECKED","RequestProject","O7;13;source_systemS5;lean411;source_fileS34;RequestProject/Kant/Clipboard.lean13;source_formatS4;text11;imported_atI+0;14;transformed_atI+90;15;transformationsL0;13;parent_objectS0;","cd9860ff2b4f391121b1c79d2e83e4de9542e9743d1029eb2dfdbf233423f938"
"proof.Kant.Dom.Event.invalidation.sizeOf_spec","Kant.Dom.Event.invalidation.sizeOf_spec","lean4","VALID","RequestProject/Kant/Domain/Policy.lean","0","L0;","L0;","elaborated and checked by the Lean kernel","L1;S43;obj.Kant.Dom.Event.invalidation.sizeOf_spec","L1;S45;claim.Kant.Dom.Event.invalidation.sizeOf_spec","L0;","O4;4;kindS12;lean4-kernel6;digestS64;28003d0a5f1cea726a051cd39d93eb799740df2559c01f9c46c443b9e36a3ccb8;locationS38;RequestProject/Kant/Domain/Policy.lean8;evidenceS15;MACHINE_CHECKED","RequestProject","O7;13;source_systemS5;lean411;source_fileS38;RequestProject/Kant/Domain/Policy.lean13;source_formatS4;text11;imported_atI+0;14;transformed_atI+0;15;transformationsL0;13;parent_objectS0;","cf9a721bfb4d4fe9e89366f0d6e64076b3204b00a46278433700fb6a8ecff1d0"
"proof.Kant.Handoff.run_snd","Kant.Handoff.run_snd","lean4","VALID","RequestProject/Kant/Handoff.lean","121","L0;","L0;","elaborated and checked by the Lean kernel","L1;S24;obj.Kant.Handoff.run_snd","L1;S26;claim.Kant.Handoff.run_snd","L0;","O4;4;kindS12;lean4-kernel6;digestS64;8e293fa8453dd8f566302a247c2b1576b05c4216dce7b9dffd5477b8b35ac7888;locationS32;RequestProject/Kant/Handoff.lean8;evidenceS15;MACHINE_CHECKED","RequestProject","O7;13;source_systemS5;lean411;source_fileS32;RequestProject/Kant/Handoff.lean13;source_formatS4;text11;imported_atI+0;14;transformed_atI+121;15;transformationsL0;13;parent_objectS0;","6bb09e969bc8d5af2b5cf0aeb9df731c7ebbac1da4926b956dcfb30c89809d02"
"proof.Kant.Codec.digitVal.eq_9","Kant.Codec.digitVal.eq_9","lean4","VALID","RequestProject/Kant/Codec/Yaml.lean","0","L0;","L0;","elaborated and checked by the Lean kernel","L1;S28;obj.Kant.Codec.digitVal.eq_9","L1;S30;claim.Kant.Codec.digitVal.eq_9","L0;","O4;4;kindS12;lean4-kernel6;digestS64;85ff313d83a024a6c1dd28fe059823192ec9fd3ec2de2940e43a41f1dc2b79b38;locationS35;RequestProject/Kant/Codec/Yaml.lean8;evidenceS15;MACHINE_CHECKED","RequestProject","O7;13;source_systemS5;lean411;source_fileS35;RequestProject/Kant/Codec/Yaml.lean13;source_formatS4;text11;imported_atI+0;14;transformed_atI+0;15;transformationsL0;13;parent_objectS0;","e9aa47ef9ce64bb98168f9ffa8980a5689493bba7bd2e1b3e85ba014ee46edd0"
"proof.Kant.Wasm.Instr.i64const.inj","Kant.Wasm.Instr.i64const.inj","lean4","VALID","RequestProject/Wasm/Syntax.lean","0","L0;","L0;","elaborated and checked by the Lean kernel","L1;S32;obj.Kant.Wasm.Instr.i64const.inj","L1;S34;claim.Kant.Wasm.Instr.i64const.inj","L0;","O4;4;kindS12;lean4-kernel6;digestS64;8f22cf6e35f7c10eedd296d06c822ff1cc52086492d030dc6e00a785f8e9f8278;locationS31;RequestProject/Wasm/Syntax.lean8;evidenceS15;MACHINE_CHECKED","RequestProject","O7;13;source_systemS5;lean411;source_fileS31;RequestProject/Wasm/Syntax.lean13;source_formatS4;text11;imported_atI+0;14;transformed_atI+0;15;transformationsL0;13;parent_objectS0;","1d247f3496bc0de4c7de8c7e2dcefae75c520f4f7724f8eac582d969ad23f26d"
"proof.Kant.Uucp.absorb_nil","Kant.Uucp.absorb_nil","lean4","VALID","RequestProject/Kant/Uucp.lean","341","L0;","L0;","elaborated and checked by the Lean kernel","L1;S24;obj.Kant.Uucp.absorb_nil","L1;S26;claim.Kant.Uucp.absorb_nil","L0;","O4;4;kindS12;lean4-kernel6;digestS64;c9099be1b1509e610256e22f4d9ca9e2834e3d4d0b6b126bbe7f3c7bfcbf8b648;locationS29;RequestProject/Kant/Uucp.lean8;evidenceS15;MACHINE_CHECKED","RequestProject","O7;13;source_systemS5;lean411;source_fileS29;RequestProject/Kant/Uucp.lean13;source_formatS4;text11;imported_atI+0;14;transformed_atI+341;15;transformationsL0;13;parent_objectS0;","18be6ba444dcdccfe936c0459fa5e74cf589722af2602d5528e1d9912375b3d2"
"proof.Kant.Codec.readInt.eq_1","Kant.Codec.readInt.eq_1","lean4","VALID","RequestProject/Kant/Codec/Val.lean","0","L0;","L0;","elaborated and checked by the Lean kernel","L1;S27;obj.Kant.Codec.readInt.eq_1","L1;S29;claim.Kant.Codec.readInt.eq_1","L0;","O4;4;kindS12;lean4-kernel6;digestS64;ab9beee16c567504df7c7f4a6ae2e4bb88ab758dfc08b2e22c2c4453a6b120518;locationS34;RequestProject/Kant/Codec/Val.lean8;evidenceS15;MACHINE_CHECKED","RequestProject","O7;13;source_systemS5;lean411;source_fileS34;RequestProject/Kant/Codec/Val.lean13;source_formatS4;text11;imported_atI+0;14;transformed_atI+0;15;transformationsL0;13;parent_objectS0;","0049703b6b07f90a81b37eb96d9cea1d11a28e53db574f648b214816a5cd7577"
"proof.Kant.Dom.Event.assertedBy.inj","Kant.Dom.Event.assertedBy.inj","lean4","VALID","RequestProject/Kant/Domain/Policy.lean","0","L0;","L0;","elaborated and checked by the Lean kernel","L1;S33;obj.Kant.Dom.Event.assertedBy.inj","L1;S35;claim.Kant.Dom.Event.assertedBy.inj","L0;","O4;4;kindS12;lean4-kernel6;digestS64;78407e2b1df5a3f0d3d40631af513c83f7ac6d37053d55cac2329ad90bddbd658;locationS38;RequestProject/Kant/Domain/Policy.lean8;evidenceS15;MACHINE_CHECKED","RequestProject","O7;13;source_systemS5;lean411;source_fileS38;RequestProject/Kant/Domain/Policy.lean13;source_formatS4;text11;imported_atI+0;14;transformed_atI+0;15;transformationsL0;13;parent_objectS0;","ba1b2badd893a559b1c69d0369ce86868678929eca7ff233f45bbdb5f60930e0"
"proof.Kant.Wasm.Kernel.lsbExtractE.eq_1","Kant.Wasm.Kernel.lsbExtractE.eq_1","lean4","VALID","RequestProject/Wasm/KernelSpec.lean","0","L0;","L0;","elaborated and checked by the Lean kernel","L1;S37;obj.Kant.Wasm.Kernel.lsbExtractE.eq_1","L1;S39;claim.Kant.Wasm.Kernel.lsbExtractE.eq_1","L0;","O4;4;kindS12;lean4-kernel6;digestS64;c42937e17abf61d35dcb72a0907921f0851868a5042e7f1962282c98a905dc368;locationS35;RequestProject/Wasm/KernelSpec.lean8;evidenceS15;MACHINE_CHECKED","RequestProject","O7;13;source_systemS5;lean411;source_fileS35;RequestProject/Wasm/KernelSpec.lean13;source_formatS4;text11;imported_atI+0;14;transformed_atI+0;15;transformationsL0;13;parent_objectS0;","9c6e764b0ebed8c68a1177984fc0c749611c075c01e0c100137899cb41d11703"
"proof.Kant.Wasm.CmpOp.geu.sizeOf_spec","Kant.Wasm.CmpOp.geu.sizeOf_spec","lean4","VALID","RequestProject/Wasm/Syntax.lean","0","L1;S19;obj.Kant.Wasm.CmpOp","L0;","elaborated and checked by the Lean kernel","L1;S35;obj.Kant.Wasm.CmpOp.geu.sizeOf_spec","L1;S37;claim.Kant.Wasm.CmpOp.geu.sizeOf_spec","L1;S21;proof.Kant.Wasm.CmpOp","O4;4;kindS12;lean4-kernel6;digestS64;4e5c22ba739d864cc3265b1f84269cdf99614d207d3afff299025ccde9ce6d858;locationS31;RequestProject/Wasm/Syntax.lean8;evidenceS15;MACHINE_CHECKED","RequestProject","O7;13;source_systemS5;lean411;source_fileS31;RequestProject/Wasm/Syntax.lean13;source_formatS4;text11;imported_atI+0;14;transformed_atI+0;15;transformationsL0;13;parent_objectS0;","2761013e29ad27466739a66d3986bca9ce42b7cdb9b74180b199deb106e28b63"
"proof.Kant.Meme.caption_no_markup","Kant.Meme.caption_no_markup","lean4","VALID","RequestProject/Kant/Meme.lean","254","L1;S30;obj.Kant.Meme.Template.topText","L0;","elaborated and checked by the Lean kernel","L1;S31;obj.Kant.Meme.caption_no_markup","L1;S33;claim.Kant.Meme.caption_no_markup","L1;S32;proof.Kant.Meme.Template.topText","O4;4;kindS12;lean4-kernel6;digestS64;be002193ab37fa33d6761a8f0bbaf61ced8000668c741f0144908a66ee9f02728;locationS29;RequestProject/Kant/Meme.lean8;evidenceS15;MACHINE_CHECKED","RequestProject","O7;13;source_systemS5;lean411;source_fileS29;RequestProject/Kant/Meme.lean13;source_formatS4;text11;imported_atI+0;14;transformed_atI+254;15;transformationsL0;13;parent_objectS0;","f73dec531c16f65103d786d8c6946bee4b4a70ba5fce31cb138ff2c8084914e8"
"proof.Kant.Wasm.Kernel.eval_fitsSocialE","Kant.Wasm.Kernel.eval_fitsSocialE","lean4","VALID","RequestProject/Wasm/KernelSpec.lean","251","L0;","L0;","elaborated and checked by the Lean kernel","L1;S37;obj.Kant.Wasm.Kernel.eval_fitsSocialE","L1;S39;claim.Kant.Wasm.Kernel.eval_fitsSocialE","L0;","O4;4;kindS12;lean4-kernel6;digestS64;7b1b9fbad9c4cea72a085d7730390470ecb2d429175984f5f28d40eda60738268;locationS35;RequestProject/Wasm/KernelSpec.lean8;evidenceS15;MACHINE_CHECKED","RequestProject","O7;13;source_systemS5;lean411;source_fileS35;RequestProject/Wasm/KernelSpec.lean13;source_formatS4;text11;imported_atI+0;14;transformed_atI+251;15;transformationsL0;13;parent_objectS0;","1d7df7a90e1b731538bca1f93fda6d52ade6106d3ad0d18f9b638742491e0dcc"
"proof.Kant.ShareLog.postLog_row_no_markup","Kant.ShareLog.postLog_row_no_markup","lean4","VALID","RequestProject/Kant/ShareLog.lean","193","L0;","L0;","elaborated and checked by the Lean kernel","L1;S39;obj.Kant.ShareLog.postLog_row_no_markup","L1;S41;claim.Kant.ShareLog.postLog_row_no_markup","L0;","O4;4;kindS12;lean4-kernel6;digestS64;7cc546afeb3cc064c072dadd649d6f23f349fce0e7ca1cda5d23658647b9e1518;locationS33;RequestProject/Kant/ShareLog.lean8;evidenceS15;MACHINE_CHECKED","RequestProject","O7;13;source_systemS5;lean411;source_fileS33;RequestProject/Kant/ShareLog.lean13;source_formatS4;text11;imported_atI+0;14;transformed_atI+193;15;transformationsL0;13;parent_objectS0;","043f22d6ef1ff86eac79bfefc9145f51e5ac6692e8693968e2bc5cdd48caa5cb"
"proof.Kant.Clipboard.fragment_append","Kant.Clipboard.fragment_append","lean4","VALID","RequestProject/Kant/Clipboard.lean","358","L0;","L0;","elaborated and checked by the Lean kernel","L1;S34;obj.Kant.Clipboard.fragment_append","L1;S36;claim.Kant.Clipboard.fragment_append","L0;","O4;4;kindS12;lean4-kernel6;digestS64;a26c826ae5107419fdcc125ff8469e9e1b1e49c763445d67f5c95fddae8de2948;locationS34;RequestProject/Kant/Clipboard.lean8;evidenceS15;MACHINE_CHECKED","RequestProject","O7;13;source_systemS5;lean411;source_fileS34;RequestProject/Kant/Clipboard.lean13;source_formatS4;text11;imported_atI+0;14;transformed_atI+358;15;transformationsL0;13;parent_objectS0;","9fa94539905dab8ea07d422362ebb321efdbeb85acb7d7a865c43e6035ec41bb"
"proof.Kant.Cli.printArgv.eq_1","Kant.Cli.printArgv.eq_1","lean4","VALID","RequestProject/Kant/Cli.lean","0","L0;","L0;","elaborated and checked by the Lean kernel","L1;S27;obj.Kant.Cli.printArgv.eq_1","L1;S29;claim.Kant.Cli.printArgv.eq_1","L0;","O4;4;kindS12;lean4-kernel6;digestS64;a8c6818fc55ac16306a68bae8f01caf4fecdbc85f430e1a1a0966f68b9c545aa8;locationS28;RequestProject/Kant/Cli.lean8;evidenceS15;MACHINE_CHECKED","RequestProject","O7;13;source_systemS5;lean411;source_fileS28;RequestProject/Kant/Cli.lean13;source_formatS4;text11;imported_atI+0;14;transformed_atI+0;15;transformationsL0;13;parent_objectS0;","eb658555ba3fc9c499db301cf5965c77b7f29754bc3786aada1585f16a26e75d"
"proof.Kant.Codec.readInt_encInt","Kant.Codec.readInt_encInt","lean4","VALID","RequestProject/Kant/Codec/Val.lean","210","L2;S21;obj.Kant.Codec.encIntS27;obj.Kant.Codec.readInt.eq_1","L0;","elaborated and checked by the Lean kernel","L1;S29;obj.Kant.Codec.readInt_encInt","L1;S31;claim.Kant.Codec.readInt_encInt","L2;S23;proof.Kant.Codec.encIntS29;proof.Kant.Codec.readInt.eq_1","O4;4;kindS12;lean4-kernel6;digestS64;8ad6008a0fb388642a649e77425c34937c9759da22eed83aee524369ddddeae18;locationS34;RequestProject/Kant/Codec/Val.lean8;evidenceS15;MACHINE_CHECKED","RequestProject","O7;13;source_systemS5;lean411;source_fileS34;RequestProject/Kant/Codec/Val.lean13;source_formatS4;text11;imported_atI+0;14;transformed_atI+210;15;transformationsL0;13;parent_objectS0;","1d47b2bde3772113d822a4dcd3d983e049531cc2c1e6e6f96ceb0227ea1fadc6"
"proof.Kant.Dom.DomObj.toVal.eq_1","Kant.Dom.DomObj.toVal.eq_1","lean4","VALID","RequestProject/Kant/Domain/Model.lean","0","L1;S22;obj.Kant.Dom.DomObj.id","L0;","elaborated and checked by the Lean kernel","L1;S30;obj.Kant.Dom.DomObj.toVal.eq_1","L1;S32;claim.Kant.Dom.DomObj.toVal.eq_1","L1;S24;proof.Kant.Dom.DomObj.id","O4;4;kindS12;lean4-kernel6;digestS64;c5926853b33849889c51e562f38050cf0cdb9ee1439ff53e0fba1fc55184064d8;locationS37;RequestProject/Kant/Domain/Model.lean8;evidenceS15;MACHINE_CHECKED","RequestProject","O7;13;source_systemS5;lean411;source_fileS37;RequestProject/Kant/Domain/Model.lean13;source_formatS4;text11;imported_atI+0;14;transformed_atI+0;15;transformationsL0;13;parent_objectS0;","1c6880dcbf227a66a4fd3654bb5164898b31a4181ebcfd201a0d5563fed5ec43"
"proof.Kant.Dasl.mergeCids_payload","Kant.Dasl.mergeCids_payload","lean4","VALID","RequestProject/Kant/Dasl.lean","343","L1;S23;obj.Kant.Dasl.mergeCids","L0;","elaborated and checked by the Lean kernel","L1;S31;obj.Kant.Dasl.mergeCids_payload","L1;S33;claim.Kant.Dasl.mergeCids_payload","L1;S25;proof.Kant.Dasl.mergeCids","O4;4;kindS12;lean4-kernel6;digestS64;a89e9ad8e01d2c3fd4863018ca4085308d78baf8dda2fc2d884f0da5da3604a68;locationS29;RequestProject/Kant/Dasl.lean8;evidenceS15;MACHINE_CHECKED","RequestProject","O7;13;source_systemS5;lean411;source_fileS29;RequestProject/Kant/Dasl.lean13;source_formatS4;text11;imported_atI+0;14;transformed_atI+343;15;transformationsL0;13;parent_objectS0;","c8498002c241772440edfa5330b4f0479382ab0208d01d2a87e6a13b3639f6cd"
"proof.Kant.Dom.parseTextFull_emitText","Kant.Dom.parseTextFull_emitText","lean4","VALID","RequestProject/Kant/Domain/Emit.lean","132","L0;","L0;","elaborated and checked by the Lean kernel","L1;S35;obj.Kant.Dom.parseTextFull_emitText","L1;S37;claim.Kant.Dom.parseTextFull_emitText","L0;","O4;4;kindS12;lean4-kernel6;digestS64;9329a42cacbee90c98638475f70b9c8bf8bfe6617edf301ac80468ac561575e18;locationS36;RequestProject/Kant/Domain/Emit.lean8;evidenceS15;MACHINE_CHECKED","RequestProject","O7;13;source_systemS5;lean411;source_fileS36;RequestProject/Kant/Domain/Emit.lean13;source_formatS4;text11;imported_atI+0;14;transformed_atI+132;15;transformationsL0;13;parent_objectS0;","6a8c9c3a1a5787316b6834d92039881e9d6f5e06d741698bc3726c8827b60df8"
"proof.Kant.Dom.Schema.ofVal.eq_1","Kant.Dom.Schema.ofVal.eq_1","lean4","VALID","RequestProject/Kant/Domain/Model.lean","0","L0;","L0;","elaborated and checked by the Lean kernel","L1;S30;obj.Kant.Dom.Schema.ofVal.eq_1","L1;S32;claim.Kant.Dom.Schema.ofVal.eq_1","L0;","O4;4;kindS12;lean4-kernel6;digestS64;b266ca6c3ce8eeade5b7b9abb10377560056197fda04afb71bfa2062b0d91aa88;locationS37;RequestProject/Kant/Domain/Model.lean8;evidenceS15;MACHINE_CHECKED","RequestProject","O7;13;source_systemS5;lean411;source_fileS37;RequestProject/Kant/Domain/Model.lean13;source_formatS4;text11;imported_atI+0;14;transformed_atI+0;15;transformationsL0;13;parent_objectS0;","85a144a63574979ce637e4295825137fb6d389d89c6eaea21fb257d7f7bbcb85"
"proof.Kant.Codec.Verdict.conflict.sizeOf_spec","Kant.Codec.Verdict.conflict.sizeOf_spec","lean4","VALID","RequestProject/Kant/Codec/Reconcile.lean","0","L0;","L0;","elaborated and checked by the Lean kernel","L1;S43;obj.Kant.Codec.Verdict.conflict.sizeOf_spec","L1;S45;claim.Kant.Codec.Verdict.conflict.sizeOf_spec","L0;","O4;4;kindS12;lean4-kernel6;digestS64;8fe328448b1c784f249da88f0c7334ec40ad94181fa9a055af5c64a4d70012f28;locationS40;RequestProject/Kant/Codec/Reconcile.lean8;evidenceS15;MACHINE_CHECKED","RequestProject","O7;13;source_systemS5;lean411;source_fileS40;RequestProject/Kant/Codec/Reconcile.lean13;source_formatS4;text11;imported_atI+0;14;transformed_atI+0;15;transformationsL0;13;parent_objectS0;","1fcd32430c5588637285a75e93e8b670bdeb0941a84ade890122410a029d8a16"
"proof.Kant.Text.charCodes.eq_1","Kant.Text.charCodes.eq_1","lean4","VALID","RequestProject/Kant/Text.lean","0","L0;","L0;","elaborated and checked by the Lean kernel","L1;S28;obj.Kant.Text.charCodes.eq_1","L1;S30;claim.Kant.Text.charCodes.eq_1","L0;","O4;4;kindS12;lean4-kernel6;digestS64;12f756d09bb2b08e12df2ec55271c635aa2c8120acff43103f9aa85b1a7191bf8;locationS29;RequestProject/Kant/Text.lean8;evidenceS15;MACHINE_CHECKED","RequestProject","O7;13;source_systemS5;lean411;source_fileS29;RequestProject/Kant/Text.lean13;source_formatS4;text11;imported_atI+0;14;transformed_atI+0;15;transformationsL0;13;parent_objectS0;","c917ec34ca11c3df6419be24efae4a7cd7bbbe1f8d4f49e5431ef7d38d3cc982"
"proof.Kant.Codec.Obj.ofVal_toVal","Kant.Codec.Obj.ofVal_toVal","lean4","VALID","RequestProject/Kant/Codec/Model.lean","519","L4;S24;obj.Kant.Codec.Obj.ofValS24;obj.Kant.Codec.Inp.toValS28;obj.Kant.Codec.Status.ofNameS31;obj.Kant.Codec.Outp.ofVal_toVal","L0;","elaborated and checked by the Lean kernel","L1;S30;obj.Kant.Codec.Obj.ofVal_toVal","L1;S32;claim.Kant.Codec.Obj.ofVal_toVal","L4;S26;proof.Kant.Codec.Obj.ofValS26;proof.Kant.Codec.Inp.toValS30;proof.Kant.Codec.Status.ofNameS33;proof.Kant.Codec.Outp.ofVal_toVal","O4;4;kindS12;lean4-kernel6;digestS64;a2675b545195e36c934c3d019ea0cc7be117faa30040e822bde0711a203485a98;locationS36;RequestProject/Kant/Codec/Model.lean8;evidenceS15;MACHINE_CHECKED","RequestProject","O7;13;source_systemS5;lean411;source_fileS36;RequestProject/Kant/Codec/Model.lean13;source_formatS4;text11;imported_atI+0;14;transformed_atI+519;15;transformationsL0;13;parent_objectS0;","3c8c6af483f4230b97a0316d5f7ba598e468148ed1fa8fb13e99065c0a276abe"
"proof.Kant.Sheaf.Encoding.numbers.sizeOf_spec","Kant.Sheaf.Encoding.numbers.sizeOf_spec","lean4","VALID","RequestProject/Kant/Sheaf.lean","0","L0;","L0;","elaborated and checked by the Lean kernel","L1;S43;obj.Kant.Sheaf.Encoding.numbers.sizeOf_spec","L1;S45;claim.Kant.Sheaf.Encoding.numbers.sizeOf_spec","L0;","O4;4;kindS12;lean4-kernel6;digestS64;095eb8ffc5ff595ca839c1cddb6b498faf6c3158bb0b8702441ab0dd98f6feb58;locationS30;RequestProject/Kant/Sheaf.lean8;evidenceS15;MACHINE_CHECKED","RequestProject","O7;13;source_systemS5;lean411;source_fileS30;RequestProject/Kant/Sheaf.lean13;source_formatS4;text11;imported_atI+0;14;transformed_atI+0;15;transformationsL0;13;parent_objectS0;","1a8ad60727add9d3f641506cc3783c80f1eaaac81870cdb9e07a322bdbe89f66"
"proof.Kant.Text.splitFields_joinFields","Kant.Text.splitFields_joinFields","lean4","VALID","RequestProject/Kant/Text.lean","203","L0;","L0;","elaborated and checked by the Lean kernel","L1;S36;obj.Kant.Text.splitFields_joinFields","L1;S38;claim.Kant.Text.splitFields_joinFields","L0;","O4;4;kindS12;lean4-kernel6;digestS64;dbf0a70300448ad5f9b56e65c3b8e4768f314258b9969d33a6a89702c31761b48;locationS29;RequestProject/Kant/Text.lean8;evidenceS15;MACHINE_CHECKED","RequestProject","O7;13;source_systemS5;lean411;source_fileS29;RequestProject/Kant/Text.lean13;source_formatS4;text11;imported_atI+0;14;transformed_atI+203;15;transformationsL0;13;parent_objectS0;","8eae6189268e6ccdd4ef26d40f2fa70a268b7b553477e0478384ec9e967bd704"
"proof.Kant.Wasm.CmpOp.apply.eq_3","Kant.Wasm.CmpOp.apply.eq_3","lean4","VALID","RequestProject/Wasm/KernelSpec.lean","0","L0;","L0;","elaborated and checked by the Lean kernel","L1;S30;obj.Kant.Wasm.CmpOp.apply.eq_3","L1;S32;claim.Kant.Wasm.CmpOp.apply.eq_3","L0;","O4;4;kindS12;lean4-kernel6;digestS64;c8bfb95d25a260a327a118ba1c396b4c39900922f68888e1d94da1f9a788aa028;locationS35;RequestProject/Wasm/KernelSpec.lean8;evidenceS15;MACHINE_CHECKED","RequestProject","O7;13;source_systemS5;lean411;source_fileS35;RequestProject/Wasm/KernelSpec.lean13;source_formatS4;text11;imported_atI+0;14;transformed_atI+0;15;transformationsL0;13;parent_objectS0;","4d8c648c767d35af0abeef5141da30ac4543f989676e8f75d267afa0ab376772"
"proof.Kant.Dom.Rel.derives.sizeOf_spec","Kant.Dom.Rel.derives.sizeOf_spec","lean4","VALID","RequestProject/Kant/Domain/Model.lean","0","L0;","L0;","elaborated and checked by the Lean kernel","L1;S36;obj.Kant.Dom.Rel.derives.sizeOf_spec","L1;S38;claim.Kant.Dom.Rel.derives.sizeOf_spec","L0;","O4;4;kindS12;lean4-kernel6;digestS64;6d4d77c3e6df9a116db43b18aee5119e9a34bf1a8d0fbc6b8dfe68305fedd9f88;locationS37;RequestProject/Kant/Domain/Model.lean8;evidenceS15;MACHINE_CHECKED","RequestProject","O7;13;source_systemS5;lean411;source_fileS37;RequestProject/Kant/Domain/Model.lean13;source_formatS4;text11;imported_atI+0;14;transformed_atI+0;15;transformationsL0;13;parent_objectS0;","024bab0962a3c3c947b2c7f84fbc45661205dd26bf8bb843e8a929a9832e6ae0"
"proof.Kant.Clipboard.ofPaste.eq_1","Kant.Clipboard.ofPaste.eq_1","lean4","VALID","RequestProject/Kant/Clipboard.lean","0","L0;","L0;","elaborated and checked by the Lean kernel","L1;S31;obj.Kant.Clipboard.ofPaste.eq_1","L1;S33;claim.Kant.Clipboard.ofPaste.eq_1","L0;","O4;4;kindS12;lean4-kernel6;digestS64;a417205be7a77e2e177199520e4dec5d9b54cec2e441e238b20aa451e69f3eaf8;locationS34;RequestProject/Kant/Clipboard.lean8;evidenceS15;MACHINE_CHECKED","RequestProject","O7;13;source_systemS5;lean411;source_fileS34;RequestProject/Kant/Clipboard.lean13;source_formatS4;text11;imported_atI+0;14;transformed_atI+0;15;transformationsL0;13;parent_objectS0;","0af3b7c18b697127d01e8f68fced44b4ddb537ee35f6008dcbb3d3e62bc4599a"
"proof.Kant.Sneakernet.Channel.qr.sizeOf_spec","Kant.Sneakernet.Channel.qr.sizeOf_spec","lean4","VALID","RequestProject/Kant/Sneakernet.lean","0","L0;","L0;","elaborated and checked by the Lean kernel","L1;S42;obj.Kant.Sneakernet.Channel.qr.sizeOf_spec","L1;S44;claim.Kant.Sneakernet.Channel.qr.sizeOf_spec","L0;","O4;4;kindS12;lean4-kernel6;digestS64;ff2769adbcad701cdb5e4e9841a7209fc347a0288ce0c2a256c8a5baaa78a4258;locationS35;RequestProject/Kant/Sneakernet.lean8;evidenceS15;MACHINE_CHECKED","RequestProject","O7;13;source_systemS5;lean411;source_fileS35;RequestProject/Kant/Sneakernet.lean13;source_formatS4;text11;imported_atI+0;14;transformed_atI+0;15;transformationsL0;13;parent_objectS0;","0f8da9c6e6ed252e6225ff1cfc071351e1fd2cae3182e1a86544ec760961aacb"
"proof.Kant.ShareLog.postLog_copy_roundTrip","Kant.ShareLog.postLog_copy_roundTrip","lean4","VALID","RequestProject/Kant/ShareLog.lean","210","L0;","L0;","elaborated and checked by the Lean kernel","L1;S40;obj.Kant.ShareLog.postLog_copy_roundTrip","L1;S42;claim.Kant.ShareLog.postLog_copy_roundTrip","L0;","O4;4;kindS12;lean4-kernel6;digestS64;426b6e0a794c544b22bb7363d005d6a8ca355f21967f3cf92ad2284c087539968;locationS33;RequestProject/Kant/ShareLog.lean8;evidenceS15;MACHINE_CHECKED","RequestProject","O7;13;source_systemS5;lean411;source_fileS33;RequestProject/Kant/ShareLog.lean13;source_formatS4;text11;imported_atI+0;14;transformed_atI+210;15;transformationsL0;13;parent_objectS0;","8a00b41d86b1c832324cee3e19957ad58e74008350add5ac815879764aaaed4f"
"proof.Kant.Bytes.digest.eq_1","Kant.Bytes.digest.eq_1","lean4","VALID","RequestProject/Kant/Bytes.lean","0","L0;","L0;","elaborated and checked by the Lean kernel","L1;S26;obj.Kant.Bytes.digest.eq_1","L1;S28;claim.Kant.Bytes.digest.eq_1","L0;","O4;4;kindS12;lean4-kernel6;digestS64;2a4229ff5a0fde6ccc3d08303c818dabd766e3fce2300162f426cdfb670a88a98;locationS30;RequestProject/Kant/Bytes.lean8;evidenceS15;MACHINE_CHECKED","RequestProject","O7;13;source_systemS5;lean411;source_fileS30;RequestProject/Kant/Bytes.lean13;source_formatS4;text11;imported_atI+0;14;transformed_atI+0;15;transformationsL0;13;parent_objectS0;","4cbcaacac532d7619345e38dd025c06ea63031376e68af7b9a067aefaf2a6d88"
"proof.Kant.Diagnostics.Area.app.sizeOf_spec","Kant.Diagnostics.Area.app.sizeOf_spec","lean4","VALID","RequestProject/Kant/Diagnostics.lean","0","L0;","L0;","elaborated and checked by the Lean kernel","L1;S41;obj.Kant.Diagnostics.Area.app.sizeOf_spec","L1;S43;claim.Kant.Diagnostics.Area.app.sizeOf_spec","L0;","O4;4;kindS12;lean4-kernel6;digestS64;c80ffab6247c845f6e10ae225289b5ac41c29e4e5a770b05ae3dd9364c2963528;locationS36;RequestProject/Kant/Diagnostics.lean8;evidenceS15;MACHINE_CHECKED","RequestProject","O7;13;source_systemS5;lean411;source_fileS36;RequestProject/Kant/Diagnostics.lean13;source_formatS4;text11;imported_atI+0;14;transformed_atI+0;15;transformationsL0;13;parent_objectS0;","aa87b51cea660be68c6792efa326ee79522cde41d4729a8020e6f1fb2bc37593"
"proof.Kant.Codec.rowsText.eq_def","Kant.Codec.rowsText.eq_def","lean4","VALID","RequestProject/Kant/Codec/Csv.lean","0","L0;","L0;","elaborated and checked by the Lean kernel","L1;S30;obj.Kant.Codec.rowsText.eq_def","L1;S32;claim.Kant.Codec.rowsText.eq_def","L0;","O4;4;kindS12;lean4-kernel6;digestS64;909523e8728b579dd05957ecbf1d4bfe7957d74ab2f36f074167b694fbbccee08;locationS34;RequestProject/Kant/Codec/Csv.lean8;evidenceS15;MACHINE_CHECKED","RequestProject","O7;13;source_systemS5;lean411;source_fileS34;RequestProject/Kant/Codec/Csv.lean13;source_formatS4;text11;imported_atI+0;14;transformed_atI+0;15;transformationsL0;13;parent_objectS0;","6505ed12e3d82caa62cd41728b2dbe7d04c932de174044446d94e32679c0fa17"
"proof.Kant.SiteCard.parseEntry_line","Kant.SiteCard.parseEntry_line","lean4","VALID","RequestProject/Kant/SiteCard.lean","222","L0;","L0;","elaborated and checked by the Lean kernel","L1;S33;obj.Kant.SiteCard.parseEntry_line","L1;S35;claim.Kant.SiteCard.parseEntry_line","L0;","O4;4;kindS12;lean4-kernel6;digestS64;e8e31b52c24c5d2b670caae33119587854c2c0deea01a605b9c0afe043d3f84a8;locationS33;RequestProject/Kant/SiteCard.lean8;evidenceS15;MACHINE_CHECKED","RequestProject","O7;13;source_systemS5;lean411;source_fileS33;RequestProject/Kant/SiteCard.lean13;source_formatS4;text11;imported_atI+0;14;transformed_atI+222;15;transformationsL0;13;parent_objectS0;","c1d1c07bc7c6a4c738a7717489ec3ec4f9dbdd13fa044ecd552da637494e58ca"
"proof.Kant.Cli.Loaded.bag.sizeOf_spec","Kant.Cli.Loaded.bag.sizeOf_spec","lean4","VALID","RequestProject/Kant/Cli.lean","0","L0;","L0;","elaborated and checked by the Lean kernel","L1;S35;obj.Kant.Cli.Loaded.bag.sizeOf_spec","L1;S37;claim.Kant.Cli.Loaded.bag.sizeOf_spec","L0;","O4;4;kindS12;lean4-kernel6;digestS64;2544daf9fc162861e58f5b21089c147a43c10dde84dbba93915cc6172c0844a48;locationS28;RequestProject/Kant/Cli.lean8;evidenceS15;MACHINE_CHECKED","RequestProject","O7;13;source_systemS5;lean411;source_fileS28;RequestProject/Kant/Cli.lean13;source_formatS4;text11;imported_atI+0;14;transformed_atI+0;15;transformationsL0;13;parent_objectS0;","788ff397768dcff8b13485935faa486b73474b5c52f4085e8c4c3ae0b07758d1"
"proof.Kant.Wasm.Expr.var.inj","Kant.Wasm.Expr.var.inj","lean4","VALID","RequestProject/Wasm/Syntax.lean","0","L0;","L0;","elaborated and checked by the Lean kernel","L1;S26;obj.Kant.Wasm.Expr.var.inj","L1;S28;claim.Kant.Wasm.Expr.var.inj","L0;","O4;4;kindS12;lean4-kernel6;digestS64;7591f55ad5c41fc824aca817048e37d302e593d2626a1fca1555849d1127884d8;locationS31;RequestProject/Wasm/Syntax.lean8;evidenceS15;MACHINE_CHECKED","RequestProject","O7;13;source_systemS5;lean411;source_fileS31;RequestProject/Wasm/Syntax.lean13;source_formatS4;text11;imported_atI+0;14;transformed_atI+0;15;transformationsL0;13;parent_objectS0;","5615137282a7cf8684627c326ec1bb290fd36a75ede810c082b0cb9fbc32a363"
"proof.Kant.Feed.replies_sublist","Kant.Feed.replies_sublist","lean4","VALID","RequestProject/Kant/Feed.lean","241","L0;","L0;","elaborated and checked by the Lean kernel","L1;S29;obj.Kant.Feed.replies_sublist","L1;S31;claim.Kant.Feed.replies_sublist","L0;","O4;4;kindS12;lean4-kernel6;digestS64;63bdcc7b597713e6400c1002c30417c572ef67f7b31a74f02e6d94e0c957c7078;locationS29;RequestProject/Kant/Feed.lean8;evidenceS15;MACHINE_CHECKED","RequestProject","O7;13;source_systemS5;lean411;source_fileS29;RequestProject/Kant/Feed.lean13;source_formatS4;text11;imported_atI+0;14;transformed_atI+241;15;transformationsL0;13;parent_objectS0;","13529f461b85583913ee3852e32eb256c7e711c1e7184473e662af762c543790"
"proof.Kant.Diagnostics.parseEvent_printEvent","Kant.Diagnostics.parseEvent_printEvent","lean4","VALID","RequestProject/Kant/Diagnostics.lean","196","L0;","L0;","elaborated and checked by the Lean kernel","L1;S42;obj.Kant.Diagnostics.parseEvent_printEvent","L1;S44;claim.Kant.Diagnostics.parseEvent_printEvent","L0;","O4;4;kindS12;lean4-kernel6;digestS64;3725c365f94edb136bc0189d12e656f014003dc596b6f7f5d8e9dd85619c674a8;locationS36;RequestProject/Kant/Diagnostics.lean8;evidenceS15;MACHINE_CHECKED","RequestProject","O7;13;source_systemS5;lean411;source_fileS36;RequestProject/Kant/Diagnostics.lean13;source_formatS4;text11;imported_atI+0;14;transformed_atI+196;15;transformationsL0;13;parent_objectS0;","1ba1faabe5131700b38b2b6cad999b53f5c2cf0268a749e66632329e64d1b4b9"
"proof.Kant.Stego.extractBlob_embedBlob","Kant.Stego.extractBlob_embedBlob","lean4","VALID","RequestProject/Kant/Stego.lean","171","L1;S23;obj.Kant.Stego.byteBits","L0;","elaborated and checked by the Lean kernel","L1;S36;obj.Kant.Stego.extractBlob_embedBlob","L1;S38;claim.Kant.Stego.extractBlob_embedBlob","L1;S25;proof.Kant.Stego.byteBits","O4;4;kindS12;lean4-kernel6;digestS64;91500ae4427abb7b926c3427b4b7cb3cd492cdb885583a755d08641d06eb6e768;locationS30;RequestProject/Kant/Stego.lean8;evidenceS15;MACHINE_CHECKED","RequestProject","O7;13;source_systemS5;lean411;source_fileS30;RequestProject/Kant/Stego.lean13;source_formatS4;text11;imported_atI+0;14;transformed_atI+171;15;transformationsL0;13;parent_objectS0;","b2f1ac5121806964e4325e054e911937322deb6e0d98f5ca68f292166163719d"
"proof.Kant.CardDebug.Pairing.sameCode.sizeOf_spec","Kant.CardDebug.Pairing.sameCode.sizeOf_spec","lean4","VALID","RequestProject/Kant/CardDebug.lean","0","L0;","L0;","elaborated and checked by the Lean kernel","L1;S47;obj.Kant.CardDebug.Pairing.sameCode.sizeOf_spec","L1;S49;claim.Kant.CardDebug.Pairing.sameCode.sizeOf_spec","L0;","O4;4;kindS12;lean4-kernel6;digestS64;e8df8d92d29ff12b6c82518fab18c5a853f5008ec1b419f1c626a076b725986e8;locationS34;RequestProject/Kant/CardDebug.lean8;evidenceS15;MACHINE_CHECKED","RequestProject","O7;13;source_systemS5;lean411;source_fileS34;RequestProject/Kant/CardDebug.lean13;source_formatS4;text11;imported_atI+0;14;transformed_atI+0;15;transformationsL0;13;parent_objectS0;","0ec6a0316f122cab7f15c272fd1db4f8a2521cb37262a4112b5625b9114567de"
"proof.Kant.Sheaf.Encoding.ofNat_ctorIdx","Kant.Sheaf.Encoding.ofNat_ctorIdx","lean4","VALID","RequestProject/Kant/Sheaf.lean","0","L1;S31;obj.Kant.Sheaf.Encoding.ctorIdx","L0;","elaborated and checked by the Lean kernel","L1;S37;obj.Kant.Sheaf.Encoding.ofNat_ctorIdx","L1;S39;claim.Kant.Sheaf.Encoding.ofNat_ctorIdx","L1;S33;proof.Kant.Sheaf.Encoding.ctorIdx","O4;4;kindS12;lean4-kernel6;digestS64;980e7028523279b23c0a2dc765fb1c19106debbaa5cad19c552df8b4d69a7d2b8;locationS30;RequestProject/Kant/Sheaf.lean8;evidenceS15;MACHINE_CHECKED","RequestProject","O7;13;source_systemS5;lean411;source_fileS30;RequestProject/Kant/Sheaf.lean13;source_formatS4;text11;imported_atI+0;14;transformed_atI+0;15;transformationsL0;13;parent_objectS0;","f62272d78365c4b6247ac58307a551292b1a4fa9d537ab90cc802cd7a711a503"
"proof.Kant.Dom.LedgerRow.mk.sizeOf_spec","Kant.Dom.LedgerRow.mk.sizeOf_spec","lean4","VALID","RequestProject/Kant/Domain/Ledger.lean","0","L0;","L0;","elaborated and checked by the Lean kernel","L1;S37;obj.Kant.Dom.LedgerRow.mk.sizeOf_spec","L1;S39;claim.Kant.Dom.LedgerRow.mk.sizeOf_spec","L0;","O4;4;kindS12;lean4-kernel6;digestS64;932bd03ad32d3c667f692a436f7ffaf51072274454c9e710e9e5fc4d790165e78;locationS38;RequestProject/Kant/Domain/Ledger.lean8;evidenceS15;MACHINE_CHECKED","RequestProject","O7;13;source_systemS5;lean411;source_fileS38;RequestProject/Kant/Domain/Ledger.lean13;source_formatS4;text11;imported_atI+0;14;transformed_atI+0;15;transformationsL0;13;parent_objectS0;","e7379e5cbfa5016e61cf0743012caf41edf4232efae5c348fa6b9f023c9f0b1b"
"proof.Kant.Dom.ledger_proven_sound","Kant.Dom.ledger_proven_sound","lean4","VALID","RequestProject/Kant/Domain/Ledger.lean","191","L4;S22;obj.Kant.Dom.ledgerRowS21;obj.Kant.Dom.proofsOfS22;obj.Kant.Dom.DomObj.idS20;obj.Kant.Dom.firstOr","L0;","elaborated and checked by the Lean kernel","L1;S32;obj.Kant.Dom.ledger_proven_sound","L1;S34;claim.Kant.Dom.ledger_proven_sound","L4;S24;proof.Kant.Dom.ledgerRowS23;proof.Kant.Dom.proofsOfS24;proof.Kant.Dom.DomObj.idS22;proof.Kant.Dom.firstOr","O4;4;kindS12;lean4-kernel6;digestS64;12c6bab2f6ed7d93230975bdb24839b09d314dc41897698d9334f0c35fc585328;locationS38;RequestProject/Kant/Domain/Ledger.lean8;evidenceS15;MACHINE_CHECKED","RequestProject","O7;13;source_systemS5;lean411;source_fileS38;RequestProject/Kant/Domain/Ledger.lean13;source_formatS4;text11;imported_atI+0;14;transformed_atI+191;15;transformationsL0;13;parent_objectS0;","a181fed3119183003d02a0c917ab84537789ea7a419feea66f64666789815579"
"proof.Kant.Cli.reqOfArgv.eq_2","Kant.Cli.reqOfArgv.eq_2","lean4","VALID","RequestProject/Kant/Cli.lean","0","L0;","L0;","elaborated and checked by the Lean kernel","L1;S27;obj.Kant.Cli.reqOfArgv.eq_2","L1;S29;claim.Kant.Cli.reqOfArgv.eq_2","L0;","O4;4;kindS12;lean4-kernel6;digestS64;a4a2f8abe5a4064679d3e17383bf371d482136114ac34dd0c80bfd293a100c6f8;locationS28;RequestProject/Kant/Cli.lean8;evidenceS15;MACHINE_CHECKED","RequestProject","O7;13;source_systemS5;lean411;source_fileS28;RequestProject/Kant/Cli.lean13;source_formatS4;text11;imported_atI+0;14;transformed_atI+0;15;transformationsL0;13;parent_objectS0;","f260dee51c74f6ef06d4733470ad3d7c13e1649a3ab56555ceaadfd29ad9a962"
"proof.Kant.Connectivity.Verdict.noTransport.sizeOf_spec","Kant.Connectivity.Verdict.noTransport.sizeOf_spec","lean4","VALID","RequestProject/Kant/Connectivity.lean","0","L0;","L0;","elaborated and checked by the Lean kernel","L1;S53;obj.Kant.Connectivity.Verdict.noTransport.sizeOf_spec","L1;S55;claim.Kant.Connectivity.Verdict.noTransport.sizeOf_spec","L0;","O4;4;kindS12;lean4-kernel6;digestS64;922f478e83296064c3acf0725ee23ed7e976890ed786b70adcbd8c3b15ef6afd8;locationS37;RequestProject/Kant/Connectivity.lean8;evidenceS15;MACHINE_CHECKED","RequestProject","O7;13;source_systemS5;lean411;source_fileS37;RequestProject/Kant/Connectivity.lean13;source_formatS4;text11;imported_atI+0;14;transformed_atI+0;15;transformationsL0;13;parent_objectS0;","9532e199d544dfbae56938ffdd38ad7d83fffb7d4efa9d741033eb2d41806137"
"proof.Kant.Handoff.serverless_all","Kant.Handoff.serverless_all","lean4","VALID","RequestProject/Kant/Handoff.lean","71","L0;","L0;","elaborated and checked by the Lean kernel","L1;S31;obj.Kant.Handoff.serverless_all","L1;S33;claim.Kant.Handoff.serverless_all","L0;","O4;4;kindS12;lean4-kernel6;digestS64;dfc2aad09a73e939aa9da89ab0907d0a9dfb4c5709e923bbdb78a121bac0b4548;locationS32;RequestProject/Kant/Handoff.lean8;evidenceS15;MACHINE_CHECKED","RequestProject","O7;13;source_systemS5;lean411;source_fileS32;RequestProject/Kant/Handoff.lean13;source_formatS4;text11;imported_atI+0;14;transformed_atI+71;15;transformationsL0;13;parent_objectS0;","e45cddac0078f0bd74eb4804260b394aca298373f47a9e97869c6d3f1fd8e624"
"proof.Kant.Wasm.Expr.wfb.eq_7","Kant.Wasm.Expr.wfb.eq_7","lean4","VALID","RequestProject/Wasm/Syntax.lean","0","L1;S19;obj.Kant.Wasm.CmpOp","L0;","elaborated and checked by the Lean kernel","L1;S27;obj.Kant.Wasm.Expr.wfb.eq_7","L1;S29;claim.Kant.Wasm.Expr.wfb.eq_7","L1;S21;proof.Kant.Wasm.CmpOp","O4;4;kindS12;lean4-kernel6;digestS64;f1b83d766d4eff8b702b5ec156ed0b4c3b734a809f1d38399a3b0bd0f568efd28;locationS31;RequestProject/Wasm/Syntax.lean8;evidenceS15;MACHINE_CHECKED","RequestProject","O7;13;source_systemS5;lean411;source_fileS31;RequestProject/Wasm/Syntax.lean13;source_formatS4;text11;imported_atI+0;14;transformed_atI+0;15;transformationsL0;13;parent_objectS0;","d1ae227a112d0610103d671248bfc633db576816fcc225167b5b05d9290540b9"
"proof.Kant.Sheaf.EigenSpace.earth.sizeOf_spec","Kant.Sheaf.EigenSpace.earth.sizeOf_spec","lean4","VALID","RequestProject/Kant/Sheaf.lean","0","L0;","L0;","elaborated and checked by the Lean kernel","L1;S43;obj.Kant.Sheaf.EigenSpace.earth.sizeOf_spec","L1;S45;claim.Kant.Sheaf.EigenSpace.earth.sizeOf_spec","L0;","O4;4;kindS12;lean4-kernel6;digestS64;0ad382a65a304364ab7eb660b157dd3728d3077ab1cf138ae7dd44e069baf8dd8;locationS30;RequestProject/Kant/Sheaf.lean8;evidenceS15;MACHINE_CHECKED","RequestProject","O7;13;source_systemS5;lean411;source_fileS30;RequestProject/Kant/Sheaf.lean13;source_formatS4;text11;imported_atI+0;14;transformed_atI+0;15;transformationsL0;13;parent_objectS0;","56934b9f265c92b593409505b02a95424591650421ffc2cfb6bf320636a1925c"
"proof.Kant.Codec.Extract.mk.sizeOf_spec","Kant.Codec.Extract.mk.sizeOf_spec","lean4","VALID","RequestProject/Kant/Codec/RawText.lean","0","L0;","L0;","elaborated and checked by the Lean kernel","L1;S37;obj.Kant.Codec.Extract.mk.sizeOf_spec","L1;S39;claim.Kant.Codec.Extract.mk.sizeOf_spec","L0;","O4;4;kindS12;lean4-kernel6;digestS64;f6f87a95d69dd2ee75aa870ade9f209d16c92333593c1af02398de2b0e27ab478;locationS38;RequestProject/Kant/Codec/RawText.lean8;evidenceS15;MACHINE_CHECKED","RequestProject","O7;13;source_systemS5;lean411;source_fileS38;RequestProject/Kant/Codec/RawText.lean13;source_formatS4;text11;imported_atI+0;14;transformed_atI+0;15;transformationsL0;13;parent_objectS0;","25a57ea8b4becdd10decf01697092ebe07a4962ef63e32abfcf731fffcd3d018"
"proof.Kant.Codec.yamlEncFields_length_cons","Kant.Codec.yamlEncFields_length_cons","lean4","VALID","RequestProject/Kant/Codec/Yaml.lean","315","L0;","L0;","elaborated and checked by the Lean kernel","L1;S40;obj.Kant.Codec.yamlEncFields_length_cons","L1;S42;claim.Kant.Codec.yamlEncFields_length_cons","L0;","O4;4;kindS12;lean4-kernel6;digestS64;758ecb661ee156bdfb07fe481cd48f9657f310eca5a9f42f5e3046daf4f180408;locationS35;RequestProject/Kant/Codec/Yaml.lean8;evidenceS15;MACHINE_CHECKED","RequestProject","O7;13;source_systemS5;lean411;source_fileS35;RequestProject/Kant/Codec/Yaml.lean13;source_formatS4;text11;imported_atI+0;14;transformed_atI+315;15;transformationsL0;13;parent_objectS0;","e808bfd1210c461f1f736bf6d13e1c1cfc0382155b0e4865a62fc78eff432d62"
"proof.Kant.Wasm.Instr.i64const.injEq","Kant.Wasm.Instr.i64const.injEq","lean4","VALID","RequestProject/Wasm/Syntax.lean","0","L0;","L0;","elaborated and checked by the Lean kernel","L1;S34;obj.Kant.Wasm.Instr.i64const.injEq","L1;S36;claim.Kant.Wasm.Instr.i64const.injEq","L0;","O4;4;kindS12;lean4-kernel6;digestS64;596b97ddfe9936a79c5beebc20653a3041b6ac14061f95fd56a6fbac689e427e8;locationS31;RequestProject/Wasm/Syntax.lean8;evidenceS15;MACHINE_CHECKED","RequestProject","O7;13;source_systemS5;lean411;source_fileS31;RequestProject/Wasm/Syntax.lean13;source_formatS4;text11;imported_atI+0;14;transformed_atI+0;15;transformationsL0;13;parent_objectS0;","259b7a00bd721ec1f4f8334700e7e3deafb5c2fb5e88893b95c95993ac3e4bd8"
"proof.Kant.Uucp.mem_receive_printMsg","Kant.Uucp.mem_receive_printMsg","lean4","VALID","RequestProject/Kant/Uucp.lean","663","L1;S23;obj.Kant.Relay.Msg.Wire","L0;","elaborated and checked by the Lean kernel","L1;S34;obj.Kant.Uucp.mem_receive_printMsg","L1;S36;claim.Kant.Uucp.mem_receive_printMsg","L1;S25;proof.Kant.Relay.Msg.Wire","O4;4;kindS12;lean4-kernel6;digestS64;43fa21e7e20c924bf486c7fa02ee22dc69ad68b86eed86e144e0203bc6b5e6ea8;locationS29;RequestProject/Kant/Uucp.lean8;evidenceS15;MACHINE_CHECKED","RequestProject","O7;13;source_systemS5;lean411;source_fileS29;RequestProject/Kant/Uucp.lean13;source_formatS4;text11;imported_atI+0;14;transformed_atI+663;15;transformationsL0;13;parent_objectS0;","15d32c5f00e3db25c37c269fb8cb8102ecfa2a4d18f26c9fa702f1d0cfe3e97c"
"proof.Kant.Onboarding.Screen.chat.sizeOf_spec","Kant.Onboarding.Screen.chat.sizeOf_spec","lean4","VALID","RequestProject/Kant/Onboarding.lean","0","L0;","L0;","elaborated and checked by the Lean kernel","L1;S43;obj.Kant.Onboarding.Screen.chat.sizeOf_spec","L1;S45;claim.Kant.Onboarding.Screen.chat.sizeOf_spec","L0;","O4;4;kindS12;lean4-kernel6;digestS64;7f99fd4017d6ea9b4adfc9d2c936077813625838d92df3e14c5f0857058a683e8;locationS35;RequestProject/Kant/Onboarding.lean8;evidenceS15;MACHINE_CHECKED","RequestProject","O7;13;source_systemS5;lean411;source_fileS35;RequestProject/Kant/Onboarding.lean13;source_formatS4;text11;imported_atI+0;14;transformed_atI+0;15;transformationsL0;13;parent_objectS0;","54994075382020b1342604577db6abee3e6161e4e9991d6bc3c5ea4d45062e28"
"proof.Kant.Rendezvous.Roster.mem_merge_iff","Kant.Rendezvous.Roster.mem_merge_iff","lean4","VALID","RequestProject/Kant/Rendezvous.lean","210","L0;","L0;","elaborated and checked by the Lean kernel","L1;S40;obj.Kant.Rendezvous.Roster.mem_merge_iff","L1;S42;claim.Kant.Rendezvous.Roster.mem_merge_iff","L0;","O4;4;kindS12;lean4-kernel6;digestS64;0a6e555da78a97fe8194175ed22fea359ac0a169a193376038af1ae854c50ddf8;locationS35;RequestProject/Kant/Rendezvous.lean8;evidenceS15;MACHINE_CHECKED","RequestProject","O7;13;source_systemS5;lean411;source_fileS35;RequestProject/Kant/Rendezvous.lean13;source_formatS4;text11;imported_atI+0;14;transformed_atI+210;15;transformationsL0;13;parent_objectS0;","1a27547af7ebb084f4de84fce469cac765999b6eee77b44a7f2b849f2e36ed0d"
"proof.Kant.Codec.Fmt.canonical.sizeOf_spec","Kant.Codec.Fmt.canonical.sizeOf_spec","lean4","VALID","RequestProject/Kant/Codec/Model.lean","0","L0;","L0;","elaborated and checked by the Lean kernel","L1;S40;obj.Kant.Codec.Fmt.canonical.sizeOf_spec","L1;S42;claim.Kant.Codec.Fmt.canonical.sizeOf_spec","L0;","O4;4;kindS12;lean4-kernel6;digestS64;7ebecb952102aad794e6518ae5429e844e644f125e50987db867fed481ff692a8;locationS36;RequestProject/Kant/Codec/Model.lean8;evidenceS15;MACHINE_CHECKED","RequestProject","O7;13;source_systemS5;lean411;source_fileS36;RequestProject/Kant/Codec/Model.lean13;source_formatS4;text11;imported_atI+0;14;transformed_atI+0;15;transformationsL0;13;parent_objectS0;","e694799d77706b42f7e20aab11a63215c30a47a22cb0821ce3f90eb7e44e3e6f"
"proof.Kant.Sneakernet.frames_payload","Kant.Sneakernet.frames_payload","lean4","VALID","RequestProject/Kant/Sneakernet.lean","147","L0;","L0;","elaborated and checked by the Lean kernel","L1;S34;obj.Kant.Sneakernet.frames_payload","L1;S36;claim.Kant.Sneakernet.frames_payload","L0;","O4;4;kindS12;lean4-kernel6;digestS64;b91071de38c97be3c330ef134c7160a442cb18fac0d712c1d242bd38ad4bb47a8;locationS35;RequestProject/Kant/Sneakernet.lean8;evidenceS15;MACHINE_CHECKED","RequestProject","O7;13;source_systemS5;lean411;source_fileS35;RequestProject/Kant/Sneakernet.lean13;source_formatS4;text11;imported_atI+0;14;transformed_atI+147;15;transformationsL0;13;parent_objectS0;","094eb8084f625b78dc6bcdf2a32b01bb2abae8fd1740c2be64815d1c1c83f781"
"proof.Kant.SiteCard.Card.mk.inj","Kant.SiteCard.Card.mk.inj","lean4","VALID","RequestProject/Kant/SiteCard.lean","0","L1;S22;obj.Kant.SiteCard.Card","L0;","elaborated and checked by the Lean kernel","L1;S29;obj.Kant.SiteCard.Card.mk.inj","L1;S31;claim.Kant.SiteCard.Card.mk.inj","L1;S24;proof.Kant.SiteCard.Card","O4;4;kindS12;lean4-kernel6;digestS64;a86d19a99721d8e3fc96aa140ac66640e5338ad6fb1b74fd0fea6982174583a28;locationS33;RequestProject/Kant/SiteCard.lean8;evidenceS15;MACHINE_CHECKED","RequestProject","O7;13;source_systemS5;lean411;source_fileS33;RequestProject/Kant/SiteCard.lean13;source_formatS4;text11;imported_atI+0;14;transformed_atI+0;15;transformationsL0;13;parent_objectS0;","ea645967b301b7314bfb39d0fc5836cecbee4a45b2a477eb09d94ef1222a1008"
"proof.Kant.Codec.Prov.mk.inj","Kant.Codec.Prov.mk.inj","lean4","VALID","RequestProject/Kant/Codec/Model.lean","0","L0;","L0;","elaborated and checked by the Lean kernel","L1;S26;obj.Kant.Codec.Prov.mk.inj","L1;S28;claim.Kant.Codec.Prov.mk.inj","L0;","O4;4;kindS12;lean4-kernel6;digestS64;cde4523b8447ef8f62db769c4c1074ec40e21af4d8209ec1ae75edcc26a1fdf68;locationS36;RequestProject/Kant/Codec/Model.lean8;evidenceS15;MACHINE_CHECKED","RequestProject","O7;13;source_systemS5;lean411;source_fileS36;RequestProject/Kant/Codec/Model.lean13;source_formatS4;text11;imported_atI+0;14;transformed_atI+0;15;transformationsL0;13;parent_objectS0;","a8217d8f284f8eb4346c2cf1c007fd2771ad1ac50ca4b51a842980673ff1670d"
"proof.Kant.Codec.Err.mk.inj","Kant.Codec.Err.mk.inj","lean4","VALID","RequestProject/Kant/Codec/Model.lean","0","L0;","L0;","elaborated and checked by the Lean kernel","L1;S25;obj.Kant.Codec.Err.mk.inj","L1;S27;claim.Kant.Codec.Err.mk.inj","L0;","O4;4;kindS12;lean4-kernel6;digestS64;32dd59ebf351dc078dc9b07973f2aef44596f0b1aee2c631c0e314ca422abc568;locationS36;RequestProject/Kant/Codec/Model.lean8;evidenceS15;MACHINE_CHECKED","RequestProject","O7;13;source_systemS5;lean411;source_fileS36;RequestProject/Kant/Codec/Model.lean13;source_formatS4;text11;imported_atI+0;14;transformed_atI+0;15;transformationsL0;13;parent_objectS0;","e46a2dc47c71aeab320292dee8b74b78f5f81748cdaefe5109813aa6df18349e"
"proof.Kant.InviteCard.inviteCard_icon_area_bound","Kant.InviteCard.inviteCard_icon_area_bound","lean4","VALID","RequestProject/Kant/InviteCard.lean","207","L0;","L0;","elaborated and checked by the Lean kernel","L1;S46;obj.Kant.InviteCard.inviteCard_icon_area_bound","L1;S48;claim.Kant.InviteCard.inviteCard_icon_area_bound","L0;","O4;4;kindS12;lean4-kernel6;digestS64;ed04fcfa3f972e57b6d35595c9720638778c04aa10a8ba35ff36efe7e9488c4e8;locationS35;RequestProject/Kant/InviteCard.lean8;evidenceS15;MACHINE_CHECKED","RequestProject","O7;13;source_systemS5;lean411;source_fileS35;RequestProject/Kant/InviteCard.lean13;source_formatS4;text11;imported_atI+0;14;transformed_atI+207;15;transformationsL0;13;parent_objectS0;","ddab22c5850c904afaf89932da808b6d275ccf876a15c9041f7f7316d9ae9e27"
"proof.Kant.Diagnostics.Level.info.sizeOf_spec","Kant.Diagnostics.Level.info.sizeOf_spec","lean4","VALID","RequestProject/Kant/Diagnostics.lean","0","L0;","L0;","elaborated and checked by the Lean kernel","L1;S43;obj.Kant.Diagnostics.Level.info.sizeOf_spec","L1;S45;claim.Kant.Diagnostics.Level.info.sizeOf_spec","L0;","O4;4;kindS12;lean4-kernel6;digestS64;ed2146e66c253f2b4c273753274be6e8d1a0869e24b4597188987c1c41ededae8;locationS36;RequestProject/Kant/Diagnostics.lean8;evidenceS15;MACHINE_CHECKED","RequestProject","O7;13;source_systemS5;lean411;source_fileS36;RequestProject/Kant/Diagnostics.lean13;source_formatS4;text11;imported_atI+0;14;transformed_atI+0;15;transformationsL0;13;parent_objectS0;","0505f38dc10c759c7b81bc12574f132f5926e76c2a649cc23bb40877b765d1d5"
"proof.Kant.Diagnostics.ref.eq_1","Kant.Diagnostics.ref.eq_1","lean4","VALID","RequestProject/Kant/Diagnostics.lean","0","L0;","L0;","elaborated and checked by the Lean kernel","L1;S29;obj.Kant.Diagnostics.ref.eq_1","L1;S31;claim.Kant.Diagnostics.ref.eq_1","L0;","O4;4;kindS12;lean4-kernel6;digestS64;42540698dec41975ff54d8d44e29eff6b1c1232f582126c763e8c18d30a4c0808;locationS36;RequestProject/Kant/Diagnostics.lean8;evidenceS15;MACHINE_CHECKED","RequestProject","O7;13;source_systemS5;lean411;source_fileS36;RequestProject/Kant/Diagnostics.lean13;source_formatS4;text11;imported_atI+0;14;transformed_atI+0;15;transformationsL0;13;parent_objectS0;","45d54d99da8b88ad681081e90204261af63dd09da7000247abf84c4ccf543e34"
"proof.Kant.Codec.Val.brecOn.eq","Kant.Codec.Val.brecOn.eq","lean4","VALID","RequestProject/Kant/Codec/Val.lean","0","L1;S26;obj.Kant.Codec.Val.casesOn","L0;","elaborated and checked by the Lean kernel","L1;S28;obj.Kant.Codec.Val.brecOn.eq","L1;S30;claim.Kant.Codec.Val.brecOn.eq","L1;S28;proof.Kant.Codec.Val.casesOn","O4;4;kindS12;lean4-kernel6;digestS64;db3bbe9e8c6f6ce8cc0697c975802bb78708f3c8eeb8e25ee9e8ed55d0be49858;locationS34;RequestProject/Kant/Codec/Val.lean8;evidenceS15;MACHINE_CHECKED","RequestProject","O7;13;source_systemS5;lean411;source_fileS34;RequestProject/Kant/Codec/Val.lean13;source_formatS4;text11;imported_atI+0;14;transformed_atI+0;15;transformationsL0;13;parent_objectS0;","820aa516aa883666b1fce7496cbc79996d5dabed2c929f8098af5a4489033bb3"
"proof.Kant.SiteCard.pasteUrl_address","Kant.SiteCard.pasteUrl_address","lean4","VALID","RequestProject/Kant/SiteCard.lean","333","L0;","L0;","elaborated and checked by the Lean kernel","L1;S34;obj.Kant.SiteCard.pasteUrl_address","L1;S36;claim.Kant.SiteCard.pasteUrl_address","L0;","O4;4;kindS12;lean4-kernel6;digestS64;47b0d7fd7e1dd9f7c80139a5e4dc918823dcdb13b4d8a5e939721b41f76f89fa8;locationS33;RequestProject/Kant/SiteCard.lean8;evidenceS15;MACHINE_CHECKED","RequestProject","O7;13;source_systemS5;lean411;source_fileS33;RequestProject/Kant/SiteCard.lean13;source_formatS4;text11;imported_atI+0;14;transformed_atI+333;15;transformationsL0;13;parent_objectS0;","efa7c5c3fb955ae76e1527f044ac04c4a7ac7384a3aa5b2d743e08115f7c7d0a"
"proof.Kant.Dom.evidence_levels_distinct","Kant.Dom.evidence_levels_distinct","lean4","VALID","RequestProject/Kant/Domain/Model.lean","156","L0;","L0;","elaborated and checked by the Lean kernel","L1;S37;obj.Kant.Dom.evidence_levels_distinct","L1;S39;claim.Kant.Dom.evidence_levels_distinct","L0;","O4;4;kindS12;lean4-kernel6;digestS64;cee2cfaf88b2de3df4becb97369072da5b886762045bb1372a9c0410f133c0d48;locationS37;RequestProject/Kant/Domain/Model.lean8;evidenceS15;MACHINE_CHECKED","RequestProject","O7;13;source_systemS5;lean411;source_fileS37;RequestProject/Kant/Domain/Model.lean13;source_formatS4;text11;imported_atI+0;14;transformed_atI+156;15;transformationsL0;13;parent_objectS0;","49f443ac7da550ac99c5f8775b5d1c2f9e248060be337972490d8ee838a5cc75"
"proof.Kant.Codec.RawDoc.mk.inj","Kant.Codec.RawDoc.mk.inj","lean4","VALID","RequestProject/Kant/Codec/RawText.lean","0","L0;","L0;","elaborated and checked by the Lean kernel","L1;S28;obj.Kant.Codec.RawDoc.mk.inj","L1;S30;claim.Kant.Codec.RawDoc.mk.inj","L0;","O4;4;kindS12;lean4-kernel6;digestS64;eb67b78e2e10b00af1e0cae6dd4f8025ea2c36263cf713d0b2afdfbca1090b538;locationS38;RequestProject/Kant/Codec/RawText.lean8;evidenceS15;MACHINE_CHECKED","RequestProject","O7;13;source_systemS5;lean411;source_fileS38;RequestProject/Kant/Codec/RawText.lean13;source_formatS4;text11;imported_atI+0;14;transformed_atI+0;15;transformationsL0;13;parent_objectS0;","7cd16843e9ff4131408605b3a82c25bea39f1855860adccb5ea8778baca01f58"
"proof.Kant.CardDebug.Code.card.sizeOf_spec","Kant.CardDebug.Code.card.sizeOf_spec","lean4","VALID","RequestProject/Kant/CardDebug.lean","0","L1;S22;obj.Kant.SiteCard.Card","L0;","elaborated and checked by the Lean kernel","L1;S40;obj.Kant.CardDebug.Code.card.sizeOf_spec","L1;S42;claim.Kant.CardDebug.Code.card.sizeOf_spec","L1;S24;proof.Kant.SiteCard.Card","O4;4;kindS12;lean4-kernel6;digestS64;a0d3a4f445367603bc06bbca6500f91c2a3c274a51bd22d10ec848eed6511bb28;locationS34;RequestProject/Kant/CardDebug.lean8;evidenceS15;MACHINE_CHECKED","RequestProject","O7;13;source_systemS5;lean411;source_fileS34;RequestProject/Kant/CardDebug.lean13;source_formatS4;text11;imported_atI+0;14;transformed_atI+0;15;transformationsL0;13;parent_objectS0;","bd9ba322853a23369ff023568a7a1089cea13efa0f33c3d083df66e330988223"
"proof.Kant.Dom.findObj_of_mem","Kant.Dom.findObj_of_mem","lean4","VALID","RequestProject/Kant/Domain/Ledger.lean","326","L1;S22;obj.Kant.Dom.DomObj.id","L0;","elaborated and checked by the Lean kernel","L1;S27;obj.Kant.Dom.findObj_of_mem","L1;S29;claim.Kant.Dom.findObj_of_mem","L1;S24;proof.Kant.Dom.DomObj.id","O4;4;kindS12;lean4-kernel6;digestS64;06e055afb3d755d2f923fc17fbb99495ed6a63039f9cccac0d220f3d60d856cf8;locationS38;RequestProject/Kant/Domain/Ledger.lean8;evidenceS15;MACHINE_CHECKED","RequestProject","O7;13;source_systemS5;lean411;source_fileS38;RequestProject/Kant/Domain/Ledger.lean13;source_formatS4;text11;imported_atI+0;14;transformed_atI+326;15;transformationsL0;13;parent_objectS0;","057bef842ef11a54edf1347b9dfced277d48050b14b443ba287ca6bc91ffd90d"
"proof.Kant.Diagnostics.Event.mk.injEq","Kant.Diagnostics.Event.mk.injEq","lean4","VALID","RequestProject/Kant/Diagnostics.lean","0","L0;","L0;","elaborated and checked by the Lean kernel","L1;S35;obj.Kant.Diagnostics.Event.mk.injEq","L1;S37;claim.Kant.Diagnostics.Event.mk.injEq","L0;","O4;4;kindS12;lean4-kernel6;digestS64;9d17c0d8b4b3a8fc010aa7864a69a92b228965006b97d5b2df84b58e642405598;locationS36;RequestProject/Kant/Diagnostics.lean8;evidenceS15;MACHINE_CHECKED","RequestProject","O7;13;source_systemS5;lean411;source_fileS36;RequestProject/Kant/Diagnostics.lean13;source_formatS4;text11;imported_atI+0;14;transformed_atI+0;15;transformationsL0;13;parent_objectS0;","e7fd8487e0a09c41c09e09425d7626ae86e307d29e3bfbdbdba8d4a020d8efc8"
"proof.Kant.Uucp.Site.visitor_catches_up","Kant.Uucp.Site.visitor_catches_up","lean4","VALID","RequestProject/Kant/Uucp.lean","768","L2;S24;obj.Kant.Uucp.Node.spoolS21;obj.Kant.Uucp.handoff","L0;","elaborated and checked by the Lean kernel","L1;S37;obj.Kant.Uucp.Site.visitor_catches_up","L1;S39;claim.Kant.Uucp.Site.visitor_catches_up","L2;S26;proof.Kant.Uucp.Node.spoolS23;proof.Kant.Uucp.handoff","O4;4;kindS12;lean4-kernel6;digestS64;7db9157b81307f3750dd944fe669dda4b6e9f6c4ada3d315b38073a0f17804f28;locationS29;RequestProject/Kant/Uucp.lean8;evidenceS15;MACHINE_CHECKED","RequestProject","O7;13;source_systemS5;lean411;source_fileS29;RequestProject/Kant/Uucp.lean13;source_formatS4;text11;imported_atI+0;14;transformed_atI+768;15;transformationsL0;13;parent_objectS0;","37ccb6b9d5e5b78d576ac545eb8e2a8ab921b1b3f648e587427860faec96ff84"
"proof.Kant.Meme.magic_ascii","Kant.Meme.magic_ascii","lean4","VALID","RequestProject/Kant/Meme.lean","80","L0;","L0;","elaborated and checked by the Lean kernel","L1;S25;obj.Kant.Meme.magic_ascii","L1;S27;claim.Kant.Meme.magic_ascii","L0;","O4;4;kindS12;lean4-kernel6;digestS64;8dd7443f92e93c2e306f05396a5453f15cf44e662104d9287d104b805abf7aeb8;locationS29;RequestProject/Kant/Meme.lean8;evidenceS15;MACHINE_CHECKED","RequestProject","O7;13;source_systemS5;lean411;source_fileS29;RequestProject/Kant/Meme.lean13;source_formatS4;text11;imported_atI+0;14;transformed_atI+80;15;transformationsL0;13;parent_objectS0;","cfa9d87242e6b2ba1601564b75ed4c3d571a88ca54e761b47f03e4f1f8c9a0b7"
"proof.Kant.Dom.FormatReport.mk.inj","Kant.Dom.FormatReport.mk.inj","lean4","VALID","RequestProject/Kant/Domain/Emit.lean","0","L0;","L0;","elaborated and checked by the Lean kernel","L1;S32;obj.Kant.Dom.FormatReport.mk.inj","L1;S34;claim.Kant.Dom.FormatReport.mk.inj","L0;","O4;4;kindS12;lean4-kernel6;digestS64;68bd1d7abf1a55739368a60a630cb7b0cfe0b618c37a0845ebde73b05fb2eaea8;locationS36;RequestProject/Kant/Domain/Emit.lean8;evidenceS15;MACHINE_CHECKED","RequestProject","O7;13;source_systemS5;lean411;source_fileS36;RequestProject/Kant/Domain/Emit.lean13;source_formatS4;text11;imported_atI+0;14;transformed_atI+0;15;transformationsL0;13;parent_objectS0;","1feeb27cde920a32fa24be4ecc7b0ea51baea6fba38d754c00d89c9218dfd43f"
"proof.Kant.Cli.route_roomPath","Kant.Cli.route_roomPath","lean4","VALID","RequestProject/Kant/Cli.lean","269","L0;","L0;","elaborated and checked by the Lean kernel","L1;S27;obj.Kant.Cli.route_roomPath","L1;S29;claim.Kant.Cli.route_roomPath","L0;","O4;4;kindS12;lean4-kernel6;digestS64;cf82a47086d858bfb57b05fd6ab6a5ec2eea96a9596f2349fc08d4e74ad6393e8;locationS28;RequestProject/Kant/Cli.lean8;evidenceS15;MACHINE_CHECKED","RequestProject","O7;13;source_systemS5;lean411;source_fileS28;RequestProject/Kant/Cli.lean13;source_formatS4;text11;imported_atI+0;14;transformed_atI+269;15;transformationsL0;13;parent_objectS0;","76207885446e503944ae06a47d460126d7e79e11b31e2513d6b1a8f381b14480"
"proof.Kant.CodeMovie.Circuit.inp.sizeOf_spec","Kant.CodeMovie.Circuit.inp.sizeOf_spec","lean4","VALID","RequestProject/Kant/CodeMovie.lean","0","L0;","L0;","elaborated and checked by the Lean kernel","L1;S42;obj.Kant.CodeMovie.Circuit.inp.sizeOf_spec","L1;S44;claim.Kant.CodeMovie.Circuit.inp.sizeOf_spec","L0;","O4;4;kindS12;lean4-kernel6;digestS64;7c44c988d692d744501daf1c28fd96630057f56fb7e39ef20b39bc8d983368598;locationS34;RequestProject/Kant/CodeMovie.lean8;evidenceS15;MACHINE_CHECKED","RequestProject","O7;13;source_systemS5;lean411;source_fileS34;RequestProject/Kant/CodeMovie.lean13;source_formatS4;text11;imported_atI+0;14;transformed_atI+0;15;transformationsL0;13;parent_objectS0;","959905f2cc52dd41f4e6680bc99a6ceeb31734cc105ed99bdc19bad308bc78c8"
"proof.Kant.Store.put_comm_lookup","Kant.Store.put_comm_lookup","lean4","VALID","RequestProject/Kant/Paste.lean","169","L0;","L0;","elaborated and checked by the Lean kernel","L1;S30;obj.Kant.Store.put_comm_lookup","L1;S32;claim.Kant.Store.put_comm_lookup","L0;","O4;4;kindS12;lean4-kernel6;digestS64;62962d48485e4964b2c5d90f9970ed2374f10e905f4e9696594e4f1df138b8a58;locationS30;RequestProject/Kant/Paste.lean8;evidenceS15;MACHINE_CHECKED","RequestProject","O7;13;source_systemS5;lean411;source_fileS30;RequestProject/Kant/Paste.lean13;source_formatS4;text11;imported_atI+0;14;transformed_atI+169;15;transformationsL0;13;parent_objectS0;","0cf0be9b68c5da7c79cb8eb684e9a26f554357b015fa32a22e5c1c8d73355e95"
"proof.Kant.Codec.getNat.eq_1","Kant.Codec.getNat.eq_1","lean4","VALID","RequestProject/Kant/Codec/Model.lean","0","L0;","L0;","elaborated and checked by the Lean kernel","L1;S26;obj.Kant.Codec.getNat.eq_1","L1;S28;claim.Kant.Codec.getNat.eq_1","L0;","O4;4;kindS12;lean4-kernel6;digestS64;283cd23296b6fda269c87414d9b4a5e9a0128afb6dcdd7644c24bf7c8efc80b38;locationS36;RequestProject/Kant/Codec/Model.lean8;evidenceS15;MACHINE_CHECKED","RequestProject","O7;13;source_systemS5;lean411;source_fileS36;RequestProject/Kant/Codec/Model.lean13;source_formatS4;text11;imported_atI+0;14;transformed_atI+0;15;transformationsL0;13;parent_objectS0;","f31f766f59dfe3eb49513523e8ce74381ab82d46d9ee4e91afc172b35538d4de"
"proof.Kant.Sheaf.Encoding.morse.sizeOf_spec","Kant.Sheaf.Encoding.morse.sizeOf_spec","lean4","VALID","RequestProject/Kant/Sheaf.lean","0","L0;","L0;","elaborated and checked by the Lean kernel","L1;S41;obj.Kant.Sheaf.Encoding.morse.sizeOf_spec","L1;S43;claim.Kant.Sheaf.Encoding.morse.sizeOf_spec","L0;","O4;4;kindS12;lean4-kernel6;digestS64;edb159df97a3ec9cd620eb9135ee248f7b9528c19b60f6c237fc90c916f436358;locationS30;RequestProject/Kant/Sheaf.lean8;evidenceS15;MACHINE_CHECKED","RequestProject","O7;13;source_systemS5;lean411;source_fileS30;RequestProject/Kant/Sheaf.lean13;source_formatS4;text11;imported_atI+0;14;transformed_atI+0;15;transformationsL0;13;parent_objectS0;","063f2fcac465fbbcf766c645d7f8b98f393b48a3afe614e27a925a8fc974efb5"
"proof.Kant.Wasm.Decode.slebDec_shorter","Kant.Wasm.Decode.slebDec_shorter","lean4","VALID","RequestProject/Wasm/Decode.lean","271","L0;","L0;","elaborated and checked by the Lean kernel","L1;S36;obj.Kant.Wasm.Decode.slebDec_shorter","L1;S38;claim.Kant.Wasm.Decode.slebDec_shorter","L0;","O4;4;kindS12;lean4-kernel6;digestS64;752bef856dc857b7aa222016b885f334034a3a94b2b477a1935c6fa39e2de4e68;locationS31;RequestProject/Wasm/Decode.lean8;evidenceS15;MACHINE_CHECKED","RequestProject","O7;13;source_systemS5;lean411;source_fileS31;RequestProject/Wasm/Decode.lean13;source_formatS4;text11;imported_atI+0;14;transformed_atI+271;15;transformationsL0;13;parent_objectS0;","135408898a7175d03c970f8cfb8c895371f54f36daea2f9629393ae787626819"
"proof.Kant.Codec.Loss.partialLoss.sizeOf_spec","Kant.Codec.Loss.partialLoss.sizeOf_spec","lean4","VALID","RequestProject/Kant/Codec/Model.lean","0","L0;","L0;","elaborated and checked by the Lean kernel","L1;S43;obj.Kant.Codec.Loss.partialLoss.sizeOf_spec","L1;S45;claim.Kant.Codec.Loss.partialLoss.sizeOf_spec","L0;","O4;4;kindS12;lean4-kernel6;digestS64;b7de987879b81f50585bcbdb0c674ec3f622211be48caeb65f5df525ca2896a98;locationS36;RequestProject/Kant/Codec/Model.lean8;evidenceS15;MACHINE_CHECKED","RequestProject","O7;13;source_systemS5;lean411;source_fileS36;RequestProject/Kant/Codec/Model.lean13;source_formatS4;text11;imported_atI+0;14;transformed_atI+0;15;transformationsL0;13;parent_objectS0;","002227979905eb94ca9a99f85ecb9cc768e4dd6668711cba35d6418f0f45e96d"
"proof.Kant.Diagnostics.Area.probe.sizeOf_spec","Kant.Diagnostics.Area.probe.sizeOf_spec","lean4","VALID","RequestProject/Kant/Diagnostics.lean","0","L0;","L0;","elaborated and checked by the Lean kernel","L1;S43;obj.Kant.Diagnostics.Area.probe.sizeOf_spec","L1;S45;claim.Kant.Diagnostics.Area.probe.sizeOf_spec","L0;","O4;4;kindS12;lean4-kernel6;digestS64;2a46cbddd7d1cb345fbf0388d736bd27474d74e28664cadad412ee9ef1b3bd4d8;locationS36;RequestProject/Kant/Diagnostics.lean8;evidenceS15;MACHINE_CHECKED","RequestProject","O7;13;source_systemS5;lean411;source_fileS36;RequestProject/Kant/Diagnostics.lean13;source_formatS4;text11;imported_atI+0;14;transformed_atI+0;15;transformationsL0;13;parent_objectS0;","962307bb1ee51a3f7f4cd99780eea1cc0e04e96971c869e5057ee65bd5abc9f2"
"proof.Kant.Codec.diffList.eq_3","Kant.Codec.diffList.eq_3","lean4","VALID","RequestProject/Kant/Codec/Reconcile.lean","0","L0;","L0;","elaborated and checked by the Lean kernel","L1;S28;obj.Kant.Codec.diffList.eq_3","L1;S30;claim.Kant.Codec.diffList.eq_3","L0;","O4;4;kindS12;lean4-kernel6;digestS64;38d9d803fc206f3f204c7f1ac2d91698c4ccd2ccaa0b4ebd8355293fca25d1ce8;locationS40;RequestProject/Kant/Codec/Reconcile.lean8;evidenceS15;MACHINE_CHECKED","RequestProject","O7;13;source_systemS5;lean411;source_fileS40;RequestProject/Kant/Codec/Reconcile.lean13;source_formatS4;text11;imported_atI+0;14;transformed_atI+0;15;transformationsL0;13;parent_objectS0;","dd60c2dcac0bb9f27dda5d8d12061b859a66c30a98a9ec4c4c3472c34def3a5f"
"proof.Kant.Handoff.Move.copyOut.injEq","Kant.Handoff.Move.copyOut.injEq","lean4","VALID","RequestProject/Kant/Handoff.lean","0","L0;","L0;","elaborated and checked by the Lean kernel","L1;S35;obj.Kant.Handoff.Move.copyOut.injEq","L1;S37;claim.Kant.Handoff.Move.copyOut.injEq","L0;","O4;4;kindS12;lean4-kernel6;digestS64;164ec1664be524c038363f011c4c96cf5e058a1aee09fe360ba303b708374afd8;locationS32;RequestProject/Kant/Handoff.lean8;evidenceS15;MACHINE_CHECKED","RequestProject","O7;13;source_systemS5;lean411;source_fileS32;RequestProject/Kant/Handoff.lean13;source_formatS4;text11;imported_atI+0;14;transformed_atI+0;15;transformationsL0;13;parent_objectS0;","3e8a323678af8ebae840d280fe1c0fad9475b59c8fd030d4aee51dfa4d612547"
"proof.Kant.Join.findInvite_in_message","Kant.Join.findInvite_in_message","lean4","VALID","RequestProject/Kant/Join.lean","366","L1;S31;obj.Kant.Rendezvous.Invite.Wire","L0;","elaborated and checked by the Lean kernel","L1;S35;obj.Kant.Join.findInvite_in_message","L1;S37;claim.Kant.Join.findInvite_in_message","L1;S33;proof.Kant.Rendezvous.Invite.Wire","O4;4;kindS12;lean4-kernel6;digestS64;d41e6b0860dd9979af89e74b45fae182df599b3d6f6cb9774ff35ad55e7c85708;locationS29;RequestProject/Kant/Join.lean8;evidenceS15;MACHINE_CHECKED","RequestProject","O7;13;source_systemS5;lean411;source_fileS29;RequestProject/Kant/Join.lean13;source_formatS4;text11;imported_atI+0;14;transformed_atI+366;15;transformationsL0;13;parent_objectS0;","e2cb8326c63c19bd6b5980192997ddda05d78518840450b7c3be40c2df82dbd4"
"proof.Kant.Diagnostics.Log.add_cap","Kant.Diagnostics.Log.add_cap","lean4","VALID","RequestProject/Kant/Diagnostics.lean","226","L0;","L0;","elaborated and checked by the Lean kernel","L1;S32;obj.Kant.Diagnostics.Log.add_cap","L1;S34;claim.Kant.Diagnostics.Log.add_cap","L0;","O4;4;kindS12;lean4-kernel6;digestS64;60da4bd7c5742d58422b6ad4f2e7ca37047459af444f43c642ea7d6b30e8884d8;locationS36;RequestProject/Kant/Diagnostics.lean8;evidenceS15;MACHINE_CHECKED","RequestProject","O7;13;source_systemS5;lean411;source_fileS36;RequestProject/Kant/Diagnostics.lean13;source_formatS4;text11;imported_atI+0;14;transformed_atI+226;15;transformationsL0;13;parent_objectS0;","fe3a5c0b14392757739b86d298057bc4119c43c0aacd363d84ce60dde20430aa"
"proof.Kant.Wasm.Expr.cmp.sizeOf_spec","Kant.Wasm.Expr.cmp.sizeOf_spec","lean4","VALID","RequestProject/Wasm/Syntax.lean","0","L1;S19;obj.Kant.Wasm.CmpOp","L0;","elaborated and checked by the Lean kernel","L1;S34;obj.Kant.Wasm.Expr.cmp.sizeOf_spec","L1;S36;claim.Kant.Wasm.Expr.cmp.sizeOf_spec","L1;S21;proof.Kant.Wasm.CmpOp","O4;4;kindS12;lean4-kernel6;digestS64;bc5311adc672521c778b59787db961ab24d95f2d949a3fca010b97652a063a618;locationS31;RequestProject/Wasm/Syntax.lean8;evidenceS15;MACHINE_CHECKED","RequestProject","O7;13;source_systemS5;lean411;source_fileS31;RequestProject/Wasm/Syntax.lean13;source_formatS4;text11;imported_atI+0;14;transformed_atI+0;15;transformationsL0;13;parent_objectS0;","28eb9d05d14dddbc256b573f4de4fd5f0cd7e6863480ebc249727f547e686ce5"
"proof.Kant.Repost.postCard_headline_no_markup","Kant.Repost.postCard_headline_no_markup","lean4","VALID","RequestProject/Kant/Repost.lean","228","L0;","L0;","elaborated and checked by the Lean kernel","L1;S43;obj.Kant.Repost.postCard_headline_no_markup","L1;S45;claim.Kant.Repost.postCard_headline_no_markup","L0;","O4;4;kindS12;lean4-kernel6;digestS64;bd3117b44e9d1c03980bb3d8c15ede74519504bfa7a65d01275ffff0904fe52a8;locationS31;RequestProject/Kant/Repost.lean8;evidenceS15;MACHINE_CHECKED","RequestProject","O7;13;source_systemS5;lean411;source_fileS31;RequestProject/Kant/Repost.lean13;source_formatS4;text11;imported_atI+0;14;transformed_atI+228;15;transformationsL0;13;parent_objectS0;","9de3fa27dc5fb2dd7df355bb6600995a3afde8a3f754f857d6545122efc93bd4"
"proof.Kant.SiteCard.ofCard.eq_1","Kant.SiteCard.ofCard.eq_1","lean4","VALID","RequestProject/Kant/SiteCard.lean","0","L1;S22;obj.Kant.SiteCard.Card","L0;","elaborated and checked by the Lean kernel","L1;S29;obj.Kant.SiteCard.ofCard.eq_1","L1;S31;claim.Kant.SiteCard.ofCard.eq_1","L1;S24;proof.Kant.SiteCard.Card","O4;4;kindS12;lean4-kernel6;digestS64;980d8121976a2d6a1b6620f04d5cea0994013a92c7784d34824b2e59bfedc55b8;locationS33;RequestProject/Kant/SiteCard.lean8;evidenceS15;MACHINE_CHECKED","RequestProject","O7;13;source_systemS5;lean411;source_fileS33;RequestProject/Kant/SiteCard.lean13;source_formatS4;text11;imported_atI+0;14;transformed_atI+0;15;transformationsL0;13;parent_objectS0;","c45a669277ab3ba45646640ef49bcf87780d7b6b9139866a07923024aba6bccd"
"proof.Kant.Text.natToBytesBE.eq_1","Kant.Text.natToBytesBE.eq_1","lean4","VALID","RequestProject/Kant/Text.lean","0","L0;","L0;","elaborated and checked by the Lean kernel","L1;S31;obj.Kant.Text.natToBytesBE.eq_1","L1;S33;claim.Kant.Text.natToBytesBE.eq_1","L0;","O4;4;kindS12;lean4-kernel6;digestS64;b1c9836a9081dc4ec0ac236cb8ad26ed58d4f1e57bde82986a22c3fe890bf6ff8;locationS29;RequestProject/Kant/Text.lean8;evidenceS15;MACHINE_CHECKED","RequestProject","O7;13;source_systemS5;lean411;source_fileS29;RequestProject/Kant/Text.lean13;source_formatS4;text11;imported_atI+0;14;transformed_atI+0;15;transformationsL0;13;parent_objectS0;","870c7892200845ecee0d43fbbc17c46ffb6b9e362a0196b21573f6234a700eb5"
"proof.Kant.Feed.feed.eq_1","Kant.Feed.feed.eq_1","lean4","VALID","RequestProject/Kant/ShareLog.lean","0","L0;","L0;","elaborated and checked by the Lean kernel","L1;S23;obj.Kant.Feed.feed.eq_1","L1;S25;claim.Kant.Feed.feed.eq_1","L0;","O4;4;kindS12;lean4-kernel6;digestS64;e4a28beafc458efe2794136ae6fd05ed164deadfdc61c7d084c76295e3dc0bf78;locationS33;RequestProject/Kant/ShareLog.lean8;evidenceS15;MACHINE_CHECKED","RequestProject","O7;13;source_systemS5;lean411;source_fileS33;RequestProject/Kant/ShareLog.lean13;source_formatS4;text11;imported_atI+0;14;transformed_atI+0;15;transformationsL0;13;parent_objectS0;","024ff7699c04cc62a9fb9e3e123a19a5709ceeceb6bc441c02abcd77cc2293df"
"proof.Kant.Dom.Evid.stated.sizeOf_spec","Kant.Dom.Evid.stated.sizeOf_spec","lean4","VALID","RequestProject/Kant/Domain/Model.lean","0","L0;","L0;","elaborated and checked by the Lean kernel","L1;S36;obj.Kant.Dom.Evid.stated.sizeOf_spec","L1;S38;claim.Kant.Dom.Evid.stated.sizeOf_spec","L0;","O4;4;kindS12;lean4-kernel6;digestS64;a356364f28dd3209336ff7fffef2a3466908e64fefd7180391638962ab9fb5c08;locationS37;RequestProject/Kant/Domain/Model.lean8;evidenceS15;MACHINE_CHECKED","RequestProject","O7;13;source_systemS5;lean411;source_fileS37;RequestProject/Kant/Domain/Model.lean13;source_formatS4;text11;imported_atI+0;14;transformed_atI+0;15;transformationsL0;13;parent_objectS0;","6256f8e0ddd9bb5f10c7b72f5a2781dcdda349879cbc1ee5ae6283dcc97711e2"
"proof.Kant.Text.joinFields.eq_2","Kant.Text.joinFields.eq_2","lean4","VALID","RequestProject/Kant/Text.lean","0","L0;","L0;","elaborated and checked by the Lean kernel","L1;S29;obj.Kant.Text.joinFields.eq_2","L1;S31;claim.Kant.Text.joinFields.eq_2","L0;","O4;4;kindS12;lean4-kernel6;digestS64;6ccd0b767d3a67457425300aaf90c746a92fe5a81923dba7acf8732fa31c08308;locationS29;RequestProject/Kant/Text.lean8;evidenceS15;MACHINE_CHECKED","RequestProject","O7;13;source_systemS5;lean411;source_fileS29;RequestProject/Kant/Text.lean13;source_formatS4;text11;imported_atI+0;14;transformed_atI+0;15;transformationsL0;13;parent_objectS0;","405f7f98bc26c8dca1d95a10006426df6bda7eed87adcd22001e429125470da5"
"proof.Kant.Codec.yamlEnc.eq_2","Kant.Codec.yamlEnc.eq_2","lean4","VALID","RequestProject/Kant/Codec/Yaml.lean","0","L0;","L0;","elaborated and checked by the Lean kernel","L1;S27;obj.Kant.Codec.yamlEnc.eq_2","L1;S29;claim.Kant.Codec.yamlEnc.eq_2","L0;","O4;4;kindS12;lean4-kernel6;digestS64;83864a0f07015eb2ed2c2b895c5ca0f56c7d52b172a46c6c42f65b9080d9e62f8;locationS35;RequestProject/Kant/Codec/Yaml.lean8;evidenceS15;MACHINE_CHECKED","RequestProject","O7;13;source_systemS5;lean411;source_fileS35;RequestProject/Kant/Codec/Yaml.lean13;source_formatS4;text11;imported_atI+0;14;transformed_atI+0;15;transformationsL0;13;parent_objectS0;","1e9b9201c637721ea5d3493892b292814396b8b243b2ca988dd8dc97c1d28ffb"
"proof.Kant.CodeMovie.Circuit.tokens.eq_4","Kant.CodeMovie.Circuit.tokens.eq_4","lean4","VALID","RequestProject/Kant/CodeMovie.lean","0","L0;","L0;","elaborated and checked by the Lean kernel","L1;S38;obj.Kant.CodeMovie.Circuit.tokens.eq_4","L1;S40;claim.Kant.CodeMovie.Circuit.tokens.eq_4","L0;","O4;4;kindS12;lean4-kernel6;digestS64;7c4b416a6323edb6794a7426a8f43dbdfcca86e2f87f2900e00d92ac41c232df8;locationS34;RequestProject/Kant/CodeMovie.lean8;evidenceS15;MACHINE_CHECKED","RequestProject","O7;13;source_systemS5;lean411;source_fileS34;RequestProject/Kant/CodeMovie.lean13;source_formatS4;text11;imported_atI+0;14;transformed_atI+0;15;transformationsL0;13;parent_objectS0;","139eee5b7a1362f56c9bf4d8153f8dc2dcc774308becffcff7b6ed97d33eaa9c"
"proof.Kant.Codec.readDigits_append","Kant.Codec.readDigits_append","lean4","VALID","RequestProject/Kant/Codec/Yaml.lean","123","L0;","L0;","elaborated and checked by the Lean kernel","L1;S32;obj.Kant.Codec.readDigits_append","L1;S34;claim.Kant.Codec.readDigits_append","L0;","O4;4;kindS12;lean4-kernel6;digestS64;f5d22ca156a57625b534af12d6326f4e10f4f1469691e2b3281dfe318e94430c8;locationS35;RequestProject/Kant/Codec/Yaml.lean8;evidenceS15;MACHINE_CHECKED","RequestProject","O7;13;source_systemS5;lean411;source_fileS35;RequestProject/Kant/Codec/Yaml.lean13;source_formatS4;text11;imported_atI+0;14;transformed_atI+123;15;transformationsL0;13;parent_objectS0;","be3de5558e6f5c76f5c731ffb2f87c79b6cd6d0b0048e5700f57de19de21f1f3"
"proof.Kant.Connectivity.explain.eq_2","Kant.Connectivity.explain.eq_2","lean4","VALID","RequestProject/Kant/Connectivity.lean","0","L0;","L0;","elaborated and checked by the Lean kernel","L1;S34;obj.Kant.Connectivity.explain.eq_2","L1;S36;claim.Kant.Connectivity.explain.eq_2","L0;","O4;4;kindS12;lean4-kernel6;digestS64;757aa4d0be594235abdd03def5c0e252c4844e66821920ef317417de8556990c8;locationS37;RequestProject/Kant/Connectivity.lean8;evidenceS15;MACHINE_CHECKED","RequestProject","O7;13;source_systemS5;lean411;source_fileS37;RequestProject/Kant/Connectivity.lean13;source_formatS4;text11;imported_atI+0;14;transformed_atI+0;15;transformationsL0;13;parent_objectS0;","9aaa886d938ab179d4c5cdb726a446d65489caa140a9be732909c70f844e7250"
"proof.Kant.Text.splitFields.eq_def","Kant.Text.splitFields.eq_def","lean4","VALID","RequestProject/Kant/Text.lean","0","L0;","L0;","elaborated and checked by the Lean kernel","L1;S32;obj.Kant.Text.splitFields.eq_def","L1;S34;claim.Kant.Text.splitFields.eq_def","L0;","O4;4;kindS12;lean4-kernel6;digestS64;adf5cc18b31ba7cb507df1bc64f5caac2b8012f85eabfa415e7b2827416afd9a8;locationS29;RequestProject/Kant/Text.lean8;evidenceS15;MACHINE_CHECKED","RequestProject","O7;13;source_systemS5;lean411;source_fileS29;RequestProject/Kant/Text.lean13;source_formatS4;text11;imported_atI+0;14;transformed_atI+0;15;transformationsL0;13;parent_objectS0;","db7e913dde65a8616fd8e147af3b35de7e611f5b935c8b5b2810194150809458"
"proof.Kant.Uucp.Node.paste_perm","Kant.Uucp.Node.paste_perm","lean4","VALID","RequestProject/Kant/Uucp.lean","469","L2;S24;obj.Kant.Uucp.Node.spoolS21;obj.Kant.Uucp.openBag","L0;","elaborated and checked by the Lean kernel","L1;S29;obj.Kant.Uucp.Node.paste_perm","L1;S31;claim.Kant.Uucp.Node.paste_perm","L2;S26;proof.Kant.Uucp.Node.spoolS23;proof.Kant.Uucp.openBag","O4;4;kindS12;lean4-kernel6;digestS64;f4c40832a7a14d0fca8c2c22452f6fb8ffbf427ba4c5d0f919646c573c54fb928;locationS29;RequestProject/Kant/Uucp.lean8;evidenceS15;MACHINE_CHECKED","RequestProject","O7;13;source_systemS5;lean411;source_fileS29;RequestProject/Kant/Uucp.lean13;source_formatS4;text11;imported_atI+0;14;transformed_atI+469;15;transformationsL0;13;parent_objectS0;","e5d34163528f630ede373baca1008191c11e0f4245855908e9473ccdbf45c18b"
"proof.Kant.Codec.project.eq_4","Kant.Codec.project.eq_4","lean4","VALID","RequestProject/Kant/Codec/Ipdl.lean","0","L0;","L0;","elaborated and checked by the Lean kernel","L1;S27;obj.Kant.Codec.project.eq_4","L1;S29;claim.Kant.Codec.project.eq_4","L0;","O4;4;kindS12;lean4-kernel6;digestS64;9c83c26b96cba3de2b841c7bbaeae63d7faa7b32bf52daf09549d481b50e9f078;locationS35;RequestProject/Kant/Codec/Ipdl.lean8;evidenceS15;MACHINE_CHECKED","RequestProject","O7;13;source_systemS5;lean411;source_fileS35;RequestProject/Kant/Codec/Ipdl.lean13;source_formatS4;text11;imported_atI+0;14;transformed_atI+0;15;transformationsL0;13;parent_objectS0;","50d6cb0df165aabd28ae6674f11b777add8fb5fbd34cf177c39fb1ad2a92bab4"
"proof.Kant.Clipboard.toPaste_eq_none_of_mismatch","Kant.Clipboard.toPaste_eq_none_of_mismatch","lean4","VALID","RequestProject/Kant/Clipboard.lean","182","L0;","L0;","elaborated and checked by the Lean kernel","L1;S46;obj.Kant.Clipboard.toPaste_eq_none_of_mismatch","L1;S48;claim.Kant.Clipboard.toPaste_eq_none_of_mismatch","L0;","O4;4;kindS12;lean4-kernel6;digestS64;224dd313fd08986fc4cf9ec8512d4c54750954bf158d9b6953d46da8b43550c68;locationS34;RequestProject/Kant/Clipboard.lean8;evidenceS15;MACHINE_CHECKED","RequestProject","O7;13;source_systemS5;lean411;source_fileS34;RequestProject/Kant/Clipboard.lean13;source_formatS4;text11;imported_atI+0;14;transformed_atI+182;15;transformationsL0;13;parent_objectS0;","6d67d547e28feb52cd894ffd88d91be591c11e203909c1ac6c9e03343b5e92bf"
"proof.Kant.Diagnostics.report_events_clean","Kant.Diagnostics.report_events_clean","lean4","VALID","RequestProject/Kant/Diagnostics.lean","587","L0;","L0;","elaborated and checked by the Lean kernel","L1;S40;obj.Kant.Diagnostics.report_events_clean","L1;S42;claim.Kant.Diagnostics.report_events_clean","L0;","O4;4;kindS12;lean4-kernel6;digestS64;740a5859d482dc857c138c9e7940bde254aef7abd6f169bb0c33bc2332c15c208;locationS36;RequestProject/Kant/Diagnostics.lean8;evidenceS15;MACHINE_CHECKED","RequestProject","O7;13;source_systemS5;lean411;source_fileS36;RequestProject/Kant/Diagnostics.lean13;source_formatS4;text11;imported_atI+0;14;transformed_atI+587;15;transformationsL0;13;parent_objectS0;","a81cf76761e2de4bb509a8f787116bd829b54e5d766249f1f2c485d8f7c9da7e"
"proof.Kant.Dom.optOf_Prov'","Kant.Dom.optOf_Prov'","lean4","VALID","RequestProject/Kant/Domain/Model.lean","271","L0;","L0;","elaborated and checked by the Lean kernel","L1;S24;obj.Kant.Dom.optOf_Prov'","L1;S26;claim.Kant.Dom.optOf_Prov'","L0;","O4;4;kindS12;lean4-kernel6;digestS64;d862ccb019cad1da0f1b73f44293ae494d5849b1e78ac8a4b3ccf6240221a87b8;locationS37;RequestProject/Kant/Domain/Model.lean8;evidenceS15;MACHINE_CHECKED","RequestProject","O7;13;source_systemS5;lean411;source_fileS37;RequestProject/Kant/Domain/Model.lean13;source_formatS4;text11;imported_atI+0;14;transformed_atI+271;15;transformationsL0;13;parent_objectS0;","f9dc517a2d64c6a9968a493b1b0dd6e6666e153ad47f7d63daedaa4bfd01e6a0"
"proof.Kant.Store.get_put_self","Kant.Store.get_put_self","lean4","VALID","RequestProject/Kant/Paste.lean","137","L0;","L0;","elaborated and checked by the Lean kernel","L1;S27;obj.Kant.Store.get_put_self","L1;S29;claim.Kant.Store.get_put_self","L0;","O4;4;kindS12;lean4-kernel6;digestS64;b1e110407e5668f3d83204bb23a2c91478434e0564977ba9962a2ecf36a914128;locationS30;RequestProject/Kant/Paste.lean8;evidenceS15;MACHINE_CHECKED","RequestProject","O7;13;source_systemS5;lean411;source_fileS30;RequestProject/Kant/Paste.lean13;source_formatS4;text11;imported_atI+0;14;transformed_atI+137;15;transformationsL0;13;parent_objectS0;","d1e21ac7bf81285bfe7983f88cef3528321c78b51517f8017fb24d47c051c04e"
"proof.Kant.Onboarding.State.mk.inj","Kant.Onboarding.State.mk.inj","lean4","VALID","RequestProject/Kant/Onboarding.lean","0","L0;","L0;","elaborated and checked by the Lean kernel","L1;S32;obj.Kant.Onboarding.State.mk.inj","L1;S34;claim.Kant.Onboarding.State.mk.inj","L0;","O4;4;kindS12;lean4-kernel6;digestS64;35c42c1cbbc1d602a0ae5afa1af1d81dccb6cd14a90e3968a1888774f7fde24b8;locationS35;RequestProject/Kant/Onboarding.lean8;evidenceS15;MACHINE_CHECKED","RequestProject","O7;13;source_systemS5;lean411;source_fileS35;RequestProject/Kant/Onboarding.lean13;source_formatS4;text11;imported_atI+0;14;transformed_atI+0;15;transformationsL0;13;parent_objectS0;","4536d7360164f29c8810502b960620df65d9db0e1020de2223c5f0dcb1b4b8e5"
