"object_id","kind","name","truth_status","claim","inputs","parameters","transformations","outputs","claim_refs","evidence_refs","proof_refs","error_refs","value","provenance","canonical_hash"
"obj.Kant.Codec.valHash_length","theorem","Kant.Codec.valHash_length","PROVEN","∀ (v : Kant.Codec.Val), Eq (Kant.Codec.valHash v).length 64","L0;","O0;","L0;","L0;","L1;S31;claim.Kant.Codec.valHash_length","L0;","L1;S31;proof.Kant.Codec.valHash_length","L0;","S59;∀ (v : Kant.Codec.Val), Eq (Kant.Codec.valHash v).length 64","O7;13;source_systemS5;lean411;source_fileS34;RequestProject/Kant/Codec/Val.lean13;source_formatS4;text11;imported_atI+0;14;transformed_atI+441;15;transformationsL0;13;parent_objectS0;","955e6d48d128fa7a246321e6c3c2bd9d1dfdaf4678d3b27466823c0d067d9557"
"obj.Kant.SiteCard.cardSvg_caption_recoverable","theorem","Kant.SiteCard.cardSvg_caption_recoverable","PROVEN","∀ (k : Kant.SiteCard.Card), Eq (Kant.Erdfa.unescape (Kant.Erdfa.escape k.caption)) k.caption","L0;","O0;","L0;","L0;","L1;S47;claim.Kant.SiteCard.cardSvg_caption_recoverable","L0;","L1;S47;proof.Kant.SiteCard.cardSvg_caption_recoverable","L0;","S92;∀ (k : Kant.SiteCard.Card), Eq (Kant.Erdfa.unescape (Kant.Erdfa.escape k.caption)) k.caption","O7;13;source_systemS5;lean411;source_fileS33;RequestProject/Kant/SiteCard.lean13;source_formatS4;text11;imported_atI+0;14;transformed_atI+640;15;transformationsL0;13;parent_objectS0;","4b4cc679e1c402018ca80f22441ed776f09ac9cfb81b9c231d1c3a3aa6a87aa8"
"obj.Kant.CardDebug.userCard_classify","theorem","Kant.CardDebug.userCard_classify","PROVEN","Eq (Kant.CardDebug.classify Kant.CardDebug.userCardText)   (Kant.CardDebug.Code.card Kant.CardDebug.userCard)","L1;S23;obj.Kant.CardDebug.Code","O0;","L0;","L0;","L1;S38;claim.Kant.CardDebug.userCard_classify","L0;","L1;S38;proof.Kant.CardDebug.userCard_classify","L0;","S109;Eq (Kant.CardDebug.classify Kant.CardDebug.userCardText)   (Kant.CardDebug.Code.card Kant.CardDebug.userCard)","O7;13;source_systemS5;lean411;source_fileS34;RequestProject/Kant/CardDebug.lean13;source_formatS4;text11;imported_atI+0;14;transformed_atI+387;15;transformationsL0;13;parent_objectS0;","90301ac8dfeb0547c351319405a490b495f5e968b9e000ad58ae2e97c9e2ca9a"
"obj.Kant.Wasm.Decode.RawInstr.binop.noConfusion","def","Kant.Wasm.Decode.RawInstr.binop.noConfusion","ASSERTED","{P : Sort u} →   {op op' : Kant.Wasm.BinOp} →     Eq (Kant.Wasm.Decode.RawInstr.binop op) (Kant.Wasm.Decode.RawInstr.binop op') →       (Eq op op' → P) → P","L0;","O0;","L0;","L0;","L0;","L0;","L0;","L0;","S155;{P : Sort u} →   {op op' : Kant.Wasm.BinOp} →     Eq (Kant.Wasm.Decode.RawInstr.binop op) (Kant.Wasm.Decode.RawInstr.binop op') →       (Eq op op' → P) → P","O7;13;source_systemS5;lean411;source_fileS31;RequestProject/Wasm/Decode.lean13;source_formatS4;text11;imported_atI+0;14;transformed_atI+46;15;transformationsL0;13;parent_objectS0;","91d0e3777843094e5e5a4e9a1bf7f8f919b7796243f63710ddc7440e3be1b2eb"
"obj.Kant.Diagnostics.Event.noConfusionType","def","Kant.Diagnostics.Event.noConfusionType","ASSERTED","Sort u → Kant.Diagnostics.Event → Kant.Diagnostics.Event → Sort u","L0;","O0;","L0;","L0;","L0;","L0;","L0;","L0;","S65;Sort u → Kant.Diagnostics.Event → Kant.Diagnostics.Event → Sort u","O7;13;source_systemS5;lean411;source_fileS36;RequestProject/Kant/Diagnostics.lean13;source_formatS4;text11;imported_atI+0;14;transformed_atI+0;15;transformationsL0;13;parent_objectS0;","84a2d07f31574c9e91c295f7131007e1f86a0084352813d0a4c55d4c901c0a93"
"obj.Kant.Wasm.Decode.itemsDec.eq_1","theorem","Kant.Wasm.Decode.itemsDec.eq_1","PROVEN","∀ {α : Type} (item : Kant.Wasm.Decode.Bytes → Option (Prod α Kant.Wasm.Decode.Bytes))   (x : Kant.Wasm.Decode.Bytes),   Eq (Kant.Wasm.Decode.itemsDec item 0 x) (Option.some { fst := List.nil, snd := x })","L0;","O0;","L0;","L0;","L1;S36;claim.Kant.Wasm.Decode.itemsDec.eq_1","L0;","L1;S36;proof.Kant.Wasm.Decode.itemsDec.eq_1","L0;","S203;∀ {α : Type} (item : Kant.Wasm.Decode.Bytes → Option (Prod α Kant.Wasm.Decode.Bytes))   (x : Kant.Wasm.Decode.Bytes),   Eq (Kant.Wasm.Decode.itemsDec item 0 x) (Option.some { fst := List.nil, snd := x })","O7;13;source_systemS5;lean411;source_fileS31;RequestProject/Wasm/Decode.lean13;source_formatS4;text11;imported_atI+0;14;transformed_atI+0;15;transformationsL0;13;parent_objectS0;","bc97b512ab04e0b4c0f0387dfb3c9b87654f5aacbc457bd290c643380dfe6915"
"obj.Kant.Dom.readAllRows","def","Kant.Dom.readAllRows","ASSERTED","Nat → List Char → Option (List (List (List Char)))","L0;","O0;","L0;","L0;","L0;","L0;","L0;","L0;","S50;Nat → List Char → Option (List (List (List Char)))","O7;13;source_systemS5;lean411;source_fileS37;RequestProject/Kant/Domain/Table.lean13;source_formatS4;text11;imported_atI+0;14;transformed_atI+131;15;transformationsL0;13;parent_objectS0;","7128eaf1242067b0547f0d609ae7af83c6ce9796cfc8f8168d2371d059aee9a9"
"obj.Kant.Wasm.Encode.instr.eq_3","theorem","Kant.Wasm.Encode.instr.eq_3","PROVEN","∀ (op : Kant.Wasm.BinOp),   Eq (Kant.Wasm.Encode.instr (Kant.Wasm.Instr.binop op))     (List.cons (Kant.Wasm.Encode.binOpcode op) List.nil)","L1;S26;obj.Kant.Wasm.Encode.instr","O0;","L0;","L0;","L1;S33;claim.Kant.Wasm.Encode.instr.eq_3","L0;","L1;S33;proof.Kant.Wasm.Encode.instr.eq_3","L0;","S139;∀ (op : Kant.Wasm.BinOp),   Eq (Kant.Wasm.Encode.instr (Kant.Wasm.Instr.binop op))     (List.cons (Kant.Wasm.Encode.binOpcode op) List.nil)","O7;13;source_systemS5;lean411;source_fileS31;RequestProject/Wasm/Decode.lean13;source_formatS4;text11;imported_atI+0;14;transformed_atI+0;15;transformationsL0;13;parent_objectS0;","dfcc1a94d2d8146bb295877cf922cbf8dca73848245632511d4ad58f4e322e8e"
"obj.Kant.CodeMovie.Circuit.and.inj","theorem","Kant.CodeMovie.Circuit.and.inj","PROVEN","∀ {c₁ c₂ c₁_1 c₂_1 : Kant.CodeMovie.Circuit},   Eq (c₁.and c₂) (c₁_1.and c₂_1) → And (Eq c₁ c₁_1) (Eq c₂ c₂_1)","L1;S42;obj.Kant.CodeMovie.Circuit.and.noConfusion","O0;","L0;","L0;","L1;S36;claim.Kant.CodeMovie.Circuit.and.inj","L0;","L1;S36;proof.Kant.CodeMovie.Circuit.and.inj","L0;","S110;∀ {c₁ c₂ c₁_1 c₂_1 : Kant.CodeMovie.Circuit},   Eq (c₁.and c₂) (c₁_1.and c₂_1) → And (Eq c₁ c₁_1) (Eq c₂ c₂_1)","O7;13;source_systemS5;lean411;source_fileS34;RequestProject/Kant/CodeMovie.lean13;source_formatS4;text11;imported_atI+0;14;transformed_atI+0;15;transformationsL0;13;parent_objectS0;","40b8e14e32eacd44babbb5f56efcf93f0cd1cb7921489212ced1adfb136ba7cd"
"obj.Kant.Codec.digitsFold.eq_2","theorem","Kant.Codec.digitsFold.eq_2","PROVEN","∀ (acc : Nat) (c : Char) (cs : List Char),   Eq (Kant.Codec.digitsFold acc (List.cons c cs))     (Kant.Codec.digitsFold (instHAdd.hAdd (instHMul.hMul acc 10) ((Kant.Codec.digitVal c).getD 0))       cs)","L0;","O0;","L0;","L0;","L1;S32;claim.Kant.Codec.digitsFold.eq_2","L0;","L1;S32;proof.Kant.Codec.digitsFold.eq_2","L0;","S201;∀ (acc : Nat) (c : Char) (cs : List Char),   Eq (Kant.Codec.digitsFold acc (List.cons c cs))     (Kant.Codec.digitsFold (instHAdd.hAdd (instHMul.hMul acc 10) ((Kant.Codec.digitVal c).getD 0))       cs)","O7;13;source_systemS5;lean411;source_fileS34;RequestProject/Kant/Codec/Val.lean13;source_formatS4;text11;imported_atI+0;14;transformed_atI+0;15;transformationsL0;13;parent_objectS0;","a199bc8c1bc0218c00a883b2d114f6f71db857c1e50792f261f169327dd696dd"
"obj.Kant.Uucp.Node.sneakernet_nodup","theorem","Kant.Uucp.Node.sneakernet_nodup","PROVEN","∀ {n : Kant.Uucp.Node}, n.spool.Nodup → ∀ (ss : List (List Char)), (n.sneakernet ss).spool.Nodup","L0;","O0;","L0;","L0;","L1;S37;claim.Kant.Uucp.Node.sneakernet_nodup","L0;","L1;S37;proof.Kant.Uucp.Node.sneakernet_nodup","L0;","S96;∀ {n : Kant.Uucp.Node}, n.spool.Nodup → ∀ (ss : List (List Char)), (n.sneakernet ss).spool.Nodup","O7;13;source_systemS5;lean411;source_fileS29;RequestProject/Kant/Uucp.lean13;source_formatS4;text11;imported_atI+0;14;transformed_atI+486;15;transformationsL0;13;parent_objectS0;","aaf27158f20718b82f175f3223725e5bc39bb9f140d454aefea08435ff106a01"
"obj.Kant.Dom.metaVal.eq_1","theorem","Kant.Dom.metaVal.eq_1","PROVEN","∀ (d : Kant.Dom.Domain),   Eq (Kant.Dom.metaVal d)     (Kant.Codec.Val.obj       (List.cons { fst := ""id"".toList, snd := Kant.Codec.Val.str d.id }         (List.cons { fst := ""name"".toList, snd := Kant.Codec.Val.str d.name }           (List.cons { fst := ""version"".toList, snd := Kant.Codec.Val.str d.version }             (List.cons { fst := ""description"".toList, snd := Kant.Codec.Val.str d.description }               (List.cons                 { fst := ""claims"".toList,                   snd := Kant.Codec.Val.list (List.map Kant.Dom.Claim.toVal d.claims) }                 (List.cons                   { fst := ""evidence"".toList,                     snd := Kant.Codec.Val.list (List.map Kant.Dom.Evidence.toVal d.evidence) }                   (List.cons                     { fst := ""schemas"".toList,                       snd := Kant.Codec.Val.list (List.map Kant.Dom.Schema.toVal d.schemas) }                     (List.cons                       { fst := ""errors"".toList,                         snd := Kant.Codec.Val.list (List.map Kant.Codec.Err.toVal d.errors) }                       (List.cons                         { fst := ""provenance"".toList,                           snd := Kant.Codec.Val.list (List.map Kant.Codec.Prov.toVal d.provenance) }                         List.nil))))))))))","L0;","O0;","L0;","L0;","L1;S27;claim.Kant.Dom.metaVal.eq_1","L0;","L1;S27;proof.Kant.Dom.metaVal.eq_1","L0;","S1303;∀ (d : Kant.Dom.Domain),   Eq (Kant.Dom.metaVal d)     (Kant.Codec.Val.obj       (List.cons { fst := ""id"".toList, snd := Kant.Codec.Val.str d.id }         (List.cons { fst := ""name"".toList, snd := Kant.Codec.Val.str d.name }           (List.cons { fst := ""version"".toList, snd := Kant.Codec.Val.str d.version }             (List.cons { fst := ""description"".toList, snd := Kant.Codec.Val.str d.description }               (List.cons                 { fst := ""claims"".toList,                   snd := Kant.Codec.Val.list (List.map Kant.Dom.Claim.toVal d.claims) }                 (List.cons                   { fst := ""evidence"".toList,                     snd := Kant.Codec.Val.list (List.map Kant.Dom.Evidence.toVal d.evidence) }                   (List.cons                     { fst := ""schemas"".toList,                       snd := Kant.Codec.Val.list (List.map Kant.Dom.Schema.toVal d.schemas) }                     (List.cons                       { fst := ""errors"".toList,                         snd := Kant.Codec.Val.list (List.map Kant.Codec.Err.toVal d.errors) }                       (List.cons                         { fst := ""provenance"".toList,                           snd := Kant.Codec.Val.list (List.map Kant.Codec.Prov.toVal d.provenance) }                         List.nil))))))))))","O7;13;source_systemS5;lean411;source_fileS36;RequestProject/Kant/Domain/Emit.lean13;source_formatS4;text11;imported_atI+0;14;transformed_atI+0;15;transformationsL0;13;parent_objectS0;","cbe885711dfb5ccfef8ca7f0e9421c8c3154f9f56405b9455b88f74bf425c1f2"
"obj.Kant.Dom.Rel.outputOf.sizeOf_spec","theorem","Kant.Dom.Rel.outputOf.sizeOf_spec","PROVEN","Eq (Kant.Dom.Rel._sizeOf_inst.sizeOf Kant.Dom.Rel.outputOf) 1","L0;","O0;","L0;","L0;","L1;S39;claim.Kant.Dom.Rel.outputOf.sizeOf_spec","L0;","L1;S39;proof.Kant.Dom.Rel.outputOf.sizeOf_spec","L0;","S61;Eq (Kant.Dom.Rel._sizeOf_inst.sizeOf Kant.Dom.Rel.outputOf) 1","O7;13;source_systemS5;lean411;source_fileS37;RequestProject/Kant/Domain/Model.lean13;source_formatS4;text11;imported_atI+0;14;transformed_atI+0;15;transformationsL0;13;parent_objectS0;","b8894439632f323a813a2018ceedf02dc6bef826f44c78d4a5ac7888236992c7"
"obj.Kant.Cli.Cmd.say.elim","def","Kant.Cli.Cmd.say.elim","ASSERTED","{motive : Kant.Cli.Cmd → Sort u} →   (t : Kant.Cli.Cmd) →     Eq t.ctorIdx 4 → ((text : List Char) → motive (Kant.Cli.Cmd.say text)) → motive t","L0;","O0;","L0;","L0;","L0;","L0;","L0;","L0;","S143;{motive : Kant.Cli.Cmd → Sort u} →   (t : Kant.Cli.Cmd) →     Eq t.ctorIdx 4 → ((text : List Char) → motive (Kant.Cli.Cmd.say text)) → motive t","O7;13;source_systemS5;lean411;source_fileS28;RequestProject/Kant/Cli.lean13;source_formatS4;text11;imported_atI+0;14;transformed_atI+721;15;transformationsL0;13;parent_objectS0;","bc361bf19ada1b1abedb6d1604e88ebde5ea1bbe44fe54940cf38dd97cb19977"
"obj.Kant.CardDebug.Pairing.ctorIdx","def","Kant.CardDebug.Pairing.ctorIdx","ASSERTED","Kant.CardDebug.Pairing → Nat","L0;","O0;","L0;","L0;","L0;","L0;","L0;","L0;","S28;Kant.CardDebug.Pairing → Nat","O7;13;source_systemS5;lean411;source_fileS34;RequestProject/Kant/CardDebug.lean13;source_formatS4;text11;imported_atI+0;14;transformed_atI+0;15;transformationsL0;13;parent_objectS0;","8530d5aebcdd8c1c9a9febecc0380c7f3204a5fb74c2a422e2559b66dc4218c5"
"obj.Kant.Cli.meet","def","Kant.Cli.meet","ASSERTED","Kant.Relay.Server →   Kant.Cli.Client →     Kant.Cli.Client →       Kant.Bytes.Blob →         Kant.Bytes.Blob → Prod Kant.Relay.Server (Prod Kant.Cli.Client Kant.Cli.Client)","L0;","O0;","L0;","L0;","L0;","L0;","L0;","L0;","S173;Kant.Relay.Server →   Kant.Cli.Client →     Kant.Cli.Client →       Kant.Bytes.Blob →         Kant.Bytes.Blob → Prod Kant.Relay.Server (Prod Kant.Cli.Client Kant.Cli.Client)","O7;13;source_systemS5;lean411;source_fileS28;RequestProject/Kant/Cli.lean13;source_formatS4;text11;imported_atI+0;14;transformed_atI+623;15;transformationsL0;13;parent_objectS0;","8c0067e0aec104cbbf31af1627cf34f8676710721dfcb2e974577aa707b437e6"
"obj.Kant.Cli.Cmd.link.sizeOf_spec","theorem","Kant.Cli.Cmd.link.sizeOf_spec","PROVEN","Eq (Kant.Cli.Cmd._sizeOf_inst.sizeOf Kant.Cli.Cmd.link) 1","L0;","O0;","L0;","L0;","L1;S35;claim.Kant.Cli.Cmd.link.sizeOf_spec","L0;","L1;S35;proof.Kant.Cli.Cmd.link.sizeOf_spec","L0;","S57;Eq (Kant.Cli.Cmd._sizeOf_inst.sizeOf Kant.Cli.Cmd.link) 1","O7;13;source_systemS5;lean411;source_fileS28;RequestProject/Kant/Cli.lean13;source_formatS4;text11;imported_atI+0;14;transformed_atI+0;15;transformationsL0;13;parent_objectS0;","be4bea1c6a635a6b021582b0d1b4066864e5729f619ee0f1825f5b77c2a85dee"
"obj.Kant.Dom.metaRow.eq_1","theorem","Kant.Dom.metaRow.eq_1","PROVEN","∀ (d : Kant.Dom.Domain),   Eq (Kant.Dom.metaRow d)     (List.cons d.id       (List.cons d.name         (List.cons d.version           (List.cons d.description             (List.cons (Kant.Dom.encRecs Kant.Dom.Claim.toVal d.claims)               (List.cons (Kant.Dom.encRecs Kant.Dom.Evidence.toVal d.evidence)                 (List.cons (Kant.Dom.encRecs Kant.Dom.Schema.toVal d.schemas)                   (List.cons (Kant.Dom.encRecs Kant.Codec.Err.toVal d.errors)                     (List.cons (Kant.Dom.encRecs Kant.Codec.Prov.toVal d.provenance)                       (List.cons d.hash List.nil))))))))))","L1;S24;obj.Kant.Dom.Domain.hash","O0;","L0;","L0;","L1;S27;claim.Kant.Dom.metaRow.eq_1","L0;","L1;S27;proof.Kant.Dom.metaRow.eq_1","L0;","S609;∀ (d : Kant.Dom.Domain),   Eq (Kant.Dom.metaRow d)     (List.cons d.id       (List.cons d.name         (List.cons d.version           (List.cons d.description             (List.cons (Kant.Dom.encRecs Kant.Dom.Claim.toVal d.claims)               (List.cons (Kant.Dom.encRecs Kant.Dom.Evidence.toVal d.evidence)                 (List.cons (Kant.Dom.encRecs Kant.Dom.Schema.toVal d.schemas)                   (List.cons (Kant.Dom.encRecs Kant.Codec.Err.toVal d.errors)                     (List.cons (Kant.Dom.encRecs Kant.Codec.Prov.toVal d.provenance)                       (List.cons d.hash List.nil))))))))))","O7;13;source_systemS5;lean411;source_fileS37;RequestProject/Kant/Domain/Table.lean13;source_formatS4;text11;imported_atI+0;14;transformed_atI+0;15;transformationsL0;13;parent_objectS0;","687c39be179887c5e3f4a5733955274aea55d628cc98a7473a6886e990210e2c"
"obj.Kant.Wasm.Decode.bytesN.eq_1","theorem","Kant.Wasm.Decode.bytesN.eq_1","PROVEN","∀ (x : Kant.Wasm.Decode.Bytes),   Eq (Kant.Wasm.Decode.bytesN 0 x) (Option.some { fst := List.nil, snd := x })","L0;","O0;","L0;","L0;","L1;S34;claim.Kant.Wasm.Decode.bytesN.eq_1","L0;","L1;S34;proof.Kant.Wasm.Decode.bytesN.eq_1","L0;","S110;∀ (x : Kant.Wasm.Decode.Bytes),   Eq (Kant.Wasm.Decode.bytesN 0 x) (Option.some { fst := List.nil, snd := x })","O7;13;source_systemS5;lean411;source_fileS31;RequestProject/Wasm/Decode.lean13;source_formatS4;text11;imported_atI+0;14;transformed_atI+0;15;transformationsL0;13;parent_objectS0;","050b614100ec8ee5ace1ed71fc2b335255d44cb407eb26478bdbd00e7090f8c4"
"obj.Kant.Codec.yamlDecode","def","Kant.Codec.yamlDecode","ASSERTED","List Char → Option Kant.Codec.Val","L0;","O0;","L0;","L0;","L0;","L0;","L0;","L0;","S33;List Char → Option Kant.Codec.Val","O7;13;source_systemS5;lean411;source_fileS35;RequestProject/Kant/Codec/Yaml.lean13;source_formatS4;text11;imported_atI+0;14;transformed_atI+532;15;transformationsL0;13;parent_objectS0;","6ffa45441bce08005e59578da48c55b3ea12ecba5dcbdf7e7da1517bbc3414b1"
"obj.Kant.Dom.Cert.kind","def","Kant.Dom.Cert.kind","ASSERTED","Kant.Dom.Cert → List Char","L0;","O0;","L0;","L0;","L0;","L0;","L0;","L0;","S25;Kant.Dom.Cert → List Char","O7;13;source_systemS5;lean411;source_fileS37;RequestProject/Kant/Domain/Model.lean13;source_formatS4;text11;imported_atI+0;14;transformed_atI+240;15;transformationsL0;13;parent_objectS0;","5574683958deacaf718f2cf5a272a10c7311570287e389fdbbff3b943c285e0a"
"obj.Kant.Join.splitCh_append_general","theorem","Kant.Join.splitCh_append_general","PROVEN","∀ (d : Char) (a b : List Char),   Eq (Kant.SiteCard.splitCh d (instHAppendOfAppend.hAppend a (List.cons d b)))     (instHAppendOfAppend.hAppend (Kant.SiteCard.splitCh d a) (Kant.SiteCard.splitCh d b))","L0;","O0;","L0;","L0;","L1;S38;claim.Kant.Join.splitCh_append_general","L0;","L1;S38;proof.Kant.Join.splitCh_append_general","L0;","S200;∀ (d : Char) (a b : List Char),   Eq (Kant.SiteCard.splitCh d (instHAppendOfAppend.hAppend a (List.cons d b)))     (instHAppendOfAppend.hAppend (Kant.SiteCard.splitCh d a) (Kant.SiteCard.splitCh d b))","O7;13;source_systemS5;lean411;source_fileS29;RequestProject/Kant/Join.lean13;source_formatS4;text11;imported_atI+0;14;transformed_atI+150;15;transformationsL0;13;parent_objectS0;","389fe0cb48a4a9a50664aaec0f765f82cab1822d4df922bf513aeea3e7c7e5ac"
"obj.Kant.Wasm.Encode.exportSection","def","Kant.Wasm.Encode.exportSection","ASSERTED","Kant.Wasm.Module → Kant.Wasm.Encode.Bytes","L1;S34;obj.Kant.Wasm.Encode.exportPayload","O0;","L0;","L0;","L0;","L0;","L0;","L0;","S41;Kant.Wasm.Module → Kant.Wasm.Encode.Bytes","O7;13;source_systemS5;lean411;source_fileS31;RequestProject/Wasm/Encode.lean13;source_formatS4;text11;imported_atI+0;14;transformed_atI+115;15;transformationsL0;13;parent_objectS0;","18cd07d0e6fc8146dce526df28661a5926e7a538946f0ae00079f8e99114e433"
"obj.Kant.Relay.ofMsg.eq_1","theorem","Kant.Relay.ofMsg.eq_1","PROVEN","∀ (m : Kant.Relay.Msg),   Eq (Kant.Relay.ofMsg m)     { tag := Kant.Relay.tagChat,       fields :=         List.cons (Kant.Text.asciiBytes m.room)           (List.cons (Kant.Text.asciiBytes m.sender)             (List.cons (Kant.Text.natToBytesBE m.seq)               (List.cons m.body (List.cons (Kant.Text.asciiBytes m.witness) List.nil)))) }","L1;S24;obj.Kant.Text.asciiBytes","O0;","L0;","L0;","L1;S27;claim.Kant.Relay.ofMsg.eq_1","L0;","L1;S27;proof.Kant.Relay.ofMsg.eq_1","L0;","S344;∀ (m : Kant.Relay.Msg),   Eq (Kant.Relay.ofMsg m)     { tag := Kant.Relay.tagChat,       fields :=         List.cons (Kant.Text.asciiBytes m.room)           (List.cons (Kant.Text.asciiBytes m.sender)             (List.cons (Kant.Text.natToBytesBE m.seq)               (List.cons m.body (List.cons (Kant.Text.asciiBytes m.witness) List.nil)))) }","O7;13;source_systemS5;lean411;source_fileS30;RequestProject/Kant/Relay.lean13;source_formatS4;text11;imported_atI+0;14;transformed_atI+0;15;transformationsL0;13;parent_objectS0;","63131ffc7e7f3c4f57f4420dcd33339498a469ec4e1d84bd445c157b2a5fb472"
"obj.Kant.Codec.Outp.ofVal","def","Kant.Codec.Outp.ofVal","ASSERTED","Kant.Codec.Val → Option Kant.Codec.Outp","L0;","O0;","L0;","L0;","L0;","L0;","L0;","L0;","S39;Kant.Codec.Val → Option Kant.Codec.Outp","O7;13;source_systemS5;lean411;source_fileS36;RequestProject/Kant/Codec/Model.lean13;source_formatS4;text11;imported_atI+0;14;transformed_atI+413;15;transformationsL0;13;parent_objectS0;","15ea30eb9200017d6cc691ca5e3aa3ba46df76e32585900f091367c0288c03ac"
"obj.Kant.ShareLog.logPaste_witness","theorem","Kant.ShareLog.logPaste_witness","PROVEN","∀ {id ts : List Char} (r : Kant.Diagnostics.Report),   Eq (Kant.ShareLog.logPaste id ts r).witness     (Kant.Bytes.witness (Kant.Text.asciiBytes (Kant.ShareLog.logText r)))","L2;S27;obj.Kant.Diagnostics.ReportS24;obj.Kant.Text.asciiBytes","O0;","L0;","L0;","L1;S36;claim.Kant.ShareLog.logPaste_witness","L0;","L1;S36;proof.Kant.ShareLog.logPaste_witness","L0;","S172;∀ {id ts : List Char} (r : Kant.Diagnostics.Report),   Eq (Kant.ShareLog.logPaste id ts r).witness     (Kant.Bytes.witness (Kant.Text.asciiBytes (Kant.ShareLog.logText r)))","O7;13;source_systemS5;lean411;source_fileS33;RequestProject/Kant/ShareLog.lean13;source_formatS4;text11;imported_atI+0;14;transformed_atI+137;15;transformationsL0;13;parent_objectS0;","74eb2b3db2320374a6a9d2ab1998851f0441caa9c4f808b23a859fac073f7abd"
"obj.Kant.Wasm.instInhabitedExpr","def","Kant.Wasm.instInhabitedExpr","ASSERTED","Inhabited Kant.Wasm.Expr","L0;","O0;","L0;","L0;","L0;","L0;","L0;","L0;","S24;Inhabited Kant.Wasm.Expr","O7;13;source_systemS5;lean411;source_fileS31;RequestProject/Wasm/Syntax.lean13;source_formatS4;text11;imported_atI+0;14;transformed_atI+58;15;transformationsL0;13;parent_objectS0;","56f44b7bfe399e215535708e8301747e776206403b29fc9b4c756bf8cd79a7f8"
"obj.Kant.Wasm.Expr.xor","def","Kant.Wasm.Expr.xor","ASSERTED","Kant.Wasm.Expr → Kant.Wasm.Expr → Kant.Wasm.Expr","L0;","O0;","L0;","L0;","L0;","L0;","L0;","L0;","S48;Kant.Wasm.Expr → Kant.Wasm.Expr → Kant.Wasm.Expr","O7;13;source_systemS5;lean411;source_fileS31;RequestProject/Wasm/Syntax.lean13;source_formatS4;text11;imported_atI+0;14;transformed_atI+116;15;transformationsL0;13;parent_objectS0;","6fde11b3e343cae2b9d65b6edb7877a5113d444b0f919b0c87fe2c32524d786f"
"obj.Kant.Dom.instDecidableEqEvidence.decEq.match_1","def","Kant.Dom.instDecidableEqEvidence.decEq.match_1","ASSERTED","(motive : Kant.Dom.Evidence → Kant.Dom.Evidence → Sort u_1) →   (x x_1 : Kant.Dom.Evidence) →     ((a : Kant.Dom.Id) →         (a_1 : List Char) →           (a_2 : Kant.Dom.Id) →             (a_3 a_4 : List Char) →               (b : Kant.Dom.Id) →                 (b_1 : List Char) →                   (b_2 : Kant.Dom.Id) →                     (b_3 b_4 : List Char) →                       motive                         { id := a, kind := a_1, objectRef := a_2, description := a_3,                           location := a_4 }                         { id := b, kind := b_1, objectRef := b_2, description := b_3,                           location := b_4 }) →       motive x x_1","L0;","O0;","L0;","L0;","L0;","L0;","L0;","L0;","S679;(motive : Kant.Dom.Evidence → Kant.Dom.Evidence → Sort u_1) →   (x x_1 : Kant.Dom.Evidence) →     ((a : Kant.Dom.Id) →         (a_1 : List Char) →           (a_2 : Kant.Dom.Id) →             (a_3 a_4 : List Char) →               (b : Kant.Dom.Id) →                 (b_1 : List Char) →                   (b_2 : Kant.Dom.Id) →                     (b_3 b_4 : List Char) →                       motive                         { id := a, kind := a_1, objectRef := a_2, description := a_3,                           location := a_4 }                         { id := b, kind := b_1, objectRef := b_2, description := b_3,                           location := b_4 }) →       motive x x_1","O7;13;source_systemS5;lean411;source_fileS37;RequestProject/Kant/Domain/Model.lean13;source_formatS4;text11;imported_atI+0;14;transformed_atI+0;15;transformationsL0;13;parent_objectS0;","d6eee0bdaf45f593908e7cfbb750c600e0a2d5106ea561f96381695bc3320d66"
"obj.Kant.Wasm.Expr.cmp.noConfusion","def","Kant.Wasm.Expr.cmp.noConfusion","ASSERTED","{P : Sort u} →   {op : Kant.Wasm.CmpOp} →     {a b : Kant.Wasm.Expr} →       {op' : Kant.Wasm.CmpOp} →         {a' b' : Kant.Wasm.Expr} →           Eq (Kant.Wasm.Expr.cmp op a b) (Kant.Wasm.Expr.cmp op' a' b') →             (Eq op op' → Eq a a' → Eq b b' → P) → P","L0;","O0;","L0;","L0;","L0;","L0;","L0;","L0;","S263;{P : Sort u} →   {op : Kant.Wasm.CmpOp} →     {a b : Kant.Wasm.Expr} →       {op' : Kant.Wasm.CmpOp} →         {a' b' : Kant.Wasm.Expr} →           Eq (Kant.Wasm.Expr.cmp op a b) (Kant.Wasm.Expr.cmp op' a' b') →             (Eq op op' → Eq a a' → Eq b b' → P) → P","O7;13;source_systemS5;lean411;source_fileS31;RequestProject/Wasm/Syntax.lean13;source_formatS4;text11;imported_atI+0;14;transformed_atI+56;15;transformationsL0;13;parent_objectS0;","3fcf2355c4510faa87c942ed23ffa9ad832cc54d57a9595478f94e5dfd1da5b7"
"obj.Kant.Codec.detect_ipdlText","theorem","Kant.Codec.detect_ipdlText","PROVEN","∀ (i : Kant.Codec.Ipdl),   Eq (Kant.Codec.detect Option.none (Kant.Codec.ipdlText i)) Kant.Codec.Fmt.ipdl","L2;S25;obj.Kant.Codec.ipdlHeaderS25;obj.Kant.Codec.yamlDecode","O0;","L0;","L0;","L1;S32;claim.Kant.Codec.detect_ipdlText","L0;","L1;S32;proof.Kant.Codec.detect_ipdlText","L0;","S105;∀ (i : Kant.Codec.Ipdl),   Eq (Kant.Codec.detect Option.none (Kant.Codec.ipdlText i)) Kant.Codec.Fmt.ipdl","O7;13;source_systemS5;lean411;source_fileS38;RequestProject/Kant/Codec/RawText.lean13;source_formatS4;text11;imported_atI+0;14;transformed_atI+207;15;transformationsL0;13;parent_objectS0;","1c612d7009bd68a218ec63c28f58b4257e2472ab73701daca1667486eb77803f"
"obj.Kant.Dom.instDecidableEqRelation.decEq","def","Kant.Dom.instDecidableEqRelation.decEq","ASSERTED","(x x_1 : Kant.Dom.Relation) → Decidable (Eq x x_1)","L1;S50;obj.Kant.Dom.instDecidableEqRelation.decEq.match_1","O0;","L0;","L0;","L0;","L0;","L0;","L0;","S50;(x x_1 : Kant.Dom.Relation) → Decidable (Eq x x_1)","O7;13;source_systemS5;lean411;source_fileS37;RequestProject/Kant/Domain/Model.lean13;source_formatS4;text11;imported_atI+0;14;transformed_atI+509;15;transformationsL0;13;parent_objectS0;","79280be17b0329a8bdccec86ed9b7ebb079d56a79f65610e2af40438370ca461"
"obj.Kant.Dom.Claim.mk.noConfusion","def","Kant.Dom.Claim.mk.noConfusion","ASSERTED","{P : Sort u} →   {id objectRef : Kant.Dom.Id} →     {text : List Char} →       {truth : Kant.Dom.Truth} →         {proofRefs : List Kant.Dom.Id} →           {id' objectRef' : Kant.Dom.Id} →             {text' : List Char} →               {truth' : Kant.Dom.Truth} →                 {proofRefs' : List Kant.Dom.Id} →                   Eq                       { id := id, objectRef := objectRef, text := text, truth := truth,                         proofRefs := proofRefs }                       { id := id', objectRef := objectRef', text := text', truth := truth',                         proofRefs := proofRefs' } →                     (Eq id id' →                         Eq objectRef objectRef' →                           Eq text text' → Eq truth truth' → Eq proofRefs proofRefs' → P) →                       P","L0;","O0;","L0;","L0;","L0;","L0;","L0;","L0;","S815;{P : Sort u} →   {id objectRef : Kant.Dom.Id} →     {text : List Char} →       {truth : Kant.Dom.Truth} →         {proofRefs : List Kant.Dom.Id} →           {id' objectRef' : Kant.Dom.Id} →             {text' : List Char} →               {truth' : Kant.Dom.Truth} →                 {proofRefs' : List Kant.Dom.Id} →                   Eq                       { id := id, objectRef := objectRef, text := text, truth := truth,                         proofRefs := proofRefs }                       { id := id', objectRef := objectRef', text := text', truth := truth',                         proofRefs := proofRefs' } →                     (Eq id id' →                         Eq objectRef objectRef' →                           Eq text text' → Eq truth truth' → Eq proofRefs proofRefs' → P) →                       P","O7;13;source_systemS5;lean411;source_fileS37;RequestProject/Kant/Domain/Model.lean13;source_formatS4;text11;imported_atI+0;14;transformed_atI+432;15;transformationsL0;13;parent_objectS0;","935d7b08be5d18b8fdc481565997090bfd71f52a0c56750e3ae662513373a561"
"obj.Kant.Dom.Event.inferredBy.elim","def","Kant.Dom.Event.inferredBy.elim","ASSERTED","{motive : Kant.Dom.Event → Sort u} →   (t : Kant.Dom.Event) →     Eq t.ctorIdx 5 → ((how : List Char) → motive (Kant.Dom.Event.inferredBy how)) → motive t","L0;","O0;","L0;","L0;","L0;","L0;","L0;","L0;","S154;{motive : Kant.Dom.Event → Sort u} →   (t : Kant.Dom.Event) →     Eq t.ctorIdx 5 → ((how : List Char) → motive (Kant.Dom.Event.inferredBy how)) → motive t","O7;13;source_systemS5;lean411;source_fileS38;RequestProject/Kant/Domain/Policy.lean13;source_formatS4;text11;imported_atI+0;14;transformed_atI+42;15;transformationsL0;13;parent_objectS0;","3f2e6aa1186b39e4eb58ff66bfb123274bad560eede8b11aa508eb8d8ea9755d"
"obj.Kant.Codec.Fmt.csv.elim","def","Kant.Codec.Fmt.csv.elim","ASSERTED","{motive : Kant.Codec.Fmt → Sort u} →   (t : Kant.Codec.Fmt) → Eq t.ctorIdx 3 → motive Kant.Codec.Fmt.csv → motive t","L0;","O0;","L0;","L0;","L0;","L0;","L0;","L0;","S115;{motive : Kant.Codec.Fmt → Sort u} →   (t : Kant.Codec.Fmt) → Eq t.ctorIdx 3 → motive Kant.Codec.Fmt.csv → motive t","O7;13;source_systemS5;lean411;source_fileS36;RequestProject/Kant/Codec/Model.lean13;source_formatS4;text11;imported_atI+0;14;transformed_atI+53;15;transformationsL0;13;parent_objectS0;","d54537475e7b2801cb93ddacee576f66b80d39b71a3b6cd398bffed7e1264b48"
"obj.Kant.Dom.instDecidableEqSummary.decEq.match_1","def","Kant.Dom.instDecidableEqSummary.decEq.match_1","ASSERTED","(motive : Kant.Dom.Summary → Kant.Dom.Summary → Sort u_1) →   (x x_1 : Kant.Dom.Summary) →     ((a a_1 a_2 a_3 a_4 a_5 a_6 b b_1 b_2 b_3 b_4 b_5 b_6 : Nat) →         motive           { objects := a, proven := a_1, partiallyProven := a_2, unproven := a_3,             contradicted := a_4, proofs := a_5, validProofs := a_6 }           { objects := b, proven := b_1, partiallyProven := b_2, unproven := b_3,             contradicted := b_4, proofs := b_5, validProofs := b_6 }) →       motive x x_1","L0;","O0;","L0;","L0;","L0;","L0;","L0;","L0;","S496;(motive : Kant.Dom.Summary → Kant.Dom.Summary → Sort u_1) →   (x x_1 : Kant.Dom.Summary) →     ((a a_1 a_2 a_3 a_4 a_5 a_6 b b_1 b_2 b_3 b_4 b_5 b_6 : Nat) →         motive           { objects := a, proven := a_1, partiallyProven := a_2, unproven := a_3,             contradicted := a_4, proofs := a_5, validProofs := a_6 }           { objects := b, proven := b_1, partiallyProven := b_2, unproven := b_3,             contradicted := b_4, proofs := b_5, validProofs := b_6 }) →       motive x x_1","O7;13;source_systemS5;lean411;source_fileS38;RequestProject/Kant/Domain/Ledger.lean13;source_formatS4;text11;imported_atI+0;14;transformed_atI+0;15;transformationsL0;13;parent_objectS0;","de3f9dd2cbb22725ccebe17b1d5b4d625d78f3b0a18ee29f09bb8152212d62bc"
"obj.Kant.Text.splitFields","def","Kant.Text.splitFields","ASSERTED","List Char → List (List Char)","L1;S33;obj.Kant.Text.splitFields.match_1","O0;","L0;","L0;","L0;","L0;","L0;","L0;","S28;List Char → List (List Char)","O7;13;source_systemS5;lean411;source_fileS29;RequestProject/Kant/Text.lean13;source_formatS4;text11;imported_atI+0;14;transformed_atI+165;15;transformationsL0;13;parent_objectS0;","6673fe4dcbc103cda49dbceecee0736a14f6383e9ee458c7d84f55071dc6a4f4"
"obj.Kant.Dom.PStatus.invalid.elim","def","Kant.Dom.PStatus.invalid.elim","ASSERTED","{motive : Kant.Dom.PStatus → Sort u} →   (t : Kant.Dom.PStatus) → Eq t.ctorIdx 1 → motive Kant.Dom.PStatus.invalid → motive t","L0;","O0;","L0;","L0;","L0;","L0;","L0;","L0;","S125;{motive : Kant.Dom.PStatus → Sort u} →   (t : Kant.Dom.PStatus) → Eq t.ctorIdx 1 → motive Kant.Dom.PStatus.invalid → motive t","O7;13;source_systemS5;lean411;source_fileS37;RequestProject/Kant/Domain/Model.lean13;source_formatS4;text11;imported_atI+0;14;transformed_atI+56;15;transformationsL0;13;parent_objectS0;","85bb59c48cc07ffe16d8b6aa48f042696a15dbba80f872f8a2ccb2cba805d823"
"obj.Kant.Rendezvous.Announce.addrs","def","Kant.Rendezvous.Announce.addrs","ASSERTED","Kant.Rendezvous.Announce → List Kant.Rendezvous.Address","L0;","O0;","L0;","L0;","L0;","L0;","L0;","L0;","S55;Kant.Rendezvous.Announce → List Kant.Rendezvous.Address","O7;13;source_systemS5;lean411;source_fileS35;RequestProject/Kant/Rendezvous.lean13;source_formatS4;text11;imported_atI+0;14;transformed_atI+132;15;transformationsL0;13;parent_objectS0;","3a98ecbca9eb81930dce8333bc4384789ecbfdacdaeff0c9dccbb4a3c530781e"
"obj.Kant.Sheaf.instReprEigenSpace.repr.match_1","def","Kant.Sheaf.instReprEigenSpace.repr.match_1","ASSERTED","(motive : Kant.Sheaf.EigenSpace → Sort u_1) →   (x : Kant.Sheaf.EigenSpace) →     (Unit → motive Kant.Sheaf.EigenSpace.earth) →       (Unit → motive Kant.Sheaf.EigenSpace.spoke) →         (Unit → motive Kant.Sheaf.EigenSpace.hub) →           (Unit → motive Kant.Sheaf.EigenSpace.clock) → motive x","L0;","O0;","L0;","L0;","L0;","L0;","L0;","L0;","S296;(motive : Kant.Sheaf.EigenSpace → Sort u_1) →   (x : Kant.Sheaf.EigenSpace) →     (Unit → motive Kant.Sheaf.EigenSpace.earth) →       (Unit → motive Kant.Sheaf.EigenSpace.spoke) →         (Unit → motive Kant.Sheaf.EigenSpace.hub) →           (Unit → motive Kant.Sheaf.EigenSpace.clock) → motive x","O7;13;source_systemS5;lean411;source_fileS30;RequestProject/Kant/Sheaf.lean13;source_formatS4;text11;imported_atI+0;14;transformed_atI+0;15;transformationsL0;13;parent_objectS0;","49f101e1308b0920fa4c3db2ad477783cff1130e9ceb286e53c9c58933135331"
"obj.Kant.Codec.digitVal.eq_2","theorem","Kant.Codec.digitVal.eq_2","PROVEN","Eq (Kant.Codec.digitVal '1') (Option.some 1)","L0;","O0;","L0;","L0;","L1;S30;claim.Kant.Codec.digitVal.eq_2","L0;","L1;S30;proof.Kant.Codec.digitVal.eq_2","L0;","S44;Eq (Kant.Codec.digitVal '1') (Option.some 1)","O7;13;source_systemS5;lean411;source_fileS35;RequestProject/Kant/Codec/Yaml.lean13;source_formatS4;text11;imported_atI+0;14;transformed_atI+0;15;transformationsL0;13;parent_objectS0;","7d28b9950fce3804447e6959f32e2f57371cb66db775adaa408d2bb56535047d"
"obj.Kant.Dasl.mergeCids_assoc","theorem","Kant.Dasl.mergeCids_assoc","PROVEN","∀ (c₁ c₂ c₃ : Nat),   Eq (Kant.Dasl.mergeCids (Kant.Dasl.mergeCids c₁ c₂) c₃)     (Kant.Dasl.mergeCids c₁ (Kant.Dasl.mergeCids c₂ c₃))","L0;","O0;","L0;","L0;","L1;S31;claim.Kant.Dasl.mergeCids_assoc","L0;","L1;S31;proof.Kant.Dasl.mergeCids_assoc","L0;","S134;∀ (c₁ c₂ c₃ : Nat),   Eq (Kant.Dasl.mergeCids (Kant.Dasl.mergeCids c₁ c₂) c₃)     (Kant.Dasl.mergeCids c₁ (Kant.Dasl.mergeCids c₂ c₃))","O7;13;source_systemS5;lean411;source_fileS29;RequestProject/Kant/Dasl.lean13;source_formatS4;text11;imported_atI+0;14;transformed_atI+367;15;transformationsL0;13;parent_objectS0;","58df7eef79c0ed3786662be2526f6c9cf75e99a1176cd2155917cc6567d6c64a"
"obj.Kant.CardDebug.cardWarnings_nil","theorem","Kant.CardDebug.cardWarnings_nil","PROVEN","∀ {origin : List Char} {k : Kant.SiteCard.Card},   Eq (Kant.CardDebug.relative k.picture) Bool.false →     Eq (origin.isPrefixOf k.url) Bool.true → Eq (Kant.CardDebug.cardWarnings origin k) List.nil","L1;S31;obj.Kant.CardDebug.cardWarnings","O0;","L0;","L0;","L1;S37;claim.Kant.CardDebug.cardWarnings_nil","L0;","L1;S37;proof.Kant.CardDebug.cardWarnings_nil","L0;","S198;∀ {origin : List Char} {k : Kant.SiteCard.Card},   Eq (Kant.CardDebug.relative k.picture) Bool.false →     Eq (origin.isPrefixOf k.url) Bool.true → Eq (Kant.CardDebug.cardWarnings origin k) List.nil","O7;13;source_systemS5;lean411;source_fileS34;RequestProject/Kant/CardDebug.lean13;source_formatS4;text11;imported_atI+0;14;transformed_atI+357;15;transformationsL0;13;parent_objectS0;","a372a96de6cac0b53dd1817b21fe8f0a9c150888828af7a76a3030aa88ba85fc"
"obj.Kant.Dom.Truth.noConfusion","def","Kant.Dom.Truth.noConfusion","ASSERTED","{P : Sort v✝} → {x y : Kant.Dom.Truth} → Eq x y → Kant.Dom.Truth.noConfusionType P x y","L0;","O0;","L0;","L0;","L0;","L0;","L0;","L0;","S86;{P : Sort v✝} → {x y : Kant.Dom.Truth} → Eq x y → Kant.Dom.Truth.noConfusionType P x y","O7;13;source_systemS5;lean411;source_fileS37;RequestProject/Kant/Domain/Model.lean13;source_formatS4;text11;imported_atI+0;14;transformed_atI+46;15;transformationsL0;13;parent_objectS0;","25f91a9015acacc5a66e887764acc47a59d4e2eab00e196fed71ccd86d1a3444"
"obj.Kant.Dom.instReprSummary.repr","def","Kant.Dom.instReprSummary.repr","ASSERTED","Kant.Dom.Summary → Nat → Std.Format","L1;S27;obj.Kant.Dom.Summary.proven","O0;","L0;","L0;","L0;","L0;","L0;","L0;","S35;Kant.Dom.Summary → Nat → Std.Format","O7;13;source_systemS5;lean411;source_fileS38;RequestProject/Kant/Domain/Ledger.lean13;source_formatS4;text11;imported_atI+0;14;transformed_atI+247;15;transformationsL0;13;parent_objectS0;","8cb971ed725b8ed88990bc36e00cb6eb9ee9f9397405920eb122b4f56d4a43e1"
"obj.Kant.Wasm.Func.noConfusionType","def","Kant.Wasm.Func.noConfusionType","ASSERTED","Sort u → Kant.Wasm.Func → Kant.Wasm.Func → Sort u","L0;","O0;","L0;","L0;","L0;","L0;","L0;","L0;","S49;Sort u → Kant.Wasm.Func → Kant.Wasm.Func → Sort u","O7;13;source_systemS5;lean411;source_fileS31;RequestProject/Wasm/Syntax.lean13;source_formatS4;text11;imported_atI+0;14;transformed_atI+0;15;transformationsL0;13;parent_objectS0;","94f885753cbee9dfc38f42dc1a36c5f44813c346a640c7dd5dbcfa8d4e63cb32"
"obj.Kant.Diagnostics.printEvent_ne_nil","theorem","Kant.Diagnostics.printEvent_ne_nil","PROVEN","∀ (e : Kant.Diagnostics.Event), Ne (Kant.Diagnostics.printEvent e) List.nil","L0;","O0;","L0;","L0;","L1;S40;claim.Kant.Diagnostics.printEvent_ne_nil","L0;","L1;S40;proof.Kant.Diagnostics.printEvent_ne_nil","L0;","S75;∀ (e : Kant.Diagnostics.Event), Ne (Kant.Diagnostics.printEvent e) List.nil","O7;13;source_systemS5;lean411;source_fileS36;RequestProject/Kant/Diagnostics.lean13;source_formatS4;text11;imported_atI+0;14;transformed_atI+357;15;transformationsL0;13;parent_objectS0;","10791f4c970d761a8205c264490694eddfaef5bb6ae22eec5dfb1b4d0a825a6f"
"obj.Kant.Dom.metaTable.eq_1","theorem","Kant.Dom.metaTable.eq_1","PROVEN","∀ (d : Kant.Dom.Domain),   Eq (Kant.Dom.metaTable d)     (Kant.Dom.tableText Kant.Dom.metaHeader (List.cons (Kant.Dom.metaRow d) List.nil))","L0;","O0;","L0;","L0;","L1;S29;claim.Kant.Dom.metaTable.eq_1","L0;","L1;S29;proof.Kant.Dom.metaTable.eq_1","L0;","S139;∀ (d : Kant.Dom.Domain),   Eq (Kant.Dom.metaTable d)     (Kant.Dom.tableText Kant.Dom.metaHeader (List.cons (Kant.Dom.metaRow d) List.nil))","O7;13;source_systemS5;lean411;source_fileS37;RequestProject/Kant/Domain/Table.lean13;source_formatS4;text11;imported_atI+0;14;transformed_atI+0;15;transformationsL0;13;parent_objectS0;","e7f0b05a8ce10799fa5965f023f0c23eb97b451328b8f9cb91724e2f281185d0"
"obj.Kant.Dasl.cidPrefix_mkCid","theorem","Kant.Dasl.cidPrefix_mkCid","PROVEN","∀ (t p : Nat), Eq (Kant.Dasl.cidPrefix (Kant.Dasl.mkCid t p)) Kant.Dasl.daslPrefix","L0;","O0;","L0;","L0;","L1;S31;claim.Kant.Dasl.cidPrefix_mkCid","L0;","L1;S31;proof.Kant.Dasl.cidPrefix_mkCid","L0;","S82;∀ (t p : Nat), Eq (Kant.Dasl.cidPrefix (Kant.Dasl.mkCid t p)) Kant.Dasl.daslPrefix","O7;13;source_systemS5;lean411;source_fileS29;RequestProject/Kant/Dasl.lean13;source_formatS4;text11;imported_atI+0;14;transformed_atI+94;15;transformationsL0;13;parent_objectS0;","5b0a7f8c4c2aac1acb56de8c79a34ead6caf9cf084ccf694a8f8be92fb6292d7"
"obj.Kant.Dasl.bottCoords_length","theorem","Kant.Dasl.bottCoords_length","PROVEN","Eq Kant.Dasl.bottCoords.length 8","L0;","O0;","L0;","L0;","L1;S33;claim.Kant.Dasl.bottCoords_length","L0;","L1;S33;proof.Kant.Dasl.bottCoords_length","L0;","S32;Eq Kant.Dasl.bottCoords.length 8","O7;13;source_systemS5;lean411;source_fileS29;RequestProject/Kant/Dasl.lean13;source_formatS4;text11;imported_atI+0;14;transformed_atI+301;15;transformationsL0;13;parent_objectS0;","6cb6028f36cf77eecfc9b4a8788a6781248e4ea3d83ee1889390bddebde5441b"
"obj.Kant.Cli.instReprCmd","def","Kant.Cli.instReprCmd","ASSERTED","Repr Kant.Cli.Cmd","L0;","O0;","L0;","L0;","L0;","L0;","L0;","L0;","S17;Repr Kant.Cli.Cmd","O7;13;source_systemS5;lean411;source_fileS28;RequestProject/Kant/Cli.lean13;source_formatS4;text11;imported_atI+0;14;transformed_atI+727;15;transformationsL0;13;parent_objectS0;","4dff41c137dec2583d1312cbd01d355b13b83a28582201dedd6e586078abaa61"
"obj.Kant.Connectivity.Verdict.noConfusion","def","Kant.Connectivity.Verdict.noConfusion","ASSERTED","{P : Sort v✝} →   {x y : Kant.Connectivity.Verdict} → Eq x y → Kant.Connectivity.Verdict.noConfusionType P x y","L0;","O0;","L0;","L0;","L0;","L0;","L0;","L0;","S110;{P : Sort v✝} →   {x y : Kant.Connectivity.Verdict} → Eq x y → Kant.Connectivity.Verdict.noConfusionType P x y","O7;13;source_systemS5;lean411;source_fileS37;RequestProject/Kant/Connectivity.lean13;source_formatS4;text11;imported_atI+0;14;transformed_atI+173;15;transformationsL0;13;parent_objectS0;","5dba484236ce97b97686dd575d5985b60ff00546363f8f934a852c6854cd9960"
"obj.Kant.Onboarding.Task.ctorIdx","def","Kant.Onboarding.Task.ctorIdx","ASSERTED","Kant.Onboarding.Task → Nat","L0;","O0;","L0;","L0;","L0;","L0;","L0;","L0;","S26;Kant.Onboarding.Task → Nat","O7;13;source_systemS5;lean411;source_fileS35;RequestProject/Kant/Onboarding.lean13;source_formatS4;text11;imported_atI+0;14;transformed_atI+0;15;transformationsL0;13;parent_objectS0;","cf06f5a59cd9ecfc3394074478e8067fd3b2197d608e462202d6285402e2a0f5"
"obj.Kant.Codec.Trans.source","def","Kant.Codec.Trans.source","ASSERTED","Kant.Codec.Trans → Kant.Codec.Fmt","L0;","O0;","L0;","L0;","L0;","L0;","L0;","L0;","S33;Kant.Codec.Trans → Kant.Codec.Fmt","O7;13;source_systemS5;lean411;source_fileS36;RequestProject/Kant/Codec/Model.lean13;source_formatS4;text11;imported_atI+0;14;transformed_atI+277;15;transformationsL0;13;parent_objectS0;","343c48f480619b95a2fece0b27f321caa53af8b95b5559a739beb0b1f4db5dac"
"obj.Kant.Cli.Method.ctorElimType","def","Kant.Cli.Method.ctorElimType","ASSERTED","{motive : Kant.Cli.Method → Sort u} → Nat → Sort (max 1 u)","L1;S19;obj.Kant.Cli.Method","O0;","L0;","L0;","L0;","L0;","L0;","L0;","S58;{motive : Kant.Cli.Method → Sort u} → Nat → Sort (max 1 u)","O7;13;source_systemS5;lean411;source_fileS28;RequestProject/Kant/Cli.lean13;source_formatS4;text11;imported_atI+0;14;transformed_atI+0;15;transformationsL0;13;parent_objectS0;","65106e48ad9417c02a5a6d1b3886e073ff2a7ff6a80ad4be24de02f6b7045981"
"obj.Kant.CodeMovie.Circuit.not.noConfusion","def","Kant.CodeMovie.Circuit.not.noConfusion","ASSERTED","{P : Sort u} → {c c' : Kant.CodeMovie.Circuit} → Eq c.not c'.not → (Eq c c' → P) → P","L0;","O0;","L0;","L0;","L0;","L0;","L0;","L0;","S84;{P : Sort u} → {c c' : Kant.CodeMovie.Circuit} → Eq c.not c'.not → (Eq c c' → P) → P","O7;13;source_systemS5;lean411;source_fileS34;RequestProject/Kant/CodeMovie.lean13;source_formatS4;text11;imported_atI+0;14;transformed_atI+159;15;transformationsL0;13;parent_objectS0;","1004b814f7f97bb4f7011f7463070d874159bf4a472b67a2cbdba8297e56ff15"
"obj.Kant.CodeMovie.Circuit.inp.inj","theorem","Kant.CodeMovie.Circuit.inp.inj","PROVEN","∀ {i i_1 : Nat}, Eq (Kant.CodeMovie.Circuit.inp i) (Kant.CodeMovie.Circuit.inp i_1) → Eq i i_1","L0;","O0;","L0;","L0;","L1;S36;claim.Kant.CodeMovie.Circuit.inp.inj","L0;","L1;S36;proof.Kant.CodeMovie.Circuit.inp.inj","L0;","S94;∀ {i i_1 : Nat}, Eq (Kant.CodeMovie.Circuit.inp i) (Kant.CodeMovie.Circuit.inp i_1) → Eq i i_1","O7;13;source_systemS5;lean411;source_fileS34;RequestProject/Kant/CodeMovie.lean13;source_formatS4;text11;imported_atI+0;14;transformed_atI+0;15;transformationsL0;13;parent_objectS0;","a8e64ecfc13a5544de14001fe0e11b6f06749e9370bb45caa9a950baab12d205"
"obj.Kant.Dom.claimIdOf","def","Kant.Dom.claimIdOf","ASSERTED","List Char → Kant.Dom.Id","L0;","O0;","L0;","L0;","L0;","L0;","L0;","L0;","S23;List Char → Kant.Dom.Id","O7;13;source_systemS5;lean411;source_fileS39;RequestProject/Kant/Domain/Catalog.lean13;source_formatS4;text11;imported_atI+0;14;transformed_atI+65;15;transformationsL0;13;parent_objectS0;","12db564b172dd9b6a679c661b8d355f1c7ff74b4816b1f707f26c6c39fb1646b"
"obj.Kant.Uucp.readParts.eq_2","theorem","Kant.Uucp.readParts.eq_2","PROVEN","∀ (t : List Char) (ts : List (List Char)),   Eq (Kant.Uucp.readParts (List.cons t ts))     (Kant.Uucp.readParts.match_1 (fun x x_1 => Option (List Kant.Sneakernet.Frame))       ((Kant.Clipboard.Envelope.decode t).bind Kant.Uucp.toPart) (Kant.Uucp.readParts ts)       (fun f fs => Option.some (List.cons f fs)) fun x x_1 => Option.none)","L0;","O0;","L0;","L0;","L1;S30;claim.Kant.Uucp.readParts.eq_2","L0;","L1;S30;proof.Kant.Uucp.readParts.eq_2","L0;","S335;∀ (t : List Char) (ts : List (List Char)),   Eq (Kant.Uucp.readParts (List.cons t ts))     (Kant.Uucp.readParts.match_1 (fun x x_1 => Option (List Kant.Sneakernet.Frame))       ((Kant.Clipboard.Envelope.decode t).bind Kant.Uucp.toPart) (Kant.Uucp.readParts ts)       (fun f fs => Option.some (List.cons f fs)) fun x x_1 => Option.none)","O7;13;source_systemS5;lean411;source_fileS29;RequestProject/Kant/Uucp.lean13;source_formatS4;text11;imported_atI+0;14;transformed_atI+0;15;transformationsL0;13;parent_objectS0;","565465bb9ec24b62070ccc3fb94d869d47986febf8bf71a490d87b4d8db2be4f"
"obj.Kant.Wasm.Kernel.hexDigitE","def","Kant.Wasm.Kernel.hexDigitE","ASSERTED","Kant.Wasm.Expr","L1;S31;obj.Kant.Wasm.Kernel.hexDigitOf","O0;","L0;","L0;","L0;","L0;","L0;","L0;","S14;Kant.Wasm.Expr","O7;13;source_systemS5;lean411;source_fileS31;RequestProject/Wasm/Kernel.lean13;source_formatS4;text11;imported_atI+0;14;transformed_atI+43;15;transformationsL0;13;parent_objectS0;","0449b72e937bdaa5322ce1eba9ec4e7269fb1f350ec43b3fd1452851ab05708c"
"obj.Kant.PlainText.copyPlainWithMeta.eq_1","theorem","Kant.PlainText.copyPlainWithMeta.eq_1","PROVEN","∀ (c : Kant.SiteCard.Config) (p : Kant.Paste),   Eq (Kant.PlainText.copyPlainWithMeta c p)     (Kant.PlainText.render (Kant.PlainText.plainText p) (Kant.PlainText.metaFor c p))","L0;","O0;","L0;","L0;","L1;S43;claim.Kant.PlainText.copyPlainWithMeta.eq_1","L0;","L1;S43;proof.Kant.PlainText.copyPlainWithMeta.eq_1","L0;","S176;∀ (c : Kant.SiteCard.Config) (p : Kant.Paste),   Eq (Kant.PlainText.copyPlainWithMeta c p)     (Kant.PlainText.render (Kant.PlainText.plainText p) (Kant.PlainText.metaFor c p))","O7;13;source_systemS5;lean411;source_fileS34;RequestProject/Kant/PlainText.lean13;source_formatS4;text11;imported_atI+0;14;transformed_atI+0;15;transformationsL0;13;parent_objectS0;","ef1a4f1073e294a5ff3917e1d530265a7c3a720e134900dfb152654ce63bed14"
"obj.Kant.Dom.validated_matches_ledger","theorem","Kant.Dom.validated_matches_ledger","PROVEN","∀ (d : Kant.Dom.Domain) (oid i : Kant.Dom.Id) (t : Kant.Dom.Truth) {p : Kant.Dom.ProofRec},   Eq (Kant.Dom.findProof d i) (Option.some p) →     Eq p.status Kant.Dom.PStatus.valid →       And (Eq (Kant.Dom.step d oid (Kant.Dom.Event.validated i) t).fst Kant.Dom.Truth.proven)         (Eq (Kant.Dom.step d oid (Kant.Dom.Event.validated i) t).snd Option.none)","L0;","O0;","L0;","L0;","L1;S39;claim.Kant.Dom.validated_matches_ledger","L0;","L1;S39;proof.Kant.Dom.validated_matches_ledger","L0;","S356;∀ (d : Kant.Dom.Domain) (oid i : Kant.Dom.Id) (t : Kant.Dom.Truth) {p : Kant.Dom.ProofRec},   Eq (Kant.Dom.findProof d i) (Option.some p) →     Eq p.status Kant.Dom.PStatus.valid →       And (Eq (Kant.Dom.step d oid (Kant.Dom.Event.validated i) t).fst Kant.Dom.Truth.proven)         (Eq (Kant.Dom.step d oid (Kant.Dom.Event.validated i) t).snd Option.none)","O7;13;source_systemS5;lean411;source_fileS38;RequestProject/Kant/Domain/Policy.lean13;source_formatS4;text11;imported_atI+0;14;transformed_atI+186;15;transformationsL0;13;parent_objectS0;","16d46d246c73b32367fa8d9e2b7e2bc0ef567d4a115dbe896cbcf8c3efe222b6"
"obj.Kant.Dom.fileOf","def","Kant.Dom.fileOf","ASSERTED","List Kant.Dom.File → List Char → Option (List Char)","L0;","O0;","L0;","L0;","L0;","L0;","L0;","L0;","S51;List Kant.Dom.File → List Char → Option (List Char)","O7;13;source_systemS5;lean411;source_fileS39;RequestProject/Kant/Domain/Package.lean13;source_formatS4;text11;imported_atI+0;14;transformed_atI+170;15;transformationsL0;13;parent_objectS0;","e39c5094dcc72e4583b51290d45b7c927420aeb2a5d442ff3c965a5b8b1c756c"
"obj.Kant.Dom.Decl.status","def","Kant.Dom.Decl.status","ASSERTED","Kant.Dom.Decl → Kant.Dom.PStatus","L0;","O0;","L0;","L0;","L0;","L0;","L0;","L0;","S32;Kant.Dom.Decl → Kant.Dom.PStatus","O7;13;source_systemS5;lean411;source_fileS39;RequestProject/Kant/Domain/Catalog.lean13;source_formatS4;text11;imported_atI+0;14;transformed_atI+77;15;transformationsL0;13;parent_objectS0;","ede596a0669edccc338e3a1ad79fa2cf78ba34fdb77bca2a79ace96713637f3d"
"obj.Kant.Codec.readNat","def","Kant.Codec.readNat","ASSERTED","List Char → Option (Prod Nat (List Char))","L0;","O0;","L0;","L0;","L0;","L0;","L0;","L0;","S41;List Char → Option (Prod Nat (List Char))","O7;13;source_systemS5;lean411;source_fileS34;RequestProject/Kant/Codec/Val.lean13;source_formatS4;text11;imported_atI+0;14;transformed_atI+162;15;transformationsL0;13;parent_objectS0;","838b6ca075f92e2d28a24ea3aa5a1dda5f387c6da3f4344fbd7675505cded6cc"
"obj.Kant.Cli.pageOf","def","Kant.Cli.pageOf","ASSERTED","List Char → List Char","L0;","O0;","L0;","L0;","L0;","L0;","L0;","L0;","S21;List Char → List Char","O7;13;source_systemS5;lean411;source_fileS28;RequestProject/Kant/Cli.lean13;source_formatS4;text11;imported_atI+0;14;transformed_atI+473;15;transformationsL0;13;parent_objectS0;","60fcb3e1d79ccad272be6cfb00475dd55bb8bbe6ced9f034bb0fe51daad9d8f7"
"obj.Kant.Cli.digitsValue_cursorQueryTail","theorem","Kant.Cli.digitsValue_cursorQueryTail","PROVEN","∀ (cursor : Nat),   Eq (Kant.Text.digitsValue (instHAppendOfAppend.hAppend ""cursor="".toList (Kant.Cli.decNum cursor)))     cursor","L2;S25;obj.Kant.Text.digitsValueS31;obj.Kant.Cli.digitsValue_append","O0;","L0;","L0;","L1;S42;claim.Kant.Cli.digitsValue_cursorQueryTail","L0;","L1;S42;proof.Kant.Cli.digitsValue_cursorQueryTail","L0;","S129;∀ (cursor : Nat),   Eq (Kant.Text.digitsValue (instHAppendOfAppend.hAppend ""cursor="".toList (Kant.Cli.decNum cursor)))     cursor","O7;13;source_systemS5;lean411;source_fileS28;RequestProject/Kant/Cli.lean13;source_formatS4;text11;imported_atI+0;14;transformed_atI+273;15;transformationsL0;13;parent_objectS0;","9481477b57287450280003c7cacc80ebce90349cac5f56660be59bc2de2accf1"
"obj.Kant.Codec.project_embed","theorem","Kant.Codec.project_embed","PROVEN","∀ (v : Kant.Codec.Val), Eq (Kant.Codec.project (Kant.Codec.embed v)) v","L0;","O0;","L0;","L0;","L1;S30;claim.Kant.Codec.project_embed","L0;","L1;S30;proof.Kant.Codec.project_embed","L0;","S70;∀ (v : Kant.Codec.Val), Eq (Kant.Codec.project (Kant.Codec.embed v)) v","O7;13;source_systemS5;lean411;source_fileS35;RequestProject/Kant/Codec/Ipdl.lean13;source_formatS4;text11;imported_atI+0;14;transformed_atI+193;15;transformationsL0;13;parent_objectS0;","660dea1ff0a3d231a414f494dbcb303edeeb55ce4054a78399331fd293264020"
"obj.Kant.CardDebug.cardWarnings.eq_1","theorem","Kant.CardDebug.cardWarnings.eq_1","PROVEN","∀ (origin : List Char) (k : Kant.SiteCard.Card),   Eq (Kant.CardDebug.cardWarnings origin k)     (instHAppendOfAppend.hAppend       (ite (Eq (Kant.CardDebug.relative k.picture) Bool.true)         (List.cons Kant.CardDebug.Warning.relativePicture List.nil) List.nil)       (ite (Eq (origin.isPrefixOf k.url) Bool.true) List.nil         (List.cons Kant.CardDebug.Warning.foreignOrigin List.nil)))","L1;S31;obj.Kant.CardDebug.cardWarnings","O0;","L0;","L0;","L1;S38;claim.Kant.CardDebug.cardWarnings.eq_1","L0;","L1;S38;proof.Kant.CardDebug.cardWarnings.eq_1","L0;","S394;∀ (origin : List Char) (k : Kant.SiteCard.Card),   Eq (Kant.CardDebug.cardWarnings origin k)     (instHAppendOfAppend.hAppend       (ite (Eq (Kant.CardDebug.relative k.picture) Bool.true)         (List.cons Kant.CardDebug.Warning.relativePicture List.nil) List.nil)       (ite (Eq (origin.isPrefixOf k.url) Bool.true) List.nil         (List.cons Kant.CardDebug.Warning.foreignOrigin List.nil)))","O7;13;source_systemS5;lean411;source_fileS34;RequestProject/Kant/CardDebug.lean13;source_formatS4;text11;imported_atI+0;14;transformed_atI+0;15;transformationsL0;13;parent_objectS0;","648bd802d1e8ff4a3efb775afdb1c245ef8e5be9368e78aceb149f1257886c07"
"obj.Kant.Diagnostics.Log.Wf","def","Kant.Diagnostics.Log.Wf","ASSERTED","Kant.Diagnostics.Log → Prop","L0;","O0;","L0;","L0;","L0;","L0;","L0;","L0;","S27;Kant.Diagnostics.Log → Prop","O7;13;source_systemS5;lean411;source_fileS36;RequestProject/Kant/Diagnostics.lean13;source_formatS4;text11;imported_atI+0;14;transformed_atI+263;15;transformationsL0;13;parent_objectS0;","b316a46021031d1cded576d9187e667750fc4b0dbbb374e2486c65feeb77e34d"
"obj.Kant.Codec.optVal.eq_1","theorem","Kant.Codec.optVal.eq_1","PROVEN","∀ {α : Type} (f : α → Kant.Codec.Val), Eq (Kant.Codec.optVal f Option.none) Kant.Codec.Val.null","L0;","O0;","L0;","L0;","L1;S28;claim.Kant.Codec.optVal.eq_1","L0;","L1;S28;proof.Kant.Codec.optVal.eq_1","L0;","S95;∀ {α : Type} (f : α → Kant.Codec.Val), Eq (Kant.Codec.optVal f Option.none) Kant.Codec.Val.null","O7;13;source_systemS5;lean411;source_fileS36;RequestProject/Kant/Codec/Model.lean13;source_formatS4;text11;imported_atI+0;14;transformed_atI+0;15;transformationsL0;13;parent_objectS0;","0accc6c2cf68c853b16f976bc6e885801251ea0751db78a9cfe9c13936246206"
"obj.Kant.InviteCard.inviteUrl_fits_qr","theorem","Kant.InviteCard.inviteUrl_fits_qr","PROVEN","∀ {c : Kant.SiteCard.Config} {i : Kant.Rendezvous.Invite},   instLENat.le c.origin.length 500 →     instLENat.le (List.map List.length (Kant.Rendezvous.ofInvite i).fields).sum 1100 →       instLENat.le (Kant.Rendezvous.ofInvite i).fields.length 100 →         instLENat.le (Kant.InviteCard.inviteUrl c i).length Kant.Sneakernet.Channel.qr.capacity","L0;","O0;","L0;","L0;","L1;S39;claim.Kant.InviteCard.inviteUrl_fits_qr","L0;","L1;S39;proof.Kant.InviteCard.inviteUrl_fits_qr","L0;","S346;∀ {c : Kant.SiteCard.Config} {i : Kant.Rendezvous.Invite},   instLENat.le c.origin.length 500 →     instLENat.le (List.map List.length (Kant.Rendezvous.ofInvite i).fields).sum 1100 →       instLENat.le (Kant.Rendezvous.ofInvite i).fields.length 100 →         instLENat.le (Kant.InviteCard.inviteUrl c i).length Kant.Sneakernet.Channel.qr.capacity","O7;13;source_systemS5;lean411;source_fileS35;RequestProject/Kant/InviteCard.lean13;source_formatS4;text11;imported_atI+0;14;transformed_atI+258;15;transformationsL0;13;parent_objectS0;","a72f474afadeca42c11e57f855b409359936c30132debd14ae8e15fe0faceb27"
"obj.Kant.Codec.ExportReport.lossiness","def","Kant.Codec.ExportReport.lossiness","ASSERTED","Kant.Codec.ExportReport → Kant.Codec.Loss","L0;","O0;","L0;","L0;","L0;","L0;","L0;","L0;","S41;Kant.Codec.ExportReport → Kant.Codec.Loss","O7;13;source_systemS5;lean411;source_fileS39;RequestProject/Kant/Codec/Exchange.lean13;source_formatS4;text11;imported_atI+0;14;transformed_atI+229;15;transformationsL0;13;parent_objectS0;","8a31718584ea5b01589a561afa7677ae30c66a47fac85e33a85c4772302df400"
"obj.Kant.Wasm.Expr.compile.eq_2","theorem","Kant.Wasm.Expr.compile.eq_2","PROVEN","∀ (a : Nat), Eq (Kant.Wasm.Expr.var a).compile (List.cons (Kant.Wasm.Instr.localGet a) List.nil)","L0;","O0;","L0;","L0;","L1;S33;claim.Kant.Wasm.Expr.compile.eq_2","L0;","L1;S33;proof.Kant.Wasm.Expr.compile.eq_2","L0;","S96;∀ (a : Nat), Eq (Kant.Wasm.Expr.var a).compile (List.cons (Kant.Wasm.Instr.localGet a) List.nil)","O7;13;source_systemS5;lean411;source_fileS34;RequestProject/Wasm/Semantics.lean13;source_formatS4;text11;imported_atI+0;14;transformed_atI+0;15;transformationsL0;13;parent_objectS0;","c2e3d29e02ddb339521404a98874c3169cb7c8ba82cdeffb885682520cfeec18"
"obj.Kant.Clipboard.parseOptField.eq_1","theorem","Kant.Clipboard.parseOptField.eq_1","PROVEN","Eq (Kant.Clipboard.parseOptField (List.cons 0 List.nil)) (Option.some Option.none)","L0;","O0;","L0;","L0;","L1;S39;claim.Kant.Clipboard.parseOptField.eq_1","L0;","L1;S39;proof.Kant.Clipboard.parseOptField.eq_1","L0;","S82;Eq (Kant.Clipboard.parseOptField (List.cons 0 List.nil)) (Option.some Option.none)","O7;13;source_systemS5;lean411;source_fileS34;RequestProject/Kant/Clipboard.lean13;source_formatS4;text11;imported_atI+0;14;transformed_atI+0;15;transformationsL0;13;parent_objectS0;","90d0c6f2eab2ddd3ddd0eda81c0a23f0b918623c0bd0f1d90347eb1c85e312f6"
"obj.Kant.Dom.PStatus.noConfusionType","def","Kant.Dom.PStatus.noConfusionType","ASSERTED","Sort v✝ → Kant.Dom.PStatus → Kant.Dom.PStatus → Sort v✝","L0;","O0;","L0;","L0;","L0;","L0;","L0;","L0;","S55;Sort v✝ → Kant.Dom.PStatus → Kant.Dom.PStatus → Sort v✝","O7;13;source_systemS5;lean411;source_fileS37;RequestProject/Kant/Domain/Model.lean13;source_formatS4;text11;imported_atI+0;14;transformed_atI+0;15;transformationsL0;13;parent_objectS0;","bcd0f9845bdae98a58a55885525648a53dbae46b8ca8d0b43965c7b951f8edcf"
"obj.Kant.Onboarding.Event.unhush.sizeOf_spec","theorem","Kant.Onboarding.Event.unhush.sizeOf_spec","PROVEN","Eq (Kant.Onboarding.Event._sizeOf_inst.sizeOf Kant.Onboarding.Event.unhush) 1","L0;","O0;","L0;","L0;","L1;S46;claim.Kant.Onboarding.Event.unhush.sizeOf_spec","L0;","L1;S46;proof.Kant.Onboarding.Event.unhush.sizeOf_spec","L0;","S77;Eq (Kant.Onboarding.Event._sizeOf_inst.sizeOf Kant.Onboarding.Event.unhush) 1","O7;13;source_systemS5;lean411;source_fileS35;RequestProject/Kant/Onboarding.lean13;source_formatS4;text11;imported_atI+0;14;transformed_atI+0;15;transformationsL0;13;parent_objectS0;","cf44564fa5354dc513195c1e94e83c1260311285436ec39fab3b278193c4dbec"
"obj.Kant.Sync.Source.archiveOrg.sizeOf_spec","theorem","Kant.Sync.Source.archiveOrg.sizeOf_spec","PROVEN","Eq (Kant.Sync.Source._sizeOf_inst.sizeOf Kant.Sync.Source.archiveOrg) 1","L0;","O0;","L0;","L0;","L1;S45;claim.Kant.Sync.Source.archiveOrg.sizeOf_spec","L0;","L1;S45;proof.Kant.Sync.Source.archiveOrg.sizeOf_spec","L0;","S71;Eq (Kant.Sync.Source._sizeOf_inst.sizeOf Kant.Sync.Source.archiveOrg) 1","O7;13;source_systemS5;lean411;source_fileS29;RequestProject/Kant/Sync.lean13;source_formatS4;text11;imported_atI+0;14;transformed_atI+0;15;transformationsL0;13;parent_objectS0;","f4397abf7bd36dfd5708d92ca9e8690a367dc969d6769a97440ffb75e71d38a4"
"obj.Kant.Repost.tagQuote","def","Kant.Repost.tagQuote","ASSERTED","Kant.Bytes.Blob","L1;S24;obj.Kant.Text.asciiBytes","O0;","L0;","L0;","L0;","L0;","L0;","L0;","S15;Kant.Bytes.Blob","O7;13;source_systemS5;lean411;source_fileS31;RequestProject/Kant/Repost.lean13;source_formatS4;text11;imported_atI+0;14;transformed_atI+49;15;transformationsL0;13;parent_objectS0;","ecefd83d2c3a72ff5a73172e04d5207c8513576eee5cf445495b8bd996a25b42"
"obj.Kant.Sneakernet.Channel.toCtorIdx","def","Kant.Sneakernet.Channel.toCtorIdx","ASSERTED","Kant.Sneakernet.Channel → Nat","L0;","O0;","L0;","L0;","L0;","L0;","L0;","L0;","S29;Kant.Sneakernet.Channel → Nat","O7;13;source_systemS5;lean411;source_fileS35;RequestProject/Kant/Sneakernet.lean13;source_formatS4;text11;imported_atI+0;14;transformed_atI+0;15;transformationsL0;13;parent_objectS0;","58e5d71b9d8941def609afd91d95d001326555cd8ae169b87267c85d73dcce0b"
"obj.Kant.Codec.xNull","def","Kant.Codec.xNull","ASSERTED","List Char","L0;","O0;","L0;","L0;","L0;","L0;","L0;","L0;","S9;List Char","O7;13;source_systemS5;lean411;source_fileS34;RequestProject/Kant/Codec/Xml.lean13;source_formatS4;text11;imported_atI+0;14;transformed_atI+28;15;transformationsL0;13;parent_objectS0;","33389abca1063e861bff23d35591efb9ce4329ccdb5661a05d66a3e9e62f2453"
"obj.Kant.Wasm.Kernel.socialChunksE","def","Kant.Wasm.Kernel.socialChunksE","ASSERTED","Kant.Wasm.Expr","L0;","O0;","L0;","L0;","L0;","L0;","L0;","L0;","S14;Kant.Wasm.Expr","O7;13;source_systemS5;lean411;source_fileS31;RequestProject/Wasm/Kernel.lean13;source_formatS4;text11;imported_atI+0;14;transformed_atI+76;15;transformationsL0;13;parent_objectS0;","0e3795637aa9aca2ed5edcfdb1f8dc258151938041ba26dc923f996b46b76e5f"
"obj.Kant.CodeMovie.ungodel.eq_def","theorem","Kant.CodeMovie.ungodel.eq_def","PROVEN","∀ (x : Nat),   Eq (Kant.CodeMovie.ungodel x)     (Kant.CodeMovie.ungodel.match_1 (fun x => Kant.CodeMovie.Snippet) x (fun _ => List.nil) fun n =>       List.cons (Nat.unpair n).fst (Kant.CodeMovie.ungodel (Nat.unpair n).snd))","L0;","O0;","L0;","L0;","L1;S35;claim.Kant.CodeMovie.ungodel.eq_def","L0;","L1;S35;proof.Kant.CodeMovie.ungodel.eq_def","L0;","S225;∀ (x : Nat),   Eq (Kant.CodeMovie.ungodel x)     (Kant.CodeMovie.ungodel.match_1 (fun x => Kant.CodeMovie.Snippet) x (fun _ => List.nil) fun n =>       List.cons (Nat.unpair n).fst (Kant.CodeMovie.ungodel (Nat.unpair n).snd))","O7;13;source_systemS5;lean411;source_fileS34;RequestProject/Kant/CodeMovie.lean13;source_formatS4;text11;imported_atI+0;14;transformed_atI+0;15;transformationsL0;13;parent_objectS0;","f8ce85dbe38032f1e49db7b2fdb8c83e7324ad2e005f03635c366f6d0a1c6d40"
"obj.Kant.Onboarding.instDecidableEqProgress.decEq.match_1","def","Kant.Onboarding.instDecidableEqProgress.decEq.match_1","ASSERTED","(motive : Kant.Onboarding.Progress → Kant.Onboarding.Progress → Sort u_1) →   (x x_1 : Kant.Onboarding.Progress) →     ((a a_1 a_2 b b_1 b_2 : Bool) →         motive { gotIn := a, sharedIt := a_1, saidHello := a_2 }           { gotIn := b, sharedIt := b_1, saidHello := b_2 }) →       motive x x_1","L1;S28;obj.Kant.Onboarding.Progress","O0;","L0;","L0;","L0;","L0;","L0;","L0;","S297;(motive : Kant.Onboarding.Progress → Kant.Onboarding.Progress → Sort u_1) →   (x x_1 : Kant.Onboarding.Progress) →     ((a a_1 a_2 b b_1 b_2 : Bool) →         motive { gotIn := a, sharedIt := a_1, saidHello := a_2 }           { gotIn := b, sharedIt := b_1, saidHello := b_2 }) →       motive x x_1","O7;13;source_systemS5;lean411;source_fileS35;RequestProject/Kant/Onboarding.lean13;source_formatS4;text11;imported_atI+0;14;transformed_atI+0;15;transformationsL0;13;parent_objectS0;","e9b8613335d54b7db468c79e1982017a299ee47b44084c1762bb7f01d4d816d4"
"obj.Kant.Dom.DomObj.provenance","def","Kant.Dom.DomObj.provenance","ASSERTED","Kant.Dom.DomObj → Option Kant.Codec.Prov","L0;","O0;","L0;","L0;","L0;","L0;","L0;","L0;","S40;Kant.Dom.DomObj → Option Kant.Codec.Prov","O7;13;source_systemS5;lean411;source_fileS37;RequestProject/Kant/Domain/Model.lean13;source_formatS4;text11;imported_atI+0;14;transformed_atI+310;15;transformationsL0;13;parent_objectS0;","2978b4c0fe8c2011fcd6cc11a0867356af73aba9666b4ca30a02464b4496da58"
"obj.Kant.Dom.recombine.eq_2","theorem","Kant.Dom.recombine.eq_2","PROVEN","∀ (x x_1 x_2 x_3 : Kant.Codec.Val),   (∀ (fs : List (Prod (List Char) Kant.Codec.Val)) (os ps rs : List Kant.Codec.Val),       Eq x (Kant.Codec.Val.obj fs) →         Eq x_1 (Kant.Codec.Val.list os) →           Eq x_2 (Kant.Codec.Val.list ps) → Eq x_3 (Kant.Codec.Val.list rs) → False) →     Eq (Kant.Dom.recombine x x_1 x_2 x_3) Option.none","L0;","O0;","L0;","L0;","L1;S29;claim.Kant.Dom.recombine.eq_2","L0;","L1;S29;proof.Kant.Dom.recombine.eq_2","L0;","S340;∀ (x x_1 x_2 x_3 : Kant.Codec.Val),   (∀ (fs : List (Prod (List Char) Kant.Codec.Val)) (os ps rs : List Kant.Codec.Val),       Eq x (Kant.Codec.Val.obj fs) →         Eq x_1 (Kant.Codec.Val.list os) →           Eq x_2 (Kant.Codec.Val.list ps) → Eq x_3 (Kant.Codec.Val.list rs) → False) →     Eq (Kant.Dom.recombine x x_1 x_2 x_3) Option.none","O7;13;source_systemS5;lean411;source_fileS36;RequestProject/Kant/Domain/Emit.lean13;source_formatS4;text11;imported_atI+0;14;transformed_atI+0;15;transformationsL0;13;parent_objectS0;","020dded18e447f6fcc64c1c797735a8cbc3cb2a23646f4a50df43a3807d073d2"
"obj.Kant.Diagnostics.Log.add","def","Kant.Diagnostics.Log.add","ASSERTED","Kant.Diagnostics.Log → Kant.Diagnostics.Event → Kant.Diagnostics.Log","L0;","O0;","L0;","L0;","L0;","L0;","L0;","L0;","S68;Kant.Diagnostics.Log → Kant.Diagnostics.Event → Kant.Diagnostics.Log","O7;13;source_systemS5;lean411;source_fileS36;RequestProject/Kant/Diagnostics.lean13;source_formatS4;text11;imported_atI+0;14;transformed_atI+220;15;transformationsL0;13;parent_objectS0;","fcb75c2c7fa984add9494239285badca2c9f797cd2652f27ad2373c04d0309a4"
"obj.Kant.Clipboard.toPastes.eq_1","theorem","Kant.Clipboard.toPastes.eq_1","PROVEN","∀ (e : Kant.Clipboard.Envelope),   Eq (Kant.Clipboard.toPastes e)     (ite (Ne e.tag Kant.Clipboard.tagBundle) Option.none (Kant.Clipboard.decodeList e.fields))","L0;","O0;","L0;","L0;","L1;S34;claim.Kant.Clipboard.toPastes.eq_1","L0;","L1;S34;proof.Kant.Clipboard.toPastes.eq_1","L0;","S160;∀ (e : Kant.Clipboard.Envelope),   Eq (Kant.Clipboard.toPastes e)     (ite (Ne e.tag Kant.Clipboard.tagBundle) Option.none (Kant.Clipboard.decodeList e.fields))","O7;13;source_systemS5;lean411;source_fileS34;RequestProject/Kant/Clipboard.lean13;source_formatS4;text11;imported_atI+0;14;transformed_atI+0;15;transformationsL0;13;parent_objectS0;","21b754e119fcf6aa8721acd0da1563a530150e09e89f9da461ab85ed277e7f6f"
"obj.Kant.Wasm.Expr.const.noConfusion","def","Kant.Wasm.Expr.const.noConfusion","ASSERTED","{P : Sort u} →   {n n' : Nat} → Eq (Kant.Wasm.Expr.const n) (Kant.Wasm.Expr.const n') → (Eq n n' → P) → P","L0;","O0;","L0;","L0;","L0;","L0;","L0;","L0;","S105;{P : Sort u} →   {n n' : Nat} → Eq (Kant.Wasm.Expr.const n) (Kant.Wasm.Expr.const n') → (Eq n n' → P) → P","O7;13;source_systemS5;lean411;source_fileS31;RequestProject/Wasm/Syntax.lean13;source_formatS4;text11;imported_atI+0;14;transformed_atI+51;15;transformationsL0;13;parent_objectS0;","1e2b7192efddda13f3763252ac3fa480d1c644e962348ef9049e5035256d1376"
"obj.Kant.Dom.relationsVal.eq_1","theorem","Kant.Dom.relationsVal.eq_1","PROVEN","∀ (d : Kant.Dom.Domain),   Eq (Kant.Dom.relationsVal d) (Kant.Codec.Val.list (List.map Kant.Dom.Relation.toVal d.relations))","L0;","O0;","L0;","L0;","L1;S32;claim.Kant.Dom.relationsVal.eq_1","L0;","L1;S32;proof.Kant.Dom.relationsVal.eq_1","L0;","S124;∀ (d : Kant.Dom.Domain),   Eq (Kant.Dom.relationsVal d) (Kant.Codec.Val.list (List.map Kant.Dom.Relation.toVal d.relations))","O7;13;source_systemS5;lean411;source_fileS36;RequestProject/Kant/Domain/Emit.lean13;source_formatS4;text11;imported_atI+0;14;transformed_atI+0;15;transformationsL0;13;parent_objectS0;","41cb5315a7105a36f8340f0da125ad71196c55a69e3e7f88e4429532d4865b73"
"obj.Kant.CodeMovie.Circuit.tokens.eq_def","theorem","Kant.CodeMovie.Circuit.tokens.eq_def","PROVEN","∀ (x : Kant.CodeMovie.Circuit),   Eq x.tokens     (Kant.CodeMovie.instReprCircuit.repr.match_1 (fun x => List Nat) x       (fun i => List.cons 0 (List.cons i List.nil))       (fun b => List.cons 1 (List.cons (ite (Eq b Bool.true) 1 0) List.nil))       (fun c => instHAppendOfAppend.hAppend c.tokens (List.cons 2 List.nil))       (fun c₁ c₂ =>         instHAppendOfAppend.hAppend (instHAppendOfAppend.hAppend c₁.tokens c₂.tokens)           (List.cons 3 List.nil))       fun c₁ c₂ =>       instHAppendOfAppend.hAppend (instHAppendOfAppend.hAppend c₁.tokens c₂.tokens)         (List.cons 4 List.nil))","L0;","O0;","L0;","L0;","L1;S42;claim.Kant.CodeMovie.Circuit.tokens.eq_def","L0;","L1;S42;proof.Kant.CodeMovie.Circuit.tokens.eq_def","L0;","S597;∀ (x : Kant.CodeMovie.Circuit),   Eq x.tokens     (Kant.CodeMovie.instReprCircuit.repr.match_1 (fun x => List Nat) x       (fun i => List.cons 0 (List.cons i List.nil))       (fun b => List.cons 1 (List.cons (ite (Eq b Bool.true) 1 0) List.nil))       (fun c => instHAppendOfAppend.hAppend c.tokens (List.cons 2 List.nil))       (fun c₁ c₂ =>         instHAppendOfAppend.hAppend (instHAppendOfAppend.hAppend c₁.tokens c₂.tokens)           (List.cons 3 List.nil))       fun c₁ c₂ =>       instHAppendOfAppend.hAppend (instHAppendOfAppend.hAppend c₁.tokens c₂.tokens)         (List.cons 4 List.nil))","O7;13;source_systemS5;lean411;source_fileS34;RequestProject/Kant/CodeMovie.lean13;source_formatS4;text11;imported_atI+0;14;transformed_atI+0;15;transformationsL0;13;parent_objectS0;","28340fa3df996dfb14162747af4e55f8dcba777ffef7e37955730b3abab6d3b6"
"obj.Kant.SiteCard.logoSide","def","Kant.SiteCard.logoSide","ASSERTED","Nat → Nat","L0;","O0;","L0;","L0;","L0;","L0;","L0;","L0;","S9;Nat → Nat","O7;13;source_systemS5;lean411;source_fileS33;RequestProject/Kant/SiteCard.lean13;source_formatS4;text11;imported_atI+0;14;transformed_atI+511;15;transformationsL0;13;parent_objectS0;","b77792eacae9a7d44aea9bc02405e537642ddafb47d415ba41f0a1e0e3ab0f0d"
"obj.Kant.Codec.Val.int.noConfusion","def","Kant.Codec.Val.int.noConfusion","ASSERTED","{P : Sort u} → {n n' : Int} → Eq (Kant.Codec.Val.int n) (Kant.Codec.Val.int n') → (Eq n n' → P) → P","L0;","O0;","L0;","L0;","L0;","L0;","L0;","L0;","S99;{P : Sort u} → {n n' : Int} → Eq (Kant.Codec.Val.int n) (Kant.Codec.Val.int n') → (Eq n n' → P) → P","O7;13;source_systemS5;lean411;source_fileS34;RequestProject/Kant/Codec/Val.lean13;source_formatS4;text11;imported_atI+0;14;transformed_atI+40;15;transformationsL0;13;parent_objectS0;","0de719765c7890ed45de4fbc8f7151524b1a04da87da18ff5772ca32f05b8eb4"
"obj.Kant.CardDebug.Code","inductive","Kant.CardDebug.Code","ASSERTED","Type","L0;","O0;","L0;","L0;","L0;","L0;","L0;","L0;","S4;Type","O7;13;source_systemS5;lean411;source_fileS34;RequestProject/Kant/CardDebug.lean13;source_formatS4;text11;imported_atI+0;14;transformed_atI+87;15;transformationsL0;13;parent_objectS0;","ab4943eae81967c0099d564ff25660f38a64e99132e214e62f2130cb66b43d19"
"obj.Kant.Demo.demoBob","def","Kant.Demo.demoBob","ASSERTED","Kant.Uucp.Node","L0;","O0;","L0;","L0;","L0;","L0;","L0;","L0;","S14;Kant.Uucp.Node","O7;13;source_systemS5;lean411;source_fileS29;RequestProject/Kant/Demo.lean13;source_formatS4;text11;imported_atI+0;14;transformed_atI+422;15;transformationsL0;13;parent_objectS0;","6bfc6977f2790f91b3637f4aeec9abde75ebb9a12aa968abdba762cb8e1d3a78"
"obj.Kant.PlainText.Meta.title","def","Kant.PlainText.Meta.title","ASSERTED","Kant.PlainText.Meta → List Char","L0;","O0;","L0;","L0;","L0;","L0;","L0;","L0;","S31;Kant.PlainText.Meta → List Char","O7;13;source_systemS5;lean411;source_fileS34;RequestProject/Kant/PlainText.lean13;source_formatS4;text11;imported_atI+0;14;transformed_atI+89;15;transformationsL0;13;parent_objectS0;","5d1ad4d0b2060ca5b4a49ee9f64f524ad02031d2048012977e6727e7dea9f51c"
"obj.Kant.Cli.Method","inductive","Kant.Cli.Method","ASSERTED","Type","L0;","O0;","L0;","L0;","L0;","L0;","L0;","L0;","S4;Type","O7;13;source_systemS5;lean411;source_fileS28;RequestProject/Kant/Cli.lean13;source_formatS4;text11;imported_atI+0;14;transformed_atI+142;15;transformationsL0;13;parent_objectS0;","3973de13a1403f795ddc1af35201d316c4b03fb6f61ce87362d8e64ba02bda10"
"obj.Kant.PlainText.dropWhile_append_sep","theorem","Kant.PlainText.dropWhile_append_sep","PROVEN","∀ {α : Type} {p : α → Bool} {a : List α} {x : α} {b : List α},   (∀ (y : α), List.instMembership.mem a y → Eq (p y) Bool.true) →     Eq (p x) Bool.false →       Eq (List.dropWhile p (instHAppendOfAppend.hAppend a (List.cons x b))) (List.cons x b)","L0;","O0;","L0;","L0;","L1;S41;claim.Kant.PlainText.dropWhile_append_sep","L0;","L1;S41;proof.Kant.PlainText.dropWhile_append_sep","L0;","S246;∀ {α : Type} {p : α → Bool} {a : List α} {x : α} {b : List α},   (∀ (y : α), List.instMembership.mem a y → Eq (p y) Bool.true) →     Eq (p x) Bool.false →       Eq (List.dropWhile p (instHAppendOfAppend.hAppend a (List.cons x b))) (List.cons x b)","O7;13;source_systemS5;lean411;source_fileS34;RequestProject/Kant/PlainText.lean13;source_formatS4;text11;imported_atI+0;14;transformed_atI+306;15;transformationsL0;13;parent_objectS0;","17f2050858d008fddec63ea19f098cba25a9fe683e5451a76735fd87ad97b964"
"obj.Kant.Wasm.Decode.bytesN.eq_def","theorem","Kant.Wasm.Decode.bytesN.eq_def","PROVEN","∀ (x : Nat) (x_1 : Kant.Wasm.Decode.Bytes),   Eq (Kant.Wasm.Decode.bytesN x x_1)     (Kant.Wasm.Decode.bytesN.match_3       (fun x x_2 => Option (Prod Kant.Wasm.Decode.Bytes Kant.Wasm.Decode.Bytes)) x x_1       (fun bs => Option.some { fst := List.nil, snd := bs }) (fun n => Option.none) fun n b bs =>       Kant.Wasm.Decode.bytesN.match_1         (fun x => Option (Prod Kant.Wasm.Decode.Bytes Kant.Wasm.Decode.Bytes))         (Kant.Wasm.Decode.bytesN n bs) (fun xs r => Option.some { fst := List.cons b xs, snd := r })         fun _ => Option.none)","L0;","O0;","L0;","L0;","L1;S36;claim.Kant.Wasm.Decode.bytesN.eq_def","L0;","L1;S36;proof.Kant.Wasm.Decode.bytesN.eq_def","L0;","S550;∀ (x : Nat) (x_1 : Kant.Wasm.Decode.Bytes),   Eq (Kant.Wasm.Decode.bytesN x x_1)     (Kant.Wasm.Decode.bytesN.match_3       (fun x x_2 => Option (Prod Kant.Wasm.Decode.Bytes Kant.Wasm.Decode.Bytes)) x x_1       (fun bs => Option.some { fst := List.nil, snd := bs }) (fun n => Option.none) fun n b bs =>       Kant.Wasm.Decode.bytesN.match_1         (fun x => Option (Prod Kant.Wasm.Decode.Bytes Kant.Wasm.Decode.Bytes))         (Kant.Wasm.Decode.bytesN n bs) (fun xs r => Option.some { fst := List.cons b xs, snd := r })         fun _ => Option.none)","O7;13;source_systemS5;lean411;source_fileS31;RequestProject/Wasm/Decode.lean13;source_formatS4;text11;imported_atI+0;14;transformed_atI+0;15;transformationsL0;13;parent_objectS0;","68a68ed34885dc5450a4b3b40bf0c827bbed36c88263d91abea52836521bb16d"
"obj.Kant.Credits.Ledger.recOn","def","Kant.Credits.Ledger.recOn","ASSERTED","{motive : Kant.Credits.Ledger → Sort u} →   (t : Kant.Credits.Ledger) →     ((earnLog spendLog : List (Prod Kant.Credits.Peer Nat)) →         motive { earnLog := earnLog, spendLog := spendLog }) →       motive t","L0;","O0;","L0;","L0;","L0;","L0;","L0;","L0;","S211;{motive : Kant.Credits.Ledger → Sort u} →   (t : Kant.Credits.Ledger) →     ((earnLog spendLog : List (Prod Kant.Credits.Peer Nat)) →         motive { earnLog := earnLog, spendLog := spendLog }) →       motive t","O7;13;source_systemS5;lean411;source_fileS32;RequestProject/Kant/Credits.lean13;source_formatS4;text11;imported_atI+0;14;transformed_atI+40;15;transformationsL0;13;parent_objectS0;","4b694ea2eb083cb33635d09bd4dce9688027050dd3ad32e995a9b4651ca07a5e"
"obj.Kant.Codec.Level.structural.elim","def","Kant.Codec.Level.structural.elim","ASSERTED","{motive : Kant.Codec.Level → Sort u} →   (t : Kant.Codec.Level) → Eq t.ctorIdx 1 → motive Kant.Codec.Level.structural → motive t","L0;","O0;","L0;","L0;","L0;","L0;","L0;","L0;","S128;{motive : Kant.Codec.Level → Sort u} →   (t : Kant.Codec.Level) → Eq t.ctorIdx 1 → motive Kant.Codec.Level.structural → motive t","O7;13;source_systemS5;lean411;source_fileS39;RequestProject/Kant/Codec/Exchange.lean13;source_formatS4;text11;imported_atI+0;14;transformed_atI+289;15;transformationsL0;13;parent_objectS0;","e4cd3a8d8b2d4c436541ba1b5aa04f403d828863812c55c18911290a4b840b4e"
"obj.Kant.ShareLog.shareReport","def","Kant.ShareLog.shareReport","ASSERTED","List (List Char) →   Kant.Connectivity.Verdict → List Char → List Char → Kant.Diagnostics.Log → Kant.Diagnostics.Report","L1;S27;obj.Kant.Diagnostics.Report","O0;","L0;","L0;","L0;","L0;","L0;","L0;","S119;List (List Char) →   Kant.Connectivity.Verdict → List Char → List Char → Kant.Diagnostics.Log → Kant.Diagnostics.Report","O7;13;source_systemS5;lean411;source_fileS33;RequestProject/Kant/ShareLog.lean13;source_formatS4;text11;imported_atI+0;14;transformed_atI+36;15;transformationsL0;13;parent_objectS0;","2cb28dc6f69d4a331741e77d527b93a0a0631ce516899a21bbc125f0b4991b1e"
"obj.Kant.Cli.pageOf.eq_1","theorem","Kant.Cli.pageOf.eq_1","PROVEN","Eq (Kant.Cli.pageOf List.nil) List.nil","L1;S19;obj.Kant.Cli.pageOf","O0;","L0;","L0;","L1;S26;claim.Kant.Cli.pageOf.eq_1","L0;","L1;S26;proof.Kant.Cli.pageOf.eq_1","L0;","S38;Eq (Kant.Cli.pageOf List.nil) List.nil","O7;13;source_systemS5;lean411;source_fileS28;RequestProject/Kant/Cli.lean13;source_formatS4;text11;imported_atI+0;14;transformed_atI+0;15;transformationsL0;13;parent_objectS0;","cbd3e59e83e21fa62c2bd4a48e965939d9a2c1c7eb02534059ac3c991245c8d3"
"obj.Kant.Onboarding.Event.copyLink.sizeOf_spec","theorem","Kant.Onboarding.Event.copyLink.sizeOf_spec","PROVEN","Eq (Kant.Onboarding.Event._sizeOf_inst.sizeOf Kant.Onboarding.Event.copyLink) 1","L0;","O0;","L0;","L0;","L1;S48;claim.Kant.Onboarding.Event.copyLink.sizeOf_spec","L0;","L1;S48;proof.Kant.Onboarding.Event.copyLink.sizeOf_spec","L0;","S79;Eq (Kant.Onboarding.Event._sizeOf_inst.sizeOf Kant.Onboarding.Event.copyLink) 1","O7;13;source_systemS5;lean411;source_fileS35;RequestProject/Kant/Onboarding.lean13;source_formatS4;text11;imported_atI+0;14;transformed_atI+0;15;transformationsL0;13;parent_objectS0;","3c47528940f876c5e021861a3f35e7f246d78a247378531f0f4230bc2f9b8bcc"
"obj.Kant.Codec.lookupF.eq_2","theorem","Kant.Codec.lookupF.eq_2","PROVEN","∀ (k k' : List Char) (v : Kant.Codec.Val) (rest : List (Prod (List Char) Kant.Codec.Val)),   Eq (Kant.Codec.lookupF (List.cons { fst := k', snd := v } rest) k)     (ite (Eq k' k) (Option.some v) (Kant.Codec.lookupF rest k))","L0;","O0;","L0;","L0;","L1;S29;claim.Kant.Codec.lookupF.eq_2","L0;","L1;S29;proof.Kant.Codec.lookupF.eq_2","L0;","S223;∀ (k k' : List Char) (v : Kant.Codec.Val) (rest : List (Prod (List Char) Kant.Codec.Val)),   Eq (Kant.Codec.lookupF (List.cons { fst := k', snd := v } rest) k)     (ite (Eq k' k) (Option.some v) (Kant.Codec.lookupF rest k))","O7;13;source_systemS5;lean411;source_fileS36;RequestProject/Kant/Codec/Model.lean13;source_formatS4;text11;imported_atI+0;14;transformed_atI+0;15;transformationsL0;13;parent_objectS0;","06ba842c90ee5207eac3db453d610ebc154eb4bb4c5590e5edfa4a14be43ca9a"
"obj.Kant.Onboarding.Event.goto.elim","def","Kant.Onboarding.Event.goto.elim","ASSERTED","{motive : Kant.Onboarding.Event → Sort u} →   (t : Kant.Onboarding.Event) →     Eq t.ctorIdx 0 →       ((s : Kant.Onboarding.Screen) → motive (Kant.Onboarding.Event.goto s)) → motive t","L0;","O0;","L0;","L0;","L0;","L0;","L0;","L0;","S184;{motive : Kant.Onboarding.Event → Sort u} →   (t : Kant.Onboarding.Event) →     Eq t.ctorIdx 0 →       ((s : Kant.Onboarding.Screen) → motive (Kant.Onboarding.Event.goto s)) → motive t","O7;13;source_systemS5;lean411;source_fileS35;RequestProject/Kant/Onboarding.lean13;source_formatS4;text11;imported_atI+0;14;transformed_atI+66;15;transformationsL0;13;parent_objectS0;","6ec75212faf7f669988d8e910f3e22564234a5c66fdfd6235f39cbafaee66770"
"obj.Kant.Sneakernet.Channel.noConfusionType","def","Kant.Sneakernet.Channel.noConfusionType","ASSERTED","Sort v✝ → Kant.Sneakernet.Channel → Kant.Sneakernet.Channel → Sort v✝","L0;","O0;","L0;","L0;","L0;","L0;","L0;","L0;","S69;Sort v✝ → Kant.Sneakernet.Channel → Kant.Sneakernet.Channel → Sort v✝","O7;13;source_systemS5;lean411;source_fileS35;RequestProject/Kant/Sneakernet.lean13;source_formatS4;text11;imported_atI+0;14;transformed_atI+0;15;transformationsL0;13;parent_objectS0;","0653bc6cba13b8edf934638c258cab02ce1824b36aba6d0724825159ac5765dc"
"obj.Kant.Dom.danglingRefs.eq_1","theorem","Kant.Dom.danglingRefs.eq_1","PROVEN","∀ (d : Kant.Dom.Domain),   Eq (Kant.Dom.danglingRefs d)     (List.flatMap       (fun o => List.map (fun i => { fst := o.id, snd := i }) (Kant.Dom.unresolvedRefs d o))       d.objects)","L0;","O0;","L0;","L0;","L1;S32;claim.Kant.Dom.danglingRefs.eq_1","L0;","L1;S32;proof.Kant.Dom.danglingRefs.eq_1","L0;","S183;∀ (d : Kant.Dom.Domain),   Eq (Kant.Dom.danglingRefs d)     (List.flatMap       (fun o => List.map (fun i => { fst := o.id, snd := i }) (Kant.Dom.unresolvedRefs d o))       d.objects)","O7;13;source_systemS5;lean411;source_fileS39;RequestProject/Kant/Domain/Package.lean13;source_formatS4;text11;imported_atI+0;14;transformed_atI+0;15;transformationsL0;13;parent_objectS0;","74a7a50aedad6ac2e63ccdfad3c674f588eb2eeb799e611c674d07e8414bb70f"
"obj.Kant.Codec.xmlEncFields.eq_def","theorem","Kant.Codec.xmlEncFields.eq_def","PROVEN","∀ (x : List (Prod (List Char) Kant.Codec.Val)),   Eq (Kant.Codec.xmlEncFields x)     (Kant.Codec.xmlEncFields.match_1 (fun x => List Char) x (fun _ => List.nil) fun k v fs =>       instHAppendOfAppend.hAppend Kant.Codec.xEntryOpen         (instHAppendOfAppend.hAppend (Kant.Codec.xesc k)           (instHAppendOfAppend.hAppend Kant.Codec.xEntryMid             (instHAppendOfAppend.hAppend (Kant.Codec.xmlEnc v)               (instHAppendOfAppend.hAppend Kant.Codec.xEntryClose (Kant.Codec.xmlEncFields fs))))))","L3;S27;obj.Kant.Codec.xmlEncFieldsS24;obj.Kant.Codec.Val.belowS20;obj.Kant.Codec.xNull","O0;","L0;","L0;","L1;S36;claim.Kant.Codec.xmlEncFields.eq_def","L0;","L1;S36;proof.Kant.Codec.xmlEncFields.eq_def","L0;","S510;∀ (x : List (Prod (List Char) Kant.Codec.Val)),   Eq (Kant.Codec.xmlEncFields x)     (Kant.Codec.xmlEncFields.match_1 (fun x => List Char) x (fun _ => List.nil) fun k v fs =>       instHAppendOfAppend.hAppend Kant.Codec.xEntryOpen         (instHAppendOfAppend.hAppend (Kant.Codec.xesc k)           (instHAppendOfAppend.hAppend Kant.Codec.xEntryMid             (instHAppendOfAppend.hAppend (Kant.Codec.xmlEnc v)               (instHAppendOfAppend.hAppend Kant.Codec.xEntryClose (Kant.Codec.xmlEncFields fs))))))","O7;13;source_systemS5;lean411;source_fileS34;RequestProject/Kant/Codec/Xml.lean13;source_formatS4;text11;imported_atI+0;14;transformed_atI+0;15;transformationsL0;13;parent_objectS0;","2b61ee4f17c0795796c31ac02d74152c1380128190df3dbd05093e7fb76900d2"
"obj.Kant.Join.words_append_blank","theorem","Kant.Join.words_append_blank","PROVEN","∀ (a b : List Char) {sp : Char},   Eq (Kant.Join.isBlank sp) Bool.true →     Eq (Kant.Join.words (instHAppendOfAppend.hAppend a (List.cons sp b)))       (instHAppendOfAppend.hAppend (Kant.Join.words a) (Kant.Join.words b))","L1;S36;obj.Kant.Join.splitCh_append_general","O0;","L0;","L0;","L1;S34;claim.Kant.Join.words_append_blank","L0;","L1;S34;proof.Kant.Join.words_append_blank","L0;","S222;∀ (a b : List Char) {sp : Char},   Eq (Kant.Join.isBlank sp) Bool.true →     Eq (Kant.Join.words (instHAppendOfAppend.hAppend a (List.cons sp b)))       (instHAppendOfAppend.hAppend (Kant.Join.words a) (Kant.Join.words b))","O7;13;source_systemS5;lean411;source_fileS29;RequestProject/Kant/Join.lean13;source_formatS4;text11;imported_atI+0;14;transformed_atI+180;15;transformationsL0;13;parent_objectS0;","ba829bd03756278d93ddfc6fb8212c52da0e130aa0322b9fcfc1d5e957e06464"
"obj.Kant.Codec.recover.eq_5","theorem","Kant.Codec.recover.eq_5","PROVEN","∀ (xs : List Kant.Codec.Val),   Eq (Kant.Codec.recover (Kant.Codec.Val.list xs))     (Option.map Kant.Codec.Ipdl.list (Kant.Codec.recoverList xs))","L0;","O0;","L0;","L0;","L1;S29;claim.Kant.Codec.recover.eq_5","L0;","L1;S29;proof.Kant.Codec.recover.eq_5","L0;","S146;∀ (xs : List Kant.Codec.Val),   Eq (Kant.Codec.recover (Kant.Codec.Val.list xs))     (Option.map Kant.Codec.Ipdl.list (Kant.Codec.recoverList xs))","O7;13;source_systemS5;lean411;source_fileS35;RequestProject/Kant/Codec/Ipdl.lean13;source_formatS4;text11;imported_atI+0;14;transformed_atI+0;15;transformationsL0;13;parent_objectS0;","4b54e5c8a571f370833dd96bb46f4eab570e9edd4411e63ee6c7931bc0e6add9"
"obj.Kant.Wasm.Decode.codeDec_code","theorem","Kant.Wasm.Decode.codeDec_code","PROVEN","∀ (f : Kant.Wasm.Func) (rest : Kant.Wasm.Decode.Bytes),   Eq (Kant.Wasm.Decode.codeDec (instHAppendOfAppend.hAppend (Kant.Wasm.Encode.code f) rest))     (Option.some { fst := List.map Kant.Wasm.Decode.toRaw f.body.compile, snd := rest })","L1;S23;obj.Kant.Wasm.Func.body","O0;","L0;","L0;","L1;S35;claim.Kant.Wasm.Decode.codeDec_code","L0;","L1;S35;proof.Kant.Wasm.Decode.codeDec_code","L0;","S237;∀ (f : Kant.Wasm.Func) (rest : Kant.Wasm.Decode.Bytes),   Eq (Kant.Wasm.Decode.codeDec (instHAppendOfAppend.hAppend (Kant.Wasm.Encode.code f) rest))     (Option.some { fst := List.map Kant.Wasm.Decode.toRaw f.body.compile, snd := rest })","O7;13;source_systemS5;lean411;source_fileS31;RequestProject/Wasm/Decode.lean13;source_formatS4;text11;imported_atI+0;14;transformed_atI+462;15;transformationsL0;13;parent_objectS0;","d8d19efd3f89e7badc26501656654925f7b412d0f89046bcb82ac9dc6f58aa37"
"obj.Kant.Sheaf.DaslType.toCtorIdx","def","Kant.Sheaf.DaslType.toCtorIdx","ASSERTED","Kant.Sheaf.DaslType → Nat","L0;","O0;","L0;","L0;","L0;","L0;","L0;","L0;","S25;Kant.Sheaf.DaslType → Nat","O7;13;source_systemS5;lean411;source_fileS30;RequestProject/Kant/Sheaf.lean13;source_formatS4;text11;imported_atI+0;14;transformed_atI+0;15;transformationsL0;13;parent_objectS0;","676d632a4d8f6d9d80222a7b6aab5072f794d88b5cfd9bc7ed61f750b1a9aaec"
"obj.Kant.Dom.instReprCoverage.repr.match_1","def","Kant.Dom.instReprCoverage.repr.match_1","ASSERTED","(motive : Kant.Dom.Coverage → Sort u_1) →   (x : Kant.Dom.Coverage) →     (Unit → motive Kant.Dom.Coverage.proven) →       (Unit → motive Kant.Dom.Coverage.partiallyProven) →         (Unit → motive Kant.Dom.Coverage.unproven) →           (Unit → motive Kant.Dom.Coverage.contradicted) → motive x","L0;","O0;","L0;","L0;","L0;","L0;","L0;","L0;","S295;(motive : Kant.Dom.Coverage → Sort u_1) →   (x : Kant.Dom.Coverage) →     (Unit → motive Kant.Dom.Coverage.proven) →       (Unit → motive Kant.Dom.Coverage.partiallyProven) →         (Unit → motive Kant.Dom.Coverage.unproven) →           (Unit → motive Kant.Dom.Coverage.contradicted) → motive x","O7;13;source_systemS5;lean411;source_fileS37;RequestProject/Kant/Domain/Model.lean13;source_formatS4;text11;imported_atI+0;14;transformed_atI+0;15;transformationsL0;13;parent_objectS0;","e3c891292ad3497556aa0b131781af62e404dd1fb0d2db478ae9c5bd892e73b4"
"obj.Kant.Codec.Ipdl.obj.noConfusion","def","Kant.Codec.Ipdl.obj.noConfusion","ASSERTED","{P : Sort u} →   {fs fs' : List (Prod (List Char) Kant.Codec.Ipdl)} →     Eq (Kant.Codec.Ipdl.obj fs) (Kant.Codec.Ipdl.obj fs') → (Eq fs fs' → P) → P","L0;","O0;","L0;","L0;","L0;","L0;","L0;","L0;","S149;{P : Sort u} →   {fs fs' : List (Prod (List Char) Kant.Codec.Ipdl)} →     Eq (Kant.Codec.Ipdl.obj fs) (Kant.Codec.Ipdl.obj fs') → (Eq fs fs' → P) → P","O7;13;source_systemS5;lean411;source_fileS35;RequestProject/Kant/Codec/Ipdl.lean13;source_formatS4;text11;imported_atI+0;14;transformed_atI+45;15;transformationsL0;13;parent_objectS0;","c79a9b6726ea03f70868b93e752f29a4ca9c5b3e5520d275fbf8e0c29ec81352"
"obj.Kant.Uucp.Carrier.ofNat_ctorIdx","theorem","Kant.Uucp.Carrier.ofNat_ctorIdx","PROVEN","∀ (x : Kant.Uucp.Carrier), Eq (Kant.Uucp.Carrier.ofNat x.ctorIdx) x","L0;","O0;","L0;","L0;","L1;S37;claim.Kant.Uucp.Carrier.ofNat_ctorIdx","L0;","L1;S37;proof.Kant.Uucp.Carrier.ofNat_ctorIdx","L0;","S67;∀ (x : Kant.Uucp.Carrier), Eq (Kant.Uucp.Carrier.ofNat x.ctorIdx) x","O7;13;source_systemS5;lean411;source_fileS29;RequestProject/Kant/Uucp.lean13;source_formatS4;text11;imported_atI+0;14;transformed_atI+0;15;transformationsL0;13;parent_objectS0;","e231c14f1af297fe5a352d7f3be7a42923faa27c1ea293d8ce84ea0a8d4b8a83"
"obj.Kant.Codec.Compat.major.sizeOf_spec","theorem","Kant.Codec.Compat.major.sizeOf_spec","PROVEN","Eq (Kant.Codec.Compat._sizeOf_inst.sizeOf Kant.Codec.Compat.major) 1","L0;","O0;","L0;","L0;","L1;S41;claim.Kant.Codec.Compat.major.sizeOf_spec","L0;","L1;S41;proof.Kant.Codec.Compat.major.sizeOf_spec","L0;","S68;Eq (Kant.Codec.Compat._sizeOf_inst.sizeOf Kant.Codec.Compat.major) 1","O7;13;source_systemS5;lean411;source_fileS39;RequestProject/Kant/Codec/Exchange.lean13;source_formatS4;text11;imported_atI+0;14;transformed_atI+0;15;transformationsL0;13;parent_objectS0;","ec8fe12f2dcfe44632dd09920a600fd968d86c371441c660353010c0753f8273"
"obj.Kant.Dom.Event.importedFrom.noConfusion","def","Kant.Dom.Event.importedFrom.noConfusion","ASSERTED","{P : Sort u} →   {source source' : List Char} →     Eq (Kant.Dom.Event.importedFrom source) (Kant.Dom.Event.importedFrom source') →       (Eq source source' → P) → P","L0;","O0;","L0;","L0;","L0;","L0;","L0;","L0;","S165;{P : Sort u} →   {source source' : List Char} →     Eq (Kant.Dom.Event.importedFrom source) (Kant.Dom.Event.importedFrom source') →       (Eq source source' → P) → P","O7;13;source_systemS5;lean411;source_fileS38;RequestProject/Kant/Domain/Policy.lean13;source_formatS4;text11;imported_atI+0;14;transformed_atI+40;15;transformationsL0;13;parent_objectS0;","16623c6d1b3fa9fd8ce198346f7c961ac0c5780bd667a4274c941378d857ef04"
"obj.Kant.Relay.Server.lines","def","Kant.Relay.Server.lines","ASSERTED","Kant.Relay.Server → List Char → List (List Char)","L0;","O0;","L0;","L0;","L0;","L0;","L0;","L0;","S48;Kant.Relay.Server → List Char → List (List Char)","O7;13;source_systemS5;lean411;source_fileS30;RequestProject/Kant/Relay.lean13;source_formatS4;text11;imported_atI+0;14;transformed_atI+166;15;transformationsL0;13;parent_objectS0;","b964216e8ec2de052c18389636c5d532368ad88830381b7f1275acde944bcd0c"
"obj.Kant.Bytes.hexDecode.eq_2","theorem","Kant.Bytes.hexDecode.eq_2","PROVEN","∀ (head : Char), Eq (Kant.Bytes.hexDecode (List.cons head List.nil)) Option.none","L0;","O0;","L0;","L0;","L1;S31;claim.Kant.Bytes.hexDecode.eq_2","L0;","L1;S31;proof.Kant.Bytes.hexDecode.eq_2","L0;","S80;∀ (head : Char), Eq (Kant.Bytes.hexDecode (List.cons head List.nil)) Option.none","O7;13;source_systemS5;lean411;source_fileS30;RequestProject/Kant/Bytes.lean13;source_formatS4;text11;imported_atI+0;14;transformed_atI+0;15;transformationsL0;13;parent_objectS0;","6de32a027e850c48d50a45b2cea9ce33e021ce489be5160eab2449bf284babe9"
"obj.Kant.CodeMovie.rleEncode.match_1","def","Kant.CodeMovie.rleEncode.match_1","ASSERTED","(motive : List (Prod Nat Nat) → Sort u_1) →   (x : List (Prod Nat Nat)) →     (Unit → motive List.nil) →       ((y n : Nat) →           (rest : List (Prod Nat Nat)) → motive (List.cons { fst := y, snd := n } rest)) →         motive x","L0;","O0;","L0;","L0;","L0;","L0;","L0;","L0;","S233;(motive : List (Prod Nat Nat) → Sort u_1) →   (x : List (Prod Nat Nat)) →     (Unit → motive List.nil) →       ((y n : Nat) →           (rest : List (Prod Nat Nat)) → motive (List.cons { fst := y, snd := n } rest)) →         motive x","O7;13;source_systemS5;lean411;source_fileS34;RequestProject/Kant/CodeMovie.lean13;source_formatS4;text11;imported_atI+0;14;transformed_atI+0;15;transformationsL0;13;parent_objectS0;","8c985f8cbc5f73c434e42c8e1dcddc77bdc7b867695fc43ad12aeea56b0f71ad"
"obj.Kant.CardDebug.cardWarnings","def","Kant.CardDebug.cardWarnings","ASSERTED","List Char → Kant.SiteCard.Card → List Kant.CardDebug.Warning","L0;","O0;","L0;","L0;","L0;","L0;","L0;","L0;","S60;List Char → Kant.SiteCard.Card → List Kant.CardDebug.Warning","O7;13;source_systemS5;lean411;source_fileS34;RequestProject/Kant/CardDebug.lean13;source_formatS4;text11;imported_atI+0;14;transformed_atI+352;15;transformationsL0;13;parent_objectS0;","71a0055f9dde6cb96a596c060fdfddb69aaf55eebbe5f433c014aaaf33b33ff0"
"obj.Kant.Rendezvous.parseAddrFields_map","theorem","Kant.Rendezvous.parseAddrFields_map","PROVEN","∀ {as : List Kant.Rendezvous.Address},   (∀ (a : Kant.Rendezvous.Address), List.instMembership.mem as a → Kant.Text.IsAscii a.locator) →     Eq (Kant.Rendezvous.parseAddrFields (List.map Kant.Rendezvous.addrField as)) (Option.some as)","L0;","O0;","L0;","L0;","L1;S41;claim.Kant.Rendezvous.parseAddrFields_map","L0;","L1;S41;proof.Kant.Rendezvous.parseAddrFields_map","L0;","S234;∀ {as : List Kant.Rendezvous.Address},   (∀ (a : Kant.Rendezvous.Address), List.instMembership.mem as a → Kant.Text.IsAscii a.locator) →     Eq (Kant.Rendezvous.parseAddrFields (List.map Kant.Rendezvous.addrField as)) (Option.some as)","O7;13;source_systemS5;lean411;source_fileS35;RequestProject/Kant/Rendezvous.lean13;source_formatS4;text11;imported_atI+0;14;transformed_atI+114;15;transformationsL0;13;parent_objectS0;","93e4af451e14822765079af5df00c804278533af39beabdded5302f50f67b31a"
"obj.Kant.Sync.instReprFeed","def","Kant.Sync.instReprFeed","ASSERTED","Repr Kant.Sync.Feed","L0;","O0;","L0;","L0;","L0;","L0;","L0;","L0;","S19;Repr Kant.Sync.Feed","O7;13;source_systemS5;lean411;source_fileS29;RequestProject/Kant/Sync.lean13;source_formatS4;text11;imported_atI+0;14;transformed_atI+45;15;transformationsL0;13;parent_objectS0;","3d3030f3146757718c399757e7d9248e9e88787a8a9dbc2b7bbdf641bcee6248"
"obj.Kant.Codec.ipdlRead","def","Kant.Codec.ipdlRead","ASSERTED","List Char → Option Kant.Codec.Ipdl","L1;S25;obj.Kant.Codec.ipdlHeader","O0;","L0;","L0;","L0;","L0;","L0;","L0;","S34;List Char → Option Kant.Codec.Ipdl","O7;13;source_systemS5;lean411;source_fileS35;RequestProject/Kant/Codec/Ipdl.lean13;source_formatS4;text11;imported_atI+0;14;transformed_atI+323;15;transformationsL0;13;parent_objectS0;","38e570e3f418659803c6a116e678a8dbb17ecbfb1e2e3b5ed0fe33c28f0fe381"
"obj.Kant.Codec.Prov.sourceSystem","def","Kant.Codec.Prov.sourceSystem","ASSERTED","Kant.Codec.Prov → List Char","L0;","O0;","L0;","L0;","L0;","L0;","L0;","L0;","S27;Kant.Codec.Prov → List Char","O7;13;source_systemS5;lean411;source_fileS36;RequestProject/Kant/Codec/Model.lean13;source_formatS4;text11;imported_atI+0;14;transformed_atI+323;15;transformationsL0;13;parent_objectS0;","59712392138f5ae8810822883496b8c377bed79f5d7678060196612037486c71"
"obj.Kant.Wasm.Instr.ctorElim","def","Kant.Wasm.Instr.ctorElim","ASSERTED","{motive : Kant.Wasm.Instr → Sort u} →   (ctorIdx : Nat) →     (t : Kant.Wasm.Instr) → Eq ctorIdx t.ctorIdx → Kant.Wasm.Instr.ctorElimType ctorIdx → motive t","L1;S32;obj.Kant.Wasm.Instr.ctorElimType","O0;","L0;","L0;","L0;","L0;","L0;","L0;","S156;{motive : Kant.Wasm.Instr → Sort u} →   (ctorIdx : Nat) →     (t : Kant.Wasm.Instr) → Eq ctorIdx t.ctorIdx → Kant.Wasm.Instr.ctorElimType ctorIdx → motive t","O7;13;source_systemS5;lean411;source_fileS31;RequestProject/Wasm/Syntax.lean13;source_formatS4;text11;imported_atI+0;14;transformed_atI+35;15;transformationsL0;13;parent_objectS0;","5ab7f0b3ed978073921af7e65bf69850ef20574744d78939eb30aa01eef2d436"
"obj.Kant.PlainText.lines_metaText","theorem","Kant.PlainText.lines_metaText","PROVEN","∀ {m : Kant.PlainText.Meta},   m.Wf →     Eq (Kant.PlainText.lines (Kant.PlainText.metaText m))       (List.cons         (instHAppendOfAppend.hAppend (instHAppendOfAppend.hAppend ""title"".toList "": "".toList)           m.title)         (List.cons           (instHAppendOfAppend.hAppend (instHAppendOfAppend.hAppend ""link"".toList "": "".toList)             m.link)           (List.cons             (instHAppendOfAppend.hAppend (instHAppendOfAppend.hAppend ""address"".toList "": "".toList)               m.address)             (List.cons               (instHAppendOfAppend.hAppend (instHAppendOfAppend.hAppend ""posted"".toList "": "".toList)                 m.posted)               (List.cons List.nil List.nil)))))","L2;S29;obj.Kant.PlainText.Meta.titleS31;obj.Kant.PlainText.Meta.address","O0;","L0;","L0;","L1;S35;claim.Kant.PlainText.lines_metaText","L0;","L1;S35;proof.Kant.PlainText.lines_metaText","L0;","S703;∀ {m : Kant.PlainText.Meta},   m.Wf →     Eq (Kant.PlainText.lines (Kant.PlainText.metaText m))       (List.cons         (instHAppendOfAppend.hAppend (instHAppendOfAppend.hAppend ""title"".toList "": "".toList)           m.title)         (List.cons           (instHAppendOfAppend.hAppend (instHAppendOfAppend.hAppend ""link"".toList "": "".toList)             m.link)           (List.cons             (instHAppendOfAppend.hAppend (instHAppendOfAppend.hAppend ""address"".toList "": "".toList)               m.address)             (List.cons               (instHAppendOfAppend.hAppend (instHAppendOfAppend.hAppend ""posted"".toList "": "".toList)                 m.posted)               (List.cons List.nil List.nil)))))","O7;13;source_systemS5;lean411;source_fileS34;RequestProject/Kant/PlainText.lean13;source_formatS4;text11;imported_atI+0;14;transformed_atI+163;15;transformationsL0;13;parent_objectS0;","d2c0c86d5d1376c833ea43fc52ad7e73ab35953751c5ee3683b45f7d0ecc55b1"
"obj.Kant.Cli.Req.ctorIdx","def","Kant.Cli.Req.ctorIdx","ASSERTED","Kant.Cli.Req → Nat","L0;","O0;","L0;","L0;","L0;","L0;","L0;","L0;","S18;Kant.Cli.Req → Nat","O7;13;source_systemS5;lean411;source_fileS28;RequestProject/Kant/Cli.lean13;source_formatS4;text11;imported_atI+0;14;transformed_atI+0;15;transformationsL0;13;parent_objectS0;","b7778c81e1db354e3bbd7fd9cfbe0609288397c001953e306986317d9dee88eb"
"obj.Kant.Pipeline.blobToNats","def","Kant.Pipeline.blobToNats","ASSERTED","Kant.Bytes.Blob → List Nat","L0;","O0;","L0;","L0;","L0;","L0;","L0;","L0;","S26;Kant.Bytes.Blob → List Nat","O7;13;source_systemS5;lean411;source_fileS33;RequestProject/Kant/Pipeline.lean13;source_formatS4;text11;imported_atI+0;14;transformed_atI+34;15;transformationsL0;13;parent_objectS0;","bc0433af356f2d754da8a02e8fd02d7a603c7cd4fa11dc7fb249010b42cf9bf4"
"obj.Kant.Codec.instReprVal","def","Kant.Codec.instReprVal","ASSERTED","Repr Kant.Codec.Val","L0;","O0;","L0;","L0;","L0;","L0;","L0;","L0;","S19;Repr Kant.Codec.Val","O7;13;source_systemS5;lean411;source_fileS34;RequestProject/Kant/Codec/Val.lean13;source_formatS4;text11;imported_atI+0;14;transformed_atI+44;15;transformationsL0;13;parent_objectS0;","d39915b21092dc61a8768ca9b5e4032e28563be318b874bb4e200af288bbdc08"
"obj.Kant.Uucp.Site.snapshot_is_stale","theorem","Kant.Uucp.Site.snapshot_is_stale","PROVEN","∀ {s : Kant.Uucp.Site} {path : List Char} {a v : Kant.Uucp.Node} {room : List Char}   {body : Kant.Bytes.Blob},   a.Wired →     Not         (List.instMembership.mem a.spool           { room := room, sender := a.name, seq := a.clock, body := body }) →       Not           (List.instMembership.mem v.spool             { room := room, sender := a.name, seq := a.clock, body := body }) →         Not           (List.instMembership.mem ((s.publish path a).visit path v).spool             { room := room, sender := a.name, seq := a.clock, body := body })","L0;","O0;","L0;","L0;","L1;S38;claim.Kant.Uucp.Site.snapshot_is_stale","L0;","L1;S38;proof.Kant.Uucp.Site.snapshot_is_stale","L0;","S548;∀ {s : Kant.Uucp.Site} {path : List Char} {a v : Kant.Uucp.Node} {room : List Char}   {body : Kant.Bytes.Blob},   a.Wired →     Not         (List.instMembership.mem a.spool           { room := room, sender := a.name, seq := a.clock, body := body }) →       Not           (List.instMembership.mem v.spool             { room := room, sender := a.name, seq := a.clock, body := body }) →         Not           (List.instMembership.mem ((s.publish path a).visit path v).spool             { room := room, sender := a.name, seq := a.clock, body := body })","O7;13;source_systemS5;lean411;source_fileS29;RequestProject/Kant/Uucp.lean13;source_formatS4;text11;imported_atI+0;14;transformed_atI+781;15;transformationsL0;13;parent_objectS0;","92dec1c83734d7a4d22be7017d3982d7f95c3d120ab8aceaf2da8de6b384238d"
"obj.Kant.Codec.instReprFmt.repr.match_1","def","Kant.Codec.instReprFmt.repr.match_1","ASSERTED","(motive : Kant.Codec.Fmt → Sort u_1) →   (x : Kant.Codec.Fmt) →     (Unit → motive Kant.Codec.Fmt.canonical) →       (Unit → motive Kant.Codec.Fmt.ipdl) →         (Unit → motive Kant.Codec.Fmt.xml) →           (Unit → motive Kant.Codec.Fmt.csv) →             (Unit → motive Kant.Codec.Fmt.yaml) →               (Unit → motive Kant.Codec.Fmt.text) →                 (Unit → motive Kant.Codec.Fmt.unknown) → motive x","L0;","O0;","L0;","L0;","L0;","L0;","L0;","L0;","S414;(motive : Kant.Codec.Fmt → Sort u_1) →   (x : Kant.Codec.Fmt) →     (Unit → motive Kant.Codec.Fmt.canonical) →       (Unit → motive Kant.Codec.Fmt.ipdl) →         (Unit → motive Kant.Codec.Fmt.xml) →           (Unit → motive Kant.Codec.Fmt.csv) →             (Unit → motive Kant.Codec.Fmt.yaml) →               (Unit → motive Kant.Codec.Fmt.text) →                 (Unit → motive Kant.Codec.Fmt.unknown) → motive x","O7;13;source_systemS5;lean411;source_fileS36;RequestProject/Kant/Codec/Model.lean13;source_formatS4;text11;imported_atI+0;14;transformed_atI+0;15;transformationsL0;13;parent_objectS0;","85c34305513141a30cdf68022823a6e0ca4dce500bc9cae18e42017dcbd73c9e"
"obj.Kant.Handoff.Step.ctorIdx","def","Kant.Handoff.Step.ctorIdx","ASSERTED","Kant.Handoff.Step → Nat","L0;","O0;","L0;","L0;","L0;","L0;","L0;","L0;","S23;Kant.Handoff.Step → Nat","O7;13;source_systemS5;lean411;source_fileS32;RequestProject/Kant/Handoff.lean13;source_formatS4;text11;imported_atI+0;14;transformed_atI+0;15;transformationsL0;13;parent_objectS0;","32fbf4416cb676c563873bcadddb0c42044d87b7808a2527a12c06ae7e2e9194"
"obj.Kant.Diagnostics.toEvent.match_4","def","Kant.Diagnostics.toEvent.match_4","ASSERTED","(motive : List Kant.Bytes.Blob → Sort u_1) →   (x : List Kant.Bytes.Blob) →     ((s t : Kant.Bytes.Blob) →         (lc ac : UInt8) →           (tx dt : Kant.Bytes.Blob) →             motive               (List.cons s                 (List.cons t                   (List.cons (List.cons lc List.nil)                     (List.cons (List.cons ac List.nil) (List.cons tx (List.cons dt List.nil))))))) →       ((x : List Kant.Bytes.Blob) → motive x) → motive x","L0;","O0;","L0;","L0;","L0;","L0;","L0;","L0;","S456;(motive : List Kant.Bytes.Blob → Sort u_1) →   (x : List Kant.Bytes.Blob) →     ((s t : Kant.Bytes.Blob) →         (lc ac : UInt8) →           (tx dt : Kant.Bytes.Blob) →             motive               (List.cons s                 (List.cons t                   (List.cons (List.cons lc List.nil)                     (List.cons (List.cons ac List.nil) (List.cons tx (List.cons dt List.nil))))))) →       ((x : List Kant.Bytes.Blob) → motive x) → motive x","O7;13;source_systemS5;lean411;source_fileS36;RequestProject/Kant/Diagnostics.lean13;source_formatS4;text11;imported_atI+0;14;transformed_atI+0;15;transformationsL0;13;parent_objectS0;","ec122d65bb39c7b1631fa9152aaafbd626bbd87207b6113b365ba10c2c110930"
"obj.Kant.CodeMovie.Circuit.and.noConfusion","def","Kant.CodeMovie.Circuit.and.noConfusion","ASSERTED","{P : Sort u} →   {c₁ c₂ c₁' c₂' : Kant.CodeMovie.Circuit} →     Eq (c₁.and c₂) (c₁'.and c₂') → (Eq c₁ c₁' → Eq c₂ c₂' → P) → P","L0;","O0;","L0;","L0;","L0;","L0;","L0;","L0;","S126;{P : Sort u} →   {c₁ c₂ c₁' c₂' : Kant.CodeMovie.Circuit} →     Eq (c₁.and c₂) (c₁'.and c₂') → (Eq c₁ c₁' → Eq c₂ c₂' → P) → P","O7;13;source_systemS5;lean411;source_fileS34;RequestProject/Kant/CodeMovie.lean13;source_formatS4;text11;imported_atI+0;14;transformed_atI+160;15;transformationsL0;13;parent_objectS0;","3cdde2d9b36e3e9e52dd845e75d43c212c3e31196662f978f5861849ec095a7b"
"obj.Kant.Codec.ExportReport.format","def","Kant.Codec.ExportReport.format","ASSERTED","Kant.Codec.ExportReport → Kant.Codec.Fmt","L0;","O0;","L0;","L0;","L0;","L0;","L0;","L0;","S40;Kant.Codec.ExportReport → Kant.Codec.Fmt","O7;13;source_systemS5;lean411;source_fileS39;RequestProject/Kant/Codec/Exchange.lean13;source_formatS4;text11;imported_atI+0;14;transformed_atI+225;15;transformationsL0;13;parent_objectS0;","c0e6036ac9d72029fd4ece98357f28d6440c24c2be26d40389ba78a2f3be1a90"
"obj.Kant.Codec.status_error_ne_invalid","theorem","Kant.Codec.status_error_ne_invalid","PROVEN","Ne Kant.Codec.Status.error Kant.Codec.Status.invalid","L0;","O0;","L0;","L0;","L1;S40;claim.Kant.Codec.status_error_ne_invalid","L0;","L1;S40;proof.Kant.Codec.status_error_ne_invalid","L0;","S52;Ne Kant.Codec.Status.error Kant.Codec.Status.invalid","O7;13;source_systemS5;lean411;source_fileS36;RequestProject/Kant/Codec/Model.lean13;source_formatS4;text11;imported_atI+0;14;transformed_atI+93;15;transformationsL0;13;parent_objectS0;","3046d9eec044ab0996e7a5b2021a68b6b8a7d994520e3ca388e3f828387721d0"
"obj.Kant.Wasm.Decode.instrDec_shorter","theorem","Kant.Wasm.Decode.instrDec_shorter","PROVEN","∀ {bs : Kant.Wasm.Decode.Bytes} {i : Kant.Wasm.Decode.RawInstr} {r : Kant.Wasm.Decode.Bytes},   Eq (Kant.Wasm.Decode.instrDec bs) (Option.some { fst := i, snd := r }) →     instLTNat.lt (List.length r) (List.length bs)","L0;","O0;","L0;","L0;","L1;S39;claim.Kant.Wasm.Decode.instrDec_shorter","L0;","L1;S39;proof.Kant.Wasm.Decode.instrDec_shorter","L0;","S218;∀ {bs : Kant.Wasm.Decode.Bytes} {i : Kant.Wasm.Decode.RawInstr} {r : Kant.Wasm.Decode.Bytes},   Eq (Kant.Wasm.Decode.instrDec bs) (Option.some { fst := i, snd := r }) →     instLTNat.lt (List.length r) (List.length bs)","O7;13;source_systemS5;lean411;source_fileS31;RequestProject/Wasm/Decode.lean13;source_formatS4;text11;imported_atI+0;14;transformed_atI+336;15;transformationsL0;13;parent_objectS0;","43abff3b867c06d2fb58f4cf166f940db82e07a4741d265463625e27303f981f"
"obj.Kant.Codec.csvDecode.match_5","def","Kant.Codec.csvDecode.match_5","ASSERTED","(motive : Option (List Char) → Sort u_1) →   (x : Option (List Char)) →     ((body : List Char) → motive (Option.some body)) → (Unit → motive Option.none) → motive x","L0;","O0;","L0;","L0;","L0;","L0;","L0;","L0;","S165;(motive : Option (List Char) → Sort u_1) →   (x : Option (List Char)) →     ((body : List Char) → motive (Option.some body)) → (Unit → motive Option.none) → motive x","O7;13;source_systemS5;lean411;source_fileS34;RequestProject/Kant/Codec/Csv.lean13;source_formatS4;text11;imported_atI+0;14;transformed_atI+0;15;transformationsL0;13;parent_objectS0;","92dca470ce56a5bf2131197c5bf43cac0d120cd9ce19b21d66ef0e83cc98901a"
"obj.Kant.CodeMovie.Circuit.ctorElimType","def","Kant.CodeMovie.Circuit.ctorElimType","ASSERTED","{motive : Kant.CodeMovie.Circuit → Sort u} → Nat → Sort (max 1 u)","L0;","O0;","L0;","L0;","L0;","L0;","L0;","L0;","S65;{motive : Kant.CodeMovie.Circuit → Sort u} → Nat → Sort (max 1 u)","O7;13;source_systemS5;lean411;source_fileS34;RequestProject/Kant/CodeMovie.lean13;source_formatS4;text11;imported_atI+0;14;transformed_atI+0;15;transformationsL0;13;parent_objectS0;","cf55abfc3cd0a484a1f54e0b26da22efae390a5eedf584f20366b94b180292cd"
"obj.Kant.SiteCard.Config.Wf","inductive","Kant.SiteCard.Config.Wf","ASSERTED","Kant.SiteCard.Config → Prop","L0;","O0;","L0;","L0;","L0;","L0;","L0;","L0;","S27;Kant.SiteCard.Config → Prop","O7;13;source_systemS5;lean411;source_fileS33;RequestProject/Kant/SiteCard.lean13;source_formatS4;text11;imported_atI+0;14;transformed_atI+154;15;transformationsL0;13;parent_objectS0;","276b8a134c5acced7ac562f91b6ec6129caf5cae0f49612f28fbaeb738b24b74"
"obj.Kant.Codec.diffList.match_1","def","Kant.Codec.diffList.match_1","ASSERTED","(motive : List Kant.Codec.Val → List Kant.Codec.Val → Sort u_1) →   (x x_1 : List Kant.Codec.Val) →     (Unit → motive List.nil List.nil) →       ((y : Kant.Codec.Val) → (ys : List Kant.Codec.Val) → motive List.nil (List.cons y ys)) →         ((x : Kant.Codec.Val) → (xs : List Kant.Codec.Val) → motive (List.cons x xs) List.nil) →           ((x : Kant.Codec.Val) →               (xs : List Kant.Codec.Val) →                 (y : Kant.Codec.Val) →                   (ys : List Kant.Codec.Val) → motive (List.cons x xs) (List.cons y ys)) →             motive x x_1","L0;","O0;","L0;","L0;","L0;","L0;","L0;","L0;","S563;(motive : List Kant.Codec.Val → List Kant.Codec.Val → Sort u_1) →   (x x_1 : List Kant.Codec.Val) →     (Unit → motive List.nil List.nil) →       ((y : Kant.Codec.Val) → (ys : List Kant.Codec.Val) → motive List.nil (List.cons y ys)) →         ((x : Kant.Codec.Val) → (xs : List Kant.Codec.Val) → motive (List.cons x xs) List.nil) →           ((x : Kant.Codec.Val) →               (xs : List Kant.Codec.Val) →                 (y : Kant.Codec.Val) →                   (ys : List Kant.Codec.Val) → motive (List.cons x xs) (List.cons y ys)) →             motive x x_1","O7;13;source_systemS5;lean411;source_fileS40;RequestProject/Kant/Codec/Reconcile.lean13;source_formatS4;text11;imported_atI+0;14;transformed_atI+0;15;transformationsL0;13;parent_objectS0;","90ccf126442ae9366816d86c46be80d1267e989c1890c9301177f7199f7fc36b"
"obj.Kant.Stego.toBits","def","Kant.Stego.toBits","ASSERTED","List Nat → List Bool","L0;","O0;","L0;","L0;","L0;","L0;","L0;","L0;","S20;List Nat → List Bool","O7;13;source_systemS5;lean411;source_fileS30;RequestProject/Kant/Stego.lean13;source_formatS4;text11;imported_atI+0;14;transformed_atI+39;15;transformationsL0;13;parent_objectS0;","cc0f27643529be40d873c5d6aefd3c4bd132d3dc2fc7ef26dd5a6ab9874d5061"
"obj.Kant.Dom.objectRow","def","Kant.Dom.objectRow","ASSERTED","Kant.Dom.DomObj → List (List Char)","L1;S30;obj.Kant.Dom.DomObj.provenance","O0;","L0;","L0;","L0;","L0;","L0;","L0;","S34;Kant.Dom.DomObj → List (List Char)","O7;13;source_systemS5;lean411;source_fileS37;RequestProject/Kant/Domain/Table.lean13;source_formatS4;text11;imported_atI+0;14;transformed_atI+309;15;transformationsL0;13;parent_objectS0;","d56512f89df4f675f977788c27b763f29efedb74f8bad30f1cc4d4717d77eebc"
"obj.Kant.Meme.render_length","theorem","Kant.Meme.render_length","PROVEN","∀ (t : Kant.Meme.Template) (e : Kant.Clipboard.Envelope),   Eq (List.length (Kant.Meme.render t e)) (List.length t.carrier)","L1;S21;obj.Kant.Stego.toBits","O0;","L0;","L0;","L1;S29;claim.Kant.Meme.render_length","L0;","L1;S29;proof.Kant.Meme.render_length","L0;","S123;∀ (t : Kant.Meme.Template) (e : Kant.Clipboard.Envelope),   Eq (List.length (Kant.Meme.render t e)) (List.length t.carrier)","O7;13;source_systemS5;lean411;source_fileS29;RequestProject/Kant/Meme.lean13;source_formatS4;text11;imported_atI+0;14;transformed_atI+126;15;transformationsL0;13;parent_objectS0;","2791b6a099dd18cad8cc75a8aedae92d09cd19f0d940adac0be692fe9ad58cff"
"obj.Kant.Dom.Rel.reproduces.elim","def","Kant.Dom.Rel.reproduces.elim","ASSERTED","{motive : Kant.Dom.Rel → Sort u} →   (t : Kant.Dom.Rel) → Eq t.ctorIdx 10 → motive Kant.Dom.Rel.reproduces → motive t","L0;","O0;","L0;","L0;","L0;","L0;","L0;","L0;","S117;{motive : Kant.Dom.Rel → Sort u} →   (t : Kant.Dom.Rel) → Eq t.ctorIdx 10 → motive Kant.Dom.Rel.reproduces → motive t","O7;13;source_systemS5;lean411;source_fileS37;RequestProject/Kant/Domain/Model.lean13;source_formatS4;text11;imported_atI+0;14;transformed_atI+69;15;transformationsL0;13;parent_objectS0;","7e94327293526926d40a8a84303105a973609b6f47fa2de03679f18eac34d823"
"obj.Kant.Wasm.Module.mk.noConfusion","def","Kant.Wasm.Module.mk.noConfusion","ASSERTED","{P : Sort u} →   {funcs funcs' : List Kant.Wasm.Func} →     Eq { funcs := funcs } { funcs := funcs' } → (Eq funcs funcs' → P) → P","L0;","O0;","L0;","L0;","L0;","L0;","L0;","L0;","S129;{P : Sort u} →   {funcs funcs' : List Kant.Wasm.Func} →     Eq { funcs := funcs } { funcs := funcs' } → (Eq funcs funcs' → P) → P","O7;13;source_systemS5;lean411;source_fileS31;RequestProject/Wasm/Syntax.lean13;source_formatS4;text11;imported_atI+0;14;transformed_atI+134;15;transformationsL0;13;parent_objectS0;","908e32f66b4f79ad8961d0b5bd0eb2527d7cecb2d5b04557ac9d178be6cb5a0c"
"obj.Kant.Codec.Err.severity","def","Kant.Codec.Err.severity","ASSERTED","Kant.Codec.Err → Kant.Codec.Severity","L0;","O0;","L0;","L0;","L0;","L0;","L0;","L0;","S36;Kant.Codec.Err → Kant.Codec.Severity","O7;13;source_systemS5;lean411;source_fileS36;RequestProject/Kant/Codec/Model.lean13;source_formatS4;text11;imported_atI+0;14;transformed_atI+222;15;transformationsL0;13;parent_objectS0;","9bba424b35488741008c1a37701f929e684a01a240d016136b707cd0c9653ed0"
"obj.Kant.Dom.FormatReport.noConfusion","def","Kant.Dom.FormatReport.noConfusion","ASSERTED","{P : Sort u} →   {t t' : Kant.Dom.FormatReport} → Eq t t' → Kant.Dom.FormatReport.noConfusionType P t t'","L0;","O0;","L0;","L0;","L0;","L0;","L0;","L0;","S104;{P : Sort u} →   {t t' : Kant.Dom.FormatReport} → Eq t t' → Kant.Dom.FormatReport.noConfusionType P t t'","O7;13;source_systemS5;lean411;source_fileS36;RequestProject/Kant/Domain/Emit.lean13;source_formatS4;text11;imported_atI+0;14;transformed_atI+255;15;transformationsL0;13;parent_objectS0;","9263ab1a60ad936d86f2a52b39ed372a0bcbcf624e3fbd3f7bc53c8ee34e604c"
"obj.Kant.Diagnostics.Log.mk.sizeOf_spec","theorem","Kant.Diagnostics.Log.mk.sizeOf_spec","PROVEN","∀ (cap : Nat) (events : List Kant.Diagnostics.Event) (dropped : Nat),   Eq (Kant.Diagnostics.Log._sizeOf_inst.sizeOf { cap := cap, events := events, dropped := dropped })     (instHAdd.hAdd       (instHAdd.hAdd (instHAdd.hAdd 1 (instSizeOfNat.sizeOf cap))         ((List._sizeOf_inst Kant.Diagnostics.Event).sizeOf events))       (instSizeOfNat.sizeOf dropped))","L0;","O0;","L0;","L0;","L1;S41;claim.Kant.Diagnostics.Log.mk.sizeOf_spec","L0;","L1;S41;proof.Kant.Diagnostics.Log.mk.sizeOf_spec","L0;","S361;∀ (cap : Nat) (events : List Kant.Diagnostics.Event) (dropped : Nat),   Eq (Kant.Diagnostics.Log._sizeOf_inst.sizeOf { cap := cap, events := events, dropped := dropped })     (instHAdd.hAdd       (instHAdd.hAdd (instHAdd.hAdd 1 (instSizeOfNat.sizeOf cap))         ((List._sizeOf_inst Kant.Diagnostics.Event).sizeOf events))       (instSizeOfNat.sizeOf dropped))","O7;13;source_systemS5;lean411;source_fileS36;RequestProject/Kant/Diagnostics.lean13;source_formatS4;text11;imported_atI+0;14;transformed_atI+0;15;transformationsL0;13;parent_objectS0;","cc5e0e44e0a3b74d31356669e97a883a4a1920f3dfd2dacf454e6657fc9c7fec"
"obj.Kant.Codec.Strategy.name","def","Kant.Codec.Strategy.name","ASSERTED","Kant.Codec.Strategy → List Char","L1;S23;obj.Kant.Codec.Strategy","O0;","L0;","L0;","L0;","L0;","L0;","L0;","S31;Kant.Codec.Strategy → List Char","O7;13;source_systemS5;lean411;source_fileS40;RequestProject/Kant/Codec/Reconcile.lean13;source_formatS4;text11;imported_atI+0;14;transformed_atI+284;15;transformationsL0;13;parent_objectS0;","4027e0634285f90db0c4dafc027d90a2404df0a35dfee20fafa673e3f8489e04"
"obj.Kant.Codec.validSyntax","def","Kant.Codec.validSyntax","ASSERTED","Kant.Codec.Fmt → List Char → Bool","L0;","O0;","L0;","L0;","L0;","L0;","L0;","L0;","S33;Kant.Codec.Fmt → List Char → Bool","O7;13;source_systemS5;lean411;source_fileS39;RequestProject/Kant/Codec/Exchange.lean13;source_formatS4;text11;imported_atI+0;14;transformed_atI+292;15;transformationsL0;13;parent_objectS0;","0a12d5c1f467c71d5e0c7f51772c128a20be6f0b2940a847b2e66df4b4327134"
"obj.Kant.Codec.Val.list.inj","theorem","Kant.Codec.Val.list.inj","PROVEN","∀ {xs xs_1 : List Kant.Codec.Val},   Eq (Kant.Codec.Val.list xs) (Kant.Codec.Val.list xs_1) → Eq xs xs_1","L0;","O0;","L0;","L0;","L1;S29;claim.Kant.Codec.Val.list.inj","L0;","L1;S29;proof.Kant.Codec.Val.list.inj","L0;","S104;∀ {xs xs_1 : List Kant.Codec.Val},   Eq (Kant.Codec.Val.list xs) (Kant.Codec.Val.list xs_1) → Eq xs xs_1","O7;13;source_systemS5;lean411;source_fileS34;RequestProject/Kant/Codec/Val.lean13;source_formatS4;text11;imported_atI+0;14;transformed_atI+0;15;transformationsL0;13;parent_objectS0;","d44775c1f52253c157739ec343866906eb9e89ae3672ef434a6ca65c76b5f0d8"
"obj.Kant.Codec.readNat_natDigits","theorem","Kant.Codec.readNat_natDigits","PROVEN","∀ (n : Nat) (rest : List Char),   Eq     (Kant.Codec.readNat (instHAppendOfAppend.hAppend (Kant.Codec.natDigits n) (List.cons ';' rest)))     (Option.some { fst := n, snd := rest })","L2;S22;obj.Kant.Codec.readNatS32;obj.Kant.Codec.readNatAux_digits","O0;","L0;","L0;","L1;S34;claim.Kant.Codec.readNat_natDigits","L0;","L1;S34;proof.Kant.Codec.readNat_natDigits","L0;","S181;∀ (n : Nat) (rest : List Char),   Eq     (Kant.Codec.readNat (instHAppendOfAppend.hAppend (Kant.Codec.natDigits n) (List.cons ';' rest)))     (Option.some { fst := n, snd := rest })","O7;13;source_systemS5;lean411;source_fileS34;RequestProject/Kant/Codec/Val.lean13;source_formatS4;text11;imported_atI+0;14;transformed_atI+176;15;transformationsL0;13;parent_objectS0;","d2c7db54dfca74b41e6568203f23f0177205800f968787ba1a638d8a1ab4c45d"
"obj.Kant.Dom.instDecidableEqRelation.decEq.match_1","def","Kant.Dom.instDecidableEqRelation.decEq.match_1","ASSERTED","(motive : Kant.Dom.Relation → Kant.Dom.Relation → Sort u_1) →   (x x_1 : Kant.Dom.Relation) →     ((a : Kant.Dom.Id) →         (a_1 : Kant.Dom.Rel) →           (a_2 b : Kant.Dom.Id) →             (b_1 : Kant.Dom.Rel) →               (b_2 : Kant.Dom.Id) →                 motive { source := a, kind := a_1, target := a_2 }                   { source := b, kind := b_1, target := b_2 }) →       motive x x_1","L0;","O0;","L0;","L0;","L0;","L0;","L0;","L0;","S405;(motive : Kant.Dom.Relation → Kant.Dom.Relation → Sort u_1) →   (x x_1 : Kant.Dom.Relation) →     ((a : Kant.Dom.Id) →         (a_1 : Kant.Dom.Rel) →           (a_2 b : Kant.Dom.Id) →             (b_1 : Kant.Dom.Rel) →               (b_2 : Kant.Dom.Id) →                 motive { source := a, kind := a_1, target := a_2 }                   { source := b, kind := b_1, target := b_2 }) →       motive x x_1","O7;13;source_systemS5;lean411;source_fileS37;RequestProject/Kant/Domain/Model.lean13;source_formatS4;text11;imported_atI+0;14;transformed_atI+0;15;transformationsL0;13;parent_objectS0;","6a2b7f9d4750afbbe5b993932cbbee88bc96f290cf82543195b34a13b49f2d3e"
"obj.Kant.Cli.Loaded.nothing.elim","def","Kant.Cli.Loaded.nothing.elim","ASSERTED","{motive : Kant.Cli.Loaded → Sort u} →   (t : Kant.Cli.Loaded) → Eq t.ctorIdx 2 → motive Kant.Cli.Loaded.nothing → motive t","L0;","O0;","L0;","L0;","L0;","L0;","L0;","L0;","S122;{motive : Kant.Cli.Loaded → Sort u} →   (t : Kant.Cli.Loaded) → Eq t.ctorIdx 2 → motive Kant.Cli.Loaded.nothing → motive t","O7;13;source_systemS5;lean411;source_fileS28;RequestProject/Kant/Cli.lean13;source_formatS4;text11;imported_atI+0;14;transformed_atI+554;15;transformationsL0;13;parent_objectS0;","9c8ccf5da994fae7d5c2b381433608d4e1c642245a3df3b5eb9a7acba2210212"
"obj.Kant.Wasm.Expr.Wf.eq_2","theorem","Kant.Wasm.Expr.Wf.eq_2","PROVEN","∀ (arity a : Nat), Eq (Kant.Wasm.Expr.Wf arity (Kant.Wasm.Expr.var a)) (instLTNat.lt a arity)","L0;","O0;","L0;","L0;","L1;S28;claim.Kant.Wasm.Expr.Wf.eq_2","L0;","L1;S28;proof.Kant.Wasm.Expr.Wf.eq_2","L0;","S93;∀ (arity a : Nat), Eq (Kant.Wasm.Expr.Wf arity (Kant.Wasm.Expr.var a)) (instLTNat.lt a arity)","O7;13;source_systemS5;lean411;source_fileS31;RequestProject/Wasm/Syntax.lean13;source_formatS4;text11;imported_atI+0;14;transformed_atI+0;15;transformationsL0;13;parent_objectS0;","05e5e4ce880f5ebbb981ce67d3fc96587d5dfd6fa223a5212f771182e3b36b2e"
"obj.Kant.Onboarding.Task.toCtorIdx","def","Kant.Onboarding.Task.toCtorIdx","ASSERTED","Kant.Onboarding.Task → Nat","L1;S32;obj.Kant.Onboarding.Task.ctorIdx","O0;","L0;","L0;","L0;","L0;","L0;","L0;","S26;Kant.Onboarding.Task → Nat","O7;13;source_systemS5;lean411;source_fileS35;RequestProject/Kant/Onboarding.lean13;source_formatS4;text11;imported_atI+0;14;transformed_atI+0;15;transformationsL0;13;parent_objectS0;","19dd9fc23fb9a55707b39d7989dc1ab480878b21ebb3b43d1799702051aed3ea"
"obj.Kant.PlainText.Meta.mk.injEq","theorem","Kant.PlainText.Meta.mk.injEq","PROVEN","∀ (title link address posted title_1 link_1 address_1 posted_1 : List Char),   Eq     (Eq { title := title, link := link, address := address, posted := posted }       { title := title_1, link := link_1, address := address_1, posted := posted_1 })     (And (Eq title title_1)       (And (Eq link link_1) (And (Eq address address_1) (Eq posted posted_1))))","L0;","O0;","L0;","L0;","L1;S34;claim.Kant.PlainText.Meta.mk.injEq","L0;","L1;S34;proof.Kant.PlainText.Meta.mk.injEq","L0;","S354;∀ (title link address posted title_1 link_1 address_1 posted_1 : List Char),   Eq     (Eq { title := title, link := link, address := address, posted := posted }       { title := title_1, link := link_1, address := address_1, posted := posted_1 })     (And (Eq title title_1)       (And (Eq link link_1) (And (Eq address address_1) (Eq posted posted_1))))","O7;13;source_systemS5;lean411;source_fileS34;RequestProject/Kant/PlainText.lean13;source_formatS4;text11;imported_atI+0;14;transformed_atI+0;15;transformationsL0;13;parent_objectS0;","fd6b58ab7e0932dfd811d5a2953e890c68a3d23244d675d5f7f341888e22e072"
"obj.Kant.Codec.yamlEnc.eq_1","theorem","Kant.Codec.yamlEnc.eq_1","PROVEN","Eq (Kant.Codec.yamlEnc Kant.Codec.Val.null)   (List.cons 'n' (List.cons 'u' (List.cons 'l' (List.cons 'l' List.nil))))","L0;","O0;","L0;","L0;","L1;S29;claim.Kant.Codec.yamlEnc.eq_1","L0;","L1;S29;proof.Kant.Codec.yamlEnc.eq_1","L0;","S118;Eq (Kant.Codec.yamlEnc Kant.Codec.Val.null)   (List.cons 'n' (List.cons 'u' (List.cons 'l' (List.cons 'l' List.nil))))","O7;13;source_systemS5;lean411;source_fileS35;RequestProject/Kant/Codec/Yaml.lean13;source_formatS4;text11;imported_atI+0;14;transformed_atI+0;15;transformationsL0;13;parent_objectS0;","da462429dc64aeccf6055fb66046ccbf5b8aa75b91f1d9b27928edce08c7baa5"
"obj.Kant.SiteCard.Card.alt","def","Kant.SiteCard.Card.alt","ASSERTED","Kant.SiteCard.Card → List Char","L0;","O0;","L0;","L0;","L0;","L0;","L0;","L0;","S30;Kant.SiteCard.Card → List Char","O7;13;source_systemS5;lean411;source_fileS33;RequestProject/Kant/SiteCard.lean13;source_formatS4;text11;imported_atI+0;14;transformed_atI+383;15;transformationsL0;13;parent_objectS0;","f38ca5824c6ddd7b4a26ca869d658b808827f742de8009f96a2b769857074bbe"
"obj.Kant.CodeMovie.rleEncode_length","theorem","Kant.CodeMovie.rleEncode_length","PROVEN","∀ (s : Kant.CodeMovie.Snippet), instLENat.le (Kant.CodeMovie.rleEncode s).length (List.length s)","L1;S36;obj.Kant.CodeMovie.rleEncode.match_1","O0;","L0;","L0;","L1;S37;claim.Kant.CodeMovie.rleEncode_length","L0;","L1;S37;proof.Kant.CodeMovie.rleEncode_length","L0;","S96;∀ (s : Kant.CodeMovie.Snippet), instLENat.le (Kant.CodeMovie.rleEncode s).length (List.length s)","O7;13;source_systemS5;lean411;source_fileS34;RequestProject/Kant/CodeMovie.lean13;source_formatS4;text11;imported_atI+0;14;transformed_atI+75;15;transformationsL0;13;parent_objectS0;","aacf50ee6ce2473cd990d943cbb4c40f3d3feb3870259112f861715691a21fb5"
"obj.Kant.CardDebug.Code.invite.inj","theorem","Kant.CardDebug.Code.invite.inj","PROVEN","∀ {i i_1 : Kant.Rendezvous.Invite},   Eq (Kant.CardDebug.Code.invite i) (Kant.CardDebug.Code.invite i_1) → Eq i i_1","L1;S23;obj.Kant.CardDebug.Code","O0;","L0;","L0;","L1;S36;claim.Kant.CardDebug.Code.invite.inj","L0;","L1;S36;proof.Kant.CardDebug.Code.invite.inj","L0;","S115;∀ {i i_1 : Kant.Rendezvous.Invite},   Eq (Kant.CardDebug.Code.invite i) (Kant.CardDebug.Code.invite i_1) → Eq i i_1","O7;13;source_systemS5;lean411;source_fileS34;RequestProject/Kant/CardDebug.lean13;source_formatS4;text11;imported_atI+0;14;transformed_atI+0;15;transformationsL0;13;parent_objectS0;","7de940c9b07cdd83f277b7e1d804c8d0ba1c5b9a444f56d1ca47cd8920ef7d2e"
"obj.Kant.Dom.Domain.hash","def","Kant.Dom.Domain.hash","ASSERTED","Kant.Dom.Domain → List Char","L0;","O0;","L0;","L0;","L0;","L0;","L0;","L0;","S27;Kant.Dom.Domain → List Char","O7;13;source_systemS5;lean411;source_fileS37;RequestProject/Kant/Domain/Model.lean13;source_formatS4;text11;imported_atI+0;14;transformed_atI+652;15;transformationsL0;13;parent_objectS0;","2b01b645c476d849bdea6b5f736c9106873a930d7cc9b5d386cde50e5d854f20"
"obj.Kant.Dom.Decl.recOn","def","Kant.Dom.Decl.recOn","ASSERTED","{motive : Kant.Dom.Decl → Sort u} →   (t : Kant.Dom.Decl) →     ((name kind file : List Char) →         (line : Nat) →           (statement : List Char) →             (sorried axiomsOk : Bool) →               (deps : List (List Char)) →                 motive                   { name := name, kind := kind, file := file, line := line, statement := statement,                     sorried := sorried, axiomsOk := axiomsOk, deps := deps }) →       motive t","L0;","O0;","L0;","L0;","L0;","L0;","L0;","L0;","S454;{motive : Kant.Dom.Decl → Sort u} →   (t : Kant.Dom.Decl) →     ((name kind file : List Char) →         (line : Nat) →           (statement : List Char) →             (sorried axiomsOk : Bool) →               (deps : List (List Char)) →                 motive                   { name := name, kind := kind, file := file, line := line, statement := statement,                     sorried := sorried, axiomsOk := axiomsOk, deps := deps }) →       motive t","O7;13;source_systemS5;lean411;source_fileS39;RequestProject/Kant/Domain/Catalog.lean13;source_formatS4;text11;imported_atI+0;14;transformed_atI+39;15;transformationsL0;13;parent_objectS0;","893c24ff7f94afb984b1851c0b557c7678b642a65bd6ab9b3f64d64978b5cd58"
"obj.Kant.Wasm.Encode.module_prefix","theorem","Kant.Wasm.Encode.module_prefix","PROVEN","∀ (m : Kant.Wasm.Module),   Eq (List.take 8 (Kant.Wasm.Encode.module m))     (List.cons 0       (List.cons 97         (List.cons 115           (List.cons 109 (List.cons 1 (List.cons 0 (List.cons 0 (List.cons 0 List.nil))))))))","L1;S34;obj.Kant.Wasm.Encode.exportSection","O0;","L0;","L0;","L1;S36;claim.Kant.Wasm.Encode.module_prefix","L0;","L1;S36;proof.Kant.Wasm.Encode.module_prefix","L0;","S226;∀ (m : Kant.Wasm.Module),   Eq (List.take 8 (Kant.Wasm.Encode.module m))     (List.cons 0       (List.cons 97         (List.cons 115           (List.cons 109 (List.cons 1 (List.cons 0 (List.cons 0 (List.cons 0 List.nil))))))))","O7;13;source_systemS5;lean411;source_fileS31;RequestProject/Wasm/Encode.lean13;source_formatS4;text11;imported_atI+0;14;transformed_atI+136;15;transformationsL0;13;parent_objectS0;","7d67f987bce6e08425ebfa5a75207e37a2113811a5cf3642bdf0f57c447fdce5"
"obj.Kant.Codec.xIntClose.eq_1","theorem","Kant.Codec.xIntClose.eq_1","PROVEN","Eq Kant.Codec.xIntClose   (List.cons '<'     (List.cons '/' (List.cons 'i' (List.cons 'n' (List.cons 't' (List.cons '>' List.nil))))))","L0;","O0;","L0;","L0;","L1;S31;claim.Kant.Codec.xIntClose.eq_1","L0;","L1;S31;proof.Kant.Codec.xIntClose.eq_1","L0;","S134;Eq Kant.Codec.xIntClose   (List.cons '<'     (List.cons '/' (List.cons 'i' (List.cons 'n' (List.cons 't' (List.cons '>' List.nil))))))","O7;13;source_systemS5;lean411;source_fileS34;RequestProject/Kant/Codec/Xml.lean13;source_formatS4;text11;imported_atI+0;14;transformed_atI+0;15;transformationsL0;13;parent_objectS0;","18268f7370fa80c7c2c0635197038784fd3c9b2b83e2ba8d572d1df3c03de8ca"
"obj.Kant.Dom.Cert.toVal","def","Kant.Dom.Cert.toVal","ASSERTED","Kant.Dom.Cert → Kant.Codec.Val","L2;S22;obj.Kant.Dom.Cert.kindS22;obj.Kant.Dom.Evid.name","O0;","L0;","L0;","L0;","L0;","L0;","L0;","S30;Kant.Dom.Cert → Kant.Codec.Val","O7;13;source_systemS5;lean411;source_fileS37;RequestProject/Kant/Domain/Model.lean13;source_formatS4;text11;imported_atI+0;14;transformed_atI+249;15;transformationsL0;13;parent_objectS0;","1e3668776d53e965d191f5cdc037290af31e21d59f4dd33f4bf010c39ceb4864"
"obj.Kant.Feed.timeline","def","Kant.Feed.timeline","ASSERTED","Kant.Store → List Char → Nat → List (List Kant.Feed.Row)","L1;S14;obj.Kant.Store","O0;","L0;","L0;","L0;","L0;","L0;","L0;","S56;Kant.Store → List Char → Nat → List (List Kant.Feed.Row)","O7;13;source_systemS5;lean411;source_fileS29;RequestProject/Kant/Feed.lean13;source_formatS4;text11;imported_atI+0;14;transformed_atI+295;15;transformationsL0;13;parent_objectS0;","cb1faee625cc136858783663b5ed8a73b00716f28e4c3006088d893ae6863ec1"
"obj.Kant.Diagnostics.Report.Wire.casesOn","def","Kant.Diagnostics.Report.Wire.casesOn","ASSERTED","{r : Kant.Diagnostics.Report} →   {motive : r.Wire → Sort u} →     (t : r.Wire) →       ((room : Kant.Text.IsAscii r.room) →           (relay : Kant.Text.IsAscii r.relay) →             (events : ∀ (e : Kant.Diagnostics.Event), List.instMembership.mem r.events e → e.Wire) →               motive ⋯) →         motive t","L1;S27;obj.Kant.Diagnostics.Report","O0;","L0;","L0;","L0;","L0;","L0;","L0;","S316;{r : Kant.Diagnostics.Report} →   {motive : r.Wire → Sort u} →     (t : r.Wire) →       ((room : Kant.Text.IsAscii r.room) →           (relay : Kant.Text.IsAscii r.relay) →             (events : ∀ (e : Kant.Diagnostics.Event), List.instMembership.mem r.events e → e.Wire) →               motive ⋯) →         motive t","O7;13;source_systemS5;lean411;source_fileS36;RequestProject/Kant/Diagnostics.lean13;source_formatS4;text11;imported_atI+0;14;transformed_atI+538;15;transformationsL0;13;parent_objectS0;","abc05d21b61cae01097c7f06f2156a56832970fc41196d035d67a1e712ca5e08"
"obj.Kant.CodeMovie.Circuit.run","def","Kant.CodeMovie.Circuit.run","ASSERTED","List Nat → List Kant.CodeMovie.Circuit → Option (List Kant.CodeMovie.Circuit)","L0;","O0;","L0;","L0;","L0;","L0;","L0;","L0;","S77;List Nat → List Kant.CodeMovie.Circuit → Option (List Kant.CodeMovie.Circuit)","O7;13;source_systemS5;lean411;source_fileS34;RequestProject/Kant/CodeMovie.lean13;source_formatS4;text11;imported_atI+0;14;transformed_atI+182;15;transformationsL0;13;parent_objectS0;","84e586297db9459ca2a63d356a0859efbf2b8668a7ead5324f3dbb1f516efc05"
"obj.Kant.Wasm.Expr.casesOn","def","Kant.Wasm.Expr.casesOn","ASSERTED","{motive : Kant.Wasm.Expr → Sort u} →   (t : Kant.Wasm.Expr) →     ((n : Nat) → motive (Kant.Wasm.Expr.const n)) →       ((i : Nat) → motive (Kant.Wasm.Expr.var i)) →         ((op : Kant.Wasm.BinOp) → (a b : Kant.Wasm.Expr) → motive (Kant.Wasm.Expr.bin op a b)) →           ((op : Kant.Wasm.CmpOp) → (a b : Kant.Wasm.Expr) → motive (Kant.Wasm.Expr.cmp op a b)) →             motive t","L0;","O0;","L0;","L0;","L0;","L0;","L0;","L0;","S382;{motive : Kant.Wasm.Expr → Sort u} →   (t : Kant.Wasm.Expr) →     ((n : Nat) → motive (Kant.Wasm.Expr.const n)) →       ((i : Nat) → motive (Kant.Wasm.Expr.var i)) →         ((op : Kant.Wasm.BinOp) → (a b : Kant.Wasm.Expr) → motive (Kant.Wasm.Expr.bin op a b)) →           ((op : Kant.Wasm.CmpOp) → (a b : Kant.Wasm.Expr) → motive (Kant.Wasm.Expr.cmp op a b)) →             motive t","O7;13;source_systemS5;lean411;source_fileS31;RequestProject/Wasm/Syntax.lean13;source_formatS4;text11;imported_atI+0;14;transformed_atI+49;15;transformationsL0;13;parent_objectS0;","b2b1200dca6da968e580ac815a36fb0bd9f0d630c3c8552ee8286b85cc1fc491"
"obj.Kant.Cli.instDecidableEqReq.decEq.match_1","def","Kant.Cli.instDecidableEqReq.decEq.match_1","ASSERTED","(motive : Kant.Cli.Req → Kant.Cli.Req → Sort u_1) →   (x x_1 : Kant.Cli.Req) →     ((a : Kant.Cli.Method) →         (a_1 a_2 : List Char) →           (b : Kant.Cli.Method) →             (b_1 b_2 : List Char) →               motive { method := a, url := a_1, body := a_2 }                 { method := b, url := b_1, body := b_2 }) →       motive x x_1","L1;S19;obj.Kant.Cli.Method","O0;","L0;","L0;","L0;","L0;","L0;","L0;","S350;(motive : Kant.Cli.Req → Kant.Cli.Req → Sort u_1) →   (x x_1 : Kant.Cli.Req) →     ((a : Kant.Cli.Method) →         (a_1 a_2 : List Char) →           (b : Kant.Cli.Method) →             (b_1 b_2 : List Char) →               motive { method := a, url := a_1, body := a_2 }                 { method := b, url := b_1, body := b_2 }) →       motive x x_1","O7;13;source_systemS5;lean411;source_fileS28;RequestProject/Kant/Cli.lean13;source_formatS4;text11;imported_atI+0;14;transformed_atI+0;15;transformationsL0;13;parent_objectS0;","9521344782f845d1107c66926106b646063ab018c7ba8e7371ec6c6b2bd68ab8"
"obj.Kant.Store","inductive","Kant.Store","ASSERTED","Type","L0;","O0;","L0;","L0;","L0;","L0;","L0;","L0;","S4;Type","O7;13;source_systemS5;lean411;source_fileS30;RequestProject/Kant/Paste.lean13;source_formatS4;text11;imported_atI+0;14;transformed_atI+84;15;transformationsL0;13;parent_objectS0;","c432be1256df8574941ef6a9f7ccde27330f48061ffb6d9a5617559534143acd"
"obj.Kant.Codec.Tests.pInvalid","def","Kant.Codec.Tests.pInvalid","ASSERTED","Kant.Codec.Obj","L0;","O0;","L0;","L0;","L0;","L0;","L0;","L0;","S14;Kant.Codec.Obj","O7;13;source_systemS5;lean411;source_fileS36;RequestProject/Kant/Codec/Tests.lean13;source_formatS4;text11;imported_atI+0;14;transformed_atI+238;15;transformationsL0;13;parent_objectS0;","6adeda77fe660a929b8c6acdfe08f5d5873264049d29e20cbb02a685ed92d04f"
"obj.Kant.Wasm.Func.body","def","Kant.Wasm.Func.body","ASSERTED","Kant.Wasm.Func → Kant.Wasm.Expr","L0;","O0;","L0;","L0;","L0;","L0;","L0;","L0;","S31;Kant.Wasm.Func → Kant.Wasm.Expr","O7;13;source_systemS5;lean411;source_fileS31;RequestProject/Wasm/Syntax.lean13;source_formatS4;text11;imported_atI+0;14;transformed_atI+127;15;transformationsL0;13;parent_objectS0;","991991ddbe71fe282fcee4ee8763ed7b874776de42b7c13611227f335b0a5d49"
"obj.Kant.Join.deblank.eq_1","theorem","Kant.Join.deblank.eq_1","PROVEN","∀ (s : List Char),   Eq (Kant.Join.deblank s) (List.map (fun c => ite (Eq (Kant.Join.isBlank c) Bool.true) ' ' c) s)","L0;","O0;","L0;","L0;","L1;S28;claim.Kant.Join.deblank.eq_1","L0;","L1;S28;proof.Kant.Join.deblank.eq_1","L0;","S116;∀ (s : List Char),   Eq (Kant.Join.deblank s) (List.map (fun c => ite (Eq (Kant.Join.isBlank c) Bool.true) ' ' c) s)","O7;13;source_systemS5;lean411;source_fileS29;RequestProject/Kant/Join.lean13;source_formatS4;text11;imported_atI+0;14;transformed_atI+0;15;transformationsL0;13;parent_objectS0;","c00ef4c9651c3f55be3732c45efebb226e9c8a2b35eb3d07aff8be15402cad54"
"obj.Kant.Dom.Event.importedFrom.elim","def","Kant.Dom.Event.importedFrom.elim","ASSERTED","{motive : Kant.Dom.Event → Sort u} →   (t : Kant.Dom.Event) →     Eq t.ctorIdx 4 → ((source : List Char) → motive (Kant.Dom.Event.importedFrom source)) → motive t","L0;","O0;","L0;","L0;","L0;","L0;","L0;","L0;","S162;{motive : Kant.Dom.Event → Sort u} →   (t : Kant.Dom.Event) →     Eq t.ctorIdx 4 → ((source : List Char) → motive (Kant.Dom.Event.importedFrom source)) → motive t","O7;13;source_systemS5;lean411;source_fileS38;RequestProject/Kant/Domain/Policy.lean13;source_formatS4;text11;imported_atI+0;14;transformed_atI+40;15;transformationsL0;13;parent_objectS0;","f35dbfbdd0b0519a24b8df3db77f8a2de8f88a08407870147157e6739b6d98a7"
"obj.Kant.Codec.Outp.ofVal.eq_2","theorem","Kant.Codec.Outp.ofVal.eq_2","PROVEN","∀ (x : Kant.Codec.Val),   (∀ (fs : List (Prod (List Char) Kant.Codec.Val)), Eq x (Kant.Codec.Val.obj fs) → False) →     Eq (Kant.Codec.Outp.ofVal x) Option.none","L1;S25;obj.Kant.Codec.Outp.ofVal","O0;","L0;","L0;","L1;S32;claim.Kant.Codec.Outp.ofVal.eq_2","L0;","L1;S32;proof.Kant.Codec.Outp.ofVal.eq_2","L0;","S160;∀ (x : Kant.Codec.Val),   (∀ (fs : List (Prod (List Char) Kant.Codec.Val)), Eq x (Kant.Codec.Val.obj fs) → False) →     Eq (Kant.Codec.Outp.ofVal x) Option.none","O7;13;source_systemS5;lean411;source_fileS36;RequestProject/Kant/Codec/Model.lean13;source_formatS4;text11;imported_atI+0;14;transformed_atI+0;15;transformationsL0;13;parent_objectS0;","297ddecf44a06d531819aebeb20a1010a224c343fe675d4978fbe3dd9ecf1de6"
"obj.Kant.Handoff.Move","inductive","Kant.Handoff.Move","ASSERTED","Type","L0;","O0;","L0;","L0;","L0;","L0;","L0;","L0;","S4;Type","O7;13;source_systemS5;lean411;source_fileS32;RequestProject/Kant/Handoff.lean13;source_formatS4;text11;imported_atI+0;14;transformed_atI+34;15;transformationsL0;13;parent_objectS0;","b1f47db768b54e71201d083a909c7c9e3b2f2e273e37404b04ec32adb30b3878"
"obj.Kant.Wasm.Decode.RawInstr.localGet.injEq","theorem","Kant.Wasm.Decode.RawInstr.localGet.injEq","PROVEN","∀ (i i_1 : Nat),   Eq (Eq (Kant.Wasm.Decode.RawInstr.localGet i) (Kant.Wasm.Decode.RawInstr.localGet i_1)) (Eq i i_1)","L0;","O0;","L0;","L0;","L1;S46;claim.Kant.Wasm.Decode.RawInstr.localGet.injEq","L0;","L1;S46;proof.Kant.Wasm.Decode.RawInstr.localGet.injEq","L0;","S117;∀ (i i_1 : Nat),   Eq (Eq (Kant.Wasm.Decode.RawInstr.localGet i) (Kant.Wasm.Decode.RawInstr.localGet i_1)) (Eq i i_1)","O7;13;source_systemS5;lean411;source_fileS31;RequestProject/Wasm/Decode.lean13;source_formatS4;text11;imported_atI+0;14;transformed_atI+0;15;transformationsL0;13;parent_objectS0;","c74e60ed0102ddf89ee96555d582218b341b132ed57913c6e463f8b694362c39"
"obj.Kant.Dasl.dual47_valid","theorem","Kant.Dasl.dual47_valid","PROVEN","∀ {o : Kant.Dasl.Orbifold}, o.valid → ∀ (k : Nat), (Kant.Dasl.dual47 o k).valid","L0;","O0;","L0;","L0;","L1;S28;claim.Kant.Dasl.dual47_valid","L0;","L1;S28;proof.Kant.Dasl.dual47_valid","L0;","S79;∀ {o : Kant.Dasl.Orbifold}, o.valid → ∀ (k : Nat), (Kant.Dasl.dual47 o k).valid","O7;13;source_systemS5;lean411;source_fileS29;RequestProject/Kant/Dasl.lean13;source_formatS4;text11;imported_atI+0;14;transformed_atI+229;15;transformationsL0;13;parent_objectS0;","1327488c003a2c8a980352302ef2f02d7a887ee089a767cc79d1ca45cbfa21cf"
"obj.Kant.Dom.PStatus.valid.sizeOf_spec","theorem","Kant.Dom.PStatus.valid.sizeOf_spec","PROVEN","Eq (Kant.Dom.PStatus._sizeOf_inst.sizeOf Kant.Dom.PStatus.valid) 1","L0;","O0;","L0;","L0;","L1;S40;claim.Kant.Dom.PStatus.valid.sizeOf_spec","L0;","L1;S40;proof.Kant.Dom.PStatus.valid.sizeOf_spec","L0;","S66;Eq (Kant.Dom.PStatus._sizeOf_inst.sizeOf Kant.Dom.PStatus.valid) 1","O7;13;source_systemS5;lean411;source_fileS37;RequestProject/Kant/Domain/Model.lean13;source_formatS4;text11;imported_atI+0;14;transformed_atI+0;15;transformationsL0;13;parent_objectS0;","2a301326bb047ec227c281dcb64486d53c1fa9e3b7119b9ced130b28f7d032af"
"obj.Kant.Stego.embedBits","def","Kant.Stego.embedBits","ASSERTED","Kant.Stego.Carrier → List Bool → Kant.Stego.Carrier","L0;","O0;","L0;","L0;","L0;","L0;","L0;","L0;","S51;Kant.Stego.Carrier → List Bool → Kant.Stego.Carrier","O7;13;source_systemS5;lean411;source_fileS30;RequestProject/Kant/Stego.lean13;source_formatS4;text11;imported_atI+0;14;transformed_atI+77;15;transformationsL0;13;parent_objectS0;","1bb46240d2c2163d90d19e0bc839f3fa8b1802ef5e36c3970764c2c92ba5df94"
"obj.Kant.Relay.receive_preserves","theorem","Kant.Relay.receive_preserves","PROVEN","∀ {ms : List Kant.Relay.Msg} {ls : List (List Char)} {x : Kant.Relay.Msg},   List.instMembership.mem ms x → List.instMembership.mem (Kant.Relay.receive ms ls) x","L0;","O0;","L0;","L0;","L1;S34;claim.Kant.Relay.receive_preserves","L0;","L1;S34;proof.Kant.Relay.receive_preserves","L0;","S160;∀ {ms : List Kant.Relay.Msg} {ls : List (List Char)} {x : Kant.Relay.Msg},   List.instMembership.mem ms x → List.instMembership.mem (Kant.Relay.receive ms ls) x","O7;13;source_systemS5;lean411;source_fileS30;RequestProject/Kant/Relay.lean13;source_formatS4;text11;imported_atI+0;14;transformed_atI+322;15;transformationsL0;13;parent_objectS0;","9f4dad31c34e1822a1f69206d9f4cdc56f3d5fec7f087c1c6685ba44db3ed87f"
"obj.Kant.Codec.Trans.mk.noConfusion","def","Kant.Codec.Trans.mk.noConfusion","ASSERTED","{P : Sort u} →   {id operation : List Char} →     {source dest : Kant.Codec.Fmt} →       {inputHash outputHash : List Char} →         {codec : Kant.Codec.Fmt} →           {codecVersion : List Char} →             {lossiness : Kant.Codec.Loss} →               {errors warnings : List Kant.Codec.Err} →                 {id' operation' : List Char} →                   {source' dest' : Kant.Codec.Fmt} →                     {inputHash' outputHash' : List Char} →                       {codec' : Kant.Codec.Fmt} →                         {codecVersion' : List Char} →                           {lossiness' : Kant.Codec.Loss} →                             {errors' warnings' : List Kant.Codec.Err} →                               Eq                                   { id := id, operation := operation, source := source,                                     dest := dest, inputHash := inputHash, outputHash := outputHash,                                     codec := codec, codecVersion := codecVersion,                                     lossiness := lossiness, errors := errors, warnings := warnings }                                   { id := id', operation := operation', source := source',                                     dest := dest', inputHash := inputHash',                                     outputHash := outputHash', codec := codec',                                     codecVersion := codecVersion', lossiness := lossiness',                                     errors := errors', warnings := warnings' } →                                 (Eq id id' →                                     Eq operation operation' →                                       Eq source source' →                                         Eq dest dest' →                                           Eq inputHash inputHash' →                                             Eq outputHash outputHash' →                                               Eq codec codec' →                                                 Eq codecVersion codecVersion' →                                                   Eq lossiness lossiness' →                                                     Eq errors errors' → Eq warnings warnings' → P) →                                   P","L0;","O0;","L0;","L0;","L0;","L0;","L0;","L0;","S2235;{P : Sort u} →   {id operation : List Char} →     {source dest : Kant.Codec.Fmt} →       {inputHash outputHash : List Char} →         {codec : Kant.Codec.Fmt} →           {codecVersion : List Char} →             {lossiness : Kant.Codec.Loss} →               {errors warnings : List Kant.Codec.Err} →                 {id' operation' : List Char} →                   {source' dest' : Kant.Codec.Fmt} →                     {inputHash' outputHash' : List Char} →                       {codec' : Kant.Codec.Fmt} →                         {codecVersion' : List Char} →                           {lossiness' : Kant.Codec.Loss} →                             {errors' warnings' : List Kant.Codec.Err} →                               Eq                                   { id := id, operation := operation, source := source,                                     dest := dest, inputHash := inputHash, outputHash := outputHash,                                     codec := codec, codecVersion := codecVersion,                                     lossiness := lossiness, errors := errors, warnings := warnings }                                   { id := id', operation := operation', source := source',                                     dest := dest', inputHash := inputHash',                                     outputHash := outputHash', codec := codec',                                     codecVersion := codecVersion', lossiness := lossiness',                                     errors := errors', warnings := warnings' } →                                 (Eq id id' →                                     Eq operation operation' →                                       Eq source source' →                                         Eq dest dest' →                                           Eq inputHash inputHash' →                                             Eq outputHash outputHash' →                                               Eq codec codec' →                                                 Eq codecVersion codecVersion' →                                                   Eq lossiness lossiness' →                                                     Eq errors errors' → Eq warnings warnings' → P) →                                   P","O7;13;source_systemS5;lean411;source_fileS36;RequestProject/Kant/Codec/Model.lean13;source_formatS4;text11;imported_atI+0;14;transformed_atI+274;15;transformationsL0;13;parent_objectS0;","5a44614577b379241abe6f34cb3172a722b8d22dfdb356aab9134804eeb6ba2d"
"obj.Kant.Onboarding.step.match_1","def","Kant.Onboarding.step.match_1","ASSERTED","(motive : Option Kant.Rendezvous.Invite → Sort u_1) →   (x : Option Kant.Rendezvous.Invite) →     ((val : Kant.Rendezvous.Invite) → motive (Option.some val)) →       (Unit → motive Option.none) → motive x","L0;","O0;","L0;","L0;","L0;","L0;","L0;","L0;","S204;(motive : Option Kant.Rendezvous.Invite → Sort u_1) →   (x : Option Kant.Rendezvous.Invite) →     ((val : Kant.Rendezvous.Invite) → motive (Option.some val)) →       (Unit → motive Option.none) → motive x","O7;13;source_systemS5;lean411;source_fileS35;RequestProject/Kant/Onboarding.lean13;source_formatS4;text11;imported_atI+0;14;transformed_atI+0;15;transformationsL0;13;parent_objectS0;","b89ff98676af387ced2bbabc9d02990f411c8dbbe96c4aa2bbc475e9211730d5"
"obj.Kant.Rendezvous.Roster.merge_nil","theorem","Kant.Rendezvous.Roster.merge_nil","PROVEN","∀ (r : Kant.Rendezvous.Roster), Eq (r.merge List.nil) r","L0;","O0;","L0;","L0;","L1;S38;claim.Kant.Rendezvous.Roster.merge_nil","L0;","L1;S38;proof.Kant.Rendezvous.Roster.merge_nil","L0;","S55;∀ (r : Kant.Rendezvous.Roster), Eq (r.merge List.nil) r","O7;13;source_systemS5;lean411;source_fileS35;RequestProject/Kant/Rendezvous.lean13;source_formatS4;text11;imported_atI+0;14;transformed_atI+196;15;transformationsL0;13;parent_objectS0;","f2fd970d2f410db185068f9a2fe7317ed90bf369121cb7030ebbf06b397f0850"
"obj.Kant.Connectivity.Verdict.onlyThisBrowser.sizeOf_spec","theorem","Kant.Connectivity.Verdict.onlyThisBrowser.sizeOf_spec","PROVEN","Eq (Kant.Connectivity.Verdict._sizeOf_inst.sizeOf Kant.Connectivity.Verdict.onlyThisBrowser) 1","L0;","O0;","L0;","L0;","L1;S59;claim.Kant.Connectivity.Verdict.onlyThisBrowser.sizeOf_spec","L0;","L1;S59;proof.Kant.Connectivity.Verdict.onlyThisBrowser.sizeOf_spec","L0;","S94;Eq (Kant.Connectivity.Verdict._sizeOf_inst.sizeOf Kant.Connectivity.Verdict.onlyThisBrowser) 1","O7;13;source_systemS5;lean411;source_fileS37;RequestProject/Kant/Connectivity.lean13;source_formatS4;text11;imported_atI+0;14;transformed_atI+0;15;transformationsL0;13;parent_objectS0;","e9ae726e02b91d0192f51fbf7e1c76eed920ff4ebf4ead5b0b5645aa6918b548"
"obj.Kant.Cli.curlArgv_spaceFree","theorem","Kant.Cli.curlArgv_spaceFree","PROVEN","∀ {r : Kant.Cli.Req},   Not (List.instMembership.mem r.url ' ') →     Not (List.instMembership.mem r.body ' ') →       ∀ (w : List Char),         List.instMembership.mem (Kant.Cli.curlArgv r) w → Not (List.instMembership.mem w ' ')","L1;S19;obj.Kant.Cli.Method","O0;","L0;","L0;","L1;S33;claim.Kant.Cli.curlArgv_spaceFree","L0;","L1;S33;proof.Kant.Cli.curlArgv_spaceFree","L0;","S231;∀ {r : Kant.Cli.Req},   Not (List.instMembership.mem r.url ' ') →     Not (List.instMembership.mem r.body ' ') →       ∀ (w : List Char),         List.instMembership.mem (Kant.Cli.curlArgv r) w → Not (List.instMembership.mem w ' ')","O7;13;source_systemS5;lean411;source_fileS28;RequestProject/Kant/Cli.lean13;source_formatS4;text11;imported_atI+0;14;transformed_atI+206;15;transformationsL0;13;parent_objectS0;","c4a892b2a7a7bed45d96086fe761799fe766beaba398f30a395ff82451e6a895"
"obj.Kant.Wasm.Encode.exportPayload","def","Kant.Wasm.Encode.exportPayload","ASSERTED","Kant.Wasm.Module → Kant.Wasm.Encode.Bytes","L1;S42;obj.Kant.Wasm.Encode.exportPayload.match_1","O0;","L0;","L0;","L0;","L0;","L0;","L0;","S41;Kant.Wasm.Module → Kant.Wasm.Encode.Bytes","O7;13;source_systemS5;lean411;source_fileS31;RequestProject/Wasm/Encode.lean13;source_formatS4;text11;imported_atI+0;14;transformed_atI+101;15;transformationsL0;13;parent_objectS0;","a8a3b9679f3ab0dff11e839e5ccefe2cfb479e6a1f6db705f2d2f07bb0afee12"
"obj.Kant.Codec.readNatAux_digits","theorem","Kant.Codec.readNatAux_digits","PROVEN","∀ (acc : Nat) (ds : List Char),   (∀ (c : Char),       List.instMembership.mem ds c → And (Ne (Kant.Codec.digitVal c) Option.none) (Ne c ';')) →     ∀ (rest : List Char),       Eq (Kant.Codec.readNatAux acc (instHAppendOfAppend.hAppend ds (List.cons ';' rest)))         (Option.some { fst := Kant.Codec.digitsFold acc ds, snd := rest })","L0;","O0;","L0;","L0;","L1;S34;claim.Kant.Codec.readNatAux_digits","L0;","L1;S34;proof.Kant.Codec.readNatAux_digits","L0;","S336;∀ (acc : Nat) (ds : List Char),   (∀ (c : Char),       List.instMembership.mem ds c → And (Ne (Kant.Codec.digitVal c) Option.none) (Ne c ';')) →     ∀ (rest : List Char),       Eq (Kant.Codec.readNatAux acc (instHAppendOfAppend.hAppend ds (List.cons ';' rest)))         (Option.some { fst := Kant.Codec.digitsFold acc ds, snd := rest })","O7;13;source_systemS5;lean411;source_fileS34;RequestProject/Kant/Codec/Val.lean13;source_formatS4;text11;imported_atI+0;14;transformed_atI+165;15;transformationsL0;13;parent_objectS0;","1ab22e422da9a9a6f4b0a8d4092298a1285c15752b3ef3e005a2bbb4fe2779db"
"obj.Kant.Rendezvous.ofAnnounce.eq_1","theorem","Kant.Rendezvous.ofAnnounce.eq_1","PROVEN","∀ (a : Kant.Rendezvous.Announce),   Eq (Kant.Rendezvous.ofAnnounce a)     { tag := Kant.Rendezvous.tagPeer,       fields :=         List.cons (Kant.Text.asciiBytes a.peer)           (List.cons (Kant.Text.natToBytesBE a.seq) (List.map Kant.Rendezvous.addrField a.addrs)) }","L3;S24;obj.Kant.Text.asciiBytesS32;obj.Kant.Rendezvous.Announce.seqS34;obj.Kant.Rendezvous.Announce.addrs","O0;","L0;","L0;","L1;S37;claim.Kant.Rendezvous.ofAnnounce.eq_1","L0;","L1;S37;proof.Kant.Rendezvous.ofAnnounce.eq_1","L0;","S271;∀ (a : Kant.Rendezvous.Announce),   Eq (Kant.Rendezvous.ofAnnounce a)     { tag := Kant.Rendezvous.tagPeer,       fields :=         List.cons (Kant.Text.asciiBytes a.peer)           (List.cons (Kant.Text.natToBytesBE a.seq) (List.map Kant.Rendezvous.addrField a.addrs)) }","O7;13;source_systemS5;lean411;source_fileS35;RequestProject/Kant/Rendezvous.lean13;source_formatS4;text11;imported_atI+0;14;transformed_atI+0;15;transformationsL0;13;parent_objectS0;","dd1053c25b8333ff17a123dea79b70443d26eeb7b770e16db55137b8b0bf3412"
"obj.Kant.Codec.digitsFold.eq_def","theorem","Kant.Codec.digitsFold.eq_def","PROVEN","∀ (acc : Nat) (x : List Char),   Eq (Kant.Codec.digitsFold acc x)     (Kant.Codec.digitsFold.match_1 (fun x => Nat) x (fun _ => acc) fun c cs =>       Kant.Codec.digitsFold (instHAdd.hAdd (instHMul.hMul acc 10) ((Kant.Codec.digitVal c).getD 0))         cs)","L0;","O0;","L0;","L0;","L1;S34;claim.Kant.Codec.digitsFold.eq_def","L0;","L1;S34;proof.Kant.Codec.digitsFold.eq_def","L0;","S256;∀ (acc : Nat) (x : List Char),   Eq (Kant.Codec.digitsFold acc x)     (Kant.Codec.digitsFold.match_1 (fun x => Nat) x (fun _ => acc) fun c cs =>       Kant.Codec.digitsFold (instHAdd.hAdd (instHMul.hMul acc 10) ((Kant.Codec.digitVal c).getD 0))         cs)","O7;13;source_systemS5;lean411;source_fileS34;RequestProject/Kant/Codec/Val.lean13;source_formatS4;text11;imported_atI+0;14;transformed_atI+0;15;transformationsL0;13;parent_objectS0;","3ab5291e2e77031c2fd4cb768e2011f74d8e8a5ff932e41a109f2dac82e95e75"
"obj.Kant.Codec.Row.mk.inj","theorem","Kant.Codec.Row.mk.inj","PROVEN","∀   {objectId objectType field value valueType parentId objectId_1 objectType_1 field_1 value_1     valueType_1 parentId_1 : List Char},   Eq       { objectId := objectId, objectType := objectType, field := field, value := value,         valueType := valueType, parentId := parentId }       { objectId := objectId_1, objectType := objectType_1, field := field_1, value := value_1,         valueType := valueType_1, parentId := parentId_1 } →     And (Eq objectId objectId_1)       (And (Eq objectType objectType_1)         (And (Eq field field_1)           (And (Eq value value_1) (And (Eq valueType valueType_1) (Eq parentId parentId_1)))))","L0;","O0;","L0;","L0;","L1;S27;claim.Kant.Codec.Row.mk.inj","L0;","L1;S27;proof.Kant.Codec.Row.mk.inj","L0;","S641;∀   {objectId objectType field value valueType parentId objectId_1 objectType_1 field_1 value_1     valueType_1 parentId_1 : List Char},   Eq       { objectId := objectId, objectType := objectType, field := field, value := value,         valueType := valueType, parentId := parentId }       { objectId := objectId_1, objectType := objectType_1, field := field_1, value := value_1,         valueType := valueType_1, parentId := parentId_1 } →     And (Eq objectId objectId_1)       (And (Eq objectType objectType_1)         (And (Eq field field_1)           (And (Eq value value_1) (And (Eq valueType valueType_1) (Eq parentId parentId_1)))))","O7;13;source_systemS5;lean411;source_fileS34;RequestProject/Kant/Codec/Csv.lean13;source_formatS4;text11;imported_atI+0;14;transformed_atI+0;15;transformationsL0;13;parent_objectS0;","37e48a24e7f6240e21d2d452cf10ecb1cdfd0898a81b95a829b9438de49ad79b"
"obj.Kant.Repost.QuoteCopyable.comment","theorem","Kant.Repost.QuoteCopyable.comment","PROVEN","∀ {q : Kant.Repost.Quote}, Kant.Repost.QuoteCopyable q → Kant.Clipboard.Copyable q.comment","L0;","O0;","L0;","L0;","L1;S39;claim.Kant.Repost.QuoteCopyable.comment","L0;","L1;S39;proof.Kant.Repost.QuoteCopyable.comment","L0;","S90;∀ {q : Kant.Repost.Quote}, Kant.Repost.QuoteCopyable q → Kant.Clipboard.Copyable q.comment","O7;13;source_systemS5;lean411;source_fileS31;RequestProject/Kant/Repost.lean13;source_formatS4;text11;imported_atI+0;14;transformed_atI+90;15;transformationsL0;13;parent_objectS0;","5c4b575a06c4b57e97089c4a48f3c37938eacb72de2f8760e22b14038c20e49b"
"obj.Kant.Connectivity.Verdict.toCtorIdx","def","Kant.Connectivity.Verdict.toCtorIdx","ASSERTED","Kant.Connectivity.Verdict → Nat","L0;","O0;","L0;","L0;","L0;","L0;","L0;","L0;","S31;Kant.Connectivity.Verdict → Nat","O7;13;source_systemS5;lean411;source_fileS37;RequestProject/Kant/Connectivity.lean13;source_formatS4;text11;imported_atI+0;14;transformed_atI+0;15;transformationsL0;13;parent_objectS0;","9d1e9ade6b137f49c46d3fb073327aee156faffc9f3ad7b3e45c56cb1a0b27c8"
"obj.Kant.Dom.Decl.noConfusion","def","Kant.Dom.Decl.noConfusion","ASSERTED","{P : Sort u} → {t t' : Kant.Dom.Decl} → Eq t t' → Kant.Dom.Decl.noConfusionType P t t'","L0;","O0;","L0;","L0;","L0;","L0;","L0;","L0;","S86;{P : Sort u} → {t t' : Kant.Dom.Decl} → Eq t t' → Kant.Dom.Decl.noConfusionType P t t'","O7;13;source_systemS5;lean411;source_fileS39;RequestProject/Kant/Domain/Catalog.lean13;source_formatS4;text11;imported_atI+0;14;transformed_atI+39;15;transformationsL0;13;parent_objectS0;","7b2d26cc61245f2a101e7c7411acb91512cdc9482add7c64154dd09e6a26d90f"
"obj.Kant.Onboarding.State.hushed","def","Kant.Onboarding.State.hushed","ASSERTED","Kant.Onboarding.State → Bool","L0;","O0;","L0;","L0;","L0;","L0;","L0;","L0;","S28;Kant.Onboarding.State → Bool","O7;13;source_systemS5;lean411;source_fileS35;RequestProject/Kant/Onboarding.lean13;source_formatS4;text11;imported_atI+0;14;transformed_atI+120;15;transformationsL0;13;parent_objectS0;","02e28a5ca978e5115a9491ae8ae02f16e01dcefb03801f1bb6f787f44bf5baf0"
"obj.Kant.Rendezvous.instDecidableEqAddress","def","Kant.Rendezvous.instDecidableEqAddress","ASSERTED","DecidableEq Kant.Rendezvous.Address","L0;","O0;","L0;","L0;","L0;","L0;","L0;","L0;","S35;DecidableEq Kant.Rendezvous.Address","O7;13;source_systemS5;lean411;source_fileS35;RequestProject/Kant/Rendezvous.lean13;source_formatS4;text11;imported_atI+0;14;transformed_atI+61;15;transformationsL0;13;parent_objectS0;","44f1a1096e35bd09aa8370c47b5538e64e088d9d7e7057c3699f31cd7d035f20"
"obj.Kant.Cli.digitsValue_append","theorem","Kant.Cli.digitsValue_append","PROVEN","∀ (a b : List Char),   Eq (Kant.Text.digitsValue (instHAppendOfAppend.hAppend a b))     (List.foldl       (fun acc c =>         ite (And (Char.instLE.le '0' c) (Char.instLE.le c '9'))           (instHAdd.hAdd (instHMul.hMul acc 10) (instHSub.hSub c.toNat 48)) acc)       (Kant.Text.digitsValue a) b)","L1;S25;obj.Kant.Text.digitsValue","O0;","L0;","L0;","L1;S33;claim.Kant.Cli.digitsValue_append","L0;","L1;S33;proof.Kant.Cli.digitsValue_append","L0;","S299;∀ (a b : List Char),   Eq (Kant.Text.digitsValue (instHAppendOfAppend.hAppend a b))     (List.foldl       (fun acc c =>         ite (And (Char.instLE.le '0' c) (Char.instLE.le c '9'))           (instHAdd.hAdd (instHMul.hMul acc 10) (instHSub.hSub c.toNat 48)) acc)       (Kant.Text.digitsValue a) b)","O7;13;source_systemS5;lean411;source_fileS28;RequestProject/Kant/Cli.lean13;source_formatS4;text11;imported_atI+0;14;transformed_atI+79;15;transformationsL0;13;parent_objectS0;","150dac836b96d01eec4ef8ffac2c8861a61bb3a2d29b86d087c45a1829885263"
"obj.Kant.Sheaf.DaslType.monsterWalk.elim","def","Kant.Sheaf.DaslType.monsterWalk.elim","ASSERTED","{motive : Kant.Sheaf.DaslType → Sort u} →   (t : Kant.Sheaf.DaslType) → Eq t.ctorIdx 0 → motive Kant.Sheaf.DaslType.monsterWalk → motive t","L0;","O0;","L0;","L0;","L0;","L0;","L0;","L0;","S138;{motive : Kant.Sheaf.DaslType → Sort u} →   (t : Kant.Sheaf.DaslType) → Eq t.ctorIdx 0 → motive Kant.Sheaf.DaslType.monsterWalk → motive t","O7;13;source_systemS5;lean411;source_fileS30;RequestProject/Kant/Sheaf.lean13;source_formatS4;text11;imported_atI+0;14;transformed_atI+32;15;transformationsL0;13;parent_objectS0;","9529ea24b436baacbe272793d5c7f9c7bce00e1cf23deec2d99eedb0666f68cd"
"obj.Kant.Codec.Trans.casesOn","def","Kant.Codec.Trans.casesOn","ASSERTED","{motive : Kant.Codec.Trans → Sort u} →   (t : Kant.Codec.Trans) →     ((id operation : List Char) →         (source dest : Kant.Codec.Fmt) →           (inputHash outputHash : List Char) →             (codec : Kant.Codec.Fmt) →               (codecVersion : List Char) →                 (lossiness : Kant.Codec.Loss) →                   (errors warnings : List Kant.Codec.Err) →                     motive                       { id := id, operation := operation, source := source, dest := dest,                         inputHash := inputHash, outputHash := outputHash, codec := codec,                         codecVersion := codecVersion, lossiness := lossiness, errors := errors,                         warnings := warnings }) →       motive t","L0;","O0;","L0;","L0;","L0;","L0;","L0;","L0;","S745;{motive : Kant.Codec.Trans → Sort u} →   (t : Kant.Codec.Trans) →     ((id operation : List Char) →         (source dest : Kant.Codec.Fmt) →           (inputHash outputHash : List Char) →             (codec : Kant.Codec.Fmt) →               (codecVersion : List Char) →                 (lossiness : Kant.Codec.Loss) →                   (errors warnings : List Kant.Codec.Err) →                     motive                       { id := id, operation := operation, source := source, dest := dest,                         inputHash := inputHash, outputHash := outputHash, codec := codec,                         codecVersion := codecVersion, lossiness := lossiness, errors := errors,                         warnings := warnings }) →       motive t","O7;13;source_systemS5;lean411;source_fileS36;RequestProject/Kant/Codec/Model.lean13;source_formatS4;text11;imported_atI+0;14;transformed_atI+273;15;transformationsL0;13;parent_objectS0;","52eb4cb9c09fa2259e9bbaa3dd0701720fb2684c1f8b2d77e073ba617ada6874"
"obj.Kant.Codec.pVal.match_5","def","Kant.Codec.pVal.match_5","ASSERTED","(motive : Nat → List Char → Sort u_1) →   (x : Nat) →     (x_1 : List Char) →       ((x : List Char) → motive 0 x) →         ((n : Nat) → motive n.succ List.nil) →           ((fuel : Nat) → (c : Char) → (rest : List Char) → motive fuel.succ (List.cons c rest)) →             motive x x_1","L0;","O0;","L0;","L0;","L0;","L0;","L0;","L0;","S287;(motive : Nat → List Char → Sort u_1) →   (x : Nat) →     (x_1 : List Char) →       ((x : List Char) → motive 0 x) →         ((n : Nat) → motive n.succ List.nil) →           ((fuel : Nat) → (c : Char) → (rest : List Char) → motive fuel.succ (List.cons c rest)) →             motive x x_1","O7;13;source_systemS5;lean411;source_fileS34;RequestProject/Kant/Codec/Val.lean13;source_formatS4;text11;imported_atI+0;14;transformed_atI+0;15;transformationsL0;13;parent_objectS0;","b41be7fde1a969d1489446d56c25ef5637757a2d8b6bab43a35834b32d82a648"
"obj.Kant.Wasm.Decode.secDec","def","Kant.Wasm.Decode.secDec","ASSERTED","{α : Type} →   Nat →     (Kant.Wasm.Decode.Bytes → Option (Prod α Kant.Wasm.Decode.Bytes)) →       Kant.Wasm.Decode.Bytes → Option (Prod (List α) Kant.Wasm.Decode.Bytes)","L0;","O0;","L0;","L0;","L0;","L0;","L0;","L0;","S169;{α : Type} →   Nat →     (Kant.Wasm.Decode.Bytes → Option (Prod α Kant.Wasm.Decode.Bytes)) →       Kant.Wasm.Decode.Bytes → Option (Prod (List α) Kant.Wasm.Decode.Bytes)","O7;13;source_systemS5;lean411;source_fileS31;RequestProject/Wasm/Decode.lean13;source_formatS4;text11;imported_atI+0;14;transformed_atI+162;15;transformationsL0;13;parent_objectS0;","69a9ae693f98c9a797a00e9b5912e66c007ea6df3937a3ddbbac2e5e2999d2b2"
"obj.Kant.Dom.ProofRec.inputRefs","def","Kant.Dom.ProofRec.inputRefs","ASSERTED","Kant.Dom.ProofRec → List Kant.Dom.Id","L0;","O0;","L0;","L0;","L0;","L0;","L0;","L0;","S36;Kant.Dom.ProofRec → List Kant.Dom.Id","O7;13;source_systemS5;lean411;source_fileS37;RequestProject/Kant/Domain/Model.lean13;source_formatS4;text11;imported_atI+0;14;transformed_atI+369;15;transformationsL0;13;parent_objectS0;","5db51239d0ca03ff692942e2a35d7e140f2ab7044df8784d107e255305caa352"
"obj.Kant.SiteCard.qrPayload","def","Kant.SiteCard.qrPayload","ASSERTED","Kant.SiteCard.Config → Kant.Clipboard.Envelope → List Char","L0;","O0;","L0;","L0;","L0;","L0;","L0;","L0;","S58;Kant.SiteCard.Config → Kant.Clipboard.Envelope → List Char","O7;13;source_systemS5;lean411;source_fileS33;RequestProject/Kant/SiteCard.lean13;source_formatS4;text11;imported_atI+0;14;transformed_atI+310;15;transformationsL0;13;parent_objectS0;","b02b7934b1fc51f16386fe96f297e2fe1e9ac1564990e10b48d8d208cfac03d8"
"obj.Kant.Dom.RepairRecord.ctorIdx","def","Kant.Dom.RepairRecord.ctorIdx","ASSERTED","Kant.Dom.RepairRecord → Nat","L0;","O0;","L0;","L0;","L0;","L0;","L0;","L0;","S27;Kant.Dom.RepairRecord → Nat","O7;13;source_systemS5;lean411;source_fileS38;RequestProject/Kant/Domain/Policy.lean13;source_formatS4;text11;imported_atI+0;14;transformed_atI+0;15;transformationsL0;13;parent_objectS0;","4a813877ad0af6c38059061181bda348035bd759a5a0c439844d0d832e655ace"
"obj.Kant.CardDebug.Pairing.oneNotInvite.sizeOf_spec","theorem","Kant.CardDebug.Pairing.oneNotInvite.sizeOf_spec","PROVEN","Eq (Kant.CardDebug.Pairing._sizeOf_inst.sizeOf Kant.CardDebug.Pairing.oneNotInvite) 1","L0;","O0;","L0;","L0;","L1;S53;claim.Kant.CardDebug.Pairing.oneNotInvite.sizeOf_spec","L0;","L1;S53;proof.Kant.CardDebug.Pairing.oneNotInvite.sizeOf_spec","L0;","S85;Eq (Kant.CardDebug.Pairing._sizeOf_inst.sizeOf Kant.CardDebug.Pairing.oneNotInvite) 1","O7;13;source_systemS5;lean411;source_fileS34;RequestProject/Kant/CardDebug.lean13;source_formatS4;text11;imported_atI+0;14;transformed_atI+0;15;transformationsL0;13;parent_objectS0;","eecf9800d74f09a1a4330ff1babbc81efe3055a90d119d1b268dcccc4a04d218"
"obj.Kant.Cli.Cmd.open.sizeOf_spec","theorem","Kant.Cli.Cmd.open.sizeOf_spec","PROVEN","∀ (relay : List Char),   Eq (Kant.Cli.Cmd._sizeOf_inst.sizeOf (Kant.Cli.Cmd.open relay))     (instHAdd.hAdd 1 ((List._sizeOf_inst Char).sizeOf relay))","L0;","O0;","L0;","L0;","L1;S35;claim.Kant.Cli.Cmd.open.sizeOf_spec","L0;","L1;S35;proof.Kant.Cli.Cmd.open.sizeOf_spec","L0;","S150;∀ (relay : List Char),   Eq (Kant.Cli.Cmd._sizeOf_inst.sizeOf (Kant.Cli.Cmd.open relay))     (instHAdd.hAdd 1 ((List._sizeOf_inst Char).sizeOf relay))","O7;13;source_systemS5;lean411;source_fileS28;RequestProject/Kant/Cli.lean13;source_formatS4;text11;imported_atI+0;14;transformed_atI+0;15;transformationsL0;13;parent_objectS0;","a12f90377cec038386de03c80bb71f98f77d832f6df1f659d583ef420e90e33e"
"obj.Kant.Dasl.attackTriple","def","Kant.Dasl.attackTriple","ASSERTED","Prod Nat (Prod Nat Nat)","L0;","O0;","L0;","L0;","L0;","L0;","L0;","L0;","S23;Prod Nat (Prod Nat Nat)","O7;13;source_systemS5;lean411;source_fileS29;RequestProject/Kant/Dasl.lean13;source_formatS4;text11;imported_atI+0;14;transformed_atI+46;15;transformationsL0;13;parent_objectS0;","e4f6f9f313b7355f81f89490be0c8dbcc5d12996c9ac796579f2918cd7b70dc2"
"obj.Kant.Relay.Server.setLines","def","Kant.Relay.Server.setLines","ASSERTED","Kant.Relay.Server → List Char → List (List Char) → Kant.Relay.Server","L0;","O0;","L0;","L0;","L0;","L0;","L0;","L0;","S68;Kant.Relay.Server → List Char → List (List Char) → Kant.Relay.Server","O7;13;source_systemS5;lean411;source_fileS30;RequestProject/Kant/Relay.lean13;source_formatS4;text11;imported_atI+0;14;transformed_atI+172;15;transformationsL0;13;parent_objectS0;","deb993cfba35f31b62011d6cc54aada098ccf038c09065c95a15be03fb76c1ae"
"obj.Kant.CardDebug.Pairing.ofNat","def","Kant.CardDebug.Pairing.ofNat","ASSERTED","Nat → Kant.CardDebug.Pairing","L0;","O0;","L0;","L0;","L0;","L0;","L0;","L0;","S28;Nat → Kant.CardDebug.Pairing","O7;13;source_systemS5;lean411;source_fileS34;RequestProject/Kant/CardDebug.lean13;source_formatS4;text11;imported_atI+0;14;transformed_atI+0;15;transformationsL0;13;parent_objectS0;","b1e1ee1773b3875109821391299b6fee639f7475ff2c48eba850838fbbf9c7e8"
"obj.Kant.Codec.Val.null.elim","def","Kant.Codec.Val.null.elim","ASSERTED","{motive_1 : Kant.Codec.Val → Sort u} →   (t : Kant.Codec.Val) → Eq t.ctorIdx 0 → motive_1 Kant.Codec.Val.null → motive_1 t","L0;","O0;","L0;","L0;","L0;","L0;","L0;","L0;","S122;{motive_1 : Kant.Codec.Val → Sort u} →   (t : Kant.Codec.Val) → Eq t.ctorIdx 0 → motive_1 Kant.Codec.Val.null → motive_1 t","O7;13;source_systemS5;lean411;source_fileS34;RequestProject/Kant/Codec/Val.lean13;source_formatS4;text11;imported_atI+0;14;transformed_atI+38;15;transformationsL0;13;parent_objectS0;","402ad4c5c1a19ff07ec1404d2f52dabb6f60e15682c365ee17deef9671868189"
"obj.Kant.Sheaf.Encoding.prime.eq_5","theorem","Kant.Sheaf.Encoding.prime.eq_5","PROVEN","Eq Kant.Sheaf.Encoding.qr.prime 7","L0;","O0;","L0;","L0;","L1;S36;claim.Kant.Sheaf.Encoding.prime.eq_5","L0;","L1;S36;proof.Kant.Sheaf.Encoding.prime.eq_5","L0;","S33;Eq Kant.Sheaf.Encoding.qr.prime 7","O7;13;source_systemS5;lean411;source_fileS30;RequestProject/Kant/Sheaf.lean13;source_formatS4;text11;imported_atI+0;14;transformed_atI+0;15;transformationsL0;13;parent_objectS0;","af39d488d02c05c0177fe78274a0ad435832ec57344575865ad27f6962b33789"
"obj.Kant.Onboarding.Progress.ctorIdx","def","Kant.Onboarding.Progress.ctorIdx","ASSERTED","Kant.Onboarding.Progress → Nat","L1;S28;obj.Kant.Onboarding.Progress","O0;","L0;","L0;","L0;","L0;","L0;","L0;","S30;Kant.Onboarding.Progress → Nat","O7;13;source_systemS5;lean411;source_fileS35;RequestProject/Kant/Onboarding.lean13;source_formatS4;text11;imported_atI+0;14;transformed_atI+0;15;transformationsL0;13;parent_objectS0;","6d540d9a8de6a385660e515489d001f2113f6f104d38d0dfb1bea9a17d0ee7cc"
"obj.Kant.SiteCard.part_infix_cardSvg","theorem","Kant.SiteCard.part_infix_cardSvg","PROVEN","∀ {k : Kant.SiteCard.Card} {modules : List (List Bool)} {scale border : Nat} {part : List Char},   List.instMembership.mem (Kant.SiteCard.cardParts k modules scale border) part →     part.IsInfix (Kant.SiteCard.cardSvg k modules scale border)","L0;","O0;","L0;","L0;","L1;S38;claim.Kant.SiteCard.part_infix_cardSvg","L0;","L1;S38;proof.Kant.SiteCard.part_infix_cardSvg","L0;","S242;∀ {k : Kant.SiteCard.Card} {modules : List (List Bool)} {scale border : Nat} {part : List Char},   List.instMembership.mem (Kant.SiteCard.cardParts k modules scale border) part →     part.IsInfix (Kant.SiteCard.cardSvg k modules scale border)","O7;13;source_systemS5;lean411;source_fileS33;RequestProject/Kant/SiteCard.lean13;source_formatS4;text11;imported_atI+0;14;transformed_atI+605;15;transformationsL0;13;parent_objectS0;","effaba2188e031d21864f0379485d7c5d8cfeabd2ddd7e3cab88fef829c6319f"
"obj.Kant.Wasm.Decode.instReprRawInstr.repr.match_1","def","Kant.Wasm.Decode.instReprRawInstr.repr.match_1","ASSERTED","(motive : Kant.Wasm.Decode.RawInstr → Sort u_1) →   (x : Kant.Wasm.Decode.RawInstr) →     ((a : Int) → motive (Kant.Wasm.Decode.RawInstr.i64const a)) →       ((a : Nat) → motive (Kant.Wasm.Decode.RawInstr.localGet a)) →         ((a : Kant.Wasm.BinOp) → motive (Kant.Wasm.Decode.RawInstr.binop a)) →           ((a : Kant.Wasm.CmpOp) → motive (Kant.Wasm.Decode.RawInstr.cmpop a)) →             (Unit → motive Kant.Wasm.Decode.RawInstr.extendU) → motive x","L0;","O0;","L0;","L0;","L0;","L0;","L0;","L0;","S452;(motive : Kant.Wasm.Decode.RawInstr → Sort u_1) →   (x : Kant.Wasm.Decode.RawInstr) →     ((a : Int) → motive (Kant.Wasm.Decode.RawInstr.i64const a)) →       ((a : Nat) → motive (Kant.Wasm.Decode.RawInstr.localGet a)) →         ((a : Kant.Wasm.BinOp) → motive (Kant.Wasm.Decode.RawInstr.binop a)) →           ((a : Kant.Wasm.CmpOp) → motive (Kant.Wasm.Decode.RawInstr.cmpop a)) →             (Unit → motive Kant.Wasm.Decode.RawInstr.extendU) → motive x","O7;13;source_systemS5;lean411;source_fileS31;RequestProject/Wasm/Decode.lean13;source_formatS4;text11;imported_atI+0;14;transformed_atI+0;15;transformationsL0;13;parent_objectS0;","8eaddeb2033c06a1ef3c2480f9e7f606503ee4c88d3d0b53f1bf9e7998d38888"
"obj.Kant.Wasm.Decode.stackStep.eq_5","theorem","Kant.Wasm.Decode.stackStep.eq_5","PROVEN","∀ (arity : Nat) (s : List Kant.Wasm.Decode.VType),   Eq     (Kant.Wasm.Decode.stackStep arity (List.cons Kant.Wasm.Decode.VType.i32 s)       Kant.Wasm.Decode.RawInstr.extendU)     (Option.some (List.cons Kant.Wasm.Decode.VType.i64 s))","L0;","O0;","L0;","L0;","L1;S37;claim.Kant.Wasm.Decode.stackStep.eq_5","L0;","L1;S37;proof.Kant.Wasm.Decode.stackStep.eq_5","L0;","S234;∀ (arity : Nat) (s : List Kant.Wasm.Decode.VType),   Eq     (Kant.Wasm.Decode.stackStep arity (List.cons Kant.Wasm.Decode.VType.i32 s)       Kant.Wasm.Decode.RawInstr.extendU)     (Option.some (List.cons Kant.Wasm.Decode.VType.i64 s))","O7;13;source_systemS5;lean411;source_fileS31;RequestProject/Wasm/Decode.lean13;source_formatS4;text11;imported_atI+0;14;transformed_atI+0;15;transformationsL0;13;parent_objectS0;","6900493a8cd5a6dc3acd35a25af93307fba954c3d12c68b2072827478326cc6d"
"obj.Kant.Codec.instReprCompat.repr","def","Kant.Codec.instReprCompat.repr","ASSERTED","Kant.Codec.Compat → Nat → Std.Format","L0;","O0;","L0;","L0;","L0;","L0;","L0;","L0;","S36;Kant.Codec.Compat → Nat → Std.Format","O7;13;source_systemS5;lean411;source_fileS39;RequestProject/Kant/Codec/Exchange.lean13;source_formatS4;text11;imported_atI+0;14;transformed_atI+266;15;transformationsL0;13;parent_objectS0;","a3a3ce5c83f9e10ce474b6ae57ea34bf98252c5797a67bf26d0e3453e841ca05"
"obj.Kant.Dom.Evid.none.elim","def","Kant.Dom.Evid.none.elim","ASSERTED","{motive : Kant.Dom.Evid → Sort u} →   (t : Kant.Dom.Evid) → Eq t.ctorIdx 0 → motive Kant.Dom.Evid.none → motive t","L0;","O0;","L0;","L0;","L0;","L0;","L0;","L0;","S113;{motive : Kant.Dom.Evid → Sort u} →   (t : Kant.Dom.Evid) → Eq t.ctorIdx 0 → motive Kant.Dom.Evid.none → motive t","O7;13;source_systemS5;lean411;source_fileS37;RequestProject/Kant/Domain/Model.lean13;source_formatS4;text11;imported_atI+0;14;transformed_atI+63;15;transformationsL0;13;parent_objectS0;","9e73d2203684aca5e41253bbd2862daaf3ac3ce72a5470c73c83ea97ee96a1bc"
"obj.Kant.Wasm.Decode.decodeModule_module","theorem","Kant.Wasm.Decode.decodeModule_module","PROVEN","∀ (m : Kant.Wasm.Module),   Eq (Kant.Wasm.Decode.decodeModule (Kant.Wasm.Encode.module m))     (Option.some       { arities := List.map Kant.Wasm.Func.arity m.funcs, funcIdx := List.range m.funcs.length,         exports :=           List.map (fun p => { fst := p.fst.name.toUTF8.toList, snd := p.snd }) m.funcs.zipIdx,         codes := List.map (fun f => List.map Kant.Wasm.Decode.toRaw f.body.compile) m.funcs })","L4;S23;obj.Kant.Wasm.Func.bodyS27;obj.Kant.Wasm.Decode.secDecS34;obj.Kant.Wasm.Encode.exportSectionS33;obj.Kant.Wasm.Decode.codeDec_code","O0;","L0;","L0;","L1;S42;claim.Kant.Wasm.Decode.decodeModule_module","L0;","L1;S42;proof.Kant.Wasm.Decode.decodeModule_module","L0;","S413;∀ (m : Kant.Wasm.Module),   Eq (Kant.Wasm.Decode.decodeModule (Kant.Wasm.Encode.module m))     (Option.some       { arities := List.map Kant.Wasm.Func.arity m.funcs, funcIdx := List.range m.funcs.length,         exports :=           List.map (fun p => { fst := p.fst.name.toUTF8.toList, snd := p.snd }) m.funcs.zipIdx,         codes := List.map (fun f => List.map Kant.Wasm.Decode.toRaw f.body.compile) m.funcs })","O7;13;source_systemS5;lean411;source_fileS31;RequestProject/Wasm/Decode.lean13;source_formatS4;text11;imported_atI+0;14;transformed_atI+508;15;transformationsL0;13;parent_objectS0;","fd8e73b2e6bda314931f491c15aa98570a3f9d97c995a33a7ef60fdc795d353d"
"obj.Kant.Meme.roundTrip_paste","theorem","Kant.Meme.roundTrip_paste","PROVEN","∀ {t : Kant.Meme.Template} {p : Kant.Paste},   Kant.Clipboard.Copyable p →     instLENat.le (instHMul.hMul 8 (Kant.Meme.payload (Kant.Clipboard.ofPaste p)).length)         (List.length t.carrier) →       Eq (Kant.Meme.toPaste (Kant.Meme.ofPaste t p)) (Option.some p)","L0;","O0;","L0;","L0;","L1;S31;claim.Kant.Meme.roundTrip_paste","L0;","L1;S31;proof.Kant.Meme.roundTrip_paste","L0;","S266;∀ {t : Kant.Meme.Template} {p : Kant.Paste},   Kant.Clipboard.Copyable p →     instLENat.le (instHMul.hMul 8 (Kant.Meme.payload (Kant.Clipboard.ofPaste p)).length)         (List.length t.carrier) →       Eq (Kant.Meme.toPaste (Kant.Meme.ofPaste t p)) (Option.some p)","O7;13;source_systemS5;lean411;source_fileS29;RequestProject/Kant/Meme.lean13;source_formatS4;text11;imported_atI+0;14;transformed_atI+199;15;transformationsL0;13;parent_objectS0;","74983ea0f999338468ff4531f31109a77fa4ccaffdbdf8b2d834876500054315"
"obj.Kant.CardDebug.Warning.noConfusion","def","Kant.CardDebug.Warning.noConfusion","ASSERTED","{P : Sort v✝} →   {x y : Kant.CardDebug.Warning} → Eq x y → Kant.CardDebug.Warning.noConfusionType P x y","L1;S34;obj.Kant.CardDebug.Warning.ctorIdx","O0;","L0;","L0;","L0;","L0;","L0;","L0;","S104;{P : Sort v✝} →   {x y : Kant.CardDebug.Warning} → Eq x y → Kant.CardDebug.Warning.noConfusionType P x y","O7;13;source_systemS5;lean411;source_fileS34;RequestProject/Kant/CardDebug.lean13;source_formatS4;text11;imported_atI+0;14;transformed_atI+336;15;transformationsL0;13;parent_objectS0;","8d0c254e5f90c629c23bf8facef35fe696314cc056d822e32ef908c0ee8956b0"
"obj.Kant.Dom.Summary.proven","def","Kant.Dom.Summary.proven","ASSERTED","Kant.Dom.Summary → Nat","L0;","O0;","L0;","L0;","L0;","L0;","L0;","L0;","S22;Kant.Dom.Summary → Nat","O7;13;source_systemS5;lean411;source_fileS38;RequestProject/Kant/Domain/Ledger.lean13;source_formatS4;text11;imported_atI+0;14;transformed_atI+236;15;transformationsL0;13;parent_objectS0;","9d2ac96328412218ed9ee3f6ea2c671b407118631bdd01de459ce82ed54f5f61"
"obj.Kant.Dom.optOf_Cert","theorem","Kant.Dom.optOf_Cert","PROVEN","∀ (c : Option Kant.Dom.Cert),   Eq (Kant.Codec.optOf Kant.Dom.Cert.ofVal (Kant.Codec.optVal Kant.Dom.Cert.toVal c))     (Option.some c)","L3;S23;obj.Kant.Dom.Cert.toValS22;obj.Kant.Dom.Cert.kindS22;obj.Kant.Dom.Evid.name","O0;","L0;","L0;","L1;S25;claim.Kant.Dom.optOf_Cert","L0;","L1;S25;proof.Kant.Dom.optOf_Cert","L0;","S135;∀ (c : Option Kant.Dom.Cert),   Eq (Kant.Codec.optOf Kant.Dom.Cert.ofVal (Kant.Codec.optVal Kant.Dom.Cert.toVal c))     (Option.some c)","O7;13;source_systemS5;lean411;source_fileS37;RequestProject/Kant/Domain/Model.lean13;source_formatS4;text11;imported_atI+0;14;transformed_atI+268;15;transformationsL0;13;parent_objectS0;","6d7cc465dfc78bdf65ada507432fb80c0fcedf076e7f36e5469b6300da811042"
"obj.Kant.Dom.Evid.name","def","Kant.Dom.Evid.name","ASSERTED","Kant.Dom.Evid → List Char","L0;","O0;","L0;","L0;","L0;","L0;","L0;","L0;","S25;Kant.Dom.Evid → List Char","O7;13;source_systemS5;lean411;source_fileS37;RequestProject/Kant/Domain/Model.lean13;source_formatS4;text11;imported_atI+0;14;transformed_atI+138;15;transformationsL0;13;parent_objectS0;","f2f4ffa8da806f2f6d773de396c40ee4f2a322dca41bed3dc3f3aaac6e484dc2"
"obj.Kant.Wasm.Leb128.sleb.induct","theorem","Kant.Wasm.Leb128.sleb.induct","PROVEN","∀ (motive : Nat → Prop),   (∀ (x : Nat), instLTNat.lt x 64 → motive x) →     (∀ (x : Nat), Not (instLTNat.lt x 64) → motive (instHDiv.hDiv x 128) → motive x) →       ∀ (n : Nat), motive n","L0;","O0;","L0;","L0;","L1;S34;claim.Kant.Wasm.Leb128.sleb.induct","L0;","L1;S34;proof.Kant.Wasm.Leb128.sleb.induct","L0;","S187;∀ (motive : Nat → Prop),   (∀ (x : Nat), instLTNat.lt x 64 → motive x) →     (∀ (x : Nat), Not (instLTNat.lt x 64) → motive (instHDiv.hDiv x 128) → motive x) →       ∀ (n : Nat), motive n","O7;13;source_systemS5;lean411;source_fileS31;RequestProject/Wasm/Leb128.lean13;source_formatS4;text11;imported_atI+0;14;transformed_atI+0;15;transformationsL0;13;parent_objectS0;","c51a0e88f5cd5e85af340b7b44ad1bc2c7317d3b135ded7f04bd4bab56c158dc"
"obj.Kant.Codec.Val.below","def","Kant.Codec.Val.below","ASSERTED","{motive_1 : Kant.Codec.Val → Sort u} →   {motive_2 : List Kant.Codec.Val → Sort u} →     {motive_3 : List (Prod (List Char) Kant.Codec.Val) → Sort u} →       {motive_4 : Prod (List Char) Kant.Codec.Val → Sort u} → Kant.Codec.Val → Sort (max 1 u)","L0;","O0;","L0;","L0;","L0;","L0;","L0;","L0;","S245;{motive_1 : Kant.Codec.Val → Sort u} →   {motive_2 : List Kant.Codec.Val → Sort u} →     {motive_3 : List (Prod (List Char) Kant.Codec.Val) → Sort u} →       {motive_4 : Prod (List Char) Kant.Codec.Val → Sort u} → Kant.Codec.Val → Sort (max 1 u)","O7;13;source_systemS5;lean411;source_fileS34;RequestProject/Kant/Codec/Val.lean13;source_formatS4;text11;imported_atI+0;14;transformed_atI+34;15;transformationsL0;13;parent_objectS0;","2b11b16072d7a8b009841e317c797febf48fa5bf3fe96986e7df28f8b6cd1bd1"
"obj.Kant.Codec.resolutionProv.eq_1","theorem","Kant.Codec.resolutionProv.eq_1","PROVEN","∀ (s : Kant.Codec.Strategy) (a b o : Kant.Codec.Obj),   Eq (Kant.Codec.resolutionProv s a b o)     { sourceSystem := ""reconciler"".toList, sourceFile := List.nil,       sourceFormat := Kant.Codec.Fmt.canonical, importedAt := 0, transformedAt := 0,       transformations :=         instHAppendOfAppend.hAppend           (Kant.Codec.resolutionProv.match_1 (fun x => List Kant.Codec.Trans) o.provenance             (fun p => p.transformations) fun _ => List.nil)           (List.cons (Kant.Codec.resolutionRecord s a b) List.nil),       parent := a.hash }","L1;S23;obj.Kant.Codec.Strategy","O0;","L0;","L0;","L1;S36;claim.Kant.Codec.resolutionProv.eq_1","L0;","L1;S36;proof.Kant.Codec.resolutionProv.eq_1","L0;","S551;∀ (s : Kant.Codec.Strategy) (a b o : Kant.Codec.Obj),   Eq (Kant.Codec.resolutionProv s a b o)     { sourceSystem := ""reconciler"".toList, sourceFile := List.nil,       sourceFormat := Kant.Codec.Fmt.canonical, importedAt := 0, transformedAt := 0,       transformations :=         instHAppendOfAppend.hAppend           (Kant.Codec.resolutionProv.match_1 (fun x => List Kant.Codec.Trans) o.provenance             (fun p => p.transformations) fun _ => List.nil)           (List.cons (Kant.Codec.resolutionRecord s a b) List.nil),       parent := a.hash }","O7;13;source_systemS5;lean411;source_fileS40;RequestProject/Kant/Codec/Reconcile.lean13;source_formatS4;text11;imported_atI+0;14;transformed_atI+0;15;transformationsL0;13;parent_objectS0;","2872721f6077520b18a9ef4ff945ba80cbf5cdb4cec74049c6d88e5fce9f41be"
"obj.Kant.Stego.embed_lt_256","theorem","Kant.Stego.embed_lt_256","PROVEN","∀ {cs : Kant.Stego.Carrier}, cs.valid → ∀ (bs : List Bool), (Kant.Stego.embedBits cs bs).valid","L1;S24;obj.Kant.Stego.embedBits","O0;","L0;","L0;","L1;S29;claim.Kant.Stego.embed_lt_256","L0;","L1;S29;proof.Kant.Stego.embed_lt_256","L0;","S94;∀ {cs : Kant.Stego.Carrier}, cs.valid → ∀ (bs : List Bool), (Kant.Stego.embedBits cs bs).valid","O7;13;source_systemS5;lean411;source_fileS30;RequestProject/Kant/Stego.lean13;source_formatS4;text11;imported_atI+0;14;transformed_atI+142;15;transformationsL0;13;parent_objectS0;","783291274aabdc71f665eff5261ed1eef364753aa6381c832267db66d4be8bc0"
"obj.Kant.Sync.sync_converges","theorem","Kant.Sync.sync_converges","PROVEN","∀ {ps₁ ps₂ : List Kant.Paste},   ps₁.Perm ps₂ →     Kant.Sync.CollisionFree ps₁ →       ∀ (w : List Char),         Eq ((Kant.Sync.sync Kant.Store.empty ps₁).get w)           ((Kant.Sync.sync Kant.Store.empty ps₂).get w)","L0;","O0;","L0;","L0;","L1;S30;claim.Kant.Sync.sync_converges","L0;","L1;S30;proof.Kant.Sync.sync_converges","L0;","S219;∀ {ps₁ ps₂ : List Kant.Paste},   ps₁.Perm ps₂ →     Kant.Sync.CollisionFree ps₁ →       ∀ (w : List Char),         Eq ((Kant.Sync.sync Kant.Store.empty ps₁).get w)           ((Kant.Sync.sync Kant.Store.empty ps₂).get w)","O7;13;source_systemS5;lean411;source_fileS29;RequestProject/Kant/Sync.lean13;source_formatS4;text11;imported_atI+0;14;transformed_atI+162;15;transformationsL0;13;parent_objectS0;","38a4d9a7dc99385164e34bd5a9b9286e47c525d5db9059fb50de2ff37a3d1d98"
"obj.Kant.Cli.printArgv.eq_4","theorem","Kant.Cli.printArgv.eq_4","PROVEN","∀ (a : List Char),   Eq (Kant.Cli.printArgv (Kant.Cli.Cmd.join a)) (List.cons ""join"".toList (List.cons a List.nil))","L0;","O0;","L0;","L0;","L1;S29;claim.Kant.Cli.printArgv.eq_4","L0;","L1;S29;proof.Kant.Cli.printArgv.eq_4","L0;","S115;∀ (a : List Char),   Eq (Kant.Cli.printArgv (Kant.Cli.Cmd.join a)) (List.cons ""join"".toList (List.cons a List.nil))","O7;13;source_systemS5;lean411;source_fileS28;RequestProject/Kant/Cli.lean13;source_formatS4;text11;imported_atI+0;14;transformed_atI+0;15;transformationsL0;13;parent_objectS0;","86ba5ea315091a42405e63bb4a122e35bafb750cd5f013ac722f3b1fb33c3b8f"
"obj.Kant.Text.asciiBytes","def","Kant.Text.asciiBytes","ASSERTED","List Char → Kant.Bytes.Blob","L0;","O0;","L0;","L0;","L0;","L0;","L0;","L0;","S27;List Char → Kant.Bytes.Blob","O7;13;source_systemS5;lean411;source_fileS29;RequestProject/Kant/Text.lean13;source_formatS4;text11;imported_atI+0;14;transformed_atI+40;15;transformationsL0;13;parent_objectS0;","d35e7ad8665f8384f818ec9fc324599f5ad3b0b7107c0c62d06daaccf5ee07ed"
"obj.Kant.Codec.xVal.eq_1","theorem","Kant.Codec.xVal.eq_1","PROVEN","∀ (x : List Char), Eq (Kant.Codec.xVal 0 x) Option.none","L2;S20;obj.Kant.Codec.xNullS26;obj.Kant.Codec.xVal.eq_def","O0;","L0;","L0;","L1;S26;claim.Kant.Codec.xVal.eq_1","L0;","L1;S26;proof.Kant.Codec.xVal.eq_1","L0;","S55;∀ (x : List Char), Eq (Kant.Codec.xVal 0 x) Option.none","O7;13;source_systemS5;lean411;source_fileS38;RequestProject/Kant/Codec/RawText.lean13;source_formatS4;text11;imported_atI+0;14;transformed_atI+0;15;transformationsL0;13;parent_objectS0;","21f0f7f98ec5b31dc4d2219bb9be22fab1e46b123cb1091799fe1f8c2f15d734"
"obj.Kant.Cli.reqOfArgv.eq_3","theorem","Kant.Cli.reqOfArgv.eq_3","PROVEN","∀ (x : List (List Char)),   (∀ (c f url : List Char), Eq x (List.cons c (List.cons f (List.cons url List.nil))) → False) →     (∀ (c f x_1 p h ct d body url : List Char),         Eq x             (List.cons c               (List.cons f                 (List.cons x_1                   (List.cons p                     (List.cons h                       (List.cons ct (List.cons d (List.cons body (List.cons url List.nil))))))))) →           False) →       Eq (Kant.Cli.reqOfArgv x) Option.none","L0;","O0;","L0;","L0;","L1;S29;claim.Kant.Cli.reqOfArgv.eq_3","L0;","L1;S29;proof.Kant.Cli.reqOfArgv.eq_3","L0;","S493;∀ (x : List (List Char)),   (∀ (c f url : List Char), Eq x (List.cons c (List.cons f (List.cons url List.nil))) → False) →     (∀ (c f x_1 p h ct d body url : List Char),         Eq x             (List.cons c               (List.cons f                 (List.cons x_1                   (List.cons p                     (List.cons h                       (List.cons ct (List.cons d (List.cons body (List.cons url List.nil))))))))) →           False) →       Eq (Kant.Cli.reqOfArgv x) Option.none","O7;13;source_systemS5;lean411;source_fileS28;RequestProject/Kant/Cli.lean13;source_formatS4;text11;imported_atI+0;14;transformed_atI+0;15;transformationsL0;13;parent_objectS0;","eaec3f6221eb236636e9717fabe01ca9fea2082a80966e7883ff6c86c92a754b"
"obj.Kant.Wasm.Decode.ulebDec_shorter.match_1_1","def","Kant.Wasm.Decode.ulebDec_shorter.match_1_1","ASSERTED","∀   (motive :     (x : Kant.Wasm.Decode.Bytes) →       (x_1 : Nat) →         (x_2 : Kant.Wasm.Decode.Bytes) →           Eq (Kant.Wasm.Leb128.ulebDec x) (Option.some { fst := x_1, snd := x_2 }) → Prop)   (x : Kant.Wasm.Decode.Bytes) (x_1 : Nat) (x_2 : Kant.Wasm.Decode.Bytes)   (x_3 : Eq (Kant.Wasm.Leb128.ulebDec x) (Option.some { fst := x_1, snd := x_2 })),   (∀ (x : Nat) (x_4 : Kant.Wasm.Decode.Bytes)       (h : Eq (Kant.Wasm.Leb128.ulebDec List.nil) (Option.some { fst := x, snd := x_4 })),       motive List.nil x x_4 h) →     (∀ (b : UInt8) (bs : List UInt8) (n : Nat) (r : Kant.Wasm.Decode.Bytes)         (h : Eq (Kant.Wasm.Leb128.ulebDec (List.cons b bs)) (Option.some { fst := n, snd := r })),         motive (List.cons b bs) n r h) →       motive x x_1 x_2 x_3","L0;","O0;","L0;","L0;","L0;","L0;","L0;","L0;","S771;∀   (motive :     (x : Kant.Wasm.Decode.Bytes) →       (x_1 : Nat) →         (x_2 : Kant.Wasm.Decode.Bytes) →           Eq (Kant.Wasm.Leb128.ulebDec x) (Option.some { fst := x_1, snd := x_2 }) → Prop)   (x : Kant.Wasm.Decode.Bytes) (x_1 : Nat) (x_2 : Kant.Wasm.Decode.Bytes)   (x_3 : Eq (Kant.Wasm.Leb128.ulebDec x) (Option.some { fst := x_1, snd := x_2 })),   (∀ (x : Nat) (x_4 : Kant.Wasm.Decode.Bytes)       (h : Eq (Kant.Wasm.Leb128.ulebDec List.nil) (Option.some { fst := x, snd := x_4 })),       motive List.nil x x_4 h) →     (∀ (b : UInt8) (bs : List UInt8) (n : Nat) (r : Kant.Wasm.Decode.Bytes)         (h : Eq (Kant.Wasm.Leb128.ulebDec (List.cons b bs)) (Option.some { fst := n, snd := r })),         motive (List.cons b bs) n r h) →       motive x x_1 x_2 x_3","O7;13;source_systemS5;lean411;source_fileS31;RequestProject/Wasm/Decode.lean13;source_formatS4;text11;imported_atI+0;14;transformed_atI+0;15;transformationsL0;13;parent_objectS0;","88d49abca3ee5064ad26a5dcb48ac62fa19726bdffc41572f8e0d31b175aa66d"
"obj.Kant.Codec.ExportReport.mk.inj","theorem","Kant.Codec.ExportReport.mk.inj","PROVEN","∀ {format : Kant.Codec.Fmt} {artifact : List Char} {lossiness : Kant.Codec.Loss}   {roundTripped : Bool} {ledger : List Kant.Codec.Trans} {format_1 : Kant.Codec.Fmt}   {artifact_1 : List Char} {lossiness_1 : Kant.Codec.Loss} {roundTripped_1 : Bool}   {ledger_1 : List Kant.Codec.Trans},   Eq       { format := format, artifact := artifact, lossiness := lossiness,         roundTripped := roundTripped, ledger := ledger }       { format := format_1, artifact := artifact_1, lossiness := lossiness_1,         roundTripped := roundTripped_1, ledger := ledger_1 } →     And (Eq format format_1)       (And (Eq artifact artifact_1)         (And (Eq lossiness lossiness_1)           (And (Eq roundTripped roundTripped_1) (Eq ledger ledger_1))))","L0;","O0;","L0;","L0;","L1;S36;claim.Kant.Codec.ExportReport.mk.inj","L0;","L1;S36;proof.Kant.Codec.ExportReport.mk.inj","L0;","S738;∀ {format : Kant.Codec.Fmt} {artifact : List Char} {lossiness : Kant.Codec.Loss}   {roundTripped : Bool} {ledger : List Kant.Codec.Trans} {format_1 : Kant.Codec.Fmt}   {artifact_1 : List Char} {lossiness_1 : Kant.Codec.Loss} {roundTripped_1 : Bool}   {ledger_1 : List Kant.Codec.Trans},   Eq       { format := format, artifact := artifact, lossiness := lossiness,         roundTripped := roundTripped, ledger := ledger }       { format := format_1, artifact := artifact_1, lossiness := lossiness_1,         roundTripped := roundTripped_1, ledger := ledger_1 } →     And (Eq format format_1)       (And (Eq artifact artifact_1)         (And (Eq lossiness lossiness_1)           (And (Eq roundTripped roundTripped_1) (Eq ledger ledger_1))))","O7;13;source_systemS5;lean411;source_fileS39;RequestProject/Kant/Codec/Exchange.lean13;source_formatS4;text11;imported_atI+0;14;transformed_atI+0;15;transformationsL0;13;parent_objectS0;","6e1452e4275864be320952a136cad6f1660c8358f31b03f8ab3d71994cc73abb"
"obj.Kant.Dom.instDecidableEqClaim.decEq.match_1","def","Kant.Dom.instDecidableEqClaim.decEq.match_1","ASSERTED","(motive : Kant.Dom.Claim → Kant.Dom.Claim → Sort u_1) →   (x x_1 : Kant.Dom.Claim) →     ((a a_1 : Kant.Dom.Id) →         (a_2 : List Char) →           (a_3 : Kant.Dom.Truth) →             (a_4 : List Kant.Dom.Id) →               (b b_1 : Kant.Dom.Id) →                 (b_2 : List Char) →                   (b_3 : Kant.Dom.Truth) →                     (b_4 : List Kant.Dom.Id) →                       motive                         { id := a, objectRef := a_1, text := a_2, truth := a_3, proofRefs := a_4 }                         { id := b, objectRef := b_1, text := b_2, truth := b_3,                           proofRefs := b_4 }) →       motive x x_1","L0;","O0;","L0;","L0;","L0;","L0;","L0;","L0;","S654;(motive : Kant.Dom.Claim → Kant.Dom.Claim → Sort u_1) →   (x x_1 : Kant.Dom.Claim) →     ((a a_1 : Kant.Dom.Id) →         (a_2 : List Char) →           (a_3 : Kant.Dom.Truth) →             (a_4 : List Kant.Dom.Id) →               (b b_1 : Kant.Dom.Id) →                 (b_2 : List Char) →                   (b_3 : Kant.Dom.Truth) →                     (b_4 : List Kant.Dom.Id) →                       motive                         { id := a, objectRef := a_1, text := a_2, truth := a_3, proofRefs := a_4 }                         { id := b, objectRef := b_1, text := b_2, truth := b_3,                           proofRefs := b_4 }) →       motive x x_1","O7;13;source_systemS5;lean411;source_fileS37;RequestProject/Kant/Domain/Model.lean13;source_formatS4;text11;imported_atI+0;14;transformed_atI+0;15;transformationsL0;13;parent_objectS0;","b9750af8b678b0c2ef91288633a6238d9c888c540d07031cbfadbd4533fa3197"
"obj.Kant.Codec.Extract.casesOn","def","Kant.Codec.Extract.casesOn","ASSERTED","{motive : Kant.Codec.Extract → Sort u} →   (t : Kant.Codec.Extract) →     ((kind : List Char) →         (offset length : Nat) → motive { kind := kind, offset := offset, length := length }) →       motive t","L0;","O0;","L0;","L0;","L0;","L0;","L0;","L0;","S205;{motive : Kant.Codec.Extract → Sort u} →   (t : Kant.Codec.Extract) →     ((kind : List Char) →         (offset length : Nat) → motive { kind := kind, offset := offset, length := length }) →       motive t","O7;13;source_systemS5;lean411;source_fileS38;RequestProject/Kant/Codec/RawText.lean13;source_formatS4;text11;imported_atI+0;14;transformed_atI+85;15;transformationsL0;13;parent_objectS0;","903ba834918d4fa95cb7dd878671db46c894a5133d7d9133dfc90fba3d745c50"
"obj.Kant.Cli.Client.compose","def","Kant.Cli.Client.compose","ASSERTED","Kant.Cli.Client → Kant.Bytes.Blob → Kant.Relay.Msg","L0;","O0;","L0;","L0;","L0;","L0;","L0;","L0;","S50;Kant.Cli.Client → Kant.Bytes.Blob → Kant.Relay.Msg","O7;13;source_systemS5;lean411;source_fileS28;RequestProject/Kant/Cli.lean13;source_formatS4;text11;imported_atI+0;14;transformed_atI+351;15;transformationsL0;13;parent_objectS0;","b67209cd2feb3ad77a0ce213d63d8f14f68524f355cefe4d7080dbf9cd8e2caa"
"obj.Kant.Dom.Coverage.unproven.elim","def","Kant.Dom.Coverage.unproven.elim","ASSERTED","{motive : Kant.Dom.Coverage → Sort u} →   (t : Kant.Dom.Coverage) → Eq t.ctorIdx 2 → motive Kant.Dom.Coverage.unproven → motive t","L0;","O0;","L0;","L0;","L0;","L0;","L0;","L0;","S129;{motive : Kant.Dom.Coverage → Sort u} →   (t : Kant.Dom.Coverage) → Eq t.ctorIdx 2 → motive Kant.Dom.Coverage.unproven → motive t","O7;13;source_systemS5;lean411;source_fileS37;RequestProject/Kant/Domain/Model.lean13;source_formatS4;text11;imported_atI+0;14;transformed_atI+74;15;transformationsL0;13;parent_objectS0;","f9e3e6e63a695af75cf8427e2e67ae7cc3b77883b275ae3d6fedd2ed085b0822"
"obj.Kant.Dom.instReprRel","def","Kant.Dom.instReprRel","ASSERTED","Repr Kant.Dom.Rel","L0;","O0;","L0;","L0;","L0;","L0;","L0;","L0;","S17;Repr Kant.Dom.Rel","O7;13;source_systemS5;lean411;source_fileS37;RequestProject/Kant/Domain/Model.lean13;source_formatS4;text11;imported_atI+0;14;transformed_atI+70;15;transformationsL0;13;parent_objectS0;","ae06b91aa596412f52779e8bb224aa4c09a6793bc88ebe3567e872930689bbd2"
"obj.Kant.Rendezvous.Announce.seq","def","Kant.Rendezvous.Announce.seq","ASSERTED","Kant.Rendezvous.Announce → Nat","L0;","O0;","L0;","L0;","L0;","L0;","L0;","L0;","S30;Kant.Rendezvous.Announce → Nat","O7;13;source_systemS5;lean411;source_fileS35;RequestProject/Kant/Rendezvous.lean13;source_formatS4;text11;imported_atI+0;14;transformed_atI+130;15;transformationsL0;13;parent_objectS0;","bf44e741131c6bf0fb02d06c9bfaeab305a375a015a75b56f2031760387befe9"
"obj.Kant.Wasm.Encode.exportPayload.match_1","def","Kant.Wasm.Encode.exportPayload.match_1","ASSERTED","(motive : Prod Kant.Wasm.Func Nat → Sort u_1) →   (x : Prod Kant.Wasm.Func Nat) →     ((f : Kant.Wasm.Func) → (i : Nat) → motive { fst := f, snd := i }) → motive x","L0;","O0;","L0;","L0;","L0;","L0;","L0;","L0;","S163;(motive : Prod Kant.Wasm.Func Nat → Sort u_1) →   (x : Prod Kant.Wasm.Func Nat) →     ((f : Kant.Wasm.Func) → (i : Nat) → motive { fst := f, snd := i }) → motive x","O7;13;source_systemS5;lean411;source_fileS31;RequestProject/Wasm/Encode.lean13;source_formatS4;text11;imported_atI+0;14;transformed_atI+0;15;transformationsL0;13;parent_objectS0;","3b50c6235dd7abf9538e1341498e16f6c04da5425c3695732c3a794d406cac30"
"obj.Kant.Dom.Event.validated.injEq","theorem","Kant.Dom.Event.validated.injEq","PROVEN","∀ (proofId proofId_1 : Kant.Dom.Id),   Eq (Eq (Kant.Dom.Event.validated proofId) (Kant.Dom.Event.validated proofId_1))     (Eq proofId proofId_1)","L0;","O0;","L0;","L0;","L1;S36;claim.Kant.Dom.Event.validated.injEq","L0;","L1;S36;proof.Kant.Dom.Event.validated.injEq","L0;","S145;∀ (proofId proofId_1 : Kant.Dom.Id),   Eq (Eq (Kant.Dom.Event.validated proofId) (Kant.Dom.Event.validated proofId_1))     (Eq proofId proofId_1)","O7;13;source_systemS5;lean411;source_fileS38;RequestProject/Kant/Domain/Policy.lean13;source_formatS4;text11;imported_atI+0;14;transformed_atI+0;15;transformationsL0;13;parent_objectS0;","1ca070b7948caa5aa5afe0c3a22dd4759304cb5f12069b34f5e465e2d768d6cf"
"obj.Kant.Erdfa.escape_no_markup","theorem","Kant.Erdfa.escape_no_markup","PROVEN","∀ (s : List Char),   And (Not (List.instMembership.mem (Kant.Erdfa.escape s) '<'))     (And (Not (List.instMembership.mem (Kant.Erdfa.escape s) '>'))       (Not (List.instMembership.mem (Kant.Erdfa.escape s) '\""')))","L0;","O0;","L0;","L0;","L1;S33;claim.Kant.Erdfa.escape_no_markup","L0;","L1;S33;proof.Kant.Erdfa.escape_no_markup","L0;","S215;∀ (s : List Char),   And (Not (List.instMembership.mem (Kant.Erdfa.escape s) '<'))     (And (Not (List.instMembership.mem (Kant.Erdfa.escape s) '>'))       (Not (List.instMembership.mem (Kant.Erdfa.escape s) '\""')))","O7;13;source_systemS5;lean411;source_fileS30;RequestProject/Kant/Erdfa.lean13;source_formatS4;text11;imported_atI+0;14;transformed_atI+103;15;transformationsL0;13;parent_objectS0;","04f2039d0049c5f48113a0330c28e51790c75c5bb27d04ba3e9040af8dd6093d"
"obj.Kant.Uucp.toPart_ofPart","theorem","Kant.Uucp.toPart_ofPart","PROVEN","∀ (f : Kant.Sneakernet.Frame), Eq (Kant.Uucp.toPart (Kant.Uucp.ofPart f)) (Option.some f)","L0;","O0;","L0;","L0;","L1;S29;claim.Kant.Uucp.toPart_ofPart","L0;","L1;S29;proof.Kant.Uucp.toPart_ofPart","L0;","S89;∀ (f : Kant.Sneakernet.Frame), Eq (Kant.Uucp.toPart (Kant.Uucp.ofPart f)) (Option.some f)","O7;13;source_systemS5;lean411;source_fileS29;RequestProject/Kant/Uucp.lean13;source_formatS4;text11;imported_atI+0;14;transformed_atI+209;15;transformationsL0;13;parent_objectS0;","28cc421c205994e7352b2bed26737474ae7009a746920625c3b0e7032437bb82"
"obj.Kant.Codec.Verdict.equivalent.sizeOf_spec","theorem","Kant.Codec.Verdict.equivalent.sizeOf_spec","PROVEN","Eq (Kant.Codec.Verdict._sizeOf_inst.sizeOf Kant.Codec.Verdict.equivalent) 1","L0;","O0;","L0;","L0;","L1;S47;claim.Kant.Codec.Verdict.equivalent.sizeOf_spec","L0;","L1;S47;proof.Kant.Codec.Verdict.equivalent.sizeOf_spec","L0;","S75;Eq (Kant.Codec.Verdict._sizeOf_inst.sizeOf Kant.Codec.Verdict.equivalent) 1","O7;13;source_systemS5;lean411;source_fileS40;RequestProject/Kant/Codec/Reconcile.lean13;source_formatS4;text11;imported_atI+0;14;transformed_atI+0;15;transformationsL0;13;parent_objectS0;","1b108f73f0744e2ba95eef8a6cb630e879128c56391b29713a5346baefd0362e"
"obj.Kant.SiteCard.lookupKey","def","Kant.SiteCard.lookupKey","ASSERTED","List Char → List (Prod (List Char) (List Char)) → Option (List Char)","L0;","O0;","L0;","L0;","L0;","L0;","L0;","L0;","S68;List Char → List (Prod (List Char) (List Char)) → Option (List Char)","O7;13;source_systemS5;lean411;source_fileS33;RequestProject/Kant/SiteCard.lean13;source_formatS4;text11;imported_atI+0;14;transformed_atI+188;15;transformationsL0;13;parent_objectS0;","50bc5aacc7b123a8718e31d0c9cd726bba7badd99d68ba8e2549e97804eb39d1"
"obj.Kant.Uucp.Node.paste_delivers","theorem","Kant.Uucp.Node.paste_delivers","PROVEN","∀ {n : Kant.Uucp.Node} {s : List Char} {ms : List Kant.Relay.Msg} {x : Kant.Relay.Msg},   Eq (Kant.Uucp.openBag s) (Option.some ms) →     List.instMembership.mem ms x → List.instMembership.mem (n.paste s).spool x","L0;","O0;","L0;","L0;","L1;S35;claim.Kant.Uucp.Node.paste_delivers","L0;","L1;S35;proof.Kant.Uucp.Node.paste_delivers","L0;","S212;∀ {n : Kant.Uucp.Node} {s : List Char} {ms : List Kant.Relay.Msg} {x : Kant.Relay.Msg},   Eq (Kant.Uucp.openBag s) (Option.some ms) →     List.instMembership.mem ms x → List.instMembership.mem (n.paste s).spool x","O7;13;source_systemS5;lean411;source_fileS29;RequestProject/Kant/Uucp.lean13;source_formatS4;text11;imported_atI+0;14;transformed_atI+454;15;transformationsL0;13;parent_objectS0;","c6f99d90670d6708bdc7f921cd2f51e3a607cb07a7b7f08e23252321d5470779"
"obj.Kant.Onboarding.join_lands_in_room","theorem","Kant.Onboarding.join_lands_in_room","PROVEN","∀ {c : Kant.SiteCard.Config},   Kant.Join.BlankFree c.origin →     ∀ {i : Kant.Rendezvous.Invite},       i.Wire →         ∀ (s : Kant.Onboarding.State),           And             (Eq               (Kant.Onboarding.step s                   (Kant.Onboarding.Event.joinText (Kant.Onboarding.shareText c i))).inRoom               Bool.true)             (And               (Eq                 (Kant.Onboarding.step s                     (Kant.Onboarding.Event.joinText (Kant.Onboarding.shareText c i))).screen                 Kant.Onboarding.Screen.chat)               (Eq                 (Kant.Onboarding.step s                     (Kant.Onboarding.Event.joinText (Kant.Onboarding.shareText c i))).camera                 Bool.false))","L3;S32;obj.Kant.Onboarding.State.hushedS32;obj.Kant.Onboarding.step.match_1S28;obj.Kant.Onboarding.Progress","O0;","L0;","L0;","L1;S40;claim.Kant.Onboarding.join_lands_in_room","L0;","L1;S40;proof.Kant.Onboarding.join_lands_in_room","L0;","S729;∀ {c : Kant.SiteCard.Config},   Kant.Join.BlankFree c.origin →     ∀ {i : Kant.Rendezvous.Invite},       i.Wire →         ∀ (s : Kant.Onboarding.State),           And             (Eq               (Kant.Onboarding.step s                   (Kant.Onboarding.Event.joinText (Kant.Onboarding.shareText c i))).inRoom               Bool.true)             (And               (Eq                 (Kant.Onboarding.step s                     (Kant.Onboarding.Event.joinText (Kant.Onboarding.shareText c i))).screen                 Kant.Onboarding.Screen.chat)               (Eq                 (Kant.Onboarding.step s                     (Kant.Onboarding.Event.joinText (Kant.Onboarding.shareText c i))).camera                 Bool.false))","O7;13;source_systemS5;lean411;source_fileS35;RequestProject/Kant/Onboarding.lean13;source_formatS4;text11;imported_atI+0;14;transformed_atI+247;15;transformationsL0;13;parent_objectS0;","4d953b625c172cd108b3292ac10e72a677a3f339b44a58c3cd988f883e609628"
"obj.Kant.PlainText.Meta.ctorIdx","def","Kant.PlainText.Meta.ctorIdx","ASSERTED","Kant.PlainText.Meta → Nat","L0;","O0;","L0;","L0;","L0;","L0;","L0;","L0;","S25;Kant.PlainText.Meta → Nat","O7;13;source_systemS5;lean411;source_fileS34;RequestProject/Kant/PlainText.lean13;source_formatS4;text11;imported_atI+0;14;transformed_atI+0;15;transformationsL0;13;parent_objectS0;","0ea15491bc2cb11f62e072d1aa41007c2c92951884ffa6b5ced08e29cdfd9f82"
"obj.Kant.InviteCard.inviteCard","def","Kant.InviteCard.inviteCard","ASSERTED","Kant.SiteCard.Config → Kant.InviteCard.Dress → Kant.Rendezvous.Invite → Kant.SiteCard.Card","L0;","O0;","L0;","L0;","L0;","L0;","L0;","L0;","S90;Kant.SiteCard.Config → Kant.InviteCard.Dress → Kant.Rendezvous.Invite → Kant.SiteCard.Card","O7;13;source_systemS5;lean411;source_fileS35;RequestProject/Kant/InviteCard.lean13;source_formatS4;text11;imported_atI+0;14;transformed_atI+146;15;transformationsL0;13;parent_objectS0;","8889ddfcbcc63567474e550d1c34a04c49dc0745b26c5275d76cca0f112e513a"
"obj.Kant.SiteCard.pasteUrl_fits_qr","theorem","Kant.SiteCard.pasteUrl_fits_qr","PROVEN","∀ {c : Kant.SiteCard.Config},   instLENat.le c.origin.length 2888 →     ∀ (p : Kant.Paste),       instLENat.le (Kant.SiteCard.pasteUrl c p).length Kant.Sneakernet.Channel.qr.capacity","L0;","O0;","L0;","L0;","L1;S36;claim.Kant.SiteCard.pasteUrl_fits_qr","L0;","L1;S36;proof.Kant.SiteCard.pasteUrl_fits_qr","L0;","S182;∀ {c : Kant.SiteCard.Config},   instLENat.le c.origin.length 2888 →     ∀ (p : Kant.Paste),       instLENat.le (Kant.SiteCard.pasteUrl c p).length Kant.Sneakernet.Channel.qr.capacity","O7;13;source_systemS5;lean411;source_fileS33;RequestProject/Kant/SiteCard.lean13;source_formatS4;text11;imported_atI+0;14;transformed_atI+363;15;transformationsL0;13;parent_objectS0;","e310822cbe4f59ad845de5cd23611362d123a52458f8eca7e327886df965803c"
"obj.Kant.Cli.instReprResp.repr","def","Kant.Cli.instReprResp.repr","ASSERTED","Kant.Cli.Resp → Nat → Std.Format","L0;","O0;","L0;","L0;","L0;","L0;","L0;","L0;","S32;Kant.Cli.Resp → Nat → Std.Format","O7;13;source_systemS5;lean411;source_fileS28;RequestProject/Kant/Cli.lean13;source_formatS4;text11;imported_atI+0;14;transformed_atI+295;15;transformationsL0;13;parent_objectS0;","288a3603bd8b01dd1e3bb5124522c9bafd9f1eac535cdb47624604a5c7141124"
"obj.Kant.Onboarding.step.eq_9","theorem","Kant.Onboarding.step.eq_9","PROVEN","∀ (s : Kant.Onboarding.State),   Eq (Kant.Onboarding.step s Kant.Onboarding.Event.leave)     { screen := Kant.Onboarding.Screen.welcome, camera := Bool.false, inRoom := Bool.false,       hushed := s.hushed, progress := s.progress }","L1;S32;obj.Kant.Onboarding.State.hushed","O0;","L0;","L0;","L1;S31;claim.Kant.Onboarding.step.eq_9","L0;","L1;S31;proof.Kant.Onboarding.step.eq_9","L0;","S231;∀ (s : Kant.Onboarding.State),   Eq (Kant.Onboarding.step s Kant.Onboarding.Event.leave)     { screen := Kant.Onboarding.Screen.welcome, camera := Bool.false, inRoom := Bool.false,       hushed := s.hushed, progress := s.progress }","O7;13;source_systemS5;lean411;source_fileS35;RequestProject/Kant/Onboarding.lean13;source_formatS4;text11;imported_atI+0;14;transformed_atI+0;15;transformationsL0;13;parent_objectS0;","105c21b0a67f8441de6c34a528c4c76e2c6baddeb6bb665bf027bc2c0edcf7d8"
"obj.Kant.Connectivity.Client.noConfusion","def","Kant.Connectivity.Client.noConfusion","ASSERTED","{P : Sort u} →   {t t' : Kant.Connectivity.Client} → Eq t t' → Kant.Connectivity.Client.noConfusionType P t t'","L0;","O0;","L0;","L0;","L0;","L0;","L0;","L0;","S110;{P : Sort u} →   {t t' : Kant.Connectivity.Client} → Eq t t' → Kant.Connectivity.Client.noConfusionType P t t'","O7;13;source_systemS5;lean411;source_fileS37;RequestProject/Kant/Connectivity.lean13;source_formatS4;text11;imported_atI+0;14;transformed_atI+93;15;transformationsL0;13;parent_objectS0;","4fcb14995ef9a61839ce80e6835ba6cb06e54bc0e900a22e2601c45300589681"
"obj.Kant.Rendezvous.Announce.mk.noConfusion","def","Kant.Rendezvous.Announce.mk.noConfusion","ASSERTED","{P : Sort u} →   {peer : List Char} →     {seq : Nat} →       {addrs : List Kant.Rendezvous.Address} →         {peer' : List Char} →           {seq' : Nat} →             {addrs' : List Kant.Rendezvous.Address} →               Eq { peer := peer, seq := seq, addrs := addrs }                   { peer := peer', seq := seq', addrs := addrs' } →                 (Eq peer peer' → Eq seq seq' → Eq addrs addrs' → P) → P","L0;","O0;","L0;","L0;","L0;","L0;","L0;","L0;","S413;{P : Sort u} →   {peer : List Char} →     {seq : Nat} →       {addrs : List Kant.Rendezvous.Address} →         {peer' : List Char} →           {seq' : Nat} →             {addrs' : List Kant.Rendezvous.Address} →               Eq { peer := peer, seq := seq, addrs := addrs }                   { peer := peer', seq := seq', addrs := addrs' } →                 (Eq peer peer' → Eq seq seq' → Eq addrs addrs' → P) → P","O7;13;source_systemS5;lean411;source_fileS35;RequestProject/Kant/Rendezvous.lean13;source_formatS4;text11;imported_atI+0;14;transformed_atI+126;15;transformationsL0;13;parent_objectS0;","44f0d2c53a622dc35efe6df5166e5e30da3872113e4400c980574f7250deb3f6"
"obj.Kant.Codec.ImportReport.errors","def","Kant.Codec.ImportReport.errors","ASSERTED","Kant.Codec.ImportReport → List Kant.Codec.Err","L0;","O0;","L0;","L0;","L0;","L0;","L0;","L0;","S45;Kant.Codec.ImportReport → List Kant.Codec.Err","O7;13;source_systemS5;lean411;source_fileS39;RequestProject/Kant/Codec/Exchange.lean13;source_formatS4;text11;imported_atI+0;14;transformed_atI+196;15;transformationsL0;13;parent_objectS0;","918960e8457b64401892513f09eff39b559e2b8d32d8e30ed0cec7c1883f2af9"
"obj.Kant.CardDebug.Warning.ctorIdx","def","Kant.CardDebug.Warning.ctorIdx","ASSERTED","Kant.CardDebug.Warning → Nat","L0;","O0;","L0;","L0;","L0;","L0;","L0;","L0;","S28;Kant.CardDebug.Warning → Nat","O7;13;source_systemS5;lean411;source_fileS34;RequestProject/Kant/CardDebug.lean13;source_formatS4;text11;imported_atI+0;14;transformed_atI+0;15;transformationsL0;13;parent_objectS0;","08341b4c1f159ffcf3fe1240f4557cdf6f4c59bf7fe8dd023b23a019f85f5fa5"
"obj.Kant.Wasm.Kernel.hexDigitOf","def","Kant.Wasm.Kernel.hexDigitOf","ASSERTED","Kant.Wasm.Expr → Kant.Wasm.Expr","L0;","O0;","L0;","L0;","L0;","L0;","L0;","L0;","S31;Kant.Wasm.Expr → Kant.Wasm.Expr","O7;13;source_systemS5;lean411;source_fileS31;RequestProject/Wasm/Kernel.lean13;source_formatS4;text11;imported_atI+0;14;transformed_atI+38;15;transformationsL0;13;parent_objectS0;","3ddffe2940a5e8dd42d81f40357d317244238b42f1c639ff8de571308f0af7f4"
"obj.Kant.Stego.embedBits.eq_def","theorem","Kant.Stego.embedBits.eq_def","PROVEN","∀ (x : Kant.Stego.Carrier) (x_1 : List Bool),   Eq (Kant.Stego.embedBits x x_1)     (Kant.Stego.embedBits.match_1 (fun x x_2 => Kant.Stego.Carrier) x x_1 (fun cs => cs)       (fun x => List.nil) fun c cs b bs =>       List.cons (instHAdd.hAdd (instHMul.hMul 2 (instHDiv.hDiv c 2)) (ite (Eq b Bool.true) 1 0))         (Kant.Stego.embedBits cs bs))","L1;S24;obj.Kant.Stego.embedBits","O0;","L0;","L0;","L1;S33;claim.Kant.Stego.embedBits.eq_def","L0;","L1;S33;proof.Kant.Stego.embedBits.eq_def","L0;","S346;∀ (x : Kant.Stego.Carrier) (x_1 : List Bool),   Eq (Kant.Stego.embedBits x x_1)     (Kant.Stego.embedBits.match_1 (fun x x_2 => Kant.Stego.Carrier) x x_1 (fun cs => cs)       (fun x => List.nil) fun c cs b bs =>       List.cons (instHAdd.hAdd (instHMul.hMul 2 (instHDiv.hDiv c 2)) (ite (Eq b Bool.true) 1 0))         (Kant.Stego.embedBits cs bs))","O7;13;source_systemS5;lean411;source_fileS30;RequestProject/Kant/Stego.lean13;source_formatS4;text11;imported_atI+0;14;transformed_atI+0;15;transformationsL0;13;parent_objectS0;","39feef039d0ffc61a1da4a8448d617b6340c30598b18ce5b888c5e568382eb20"
"obj.Kant.ShareLog.logText_roundTrip","theorem","Kant.ShareLog.logText_roundTrip","PROVEN","∀ {r : Kant.Diagnostics.Report},   r.Wire → Eq (Kant.Diagnostics.parseReport (Kant.ShareLog.logText r)) (Option.some r)","L1;S27;obj.Kant.Diagnostics.Report","O0;","L0;","L0;","L1;S37;claim.Kant.ShareLog.logText_roundTrip","L0;","L1;S37;proof.Kant.ShareLog.logText_roundTrip","L0;","S119;∀ {r : Kant.Diagnostics.Report},   r.Wire → Eq (Kant.Diagnostics.parseReport (Kant.ShareLog.logText r)) (Option.some r)","O7;13;source_systemS5;lean411;source_fileS33;RequestProject/Kant/ShareLog.lean13;source_formatS4;text11;imported_atI+0;14;transformed_atI+83;15;transformationsL0;13;parent_objectS0;","40374caf0f88e56d06827f8b7881e93adcdefc4a9066deaf4ff9c2913dbdf85c"
"obj.Kant.Dasl.tenfoldCoords","def","Kant.Dasl.tenfoldCoords","ASSERTED","List Kant.Dasl.Orbifold","L0;","O0;","L0;","L0;","L0;","L0;","L0;","L0;","S23;List Kant.Dasl.Orbifold","O7;13;source_systemS5;lean411;source_fileS29;RequestProject/Kant/Dasl.lean13;source_formatS4;text11;imported_atI+0;14;transformed_atI+296;15;transformationsL0;13;parent_objectS0;","51e657a8870f0d9ef7f337d9d1a6a5116b0d207a8c5cdef800a9516cecb30e6b"
"obj.Kant.Strip.strip.eq_1","theorem","Kant.Strip.strip.eq_1","PROVEN","∀ (t : Kant.Meme.Template) (limit : Nat) (e : Kant.Clipboard.Envelope),   Eq (Kant.Strip.strip t limit e)     (List.map (Kant.Strip.still t) (Kant.Sneakernet.frames limit (Kant.Text.asciiBytes e.encode)))","L1;S24;obj.Kant.Text.asciiBytes","O0;","L0;","L0;","L1;S27;claim.Kant.Strip.strip.eq_1","L0;","L1;S27;proof.Kant.Strip.strip.eq_1","L0;","S204;∀ (t : Kant.Meme.Template) (limit : Nat) (e : Kant.Clipboard.Envelope),   Eq (Kant.Strip.strip t limit e)     (List.map (Kant.Strip.still t) (Kant.Sneakernet.frames limit (Kant.Text.asciiBytes e.encode)))","O7;13;source_systemS5;lean411;source_fileS30;RequestProject/Kant/Strip.lean13;source_formatS4;text11;imported_atI+0;14;transformed_atI+0;15;transformationsL0;13;parent_objectS0;","b4b4a1bda740fab2a7ce3aafa21703b5c913bee61e8d514c4701c9eeebf8692f"
"obj.Kant.Codec.getObj","def","Kant.Codec.getObj","ASSERTED","List (Prod (List Char) Kant.Codec.Val) → List Char → Option (List (Prod (List Char) Kant.Codec.Val))","L0;","O0;","L0;","L0;","L0;","L0;","L0;","L0;","S100;List (Prod (List Char) Kant.Codec.Val) → List Char → Option (List (Prod (List Char) Kant.Codec.Val))","O7;13;source_systemS5;lean411;source_fileS36;RequestProject/Kant/Codec/Model.lean13;source_formatS4;text11;imported_atI+0;14;transformed_atI+189;15;transformationsL0;13;parent_objectS0;","56029ca530630534ba30414f72b536c7d3164a0ed732d43aa51459dd37c55fcd"
"obj.Kant.Codec.instReprStatus.repr.match_1","def","Kant.Codec.instReprStatus.repr.match_1","ASSERTED","(motive : Kant.Codec.Status → Sort u_1) →   (x : Kant.Codec.Status) →     (Unit → motive Kant.Codec.Status.unknown) →       (Unit → motive Kant.Codec.Status.pending) →         (Unit → motive Kant.Codec.Status.valid) →           (Unit → motive Kant.Codec.Status.invalid) →             (Unit → motive Kant.Codec.Status.partialResult) →               (Unit → motive Kant.Codec.Status.error) →                 (Unit → motive Kant.Codec.Status.conflict) →                   (Unit → motive Kant.Codec.Status.unsupported) → motive x","L0;","O0;","L0;","L0;","L0;","L0;","L0;","L0;","S525;(motive : Kant.Codec.Status → Sort u_1) →   (x : Kant.Codec.Status) →     (Unit → motive Kant.Codec.Status.unknown) →       (Unit → motive Kant.Codec.Status.pending) →         (Unit → motive Kant.Codec.Status.valid) →           (Unit → motive Kant.Codec.Status.invalid) →             (Unit → motive Kant.Codec.Status.partialResult) →               (Unit → motive Kant.Codec.Status.error) →                 (Unit → motive Kant.Codec.Status.conflict) →                   (Unit → motive Kant.Codec.Status.unsupported) → motive x","O7;13;source_systemS5;lean411;source_fileS36;RequestProject/Kant/Codec/Model.lean13;source_formatS4;text11;imported_atI+0;14;transformed_atI+0;15;transformationsL0;13;parent_objectS0;","924f6f0fdd7825dc9bb4350f170e3177f5e1b978f42df8caf78db169236b8485"
"obj.Kant.Wasm.Decode.RawInstr.ctorIdx","def","Kant.Wasm.Decode.RawInstr.ctorIdx","ASSERTED","Kant.Wasm.Decode.RawInstr → Nat","L0;","O0;","L0;","L0;","L0;","L0;","L0;","L0;","S31;Kant.Wasm.Decode.RawInstr → Nat","O7;13;source_systemS5;lean411;source_fileS31;RequestProject/Wasm/Decode.lean13;source_formatS4;text11;imported_atI+0;14;transformed_atI+0;15;transformationsL0;13;parent_objectS0;","dc2e32dfce9e9b60009bf9c5ea1a585bcb6df5bf44f56a0e21441a9a9628ad99"
"obj.Kant.Rendezvous.isAscii_roomOf","theorem","Kant.Rendezvous.isAscii_roomOf","PROVEN","∀ (secret : Kant.Bytes.Blob), Kant.Text.IsAscii (Kant.Rendezvous.roomOf secret)","L0;","O0;","L0;","L0;","L1;S36;claim.Kant.Rendezvous.isAscii_roomOf","L0;","L1;S36;proof.Kant.Rendezvous.isAscii_roomOf","L0;","S79;∀ (secret : Kant.Bytes.Blob), Kant.Text.IsAscii (Kant.Rendezvous.roomOf secret)","O7;13;source_systemS5;lean411;source_fileS35;RequestProject/Kant/Rendezvous.lean13;source_formatS4;text11;imported_atI+0;14;transformed_atI+431;15;transformationsL0;13;parent_objectS0;","84164cbaeeb09be949d74cbf71583ff6d761ab9ef28624cbdf12bb2878ba11d8"
"obj.Kant.Cli.Client.mk.noConfusion","def","Kant.Cli.Client.mk.noConfusion","ASSERTED","{P : Sort u} →   {self relay : List Char} →     {secret : Kant.Bytes.Blob} →       {seq cursor : Nat} →         {messages : List Kant.Relay.Msg} →           {self' relay' : List Char} →             {secret' : Kant.Bytes.Blob} →               {seq' cursor' : Nat} →                 {messages' : List Kant.Relay.Msg} →                   Eq                       { self := self, relay := relay, secret := secret, seq := seq,                         cursor := cursor, messages := messages }                       { self := self', relay := relay', secret := secret', seq := seq',                         cursor := cursor', messages := messages' } →                     (Eq self self' →                         Eq relay relay' →                           Eq secret secret' →                             Eq seq seq' → Eq cursor cursor' → Eq messages messages' → P) →                       P","L0;","O0;","L0;","L0;","L0;","L0;","L0;","L0;","S883;{P : Sort u} →   {self relay : List Char} →     {secret : Kant.Bytes.Blob} →       {seq cursor : Nat} →         {messages : List Kant.Relay.Msg} →           {self' relay' : List Char} →             {secret' : Kant.Bytes.Blob} →               {seq' cursor' : Nat} →                 {messages' : List Kant.Relay.Msg} →                   Eq                       { self := self, relay := relay, secret := secret, seq := seq,                         cursor := cursor, messages := messages }                       { self := self', relay := relay', secret := secret', seq := seq',                         cursor := cursor', messages := messages' } →                     (Eq self self' →                         Eq relay relay' →                           Eq secret secret' →                             Eq seq seq' → Eq cursor cursor' → Eq messages messages' → P) →                       P","O7;13;source_systemS5;lean411;source_fileS28;RequestProject/Kant/Cli.lean13;source_formatS4;text11;imported_atI+0;14;transformed_atI+315;15;transformationsL0;13;parent_objectS0;","d10ca879b83cc5575e106b0ff0910d6c834a68d205d97bd514d643cc2f93bc9a"
"obj.Kant.Codec.ipdlHeader","def","Kant.Codec.ipdlHeader","ASSERTED","List Char","L0;","O0;","L0;","L0;","L0;","L0;","L0;","L0;","S9;List Char","O7;13;source_systemS5;lean411;source_fileS35;RequestProject/Kant/Codec/Ipdl.lean13;source_formatS4;text11;imported_atI+0;14;transformed_atI+317;15;transformationsL0;13;parent_objectS0;","c4fdba7089eaf43f7cf0f171bad107ecd99f35712a79ba65b2d1df4093563d92"
"obj.Kant.Wasm.Expr.bin.injEq","theorem","Kant.Wasm.Expr.bin.injEq","PROVEN","∀ (op : Kant.Wasm.BinOp) (a b : Kant.Wasm.Expr) (op_1 : Kant.Wasm.BinOp) (a_1 b_1 : Kant.Wasm.Expr),   Eq (Eq (Kant.Wasm.Expr.bin op a b) (Kant.Wasm.Expr.bin op_1 a_1 b_1))     (And (Eq op op_1) (And (Eq a a_1) (Eq b b_1)))","L0;","O0;","L0;","L0;","L1;S30;claim.Kant.Wasm.Expr.bin.injEq","L0;","L1;S30;proof.Kant.Wasm.Expr.bin.injEq","L0;","S223;∀ (op : Kant.Wasm.BinOp) (a b : Kant.Wasm.Expr) (op_1 : Kant.Wasm.BinOp) (a_1 b_1 : Kant.Wasm.Expr),   Eq (Eq (Kant.Wasm.Expr.bin op a b) (Kant.Wasm.Expr.bin op_1 a_1 b_1))     (And (Eq op op_1) (And (Eq a a_1) (Eq b b_1)))","O7;13;source_systemS5;lean411;source_fileS31;RequestProject/Wasm/Syntax.lean13;source_formatS4;text11;imported_atI+0;14;transformed_atI+0;15;transformationsL0;13;parent_objectS0;","77342f0e07b96a9783e388cd1fe1b48c5ad8407c90896865d3de093c4cb2c75a"
"obj.Kant.SiteCard.breakAt.eq_1","theorem","Kant.SiteCard.breakAt.eq_1","PROVEN","∀ (d : Char), Eq (Kant.SiteCard.breakAt d List.nil) Option.none","L0;","O0;","L0;","L0;","L1;S32;claim.Kant.SiteCard.breakAt.eq_1","L0;","L1;S32;proof.Kant.SiteCard.breakAt.eq_1","L0;","S63;∀ (d : Char), Eq (Kant.SiteCard.breakAt d List.nil) Option.none","O7;13;source_systemS5;lean411;source_fileS33;RequestProject/Kant/SiteCard.lean13;source_formatS4;text11;imported_atI+0;14;transformed_atI+0;15;transformationsL0;13;parent_objectS0;","48c3d28e192c2f02e1eaacc8cdb68ed51e140082745d9d5c5056c04a4e44a6df"
"obj.Kant.Codec.rowsText.eq_2","theorem","Kant.Codec.rowsText.eq_2","PROVEN","∀ (r : Kant.Codec.Row) (rs : List Kant.Codec.Row),   Eq (Kant.Codec.rowsText (List.cons r rs))     (instHAppendOfAppend.hAppend (Kant.Codec.rowText r) (Kant.Codec.rowsText rs))","L0;","O0;","L0;","L0;","L1;S30;claim.Kant.Codec.rowsText.eq_2","L0;","L1;S30;proof.Kant.Codec.rowsText.eq_2","L0;","S176;∀ (r : Kant.Codec.Row) (rs : List Kant.Codec.Row),   Eq (Kant.Codec.rowsText (List.cons r rs))     (instHAppendOfAppend.hAppend (Kant.Codec.rowText r) (Kant.Codec.rowsText rs))","O7;13;source_systemS5;lean411;source_fileS34;RequestProject/Kant/Codec/Csv.lean13;source_formatS4;text11;imported_atI+0;14;transformed_atI+0;15;transformationsL0;13;parent_objectS0;","a09a152f1fc6cb3aaf4ea401ac3f8b9589f745e70e868f6c66c73490770813e7"
"obj.Kant.Wasm.Leb128.sleb.eq_def","theorem","Kant.Wasm.Leb128.sleb.eq_def","PROVEN","∀ (n : Nat),   Eq (Kant.Wasm.Leb128.sleb n)     (ite (instLTNat.lt n 64) (List.cons (UInt8.ofNat n) List.nil)       (List.cons (UInt8.ofNat (instHAdd.hAdd (instHMod.hMod n 128) 128))         (Kant.Wasm.Leb128.sleb (instHDiv.hDiv n 128))))","L0;","O0;","L0;","L0;","L1;S34;claim.Kant.Wasm.Leb128.sleb.eq_def","L0;","L1;S34;proof.Kant.Wasm.Leb128.sleb.eq_def","L0;","S238;∀ (n : Nat),   Eq (Kant.Wasm.Leb128.sleb n)     (ite (instLTNat.lt n 64) (List.cons (UInt8.ofNat n) List.nil)       (List.cons (UInt8.ofNat (instHAdd.hAdd (instHMod.hMod n 128) 128))         (Kant.Wasm.Leb128.sleb (instHDiv.hDiv n 128))))","O7;13;source_systemS5;lean411;source_fileS31;RequestProject/Wasm/Leb128.lean13;source_formatS4;text11;imported_atI+0;14;transformed_atI+0;15;transformationsL0;13;parent_objectS0;","f732d689a587a5c9f89e49952dadfc4e4aa2b9652e49bcbb2e951a6ce86c13f0"
"obj.Kant.Cli.Loaded.invitation.noConfusion","def","Kant.Cli.Loaded.invitation.noConfusion","ASSERTED","{P : Sort u} →   {i i' : Kant.Rendezvous.Invite} →     Eq (Kant.Cli.Loaded.invitation i) (Kant.Cli.Loaded.invitation i') → (Eq i i' → P) → P","L0;","O0;","L0;","L0;","L0;","L0;","L0;","L0;","S140;{P : Sort u} →   {i i' : Kant.Rendezvous.Invite} →     Eq (Kant.Cli.Loaded.invitation i) (Kant.Cli.Loaded.invitation i') → (Eq i i' → P) → P","O7;13;source_systemS5;lean411;source_fileS28;RequestProject/Kant/Cli.lean13;source_formatS4;text11;imported_atI+0;14;transformed_atI+550;15;transformationsL0;13;parent_objectS0;","2eed34ab330f5a95f739a46b0d4fb2eae15af2138268242f90c5de54706d5f14"
"obj.Kant.Dom.instReprCert","def","Kant.Dom.instReprCert","ASSERTED","Repr Kant.Dom.Cert","L0;","O0;","L0;","L0;","L0;","L0;","L0;","L0;","S18;Repr Kant.Dom.Cert","O7;13;source_systemS5;lean411;source_fileS37;RequestProject/Kant/Domain/Model.lean13;source_formatS4;text11;imported_atI+0;14;transformed_atI+247;15;transformationsL0;13;parent_objectS0;","44e1126313a7a8d92f55a5b34485e0467f4c53d1fabac373e58120805a440060"
"obj.Kant.Onboarding.Screen.ofNat","def","Kant.Onboarding.Screen.ofNat","ASSERTED","Nat → Kant.Onboarding.Screen","L0;","O0;","L0;","L0;","L0;","L0;","L0;","L0;","S28;Nat → Kant.Onboarding.Screen","O7;13;source_systemS5;lean411;source_fileS35;RequestProject/Kant/Onboarding.lean13;source_formatS4;text11;imported_atI+0;14;transformed_atI+0;15;transformationsL0;13;parent_objectS0;","187af64d7e36db4ced485b26fa7b6e3f83feae33316999c2ac0fc0538be58665"
"obj.Kant.Diagnostics.Event.Wire.recOn","def","Kant.Diagnostics.Event.Wire.recOn","ASSERTED","{e : Kant.Diagnostics.Event} →   {motive : e.Wire → Sort u} →     (t : e.Wire) →       ((text : Kant.Text.IsAscii e.text) → (detail : Kant.Text.IsAscii e.detail) → motive ⋯) →         motive t","L0;","O0;","L0;","L0;","L0;","L0;","L0;","L0;","S192;{e : Kant.Diagnostics.Event} →   {motive : e.Wire → Sort u} →     (t : e.Wire) →       ((text : Kant.Text.IsAscii e.text) → (detail : Kant.Text.IsAscii e.detail) → motive ⋯) →         motive t","O7;13;source_systemS5;lean411;source_fileS36;RequestProject/Kant/Diagnostics.lean13;source_formatS4;text11;imported_atI+0;14;transformed_atI+157;15;transformationsL0;13;parent_objectS0;","164286672523f2e8a3ae10220f942e73653d8fd7594201a60c8a28feddcc9061"
"obj.Kant.Feed.Row.mk.injEq","theorem","Kant.Feed.Row.mk.injEq","PROVEN","∀ (witness : List Char) (cid : Nat) (title body timestamp : List Char)   (replyTo : Option (List Char)) (bytes : Nat) (copy witness_1 : List Char) (cid_1 : Nat)   (title_1 body_1 timestamp_1 : List Char) (replyTo_1 : Option (List Char)) (bytes_1 : Nat)   (copy_1 : List Char),   Eq     (Eq       { witness := witness, cid := cid, title := title, body := body, timestamp := timestamp,         replyTo := replyTo, bytes := bytes, copy := copy }       { witness := witness_1, cid := cid_1, title := title_1, body := body_1,         timestamp := timestamp_1, replyTo := replyTo_1, bytes := bytes_1, copy := copy_1 })     (And (Eq witness witness_1)       (And (Eq cid cid_1)         (And (Eq title title_1)           (And (Eq body body_1)             (And (Eq timestamp timestamp_1)               (And (Eq replyTo replyTo_1) (And (Eq bytes bytes_1) (Eq copy copy_1))))))))","L0;","O0;","L0;","L0;","L1;S28;claim.Kant.Feed.Row.mk.injEq","L0;","L1;S28;proof.Kant.Feed.Row.mk.injEq","L0;","S868;∀ (witness : List Char) (cid : Nat) (title body timestamp : List Char)   (replyTo : Option (List Char)) (bytes : Nat) (copy witness_1 : List Char) (cid_1 : Nat)   (title_1 body_1 timestamp_1 : List Char) (replyTo_1 : Option (List Char)) (bytes_1 : Nat)   (copy_1 : List Char),   Eq     (Eq       { witness := witness, cid := cid, title := title, body := body, timestamp := timestamp,         replyTo := replyTo, bytes := bytes, copy := copy }       { witness := witness_1, cid := cid_1, title := title_1, body := body_1,         timestamp := timestamp_1, replyTo := replyTo_1, bytes := bytes_1, copy := copy_1 })     (And (Eq witness witness_1)       (And (Eq cid cid_1)         (And (Eq title title_1)           (And (Eq body body_1)             (And (Eq timestamp timestamp_1)               (And (Eq replyTo replyTo_1) (And (Eq bytes bytes_1) (Eq copy copy_1))))))))","O7;13;source_systemS5;lean411;source_fileS29;RequestProject/Kant/Feed.lean13;source_formatS4;text11;imported_atI+0;14;transformed_atI+0;15;transformationsL0;13;parent_objectS0;","f873b7a8bc0b441980bc10b2526510aef4ce78a66d973fd3e9c91b4b80760c58"
"obj.Kant.Codec.Difference.path","def","Kant.Codec.Difference.path","ASSERTED","Kant.Codec.Difference → List Char","L0;","O0;","L0;","L0;","L0;","L0;","L0;","L0;","S33;Kant.Codec.Difference → List Char","O7;13;source_systemS5;lean411;source_fileS40;RequestProject/Kant/Codec/Reconcile.lean13;source_formatS4;text11;imported_atI+0;14;transformed_atI+38;15;transformationsL0;13;parent_objectS0;","3b60e300439d98b3e2c700d4b47b2540543828aa6ed654f1ca6225b43ac692fe"
"obj.Kant.Onboarding.Progress","inductive","Kant.Onboarding.Progress","ASSERTED","Type","L0;","O0;","L0;","L0;","L0;","L0;","L0;","L0;","S4;Type","O7;13;source_systemS5;lean411;source_fileS35;RequestProject/Kant/Onboarding.lean13;source_formatS4;text11;imported_atI+0;14;transformed_atI+101;15;transformationsL0;13;parent_objectS0;","f35751831511221fee3498f3888db6ac6ccdd1e267159505fa1bbf9fdac32412"
"obj.Kant.Credits.Ledger.serve","def","Kant.Credits.Ledger.serve","ASSERTED","Kant.Credits.Ledger → Kant.Credits.Peer → Nat → Kant.Credits.Ledger","L0;","O0;","L0;","L0;","L0;","L0;","L0;","L0;","S67;Kant.Credits.Ledger → Kant.Credits.Peer → Nat → Kant.Credits.Ledger","O7;13;source_systemS5;lean411;source_fileS32;RequestProject/Kant/Credits.lean13;source_formatS4;text11;imported_atI+0;14;transformed_atI+71;15;transformationsL0;13;parent_objectS0;","9f52a1679ed64225f080e2ca5a1b157205c8572207245aff14a963c4c9377d7c"
"obj.Kant.Dom.ProofRec.ofVal.eq_1","theorem","Kant.Dom.ProofRec.ofVal.eq_1","PROVEN","∀ (fs : List (Prod (List Char) Kant.Codec.Val)),   Eq (Kant.Dom.ProofRec.ofVal (Kant.Codec.Val.obj fs)) do     let id ← Kant.Codec.getStr fs ""id"".toList     let name ← Kant.Codec.getStr fs ""name"".toList     let kind ← Kant.Codec.getStr fs ""kind"".toList     let sourceFile ← Kant.Codec.getStr fs ""source_file"".toList     let sourceLoc ← Kant.Codec.getStr fs ""source_location"".toList     let inputRefs ← Kant.Dom.getIds fs ""input_refs"".toList     let assumptions ← Kant.Dom.getIds fs ""assumptions"".toList     let procedure ← Kant.Codec.getStr fs ""procedure"".toList     let outputRefs ← Kant.Dom.getIds fs ""output_refs"".toList     let claimRefs ← Kant.Dom.getIds fs ""claim_refs"".toList     let dependsOn ← Kant.Dom.getIds fs ""dependencies"".toList     let status ← (Kant.Codec.getStr fs ""status"".toList).bind Kant.Dom.PStatus.ofName     let certificate ←       (Kant.Codec.getVal fs ""certificate"".toList).bind (Kant.Codec.optOf Kant.Dom.Cert.ofVal)     let source ← Kant.Codec.getStr fs ""source"".toList     let provenance ←       (Kant.Codec.getVal fs ""provenance"".toList).bind (Kant.Codec.optOf Kant.Codec.Prov.ofVal)     instAlternativeOption.pure         { id := id, name := name, kind := kind, sourceFile := sourceFile, sourceLoc := sourceLoc,           inputRefs := inputRefs, assumptions := assumptions, procedure := procedure,           outputRefs := outputRefs, claimRefs := claimRefs, dependsOn := dependsOn,           status := status, certificate := certificate, source := source, provenance := provenance }","L0;","O0;","L0;","L0;","L1;S34;claim.Kant.Dom.ProofRec.ofVal.eq_1","L0;","L1;S34;proof.Kant.Dom.ProofRec.ofVal.eq_1","L0;","S1514;∀ (fs : List (Prod (List Char) Kant.Codec.Val)),   Eq (Kant.Dom.ProofRec.ofVal (Kant.Codec.Val.obj fs)) do     let id ← Kant.Codec.getStr fs ""id"".toList     let name ← Kant.Codec.getStr fs ""name"".toList     let kind ← Kant.Codec.getStr fs ""kind"".toList     let sourceFile ← Kant.Codec.getStr fs ""source_file"".toList     let sourceLoc ← Kant.Codec.getStr fs ""source_location"".toList     let inputRefs ← Kant.Dom.getIds fs ""input_refs"".toList     let assumptions ← Kant.Dom.getIds fs ""assumptions"".toList     let procedure ← Kant.Codec.getStr fs ""procedure"".toList     let outputRefs ← Kant.Dom.getIds fs ""output_refs"".toList     let claimRefs ← Kant.Dom.getIds fs ""claim_refs"".toList     let dependsOn ← Kant.Dom.getIds fs ""dependencies"".toList     let status ← (Kant.Codec.getStr fs ""status"".toList).bind Kant.Dom.PStatus.ofName     let certificate ←       (Kant.Codec.getVal fs ""certificate"".toList).bind (Kant.Codec.optOf Kant.Dom.Cert.ofVal)     let source ← Kant.Codec.getStr fs ""source"".toList     let provenance ←       (Kant.Codec.getVal fs ""provenance"".toList).bind (Kant.Codec.optOf Kant.Codec.Prov.ofVal)     instAlternativeOption.pure         { id := id, name := name, kind := kind, sourceFile := sourceFile, sourceLoc := sourceLoc,           inputRefs := inputRefs, assumptions := assumptions, procedure := procedure,           outputRefs := outputRefs, claimRefs := claimRefs, dependsOn := dependsOn,           status := status, certificate := certificate, source := source, provenance := provenance }","O7;13;source_systemS5;lean411;source_fileS37;RequestProject/Kant/Domain/Model.lean13;source_formatS4;text11;imported_atI+0;14;transformed_atI+0;15;transformationsL0;13;parent_objectS0;","d90bbc483b1877f77f12b9b7c94b879cc9fd5d6cc427b0d53253ac444025b72a"
"obj.Kant.Repost.Quote.casesOn","def","Kant.Repost.Quote.casesOn","ASSERTED","{motive : Kant.Repost.Quote → Sort u} →   (t : Kant.Repost.Quote) →     ((comment original : Kant.Paste) → motive { comment := comment, original := original }) →       motive t","L0;","O0;","L0;","L0;","L0;","L0;","L0;","L0;","S176;{motive : Kant.Repost.Quote → Sort u} →   (t : Kant.Repost.Quote) →     ((comment original : Kant.Paste) → motive { comment := comment, original := original }) →       motive t","O7;13;source_systemS5;lean411;source_fileS31;RequestProject/Kant/Repost.lean13;source_formatS4;text11;imported_atI+0;14;transformed_atI+52;15;transformationsL0;13;parent_objectS0;","4a4b63c3eb2f7a487a1e0edd8aedf6db8de5262fac4bb2c6900db6990d90f679"
"obj.Kant.Wasm.CmpOp.eq.sizeOf_spec","theorem","Kant.Wasm.CmpOp.eq.sizeOf_spec","PROVEN","Eq (Kant.Wasm.CmpOp._sizeOf_inst.sizeOf Kant.Wasm.CmpOp.eq) 1","L0;","O0;","L0;","L0;","L1;S36;claim.Kant.Wasm.CmpOp.eq.sizeOf_spec","L0;","L1;S36;proof.Kant.Wasm.CmpOp.eq.sizeOf_spec","L0;","S61;Eq (Kant.Wasm.CmpOp._sizeOf_inst.sizeOf Kant.Wasm.CmpOp.eq) 1","O7;13;source_systemS5;lean411;source_fileS31;RequestProject/Wasm/Syntax.lean13;source_formatS4;text11;imported_atI+0;14;transformed_atI+0;15;transformationsL0;13;parent_objectS0;","6789be0d96e9101b1f5129daad5084a81c6afb85dadfa401f5180883202a788e"
"obj.Kant.Codec.instReprStrategy.repr","def","Kant.Codec.instReprStrategy.repr","ASSERTED","Kant.Codec.Strategy → Nat → Std.Format","L1;S23;obj.Kant.Codec.Strategy","O0;","L0;","L0;","L0;","L0;","L0;","L0;","S38;Kant.Codec.Strategy → Nat → Std.Format","O7;13;source_systemS5;lean411;source_fileS40;RequestProject/Kant/Codec/Reconcile.lean13;source_formatS4;text11;imported_atI+0;14;transformed_atI+282;15;transformationsL0;13;parent_objectS0;","68946504a486c6f3e78c38f0185fb150efb550bf10c6b4c9f41205ae053c16a6"
"obj.Kant.Sheaf.Section.addressType","def","Kant.Sheaf.Section.addressType","ASSERTED","Kant.Sheaf.Section → Kant.Sheaf.DaslType","L0;","O0;","L0;","L0;","L0;","L0;","L0;","L0;","S40;Kant.Sheaf.Section → Kant.Sheaf.DaslType","O7;13;source_systemS5;lean411;source_fileS30;RequestProject/Kant/Sheaf.lean13;source_formatS4;text11;imported_atI+0;14;transformed_atI+150;15;transformationsL0;13;parent_objectS0;","3924e83c64390eac89fead96458bcb4748ecffb797a28b72385568af80c5aa4d"
"obj.Kant.Sheaf.EigenSpace.spoke.elim","def","Kant.Sheaf.EigenSpace.spoke.elim","ASSERTED","{motive : Kant.Sheaf.EigenSpace → Sort u} →   (t : Kant.Sheaf.EigenSpace) → Eq t.ctorIdx 1 → motive Kant.Sheaf.EigenSpace.spoke → motive t","L0;","O0;","L0;","L0;","L0;","L0;","L0;","L0;","S138;{motive : Kant.Sheaf.EigenSpace → Sort u} →   (t : Kant.Sheaf.EigenSpace) → Eq t.ctorIdx 1 → motive Kant.Sheaf.EigenSpace.spoke → motive t","O7;13;source_systemS5;lean411;source_fileS30;RequestProject/Kant/Sheaf.lean13;source_formatS4;text11;imported_atI+0;14;transformed_atI+60;15;transformationsL0;13;parent_objectS0;","ee404722123ee22a6c5d4177679e8225e8fd7959f11dfb44486dfeaa5240307f"
"obj.Kant.Dom.Event.reproduced.inj","theorem","Kant.Dom.Event.reproduced.inj","PROVEN","∀ {proofId proofId_1 : Kant.Dom.Id},   Eq (Kant.Dom.Event.reproduced proofId) (Kant.Dom.Event.reproduced proofId_1) →     Eq proofId proofId_1","L0;","O0;","L0;","L0;","L1;S35;claim.Kant.Dom.Event.reproduced.inj","L0;","L1;S35;proof.Kant.Dom.Event.reproduced.inj","L0;","S142;∀ {proofId proofId_1 : Kant.Dom.Id},   Eq (Kant.Dom.Event.reproduced proofId) (Kant.Dom.Event.reproduced proofId_1) →     Eq proofId proofId_1","O7;13;source_systemS5;lean411;source_fileS38;RequestProject/Kant/Domain/Policy.lean13;source_formatS4;text11;imported_atI+0;14;transformed_atI+0;15;transformationsL0;13;parent_objectS0;","33af5e42a954a0c31ffeefdb465a46a00698ea0f47ba0db1805b41256064779e"
"obj.Kant.SiteCard.isAscii_pasteUrl","theorem","Kant.SiteCard.isAscii_pasteUrl","PROVEN","∀ {c : Kant.SiteCard.Config},   c.Wf → ∀ (p : Kant.Paste), Kant.Text.IsAscii (Kant.SiteCard.pasteUrl c p)","L1;S27;obj.Kant.SiteCard.Config.Wf","O0;","L0;","L0;","L1;S36;claim.Kant.SiteCard.isAscii_pasteUrl","L0;","L1;S36;proof.Kant.SiteCard.isAscii_pasteUrl","L0;","S105;∀ {c : Kant.SiteCard.Config},   c.Wf → ∀ (p : Kant.Paste), Kant.Text.IsAscii (Kant.SiteCard.pasteUrl c p)","O7;13;source_systemS5;lean411;source_fileS33;RequestProject/Kant/SiteCard.lean13;source_formatS4;text11;imported_atI+0;14;transformed_atI+354;15;transformationsL0;13;parent_objectS0;","3f8815f83f3a92dcf3fb8b668656853729089c5082fa21d2949e1c9278a8278d"
"obj.Kant.Wasm.Decode.RawInstr.cmpop.inj","theorem","Kant.Wasm.Decode.RawInstr.cmpop.inj","PROVEN","∀ {op op_1 : Kant.Wasm.CmpOp},   Eq (Kant.Wasm.Decode.RawInstr.cmpop op) (Kant.Wasm.Decode.RawInstr.cmpop op_1) → Eq op op_1","L0;","O0;","L0;","L0;","L1;S41;claim.Kant.Wasm.Decode.RawInstr.cmpop.inj","L0;","L1;S41;proof.Kant.Wasm.Decode.RawInstr.cmpop.inj","L0;","S124;∀ {op op_1 : Kant.Wasm.CmpOp},   Eq (Kant.Wasm.Decode.RawInstr.cmpop op) (Kant.Wasm.Decode.RawInstr.cmpop op_1) → Eq op op_1","O7;13;source_systemS5;lean411;source_fileS31;RequestProject/Wasm/Decode.lean13;source_formatS4;text11;imported_atI+0;14;transformed_atI+0;15;transformationsL0;13;parent_objectS0;","ad399354935c5658c01dd3120d61e493364b163e0843fe6eedaaf329498def49"
"obj.Kant.Wasm.Encode.instr","def","Kant.Wasm.Encode.instr","ASSERTED","Kant.Wasm.Instr → Kant.Wasm.Encode.Bytes","L0;","O0;","L0;","L0;","L0;","L0;","L0;","L0;","S40;Kant.Wasm.Instr → Kant.Wasm.Encode.Bytes","O7;13;source_systemS5;lean411;source_fileS31;RequestProject/Wasm/Encode.lean13;source_formatS4;text11;imported_atI+0;14;transformed_atI+73;15;transformationsL0;13;parent_objectS0;","d50805af0222e2165b226271f893df31e1d8f53f223023a08c565ee92cb5b76b"
"obj.Kant.Codec.readQuoted.match_1","def","Kant.Codec.readQuoted.match_1","ASSERTED","(motive : Option Char → Sort u_1) →   (x : Option Char) → ((e : Char) → motive (Option.some e)) → (Unit → motive Option.none) → motive x","L0;","O0;","L0;","L0;","L0;","L0;","L0;","L0;","S136;(motive : Option Char → Sort u_1) →   (x : Option Char) → ((e : Char) → motive (Option.some e)) → (Unit → motive Option.none) → motive x","O7;13;source_systemS5;lean411;source_fileS35;RequestProject/Kant/Codec/Yaml.lean13;source_formatS4;text11;imported_atI+0;14;transformed_atI+0;15;transformationsL0;13;parent_objectS0;","730473006bf0e76109350f1f046b1526e2835894ff29059b405341c594511480"
"obj.Kant.Wasm.instInhabitedBinOp.default","def","Kant.Wasm.instInhabitedBinOp.default","ASSERTED","Kant.Wasm.BinOp","L0;","O0;","L0;","L0;","L0;","L0;","L0;","L0;","S15;Kant.Wasm.BinOp","O7;13;source_systemS5;lean411;source_fileS31;RequestProject/Wasm/Syntax.lean13;source_formatS4;text11;imported_atI+0;14;transformed_atI+28;15;transformationsL0;13;parent_objectS0;","80e6a091c1b3492e12b0e01f80ebb1115c98850504c249283e0382a996c3420b"
"obj.Kant.Dom.Rel.contradicts.elim","def","Kant.Dom.Rel.contradicts.elim","ASSERTED","{motive : Kant.Dom.Rel → Sort u} →   (t : Kant.Dom.Rel) → Eq t.ctorIdx 9 → motive Kant.Dom.Rel.contradicts → motive t","L0;","O0;","L0;","L0;","L0;","L0;","L0;","L0;","S117;{motive : Kant.Dom.Rel → Sort u} →   (t : Kant.Dom.Rel) → Eq t.ctorIdx 9 → motive Kant.Dom.Rel.contradicts → motive t","O7;13;source_systemS5;lean411;source_fileS37;RequestProject/Kant/Domain/Model.lean13;source_formatS4;text11;imported_atI+0;14;transformed_atI+69;15;transformationsL0;13;parent_objectS0;","f38468a0eb88481204212284f4868ce5b0abf9be15c002947719d8360a30c097"
"obj.Kant.Wasm.Decode.RawInstr.ctorElim","def","Kant.Wasm.Decode.RawInstr.ctorElim","ASSERTED","{motive : Kant.Wasm.Decode.RawInstr → Sort u} →   (ctorIdx : Nat) →     (t : Kant.Wasm.Decode.RawInstr) →       Eq ctorIdx t.ctorIdx → Kant.Wasm.Decode.RawInstr.ctorElimType ctorIdx → motive t","L1;S37;obj.Kant.Wasm.Decode.RawInstr.ctorIdx","O0;","L0;","L0;","L0;","L0;","L0;","L0;","S192;{motive : Kant.Wasm.Decode.RawInstr → Sort u} →   (ctorIdx : Nat) →     (t : Kant.Wasm.Decode.RawInstr) →       Eq ctorIdx t.ctorIdx → Kant.Wasm.Decode.RawInstr.ctorElimType ctorIdx → motive t","O7;13;source_systemS5;lean411;source_fileS31;RequestProject/Wasm/Decode.lean13;source_formatS4;text11;imported_atI+0;14;transformed_atI+41;15;transformationsL0;13;parent_objectS0;","19616af2e1186b643cbf2572f6a97ea7aec427bc98b8042ad389dae8cf4a51cd"
"obj.Kant.Rendezvous.best_merge_of_perm","theorem","Kant.Rendezvous.best_merge_of_perm","PROVEN","∀ {r : Kant.Rendezvous.Roster} {as bs : List Kant.Rendezvous.Announce},   as.Perm bs →     Kant.Rendezvous.Coherent (r.merge as) →       ∀ (p : List Char), Eq ((r.merge as).best p) ((r.merge bs).best p)","L0;","O0;","L0;","L0;","L1;S40;claim.Kant.Rendezvous.best_merge_of_perm","L0;","L1;S40;proof.Kant.Rendezvous.best_merge_of_perm","L0;","S202;∀ {r : Kant.Rendezvous.Roster} {as bs : List Kant.Rendezvous.Announce},   as.Perm bs →     Kant.Rendezvous.Coherent (r.merge as) →       ∀ (p : List Char), Eq ((r.merge as).best p) ((r.merge bs).best p)","O7;13;source_systemS5;lean411;source_fileS35;RequestProject/Kant/Rendezvous.lean13;source_formatS4;text11;imported_atI+0;14;transformed_atI+411;15;transformationsL0;13;parent_objectS0;","7463a189a8bf124fb351c18f16c6055cce6b65b40ed0a5c5e859ef13b70790f2"
"obj.Kant.ShareLog.postLog_get","theorem","Kant.ShareLog.postLog_get","PROVEN","∀ {st : Kant.Store} {id ts : List Char} {r : Kant.Diagnostics.Report},   Not (Eq (st.get (Kant.ShareLog.logPaste id ts r).witness).isSome Bool.true) →     Eq ((Kant.ShareLog.postLog st id ts r).get (Kant.ShareLog.logPaste id ts r).witness)       (Option.some (Kant.ShareLog.logPaste id ts r))","L2;S14;obj.Kant.StoreS27;obj.Kant.Diagnostics.Report","O0;","L0;","L0;","L1;S31;claim.Kant.ShareLog.postLog_get","L0;","L1;S31;proof.Kant.ShareLog.postLog_get","L0;","S292;∀ {st : Kant.Store} {id ts : List Char} {r : Kant.Diagnostics.Report},   Not (Eq (st.get (Kant.ShareLog.logPaste id ts r).witness).isSome Bool.true) →     Eq ((Kant.ShareLog.postLog st id ts r).get (Kant.ShareLog.logPaste id ts r).witness)       (Option.some (Kant.ShareLog.logPaste id ts r))","O7;13;source_systemS5;lean411;source_fileS33;RequestProject/Kant/ShareLog.lean13;source_formatS4;text11;imported_atI+0;14;transformed_atI+168;15;transformationsL0;13;parent_objectS0;","151b079883e416f7bd309ad86bc21d84b30172268c2d91bd842668f2fc4b0ada"
"obj.Kant.CodeMovie.rleDecode_rleEncode","theorem","Kant.CodeMovie.rleDecode_rleEncode","PROVEN","∀ (s : Kant.CodeMovie.Snippet), Eq (Kant.CodeMovie.rleDecode (Kant.CodeMovie.rleEncode s)) s","L1;S36;obj.Kant.CodeMovie.rleEncode.match_1","O0;","L0;","L0;","L1;S40;claim.Kant.CodeMovie.rleDecode_rleEncode","L0;","L1;S40;proof.Kant.CodeMovie.rleDecode_rleEncode","L0;","S92;∀ (s : Kant.CodeMovie.Snippet), Eq (Kant.CodeMovie.rleDecode (Kant.CodeMovie.rleEncode s)) s","O7;13;source_systemS5;lean411;source_fileS34;RequestProject/Kant/CodeMovie.lean13;source_formatS4;text11;imported_atI+0;14;transformed_atI+53;15;transformationsL0;13;parent_objectS0;","5ec84fe172fea2ccfcb82ab3f189879f482bd4634c46e21a00322aa20d738ced"
"obj.Kant.Codec.xList_roundTrip","theorem","Kant.Codec.xList_roundTrip","PROVEN","∀ (xs : List Kant.Codec.Val),   (∀ (v : Kant.Codec.Val), List.instMembership.mem xs v → Kant.Codec.XRoundTrips v) →     ∀ (fuel : Nat) (rest : List Char),       instLENat.le (instHAdd.hAdd (Kant.Codec.xmlEncList xs).length 1) fuel →         Eq           (Kant.Codec.xList fuel             (instHAppendOfAppend.hAppend (Kant.Codec.xmlEncList xs)               (instHAppendOfAppend.hAppend Kant.Codec.xListClose rest)))           (Option.some { fst := xs, snd := rest })","L0;","O0;","L0;","L0;","L1;S32;claim.Kant.Codec.xList_roundTrip","L0;","L1;S32;proof.Kant.Codec.xList_roundTrip","L0;","S468;∀ (xs : List Kant.Codec.Val),   (∀ (v : Kant.Codec.Val), List.instMembership.mem xs v → Kant.Codec.XRoundTrips v) →     ∀ (fuel : Nat) (rest : List Char),       instLENat.le (instHAdd.hAdd (Kant.Codec.xmlEncList xs).length 1) fuel →         Eq           (Kant.Codec.xList fuel             (instHAppendOfAppend.hAppend (Kant.Codec.xmlEncList xs)               (instHAppendOfAppend.hAppend Kant.Codec.xListClose rest)))           (Option.some { fst := xs, snd := rest })","O7;13;source_systemS5;lean411;source_fileS34;RequestProject/Kant/Codec/Xml.lean13;source_formatS4;text11;imported_atI+0;14;transformed_atI+299;15;transformationsL0;13;parent_objectS0;","63f71e99a9486ab48c58553c416abd773242f7ec2b73fbeafc394b9b6a26d13d"
"obj.Kant.Codec.canonEncFields","def","Kant.Codec.canonEncFields","ASSERTED","List (Prod (List Char) Kant.Codec.Val) → List Char","L1;S24;obj.Kant.Codec.Val.below","O0;","L0;","L0;","L0;","L0;","L0;","L0;","S50;List (Prod (List Char) Kant.Codec.Val) → List Char","O7;13;source_systemS5;lean411;source_fileS34;RequestProject/Kant/Codec/Val.lean13;source_formatS4;text11;imported_atI+0;14;transformed_atI+247;15;transformationsL0;13;parent_objectS0;","18a6e70b7b3146d8eaeda658f88fa95bacd805af712bffc63517a8bf3ea604d9"
"obj.Kant.Codec.instInhabitedRow.default","def","Kant.Codec.instInhabitedRow.default","ASSERTED","Kant.Codec.Row","L0;","O0;","L0;","L0;","L0;","L0;","L0;","L0;","S14;Kant.Codec.Row","O7;13;source_systemS5;lean411;source_fileS34;RequestProject/Kant/Codec/Csv.lean13;source_formatS4;text11;imported_atI+0;14;transformed_atI+53;15;transformationsL0;13;parent_objectS0;","465eec15c7feae9809c257887685feab410432cc4872ab3efdc3d1d1068cbed1"
"obj.Kant.Codec.ipdlRefKey","def","Kant.Codec.ipdlRefKey","ASSERTED","List Char","L0;","O0;","L0;","L0;","L0;","L0;","L0;","L0;","S9;List Char","O7;13;source_systemS5;lean411;source_fileS35;RequestProject/Kant/Codec/Ipdl.lean13;source_formatS4;text11;imported_atI+0;14;transformed_atI+50;15;transformationsL0;13;parent_objectS0;","0f03b791770a085f03e08a188c53bd1c6606ec8dafb20de5e7534ac0565f6622"
"obj.Kant.Codec.Status.ctorElim","def","Kant.Codec.Status.ctorElim","ASSERTED","{motive : Kant.Codec.Status → Sort u} →   (ctorIdx : Nat) →     (t : Kant.Codec.Status) →       Eq ctorIdx t.ctorIdx → Kant.Codec.Status.ctorElimType ctorIdx → motive t","L0;","O0;","L0;","L0;","L0;","L0;","L0;","L0;","S168;{motive : Kant.Codec.Status → Sort u} →   (ctorIdx : Nat) →     (t : Kant.Codec.Status) →       Eq ctorIdx t.ctorIdx → Kant.Codec.Status.ctorElimType ctorIdx → motive t","O7;13;source_systemS5;lean411;source_fileS36;RequestProject/Kant/Codec/Model.lean13;source_formatS4;text11;imported_atI+0;14;transformed_atI+41;15;transformationsL0;13;parent_objectS0;","fcf1bd330dd9fca16fa4623f76b7764e7f4424901647be1bcdce3c538e952b28"
"obj.Kant.Dasl.shardCid.eq_1","theorem","Kant.Dasl.shardCid.eq_1","PROVEN","∀ (primeIdx replica zone node : Nat),   Eq (Kant.Dasl.shardCid primeIdx replica zone node)     (Kant.Dasl.mkCid 5       (instHAdd.hAdd         (instHAdd.hAdd           (instHAdd.hAdd (instHMul.hMul (instHMod.hMod primeIdx 16) (instHPow.hPow 2 40))             (instHMul.hMul (instHMod.hMod replica 16) (instHPow.hPow 2 36)))           (instHMul.hMul (instHMod.hMod zone 256) (instHPow.hPow 2 28)))         (instHMod.hMod node (instHPow.hPow 2 28))))","L0;","O0;","L0;","L0;","L1;S29;claim.Kant.Dasl.shardCid.eq_1","L0;","L1;S29;proof.Kant.Dasl.shardCid.eq_1","L0;","S449;∀ (primeIdx replica zone node : Nat),   Eq (Kant.Dasl.shardCid primeIdx replica zone node)     (Kant.Dasl.mkCid 5       (instHAdd.hAdd         (instHAdd.hAdd           (instHAdd.hAdd (instHMul.hMul (instHMod.hMod primeIdx 16) (instHPow.hPow 2 40))             (instHMul.hMul (instHMod.hMod replica 16) (instHPow.hPow 2 36)))           (instHMul.hMul (instHMod.hMod zone 256) (instHPow.hPow 2 28)))         (instHMod.hMod node (instHPow.hPow 2 28))))","O7;13;source_systemS5;lean411;source_fileS29;RequestProject/Kant/Dasl.lean13;source_formatS4;text11;imported_atI+0;14;transformed_atI+0;15;transformationsL0;13;parent_objectS0;","f000132c351ea609350471088671302e5b7676ddeafa9f6394cd48e5714152a8"
"obj.Kant.Codec.valHash.eq_1","theorem","Kant.Codec.valHash.eq_1","PROVEN","∀ (v : Kant.Codec.Val), Eq (Kant.Codec.valHash v) (Kant.Bytes.witness (Kant.Codec.canonBytes v))","L0;","O0;","L0;","L0;","L1;S29;claim.Kant.Codec.valHash.eq_1","L0;","L1;S29;proof.Kant.Codec.valHash.eq_1","L0;","S96;∀ (v : Kant.Codec.Val), Eq (Kant.Codec.valHash v) (Kant.Bytes.witness (Kant.Codec.canonBytes v))","O7;13;source_systemS5;lean411;source_fileS34;RequestProject/Kant/Codec/Val.lean13;source_formatS4;text11;imported_atI+0;14;transformed_atI+0;15;transformationsL0;13;parent_objectS0;","6c783056d508a6b9d6659e5f163658ee3fdd96760742667b7ec1e92ca5607390"
"obj.Kant.Relay.relay_cannot_forge","theorem","Kant.Relay.relay_cannot_forge","PROVEN","∀ {ms : List Kant.Relay.Msg} {l : List Char},   Eq (Kant.Relay.parseMsg l) Option.none → Eq (Kant.Relay.accept ms l) ms","L0;","O0;","L0;","L0;","L1;S35;claim.Kant.Relay.relay_cannot_forge","L0;","L1;S35;proof.Kant.Relay.relay_cannot_forge","L0;","S119;∀ {ms : List Kant.Relay.Msg} {l : List Char},   Eq (Kant.Relay.parseMsg l) Option.none → Eq (Kant.Relay.accept ms l) ms","O7;13;source_systemS5;lean411;source_fileS30;RequestProject/Kant/Relay.lean13;source_formatS4;text11;imported_atI+0;14;transformed_atI+317;15;transformationsL0;13;parent_objectS0;","d4223f61636526482b44e7cfccaa2e6b940bc113a756697e04f27d37d0d9e7a1"
"obj.Kant.Sneakernet.instReprFrame","def","Kant.Sneakernet.instReprFrame","ASSERTED","Repr Kant.Sneakernet.Frame","L0;","O0;","L0;","L0;","L0;","L0;","L0;","L0;","S26;Repr Kant.Sneakernet.Frame","O7;13;source_systemS5;lean411;source_fileS35;RequestProject/Kant/Sneakernet.lean13;source_formatS4;text11;imported_atI+0;14;transformed_atI+136;15;transformationsL0;13;parent_objectS0;","c3d4b23f58bbd56374d66a5151b1661062d1d2127d8d99092e89f2037a9b29b6"
"obj.Kant.Diagnostics.renderLog","def","Kant.Diagnostics.renderLog","ASSERTED","Kant.Diagnostics.Log → List Char","L0;","O0;","L0;","L0;","L0;","L0;","L0;","L0;","S32;Kant.Diagnostics.Log → List Char","O7;13;source_systemS5;lean411;source_fileS36;RequestProject/Kant/Diagnostics.lean13;source_formatS4;text11;imported_atI+0;14;transformed_atI+375;15;transformationsL0;13;parent_objectS0;","83fa41c6554870ab75aa36ee267321f80d5b1a91a3f24359e30076694554c256"
"obj.Kant.Wasm.Decode.instrDec.eq_1","theorem","Kant.Wasm.Decode.instrDec.eq_1","PROVEN","Eq (Kant.Wasm.Decode.instrDec List.nil) Option.none","L0;","O0;","L0;","L0;","L1;S36;claim.Kant.Wasm.Decode.instrDec.eq_1","L0;","L1;S36;proof.Kant.Wasm.Decode.instrDec.eq_1","L0;","S51;Eq (Kant.Wasm.Decode.instrDec List.nil) Option.none","O7;13;source_systemS5;lean411;source_fileS31;RequestProject/Wasm/Decode.lean13;source_formatS4;text11;imported_atI+0;14;transformed_atI+0;15;transformationsL0;13;parent_objectS0;","ea9c8bd782620a64a182ea14d6e5da570afab86a9786f74a7b72567ca20f983d"
"obj.Kant.Uucp.Carrier.urlBar.elim","def","Kant.Uucp.Carrier.urlBar.elim","ASSERTED","{motive : Kant.Uucp.Carrier → Sort u} →   (t : Kant.Uucp.Carrier) → Eq t.ctorIdx 3 → motive Kant.Uucp.Carrier.urlBar → motive t","L0;","O0;","L0;","L0;","L0;","L0;","L0;","L0;","S127;{motive : Kant.Uucp.Carrier → Sort u} →   (t : Kant.Uucp.Carrier) → Eq t.ctorIdx 3 → motive Kant.Uucp.Carrier.urlBar → motive t","O7;13;source_systemS5;lean411;source_fileS29;RequestProject/Kant/Uucp.lean13;source_formatS4;text11;imported_atI+0;14;transformed_atI+68;15;transformationsL0;13;parent_objectS0;","f23cb4ab7cd0037d6f11e8c66cb87a7af0a11755e7e0c9c7ae5215919dc13b54"
"obj.Kant.Onboarding.Event.leave.elim","def","Kant.Onboarding.Event.leave.elim","ASSERTED","{motive : Kant.Onboarding.Event → Sort u} →   (t : Kant.Onboarding.Event) → Eq t.ctorIdx 8 → motive Kant.Onboarding.Event.leave → motive t","L0;","O0;","L0;","L0;","L0;","L0;","L0;","L0;","S138;{motive : Kant.Onboarding.Event → Sort u} →   (t : Kant.Onboarding.Event) → Eq t.ctorIdx 8 → motive Kant.Onboarding.Event.leave → motive t","O7;13;source_systemS5;lean411;source_fileS35;RequestProject/Kant/Onboarding.lean13;source_formatS4;text11;imported_atI+0;14;transformed_atI+82;15;transformationsL0;13;parent_objectS0;","ef231528e8e15fa37cdc4980494e9138f28e33959192c9e1fa1556a61dc5da26"
"obj.Kant.Codec.getStr.match_1","def","Kant.Codec.getStr.match_1","ASSERTED","(motive : Option Kant.Codec.Val → Sort u_1) →   (x : Option Kant.Codec.Val) →     ((s : List Char) → motive (Option.some (Kant.Codec.Val.str s))) →       ((x : Option Kant.Codec.Val) → motive x) → motive x","L0;","O0;","L0;","L0;","L0;","L0;","L0;","L0;","S205;(motive : Option Kant.Codec.Val → Sort u_1) →   (x : Option Kant.Codec.Val) →     ((s : List Char) → motive (Option.some (Kant.Codec.Val.str s))) →       ((x : Option Kant.Codec.Val) → motive x) → motive x","O7;13;source_systemS5;lean411;source_fileS36;RequestProject/Kant/Codec/Model.lean13;source_formatS4;text11;imported_atI+0;14;transformed_atI+0;15;transformationsL0;13;parent_objectS0;","f7faf1a7a67935172dae4ce0c20a82fcf66991247b9e74c5bd0fabe05b62b68a"
"obj.Kant.Codec.Loss.casesOn","def","Kant.Codec.Loss.casesOn","ASSERTED","{motive : Kant.Codec.Loss → Sort u} →   (t : Kant.Codec.Loss) →     motive Kant.Codec.Loss.lossless →       motive Kant.Codec.Loss.lossy →         motive Kant.Codec.Loss.partialLoss → motive Kant.Codec.Loss.failed → motive t","L0;","O0;","L0;","L0;","L0;","L0;","L0;","L0;","S224;{motive : Kant.Codec.Loss → Sort u} →   (t : Kant.Codec.Loss) →     motive Kant.Codec.Loss.lossless →       motive Kant.Codec.Loss.lossy →         motive Kant.Codec.Loss.partialLoss → motive Kant.Codec.Loss.failed → motive t","O7;13;source_systemS5;lean411;source_fileS36;RequestProject/Kant/Codec/Model.lean13;source_formatS4;text11;imported_atI+0;14;transformed_atI+56;15;transformationsL0;13;parent_objectS0;","e23adca5cb3a8d2e2c5db962cfb78329904d78441b0803d88313a92ef9f61273"
"obj.Kant.Codec.Tests.tUnknown","def","Kant.Codec.Tests.tUnknown","ASSERTED","Kant.Codec.Obj","L0;","O0;","L0;","L0;","L0;","L0;","L0;","L0;","S14;Kant.Codec.Obj","O7;13;source_systemS5;lean411;source_fileS36;RequestProject/Kant/Codec/Tests.lean13;source_formatS4;text11;imported_atI+0;14;transformed_atI+101;15;transformationsL0;13;parent_objectS0;","8ef6e296bb54396d7349efefd179724a731ec7a2ba1d632742fa85a150b4b304"
"obj.Kant.Wasm.Expr.const.inj","theorem","Kant.Wasm.Expr.const.inj","PROVEN","∀ {n n_1 : Nat}, Eq (Kant.Wasm.Expr.const n) (Kant.Wasm.Expr.const n_1) → Eq n n_1","L1;S36;obj.Kant.Wasm.Expr.const.noConfusion","O0;","L0;","L0;","L1;S30;claim.Kant.Wasm.Expr.const.inj","L0;","L1;S30;proof.Kant.Wasm.Expr.const.inj","L0;","S82;∀ {n n_1 : Nat}, Eq (Kant.Wasm.Expr.const n) (Kant.Wasm.Expr.const n_1) → Eq n n_1","O7;13;source_systemS5;lean411;source_fileS31;RequestProject/Wasm/Syntax.lean13;source_formatS4;text11;imported_atI+0;14;transformed_atI+0;15;transformationsL0;13;parent_objectS0;","cb55ebc5902a228fad8fa4d2639a8eac90be8fd608e264cde9043f7dc71577fa"
"obj.Kant.Dom.ledgerTable_rows","theorem","Kant.Dom.ledgerTable_rows","PROVEN","∀ (d : Kant.Dom.Domain),   Eq (Option.map (fun p => p.snd.length) (Kant.Dom.readTable (Kant.Dom.ledgerTable d)))     (Option.some d.objects.length)","L0;","O0;","L0;","L0;","L1;S31;claim.Kant.Dom.ledgerTable_rows","L0;","L1;S31;proof.Kant.Dom.ledgerTable_rows","L0;","S147;∀ (d : Kant.Dom.Domain),   Eq (Option.map (fun p => p.snd.length) (Kant.Dom.readTable (Kant.Dom.ledgerTable d)))     (Option.some d.objects.length)","O7;13;source_systemS5;lean411;source_fileS37;RequestProject/Kant/Domain/Table.lean13;source_formatS4;text11;imported_atI+0;14;transformed_atI+498;15;transformationsL0;13;parent_objectS0;","7023a56430d73fc6bc34559dd2fe4729591f0adfbca9fe60eee0fb426680bed3"
"obj.Kant.Dom.Coverage.toCtorIdx","def","Kant.Dom.Coverage.toCtorIdx","ASSERTED","Kant.Dom.Coverage → Nat","L0;","O0;","L0;","L0;","L0;","L0;","L0;","L0;","S23;Kant.Dom.Coverage → Nat","O7;13;source_systemS5;lean411;source_fileS37;RequestProject/Kant/Domain/Model.lean13;source_formatS4;text11;imported_atI+0;14;transformed_atI+0;15;transformationsL0;13;parent_objectS0;","f9a69be612db67f3a9883264032c90f85516e9030cb3a821197da0ed3e8d6f86"
"obj.Kant.SiteCard.tagCard","def","Kant.SiteCard.tagCard","ASSERTED","Kant.Bytes.Blob","L1;S24;obj.Kant.Text.asciiBytes","O0;","L0;","L0;","L0;","L0;","L0;","L0;","S15;Kant.Bytes.Blob","O7;13;source_systemS5;lean411;source_fileS33;RequestProject/Kant/SiteCard.lean13;source_formatS4;text11;imported_atI+0;14;transformed_atI+405;15;transformationsL0;13;parent_objectS0;","8422eaff94a49d1123438ea4be80f57e549089109c86a52b4b9ceed91a9f7918"
"obj.Kant.Dom.readCells.eq_3","theorem","Kant.Dom.readCells.eq_3","PROVEN","∀ (x : List Char) (fuel : Nat),   (∀ (r : List Char), Eq x (List.cons '\n' r) → False) →     Eq (Kant.Dom.readCells fuel.succ x)       (Kant.Dom.readCells.match_1 (fun x => Option (Prod (List (List Char)) (List Char)))         (Kant.Dom.readCellSep x)         (fun v sep r =>           ite (Eq sep '\n') (Option.some { fst := List.cons v List.nil, snd := r })             (ite (Eq sep ',')               (Option.map (fun p => { fst := List.cons v p.fst, snd := p.snd })                 (Kant.Dom.readCells fuel r))               Option.none))         fun _ => Option.none)","L0;","O0;","L0;","L0;","L1;S29;claim.Kant.Dom.readCells.eq_3","L0;","L1;S29;proof.Kant.Dom.readCells.eq_3","L0;","S572;∀ (x : List Char) (fuel : Nat),   (∀ (r : List Char), Eq x (List.cons '\n' r) → False) →     Eq (Kant.Dom.readCells fuel.succ x)       (Kant.Dom.readCells.match_1 (fun x => Option (Prod (List (List Char)) (List Char)))         (Kant.Dom.readCellSep x)         (fun v sep r =>           ite (Eq sep '\n') (Option.some { fst := List.cons v List.nil, snd := r })             (ite (Eq sep ',')               (Option.map (fun p => { fst := List.cons v p.fst, snd := p.snd })                 (Kant.Dom.readCells fuel r))               Option.none))         fun _ => Option.none)","O7;13;source_systemS5;lean411;source_fileS37;RequestProject/Kant/Domain/Table.lean13;source_formatS4;text11;imported_atI+0;14;transformed_atI+0;15;transformationsL0;13;parent_objectS0;","08b2b637191a5775fbab0a8a083085728ee34429f1640a8fb5453318fde2b7cc"
"obj.Kant.Rendezvous.instReprAddress","def","Kant.Rendezvous.instReprAddress","ASSERTED","Repr Kant.Rendezvous.Address","L0;","O0;","L0;","L0;","L0;","L0;","L0;","L0;","S28;Repr Kant.Rendezvous.Address","O7;13;source_systemS5;lean411;source_fileS35;RequestProject/Kant/Rendezvous.lean13;source_formatS4;text11;imported_atI+0;14;transformed_atI+61;15;transformationsL0;13;parent_objectS0;","4f2d8bca41f5802e192f1520cdd6a751f5787afe330541a8b2f56d2b17e4544b"
"obj.Kant.Handoff.sayPart","def","Kant.Handoff.sayPart","ASSERTED","List Char","L0;","O0;","L0;","L0;","L0;","L0;","L0;","L0;","S9;List Char","O7;13;source_systemS5;lean411;source_fileS32;RequestProject/Kant/Handoff.lean13;source_formatS4;text11;imported_atI+0;14;transformed_atI+211;15;transformationsL0;13;parent_objectS0;","21b4a83f4038c6bb7caca936a66a7258d2c461b479f9d741099bd265b2826cde"
"obj.Kant.Stego.extractBits_embedBits_prefix","theorem","Kant.Stego.extractBits_embedBits_prefix","PROVEN","∀ {cs : Kant.Stego.Carrier} {bs : List Bool} {n : Nat},   instLENat.le bs.length (List.length cs) →     instLENat.le bs.length n →       Exists fun rest =>         Eq (Kant.Stego.extractBits n (Kant.Stego.embedBits cs bs))           (instHAppendOfAppend.hAppend bs rest)","L1;S24;obj.Kant.Stego.embedBits","O0;","L0;","L0;","L1;S45;claim.Kant.Stego.extractBits_embedBits_prefix","L0;","L1;S45;proof.Kant.Stego.extractBits_embedBits_prefix","L0;","S270;∀ {cs : Kant.Stego.Carrier} {bs : List Bool} {n : Nat},   instLENat.le bs.length (List.length cs) →     instLENat.le bs.length n →       Exists fun rest =>         Eq (Kant.Stego.extractBits n (Kant.Stego.embedBits cs bs))           (instHAppendOfAppend.hAppend bs rest)","O7;13;source_systemS5;lean411;source_fileS30;RequestProject/Kant/Stego.lean13;source_formatS4;text11;imported_atI+0;14;transformed_atI+188;15;transformationsL0;13;parent_objectS0;","fd3e52af98b58d085ca1e306bf51d8a3b43faef38163b86e16d731718ed16729"
"obj.Kant.Uucp.Node.mem_sneakernet_iff","theorem","Kant.Uucp.Node.mem_sneakernet_iff","PROVEN","∀ {n : Kant.Uucp.Node} {ss : List (List Char)} {x : Kant.Relay.Msg},   Iff (List.instMembership.mem (n.sneakernet ss).spool x)     (Or (List.instMembership.mem n.spool x)       (Exists fun s =>         And (List.instMembership.mem ss s)           (Exists fun ms =>             And (Eq (Kant.Uucp.openBag s) (Option.some ms)) (List.instMembership.mem ms x))))","L0;","O0;","L0;","L0;","L1;S39;claim.Kant.Uucp.Node.mem_sneakernet_iff","L0;","L1;S39;proof.Kant.Uucp.Node.mem_sneakernet_iff","L0;","S358;∀ {n : Kant.Uucp.Node} {ss : List (List Char)} {x : Kant.Relay.Msg},   Iff (List.instMembership.mem (n.sneakernet ss).spool x)     (Or (List.instMembership.mem n.spool x)       (Exists fun s =>         And (List.instMembership.mem ss s)           (Exists fun ms =>             And (Eq (Kant.Uucp.openBag s) (Option.some ms)) (List.instMembership.mem ms x))))","O7;13;source_systemS5;lean411;source_fileS29;RequestProject/Kant/Uucp.lean13;source_formatS4;text11;imported_atI+0;14;transformed_atI+429;15;transformationsL0;13;parent_objectS0;","9dd47b456c7d0dd77c9f5006c3ac81a47101deeee841905dea378f26569ae5aa"
"obj.Kant.Dom.joinL","def","Kant.Dom.joinL","ASSERTED","List (List Char) → List Char","L0;","O0;","L0;","L0;","L0;","L0;","L0;","L0;","S28;List (List Char) → List Char","O7;13;source_systemS5;lean411;source_fileS36;RequestProject/Kant/Domain/Emit.lean13;source_formatS4;text11;imported_atI+0;14;transformed_atI+44;15;transformationsL0;13;parent_objectS0;","99d6c47996b0765311c73f045278ed103699047777e5ed895d880fd7a5f76236"
"obj.Kant.CardDebug.Pairing.noConfusionType","def","Kant.CardDebug.Pairing.noConfusionType","ASSERTED","Sort v✝ → Kant.CardDebug.Pairing → Kant.CardDebug.Pairing → Sort v✝","L1;S34;obj.Kant.CardDebug.Pairing.ctorIdx","O0;","L0;","L0;","L0;","L0;","L0;","L0;","S67;Sort v✝ → Kant.CardDebug.Pairing → Kant.CardDebug.Pairing → Sort v✝","O7;13;source_systemS5;lean411;source_fileS34;RequestProject/Kant/CardDebug.lean13;source_formatS4;text11;imported_atI+0;14;transformed_atI+0;15;transformationsL0;13;parent_objectS0;","a66070a3ef643afcb6522f08283d187f4284a9b54c444c0231e168b13c08ef85"
"obj.Kant.Relay.Server.ctorIdx","def","Kant.Relay.Server.ctorIdx","ASSERTED","Kant.Relay.Server → Nat","L0;","O0;","L0;","L0;","L0;","L0;","L0;","L0;","S23;Kant.Relay.Server → Nat","O7;13;source_systemS5;lean411;source_fileS30;RequestProject/Kant/Relay.lean13;source_formatS4;text11;imported_atI+0;14;transformed_atI+0;15;transformationsL0;13;parent_objectS0;","7db5e99887f2d49e50080022beec7f01d63291d0e04a85906d0d358af21bae13"
"obj.Kant.Codec.Strategy.manual.sizeOf_spec","theorem","Kant.Codec.Strategy.manual.sizeOf_spec","PROVEN","Eq (Kant.Codec.Strategy._sizeOf_inst.sizeOf Kant.Codec.Strategy.manual) 1","L1;S23;obj.Kant.Codec.Strategy","O0;","L0;","L0;","L1;S44;claim.Kant.Codec.Strategy.manual.sizeOf_spec","L0;","L1;S44;proof.Kant.Codec.Strategy.manual.sizeOf_spec","L0;","S73;Eq (Kant.Codec.Strategy._sizeOf_inst.sizeOf Kant.Codec.Strategy.manual) 1","O7;13;source_systemS5;lean411;source_fileS40;RequestProject/Kant/Codec/Reconcile.lean13;source_formatS4;text11;imported_atI+0;14;transformed_atI+0;15;transformationsL0;13;parent_objectS0;","980e0d1f5e3fcb2c2f9541baed50139fa90b16d4dd5b8e925a438f09a9427385"
"obj.Kant.Dom.roundtripReport.eq_1","theorem","Kant.Dom.roundtripReport.eq_1","PROVEN","∀ (d : Kant.Dom.Domain),   Eq (Kant.Dom.roundtripReport d)     (List.map (fun x => Kant.Dom.formatReport x d) Kant.Dom.allFormats)","L0;","O0;","L0;","L0;","L1;S35;claim.Kant.Dom.roundtripReport.eq_1","L0;","L1;S35;proof.Kant.Dom.roundtripReport.eq_1","L0;","S130;∀ (d : Kant.Dom.Domain),   Eq (Kant.Dom.roundtripReport d)     (List.map (fun x => Kant.Dom.formatReport x d) Kant.Dom.allFormats)","O7;13;source_systemS5;lean411;source_fileS36;RequestProject/Kant/Domain/Emit.lean13;source_formatS4;text11;imported_atI+0;14;transformed_atI+0;15;transformationsL0;13;parent_objectS0;","5faf7170b1a34582e8f910f6c4319d2d5224cdebbdbe8484e9a07bd77f7ba00f"
"obj.Kant.Dom.countP_coverage_split","theorem","Kant.Dom.countP_coverage_split","PROVEN","∀ (d : Kant.Dom.Domain) (l : List Kant.Dom.DomObj),   Eq     (instHAdd.hAdd       (instHAdd.hAdd         (instHAdd.hAdd           (List.countP             (fun o => instBEqOfDecidableEq.beq (Kant.Dom.coverage d o) Kant.Dom.Coverage.proven) l)           (List.countP             (fun o =>               instBEqOfDecidableEq.beq (Kant.Dom.coverage d o) Kant.Dom.Coverage.partiallyProven)             l))         (List.countP           (fun o => instBEqOfDecidableEq.beq (Kant.Dom.coverage d o) Kant.Dom.Coverage.unproven) l))       (List.countP         (fun o => instBEqOfDecidableEq.beq (Kant.Dom.coverage d o) Kant.Dom.Coverage.contradicted)         l))     l.length","L0;","O0;","L0;","L0;","L1;S36;claim.Kant.Dom.countP_coverage_split","L0;","L1;S36;proof.Kant.Dom.countP_coverage_split","L0;","S666;∀ (d : Kant.Dom.Domain) (l : List Kant.Dom.DomObj),   Eq     (instHAdd.hAdd       (instHAdd.hAdd         (instHAdd.hAdd           (List.countP             (fun o => instBEqOfDecidableEq.beq (Kant.Dom.coverage d o) Kant.Dom.Coverage.proven) l)           (List.countP             (fun o =>               instBEqOfDecidableEq.beq (Kant.Dom.coverage d o) Kant.Dom.Coverage.partiallyProven)             l))         (List.countP           (fun o => instBEqOfDecidableEq.beq (Kant.Dom.coverage d o) Kant.Dom.Coverage.unproven) l))       (List.countP         (fun o => instBEqOfDecidableEq.beq (Kant.Dom.coverage d o) Kant.Dom.Coverage.contradicted)         l))     l.length","O7;13;source_systemS5;lean411;source_fileS38;RequestProject/Kant/Domain/Ledger.lean13;source_formatS4;text11;imported_atI+0;14;transformed_atI+259;15;transformationsL0;13;parent_objectS0;","5f178739bec27d3b7ed07aa4066f99d8f3a0b99063b3d0791b663feb800a4826"
"obj.Kant.Clipboard.parseShareUrl_shareUrl","theorem","Kant.Clipboard.parseShareUrl_shareUrl","PROVEN","∀ {base : List Char},   Not (List.instMembership.mem base Kant.Clipboard.hash) →     ∀ (e : Kant.Clipboard.Envelope),       Eq (Kant.Clipboard.parseShareUrl (Kant.Clipboard.shareUrl base e)) (Option.some e)","L0;","O0;","L0;","L0;","L1;S43;claim.Kant.Clipboard.parseShareUrl_shareUrl","L0;","L1;S43;proof.Kant.Clipboard.parseShareUrl_shareUrl","L0;","S206;∀ {base : List Char},   Not (List.instMembership.mem base Kant.Clipboard.hash) →     ∀ (e : Kant.Clipboard.Envelope),       Eq (Kant.Clipboard.parseShareUrl (Kant.Clipboard.shareUrl base e)) (Option.some e)","O7;13;source_systemS5;lean411;source_fileS34;RequestProject/Kant/Clipboard.lean13;source_formatS4;text11;imported_atI+0;14;transformed_atI+367;15;transformationsL0;13;parent_objectS0;","aadb9c0146bc9e426a6f02480ef7081d4d860a770ec60ce48c37aa835c558c4f"
"obj.Kant.Join.allCode_no_hash","theorem","Kant.Join.allCode_no_hash","PROVEN","∀ {s : List Char}, Kant.Join.AllCode s → Not (List.instMembership.mem s Kant.Clipboard.hash)","L0;","O0;","L0;","L0;","L1;S31;claim.Kant.Join.allCode_no_hash","L0;","L1;S31;proof.Kant.Join.allCode_no_hash","L0;","S92;∀ {s : List Char}, Kant.Join.AllCode s → Not (List.instMembership.mem s Kant.Clipboard.hash)","O7;13;source_systemS5;lean411;source_fileS29;RequestProject/Kant/Join.lean13;source_formatS4;text11;imported_atI+0;14;transformed_atI+78;15;transformationsL0;13;parent_objectS0;","fdfad89c65a178dca7569fd06669109f31e6062cc736d0f29fa6756c27fa7d45"
"obj.Kant.Dom.formatReportVal","def","Kant.Dom.formatReportVal","ASSERTED","Kant.Dom.FormatReport → Kant.Codec.Val","L0;","O0;","L0;","L0;","L0;","L0;","L0;","L0;","S38;Kant.Dom.FormatReport → Kant.Codec.Val","O7;13;source_systemS5;lean411;source_fileS39;RequestProject/Kant/Domain/Package.lean13;source_formatS4;text11;imported_atI+0;14;transformed_atI+52;15;transformationsL0;13;parent_objectS0;","588fe60bb7f7ca3a16444572407ff165ba8d09b1e0ac70dc5ef707c9db976a77"
"obj.Kant.Codec.Severity.warning.elim","def","Kant.Codec.Severity.warning.elim","ASSERTED","{motive : Kant.Codec.Severity → Sort u} →   (t : Kant.Codec.Severity) → Eq t.ctorIdx 1 → motive Kant.Codec.Severity.warning → motive t","L0;","O0;","L0;","L0;","L0;","L0;","L0;","L0;","S134;{motive : Kant.Codec.Severity → Sort u} →   (t : Kant.Codec.Severity) → Eq t.ctorIdx 1 → motive Kant.Codec.Severity.warning → motive t","O7;13;source_systemS5;lean411;source_fileS36;RequestProject/Kant/Codec/Model.lean13;source_formatS4;text11;imported_atI+0;14;transformed_atI+48;15;transformationsL0;13;parent_objectS0;","ad75e79ce245aaafc6361c1d5dbac76c314037d8725641ad7884e9b99ca95e7a"
"obj.Kant.Codec.Err.mk.injEq","theorem","Kant.Codec.Err.mk.injEq","PROVEN","∀ (id code : List Char) (severity : Kant.Codec.Severity)   (message location field objectId sourceSystem : List Char) (sourceFormat : Kant.Codec.Fmt)   (expected actual cause resolution : List Char) (recoverable : Bool) (id_1 code_1 : List Char)   (severity_1 : Kant.Codec.Severity)   (message_1 location_1 field_1 objectId_1 sourceSystem_1 : List Char)   (sourceFormat_1 : Kant.Codec.Fmt) (expected_1 actual_1 cause_1 resolution_1 : List Char)   (recoverable_1 : Bool),   Eq     (Eq       { id := id, code := code, severity := severity, message := message, location := location,         field := field, objectId := objectId, sourceSystem := sourceSystem,         sourceFormat := sourceFormat, expected := expected, actual := actual, cause := cause,         resolution := resolution, recoverable := recoverable }       { id := id_1, code := code_1, severity := severity_1, message := message_1,         location := location_1, field := field_1, objectId := objectId_1,         sourceSystem := sourceSystem_1, sourceFormat := sourceFormat_1, expected := expected_1,         actual := actual_1, cause := cause_1, resolution := resolution_1,         recoverable := recoverable_1 })     (And (Eq id id_1)       (And (Eq code code_1)         (And (Eq severity severity_1)           (And (Eq message message_1)             (And (Eq location location_1)               (And (Eq field field_1)                 (And (Eq objectId objectId_1)                   (And (Eq sourceSystem sourceSystem_1)                     (And (Eq sourceFormat sourceFormat_1)                       (And (Eq expected expected_1)                         (And (Eq actual actual_1)                           (And (Eq cause cause_1)                             (And (Eq resolution resolution_1)                               (Eq recoverable recoverable_1))))))))))))))","L0;","O0;","L0;","L0;","L1;S29;claim.Kant.Codec.Err.mk.injEq","L0;","L1;S29;proof.Kant.Codec.Err.mk.injEq","L0;","S1832;∀ (id code : List Char) (severity : Kant.Codec.Severity)   (message location field objectId sourceSystem : List Char) (sourceFormat : Kant.Codec.Fmt)   (expected actual cause resolution : List Char) (recoverable : Bool) (id_1 code_1 : List Char)   (severity_1 : Kant.Codec.Severity)   (message_1 location_1 field_1 objectId_1 sourceSystem_1 : List Char)   (sourceFormat_1 : Kant.Codec.Fmt) (expected_1 actual_1 cause_1 resolution_1 : List Char)   (recoverable_1 : Bool),   Eq     (Eq       { id := id, code := code, severity := severity, message := message, location := location,         field := field, objectId := objectId, sourceSystem := sourceSystem,         sourceFormat := sourceFormat, expected := expected, actual := actual, cause := cause,         resolution := resolution, recoverable := recoverable }       { id := id_1, code := code_1, severity := severity_1, message := message_1,         location := location_1, field := field_1, objectId := objectId_1,         sourceSystem := sourceSystem_1, sourceFormat := sourceFormat_1, expected := expected_1,         actual := actual_1, cause := cause_1, resolution := resolution_1,         recoverable := recoverable_1 })     (And (Eq id id_1)       (And (Eq code code_1)         (And (Eq severity severity_1)           (And (Eq message message_1)             (And (Eq location location_1)               (And (Eq field field_1)                 (And (Eq objectId objectId_1)                   (And (Eq sourceSystem sourceSystem_1)                     (And (Eq sourceFormat sourceFormat_1)                       (And (Eq expected expected_1)                         (And (Eq actual actual_1)                           (And (Eq cause cause_1)                             (And (Eq resolution resolution_1)                               (Eq recoverable recoverable_1))))))))))))))","O7;13;source_systemS5;lean411;source_fileS36;RequestProject/Kant/Codec/Model.lean13;source_formatS4;text11;imported_atI+0;14;transformed_atI+0;15;transformationsL0;13;parent_objectS0;","d9b9cce8f8479d6f289290c09041302cd72335301ea7904d394afe7540e6e64a"
"obj.Kant.Dasl.Orbifold.mk.sizeOf_spec","theorem","Kant.Dasl.Orbifold.mk.sizeOf_spec","PROVEN","∀ (l m n : Nat),   Eq (Kant.Dasl.Orbifold._sizeOf_inst.sizeOf { l := l, m := m, n := n })     (instHAdd.hAdd       (instHAdd.hAdd (instHAdd.hAdd 1 (instSizeOfNat.sizeOf l)) (instSizeOfNat.sizeOf m))       (instSizeOfNat.sizeOf n))","L0;","O0;","L0;","L0;","L1;S39;claim.Kant.Dasl.Orbifold.mk.sizeOf_spec","L0;","L1;S39;proof.Kant.Dasl.Orbifold.mk.sizeOf_spec","L0;","S230;∀ (l m n : Nat),   Eq (Kant.Dasl.Orbifold._sizeOf_inst.sizeOf { l := l, m := m, n := n })     (instHAdd.hAdd       (instHAdd.hAdd (instHAdd.hAdd 1 (instSizeOfNat.sizeOf l)) (instSizeOfNat.sizeOf m))       (instSizeOfNat.sizeOf n))","O7;13;source_systemS5;lean411;source_fileS29;RequestProject/Kant/Dasl.lean13;source_formatS4;text11;imported_atI+0;14;transformed_atI+0;15;transformationsL0;13;parent_objectS0;","faa69714e0ae2d39f400cd4a81251f3ef54700f9d1422a23eb3d3b37ae699198"
"obj.Kant.Diagnostics.Report","inductive","Kant.Diagnostics.Report","ASSERTED","Type","L0;","O0;","L0;","L0;","L0;","L0;","L0;","L0;","S4;Type","O7;13;source_systemS5;lean411;source_fileS36;RequestProject/Kant/Diagnostics.lean13;source_formatS4;text11;imported_atI+0;14;transformed_atI+482;15;transformationsL0;13;parent_objectS0;","3d5d2dc850f3c67d1bbb64db719653dad982fae516cf7cf74bda024637f5bed4"
"obj.Kant.Codec.Verdict.ctorElim","def","Kant.Codec.Verdict.ctorElim","ASSERTED","{motive : Kant.Codec.Verdict → Sort u} →   (ctorIdx : Nat) →     (t : Kant.Codec.Verdict) →       Eq ctorIdx t.ctorIdx → Kant.Codec.Verdict.ctorElimType ctorIdx → motive t","L0;","O0;","L0;","L0;","L0;","L0;","L0;","L0;","S171;{motive : Kant.Codec.Verdict → Sort u} →   (ctorIdx : Nat) →     (t : Kant.Codec.Verdict) →       Eq ctorIdx t.ctorIdx → Kant.Codec.Verdict.ctorElimType ctorIdx → motive t","O7;13;source_systemS5;lean411;source_fileS40;RequestProject/Kant/Codec/Reconcile.lean13;source_formatS4;text11;imported_atI+0;14;transformed_atI+197;15;transformationsL0;13;parent_objectS0;","d1f00057aa9a3c1b9fbc86c5522403288b292022840ae30189d3d1996e55e08e"
"obj.Kant.Codec.xVal.eq_def","theorem","Kant.Codec.xVal.eq_def","PROVEN","∀ (x : Nat) (x_1 : List Char),   Eq (Kant.Codec.xVal x x_1)     (Kant.Codec.xVal.match_3 (fun x x_2 => Option (Prod Kant.Codec.Val (List Char))) x x_1       (fun x => Option.none) fun fuel s =>       Kant.Codec.xVal.match_1 (fun x => Option (Prod Kant.Codec.Val (List Char)))         (Kant.Codec.stripPrefix Kant.Codec.xNull s)         (fun r => Option.some { fst := Kant.Codec.Val.null, snd := r }) fun _ =>         Kant.Codec.xVal.match_1 (fun x => Option (Prod Kant.Codec.Val (List Char)))           (Kant.Codec.stripPrefix Kant.Codec.xTrue s)           (fun r => Option.some { fst := Kant.Codec.Val.bool Bool.true, snd := r }) fun _ =>           Kant.Codec.xVal.match_1 (fun x => Option (Prod Kant.Codec.Val (List Char)))             (Kant.Codec.stripPrefix Kant.Codec.xFalse s)             (fun r => Option.some { fst := Kant.Codec.Val.bool Bool.false, snd := r }) fun _ =>             Kant.Codec.xVal.match_1 (fun x => Option (Prod Kant.Codec.Val (List Char)))               (Kant.Codec.stripPrefix Kant.Codec.xIntOpen s)               (fun r0 =>                 (Kant.Codec.readNumY r0).bind fun p =>                   Option.map (fun r => { fst := Kant.Codec.Val.int p.fst, snd := r })                     (Kant.Codec.stripPrefix Kant.Codec.xIntClose p.snd))               fun _ =>               Kant.Codec.xVal.match_1 (fun x => Option (Prod Kant.Codec.Val (List Char)))                 (Kant.Codec.stripPrefix Kant.Codec.xStrOpen s)                 (fun r0 =>                   (Kant.Codec.readXText r0).bind fun p =>                     Option.map (fun r => { fst := Kant.Codec.Val.str p.fst, snd := r })                       (Kant.Codec.stripPrefix Kant.Codec.xStrClose p.snd))                 fun _ =>                 Kant.Codec.xVal.match_1 (fun x => Option (Prod Kant.Codec.Val (List Char)))                   (Kant.Codec.stripPrefix Kant.Codec.xListOpen s)                   (fun r0 =>                     Option.map (fun p => { fst := Kant.Codec.Val.list p.fst, snd := p.snd })                       (Kant.Codec.xList fuel r0))                   fun _ =>                   Kant.Codec.xVal.match_1 (fun x => Option (Prod Kant.Codec.Val (List Char)))                     (Kant.Codec.stripPrefix Kant.Codec.xObjOpen s)                     (fun r0 =>                       Option.map (fun p => { fst := Kant.Codec.Val.obj p.fst, snd := p.snd })                         (Kant.Codec.xFields fuel r0))                     fun _ => Option.none)","L1;S20;obj.Kant.Codec.xNull","O0;","L0;","L0;","L1;S28;claim.Kant.Codec.xVal.eq_def","L0;","L1;S28;proof.Kant.Codec.xVal.eq_def","L0;","S2454;∀ (x : Nat) (x_1 : List Char),   Eq (Kant.Codec.xVal x x_1)     (Kant.Codec.xVal.match_3 (fun x x_2 => Option (Prod Kant.Codec.Val (List Char))) x x_1       (fun x => Option.none) fun fuel s =>       Kant.Codec.xVal.match_1 (fun x => Option (Prod Kant.Codec.Val (List Char)))         (Kant.Codec.stripPrefix Kant.Codec.xNull s)         (fun r => Option.some { fst := Kant.Codec.Val.null, snd := r }) fun _ =>         Kant.Codec.xVal.match_1 (fun x => Option (Prod Kant.Codec.Val (List Char)))           (Kant.Codec.stripPrefix Kant.Codec.xTrue s)           (fun r => Option.some { fst := Kant.Codec.Val.bool Bool.true, snd := r }) fun _ =>           Kant.Codec.xVal.match_1 (fun x => Option (Prod Kant.Codec.Val (List Char)))             (Kant.Codec.stripPrefix Kant.Codec.xFalse s)             (fun r => Option.some { fst := Kant.Codec.Val.bool Bool.false, snd := r }) fun _ =>             Kant.Codec.xVal.match_1 (fun x => Option (Prod Kant.Codec.Val (List Char)))               (Kant.Codec.stripPrefix Kant.Codec.xIntOpen s)               (fun r0 =>                 (Kant.Codec.readNumY r0).bind fun p =>                   Option.map (fun r => { fst := Kant.Codec.Val.int p.fst, snd := r })                     (Kant.Codec.stripPrefix Kant.Codec.xIntClose p.snd))               fun _ =>               Kant.Codec.xVal.match_1 (fun x => Option (Prod Kant.Codec.Val (List Char)))                 (Kant.Codec.stripPrefix Kant.Codec.xStrOpen s)                 (fun r0 =>                   (Kant.Codec.readXText r0).bind fun p =>                     Option.map (fun r => { fst := Kant.Codec.Val.str p.fst, snd := r })                       (Kant.Codec.stripPrefix Kant.Codec.xStrClose p.snd))                 fun _ =>                 Kant.Codec.xVal.match_1 (fun x => Option (Prod Kant.Codec.Val (List Char)))                   (Kant.Codec.stripPrefix Kant.Codec.xListOpen s)                   (fun r0 =>                     Option.map (fun p => { fst := Kant.Codec.Val.list p.fst, snd := p.snd })                       (Kant.Codec.xList fuel r0))                   fun _ =>                   Kant.Codec.xVal.match_1 (fun x => Option (Prod Kant.Codec.Val (List Char)))                     (Kant.Codec.stripPrefix Kant.Codec.xObjOpen s)                     (fun r0 =>                       Option.map (fun p => { fst := Kant.Codec.Val.obj p.fst, snd := p.snd })                         (Kant.Codec.xFields fuel r0))                     fun _ => Option.none)","O7;13;source_systemS5;lean411;source_fileS34;RequestProject/Kant/Codec/Xml.lean13;source_formatS4;text11;imported_atI+0;14;transformed_atI+0;15;transformationsL0;13;parent_objectS0;","70bdc82f257fa68a871a6cbdc99e16157e6c8530f3ce6dcc46b9047f4cea31e7"
"obj.Kant.SiteCard.chatText","def","Kant.SiteCard.chatText","ASSERTED","Kant.SiteCard.Card → List Char","L0;","O0;","L0;","L0;","L0;","L0;","L0;","L0;","S30;Kant.SiteCard.Card → List Char","O7;13;source_systemS5;lean411;source_fileS33;RequestProject/Kant/SiteCard.lean13;source_formatS4;text11;imported_atI+0;14;transformed_atI+685;15;transformationsL0;13;parent_objectS0;","07324631e546139ec29e18a423286169d7467c574a929d105134daaf66f90d9b"
"obj.Kant.Codec.xmlEncFields","def","Kant.Codec.xmlEncFields","ASSERTED","List (Prod (List Char) Kant.Codec.Val) → List Char","L2;S24;obj.Kant.Codec.Val.belowS20;obj.Kant.Codec.xNull","O0;","L0;","L0;","L0;","L0;","L0;","L0;","S50;List (Prod (List Char) Kant.Codec.Val) → List Char","O7;13;source_systemS5;lean411;source_fileS34;RequestProject/Kant/Codec/Xml.lean13;source_formatS4;text11;imported_atI+0;14;transformed_atI+183;15;transformationsL0;13;parent_objectS0;","24926e1c2d37bfac4fe3693f0406684f06d914f7608090fa4b0f331fb6b0c92d"
"obj.Kant.Dom.firstOr.match_1","def","Kant.Dom.firstOr.match_1","ASSERTED","(motive : List Kant.Dom.Id → Sort u_1) →   (xs : List Kant.Dom.Id) →     (Unit → motive List.nil) →       ((x : Kant.Dom.Id) → (tail : List Kant.Dom.Id) → motive (List.cons x tail)) → motive xs","L0;","O0;","L0;","L0;","L0;","L0;","L0;","L0;","S193;(motive : List Kant.Dom.Id → Sort u_1) →   (xs : List Kant.Dom.Id) →     (Unit → motive List.nil) →       ((x : Kant.Dom.Id) → (tail : List Kant.Dom.Id) → motive (List.cons x tail)) → motive xs","O7;13;source_systemS5;lean411;source_fileS38;RequestProject/Kant/Domain/Ledger.lean13;source_formatS4;text11;imported_atI+0;14;transformed_atI+0;15;transformationsL0;13;parent_objectS0;","ca5629d5fc5766e556f8a8383820554248d5ee111cd6104ff5f85908860f9a2c"
"obj.Kant.Wasm.Instr.ctorElimType","def","Kant.Wasm.Instr.ctorElimType","ASSERTED","{motive : Kant.Wasm.Instr → Sort u} → Nat → Sort (max 1 u)","L0;","O0;","L0;","L0;","L0;","L0;","L0;","L0;","S58;{motive : Kant.Wasm.Instr → Sort u} → Nat → Sort (max 1 u)","O7;13;source_systemS5;lean411;source_fileS31;RequestProject/Wasm/Syntax.lean13;source_formatS4;text11;imported_atI+0;14;transformed_atI+0;15;transformationsL0;13;parent_objectS0;","0c0f85330fbfc6b2ac583c89c58c818dd9fa8ab34feb099cab8db13d2a4a01e7"
"obj.Kant.PlainText.Meta.address","def","Kant.PlainText.Meta.address","ASSERTED","Kant.PlainText.Meta → List Char","L0;","O0;","L0;","L0;","L0;","L0;","L0;","L0;","S31;Kant.PlainText.Meta → List Char","O7;13;source_systemS5;lean411;source_fileS34;RequestProject/Kant/PlainText.lean13;source_formatS4;text11;imported_atI+0;14;transformed_atI+93;15;transformationsL0;13;parent_objectS0;","5f4751f50f0c11e5fb023e893ffc6cea30cac09a7d86b79768e5ed9ea1c0f73c"
"obj.Kant.Cli.Resp.noConfusion","def","Kant.Cli.Resp.noConfusion","ASSERTED","{P : Sort u} → {t t' : Kant.Cli.Resp} → Eq t t' → Kant.Cli.Resp.noConfusionType P t t'","L0;","O0;","L0;","L0;","L0;","L0;","L0;","L0;","S86;{P : Sort u} → {t t' : Kant.Cli.Resp} → Eq t t' → Kant.Cli.Resp.noConfusionType P t t'","O7;13;source_systemS5;lean411;source_fileS28;RequestProject/Kant/Cli.lean13;source_formatS4;text11;imported_atI+0;14;transformed_atI+289;15;transformationsL0;13;parent_objectS0;","d5d82782cfc90a6746cd7e993b53bc5cf13f37666161459d0f4f27ca32dd32b2"
"obj.Kant.Codec.csvEncode_injective","theorem","Kant.Codec.csvEncode_injective","PROVEN","∀ {a b : Kant.Codec.Val}, Eq (Kant.Codec.csvEncode a) (Kant.Codec.csvEncode b) → Eq a b","L0;","O0;","L0;","L0;","L1;S36;claim.Kant.Codec.csvEncode_injective","L0;","L1;S36;proof.Kant.Codec.csvEncode_injective","L0;","S87;∀ {a b : Kant.Codec.Val}, Eq (Kant.Codec.csvEncode a) (Kant.Codec.csvEncode b) → Eq a b","O7;13;source_systemS5;lean411;source_fileS34;RequestProject/Kant/Codec/Csv.lean13;source_formatS4;text11;imported_atI+0;14;transformed_atI+460;15;transformationsL0;13;parent_objectS0;","b8577d868901ed34b1718bb031c56adfff41ca1792be6bf29b6d9cde076aa87d"
"obj.Kant.Dom.parseTextFull.eq_1","theorem","Kant.Dom.parseTextFull.eq_1","PROVEN","∀ (s : List Char),   Eq (Kant.Dom.parseTextFull s)     (ite (Eq (Kant.Dom.textHeader.isPrefixOf s) Bool.true)       (Kant.Dom.parseTextFull.match_1 (fun x => Option (Prod (List Char) Kant.Dom.Domain))         (Kant.Codec.readStr (List.drop Kant.Dom.textHeader.length s))         (fun readable rest =>           (Kant.Codec.canonDecode rest).bind fun v =>             Option.map (fun x => { fst := readable, snd := x }) (Kant.Dom.Domain.ofVal v))         fun _ => Option.none)       Option.none)","L0;","O0;","L0;","L0;","L1;S33;claim.Kant.Dom.parseTextFull.eq_1","L0;","L1;S33;proof.Kant.Dom.parseTextFull.eq_1","L0;","S494;∀ (s : List Char),   Eq (Kant.Dom.parseTextFull s)     (ite (Eq (Kant.Dom.textHeader.isPrefixOf s) Bool.true)       (Kant.Dom.parseTextFull.match_1 (fun x => Option (Prod (List Char) Kant.Dom.Domain))         (Kant.Codec.readStr (List.drop Kant.Dom.textHeader.length s))         (fun readable rest =>           (Kant.Codec.canonDecode rest).bind fun v =>             Option.map (fun x => { fst := readable, snd := x }) (Kant.Dom.Domain.ofVal v))         fun _ => Option.none)       Option.none)","O7;13;source_systemS5;lean411;source_fileS36;RequestProject/Kant/Domain/Emit.lean13;source_formatS4;text11;imported_atI+0;14;transformed_atI+0;15;transformationsL0;13;parent_objectS0;","de1f6cc9c51f8ad26e01c9522575b6f5caa28f3a4980094caff57ee542abeaaf"
"obj.Kant.Onboarding.Screen.join.sizeOf_spec","theorem","Kant.Onboarding.Screen.join.sizeOf_spec","PROVEN","Eq (Kant.Onboarding.Screen._sizeOf_inst.sizeOf Kant.Onboarding.Screen.join) 1","L0;","O0;","L0;","L0;","L1;S45;claim.Kant.Onboarding.Screen.join.sizeOf_spec","L0;","L1;S45;proof.Kant.Onboarding.Screen.join.sizeOf_spec","L0;","S77;Eq (Kant.Onboarding.Screen._sizeOf_inst.sizeOf Kant.Onboarding.Screen.join) 1","O7;13;source_systemS5;lean411;source_fileS35;RequestProject/Kant/Onboarding.lean13;source_formatS4;text11;imported_atI+0;14;transformed_atI+0;15;transformationsL0;13;parent_objectS0;","083b3075e70930aaff5329305a526e7d1b13a1b8b92383040feb3940e5beadd7"
"obj.Kant.Cli.Client.relay","def","Kant.Cli.Client.relay","ASSERTED","Kant.Cli.Client → List Char","L0;","O0;","L0;","L0;","L0;","L0;","L0;","L0;","S27;Kant.Cli.Client → List Char","O7;13;source_systemS5;lean411;source_fileS28;RequestProject/Kant/Cli.lean13;source_formatS4;text11;imported_atI+0;14;transformed_atI+319;15;transformationsL0;13;parent_objectS0;","0172b6a6be01c2ff5bf30abb53020274f27ecf1eaddf0945fbc880bcf11f0cfa"
"obj.Kant.Sync.Source.ipfs.elim","def","Kant.Sync.Source.ipfs.elim","ASSERTED","{motive : Kant.Sync.Source → Sort u} →   (t : Kant.Sync.Source) → Eq t.ctorIdx 0 → motive Kant.Sync.Source.ipfs → motive t","L0;","O0;","L0;","L0;","L0;","L0;","L0;","L0;","S122;{motive : Kant.Sync.Source → Sort u} →   (t : Kant.Sync.Source) → Eq t.ctorIdx 0 → motive Kant.Sync.Source.ipfs → motive t","O7;13;source_systemS5;lean411;source_fileS29;RequestProject/Kant/Sync.lean13;source_formatS4;text11;imported_atI+0;14;transformed_atI+38;15;transformationsL0;13;parent_objectS0;","8cc90a5499fdfc5af50761f3420e803d49b479bd4c9b47fc8cb1b521502d01bf"
"obj.Kant.Codec.rowsVal_ne_nil","theorem","Kant.Codec.rowsVal_ne_nil","PROVEN","∀ (id parent field : List Char) (v : Kant.Codec.Val),   Exists fun r => Exists fun rs => Eq (Kant.Codec.rowsVal id parent field v) (List.cons r rs)","L0;","O0;","L0;","L0;","L1;S31;claim.Kant.Codec.rowsVal_ne_nil","L0;","L1;S31;proof.Kant.Codec.rowsVal_ne_nil","L0;","S147;∀ (id parent field : List Char) (v : Kant.Codec.Val),   Exists fun r => Exists fun rs => Eq (Kant.Codec.rowsVal id parent field v) (List.cons r rs)","O7;13;source_systemS5;lean411;source_fileS34;RequestProject/Kant/Codec/Csv.lean13;source_formatS4;text11;imported_atI+0;14;transformed_atI+189;15;transformationsL0;13;parent_objectS0;","c63f8b0e4787673694a6c252c970ef69957f6ed55e9b3c90aa671d4b93ab16f3"
"obj.Kant.Sneakernet.Channel.wav.sizeOf_spec","theorem","Kant.Sneakernet.Channel.wav.sizeOf_spec","PROVEN","Eq (Kant.Sneakernet.Channel._sizeOf_inst.sizeOf Kant.Sneakernet.Channel.wav) 1","L0;","O0;","L0;","L0;","L1;S45;claim.Kant.Sneakernet.Channel.wav.sizeOf_spec","L0;","L1;S45;proof.Kant.Sneakernet.Channel.wav.sizeOf_spec","L0;","S78;Eq (Kant.Sneakernet.Channel._sizeOf_inst.sizeOf Kant.Sneakernet.Channel.wav) 1","O7;13;source_systemS5;lean411;source_fileS35;RequestProject/Kant/Sneakernet.lean13;source_formatS4;text11;imported_atI+0;14;transformed_atI+0;15;transformationsL0;13;parent_objectS0;","fd0213a50f2a267d80ab92356754b30a36b84d34b3ac6bd79f90b04dbc101964"
"obj.Kant.CodeMovie.ungodel.eq_2","theorem","Kant.CodeMovie.ungodel.eq_2","PROVEN","∀ (n : Nat),   Eq (Kant.CodeMovie.ungodel n.succ)     (List.cons (Nat.unpair n).fst (Kant.CodeMovie.ungodel (Nat.unpair n).snd))","L1;S33;obj.Kant.CodeMovie.ungodel.eq_def","O0;","L0;","L0;","L1;S33;claim.Kant.CodeMovie.ungodel.eq_2","L0;","L1;S33;proof.Kant.CodeMovie.ungodel.eq_2","L0;","S128;∀ (n : Nat),   Eq (Kant.CodeMovie.ungodel n.succ)     (List.cons (Nat.unpair n).fst (Kant.CodeMovie.ungodel (Nat.unpair n).snd))","O7;13;source_systemS5;lean411;source_fileS34;RequestProject/Kant/CodeMovie.lean13;source_formatS4;text11;imported_atI+0;14;transformed_atI+0;15;transformationsL0;13;parent_objectS0;","646f3e73d50c0b028ef0667ea52e51757c689ddc9551e1344000103b0199eae7"
"obj.Kant.Diagnostics.Report.mk.inj","theorem","Kant.Diagnostics.Report.mk.inj","PROVEN","∀ {verdict : Kant.Connectivity.Verdict} {room relay : List Char}   {events : List Kant.Diagnostics.Event} {verdict_1 : Kant.Connectivity.Verdict}   {room_1 relay_1 : List Char} {events_1 : List Kant.Diagnostics.Event},   Eq { verdict := verdict, room := room, relay := relay, events := events }       { verdict := verdict_1, room := room_1, relay := relay_1, events := events_1 } →     And (Eq verdict verdict_1) (And (Eq room room_1) (And (Eq relay relay_1) (Eq events events_1)))","L1;S27;obj.Kant.Diagnostics.Report","O0;","L0;","L0;","L1;S36;claim.Kant.Diagnostics.Report.mk.inj","L0;","L1;S36;proof.Kant.Diagnostics.Report.mk.inj","L0;","S481;∀ {verdict : Kant.Connectivity.Verdict} {room relay : List Char}   {events : List Kant.Diagnostics.Event} {verdict_1 : Kant.Connectivity.Verdict}   {room_1 relay_1 : List Char} {events_1 : List Kant.Diagnostics.Event},   Eq { verdict := verdict, room := room, relay := relay, events := events }       { verdict := verdict_1, room := room_1, relay := relay_1, events := events_1 } →     And (Eq verdict verdict_1) (And (Eq room room_1) (And (Eq relay relay_1) (Eq events events_1)))","O7;13;source_systemS5;lean411;source_fileS36;RequestProject/Kant/Diagnostics.lean13;source_formatS4;text11;imported_atI+0;14;transformed_atI+0;15;transformationsL0;13;parent_objectS0;","349b7d144291b9cc8af11d9a2b32b8ffeba40f795d5e1f827de1543cf113ad05"
"obj.Kant.PlainText.joinCh.eq_1","theorem","Kant.PlainText.joinCh.eq_1","PROVEN","∀ (d : Char), Eq (Kant.PlainText.joinCh d List.nil) List.nil","L0;","O0;","L0;","L0;","L1;S32;claim.Kant.PlainText.joinCh.eq_1","L0;","L1;S32;proof.Kant.PlainText.joinCh.eq_1","L0;","S60;∀ (d : Char), Eq (Kant.PlainText.joinCh d List.nil) List.nil","O7;13;source_systemS5;lean411;source_fileS34;RequestProject/Kant/PlainText.lean13;source_formatS4;text11;imported_atI+0;14;transformed_atI+0;15;transformationsL0;13;parent_objectS0;","1ae406752571557b66a905b9a613ef18f81637b0c81c710189068e8b715738fe"
"obj.Kant.Uucp.readThread","def","Kant.Uucp.readThread","ASSERTED","List (List Char) → Option (List Char)","L0;","O0;","L0;","L0;","L0;","L0;","L0;","L0;","S37;List (List Char) → Option (List Char)","O7;13;source_systemS5;lean411;source_fileS29;RequestProject/Kant/Uucp.lean13;source_formatS4;text11;imported_atI+0;14;transformed_atI+224;15;transformationsL0;13;parent_objectS0;","0fca6ad9c6ca575eeba3813163c758a90ccf5f536ec97bf0a465594583371acb"
"obj.Kant.Dom.Decl.deps","def","Kant.Dom.Decl.deps","ASSERTED","Kant.Dom.Decl → List (List Char)","L0;","O0;","L0;","L0;","L0;","L0;","L0;","L0;","S32;Kant.Dom.Decl → List (List Char)","O7;13;source_systemS5;lean411;source_fileS39;RequestProject/Kant/Domain/Catalog.lean13;source_formatS4;text11;imported_atI+0;14;transformed_atI+56;15;transformationsL0;13;parent_objectS0;","6e6a4ea4423154765543cca7229311b10e9c2d65a515d0f0a6d7d4fd795114ab"
"obj.Kant.Dom.instInhabitedCert","def","Kant.Dom.instInhabitedCert","ASSERTED","Inhabited Kant.Dom.Cert","L0;","O0;","L0;","L0;","L0;","L0;","L0;","L0;","S23;Inhabited Kant.Dom.Cert","O7;13;source_systemS5;lean411;source_fileS37;RequestProject/Kant/Domain/Model.lean13;source_formatS4;text11;imported_atI+0;14;transformed_atI+247;15;transformationsL0;13;parent_objectS0;","0ec158ec3ff05e90bdd4d0f74eea27e3b81f8b165adf07767c4e55b6a40a97c9"
"obj.Kant.Wasm.Decode.VType.noConfusion","def","Kant.Wasm.Decode.VType.noConfusion","ASSERTED","{P : Sort v✝} →   {x y : Kant.Wasm.Decode.VType} → Eq x y → Kant.Wasm.Decode.VType.noConfusionType P x y","L0;","O0;","L0;","L0;","L0;","L0;","L0;","L0;","S104;{P : Sort v✝} →   {x y : Kant.Wasm.Decode.VType} → Eq x y → Kant.Wasm.Decode.VType.noConfusionType P x y","O7;13;source_systemS5;lean411;source_fileS31;RequestProject/Wasm/Decode.lean13;source_formatS4;text11;imported_atI+0;14;transformed_atI+566;15;transformationsL0;13;parent_objectS0;","b57d9748fae858e7b6346ef055e279d488ee37d4d802e20dd4e97ddd8e964a2a"
"obj.Kant.CardDebug.Code.card.inj","theorem","Kant.CardDebug.Code.card.inj","PROVEN","∀ {k k_1 : Kant.SiteCard.Card},   Eq (Kant.CardDebug.Code.card k) (Kant.CardDebug.Code.card k_1) → Eq k k_1","L1;S23;obj.Kant.CardDebug.Code","O0;","L0;","L0;","L1;S34;claim.Kant.CardDebug.Code.card.inj","L0;","L1;S34;proof.Kant.CardDebug.Code.card.inj","L0;","S107;∀ {k k_1 : Kant.SiteCard.Card},   Eq (Kant.CardDebug.Code.card k) (Kant.CardDebug.Code.card k_1) → Eq k k_1","O7;13;source_systemS5;lean411;source_fileS34;RequestProject/Kant/CardDebug.lean13;source_formatS4;text11;imported_atI+0;14;transformed_atI+0;15;transformationsL0;13;parent_objectS0;","dcb919b2c5d92cdae3275fb47a73028d81edda482994dff47f261972ed11c647"
"obj.Kant.Text.containsSub.eq_2","theorem","Kant.Text.containsSub.eq_2","PROVEN","∀ (needle : List Char) (c : Char) (cs : List Char),   Eq (Kant.Text.containsSub needle (List.cons c cs))     (ite (Eq (needle.isPrefixOf (List.cons c cs)) Bool.true) Bool.true       (Kant.Text.containsSub needle cs))","L0;","O0;","L0;","L0;","L1;S32;claim.Kant.Text.containsSub.eq_2","L0;","L1;S32;proof.Kant.Text.containsSub.eq_2","L0;","S216;∀ (needle : List Char) (c : Char) (cs : List Char),   Eq (Kant.Text.containsSub needle (List.cons c cs))     (ite (Eq (needle.isPrefixOf (List.cons c cs)) Bool.true) Bool.true       (Kant.Text.containsSub needle cs))","O7;13;source_systemS5;lean411;source_fileS29;RequestProject/Kant/Text.lean13;source_formatS4;text11;imported_atI+0;14;transformed_atI+0;15;transformationsL0;13;parent_objectS0;","6afe898dff23f2993374ca52b94269beb1e3964518bb7fab8937cdb3d088ebe0"
"obj.Kant.Cli.afterPrefix_append","theorem","Kant.Cli.afterPrefix_append","PROVEN","∀ (p s : List Char), Eq (Kant.Cli.afterPrefix p (instHAppendOfAppend.hAppend p s)) (Option.some s)","L0;","O0;","L0;","L0;","L1;S33;claim.Kant.Cli.afterPrefix_append","L0;","L1;S33;proof.Kant.Cli.afterPrefix_append","L0;","S98;∀ (p s : List Char), Eq (Kant.Cli.afterPrefix p (instHAppendOfAppend.hAppend p s)) (Option.some s)","O7;13;source_systemS5;lean411;source_fileS28;RequestProject/Kant/Cli.lean13;source_formatS4;text11;imported_atI+0;14;transformed_atI+248;15;transformationsL0;13;parent_objectS0;","56817e10a74c0cc1ddacece85dfec5f6b9bd478fb3e8c17b0b3aaa98d69874f0"
"obj.Kant.Codec.Strategy.reject.sizeOf_spec","theorem","Kant.Codec.Strategy.reject.sizeOf_spec","PROVEN","Eq (Kant.Codec.Strategy._sizeOf_inst.sizeOf Kant.Codec.Strategy.reject) 1","L1;S23;obj.Kant.Codec.Strategy","O0;","L0;","L0;","L1;S44;claim.Kant.Codec.Strategy.reject.sizeOf_spec","L0;","L1;S44;proof.Kant.Codec.Strategy.reject.sizeOf_spec","L0;","S73;Eq (Kant.Codec.Strategy._sizeOf_inst.sizeOf Kant.Codec.Strategy.reject) 1","O7;13;source_systemS5;lean411;source_fileS40;RequestProject/Kant/Codec/Reconcile.lean13;source_formatS4;text11;imported_atI+0;14;transformed_atI+0;15;transformationsL0;13;parent_objectS0;","e75e4b9e6cb1945caa8a871119401c0ff9b4e7add749db429e7e6178c5e5b975"
"obj.Kant.Relay.receive_cons","theorem","Kant.Relay.receive_cons","PROVEN","∀ (ms : List Kant.Relay.Msg) (l : List Char) (ls : List (List Char)),   Eq (Kant.Relay.receive ms (List.cons l ls)) (Kant.Relay.receive (Kant.Relay.accept ms l) ls)","L0;","O0;","L0;","L0;","L1;S29;claim.Kant.Relay.receive_cons","L0;","L1;S29;proof.Kant.Relay.receive_cons","L0;","S164;∀ (ms : List Kant.Relay.Msg) (l : List Char) (ls : List (List Char)),   Eq (Kant.Relay.receive ms (List.cons l ls)) (Kant.Relay.receive (Kant.Relay.accept ms l) ls)","O7;13;source_systemS5;lean411;source_fileS30;RequestProject/Kant/Relay.lean13;source_formatS4;text11;imported_atI+0;14;transformed_atI+273;15;transformationsL0;13;parent_objectS0;","0aa3400ae2f5038cc25bfdae9c2b10976e3d3e655afe42b22a7b8bf7b0faab3d"
"obj.Kant.SiteCard.readChatCard_chatMsg","theorem","Kant.SiteCard.readChatCard_chatMsg","PROVEN","∀ {k : Kant.SiteCard.Card},   k.Wf →     ∀ {room sender : List Char},       Kant.Text.IsAscii room →         Kant.Text.IsAscii sender →           ∀ (seq : Nat),             Eq               (Kant.SiteCard.readChatCard                 (Kant.Relay.printMsg (Kant.SiteCard.chatMsg room sender seq k)))               (Option.some k)","L1;S24;obj.Kant.Text.asciiBytes","O0;","L0;","L0;","L1;S40;claim.Kant.SiteCard.readChatCard_chatMsg","L0;","L1;S40;proof.Kant.SiteCard.readChatCard_chatMsg","L0;","S328;∀ {k : Kant.SiteCard.Card},   k.Wf →     ∀ {room sender : List Char},       Kant.Text.IsAscii room →         Kant.Text.IsAscii sender →           ∀ (seq : Nat),             Eq               (Kant.SiteCard.readChatCard                 (Kant.Relay.printMsg (Kant.SiteCard.chatMsg room sender seq k)))               (Option.some k)","O7;13;source_systemS5;lean411;source_fileS33;RequestProject/Kant/SiteCard.lean13;source_formatS4;text11;imported_atI+0;14;transformed_atI+665;15;transformationsL0;13;parent_objectS0;","882569f828d45161ec71403aeccb9a4e90cb40e1bf899b9b1cfda80d050a3bf8"
"obj.Kant.Dom.findProof_of_mem_proofsOf","theorem","Kant.Dom.findProof_of_mem_proofsOf","PROVEN","∀ {d : Kant.Dom.Domain} {o : Kant.Dom.DomObj} {p : Kant.Dom.ProofRec},   List.instMembership.mem (Kant.Dom.proofsOf d o) p → Eq (Kant.Dom.findProof d p.id) (Option.some p)","L0;","O0;","L0;","L0;","L1;S40;claim.Kant.Dom.findProof_of_mem_proofsOf","L0;","L1;S40;proof.Kant.Dom.findProof_of_mem_proofsOf","L0;","S171;∀ {d : Kant.Dom.Domain} {o : Kant.Dom.DomObj} {p : Kant.Dom.ProofRec},   List.instMembership.mem (Kant.Dom.proofsOf d o) p → Eq (Kant.Dom.findProof d p.id) (Option.some p)","O7;13;source_systemS5;lean411;source_fileS38;RequestProject/Kant/Domain/Ledger.lean13;source_formatS4;text11;imported_atI+0;14;transformed_atI+184;15;transformationsL0;13;parent_objectS0;","e986b1e0c58dbece558b9ceecad2be1938f84729d036ce60bfa5c919b40bb74b"
"obj.Kant.Codec.Ipdl.obj.inj","theorem","Kant.Codec.Ipdl.obj.inj","PROVEN","∀ {fs fs_1 : List (Prod (List Char) Kant.Codec.Ipdl)},   Eq (Kant.Codec.Ipdl.obj fs) (Kant.Codec.Ipdl.obj fs_1) → Eq fs fs_1","L1;S35;obj.Kant.Codec.Ipdl.obj.noConfusion","O0;","L0;","L0;","L1;S29;claim.Kant.Codec.Ipdl.obj.inj","L0;","L1;S29;proof.Kant.Codec.Ipdl.obj.inj","L0;","S124;∀ {fs fs_1 : List (Prod (List Char) Kant.Codec.Ipdl)},   Eq (Kant.Codec.Ipdl.obj fs) (Kant.Codec.Ipdl.obj fs_1) → Eq fs fs_1","O7;13;source_systemS5;lean411;source_fileS35;RequestProject/Kant/Codec/Ipdl.lean13;source_formatS4;text11;imported_atI+0;14;transformed_atI+0;15;transformationsL0;13;parent_objectS0;","95b6e34ada40d52b6b62e3a7ed4dca6819089ecd3cea94f9947492b49897dc46"
"obj.Kant.Codec.encodeVal","def","Kant.Codec.encodeVal","ASSERTED","Kant.Codec.Fmt → Kant.Codec.Val → List Char","L0;","O0;","L0;","L0;","L0;","L0;","L0;","L0;","S43;Kant.Codec.Fmt → Kant.Codec.Val → List Char","O7;13;source_systemS5;lean411;source_fileS39;RequestProject/Kant/Codec/Exchange.lean13;source_formatS4;text11;imported_atI+0;14;transformed_atI+48;15;transformationsL0;13;parent_objectS0;","5d1d0e8a14dd2ede4735d83b966e77317aaabb4119b7eeb804e926ad92241eab"
"obj.Kant.Relay.Msg.core","def","Kant.Relay.Msg.core","ASSERTED","Kant.Relay.Msg → Kant.Bytes.Blob","L1;S24;obj.Kant.Text.asciiBytes","O0;","L0;","L0;","L0;","L0;","L0;","L0;","S32;Kant.Relay.Msg → Kant.Bytes.Blob","O7;13;source_systemS5;lean411;source_fileS30;RequestProject/Kant/Relay.lean13;source_formatS4;text11;imported_atI+0;14;transformed_atI+70;15;transformationsL0;13;parent_objectS0;","ecc5ec8b33f4dc2d5bc47273519b70fa2d9d5849e2739c4741ae9cca98d10854"
"obj.Kant.Text.splitFields.match_1","def","Kant.Text.splitFields.match_1","ASSERTED","(motive : List (List Char) → Sort u_1) →   (x : List (List Char)) →     (Unit → motive List.nil) →       ((f : List Char) → (fs : List (List Char)) → motive (List.cons f fs)) → motive x","L0;","O0;","L0;","L0;","L0;","L0;","L0;","L0;","S185;(motive : List (List Char) → Sort u_1) →   (x : List (List Char)) →     (Unit → motive List.nil) →       ((f : List Char) → (fs : List (List Char)) → motive (List.cons f fs)) → motive x","O7;13;source_systemS5;lean411;source_fileS29;RequestProject/Kant/Text.lean13;source_formatS4;text11;imported_atI+0;14;transformed_atI+0;15;transformationsL0;13;parent_objectS0;","ac0718af4ddb65cdd097d0d6b3ab762ad8cbfe91c62339f78105f6308fd607b4"
"obj.Kant.Codec.readRowList.match_1","def","Kant.Codec.readRowList.match_1","ASSERTED","(motive : Option (Prod Kant.Codec.Val (List Kant.Codec.Row)) → Sort u_1) →   (x : Option (Prod Kant.Codec.Val (List Kant.Codec.Row))) →     ((v : Kant.Codec.Val) →         (rs' : List Kant.Codec.Row) → motive (Option.some { fst := v, snd := rs' })) →       (Unit → motive Option.none) → motive x","L0;","O0;","L0;","L0;","L0;","L0;","L0;","L0;","S295;(motive : Option (Prod Kant.Codec.Val (List Kant.Codec.Row)) → Sort u_1) →   (x : Option (Prod Kant.Codec.Val (List Kant.Codec.Row))) →     ((v : Kant.Codec.Val) →         (rs' : List Kant.Codec.Row) → motive (Option.some { fst := v, snd := rs' })) →       (Unit → motive Option.none) → motive x","O7;13;source_systemS5;lean411;source_fileS34;RequestProject/Kant/Codec/Csv.lean13;source_formatS4;text11;imported_atI+0;14;transformed_atI+0;15;transformationsL0;13;parent_objectS0;","57049bf2e244ee728f32360d06f02b15e0ef8be0f0c2d8fcd2961b27b7ec8a9f"
"obj.Kant.Dom.ProofRec.name","def","Kant.Dom.ProofRec.name","ASSERTED","Kant.Dom.ProofRec → List Char","L0;","O0;","L0;","L0;","L0;","L0;","L0;","L0;","S29;Kant.Dom.ProofRec → List Char","O7;13;source_systemS5;lean411;source_fileS37;RequestProject/Kant/Domain/Model.lean13;source_formatS4;text11;imported_atI+0;14;transformed_atI+361;15;transformationsL0;13;parent_objectS0;","0b172df55d5f51462032490c55cd476101bc76c45f7f3b2039bda622c2e824eb"
"obj.Kant.Credits.Ledger.empty_valid","theorem","Kant.Credits.Ledger.empty_valid","PROVEN","Kant.Credits.Ledger.empty.valid","L0;","O0;","L0;","L0;","L1;S37;claim.Kant.Credits.Ledger.empty_valid","L0;","L1;S37;proof.Kant.Credits.Ledger.empty_valid","L0;","S31;Kant.Credits.Ledger.empty.valid","O7;13;source_systemS5;lean411;source_fileS32;RequestProject/Kant/Credits.lean13;source_formatS4;text11;imported_atI+0;14;transformed_atI+79;15;transformationsL0;13;parent_objectS0;","465f3004b9e8dfc12b13efe8636df44e584921fabc10e9dbadbdef5bbb17b1e8"
"obj.Kant.Clipboard.pasteText_eq_none_of_mismatch","theorem","Kant.Clipboard.pasteText_eq_none_of_mismatch","PROVEN","∀ {s : List Char} {i t c ts r w : Kant.Bytes.Blob},   Eq (Kant.Clipboard.Envelope.decode s)       (Option.some         { tag := Kant.Clipboard.tagPaste,           fields :=             List.cons i               (List.cons t (List.cons c (List.cons ts (List.cons r (List.cons w List.nil))))) }) →     Ne (Kant.Bytes.witness c) (Kant.Text.asciiChars w) → Eq (Kant.Clipboard.pasteText s) Option.none","L0;","O0;","L0;","L0;","L1;S50;claim.Kant.Clipboard.pasteText_eq_none_of_mismatch","L0;","L1;S50;proof.Kant.Clipboard.pasteText_eq_none_of_mismatch","L0;","S396;∀ {s : List Char} {i t c ts r w : Kant.Bytes.Blob},   Eq (Kant.Clipboard.Envelope.decode s)       (Option.some         { tag := Kant.Clipboard.tagPaste,           fields :=             List.cons i               (List.cons t (List.cons c (List.cons ts (List.cons r (List.cons w List.nil))))) }) →     Ne (Kant.Bytes.witness c) (Kant.Text.asciiChars w) → Eq (Kant.Clipboard.pasteText s) Option.none","O7;13;source_systemS5;lean411;source_fileS34;RequestProject/Kant/Clipboard.lean13;source_formatS4;text11;imported_atI+0;14;transformed_atI+222;15;transformationsL0;13;parent_objectS0;","249b2d948f6e85110bb423f6c4f3720effff592bb858048b9bd7764298d66d88"
"obj.Kant.Rendezvous.Roster.discovery_transitive","theorem","Kant.Rendezvous.Roster.discovery_transitive","PROVEN","∀ (A B C : Kant.Rendezvous.Roster) (x : Kant.Rendezvous.Announce),   List.instMembership.mem C x → List.instMembership.mem (A.merge (B.merge C)) x","L0;","O0;","L0;","L0;","L1;S49;claim.Kant.Rendezvous.Roster.discovery_transitive","L0;","L1;S49;proof.Kant.Rendezvous.Roster.discovery_transitive","L0;","S146;∀ (A B C : Kant.Rendezvous.Roster) (x : Kant.Rendezvous.Announce),   List.instMembership.mem C x → List.instMembership.mem (A.merge (B.merge C)) x","O7;13;source_systemS5;lean411;source_fileS35;RequestProject/Kant/Rendezvous.lean13;source_formatS4;text11;imported_atI+0;14;transformed_atI+241;15;transformationsL0;13;parent_objectS0;","6b763590e95f77629e96dc169da10dd5382c4e6855bf154411d4f3dc258b9047"
"obj.Kant.Relay.leMsg_total","theorem","Kant.Relay.leMsg_total","PROVEN","∀ (a b : Kant.Relay.Msg), Eq ((Kant.Relay.leMsg a b).or (Kant.Relay.leMsg b a)) Bool.true","L0;","O0;","L0;","L0;","L1;S28;claim.Kant.Relay.leMsg_total","L0;","L1;S28;proof.Kant.Relay.leMsg_total","L0;","S89;∀ (a b : Kant.Relay.Msg), Eq ((Kant.Relay.leMsg a b).or (Kant.Relay.leMsg b a)) Bool.true","O7;13;source_systemS5;lean411;source_fileS30;RequestProject/Kant/Relay.lean13;source_formatS4;text11;imported_atI+0;14;transformed_atI+350;15;transformationsL0;13;parent_objectS0;","e3dd2a21b8679dc8cc4b250a4524bd0b8cf19e7aadb27de6866932e67e4cbf29"
"obj.Kant.Sneakernet.frames_pairwise","theorem","Kant.Sneakernet.frames_pairwise","PROVEN","∀ (limit : Nat) (data : Kant.Bytes.Blob),   List.Pairwise (fun a b => Eq (Decidable.decide (instLENat.le a.seq b.seq)) Bool.true)     (Kant.Sneakernet.frames limit data)","L0;","O0;","L0;","L0;","L1;S37;claim.Kant.Sneakernet.frames_pairwise","L0;","L1;S37;proof.Kant.Sneakernet.frames_pairwise","L0;","S169;∀ (limit : Nat) (data : Kant.Bytes.Blob),   List.Pairwise (fun a b => Eq (Decidable.decide (instLENat.le a.seq b.seq)) Bool.true)     (Kant.Sneakernet.frames limit data)","O7;13;source_systemS5;lean411;source_fileS35;RequestProject/Kant/Sneakernet.lean13;source_formatS4;text11;imported_atI+0;14;transformed_atI+182;15;transformationsL0;13;parent_objectS0;","1f50c8ba397493dba48689a4b4c1a5a80df30eba968cbdf95baba92f483b09c6"
"obj.Kant.Text.digitsValue","def","Kant.Text.digitsValue","ASSERTED","List Char → Nat","L0;","O0;","L0;","L0;","L0;","L0;","L0;","L0;","S15;List Char → Nat","O7;13;source_systemS5;lean411;source_fileS29;RequestProject/Kant/Text.lean13;source_formatS4;text11;imported_atI+0;14;transformed_atI+358;15;transformationsL0;13;parent_objectS0;","e1d5a9a6c94b4efa0b30e063505ce1c5c300b74d8a6c270c2771debf58be4ca7"
"obj.Kant.Codec.instInhabitedObj","def","Kant.Codec.instInhabitedObj","ASSERTED","Inhabited Kant.Codec.Obj","L0;","O0;","L0;","L0;","L0;","L0;","L0;","L0;","S24;Inhabited Kant.Codec.Obj","O7;13;source_systemS5;lean411;source_fileS36;RequestProject/Kant/Codec/Model.lean13;source_formatS4;text11;imported_atI+0;14;transformed_atI+473;15;transformationsL0;13;parent_objectS0;","9b723b0054be335ace0ea95427eec4dddec7932525604b9443a3b42610ef1417"
"obj.Kant.SiteCard.Config.casesOn","def","Kant.SiteCard.Config.casesOn","ASSERTED","{motive : Kant.SiteCard.Config → Sort u} →   (t : Kant.SiteCard.Config) →     ((origin caption picture alt : List Char) →         motive { origin := origin, caption := caption, picture := picture, alt := alt }) →       motive t","L0;","O0;","L0;","L0;","L0;","L0;","L0;","L0;","S227;{motive : Kant.SiteCard.Config → Sort u} →   (t : Kant.SiteCard.Config) →     ((origin caption picture alt : List Char) →         motive { origin := origin, caption := caption, picture := picture, alt := alt }) →       motive t","O7;13;source_systemS5;lean411;source_fileS33;RequestProject/Kant/SiteCard.lean13;source_formatS4;text11;imported_atI+0;14;transformed_atI+133;15;transformationsL0;13;parent_objectS0;","493639bc5550afa5782f0f7f497f9ff2b1dad669aa05724fc11e57f08c26304c"
"obj.Kant.Diagnostics.instDecidableEqEvent.decEq.match_1","def","Kant.Diagnostics.instDecidableEqEvent.decEq.match_1","ASSERTED","(motive : Kant.Diagnostics.Event → Kant.Diagnostics.Event → Sort u_1) →   (x x_1 : Kant.Diagnostics.Event) →     ((a a_1 : Nat) →         (a_2 : Kant.Diagnostics.Level) →           (a_3 : Kant.Diagnostics.Area) →             (a_4 a_5 : List Char) →               (b b_1 : Nat) →                 (b_2 : Kant.Diagnostics.Level) →                   (b_3 : Kant.Diagnostics.Area) →                     (b_4 b_5 : List Char) →                       motive                         { seq := a, ms := a_1, level := a_2, area := a_3, text := a_4,                           detail := a_5 }                         { seq := b, ms := b_1, level := b_2, area := b_3, text := b_4,                           detail := b_5 }) →       motive x x_1","L0;","O0;","L0;","L0;","L0;","L0;","L0;","L0;","S730;(motive : Kant.Diagnostics.Event → Kant.Diagnostics.Event → Sort u_1) →   (x x_1 : Kant.Diagnostics.Event) →     ((a a_1 : Nat) →         (a_2 : Kant.Diagnostics.Level) →           (a_3 : Kant.Diagnostics.Area) →             (a_4 a_5 : List Char) →               (b b_1 : Nat) →                 (b_2 : Kant.Diagnostics.Level) →                   (b_3 : Kant.Diagnostics.Area) →                     (b_4 b_5 : List Char) →                       motive                         { seq := a, ms := a_1, level := a_2, area := a_3, text := a_4,                           detail := a_5 }                         { seq := b, ms := b_1, level := b_2, area := b_3, text := b_4,                           detail := b_5 }) →       motive x x_1","O7;13;source_systemS5;lean411;source_fileS36;RequestProject/Kant/Diagnostics.lean13;source_formatS4;text11;imported_atI+0;14;transformed_atI+0;15;transformationsL0;13;parent_objectS0;","45b758baa3375bd172a76be986e430e6ebfdedc8bf0a97db68540705e0986f50"
"obj.Kant.CardDebug.explain.eq_3","theorem","Kant.CardDebug.explain.eq_3","PROVEN","Eq (Kant.CardDebug.explain Kant.CardDebug.Pairing.notInvites)   (instHAppendOfAppend.hAppend       ""not-invites: this is a share card or a page link - it names a page, never a room; ""       ""connecting needs a kzinvite code from the share screen"").toList","L0;","O0;","L0;","L0;","L1;S33;claim.Kant.CardDebug.explain.eq_3","L0;","L1;S33;proof.Kant.CardDebug.explain.eq_3","L0;","S254;Eq (Kant.CardDebug.explain Kant.CardDebug.Pairing.notInvites)   (instHAppendOfAppend.hAppend       ""not-invites: this is a share card or a page link - it names a page, never a room; ""       ""connecting needs a kzinvite code from the share screen"").toList","O7;13;source_systemS5;lean411;source_fileS34;RequestProject/Kant/CardDebug.lean13;source_formatS4;text11;imported_atI+0;14;transformed_atI+0;15;transformationsL0;13;parent_objectS0;","164dced43ba9c4712e6b424e716f46ee23c5bb8bbaf652ab5415c1886525e128"
"obj.Kant.Cli.Route.mk.sizeOf_spec","theorem","Kant.Cli.Route.mk.sizeOf_spec","PROVEN","∀ (room : List Char) (cursor : Nat),   Eq (Kant.Cli.Route._sizeOf_inst.sizeOf { room := room, cursor := cursor })     (instHAdd.hAdd (instHAdd.hAdd 1 ((List._sizeOf_inst Char).sizeOf room))       (instSizeOfNat.sizeOf cursor))","L0;","O0;","L0;","L0;","L1;S35;claim.Kant.Cli.Route.mk.sizeOf_spec","L0;","L1;S35;proof.Kant.Cli.Route.mk.sizeOf_spec","L0;","S226;∀ (room : List Char) (cursor : Nat),   Eq (Kant.Cli.Route._sizeOf_inst.sizeOf { room := room, cursor := cursor })     (instHAdd.hAdd (instHAdd.hAdd 1 ((List._sizeOf_inst Char).sizeOf room))       (instSizeOfNat.sizeOf cursor))","O7;13;source_systemS5;lean411;source_fileS28;RequestProject/Kant/Cli.lean13;source_formatS4;text11;imported_atI+0;14;transformed_atI+0;15;transformationsL0;13;parent_objectS0;","f4bbacc46144a14b976fd0216211e9284257da15a6d8bd019da18cb805c208ce"
"obj.Kant.Codec.Ipdl.list.elim","def","Kant.Codec.Ipdl.list.elim","ASSERTED","{motive_1 : Kant.Codec.Ipdl → Sort u} →   (t : Kant.Codec.Ipdl) →     Eq t.ctorIdx 4 → ((xs : List Kant.Codec.Ipdl) → motive_1 (Kant.Codec.Ipdl.list xs)) → motive_1 t","L0;","O0;","L0;","L0;","L0;","L0;","L0;","L0;","S166;{motive_1 : Kant.Codec.Ipdl → Sort u} →   (t : Kant.Codec.Ipdl) →     Eq t.ctorIdx 4 → ((xs : List Kant.Codec.Ipdl) → motive_1 (Kant.Codec.Ipdl.list xs)) → motive_1 t","O7;13;source_systemS5;lean411;source_fileS35;RequestProject/Kant/Codec/Ipdl.lean13;source_formatS4;text11;imported_atI+0;14;transformed_atI+44;15;transformationsL0;13;parent_objectS0;","a7f3f365d06b5bf884a40d3c78d5c5bbe7250a5b37ce5d7edb8bb0f0a840a4c1"
"obj.Kant.Dom.instInhabitedEvid","def","Kant.Dom.instInhabitedEvid","ASSERTED","Inhabited Kant.Dom.Evid","L0;","O0;","L0;","L0;","L0;","L0;","L0;","L0;","S23;Inhabited Kant.Dom.Evid","O7;13;source_systemS5;lean411;source_fileS37;RequestProject/Kant/Domain/Model.lean13;source_formatS4;text11;imported_atI+0;14;transformed_atI+64;15;transformationsL0;13;parent_objectS0;","2d44d113757d28198e7047c1c81c0196d7946b1ff904b2d3c2d031d74cdaae50"
"obj.Kant.Wasm.Expr.const.injEq","theorem","Kant.Wasm.Expr.const.injEq","PROVEN","∀ (n n_1 : Nat), Eq (Eq (Kant.Wasm.Expr.const n) (Kant.Wasm.Expr.const n_1)) (Eq n n_1)","L1;S36;obj.Kant.Wasm.Expr.const.noConfusion","O0;","L0;","L0;","L1;S32;claim.Kant.Wasm.Expr.const.injEq","L0;","L1;S32;proof.Kant.Wasm.Expr.const.injEq","L0;","S87;∀ (n n_1 : Nat), Eq (Eq (Kant.Wasm.Expr.const n) (Kant.Wasm.Expr.const n_1)) (Eq n n_1)","O7;13;source_systemS5;lean411;source_fileS31;RequestProject/Wasm/Syntax.lean13;source_formatS4;text11;imported_atI+0;14;transformed_atI+0;15;transformationsL0;13;parent_objectS0;","fa997695becd074eb42e3cba71be2651eea78d4476d29ed021b22f5b88c30643"
"obj.Kant.Dom.Decl.mk.noConfusion","def","Kant.Dom.Decl.mk.noConfusion","ASSERTED","{P : Sort u} →   {name kind file : List Char} →     {line : Nat} →       {statement : List Char} →         {sorried axiomsOk : Bool} →           {deps : List (List Char)} →             {name' kind' file' : List Char} →               {line' : Nat} →                 {statement' : List Char} →                   {sorried' axiomsOk' : Bool} →                     {deps' : List (List Char)} →                       Eq                           { name := name, kind := kind, file := file, line := line,                             statement := statement, sorried := sorried, axiomsOk := axiomsOk,                             deps := deps }                           { name := name', kind := kind', file := file', line := line',                             statement := statement', sorried := sorried', axiomsOk := axiomsOk',                             deps := deps' } →                         (Eq name name' →                             Eq kind kind' →                               Eq file file' →                                 Eq line line' →                                   Eq statement statement' →                                     Eq sorried sorried' →                                       Eq axiomsOk axiomsOk' → Eq deps deps' → P) →                           P","L1;S29;obj.Kant.Dom.Decl.noConfusion","O0;","L0;","L0;","L0;","L0;","L0;","L0;","S1273;{P : Sort u} →   {name kind file : List Char} →     {line : Nat} →       {statement : List Char} →         {sorried axiomsOk : Bool} →           {deps : List (List Char)} →             {name' kind' file' : List Char} →               {line' : Nat} →                 {statement' : List Char} →                   {sorried' axiomsOk' : Bool} →                     {deps' : List (List Char)} →                       Eq                           { name := name, kind := kind, file := file, line := line,                             statement := statement, sorried := sorried, axiomsOk := axiomsOk,                             deps := deps }                           { name := name', kind := kind', file := file', line := line',                             statement := statement', sorried := sorried', axiomsOk := axiomsOk',                             deps := deps' } →                         (Eq name name' →                             Eq kind kind' →                               Eq file file' →                                 Eq line line' →                                   Eq statement statement' →                                     Eq sorried sorried' →                                       Eq axiomsOk axiomsOk' → Eq deps deps' → P) →                           P","O7;13;source_systemS5;lean411;source_fileS39;RequestProject/Kant/Domain/Catalog.lean13;source_formatS4;text11;imported_atI+0;14;transformed_atI+40;15;transformationsL0;13;parent_objectS0;","cdc4dc91b1ba02c75be5ea53ba07e434d6a0293890cd50ad732b30592c1fd4ba"
"obj.Kant.Wasm.Instr.localGet.noConfusion","def","Kant.Wasm.Instr.localGet.noConfusion","ASSERTED","{P : Sort u} →   {i i' : Nat} → Eq (Kant.Wasm.Instr.localGet i) (Kant.Wasm.Instr.localGet i') → (Eq i i' → P) → P","L0;","O0;","L0;","L0;","L0;","L0;","L0;","L0;","S113;{P : Sort u} →   {i i' : Nat} → Eq (Kant.Wasm.Instr.localGet i) (Kant.Wasm.Instr.localGet i') → (Eq i i' → P) → P","O7;13;source_systemS5;lean411;source_fileS31;RequestProject/Wasm/Syntax.lean13;source_formatS4;text11;imported_atI+0;14;transformed_atI+39;15;transformationsL0;13;parent_objectS0;","6f2eed51c93c5b7ee86bbc56f4fc0ec1720c44818fa1bd58b4bd36b55d31a3bb"
"obj.Kant.Codec.Strategy","inductive","Kant.Codec.Strategy","ASSERTED","Type","L0;","O0;","L0;","L0;","L0;","L0;","L0;","L0;","S4;Type","O7;13;source_systemS5;lean411;source_fileS40;RequestProject/Kant/Codec/Reconcile.lean13;source_formatS4;text11;imported_atI+0;14;transformed_atI+279;15;transformationsL0;13;parent_objectS0;","1607fa933b4163560583cfb5874bd11956b14443a9e1129063ff8eff510165d3"
"obj.Kant.Dom.Event.noConfusionType","def","Kant.Dom.Event.noConfusionType","ASSERTED","Sort u → Kant.Dom.Event → Kant.Dom.Event → Sort u","L2;S36;obj.Kant.Dom.Event.importedFrom.elimS34;obj.Kant.Dom.Event.inferredBy.elim","O0;","L0;","L0;","L0;","L0;","L0;","L0;","S49;Sort u → Kant.Dom.Event → Kant.Dom.Event → Sort u","O7;13;source_systemS5;lean411;source_fileS38;RequestProject/Kant/Domain/Policy.lean13;source_formatS4;text11;imported_atI+0;14;transformed_atI+0;15;transformationsL0;13;parent_objectS0;","91048d4e097197d211970a99e893456d485c381c699868541d4ddc5d0fb123ef"
"obj.Kant.Dom.Claim.objectRef","def","Kant.Dom.Claim.objectRef","ASSERTED","Kant.Dom.Claim → Kant.Dom.Id","L0;","O0;","L0;","L0;","L0;","L0;","L0;","L0;","S28;Kant.Dom.Claim → Kant.Dom.Id","O7;13;source_systemS5;lean411;source_fileS37;RequestProject/Kant/Domain/Model.lean13;source_formatS4;text11;imported_atI+0;14;transformed_atI+436;15;transformationsL0;13;parent_objectS0;","247210e28204dfd105eef5a2ab46e6c634f63d83625f8c03a6bca8e1b1e8f2b8"
"obj.Kant.Codec.instReprErr","def","Kant.Codec.instReprErr","ASSERTED","Repr Kant.Codec.Err","L0;","O0;","L0;","L0;","L0;","L0;","L0;","L0;","S19;Repr Kant.Codec.Err","O7;13;source_systemS5;lean411;source_fileS36;RequestProject/Kant/Codec/Model.lean13;source_formatS4;text11;imported_atI+0;14;transformed_atI+234;15;transformationsL0;13;parent_objectS0;","4169d225ee24a8c808ad185741e3582b43e15b193a59830e88c1eeee81796271"
"obj.Kant.Repost.QuoteCopyable.casesOn","def","Kant.Repost.QuoteCopyable.casesOn","ASSERTED","{q : Kant.Repost.Quote} →   {motive : Kant.Repost.QuoteCopyable q → Sort u} →     (t : Kant.Repost.QuoteCopyable q) →       ((comment : Kant.Clipboard.Copyable q.comment) →           (original : Kant.Clipboard.Copyable q.original) → motive ⋯) →         motive t","L0;","O0;","L0;","L0;","L0;","L0;","L0;","L0;","S261;{q : Kant.Repost.Quote} →   {motive : Kant.Repost.QuoteCopyable q → Sort u} →     (t : Kant.Repost.QuoteCopyable q) →       ((comment : Kant.Clipboard.Copyable q.comment) →           (original : Kant.Clipboard.Copyable q.original) → motive ⋯) →         motive t","O7;13;source_systemS5;lean411;source_fileS31;RequestProject/Kant/Repost.lean13;source_formatS4;text11;imported_atI+0;14;transformed_atI+87;15;transformationsL0;13;parent_objectS0;","b6fdb94eff7ed3fc7d54a7112fbbe73fbc798e60743653aa611dc8e7efb5e4ad"
"obj.Kant.Codec.Difference.mk.sizeOf_spec","theorem","Kant.Codec.Difference.mk.sizeOf_spec","PROVEN","∀ (path left right kind : List Char) (severity : Kant.Codec.Severity) (explanation : List Char),   Eq     (Kant.Codec.Difference._sizeOf_inst.sizeOf       { path := path, left := left, right := right, kind := kind, severity := severity,         explanation := explanation })     (instHAdd.hAdd       (instHAdd.hAdd         (instHAdd.hAdd           (instHAdd.hAdd             (instHAdd.hAdd (instHAdd.hAdd 1 ((List._sizeOf_inst Char).sizeOf path))               ((List._sizeOf_inst Char).sizeOf left))             ((List._sizeOf_inst Char).sizeOf right))           ((List._sizeOf_inst Char).sizeOf kind))         (Kant.Codec.Severity._sizeOf_inst.sizeOf severity))       ((List._sizeOf_inst Char).sizeOf explanation))","L0;","O0;","L0;","L0;","L1;S42;claim.Kant.Codec.Difference.mk.sizeOf_spec","L0;","L1;S42;proof.Kant.Codec.Difference.mk.sizeOf_spec","L0;","S716;∀ (path left right kind : List Char) (severity : Kant.Codec.Severity) (explanation : List Char),   Eq     (Kant.Codec.Difference._sizeOf_inst.sizeOf       { path := path, left := left, right := right, kind := kind, severity := severity,         explanation := explanation })     (instHAdd.hAdd       (instHAdd.hAdd         (instHAdd.hAdd           (instHAdd.hAdd             (instHAdd.hAdd (instHAdd.hAdd 1 ((List._sizeOf_inst Char).sizeOf path))               ((List._sizeOf_inst Char).sizeOf left))             ((List._sizeOf_inst Char).sizeOf right))           ((List._sizeOf_inst Char).sizeOf kind))         (Kant.Codec.Severity._sizeOf_inst.sizeOf severity))       ((List._sizeOf_inst Char).sizeOf explanation))","O7;13;source_systemS5;lean411;source_fileS40;RequestProject/Kant/Codec/Reconcile.lean13;source_formatS4;text11;imported_atI+0;14;transformed_atI+0;15;transformationsL0;13;parent_objectS0;","70cd06d266f9fdf0ca0463728e93a34b17f4b44b9e56ecce935dc1d7a1f78c29"
"obj.Kant.Sneakernet.Channel.ofNat","def","Kant.Sneakernet.Channel.ofNat","ASSERTED","Nat → Kant.Sneakernet.Channel","L0;","O0;","L0;","L0;","L0;","L0;","L0;","L0;","S29;Nat → Kant.Sneakernet.Channel","O7;13;source_systemS5;lean411;source_fileS35;RequestProject/Kant/Sneakernet.lean13;source_formatS4;text11;imported_atI+0;14;transformed_atI+0;15;transformationsL0;13;parent_objectS0;","0de176dee3558ecf999b3224b6f5f43c330cc287adbb3bb56ba70d7dab0d2b32"
"obj.Kant.Codec.detect.eq_2","theorem","Kant.Codec.detect.eq_2","PROVEN","∀ (s : List Char),   Eq (Kant.Codec.detect Option.none s)     (ite (Eq (Kant.Codec.stripPrefix Kant.Codec.ipdlHeader s).isSome Bool.true) Kant.Codec.Fmt.ipdl       (ite (Eq (Kant.Codec.stripPrefix Kant.Codec.csvHeader s).isSome Bool.true) Kant.Codec.Fmt.csv         (ite (Eq (Kant.Codec.xmlDecode s).isSome Bool.true) Kant.Codec.Fmt.xml           (ite (Eq (Kant.Codec.canonDecode s).isSome Bool.true) Kant.Codec.Fmt.canonical             (ite (Eq (Kant.Codec.yamlDecode s).isSome Bool.true) Kant.Codec.Fmt.yaml               Kant.Codec.Fmt.text)))))","L2;S25;obj.Kant.Codec.ipdlHeaderS25;obj.Kant.Codec.yamlDecode","O0;","L0;","L0;","L1;S28;claim.Kant.Codec.detect.eq_2","L0;","L1;S28;proof.Kant.Codec.detect.eq_2","L0;","S549;∀ (s : List Char),   Eq (Kant.Codec.detect Option.none s)     (ite (Eq (Kant.Codec.stripPrefix Kant.Codec.ipdlHeader s).isSome Bool.true) Kant.Codec.Fmt.ipdl       (ite (Eq (Kant.Codec.stripPrefix Kant.Codec.csvHeader s).isSome Bool.true) Kant.Codec.Fmt.csv         (ite (Eq (Kant.Codec.xmlDecode s).isSome Bool.true) Kant.Codec.Fmt.xml           (ite (Eq (Kant.Codec.canonDecode s).isSome Bool.true) Kant.Codec.Fmt.canonical             (ite (Eq (Kant.Codec.yamlDecode s).isSome Bool.true) Kant.Codec.Fmt.yaml               Kant.Codec.Fmt.text)))))","O7;13;source_systemS5;lean411;source_fileS38;RequestProject/Kant/Codec/RawText.lean13;source_formatS4;text11;imported_atI+0;14;transformed_atI+0;15;transformationsL0;13;parent_objectS0;","dc3b3fb3706803e0f60a904c416e4ceb0b33b1fffa314ca69e3c53a113144f81"
"obj.Kant.Codec.Val.obj.sizeOf_spec","theorem","Kant.Codec.Val.obj.sizeOf_spec","PROVEN","∀ (fs : List (Prod (List Char) Kant.Codec.Val)),   Eq (Kant.Codec.Val._sizeOf_inst.sizeOf (Kant.Codec.Val.obj fs))     (instHAdd.hAdd 1 ((List._sizeOf_inst (Prod (List Char) Kant.Codec.Val)).sizeOf fs))","L0;","O0;","L0;","L0;","L1;S36;claim.Kant.Codec.Val.obj.sizeOf_spec","L0;","L1;S36;proof.Kant.Codec.Val.obj.sizeOf_spec","L0;","S202;∀ (fs : List (Prod (List Char) Kant.Codec.Val)),   Eq (Kant.Codec.Val._sizeOf_inst.sizeOf (Kant.Codec.Val.obj fs))     (instHAdd.hAdd 1 ((List._sizeOf_inst (Prod (List Char) Kant.Codec.Val)).sizeOf fs))","O7;13;source_systemS5;lean411;source_fileS34;RequestProject/Kant/Codec/Val.lean13;source_formatS4;text11;imported_atI+0;14;transformed_atI+0;15;transformationsL0;13;parent_objectS0;","c3b369134d1421e91b472182fc2eed26403e93ebe6770d2b9a4aeab170a254a8"
