"proof_id","name","kind","status","source_file","source_location","input_refs","assumptions","procedure","output_refs","claim_refs","dependencies","certificate","source","provenance","canonical_hash"
"proof.Kant.Codec.valHash_length","Kant.Codec.valHash_length","lean4","VALID","RequestProject/Kant/Codec/Val.lean","441","L0;","L0;","elaborated and checked by the Lean kernel","L1;S29;obj.Kant.Codec.valHash_length","L1;S31;claim.Kant.Codec.valHash_length","L0;","O4;4;kindS12;lean4-kernel6;digestS64;748cce21391d5551ff2de08f849a351249fd3f4d632d24bbc45efac4c190beb48;locationS34;RequestProject/Kant/Codec/Val.lean8;evidenceS15;MACHINE_CHECKED","RequestProject","O7;13;source_systemS5;lean411;source_fileS34;RequestProject/Kant/Codec/Val.lean13;source_formatS4;text11;imported_atI+0;14;transformed_atI+441;15;transformationsL0;13;parent_objectS0;","d564d4109d724240b930ca61229384d381072a45f63086a6d8171915fc812ab9"
"proof.Kant.SiteCard.cardSvg_caption_recoverable","Kant.SiteCard.cardSvg_caption_recoverable","lean4","VALID","RequestProject/Kant/SiteCard.lean","640","L0;","L0;","elaborated and checked by the Lean kernel","L1;S45;obj.Kant.SiteCard.cardSvg_caption_recoverable","L1;S47;claim.Kant.SiteCard.cardSvg_caption_recoverable","L0;","O4;4;kindS12;lean4-kernel6;digestS64;ecf27d63655d94d896ce066a83470b3fc7459442aa9aaae67d81fabf9e8aa2b58;locationS33;RequestProject/Kant/SiteCard.lean8;evidenceS15;MACHINE_CHECKED","RequestProject","O7;13;source_systemS5;lean411;source_fileS33;RequestProject/Kant/SiteCard.lean13;source_formatS4;text11;imported_atI+0;14;transformed_atI+640;15;transformationsL0;13;parent_objectS0;","2707ac48a760182d48a80eea414d1e4afe9582609e9106a727c830b23bb919c4"
"proof.Kant.CardDebug.userCard_classify","Kant.CardDebug.userCard_classify","lean4","VALID","RequestProject/Kant/CardDebug.lean","387","L1;S23;obj.Kant.CardDebug.Code","L0;","elaborated and checked by the Lean kernel","L1;S36;obj.Kant.CardDebug.userCard_classify","L1;S38;claim.Kant.CardDebug.userCard_classify","L1;S25;proof.Kant.CardDebug.Code","O4;4;kindS12;lean4-kernel6;digestS64;52d319d7ecde7bb90a0fcae38cc3a1868ecd713adf4c2c53c6d4212903ed21a08;locationS34;RequestProject/Kant/CardDebug.lean8;evidenceS15;MACHINE_CHECKED","RequestProject","O7;13;source_systemS5;lean411;source_fileS34;RequestProject/Kant/CardDebug.lean13;source_formatS4;text11;imported_atI+0;14;transformed_atI+387;15;transformationsL0;13;parent_objectS0;","52748706f9d13d0d5f4763cfa198985a46a1e5e84637a5277edd82c37f7e1574"
"proof.Kant.Wasm.Decode.itemsDec.eq_1","Kant.Wasm.Decode.itemsDec.eq_1","lean4","VALID","RequestProject/Wasm/Decode.lean","0","L0;","L0;","elaborated and checked by the Lean kernel","L1;S34;obj.Kant.Wasm.Decode.itemsDec.eq_1","L1;S36;claim.Kant.Wasm.Decode.itemsDec.eq_1","L0;","O4;4;kindS12;lean4-kernel6;digestS64;7a7f03b865b630db6233fe29540f9b18a1792fe0c76afa0d4249967d7e1792528;locationS31;RequestProject/Wasm/Decode.lean8;evidenceS15;MACHINE_CHECKED","RequestProject","O7;13;source_systemS5;lean411;source_fileS31;RequestProject/Wasm/Decode.lean13;source_formatS4;text11;imported_atI+0;14;transformed_atI+0;15;transformationsL0;13;parent_objectS0;","fe1e6c8e1df6f394d0bc90a8ce44825731103c6d846292da550c718cc3222b1d"
"proof.Kant.Wasm.Encode.instr.eq_3","Kant.Wasm.Encode.instr.eq_3","lean4","VALID","RequestProject/Wasm/Decode.lean","0","L1;S26;obj.Kant.Wasm.Encode.instr","L0;","elaborated and checked by the Lean kernel","L1;S31;obj.Kant.Wasm.Encode.instr.eq_3","L1;S33;claim.Kant.Wasm.Encode.instr.eq_3","L1;S28;proof.Kant.Wasm.Encode.instr","O4;4;kindS12;lean4-kernel6;digestS64;2568036a51eb780d7fc701e5f1729dd65ceb801b11dead0f5ea030b71f3acba08;locationS31;RequestProject/Wasm/Decode.lean8;evidenceS15;MACHINE_CHECKED","RequestProject","O7;13;source_systemS5;lean411;source_fileS31;RequestProject/Wasm/Decode.lean13;source_formatS4;text11;imported_atI+0;14;transformed_atI+0;15;transformationsL0;13;parent_objectS0;","ae55bc099b03d06321cd350cf3a73e2056b10ce2459a8529618292bee18e70e6"
"proof.Kant.CodeMovie.Circuit.and.inj","Kant.CodeMovie.Circuit.and.inj","lean4","VALID","RequestProject/Kant/CodeMovie.lean","0","L1;S42;obj.Kant.CodeMovie.Circuit.and.noConfusion","L0;","elaborated and checked by the Lean kernel","L1;S34;obj.Kant.CodeMovie.Circuit.and.inj","L1;S36;claim.Kant.CodeMovie.Circuit.and.inj","L1;S44;proof.Kant.CodeMovie.Circuit.and.noConfusion","O4;4;kindS12;lean4-kernel6;digestS64;41481de96f1185310662fa44251a275e4ed0957403cfb0276c64ba701379201c8;locationS34;RequestProject/Kant/CodeMovie.lean8;evidenceS15;MACHINE_CHECKED","RequestProject","O7;13;source_systemS5;lean411;source_fileS34;RequestProject/Kant/CodeMovie.lean13;source_formatS4;text11;imported_atI+0;14;transformed_atI+0;15;transformationsL0;13;parent_objectS0;","093cff79fea8024c2aa10da775b1acff19a80d4fed4b827215674a15a09d6da5"
"proof.Kant.Codec.digitsFold.eq_2","Kant.Codec.digitsFold.eq_2","lean4","VALID","RequestProject/Kant/Codec/Val.lean","0","L0;","L0;","elaborated and checked by the Lean kernel","L1;S30;obj.Kant.Codec.digitsFold.eq_2","L1;S32;claim.Kant.Codec.digitsFold.eq_2","L0;","O4;4;kindS12;lean4-kernel6;digestS64;a9ea6c21f0f6d5b9df77da5c7249d47ad876c585eb4aaf1b7cd17ce226b5bca48;locationS34;RequestProject/Kant/Codec/Val.lean8;evidenceS15;MACHINE_CHECKED","RequestProject","O7;13;source_systemS5;lean411;source_fileS34;RequestProject/Kant/Codec/Val.lean13;source_formatS4;text11;imported_atI+0;14;transformed_atI+0;15;transformationsL0;13;parent_objectS0;","b857758a8664a207fcf580d90ca541f4ad7aec44f548ae6d6a86886bc430e4da"
"proof.Kant.Uucp.Node.sneakernet_nodup","Kant.Uucp.Node.sneakernet_nodup","lean4","VALID","RequestProject/Kant/Uucp.lean","486","L0;","L0;","elaborated and checked by the Lean kernel","L1;S35;obj.Kant.Uucp.Node.sneakernet_nodup","L1;S37;claim.Kant.Uucp.Node.sneakernet_nodup","L0;","O4;4;kindS12;lean4-kernel6;digestS64;e5d8ca9d6e1f9f5390295bc99e20cb04019bec7bcccd114d9d04033d8848ef0e8;locationS29;RequestProject/Kant/Uucp.lean8;evidenceS15;MACHINE_CHECKED","RequestProject","O7;13;source_systemS5;lean411;source_fileS29;RequestProject/Kant/Uucp.lean13;source_formatS4;text11;imported_atI+0;14;transformed_atI+486;15;transformationsL0;13;parent_objectS0;","631c93fba2917752809eaec91ec4965593f3fc0f6704214c99698c26f212174f"
"proof.Kant.Dom.metaVal.eq_1","Kant.Dom.metaVal.eq_1","lean4","VALID","RequestProject/Kant/Domain/Emit.lean","0","L0;","L0;","elaborated and checked by the Lean kernel","L1;S25;obj.Kant.Dom.metaVal.eq_1","L1;S27;claim.Kant.Dom.metaVal.eq_1","L0;","O4;4;kindS12;lean4-kernel6;digestS64;ec61f999fd29b61b9425bace90f846143e1d8167bf7971d9282aa4d21052234a8;locationS36;RequestProject/Kant/Domain/Emit.lean8;evidenceS15;MACHINE_CHECKED","RequestProject","O7;13;source_systemS5;lean411;source_fileS36;RequestProject/Kant/Domain/Emit.lean13;source_formatS4;text11;imported_atI+0;14;transformed_atI+0;15;transformationsL0;13;parent_objectS0;","2b09d443d76610b7915cde66a116aa848d0d2b0477b0cd9d502d8977c876f36a"
"proof.Kant.Dom.Rel.outputOf.sizeOf_spec","Kant.Dom.Rel.outputOf.sizeOf_spec","lean4","VALID","RequestProject/Kant/Domain/Model.lean","0","L0;","L0;","elaborated and checked by the Lean kernel","L1;S37;obj.Kant.Dom.Rel.outputOf.sizeOf_spec","L1;S39;claim.Kant.Dom.Rel.outputOf.sizeOf_spec","L0;","O4;4;kindS12;lean4-kernel6;digestS64;fd448387040211e2019e762455aef2259e5b8c0d3b03871ca8388fd3a3fdfadf8;locationS37;RequestProject/Kant/Domain/Model.lean8;evidenceS15;MACHINE_CHECKED","RequestProject","O7;13;source_systemS5;lean411;source_fileS37;RequestProject/Kant/Domain/Model.lean13;source_formatS4;text11;imported_atI+0;14;transformed_atI+0;15;transformationsL0;13;parent_objectS0;","1d405ab0347cbf5cd8b8c8a5dfcd9cdf41171cdefd711a221a958db49dc2c525"
"proof.Kant.Cli.Cmd.link.sizeOf_spec","Kant.Cli.Cmd.link.sizeOf_spec","lean4","VALID","RequestProject/Kant/Cli.lean","0","L0;","L0;","elaborated and checked by the Lean kernel","L1;S33;obj.Kant.Cli.Cmd.link.sizeOf_spec","L1;S35;claim.Kant.Cli.Cmd.link.sizeOf_spec","L0;","O4;4;kindS12;lean4-kernel6;digestS64;958a7f55f603adcfbdf0f99bf744da2c5f6618f9513b01d5818ecb8a6c2b01328;locationS28;RequestProject/Kant/Cli.lean8;evidenceS15;MACHINE_CHECKED","RequestProject","O7;13;source_systemS5;lean411;source_fileS28;RequestProject/Kant/Cli.lean13;source_formatS4;text11;imported_atI+0;14;transformed_atI+0;15;transformationsL0;13;parent_objectS0;","16066fa4e7cc36b9e4021b2917674d26ffd021af163384d3bb1761da4736a640"
"proof.Kant.Dom.metaRow.eq_1","Kant.Dom.metaRow.eq_1","lean4","VALID","RequestProject/Kant/Domain/Table.lean","0","L1;S24;obj.Kant.Dom.Domain.hash","L0;","elaborated and checked by the Lean kernel","L1;S25;obj.Kant.Dom.metaRow.eq_1","L1;S27;claim.Kant.Dom.metaRow.eq_1","L1;S26;proof.Kant.Dom.Domain.hash","O4;4;kindS12;lean4-kernel6;digestS64;beea1b70e58ff652fe21fc34acc0e08998ee92b32f43c554ded4f0dcbdbd8ad38;locationS37;RequestProject/Kant/Domain/Table.lean8;evidenceS15;MACHINE_CHECKED","RequestProject","O7;13;source_systemS5;lean411;source_fileS37;RequestProject/Kant/Domain/Table.lean13;source_formatS4;text11;imported_atI+0;14;transformed_atI+0;15;transformationsL0;13;parent_objectS0;","bf5f31b729160719e679ca80440b57d65abd19fd9b7d0d93aca8b651db9db550"
"proof.Kant.Wasm.Decode.bytesN.eq_1","Kant.Wasm.Decode.bytesN.eq_1","lean4","VALID","RequestProject/Wasm/Decode.lean","0","L0;","L0;","elaborated and checked by the Lean kernel","L1;S32;obj.Kant.Wasm.Decode.bytesN.eq_1","L1;S34;claim.Kant.Wasm.Decode.bytesN.eq_1","L0;","O4;4;kindS12;lean4-kernel6;digestS64;27a80e73d1a0fcfa3d36da8938a76d414fef05571061dbe4e12d55f70b7555b38;locationS31;RequestProject/Wasm/Decode.lean8;evidenceS15;MACHINE_CHECKED","RequestProject","O7;13;source_systemS5;lean411;source_fileS31;RequestProject/Wasm/Decode.lean13;source_formatS4;text11;imported_atI+0;14;transformed_atI+0;15;transformationsL0;13;parent_objectS0;","fef4fa570049bb5c521b73a0bdcb033f4356da32f04ec1e2bdb6f81fcd1a11c5"
"proof.Kant.Join.splitCh_append_general","Kant.Join.splitCh_append_general","lean4","VALID","RequestProject/Kant/Join.lean","150","L0;","L0;","elaborated and checked by the Lean kernel","L1;S36;obj.Kant.Join.splitCh_append_general","L1;S38;claim.Kant.Join.splitCh_append_general","L0;","O4;4;kindS12;lean4-kernel6;digestS64;9b9c3331e2b202a933b72e987aa453fab4a21a19d98f8d939d0831e957f2462c8;locationS29;RequestProject/Kant/Join.lean8;evidenceS15;MACHINE_CHECKED","RequestProject","O7;13;source_systemS5;lean411;source_fileS29;RequestProject/Kant/Join.lean13;source_formatS4;text11;imported_atI+0;14;transformed_atI+150;15;transformationsL0;13;parent_objectS0;","ae8f7a6a4c9c280726d447caf52d5484a7ff9ef78f7fb64df862a73055d3514a"
"proof.Kant.Relay.ofMsg.eq_1","Kant.Relay.ofMsg.eq_1","lean4","VALID","RequestProject/Kant/Relay.lean","0","L1;S24;obj.Kant.Text.asciiBytes","L0;","elaborated and checked by the Lean kernel","L1;S25;obj.Kant.Relay.ofMsg.eq_1","L1;S27;claim.Kant.Relay.ofMsg.eq_1","L1;S26;proof.Kant.Text.asciiBytes","O4;4;kindS12;lean4-kernel6;digestS64;26637f45e51980d83d450bc06348091fb90b3351e050a596787f1a7be55404d58;locationS30;RequestProject/Kant/Relay.lean8;evidenceS15;MACHINE_CHECKED","RequestProject","O7;13;source_systemS5;lean411;source_fileS30;RequestProject/Kant/Relay.lean13;source_formatS4;text11;imported_atI+0;14;transformed_atI+0;15;transformationsL0;13;parent_objectS0;","9219d9e67e684faed09f66a8a772f7a15ed2b15578a05248811d0d7847956fbb"
"proof.Kant.ShareLog.logPaste_witness","Kant.ShareLog.logPaste_witness","lean4","VALID","RequestProject/Kant/ShareLog.lean","137","L2;S27;obj.Kant.Diagnostics.ReportS24;obj.Kant.Text.asciiBytes","L0;","elaborated and checked by the Lean kernel","L1;S34;obj.Kant.ShareLog.logPaste_witness","L1;S36;claim.Kant.ShareLog.logPaste_witness","L2;S29;proof.Kant.Diagnostics.ReportS26;proof.Kant.Text.asciiBytes","O4;4;kindS12;lean4-kernel6;digestS64;a7150296a9dd4bb6022d5a348463003dc5a112f0d5af4840797ec8e4bae25d5f8;locationS33;RequestProject/Kant/ShareLog.lean8;evidenceS15;MACHINE_CHECKED","RequestProject","O7;13;source_systemS5;lean411;source_fileS33;RequestProject/Kant/ShareLog.lean13;source_formatS4;text11;imported_atI+0;14;transformed_atI+137;15;transformationsL0;13;parent_objectS0;","5304e87d4f50caabbf51873408961b484a0d818aca2acff12fed014537599b8e"
"proof.Kant.Codec.detect_ipdlText","Kant.Codec.detect_ipdlText","lean4","VALID","RequestProject/Kant/Codec/RawText.lean","207","L2;S25;obj.Kant.Codec.ipdlHeaderS25;obj.Kant.Codec.yamlDecode","L0;","elaborated and checked by the Lean kernel","L1;S30;obj.Kant.Codec.detect_ipdlText","L1;S32;claim.Kant.Codec.detect_ipdlText","L2;S27;proof.Kant.Codec.ipdlHeaderS27;proof.Kant.Codec.yamlDecode","O4;4;kindS12;lean4-kernel6;digestS64;9817116d8cf707e7ef57368f62acaed006977b5668bb5a5d707873a33e030a8e8;locationS38;RequestProject/Kant/Codec/RawText.lean8;evidenceS15;MACHINE_CHECKED","RequestProject","O7;13;source_systemS5;lean411;source_fileS38;RequestProject/Kant/Codec/RawText.lean13;source_formatS4;text11;imported_atI+0;14;transformed_atI+207;15;transformationsL0;13;parent_objectS0;","9d657a3be7720adbf395e0f27f458388954855de202c9701a809150b767a8dae"
"proof.Kant.Codec.digitVal.eq_2","Kant.Codec.digitVal.eq_2","lean4","VALID","RequestProject/Kant/Codec/Yaml.lean","0","L0;","L0;","elaborated and checked by the Lean kernel","L1;S28;obj.Kant.Codec.digitVal.eq_2","L1;S30;claim.Kant.Codec.digitVal.eq_2","L0;","O4;4;kindS12;lean4-kernel6;digestS64;c2572b6d4a07305614aaecae41d0ef290114e24e6f2ac3f03b51bee8cc4325c38;locationS35;RequestProject/Kant/Codec/Yaml.lean8;evidenceS15;MACHINE_CHECKED","RequestProject","O7;13;source_systemS5;lean411;source_fileS35;RequestProject/Kant/Codec/Yaml.lean13;source_formatS4;text11;imported_atI+0;14;transformed_atI+0;15;transformationsL0;13;parent_objectS0;","4c864fd4206dd4a4847949ca1833baa74e2bd12b0d7335ea971cc366e04c126d"
"proof.Kant.Dasl.mergeCids_assoc","Kant.Dasl.mergeCids_assoc","lean4","VALID","RequestProject/Kant/Dasl.lean","367","L0;","L0;","elaborated and checked by the Lean kernel","L1;S29;obj.Kant.Dasl.mergeCids_assoc","L1;S31;claim.Kant.Dasl.mergeCids_assoc","L0;","O4;4;kindS12;lean4-kernel6;digestS64;9a02b61cf828aa3e83931eed35c3d59dc0826637ce9538a80152a2e262b08c7f8;locationS29;RequestProject/Kant/Dasl.lean8;evidenceS15;MACHINE_CHECKED","RequestProject","O7;13;source_systemS5;lean411;source_fileS29;RequestProject/Kant/Dasl.lean13;source_formatS4;text11;imported_atI+0;14;transformed_atI+367;15;transformationsL0;13;parent_objectS0;","8d0785bdffc11eed3261cd68c6a15a2a0ceae0acfcd423e7fd9f3d82abc158a4"
"proof.Kant.CardDebug.cardWarnings_nil","Kant.CardDebug.cardWarnings_nil","lean4","VALID","RequestProject/Kant/CardDebug.lean","357","L1;S31;obj.Kant.CardDebug.cardWarnings","L0;","elaborated and checked by the Lean kernel","L1;S35;obj.Kant.CardDebug.cardWarnings_nil","L1;S37;claim.Kant.CardDebug.cardWarnings_nil","L1;S33;proof.Kant.CardDebug.cardWarnings","O4;4;kindS12;lean4-kernel6;digestS64;aba25a7ca6e26910dcf22c25bf70f20ff9aba9cceb76e366e73066a04d3be4dd8;locationS34;RequestProject/Kant/CardDebug.lean8;evidenceS15;MACHINE_CHECKED","RequestProject","O7;13;source_systemS5;lean411;source_fileS34;RequestProject/Kant/CardDebug.lean13;source_formatS4;text11;imported_atI+0;14;transformed_atI+357;15;transformationsL0;13;parent_objectS0;","206d4216d9f500f03b1bc62d09579d83400647a50ae503167f8bc71c82a0eb29"
"proof.Kant.Diagnostics.printEvent_ne_nil","Kant.Diagnostics.printEvent_ne_nil","lean4","VALID","RequestProject/Kant/Diagnostics.lean","357","L0;","L0;","elaborated and checked by the Lean kernel","L1;S38;obj.Kant.Diagnostics.printEvent_ne_nil","L1;S40;claim.Kant.Diagnostics.printEvent_ne_nil","L0;","O4;4;kindS12;lean4-kernel6;digestS64;7e8dc912d56ddada1a48a417ed9a41094bd98e4bd885b4e471d7a27273750d4b8;locationS36;RequestProject/Kant/Diagnostics.lean8;evidenceS15;MACHINE_CHECKED","RequestProject","O7;13;source_systemS5;lean411;source_fileS36;RequestProject/Kant/Diagnostics.lean13;source_formatS4;text11;imported_atI+0;14;transformed_atI+357;15;transformationsL0;13;parent_objectS0;","35f3b99df4c0c1519051960009853b1e84dc867932022a6b3f3f221f416720b8"
"proof.Kant.Dom.metaTable.eq_1","Kant.Dom.metaTable.eq_1","lean4","VALID","RequestProject/Kant/Domain/Table.lean","0","L0;","L0;","elaborated and checked by the Lean kernel","L1;S27;obj.Kant.Dom.metaTable.eq_1","L1;S29;claim.Kant.Dom.metaTable.eq_1","L0;","O4;4;kindS12;lean4-kernel6;digestS64;ea4a97936b63032a53ba9678898007f94e225c0c5667bf2cea35069f3538a6838;locationS37;RequestProject/Kant/Domain/Table.lean8;evidenceS15;MACHINE_CHECKED","RequestProject","O7;13;source_systemS5;lean411;source_fileS37;RequestProject/Kant/Domain/Table.lean13;source_formatS4;text11;imported_atI+0;14;transformed_atI+0;15;transformationsL0;13;parent_objectS0;","98e2af52fd9d52d9c8547c6f06fda816cb5ce71e44f459d326532566d0d76a10"
"proof.Kant.Dasl.cidPrefix_mkCid","Kant.Dasl.cidPrefix_mkCid","lean4","VALID","RequestProject/Kant/Dasl.lean","94","L0;","L0;","elaborated and checked by the Lean kernel","L1;S29;obj.Kant.Dasl.cidPrefix_mkCid","L1;S31;claim.Kant.Dasl.cidPrefix_mkCid","L0;","O4;4;kindS12;lean4-kernel6;digestS64;f49b0b99ad99c409065ccc29622e34fac0c27bac76b17d73b22972b9679ed9bc8;locationS29;RequestProject/Kant/Dasl.lean8;evidenceS15;MACHINE_CHECKED","RequestProject","O7;13;source_systemS5;lean411;source_fileS29;RequestProject/Kant/Dasl.lean13;source_formatS4;text11;imported_atI+0;14;transformed_atI+94;15;transformationsL0;13;parent_objectS0;","54e1cb8f436fda3b4c5d5f4b9e2c9fd8a6cda9dc4cbc2d41f7859f688135f8de"
"proof.Kant.Dasl.bottCoords_length","Kant.Dasl.bottCoords_length","lean4","VALID","RequestProject/Kant/Dasl.lean","301","L0;","L0;","elaborated and checked by the Lean kernel","L1;S31;obj.Kant.Dasl.bottCoords_length","L1;S33;claim.Kant.Dasl.bottCoords_length","L0;","O4;4;kindS12;lean4-kernel6;digestS64;83365ac19c66eb9901f3aab657a590062c30c136e645f2b338e4997f230382a08;locationS29;RequestProject/Kant/Dasl.lean8;evidenceS15;MACHINE_CHECKED","RequestProject","O7;13;source_systemS5;lean411;source_fileS29;RequestProject/Kant/Dasl.lean13;source_formatS4;text11;imported_atI+0;14;transformed_atI+301;15;transformationsL0;13;parent_objectS0;","ccd189b2eea5b9c9a2ceb4c8c6703e869157a60ef585ed43f3d5bb47dd391880"
"proof.Kant.CodeMovie.Circuit.inp.inj","Kant.CodeMovie.Circuit.inp.inj","lean4","VALID","RequestProject/Kant/CodeMovie.lean","0","L0;","L0;","elaborated and checked by the Lean kernel","L1;S34;obj.Kant.CodeMovie.Circuit.inp.inj","L1;S36;claim.Kant.CodeMovie.Circuit.inp.inj","L0;","O4;4;kindS12;lean4-kernel6;digestS64;709fb73c006d2c9ad9974d6d3707d73d04590f81220b8318690fcf189b4abf038;locationS34;RequestProject/Kant/CodeMovie.lean8;evidenceS15;MACHINE_CHECKED","RequestProject","O7;13;source_systemS5;lean411;source_fileS34;RequestProject/Kant/CodeMovie.lean13;source_formatS4;text11;imported_atI+0;14;transformed_atI+0;15;transformationsL0;13;parent_objectS0;","cf6ff7512b7545d2bc150760e818c825718b97aed7d57bac4fae6d2c9bef947f"
"proof.Kant.Uucp.readParts.eq_2","Kant.Uucp.readParts.eq_2","lean4","VALID","RequestProject/Kant/Uucp.lean","0","L0;","L0;","elaborated and checked by the Lean kernel","L1;S28;obj.Kant.Uucp.readParts.eq_2","L1;S30;claim.Kant.Uucp.readParts.eq_2","L0;","O4;4;kindS12;lean4-kernel6;digestS64;efbd5ed6ad2dab320c377b1e56ed2b911d77201c0ac0e4249f21d8eeed8c351b8;locationS29;RequestProject/Kant/Uucp.lean8;evidenceS15;MACHINE_CHECKED","RequestProject","O7;13;source_systemS5;lean411;source_fileS29;RequestProject/Kant/Uucp.lean13;source_formatS4;text11;imported_atI+0;14;transformed_atI+0;15;transformationsL0;13;parent_objectS0;","13213eaee2f790be88f960b32de80561fed2bb2da55646f89a7a16ccc0b4701b"
"proof.Kant.PlainText.copyPlainWithMeta.eq_1","Kant.PlainText.copyPlainWithMeta.eq_1","lean4","VALID","RequestProject/Kant/PlainText.lean","0","L0;","L0;","elaborated and checked by the Lean kernel","L1;S41;obj.Kant.PlainText.copyPlainWithMeta.eq_1","L1;S43;claim.Kant.PlainText.copyPlainWithMeta.eq_1","L0;","O4;4;kindS12;lean4-kernel6;digestS64;ae978e4f241db43d3fde1aee3472491ed024257fa5a8ab475fe8d5d22d1b73308;locationS34;RequestProject/Kant/PlainText.lean8;evidenceS15;MACHINE_CHECKED","RequestProject","O7;13;source_systemS5;lean411;source_fileS34;RequestProject/Kant/PlainText.lean13;source_formatS4;text11;imported_atI+0;14;transformed_atI+0;15;transformationsL0;13;parent_objectS0;","c66ff2594a57172032a8f9d784673213ce6d4d1217c856c6caf936576955abb9"
"proof.Kant.Dom.validated_matches_ledger","Kant.Dom.validated_matches_ledger","lean4","VALID","RequestProject/Kant/Domain/Policy.lean","186","L0;","L0;","elaborated and checked by the Lean kernel","L1;S37;obj.Kant.Dom.validated_matches_ledger","L1;S39;claim.Kant.Dom.validated_matches_ledger","L0;","O4;4;kindS12;lean4-kernel6;digestS64;13cb3ae61fe3c2938ecb04613fbb538c83b6405776952fe97dea894b7be12c1a8;locationS38;RequestProject/Kant/Domain/Policy.lean8;evidenceS15;MACHINE_CHECKED","RequestProject","O7;13;source_systemS5;lean411;source_fileS38;RequestProject/Kant/Domain/Policy.lean13;source_formatS4;text11;imported_atI+0;14;transformed_atI+186;15;transformationsL0;13;parent_objectS0;","c40bd6d6531373ae9fa8f5d47a4e6a41ca002e7b3fd9f00836ab39a7bbb7371b"
"proof.Kant.Cli.digitsValue_cursorQueryTail","Kant.Cli.digitsValue_cursorQueryTail","lean4","VALID","RequestProject/Kant/Cli.lean","273","L2;S25;obj.Kant.Text.digitsValueS31;obj.Kant.Cli.digitsValue_append","L0;","elaborated and checked by the Lean kernel","L1;S40;obj.Kant.Cli.digitsValue_cursorQueryTail","L1;S42;claim.Kant.Cli.digitsValue_cursorQueryTail","L2;S27;proof.Kant.Text.digitsValueS33;proof.Kant.Cli.digitsValue_append","O4;4;kindS12;lean4-kernel6;digestS64;18a434b81e2d54a53581b29d04283bbec18f8441af180eaf6fffec9987630f008;locationS28;RequestProject/Kant/Cli.lean8;evidenceS15;MACHINE_CHECKED","RequestProject","O7;13;source_systemS5;lean411;source_fileS28;RequestProject/Kant/Cli.lean13;source_formatS4;text11;imported_atI+0;14;transformed_atI+273;15;transformationsL0;13;parent_objectS0;","e45c4bd2d0a68d21ceb67f711bc1ad4e58aaf7c27c3c9ffb14390f5e7843eda8"
"proof.Kant.Codec.project_embed","Kant.Codec.project_embed","lean4","VALID","RequestProject/Kant/Codec/Ipdl.lean","193","L0;","L0;","elaborated and checked by the Lean kernel","L1;S28;obj.Kant.Codec.project_embed","L1;S30;claim.Kant.Codec.project_embed","L0;","O4;4;kindS12;lean4-kernel6;digestS64;1257db05f831550e819d126955f41c1d3b0e7bed0f59b990b61a3cf2146212c78;locationS35;RequestProject/Kant/Codec/Ipdl.lean8;evidenceS15;MACHINE_CHECKED","RequestProject","O7;13;source_systemS5;lean411;source_fileS35;RequestProject/Kant/Codec/Ipdl.lean13;source_formatS4;text11;imported_atI+0;14;transformed_atI+193;15;transformationsL0;13;parent_objectS0;","d177c89c23deffa1ada9253432fb235ee3982f7f3a37935b190ee64f93ed3c98"
"proof.Kant.CardDebug.cardWarnings.eq_1","Kant.CardDebug.cardWarnings.eq_1","lean4","VALID","RequestProject/Kant/CardDebug.lean","0","L1;S31;obj.Kant.CardDebug.cardWarnings","L0;","elaborated and checked by the Lean kernel","L1;S36;obj.Kant.CardDebug.cardWarnings.eq_1","L1;S38;claim.Kant.CardDebug.cardWarnings.eq_1","L1;S33;proof.Kant.CardDebug.cardWarnings","O4;4;kindS12;lean4-kernel6;digestS64;191cc7e69d546ba4a303a78d03765f0bd1f7fa5de54a84baa3ae44c7a559fa698;locationS34;RequestProject/Kant/CardDebug.lean8;evidenceS15;MACHINE_CHECKED","RequestProject","O7;13;source_systemS5;lean411;source_fileS34;RequestProject/Kant/CardDebug.lean13;source_formatS4;text11;imported_atI+0;14;transformed_atI+0;15;transformationsL0;13;parent_objectS0;","1fa4b5b9f9eab06a459abbad2b5177fdf14df9472a342644f967301d28755057"
"proof.Kant.Codec.optVal.eq_1","Kant.Codec.optVal.eq_1","lean4","VALID","RequestProject/Kant/Codec/Model.lean","0","L0;","L0;","elaborated and checked by the Lean kernel","L1;S26;obj.Kant.Codec.optVal.eq_1","L1;S28;claim.Kant.Codec.optVal.eq_1","L0;","O4;4;kindS12;lean4-kernel6;digestS64;8249f09aa04f64440adc634d1985eeff2653afcc3a3483969151171756470a098;locationS36;RequestProject/Kant/Codec/Model.lean8;evidenceS15;MACHINE_CHECKED","RequestProject","O7;13;source_systemS5;lean411;source_fileS36;RequestProject/Kant/Codec/Model.lean13;source_formatS4;text11;imported_atI+0;14;transformed_atI+0;15;transformationsL0;13;parent_objectS0;","08e39c9198201b5ec034b8d9f3d06131e0c39ecf59868c7888720ff551e527cb"
"proof.Kant.InviteCard.inviteUrl_fits_qr","Kant.InviteCard.inviteUrl_fits_qr","lean4","VALID","RequestProject/Kant/InviteCard.lean","258","L0;","L0;","elaborated and checked by the Lean kernel","L1;S37;obj.Kant.InviteCard.inviteUrl_fits_qr","L1;S39;claim.Kant.InviteCard.inviteUrl_fits_qr","L0;","O4;4;kindS12;lean4-kernel6;digestS64;84d163a8a9d8af8785bcf793975663d4d3312cc4798ae1594ce6dea830be66ce8;locationS35;RequestProject/Kant/InviteCard.lean8;evidenceS15;MACHINE_CHECKED","RequestProject","O7;13;source_systemS5;lean411;source_fileS35;RequestProject/Kant/InviteCard.lean13;source_formatS4;text11;imported_atI+0;14;transformed_atI+258;15;transformationsL0;13;parent_objectS0;","76326b09514f4eb654fda1bbf138c5f9ad63b838ba9681f02a2877fb5e370233"
"proof.Kant.Wasm.Expr.compile.eq_2","Kant.Wasm.Expr.compile.eq_2","lean4","VALID","RequestProject/Wasm/Semantics.lean","0","L0;","L0;","elaborated and checked by the Lean kernel","L1;S31;obj.Kant.Wasm.Expr.compile.eq_2","L1;S33;claim.Kant.Wasm.Expr.compile.eq_2","L0;","O4;4;kindS12;lean4-kernel6;digestS64;8dd5d9d689b7ea368837fa2e63db25c5002a1f1fa3b38458e62a0c5a678d186f8;locationS34;RequestProject/Wasm/Semantics.lean8;evidenceS15;MACHINE_CHECKED","RequestProject","O7;13;source_systemS5;lean411;source_fileS34;RequestProject/Wasm/Semantics.lean13;source_formatS4;text11;imported_atI+0;14;transformed_atI+0;15;transformationsL0;13;parent_objectS0;","a3933f4826f5980bbe9a8395be5d2af892826819832a6b319fffad1bbe850f9e"
"proof.Kant.Clipboard.parseOptField.eq_1","Kant.Clipboard.parseOptField.eq_1","lean4","VALID","RequestProject/Kant/Clipboard.lean","0","L0;","L0;","elaborated and checked by the Lean kernel","L1;S37;obj.Kant.Clipboard.parseOptField.eq_1","L1;S39;claim.Kant.Clipboard.parseOptField.eq_1","L0;","O4;4;kindS12;lean4-kernel6;digestS64;0a043f1cbf82965276949ffdfbc800a5d1042eb9a22f356cd02eed44566eecbf8;locationS34;RequestProject/Kant/Clipboard.lean8;evidenceS15;MACHINE_CHECKED","RequestProject","O7;13;source_systemS5;lean411;source_fileS34;RequestProject/Kant/Clipboard.lean13;source_formatS4;text11;imported_atI+0;14;transformed_atI+0;15;transformationsL0;13;parent_objectS0;","f67d3987fea02039aaaf39db9b019ca6a39cd13c2370631313992ab7ba666c80"
"proof.Kant.Onboarding.Event.unhush.sizeOf_spec","Kant.Onboarding.Event.unhush.sizeOf_spec","lean4","VALID","RequestProject/Kant/Onboarding.lean","0","L0;","L0;","elaborated and checked by the Lean kernel","L1;S44;obj.Kant.Onboarding.Event.unhush.sizeOf_spec","L1;S46;claim.Kant.Onboarding.Event.unhush.sizeOf_spec","L0;","O4;4;kindS12;lean4-kernel6;digestS64;7e501c2b97ab258e63aaf411baf2415171b42fc1cf971f487023cb284acf120b8;locationS35;RequestProject/Kant/Onboarding.lean8;evidenceS15;MACHINE_CHECKED","RequestProject","O7;13;source_systemS5;lean411;source_fileS35;RequestProject/Kant/Onboarding.lean13;source_formatS4;text11;imported_atI+0;14;transformed_atI+0;15;transformationsL0;13;parent_objectS0;","6fc6dadb92c565314ea9531a504ab18e8b8daf07390da3ebef15f0e0c519bac8"
"proof.Kant.Sync.Source.archiveOrg.sizeOf_spec","Kant.Sync.Source.archiveOrg.sizeOf_spec","lean4","VALID","RequestProject/Kant/Sync.lean","0","L0;","L0;","elaborated and checked by the Lean kernel","L1;S43;obj.Kant.Sync.Source.archiveOrg.sizeOf_spec","L1;S45;claim.Kant.Sync.Source.archiveOrg.sizeOf_spec","L0;","O4;4;kindS12;lean4-kernel6;digestS64;c7e2059c039bf62b6d8fd34de6ff87280534c28705cc9771538f9bc086a1f6ee8;locationS29;RequestProject/Kant/Sync.lean8;evidenceS15;MACHINE_CHECKED","RequestProject","O7;13;source_systemS5;lean411;source_fileS29;RequestProject/Kant/Sync.lean13;source_formatS4;text11;imported_atI+0;14;transformed_atI+0;15;transformationsL0;13;parent_objectS0;","57d3da5099fcb464be8f7b82cc9014a7f1a2c405346cd1ea1722ed0a4334c7ad"
"proof.Kant.CodeMovie.ungodel.eq_def","Kant.CodeMovie.ungodel.eq_def","lean4","VALID","RequestProject/Kant/CodeMovie.lean","0","L0;","L0;","elaborated and checked by the Lean kernel","L1;S33;obj.Kant.CodeMovie.ungodel.eq_def","L1;S35;claim.Kant.CodeMovie.ungodel.eq_def","L0;","O4;4;kindS12;lean4-kernel6;digestS64;0cbbfadcd41e30e6508b73b6b113001da06483c94f6b6f18aeb1f6b91e19c8478;locationS34;RequestProject/Kant/CodeMovie.lean8;evidenceS15;MACHINE_CHECKED","RequestProject","O7;13;source_systemS5;lean411;source_fileS34;RequestProject/Kant/CodeMovie.lean13;source_formatS4;text11;imported_atI+0;14;transformed_atI+0;15;transformationsL0;13;parent_objectS0;","4812ddbd97ca5531d24065023811297e55f47a5361c5b2cbc969007ec6cec918"
"proof.Kant.Dom.recombine.eq_2","Kant.Dom.recombine.eq_2","lean4","VALID","RequestProject/Kant/Domain/Emit.lean","0","L0;","L0;","elaborated and checked by the Lean kernel","L1;S27;obj.Kant.Dom.recombine.eq_2","L1;S29;claim.Kant.Dom.recombine.eq_2","L0;","O4;4;kindS12;lean4-kernel6;digestS64;5ad8f06c8cdbe426ecbac4c48413b1856fe2293f104798f4d741d9f05b10bd238;locationS36;RequestProject/Kant/Domain/Emit.lean8;evidenceS15;MACHINE_CHECKED","RequestProject","O7;13;source_systemS5;lean411;source_fileS36;RequestProject/Kant/Domain/Emit.lean13;source_formatS4;text11;imported_atI+0;14;transformed_atI+0;15;transformationsL0;13;parent_objectS0;","c81b0585ae89dab649568f98921eb0c91e89cf082148ccd0cdba7077bf5362e3"
"proof.Kant.Clipboard.toPastes.eq_1","Kant.Clipboard.toPastes.eq_1","lean4","VALID","RequestProject/Kant/Clipboard.lean","0","L0;","L0;","elaborated and checked by the Lean kernel","L1;S32;obj.Kant.Clipboard.toPastes.eq_1","L1;S34;claim.Kant.Clipboard.toPastes.eq_1","L0;","O4;4;kindS12;lean4-kernel6;digestS64;e6dce1149cd01567b9f6044f4d08b7e8b61f4cb446c4cd555d9ae4c0bd3fa4fe8;locationS34;RequestProject/Kant/Clipboard.lean8;evidenceS15;MACHINE_CHECKED","RequestProject","O7;13;source_systemS5;lean411;source_fileS34;RequestProject/Kant/Clipboard.lean13;source_formatS4;text11;imported_atI+0;14;transformed_atI+0;15;transformationsL0;13;parent_objectS0;","96a9bb8f7440076204e5c7b901f70f35b16c0b202a0b40bc6f851aa9bf3cd28f"
"proof.Kant.Dom.relationsVal.eq_1","Kant.Dom.relationsVal.eq_1","lean4","VALID","RequestProject/Kant/Domain/Emit.lean","0","L0;","L0;","elaborated and checked by the Lean kernel","L1;S30;obj.Kant.Dom.relationsVal.eq_1","L1;S32;claim.Kant.Dom.relationsVal.eq_1","L0;","O4;4;kindS12;lean4-kernel6;digestS64;b996e141b0b4257095bee51fc79507af4c8280ed9b57078e528e33a61ab0f9258;locationS36;RequestProject/Kant/Domain/Emit.lean8;evidenceS15;MACHINE_CHECKED","RequestProject","O7;13;source_systemS5;lean411;source_fileS36;RequestProject/Kant/Domain/Emit.lean13;source_formatS4;text11;imported_atI+0;14;transformed_atI+0;15;transformationsL0;13;parent_objectS0;","9ab861ebad1842c23c4f76b48cb26075e49eb06a80a1f51ccfce42b1ca05facf"
"proof.Kant.CodeMovie.Circuit.tokens.eq_def","Kant.CodeMovie.Circuit.tokens.eq_def","lean4","VALID","RequestProject/Kant/CodeMovie.lean","0","L0;","L0;","elaborated and checked by the Lean kernel","L1;S40;obj.Kant.CodeMovie.Circuit.tokens.eq_def","L1;S42;claim.Kant.CodeMovie.Circuit.tokens.eq_def","L0;","O4;4;kindS12;lean4-kernel6;digestS64;f538817029c1cbbe8bd19021a68ab8451deefc4b2206d7c0993dbc1a25b2af8f8;locationS34;RequestProject/Kant/CodeMovie.lean8;evidenceS15;MACHINE_CHECKED","RequestProject","O7;13;source_systemS5;lean411;source_fileS34;RequestProject/Kant/CodeMovie.lean13;source_formatS4;text11;imported_atI+0;14;transformed_atI+0;15;transformationsL0;13;parent_objectS0;","62e2b4967ad0eb6bd962dfd72e13b7f880c508106d54351170f61e85546f7e1e"
"proof.Kant.PlainText.dropWhile_append_sep","Kant.PlainText.dropWhile_append_sep","lean4","VALID","RequestProject/Kant/PlainText.lean","306","L0;","L0;","elaborated and checked by the Lean kernel","L1;S39;obj.Kant.PlainText.dropWhile_append_sep","L1;S41;claim.Kant.PlainText.dropWhile_append_sep","L0;","O4;4;kindS12;lean4-kernel6;digestS64;04c43f929a8b488a2f73c57286b6ce850b96608167d9b4e43a58b3f2a1723ebf8;locationS34;RequestProject/Kant/PlainText.lean8;evidenceS15;MACHINE_CHECKED","RequestProject","O7;13;source_systemS5;lean411;source_fileS34;RequestProject/Kant/PlainText.lean13;source_formatS4;text11;imported_atI+0;14;transformed_atI+306;15;transformationsL0;13;parent_objectS0;","d625433ba4cd83cb2b4730d63777c4d8caf8d4e2f07a69312c673faf4afd63be"
"proof.Kant.Wasm.Decode.bytesN.eq_def","Kant.Wasm.Decode.bytesN.eq_def","lean4","VALID","RequestProject/Wasm/Decode.lean","0","L0;","L0;","elaborated and checked by the Lean kernel","L1;S34;obj.Kant.Wasm.Decode.bytesN.eq_def","L1;S36;claim.Kant.Wasm.Decode.bytesN.eq_def","L0;","O4;4;kindS12;lean4-kernel6;digestS64;8d5f976a206620f1941951df9348df0af75e857679c37bdb035152383dcdf17c8;locationS31;RequestProject/Wasm/Decode.lean8;evidenceS15;MACHINE_CHECKED","RequestProject","O7;13;source_systemS5;lean411;source_fileS31;RequestProject/Wasm/Decode.lean13;source_formatS4;text11;imported_atI+0;14;transformed_atI+0;15;transformationsL0;13;parent_objectS0;","9f4c256cebbe9da24e7ad0e5ee901fa52bbb9d1ded8cfa5c1428d18e973b40df"
"proof.Kant.Cli.pageOf.eq_1","Kant.Cli.pageOf.eq_1","lean4","VALID","RequestProject/Kant/Cli.lean","0","L1;S19;obj.Kant.Cli.pageOf","L0;","elaborated and checked by the Lean kernel","L1;S24;obj.Kant.Cli.pageOf.eq_1","L1;S26;claim.Kant.Cli.pageOf.eq_1","L1;S21;proof.Kant.Cli.pageOf","O4;4;kindS12;lean4-kernel6;digestS64;918a1bbcb67152adab62ed2eb410051afcbfb2f86f1a3887c5b0c213852162748;locationS28;RequestProject/Kant/Cli.lean8;evidenceS15;MACHINE_CHECKED","RequestProject","O7;13;source_systemS5;lean411;source_fileS28;RequestProject/Kant/Cli.lean13;source_formatS4;text11;imported_atI+0;14;transformed_atI+0;15;transformationsL0;13;parent_objectS0;","7c3c9c42aa03fcbacde5b3499434f0cd6469940c44da77544d0b7dd0c5fb01e7"
"proof.Kant.Onboarding.Event.copyLink.sizeOf_spec","Kant.Onboarding.Event.copyLink.sizeOf_spec","lean4","VALID","RequestProject/Kant/Onboarding.lean","0","L0;","L0;","elaborated and checked by the Lean kernel","L1;S46;obj.Kant.Onboarding.Event.copyLink.sizeOf_spec","L1;S48;claim.Kant.Onboarding.Event.copyLink.sizeOf_spec","L0;","O4;4;kindS12;lean4-kernel6;digestS64;9d98afbf79346cd4a6129f3038a1f9f7d8acf166dc3d0d5ad8e99b388f0ab37d8;locationS35;RequestProject/Kant/Onboarding.lean8;evidenceS15;MACHINE_CHECKED","RequestProject","O7;13;source_systemS5;lean411;source_fileS35;RequestProject/Kant/Onboarding.lean13;source_formatS4;text11;imported_atI+0;14;transformed_atI+0;15;transformationsL0;13;parent_objectS0;","c41b327fee8e05585e908e3a3a6ddddb9ff1f423b1f18b5ed9658f27be378861"
"proof.Kant.Codec.lookupF.eq_2","Kant.Codec.lookupF.eq_2","lean4","VALID","RequestProject/Kant/Codec/Model.lean","0","L0;","L0;","elaborated and checked by the Lean kernel","L1;S27;obj.Kant.Codec.lookupF.eq_2","L1;S29;claim.Kant.Codec.lookupF.eq_2","L0;","O4;4;kindS12;lean4-kernel6;digestS64;8a8addcebe2124e0f68dd5c757bdd127c9302e09029d542ea1e4e92284c7a4fd8;locationS36;RequestProject/Kant/Codec/Model.lean8;evidenceS15;MACHINE_CHECKED","RequestProject","O7;13;source_systemS5;lean411;source_fileS36;RequestProject/Kant/Codec/Model.lean13;source_formatS4;text11;imported_atI+0;14;transformed_atI+0;15;transformationsL0;13;parent_objectS0;","6a3a064a2ac4736cd08de5a541ef0a9ff6cee6bf8b3d0ed2edfa4ddfec5a3085"
"proof.Kant.Dom.danglingRefs.eq_1","Kant.Dom.danglingRefs.eq_1","lean4","VALID","RequestProject/Kant/Domain/Package.lean","0","L0;","L0;","elaborated and checked by the Lean kernel","L1;S30;obj.Kant.Dom.danglingRefs.eq_1","L1;S32;claim.Kant.Dom.danglingRefs.eq_1","L0;","O4;4;kindS12;lean4-kernel6;digestS64;d00791d233fecb01d890f1b40c540222b817cdba9a6c6f8baf4f29fb2c891e548;locationS39;RequestProject/Kant/Domain/Package.lean8;evidenceS15;MACHINE_CHECKED","RequestProject","O7;13;source_systemS5;lean411;source_fileS39;RequestProject/Kant/Domain/Package.lean13;source_formatS4;text11;imported_atI+0;14;transformed_atI+0;15;transformationsL0;13;parent_objectS0;","ced2b6bd9310612bea2f13686f56df88481868b629b073f185ea717b97088ece"
"proof.Kant.Codec.xmlEncFields.eq_def","Kant.Codec.xmlEncFields.eq_def","lean4","VALID","RequestProject/Kant/Codec/Xml.lean","0","L3;S27;obj.Kant.Codec.xmlEncFieldsS24;obj.Kant.Codec.Val.belowS20;obj.Kant.Codec.xNull","L0;","elaborated and checked by the Lean kernel","L1;S34;obj.Kant.Codec.xmlEncFields.eq_def","L1;S36;claim.Kant.Codec.xmlEncFields.eq_def","L3;S29;proof.Kant.Codec.xmlEncFieldsS26;proof.Kant.Codec.Val.belowS22;proof.Kant.Codec.xNull","O4;4;kindS12;lean4-kernel6;digestS64;6bd36c753e8fa1e3975c6e7c55f78384af019b648d1e94194809d4a094a357f28;locationS34;RequestProject/Kant/Codec/Xml.lean8;evidenceS15;MACHINE_CHECKED","RequestProject","O7;13;source_systemS5;lean411;source_fileS34;RequestProject/Kant/Codec/Xml.lean13;source_formatS4;text11;imported_atI+0;14;transformed_atI+0;15;transformationsL0;13;parent_objectS0;","2fe4ef72a7aed713ff760b065518dbc00f75ec3bac1f3eb9c7d11cf106f2ca66"
"proof.Kant.Join.words_append_blank","Kant.Join.words_append_blank","lean4","VALID","RequestProject/Kant/Join.lean","180","L1;S36;obj.Kant.Join.splitCh_append_general","L0;","elaborated and checked by the Lean kernel","L1;S32;obj.Kant.Join.words_append_blank","L1;S34;claim.Kant.Join.words_append_blank","L1;S38;proof.Kant.Join.splitCh_append_general","O4;4;kindS12;lean4-kernel6;digestS64;4f086b0da02492b23d8cf26ebae420f50a29b7598729f518ea21827271c18af38;locationS29;RequestProject/Kant/Join.lean8;evidenceS15;MACHINE_CHECKED","RequestProject","O7;13;source_systemS5;lean411;source_fileS29;RequestProject/Kant/Join.lean13;source_formatS4;text11;imported_atI+0;14;transformed_atI+180;15;transformationsL0;13;parent_objectS0;","615a9341563bf53fe6a348cba76ecfdc945b46c4ffac8485ccd3cb905a9b5422"
"proof.Kant.Codec.recover.eq_5","Kant.Codec.recover.eq_5","lean4","VALID","RequestProject/Kant/Codec/Ipdl.lean","0","L0;","L0;","elaborated and checked by the Lean kernel","L1;S27;obj.Kant.Codec.recover.eq_5","L1;S29;claim.Kant.Codec.recover.eq_5","L0;","O4;4;kindS12;lean4-kernel6;digestS64;7c287cee040101aa1b427ed417393a590629ee67f3b1009cdf930aada59fd0838;locationS35;RequestProject/Kant/Codec/Ipdl.lean8;evidenceS15;MACHINE_CHECKED","RequestProject","O7;13;source_systemS5;lean411;source_fileS35;RequestProject/Kant/Codec/Ipdl.lean13;source_formatS4;text11;imported_atI+0;14;transformed_atI+0;15;transformationsL0;13;parent_objectS0;","df0c13318d9d85ce4c304a69e98c0791ad4bdbe8870e0d48ae1cb1863743d70b"
"proof.Kant.Wasm.Decode.codeDec_code","Kant.Wasm.Decode.codeDec_code","lean4","VALID","RequestProject/Wasm/Decode.lean","462","L1;S23;obj.Kant.Wasm.Func.body","L0;","elaborated and checked by the Lean kernel","L1;S33;obj.Kant.Wasm.Decode.codeDec_code","L1;S35;claim.Kant.Wasm.Decode.codeDec_code","L1;S25;proof.Kant.Wasm.Func.body","O4;4;kindS12;lean4-kernel6;digestS64;dd9479f8fb23c74c1a1a318f07039fe314efa54da01663e2618aa75e07c0e3a18;locationS31;RequestProject/Wasm/Decode.lean8;evidenceS15;MACHINE_CHECKED","RequestProject","O7;13;source_systemS5;lean411;source_fileS31;RequestProject/Wasm/Decode.lean13;source_formatS4;text11;imported_atI+0;14;transformed_atI+462;15;transformationsL0;13;parent_objectS0;","1ef3d96b50988ec591b6cd6ba25b5822435df4e7b1d4257f88ec2b610179615c"
"proof.Kant.Uucp.Carrier.ofNat_ctorIdx","Kant.Uucp.Carrier.ofNat_ctorIdx","lean4","VALID","RequestProject/Kant/Uucp.lean","0","L0;","L0;","elaborated and checked by the Lean kernel","L1;S35;obj.Kant.Uucp.Carrier.ofNat_ctorIdx","L1;S37;claim.Kant.Uucp.Carrier.ofNat_ctorIdx","L0;","O4;4;kindS12;lean4-kernel6;digestS64;108ac2f3b6e154ef844a94bc19d4fb904613f8d2d787573d5df5a8cfc52bc3e68;locationS29;RequestProject/Kant/Uucp.lean8;evidenceS15;MACHINE_CHECKED","RequestProject","O7;13;source_systemS5;lean411;source_fileS29;RequestProject/Kant/Uucp.lean13;source_formatS4;text11;imported_atI+0;14;transformed_atI+0;15;transformationsL0;13;parent_objectS0;","061538b229dd5f694bd41f5d322e18c61ef196c04b2f2ae360ff622e426f2040"
"proof.Kant.Codec.Compat.major.sizeOf_spec","Kant.Codec.Compat.major.sizeOf_spec","lean4","VALID","RequestProject/Kant/Codec/Exchange.lean","0","L0;","L0;","elaborated and checked by the Lean kernel","L1;S39;obj.Kant.Codec.Compat.major.sizeOf_spec","L1;S41;claim.Kant.Codec.Compat.major.sizeOf_spec","L0;","O4;4;kindS12;lean4-kernel6;digestS64;ecf68ecde67d9cf6071866bfd4f0a5497ebfe89a69265bd028b747bab701a4238;locationS39;RequestProject/Kant/Codec/Exchange.lean8;evidenceS15;MACHINE_CHECKED","RequestProject","O7;13;source_systemS5;lean411;source_fileS39;RequestProject/Kant/Codec/Exchange.lean13;source_formatS4;text11;imported_atI+0;14;transformed_atI+0;15;transformationsL0;13;parent_objectS0;","e6d07eb2c4c9e520270ac93f72c351834b191686059f7e26074132087cbdf709"
"proof.Kant.Bytes.hexDecode.eq_2","Kant.Bytes.hexDecode.eq_2","lean4","VALID","RequestProject/Kant/Bytes.lean","0","L0;","L0;","elaborated and checked by the Lean kernel","L1;S29;obj.Kant.Bytes.hexDecode.eq_2","L1;S31;claim.Kant.Bytes.hexDecode.eq_2","L0;","O4;4;kindS12;lean4-kernel6;digestS64;7703900d4635396b6cc8fb490fe09a34150bf8f770b9dea1814b8bdd6e9536428;locationS30;RequestProject/Kant/Bytes.lean8;evidenceS15;MACHINE_CHECKED","RequestProject","O7;13;source_systemS5;lean411;source_fileS30;RequestProject/Kant/Bytes.lean13;source_formatS4;text11;imported_atI+0;14;transformed_atI+0;15;transformationsL0;13;parent_objectS0;","10f994a64a078aad18dd992acbb4a15aab59cdd23681194790e22c36263972f4"
"proof.Kant.Rendezvous.parseAddrFields_map","Kant.Rendezvous.parseAddrFields_map","lean4","VALID","RequestProject/Kant/Rendezvous.lean","114","L0;","L0;","elaborated and checked by the Lean kernel","L1;S39;obj.Kant.Rendezvous.parseAddrFields_map","L1;S41;claim.Kant.Rendezvous.parseAddrFields_map","L0;","O4;4;kindS12;lean4-kernel6;digestS64;52547c293583466ec4faca1634d66b712b2744c77ea17b688ffae156ffba93fb8;locationS35;RequestProject/Kant/Rendezvous.lean8;evidenceS15;MACHINE_CHECKED","RequestProject","O7;13;source_systemS5;lean411;source_fileS35;RequestProject/Kant/Rendezvous.lean13;source_formatS4;text11;imported_atI+0;14;transformed_atI+114;15;transformationsL0;13;parent_objectS0;","6a95ac4b7c848cd684c4c77ff5a7f4b9668a00b7f7bc8d905a39315bb0934d73"
"proof.Kant.PlainText.lines_metaText","Kant.PlainText.lines_metaText","lean4","VALID","RequestProject/Kant/PlainText.lean","163","L2;S29;obj.Kant.PlainText.Meta.titleS31;obj.Kant.PlainText.Meta.address","L0;","elaborated and checked by the Lean kernel","L1;S33;obj.Kant.PlainText.lines_metaText","L1;S35;claim.Kant.PlainText.lines_metaText","L2;S31;proof.Kant.PlainText.Meta.titleS33;proof.Kant.PlainText.Meta.address","O4;4;kindS12;lean4-kernel6;digestS64;ff252b56799eae892cad239e82cb3b3685bfc8571c11453721d717f7ca08176c8;locationS34;RequestProject/Kant/PlainText.lean8;evidenceS15;MACHINE_CHECKED","RequestProject","O7;13;source_systemS5;lean411;source_fileS34;RequestProject/Kant/PlainText.lean13;source_formatS4;text11;imported_atI+0;14;transformed_atI+163;15;transformationsL0;13;parent_objectS0;","59c4ecf3d1887f6f2665b480e5bc381cabd7442bd4f0b055bfc1eecc88bb3002"
"proof.Kant.Uucp.Site.snapshot_is_stale","Kant.Uucp.Site.snapshot_is_stale","lean4","VALID","RequestProject/Kant/Uucp.lean","781","L0;","L0;","elaborated and checked by the Lean kernel","L1;S36;obj.Kant.Uucp.Site.snapshot_is_stale","L1;S38;claim.Kant.Uucp.Site.snapshot_is_stale","L0;","O4;4;kindS12;lean4-kernel6;digestS64;ed55213c24f498207678a00133ca147394293c4feab9a20aa1f13759b5aa8dc58;locationS29;RequestProject/Kant/Uucp.lean8;evidenceS15;MACHINE_CHECKED","RequestProject","O7;13;source_systemS5;lean411;source_fileS29;RequestProject/Kant/Uucp.lean13;source_formatS4;text11;imported_atI+0;14;transformed_atI+781;15;transformationsL0;13;parent_objectS0;","5eb315bd0c01cc02b770aea3bc748b05bbcb442dece3023c7534fcefbd2001bf"
"proof.Kant.Codec.status_error_ne_invalid","Kant.Codec.status_error_ne_invalid","lean4","VALID","RequestProject/Kant/Codec/Model.lean","93","L0;","L0;","elaborated and checked by the Lean kernel","L1;S38;obj.Kant.Codec.status_error_ne_invalid","L1;S40;claim.Kant.Codec.status_error_ne_invalid","L0;","O4;4;kindS12;lean4-kernel6;digestS64;293832688de5353843f9d27608593bcb408812bec2ae6d1e6c60cc33bcedeab18;locationS36;RequestProject/Kant/Codec/Model.lean8;evidenceS15;MACHINE_CHECKED","RequestProject","O7;13;source_systemS5;lean411;source_fileS36;RequestProject/Kant/Codec/Model.lean13;source_formatS4;text11;imported_atI+0;14;transformed_atI+93;15;transformationsL0;13;parent_objectS0;","6dd469365f17ec875edee494a8bbc8743ac7c8fe91ec1f2d16a3bd02e209171a"
"proof.Kant.Wasm.Decode.instrDec_shorter","Kant.Wasm.Decode.instrDec_shorter","lean4","VALID","RequestProject/Wasm/Decode.lean","336","L0;","L0;","elaborated and checked by the Lean kernel","L1;S37;obj.Kant.Wasm.Decode.instrDec_shorter","L1;S39;claim.Kant.Wasm.Decode.instrDec_shorter","L0;","O4;4;kindS12;lean4-kernel6;digestS64;0d0df4c1bd240a568f77ccfeef364d99abbc9873e53e219c7a26ec1b98a6c0078;locationS31;RequestProject/Wasm/Decode.lean8;evidenceS15;MACHINE_CHECKED","RequestProject","O7;13;source_systemS5;lean411;source_fileS31;RequestProject/Wasm/Decode.lean13;source_formatS4;text11;imported_atI+0;14;transformed_atI+336;15;transformationsL0;13;parent_objectS0;","508926df3e4f430db5c436f2f43f07aa6975e9d644e97ac76a06eb6692ab09e4"
"proof.Kant.Meme.render_length","Kant.Meme.render_length","lean4","VALID","RequestProject/Kant/Meme.lean","126","L1;S21;obj.Kant.Stego.toBits","L0;","elaborated and checked by the Lean kernel","L1;S27;obj.Kant.Meme.render_length","L1;S29;claim.Kant.Meme.render_length","L1;S23;proof.Kant.Stego.toBits","O4;4;kindS12;lean4-kernel6;digestS64;35501f1f1cbf6f9015c7c0a47bd83f3fde1448f168ce600646d838a5a29314ad8;locationS29;RequestProject/Kant/Meme.lean8;evidenceS15;MACHINE_CHECKED","RequestProject","O7;13;source_systemS5;lean411;source_fileS29;RequestProject/Kant/Meme.lean13;source_formatS4;text11;imported_atI+0;14;transformed_atI+126;15;transformationsL0;13;parent_objectS0;","a96f2fa7233aca812f29ecbe71c4ddbe3723c75e18ed593b13a3b18e05050af8"
"proof.Kant.Diagnostics.Log.mk.sizeOf_spec","Kant.Diagnostics.Log.mk.sizeOf_spec","lean4","VALID","RequestProject/Kant/Diagnostics.lean","0","L0;","L0;","elaborated and checked by the Lean kernel","L1;S39;obj.Kant.Diagnostics.Log.mk.sizeOf_spec","L1;S41;claim.Kant.Diagnostics.Log.mk.sizeOf_spec","L0;","O4;4;kindS12;lean4-kernel6;digestS64;0dacb8e9e0e9cefa442d24c6f2149069967d06bc80b4ffe4ac243e5d5f2e055b8;locationS36;RequestProject/Kant/Diagnostics.lean8;evidenceS15;MACHINE_CHECKED","RequestProject","O7;13;source_systemS5;lean411;source_fileS36;RequestProject/Kant/Diagnostics.lean13;source_formatS4;text11;imported_atI+0;14;transformed_atI+0;15;transformationsL0;13;parent_objectS0;","7767f0a6ee8549f70b26c004ac01b484ff141d1fbbca661de6e373afcc8112aa"
"proof.Kant.Codec.Val.list.inj","Kant.Codec.Val.list.inj","lean4","VALID","RequestProject/Kant/Codec/Val.lean","0","L0;","L0;","elaborated and checked by the Lean kernel","L1;S27;obj.Kant.Codec.Val.list.inj","L1;S29;claim.Kant.Codec.Val.list.inj","L0;","O4;4;kindS12;lean4-kernel6;digestS64;7a59b5a36c09b88678634875640ee3c109cb7cb55e0312643d9d642801390bb78;locationS34;RequestProject/Kant/Codec/Val.lean8;evidenceS15;MACHINE_CHECKED","RequestProject","O7;13;source_systemS5;lean411;source_fileS34;RequestProject/Kant/Codec/Val.lean13;source_formatS4;text11;imported_atI+0;14;transformed_atI+0;15;transformationsL0;13;parent_objectS0;","ec576cc6dfe93b9fad185357a010c1eca68b8c8adcbd5d45dfd2e8f974cf8c12"
"proof.Kant.Codec.readNat_natDigits","Kant.Codec.readNat_natDigits","lean4","VALID","RequestProject/Kant/Codec/Val.lean","176","L2;S22;obj.Kant.Codec.readNatS32;obj.Kant.Codec.readNatAux_digits","L0;","elaborated and checked by the Lean kernel","L1;S32;obj.Kant.Codec.readNat_natDigits","L1;S34;claim.Kant.Codec.readNat_natDigits","L2;S24;proof.Kant.Codec.readNatS34;proof.Kant.Codec.readNatAux_digits","O4;4;kindS12;lean4-kernel6;digestS64;9214fd34fd0900b15f11b43ef1fff5da38359304942317db869d0f1429202a9c8;locationS34;RequestProject/Kant/Codec/Val.lean8;evidenceS15;MACHINE_CHECKED","RequestProject","O7;13;source_systemS5;lean411;source_fileS34;RequestProject/Kant/Codec/Val.lean13;source_formatS4;text11;imported_atI+0;14;transformed_atI+176;15;transformationsL0;13;parent_objectS0;","d6fd7e4a361483e32a7849ac8cbdab702f4e8700f3512f09448fb505107f3716"
"proof.Kant.Wasm.Expr.Wf.eq_2","Kant.Wasm.Expr.Wf.eq_2","lean4","VALID","RequestProject/Wasm/Syntax.lean","0","L0;","L0;","elaborated and checked by the Lean kernel","L1;S26;obj.Kant.Wasm.Expr.Wf.eq_2","L1;S28;claim.Kant.Wasm.Expr.Wf.eq_2","L0;","O4;4;kindS12;lean4-kernel6;digestS64;0dd3444364655f89ba802deda78e894adbbe05ed80591d530763e170908f00ec8;locationS31;RequestProject/Wasm/Syntax.lean8;evidenceS15;MACHINE_CHECKED","RequestProject","O7;13;source_systemS5;lean411;source_fileS31;RequestProject/Wasm/Syntax.lean13;source_formatS4;text11;imported_atI+0;14;transformed_atI+0;15;transformationsL0;13;parent_objectS0;","193d1ca20ecb9fbe296daec015c249e12a2020fbda55623820b53c7a1cec9d5b"
"proof.Kant.PlainText.Meta.mk.injEq","Kant.PlainText.Meta.mk.injEq","lean4","VALID","RequestProject/Kant/PlainText.lean","0","L0;","L0;","elaborated and checked by the Lean kernel","L1;S32;obj.Kant.PlainText.Meta.mk.injEq","L1;S34;claim.Kant.PlainText.Meta.mk.injEq","L0;","O4;4;kindS12;lean4-kernel6;digestS64;ceabd1dd102e96f9874237cf1d10930a50d80d90efade3c301291cee67186a1c8;locationS34;RequestProject/Kant/PlainText.lean8;evidenceS15;MACHINE_CHECKED","RequestProject","O7;13;source_systemS5;lean411;source_fileS34;RequestProject/Kant/PlainText.lean13;source_formatS4;text11;imported_atI+0;14;transformed_atI+0;15;transformationsL0;13;parent_objectS0;","1d9e5defc946a6608a9feac2508a79b3a0c0e151f9530e062ca3ba68edcc11d9"
"proof.Kant.Codec.yamlEnc.eq_1","Kant.Codec.yamlEnc.eq_1","lean4","VALID","RequestProject/Kant/Codec/Yaml.lean","0","L0;","L0;","elaborated and checked by the Lean kernel","L1;S27;obj.Kant.Codec.yamlEnc.eq_1","L1;S29;claim.Kant.Codec.yamlEnc.eq_1","L0;","O4;4;kindS12;lean4-kernel6;digestS64;3cc66ae74d9a6ca95b0e55f88c9f45c65d3cde18b2ea4ba3669252ecfb4a56408;locationS35;RequestProject/Kant/Codec/Yaml.lean8;evidenceS15;MACHINE_CHECKED","RequestProject","O7;13;source_systemS5;lean411;source_fileS35;RequestProject/Kant/Codec/Yaml.lean13;source_formatS4;text11;imported_atI+0;14;transformed_atI+0;15;transformationsL0;13;parent_objectS0;","06bd6d6328d1e437cc082dcff9613a147434069308b357bda7678ad6b930c09a"
"proof.Kant.CodeMovie.rleEncode_length","Kant.CodeMovie.rleEncode_length","lean4","VALID","RequestProject/Kant/CodeMovie.lean","75","L1;S36;obj.Kant.CodeMovie.rleEncode.match_1","L0;","elaborated and checked by the Lean kernel","L1;S35;obj.Kant.CodeMovie.rleEncode_length","L1;S37;claim.Kant.CodeMovie.rleEncode_length","L1;S38;proof.Kant.CodeMovie.rleEncode.match_1","O4;4;kindS12;lean4-kernel6;digestS64;2c90220e429b13c53770e0cff5331f9627851b66ab496ce707a44228e3f051808;locationS34;RequestProject/Kant/CodeMovie.lean8;evidenceS15;MACHINE_CHECKED","RequestProject","O7;13;source_systemS5;lean411;source_fileS34;RequestProject/Kant/CodeMovie.lean13;source_formatS4;text11;imported_atI+0;14;transformed_atI+75;15;transformationsL0;13;parent_objectS0;","c6da02f684e2398d02b26b29a553db7a63de1cea2717f767f1eccf29b18921d4"
"proof.Kant.CardDebug.Code.invite.inj","Kant.CardDebug.Code.invite.inj","lean4","VALID","RequestProject/Kant/CardDebug.lean","0","L1;S23;obj.Kant.CardDebug.Code","L0;","elaborated and checked by the Lean kernel","L1;S34;obj.Kant.CardDebug.Code.invite.inj","L1;S36;claim.Kant.CardDebug.Code.invite.inj","L1;S25;proof.Kant.CardDebug.Code","O4;4;kindS12;lean4-kernel6;digestS64;9089a7643f4602db8e985f9104f75178ea1aa22b1a2de51dfc73880859e1bdd28;locationS34;RequestProject/Kant/CardDebug.lean8;evidenceS15;MACHINE_CHECKED","RequestProject","O7;13;source_systemS5;lean411;source_fileS34;RequestProject/Kant/CardDebug.lean13;source_formatS4;text11;imported_atI+0;14;transformed_atI+0;15;transformationsL0;13;parent_objectS0;","c94e871f97838fb18ee3e0a7297ffd7eed778cedb5fbe94b5074d394b11ba318"
"proof.Kant.Wasm.Encode.module_prefix","Kant.Wasm.Encode.module_prefix","lean4","VALID","RequestProject/Wasm/Encode.lean","136","L1;S34;obj.Kant.Wasm.Encode.exportSection","L0;","elaborated and checked by the Lean kernel","L1;S34;obj.Kant.Wasm.Encode.module_prefix","L1;S36;claim.Kant.Wasm.Encode.module_prefix","L1;S36;proof.Kant.Wasm.Encode.exportSection","O4;4;kindS12;lean4-kernel6;digestS64;b8af4af01a4d46108330270750b501ef50861826604c5986230fc7543f74480d8;locationS31;RequestProject/Wasm/Encode.lean8;evidenceS15;MACHINE_CHECKED","RequestProject","O7;13;source_systemS5;lean411;source_fileS31;RequestProject/Wasm/Encode.lean13;source_formatS4;text11;imported_atI+0;14;transformed_atI+136;15;transformationsL0;13;parent_objectS0;","78aee359221608aa8d15d19b9b41ecad70c581960beee564cb7b87c833bde7e7"
"proof.Kant.Codec.xIntClose.eq_1","Kant.Codec.xIntClose.eq_1","lean4","VALID","RequestProject/Kant/Codec/Xml.lean","0","L0;","L0;","elaborated and checked by the Lean kernel","L1;S29;obj.Kant.Codec.xIntClose.eq_1","L1;S31;claim.Kant.Codec.xIntClose.eq_1","L0;","O4;4;kindS12;lean4-kernel6;digestS64;b856ebf2b3d8e6af5b363dfac56693acf83eb377406a6ef5dc3eeacc757fa3f28;locationS34;RequestProject/Kant/Codec/Xml.lean8;evidenceS15;MACHINE_CHECKED","RequestProject","O7;13;source_systemS5;lean411;source_fileS34;RequestProject/Kant/Codec/Xml.lean13;source_formatS4;text11;imported_atI+0;14;transformed_atI+0;15;transformationsL0;13;parent_objectS0;","ab4264c3f1365d1733ca519a94b780e4fb48081ef686673dfde39d5b68ca9a8a"
"proof.Kant.Join.deblank.eq_1","Kant.Join.deblank.eq_1","lean4","VALID","RequestProject/Kant/Join.lean","0","L0;","L0;","elaborated and checked by the Lean kernel","L1;S26;obj.Kant.Join.deblank.eq_1","L1;S28;claim.Kant.Join.deblank.eq_1","L0;","O4;4;kindS12;lean4-kernel6;digestS64;1f727175966ca6c2af2d6cff513ee0e9d9bedcf97232a58c05e127aeffdb9efb8;locationS29;RequestProject/Kant/Join.lean8;evidenceS15;MACHINE_CHECKED","RequestProject","O7;13;source_systemS5;lean411;source_fileS29;RequestProject/Kant/Join.lean13;source_formatS4;text11;imported_atI+0;14;transformed_atI+0;15;transformationsL0;13;parent_objectS0;","f457dc31b3e3a57cf747f799e1f4a5bf0d10ef6fcc24688220be378a42bacf45"
"proof.Kant.Codec.Outp.ofVal.eq_2","Kant.Codec.Outp.ofVal.eq_2","lean4","VALID","RequestProject/Kant/Codec/Model.lean","0","L1;S25;obj.Kant.Codec.Outp.ofVal","L0;","elaborated and checked by the Lean kernel","L1;S30;obj.Kant.Codec.Outp.ofVal.eq_2","L1;S32;claim.Kant.Codec.Outp.ofVal.eq_2","L1;S27;proof.Kant.Codec.Outp.ofVal","O4;4;kindS12;lean4-kernel6;digestS64;a8a67ebf59f97bfcc63958989dbd7c7fec359afb667b26f277ae4a52c8f5cb758;locationS36;RequestProject/Kant/Codec/Model.lean8;evidenceS15;MACHINE_CHECKED","RequestProject","O7;13;source_systemS5;lean411;source_fileS36;RequestProject/Kant/Codec/Model.lean13;source_formatS4;text11;imported_atI+0;14;transformed_atI+0;15;transformationsL0;13;parent_objectS0;","3d09fbcc3078575c3198cf45557d5bef57862ad54d12c9023e16ac73ecb1c395"
"proof.Kant.Wasm.Decode.RawInstr.localGet.injEq","Kant.Wasm.Decode.RawInstr.localGet.injEq","lean4","VALID","RequestProject/Wasm/Decode.lean","0","L0;","L0;","elaborated and checked by the Lean kernel","L1;S44;obj.Kant.Wasm.Decode.RawInstr.localGet.injEq","L1;S46;claim.Kant.Wasm.Decode.RawInstr.localGet.injEq","L0;","O4;4;kindS12;lean4-kernel6;digestS64;971e227da7f7a396f5b3f5933e656c657a31ed56446241883bd23bc9c717e82f8;locationS31;RequestProject/Wasm/Decode.lean8;evidenceS15;MACHINE_CHECKED","RequestProject","O7;13;source_systemS5;lean411;source_fileS31;RequestProject/Wasm/Decode.lean13;source_formatS4;text11;imported_atI+0;14;transformed_atI+0;15;transformationsL0;13;parent_objectS0;","b0909c3e158d33e6d40e3c0f9f398169eeabb41abe8649e088a54fb244edd7e3"
"proof.Kant.Dasl.dual47_valid","Kant.Dasl.dual47_valid","lean4","VALID","RequestProject/Kant/Dasl.lean","229","L0;","L0;","elaborated and checked by the Lean kernel","L1;S26;obj.Kant.Dasl.dual47_valid","L1;S28;claim.Kant.Dasl.dual47_valid","L0;","O4;4;kindS12;lean4-kernel6;digestS64;b81ed8dbf7bbb41826029d45cfa1eedf941fbd5ee62cd53230c5eba8274b73598;locationS29;RequestProject/Kant/Dasl.lean8;evidenceS15;MACHINE_CHECKED","RequestProject","O7;13;source_systemS5;lean411;source_fileS29;RequestProject/Kant/Dasl.lean13;source_formatS4;text11;imported_atI+0;14;transformed_atI+229;15;transformationsL0;13;parent_objectS0;","2bb29b533606ba6f33ccaf9e19eea8ccba21b0699d5ec3f581f2efbc33a8add2"
"proof.Kant.Dom.PStatus.valid.sizeOf_spec","Kant.Dom.PStatus.valid.sizeOf_spec","lean4","VALID","RequestProject/Kant/Domain/Model.lean","0","L0;","L0;","elaborated and checked by the Lean kernel","L1;S38;obj.Kant.Dom.PStatus.valid.sizeOf_spec","L1;S40;claim.Kant.Dom.PStatus.valid.sizeOf_spec","L0;","O4;4;kindS12;lean4-kernel6;digestS64;87619e0be6e5cc13549043bacbec76e0b5c1f47d6f3585f979b4d42d898493468;locationS37;RequestProject/Kant/Domain/Model.lean8;evidenceS15;MACHINE_CHECKED","RequestProject","O7;13;source_systemS5;lean411;source_fileS37;RequestProject/Kant/Domain/Model.lean13;source_formatS4;text11;imported_atI+0;14;transformed_atI+0;15;transformationsL0;13;parent_objectS0;","1eea6897daff6150be4c078a244b67d33ab75ef296744496ea2d7da7c14ac499"
"proof.Kant.Relay.receive_preserves","Kant.Relay.receive_preserves","lean4","VALID","RequestProject/Kant/Relay.lean","322","L0;","L0;","elaborated and checked by the Lean kernel","L1;S32;obj.Kant.Relay.receive_preserves","L1;S34;claim.Kant.Relay.receive_preserves","L0;","O4;4;kindS12;lean4-kernel6;digestS64;394d4136f7b7f2ef64dde9891a9afe3ceaf5d41845e98e411e796405b630ba468;locationS30;RequestProject/Kant/Relay.lean8;evidenceS15;MACHINE_CHECKED","RequestProject","O7;13;source_systemS5;lean411;source_fileS30;RequestProject/Kant/Relay.lean13;source_formatS4;text11;imported_atI+0;14;transformed_atI+322;15;transformationsL0;13;parent_objectS0;","709dd65f9811746d66ef7ddde977e15a70c22938f8e1a88715ead31d26041974"
"proof.Kant.Rendezvous.Roster.merge_nil","Kant.Rendezvous.Roster.merge_nil","lean4","VALID","RequestProject/Kant/Rendezvous.lean","196","L0;","L0;","elaborated and checked by the Lean kernel","L1;S36;obj.Kant.Rendezvous.Roster.merge_nil","L1;S38;claim.Kant.Rendezvous.Roster.merge_nil","L0;","O4;4;kindS12;lean4-kernel6;digestS64;815253f5f2d73452de4b6159e4ee9eb940b330fdcf59107c66524f0bf2c02cdb8;locationS35;RequestProject/Kant/Rendezvous.lean8;evidenceS15;MACHINE_CHECKED","RequestProject","O7;13;source_systemS5;lean411;source_fileS35;RequestProject/Kant/Rendezvous.lean13;source_formatS4;text11;imported_atI+0;14;transformed_atI+196;15;transformationsL0;13;parent_objectS0;","dcf41205cf18395dbeb6d37bbcb5c5fac3b2b27f6bcc7b57937ca97c2fd41f74"
"proof.Kant.Connectivity.Verdict.onlyThisBrowser.sizeOf_spec","Kant.Connectivity.Verdict.onlyThisBrowser.sizeOf_spec","lean4","VALID","RequestProject/Kant/Connectivity.lean","0","L0;","L0;","elaborated and checked by the Lean kernel","L1;S57;obj.Kant.Connectivity.Verdict.onlyThisBrowser.sizeOf_spec","L1;S59;claim.Kant.Connectivity.Verdict.onlyThisBrowser.sizeOf_spec","L0;","O4;4;kindS12;lean4-kernel6;digestS64;85930cda7613ff4c6ee955d10eedb79f2f9b8bd31a080f32556ce5012b6059058;locationS37;RequestProject/Kant/Connectivity.lean8;evidenceS15;MACHINE_CHECKED","RequestProject","O7;13;source_systemS5;lean411;source_fileS37;RequestProject/Kant/Connectivity.lean13;source_formatS4;text11;imported_atI+0;14;transformed_atI+0;15;transformationsL0;13;parent_objectS0;","d2ca8738a965641ba7b4d5063e1f5058ba16900654b041a11319b90306bfe2de"
"proof.Kant.Cli.curlArgv_spaceFree","Kant.Cli.curlArgv_spaceFree","lean4","VALID","RequestProject/Kant/Cli.lean","206","L1;S19;obj.Kant.Cli.Method","L0;","elaborated and checked by the Lean kernel","L1;S31;obj.Kant.Cli.curlArgv_spaceFree","L1;S33;claim.Kant.Cli.curlArgv_spaceFree","L1;S21;proof.Kant.Cli.Method","O4;4;kindS12;lean4-kernel6;digestS64;552597ab2ba95488175955f6bbeb1ea73d24e44ccbb585c204263527d06b08d18;locationS28;RequestProject/Kant/Cli.lean8;evidenceS15;MACHINE_CHECKED","RequestProject","O7;13;source_systemS5;lean411;source_fileS28;RequestProject/Kant/Cli.lean13;source_formatS4;text11;imported_atI+0;14;transformed_atI+206;15;transformationsL0;13;parent_objectS0;","cd7b74d683d0388f8b44e042dd23e19c4a67c6478526e1754533feee69500382"
"proof.Kant.Codec.readNatAux_digits","Kant.Codec.readNatAux_digits","lean4","VALID","RequestProject/Kant/Codec/Val.lean","165","L0;","L0;","elaborated and checked by the Lean kernel","L1;S32;obj.Kant.Codec.readNatAux_digits","L1;S34;claim.Kant.Codec.readNatAux_digits","L0;","O4;4;kindS12;lean4-kernel6;digestS64;6bb2da026067cadd99b98682a449497e84d458a01d0d054766f64677b45ec9e08;locationS34;RequestProject/Kant/Codec/Val.lean8;evidenceS15;MACHINE_CHECKED","RequestProject","O7;13;source_systemS5;lean411;source_fileS34;RequestProject/Kant/Codec/Val.lean13;source_formatS4;text11;imported_atI+0;14;transformed_atI+165;15;transformationsL0;13;parent_objectS0;","3bfabf6f9db3fef7145421ec39c6dc8440d6d1bfd489e99d96244e1dbeb2a9aa"
"proof.Kant.Rendezvous.ofAnnounce.eq_1","Kant.Rendezvous.ofAnnounce.eq_1","lean4","VALID","RequestProject/Kant/Rendezvous.lean","0","L3;S24;obj.Kant.Text.asciiBytesS32;obj.Kant.Rendezvous.Announce.seqS34;obj.Kant.Rendezvous.Announce.addrs","L0;","elaborated and checked by the Lean kernel","L1;S35;obj.Kant.Rendezvous.ofAnnounce.eq_1","L1;S37;claim.Kant.Rendezvous.ofAnnounce.eq_1","L3;S26;proof.Kant.Text.asciiBytesS34;proof.Kant.Rendezvous.Announce.seqS36;proof.Kant.Rendezvous.Announce.addrs","O4;4;kindS12;lean4-kernel6;digestS64;4a2a0d4bc7962094fda9e122dadee723b44363827a68fa2a6807108440d15d618;locationS35;RequestProject/Kant/Rendezvous.lean8;evidenceS15;MACHINE_CHECKED","RequestProject","O7;13;source_systemS5;lean411;source_fileS35;RequestProject/Kant/Rendezvous.lean13;source_formatS4;text11;imported_atI+0;14;transformed_atI+0;15;transformationsL0;13;parent_objectS0;","8d91c53f2875547b4221737f0a02c978737cdd8bfe6432c188da4e2ab7159ebe"
"proof.Kant.Codec.digitsFold.eq_def","Kant.Codec.digitsFold.eq_def","lean4","VALID","RequestProject/Kant/Codec/Val.lean","0","L0;","L0;","elaborated and checked by the Lean kernel","L1;S32;obj.Kant.Codec.digitsFold.eq_def","L1;S34;claim.Kant.Codec.digitsFold.eq_def","L0;","O4;4;kindS12;lean4-kernel6;digestS64;9bb056284a0647c2f4df59873948a069bdffe1421e562604fdaa1e1e315778f38;locationS34;RequestProject/Kant/Codec/Val.lean8;evidenceS15;MACHINE_CHECKED","RequestProject","O7;13;source_systemS5;lean411;source_fileS34;RequestProject/Kant/Codec/Val.lean13;source_formatS4;text11;imported_atI+0;14;transformed_atI+0;15;transformationsL0;13;parent_objectS0;","2d4b3674235609a484651c39d100af775fac06ee625a7e8a40c3087a48b661dd"
"proof.Kant.Codec.Row.mk.inj","Kant.Codec.Row.mk.inj","lean4","VALID","RequestProject/Kant/Codec/Csv.lean","0","L0;","L0;","elaborated and checked by the Lean kernel","L1;S25;obj.Kant.Codec.Row.mk.inj","L1;S27;claim.Kant.Codec.Row.mk.inj","L0;","O4;4;kindS12;lean4-kernel6;digestS64;d90b78e4851215500214c9047c401d5305f50a6c9e26fd3240390c2e9047e7ad8;locationS34;RequestProject/Kant/Codec/Csv.lean8;evidenceS15;MACHINE_CHECKED","RequestProject","O7;13;source_systemS5;lean411;source_fileS34;RequestProject/Kant/Codec/Csv.lean13;source_formatS4;text11;imported_atI+0;14;transformed_atI+0;15;transformationsL0;13;parent_objectS0;","b5c815c46b50199f63e96c1071c39b0c7eb6620a9968eb0573125cec103653f2"
"proof.Kant.Repost.QuoteCopyable.comment","Kant.Repost.QuoteCopyable.comment","lean4","VALID","RequestProject/Kant/Repost.lean","90","L0;","L0;","elaborated and checked by the Lean kernel","L1;S37;obj.Kant.Repost.QuoteCopyable.comment","L1;S39;claim.Kant.Repost.QuoteCopyable.comment","L0;","O4;4;kindS12;lean4-kernel6;digestS64;902ecdd253fa5e4d90e32718a89989caa0d7d73a960273439fe3e3cdb205b3e88;locationS31;RequestProject/Kant/Repost.lean8;evidenceS15;MACHINE_CHECKED","RequestProject","O7;13;source_systemS5;lean411;source_fileS31;RequestProject/Kant/Repost.lean13;source_formatS4;text11;imported_atI+0;14;transformed_atI+90;15;transformationsL0;13;parent_objectS0;","cfc258b3b5c4929e52e33cb8754aac01788b2d8886192798c37a2eacd347cf7b"
"proof.Kant.Cli.digitsValue_append","Kant.Cli.digitsValue_append","lean4","VALID","RequestProject/Kant/Cli.lean","79","L1;S25;obj.Kant.Text.digitsValue","L0;","elaborated and checked by the Lean kernel","L1;S31;obj.Kant.Cli.digitsValue_append","L1;S33;claim.Kant.Cli.digitsValue_append","L1;S27;proof.Kant.Text.digitsValue","O4;4;kindS12;lean4-kernel6;digestS64;684682279eef697a9c16187a0d73af19a5f636756104814446e39f50fbcd159b8;locationS28;RequestProject/Kant/Cli.lean8;evidenceS15;MACHINE_CHECKED","RequestProject","O7;13;source_systemS5;lean411;source_fileS28;RequestProject/Kant/Cli.lean13;source_formatS4;text11;imported_atI+0;14;transformed_atI+79;15;transformationsL0;13;parent_objectS0;","92517b9335cbd713d7add318f17f3ae023a34f8c6b6c81f973dced63d2d7d1c6"
"proof.Kant.CardDebug.Pairing.oneNotInvite.sizeOf_spec","Kant.CardDebug.Pairing.oneNotInvite.sizeOf_spec","lean4","VALID","RequestProject/Kant/CardDebug.lean","0","L0;","L0;","elaborated and checked by the Lean kernel","L1;S51;obj.Kant.CardDebug.Pairing.oneNotInvite.sizeOf_spec","L1;S53;claim.Kant.CardDebug.Pairing.oneNotInvite.sizeOf_spec","L0;","O4;4;kindS12;lean4-kernel6;digestS64;62c7a5daf94ad8264cca0a60d14349e9c06d647dc5374ba04bebb85605a823638;locationS34;RequestProject/Kant/CardDebug.lean8;evidenceS15;MACHINE_CHECKED","RequestProject","O7;13;source_systemS5;lean411;source_fileS34;RequestProject/Kant/CardDebug.lean13;source_formatS4;text11;imported_atI+0;14;transformed_atI+0;15;transformationsL0;13;parent_objectS0;","4d5ce5940b15b9ebb2c797070bcbc9b86e2c8d3f0bcf8fd1569311100faec61e"
"proof.Kant.Cli.Cmd.open.sizeOf_spec","Kant.Cli.Cmd.open.sizeOf_spec","lean4","VALID","RequestProject/Kant/Cli.lean","0","L0;","L0;","elaborated and checked by the Lean kernel","L1;S33;obj.Kant.Cli.Cmd.open.sizeOf_spec","L1;S35;claim.Kant.Cli.Cmd.open.sizeOf_spec","L0;","O4;4;kindS12;lean4-kernel6;digestS64;f79593aad9c6a925de2c59fe2b88b7eedd23e42f874a6d4f2afb495c78c23b108;locationS28;RequestProject/Kant/Cli.lean8;evidenceS15;MACHINE_CHECKED","RequestProject","O7;13;source_systemS5;lean411;source_fileS28;RequestProject/Kant/Cli.lean13;source_formatS4;text11;imported_atI+0;14;transformed_atI+0;15;transformationsL0;13;parent_objectS0;","6cfd65d040327cdef3e6e9e10e3cd5f117522c8593b434f89502a2a7a274c68b"
"proof.Kant.Sheaf.Encoding.prime.eq_5","Kant.Sheaf.Encoding.prime.eq_5","lean4","VALID","RequestProject/Kant/Sheaf.lean","0","L0;","L0;","elaborated and checked by the Lean kernel","L1;S34;obj.Kant.Sheaf.Encoding.prime.eq_5","L1;S36;claim.Kant.Sheaf.Encoding.prime.eq_5","L0;","O4;4;kindS12;lean4-kernel6;digestS64;45c2f90f21d4ee9c5f1c17e46fe030bf2bf3bbdbf2133a62a4c66be69321a2858;locationS30;RequestProject/Kant/Sheaf.lean8;evidenceS15;MACHINE_CHECKED","RequestProject","O7;13;source_systemS5;lean411;source_fileS30;RequestProject/Kant/Sheaf.lean13;source_formatS4;text11;imported_atI+0;14;transformed_atI+0;15;transformationsL0;13;parent_objectS0;","625facbbb403c9e679ea5727c4df7eb9daf5743d0caacc80b5dff2566ead4b53"
"proof.Kant.SiteCard.part_infix_cardSvg","Kant.SiteCard.part_infix_cardSvg","lean4","VALID","RequestProject/Kant/SiteCard.lean","605","L0;","L0;","elaborated and checked by the Lean kernel","L1;S36;obj.Kant.SiteCard.part_infix_cardSvg","L1;S38;claim.Kant.SiteCard.part_infix_cardSvg","L0;","O4;4;kindS12;lean4-kernel6;digestS64;f0831712c3c8ce9364aee95b41710aa06c6ea1c20755d03d2575200d9c1398f28;locationS33;RequestProject/Kant/SiteCard.lean8;evidenceS15;MACHINE_CHECKED","RequestProject","O7;13;source_systemS5;lean411;source_fileS33;RequestProject/Kant/SiteCard.lean13;source_formatS4;text11;imported_atI+0;14;transformed_atI+605;15;transformationsL0;13;parent_objectS0;","cfad2303bb47aa6a6201b620626f950d6fdf033341b672e44064574dcf25dc07"
"proof.Kant.Wasm.Decode.stackStep.eq_5","Kant.Wasm.Decode.stackStep.eq_5","lean4","VALID","RequestProject/Wasm/Decode.lean","0","L0;","L0;","elaborated and checked by the Lean kernel","L1;S35;obj.Kant.Wasm.Decode.stackStep.eq_5","L1;S37;claim.Kant.Wasm.Decode.stackStep.eq_5","L0;","O4;4;kindS12;lean4-kernel6;digestS64;207c2c2e0f4cf8ef8bf623c2f60405d8c7f870218540994dc84052adc3d6130e8;locationS31;RequestProject/Wasm/Decode.lean8;evidenceS15;MACHINE_CHECKED","RequestProject","O7;13;source_systemS5;lean411;source_fileS31;RequestProject/Wasm/Decode.lean13;source_formatS4;text11;imported_atI+0;14;transformed_atI+0;15;transformationsL0;13;parent_objectS0;","566a9b05aa9d0c8714ff978478414da447d77ef8cf06dfcdfae2c385e775d6ea"
"proof.Kant.Wasm.Decode.decodeModule_module","Kant.Wasm.Decode.decodeModule_module","lean4","VALID","RequestProject/Wasm/Decode.lean","508","L4;S23;obj.Kant.Wasm.Func.bodyS27;obj.Kant.Wasm.Decode.secDecS34;obj.Kant.Wasm.Encode.exportSectionS33;obj.Kant.Wasm.Decode.codeDec_code","L0;","elaborated and checked by the Lean kernel","L1;S40;obj.Kant.Wasm.Decode.decodeModule_module","L1;S42;claim.Kant.Wasm.Decode.decodeModule_module","L4;S25;proof.Kant.Wasm.Func.bodyS29;proof.Kant.Wasm.Decode.secDecS36;proof.Kant.Wasm.Encode.exportSectionS35;proof.Kant.Wasm.Decode.codeDec_code","O4;4;kindS12;lean4-kernel6;digestS64;0c172f802ba98cb1f12a494133123f3a79abbd4f12657bdb16750499971f013c8;locationS31;RequestProject/Wasm/Decode.lean8;evidenceS15;MACHINE_CHECKED","RequestProject","O7;13;source_systemS5;lean411;source_fileS31;RequestProject/Wasm/Decode.lean13;source_formatS4;text11;imported_atI+0;14;transformed_atI+508;15;transformationsL0;13;parent_objectS0;","4f8acefdcb02dd3023744bfdb0fa8713fa5d51eae8c41bb6720be14a849d4819"
"proof.Kant.Meme.roundTrip_paste","Kant.Meme.roundTrip_paste","lean4","VALID","RequestProject/Kant/Meme.lean","199","L0;","L0;","elaborated and checked by the Lean kernel","L1;S29;obj.Kant.Meme.roundTrip_paste","L1;S31;claim.Kant.Meme.roundTrip_paste","L0;","O4;4;kindS12;lean4-kernel6;digestS64;6db7e362dc3bc6664d9baad575933795fdc71d4af90cb1d8dcbf26a817e749cf8;locationS29;RequestProject/Kant/Meme.lean8;evidenceS15;MACHINE_CHECKED","RequestProject","O7;13;source_systemS5;lean411;source_fileS29;RequestProject/Kant/Meme.lean13;source_formatS4;text11;imported_atI+0;14;transformed_atI+199;15;transformationsL0;13;parent_objectS0;","6706e242e422b6dfd1311eb3bb98d75cc7e57093a0e6ac25a8fc6cff3e13ca22"
"proof.Kant.Dom.optOf_Cert","Kant.Dom.optOf_Cert","lean4","VALID","RequestProject/Kant/Domain/Model.lean","268","L3;S23;obj.Kant.Dom.Cert.toValS22;obj.Kant.Dom.Cert.kindS22;obj.Kant.Dom.Evid.name","L0;","elaborated and checked by the Lean kernel","L1;S23;obj.Kant.Dom.optOf_Cert","L1;S25;claim.Kant.Dom.optOf_Cert","L3;S25;proof.Kant.Dom.Cert.toValS24;proof.Kant.Dom.Cert.kindS24;proof.Kant.Dom.Evid.name","O4;4;kindS12;lean4-kernel6;digestS64;8902059ab9b1a4abdb414d7599ce15f4a93aa4705ad465f9d336334e4e8cf8ea8;locationS37;RequestProject/Kant/Domain/Model.lean8;evidenceS15;MACHINE_CHECKED","RequestProject","O7;13;source_systemS5;lean411;source_fileS37;RequestProject/Kant/Domain/Model.lean13;source_formatS4;text11;imported_atI+0;14;transformed_atI+268;15;transformationsL0;13;parent_objectS0;","cbb9670f4b667bb9dc2f8ce721f7a216be0d9baa72c204f30c0d9dbafc5aabd0"
"proof.Kant.Wasm.Leb128.sleb.induct","Kant.Wasm.Leb128.sleb.induct","lean4","VALID","RequestProject/Wasm/Leb128.lean","0","L0;","L0;","elaborated and checked by the Lean kernel","L1;S32;obj.Kant.Wasm.Leb128.sleb.induct","L1;S34;claim.Kant.Wasm.Leb128.sleb.induct","L0;","O4;4;kindS12;lean4-kernel6;digestS64;67cd064651d26f02a15e4bb82e13c2052fbad499a15ae65ccc67d2024f2b2cbf8;locationS31;RequestProject/Wasm/Leb128.lean8;evidenceS15;MACHINE_CHECKED","RequestProject","O7;13;source_systemS5;lean411;source_fileS31;RequestProject/Wasm/Leb128.lean13;source_formatS4;text11;imported_atI+0;14;transformed_atI+0;15;transformationsL0;13;parent_objectS0;","42c57c19e38dbc8364d0ca91866172e0d5acb2989ae85b491475e3ae4176b1a6"
"proof.Kant.Codec.resolutionProv.eq_1","Kant.Codec.resolutionProv.eq_1","lean4","VALID","RequestProject/Kant/Codec/Reconcile.lean","0","L1;S23;obj.Kant.Codec.Strategy","L0;","elaborated and checked by the Lean kernel","L1;S34;obj.Kant.Codec.resolutionProv.eq_1","L1;S36;claim.Kant.Codec.resolutionProv.eq_1","L1;S25;proof.Kant.Codec.Strategy","O4;4;kindS12;lean4-kernel6;digestS64;c171fcbcfff6fde873edd1d83aa97f37b306715d62abe2a647fbe2e54fefdeed8;locationS40;RequestProject/Kant/Codec/Reconcile.lean8;evidenceS15;MACHINE_CHECKED","RequestProject","O7;13;source_systemS5;lean411;source_fileS40;RequestProject/Kant/Codec/Reconcile.lean13;source_formatS4;text11;imported_atI+0;14;transformed_atI+0;15;transformationsL0;13;parent_objectS0;","50685181172e3ae9814f3798cdaf16b662e1a7d578333b83fabe7990731f0a50"
"proof.Kant.Stego.embed_lt_256","Kant.Stego.embed_lt_256","lean4","VALID","RequestProject/Kant/Stego.lean","142","L1;S24;obj.Kant.Stego.embedBits","L0;","elaborated and checked by the Lean kernel","L1;S27;obj.Kant.Stego.embed_lt_256","L1;S29;claim.Kant.Stego.embed_lt_256","L1;S26;proof.Kant.Stego.embedBits","O4;4;kindS12;lean4-kernel6;digestS64;3c560861908bdc24322065996f7fdd3b5b0ac09118531dd6fc1269fab78d273d8;locationS30;RequestProject/Kant/Stego.lean8;evidenceS15;MACHINE_CHECKED","RequestProject","O7;13;source_systemS5;lean411;source_fileS30;RequestProject/Kant/Stego.lean13;source_formatS4;text11;imported_atI+0;14;transformed_atI+142;15;transformationsL0;13;parent_objectS0;","8477385948d1e9413b071a348fe1310e10898e0401e65cdb847a725d1db241a8"
"proof.Kant.Sync.sync_converges","Kant.Sync.sync_converges","lean4","VALID","RequestProject/Kant/Sync.lean","162","L0;","L0;","elaborated and checked by the Lean kernel","L1;S28;obj.Kant.Sync.sync_converges","L1;S30;claim.Kant.Sync.sync_converges","L0;","O4;4;kindS12;lean4-kernel6;digestS64;1e00c4d1be888ee69331f723f4949b61f22e3f514925d6c8e0f3635543e4ebe38;locationS29;RequestProject/Kant/Sync.lean8;evidenceS15;MACHINE_CHECKED","RequestProject","O7;13;source_systemS5;lean411;source_fileS29;RequestProject/Kant/Sync.lean13;source_formatS4;text11;imported_atI+0;14;transformed_atI+162;15;transformationsL0;13;parent_objectS0;","60d4a92476d1feaafbcbabd9a420b76d5c306fbaa4ae5ee47f58401e7c3647a7"
"proof.Kant.Cli.printArgv.eq_4","Kant.Cli.printArgv.eq_4","lean4","VALID","RequestProject/Kant/Cli.lean","0","L0;","L0;","elaborated and checked by the Lean kernel","L1;S27;obj.Kant.Cli.printArgv.eq_4","L1;S29;claim.Kant.Cli.printArgv.eq_4","L0;","O4;4;kindS12;lean4-kernel6;digestS64;e63f8168fae081e386c65304e76bbf9497b77f0f43a376e1d533afd6fd81b44a8;locationS28;RequestProject/Kant/Cli.lean8;evidenceS15;MACHINE_CHECKED","RequestProject","O7;13;source_systemS5;lean411;source_fileS28;RequestProject/Kant/Cli.lean13;source_formatS4;text11;imported_atI+0;14;transformed_atI+0;15;transformationsL0;13;parent_objectS0;","e65891ccd46f941be6f9cbc2b792b26891eef64c7a0f23416b70c48b8bbbac0e"
"proof.Kant.Codec.xVal.eq_1","Kant.Codec.xVal.eq_1","lean4","VALID","RequestProject/Kant/Codec/RawText.lean","0","L2;S20;obj.Kant.Codec.xNullS26;obj.Kant.Codec.xVal.eq_def","L0;","elaborated and checked by the Lean kernel","L1;S24;obj.Kant.Codec.xVal.eq_1","L1;S26;claim.Kant.Codec.xVal.eq_1","L2;S22;proof.Kant.Codec.xNullS28;proof.Kant.Codec.xVal.eq_def","O4;4;kindS12;lean4-kernel6;digestS64;c3824dd161267e5f2f10c4ae473d8ac07cc6e219f218acf5d78a61dd8164e04e8;locationS38;RequestProject/Kant/Codec/RawText.lean8;evidenceS15;MACHINE_CHECKED","RequestProject","O7;13;source_systemS5;lean411;source_fileS38;RequestProject/Kant/Codec/RawText.lean13;source_formatS4;text11;imported_atI+0;14;transformed_atI+0;15;transformationsL0;13;parent_objectS0;","6702402fa1764d3fb3759390eb7f6aac8e4022e766288b65a8242fd095a52752"
"proof.Kant.Cli.reqOfArgv.eq_3","Kant.Cli.reqOfArgv.eq_3","lean4","VALID","RequestProject/Kant/Cli.lean","0","L0;","L0;","elaborated and checked by the Lean kernel","L1;S27;obj.Kant.Cli.reqOfArgv.eq_3","L1;S29;claim.Kant.Cli.reqOfArgv.eq_3","L0;","O4;4;kindS12;lean4-kernel6;digestS64;e58571136c059f3a4cc3c95cf4d4f6515f44d6848d12b104edfa30ba36c451e38;locationS28;RequestProject/Kant/Cli.lean8;evidenceS15;MACHINE_CHECKED","RequestProject","O7;13;source_systemS5;lean411;source_fileS28;RequestProject/Kant/Cli.lean13;source_formatS4;text11;imported_atI+0;14;transformed_atI+0;15;transformationsL0;13;parent_objectS0;","544bd0836fca2d0b845cefe25d5dc578df026d2ca98906f198217ad964bb69de"
"proof.Kant.Codec.ExportReport.mk.inj","Kant.Codec.ExportReport.mk.inj","lean4","VALID","RequestProject/Kant/Codec/Exchange.lean","0","L0;","L0;","elaborated and checked by the Lean kernel","L1;S34;obj.Kant.Codec.ExportReport.mk.inj","L1;S36;claim.Kant.Codec.ExportReport.mk.inj","L0;","O4;4;kindS12;lean4-kernel6;digestS64;6aa1214da6a9ed08163b1135759686eb615dcfa9eb424662df274b8207db73fd8;locationS39;RequestProject/Kant/Codec/Exchange.lean8;evidenceS15;MACHINE_CHECKED","RequestProject","O7;13;source_systemS5;lean411;source_fileS39;RequestProject/Kant/Codec/Exchange.lean13;source_formatS4;text11;imported_atI+0;14;transformed_atI+0;15;transformationsL0;13;parent_objectS0;","94f205fbd078460b4cccde1acbe763e8c48d70282dff92d181ed4e1aea57a62e"
"proof.Kant.Dom.Event.validated.injEq","Kant.Dom.Event.validated.injEq","lean4","VALID","RequestProject/Kant/Domain/Policy.lean","0","L0;","L0;","elaborated and checked by the Lean kernel","L1;S34;obj.Kant.Dom.Event.validated.injEq","L1;S36;claim.Kant.Dom.Event.validated.injEq","L0;","O4;4;kindS12;lean4-kernel6;digestS64;55f87ad392e119e3b2ab73535a1fc7ec32444bd497430599d280d2ace32a975a8;locationS38;RequestProject/Kant/Domain/Policy.lean8;evidenceS15;MACHINE_CHECKED","RequestProject","O7;13;source_systemS5;lean411;source_fileS38;RequestProject/Kant/Domain/Policy.lean13;source_formatS4;text11;imported_atI+0;14;transformed_atI+0;15;transformationsL0;13;parent_objectS0;","e63743f68d9e5f211ceb9e4bd7e5466e19889da14896eafbedeab207fbfef948"
"proof.Kant.Erdfa.escape_no_markup","Kant.Erdfa.escape_no_markup","lean4","VALID","RequestProject/Kant/Erdfa.lean","103","L0;","L0;","elaborated and checked by the Lean kernel","L1;S31;obj.Kant.Erdfa.escape_no_markup","L1;S33;claim.Kant.Erdfa.escape_no_markup","L0;","O4;4;kindS12;lean4-kernel6;digestS64;ab7b9f914feb03bf70cad7e09c4566707a19956a910ba6d54a159e050f166eae8;locationS30;RequestProject/Kant/Erdfa.lean8;evidenceS15;MACHINE_CHECKED","RequestProject","O7;13;source_systemS5;lean411;source_fileS30;RequestProject/Kant/Erdfa.lean13;source_formatS4;text11;imported_atI+0;14;transformed_atI+103;15;transformationsL0;13;parent_objectS0;","c67e78e27e5d9186c1d3e0d6a3853039ba504718a9e9f8e0d3cfaeebfb589a13"
"proof.Kant.Uucp.toPart_ofPart","Kant.Uucp.toPart_ofPart","lean4","VALID","RequestProject/Kant/Uucp.lean","209","L0;","L0;","elaborated and checked by the Lean kernel","L1;S27;obj.Kant.Uucp.toPart_ofPart","L1;S29;claim.Kant.Uucp.toPart_ofPart","L0;","O4;4;kindS12;lean4-kernel6;digestS64;a80daf8e6b8078bee853638a8d23d77d367d5564e4abbb50369a4d42cb89ea878;locationS29;RequestProject/Kant/Uucp.lean8;evidenceS15;MACHINE_CHECKED","RequestProject","O7;13;source_systemS5;lean411;source_fileS29;RequestProject/Kant/Uucp.lean13;source_formatS4;text11;imported_atI+0;14;transformed_atI+209;15;transformationsL0;13;parent_objectS0;","a8a6dbc381c9093d6f74abdb14320e7a7a7c08b2f5982ab79b444ad498ac9bf4"
"proof.Kant.Codec.Verdict.equivalent.sizeOf_spec","Kant.Codec.Verdict.equivalent.sizeOf_spec","lean4","VALID","RequestProject/Kant/Codec/Reconcile.lean","0","L0;","L0;","elaborated and checked by the Lean kernel","L1;S45;obj.Kant.Codec.Verdict.equivalent.sizeOf_spec","L1;S47;claim.Kant.Codec.Verdict.equivalent.sizeOf_spec","L0;","O4;4;kindS12;lean4-kernel6;digestS64;313eb5b5016ead0b4890a75c86177d486536f9767a07c311126d015d1893d04e8;locationS40;RequestProject/Kant/Codec/Reconcile.lean8;evidenceS15;MACHINE_CHECKED","RequestProject","O7;13;source_systemS5;lean411;source_fileS40;RequestProject/Kant/Codec/Reconcile.lean13;source_formatS4;text11;imported_atI+0;14;transformed_atI+0;15;transformationsL0;13;parent_objectS0;","1247e0c15bb0cad39cec5e441d77f86095b5b0a87348cb396d0d005079a5f7c6"
"proof.Kant.Uucp.Node.paste_delivers","Kant.Uucp.Node.paste_delivers","lean4","VALID","RequestProject/Kant/Uucp.lean","454","L0;","L0;","elaborated and checked by the Lean kernel","L1;S33;obj.Kant.Uucp.Node.paste_delivers","L1;S35;claim.Kant.Uucp.Node.paste_delivers","L0;","O4;4;kindS12;lean4-kernel6;digestS64;38416b49949fe335299d0ed73a55bd768ee55b39a894b257585d9cb21b88ad208;locationS29;RequestProject/Kant/Uucp.lean8;evidenceS15;MACHINE_CHECKED","RequestProject","O7;13;source_systemS5;lean411;source_fileS29;RequestProject/Kant/Uucp.lean13;source_formatS4;text11;imported_atI+0;14;transformed_atI+454;15;transformationsL0;13;parent_objectS0;","9936aa2acfa6fe5a5396035b211ad5fdad703703f9d98a546655c09ac46465f7"
"proof.Kant.Onboarding.join_lands_in_room","Kant.Onboarding.join_lands_in_room","lean4","VALID","RequestProject/Kant/Onboarding.lean","247","L3;S32;obj.Kant.Onboarding.State.hushedS32;obj.Kant.Onboarding.step.match_1S28;obj.Kant.Onboarding.Progress","L0;","elaborated and checked by the Lean kernel","L1;S38;obj.Kant.Onboarding.join_lands_in_room","L1;S40;claim.Kant.Onboarding.join_lands_in_room","L3;S34;proof.Kant.Onboarding.State.hushedS34;proof.Kant.Onboarding.step.match_1S30;proof.Kant.Onboarding.Progress","O4;4;kindS12;lean4-kernel6;digestS64;0cba34fb880b7e8c564bcd1494ec372b8e768eb85f8441aa8e8ad9be1eaad3a18;locationS35;RequestProject/Kant/Onboarding.lean8;evidenceS15;MACHINE_CHECKED","RequestProject","O7;13;source_systemS5;lean411;source_fileS35;RequestProject/Kant/Onboarding.lean13;source_formatS4;text11;imported_atI+0;14;transformed_atI+247;15;transformationsL0;13;parent_objectS0;","b0e80b6ed782a36af06f682ba212644df5acae576456bb64c9513e14e55f07c7"
"proof.Kant.SiteCard.pasteUrl_fits_qr","Kant.SiteCard.pasteUrl_fits_qr","lean4","VALID","RequestProject/Kant/SiteCard.lean","363","L0;","L0;","elaborated and checked by the Lean kernel","L1;S34;obj.Kant.SiteCard.pasteUrl_fits_qr","L1;S36;claim.Kant.SiteCard.pasteUrl_fits_qr","L0;","O4;4;kindS12;lean4-kernel6;digestS64;d7c9d7a1391351f18ef7ddc35da7a0ba2fc0d6a88ee29c1f919bc6cf3325a9388;locationS33;RequestProject/Kant/SiteCard.lean8;evidenceS15;MACHINE_CHECKED","RequestProject","O7;13;source_systemS5;lean411;source_fileS33;RequestProject/Kant/SiteCard.lean13;source_formatS4;text11;imported_atI+0;14;transformed_atI+363;15;transformationsL0;13;parent_objectS0;","82fbe92f2672e442dc6e72dc2a16d3a5bcc97f35f431c5fca6ad650e80a7be5f"
"proof.Kant.Onboarding.step.eq_9","Kant.Onboarding.step.eq_9","lean4","VALID","RequestProject/Kant/Onboarding.lean","0","L1;S32;obj.Kant.Onboarding.State.hushed","L0;","elaborated and checked by the Lean kernel","L1;S29;obj.Kant.Onboarding.step.eq_9","L1;S31;claim.Kant.Onboarding.step.eq_9","L1;S34;proof.Kant.Onboarding.State.hushed","O4;4;kindS12;lean4-kernel6;digestS64;aca9e0a29c1f13878a0d9733ca47ba58d82d8c1a8d6cdc1d351149d9ed7fc3768;locationS35;RequestProject/Kant/Onboarding.lean8;evidenceS15;MACHINE_CHECKED","RequestProject","O7;13;source_systemS5;lean411;source_fileS35;RequestProject/Kant/Onboarding.lean13;source_formatS4;text11;imported_atI+0;14;transformed_atI+0;15;transformationsL0;13;parent_objectS0;","85e7f8f054e02126f7b3f6323f877469c4b73ae8829227205cebacd796b583e3"
"proof.Kant.Stego.embedBits.eq_def","Kant.Stego.embedBits.eq_def","lean4","VALID","RequestProject/Kant/Stego.lean","0","L1;S24;obj.Kant.Stego.embedBits","L0;","elaborated and checked by the Lean kernel","L1;S31;obj.Kant.Stego.embedBits.eq_def","L1;S33;claim.Kant.Stego.embedBits.eq_def","L1;S26;proof.Kant.Stego.embedBits","O4;4;kindS12;lean4-kernel6;digestS64;4b1c6ac3b74e2307d99304e77d9446c890cfee77ea3b41857191d20ad378743e8;locationS30;RequestProject/Kant/Stego.lean8;evidenceS15;MACHINE_CHECKED","RequestProject","O7;13;source_systemS5;lean411;source_fileS30;RequestProject/Kant/Stego.lean13;source_formatS4;text11;imported_atI+0;14;transformed_atI+0;15;transformationsL0;13;parent_objectS0;","36b0eda31e66d7b2422514063c5236e54ec2097b278485cc57745cfef65f967f"
"proof.Kant.ShareLog.logText_roundTrip","Kant.ShareLog.logText_roundTrip","lean4","VALID","RequestProject/Kant/ShareLog.lean","83","L1;S27;obj.Kant.Diagnostics.Report","L0;","elaborated and checked by the Lean kernel","L1;S35;obj.Kant.ShareLog.logText_roundTrip","L1;S37;claim.Kant.ShareLog.logText_roundTrip","L1;S29;proof.Kant.Diagnostics.Report","O4;4;kindS12;lean4-kernel6;digestS64;0bf8e083c7a6da9f5e6276600d7ca17c3e12c4e396eb47d11516680793b41ba68;locationS33;RequestProject/Kant/ShareLog.lean8;evidenceS15;MACHINE_CHECKED","RequestProject","O7;13;source_systemS5;lean411;source_fileS33;RequestProject/Kant/ShareLog.lean13;source_formatS4;text11;imported_atI+0;14;transformed_atI+83;15;transformationsL0;13;parent_objectS0;","b2831bf4ded508844c9a90aed5e9d68754e9b5cdbff5364adfe429e72dacaacd"
"proof.Kant.Strip.strip.eq_1","Kant.Strip.strip.eq_1","lean4","VALID","RequestProject/Kant/Strip.lean","0","L1;S24;obj.Kant.Text.asciiBytes","L0;","elaborated and checked by the Lean kernel","L1;S25;obj.Kant.Strip.strip.eq_1","L1;S27;claim.Kant.Strip.strip.eq_1","L1;S26;proof.Kant.Text.asciiBytes","O4;4;kindS12;lean4-kernel6;digestS64;72338ab31812c74f9109d4078685ba10a12373a5356edd450d94242d4e18edee8;locationS30;RequestProject/Kant/Strip.lean8;evidenceS15;MACHINE_CHECKED","RequestProject","O7;13;source_systemS5;lean411;source_fileS30;RequestProject/Kant/Strip.lean13;source_formatS4;text11;imported_atI+0;14;transformed_atI+0;15;transformationsL0;13;parent_objectS0;","b82ed243e15b6b16564bd190dbdc14c975fed4e2b789e1f0e09c1a6445c07ea3"
"proof.Kant.Rendezvous.isAscii_roomOf","Kant.Rendezvous.isAscii_roomOf","lean4","VALID","RequestProject/Kant/Rendezvous.lean","431","L0;","L0;","elaborated and checked by the Lean kernel","L1;S34;obj.Kant.Rendezvous.isAscii_roomOf","L1;S36;claim.Kant.Rendezvous.isAscii_roomOf","L0;","O4;4;kindS12;lean4-kernel6;digestS64;8044ab74068ba368b557d24cf00f86a7d6a6f55dc9c3d67e1955c52a494e6ac58;locationS35;RequestProject/Kant/Rendezvous.lean8;evidenceS15;MACHINE_CHECKED","RequestProject","O7;13;source_systemS5;lean411;source_fileS35;RequestProject/Kant/Rendezvous.lean13;source_formatS4;text11;imported_atI+0;14;transformed_atI+431;15;transformationsL0;13;parent_objectS0;","8c7085890be618ddf775d804141cf6bade95cc9c55b120d7546b0b2896d65ab4"
"proof.Kant.Wasm.Expr.bin.injEq","Kant.Wasm.Expr.bin.injEq","lean4","VALID","RequestProject/Wasm/Syntax.lean","0","L0;","L0;","elaborated and checked by the Lean kernel","L1;S28;obj.Kant.Wasm.Expr.bin.injEq","L1;S30;claim.Kant.Wasm.Expr.bin.injEq","L0;","O4;4;kindS12;lean4-kernel6;digestS64;0b9af0b69d92595acf5d62f3084d9099bb4499f5929359ec521336dea312d7e38;locationS31;RequestProject/Wasm/Syntax.lean8;evidenceS15;MACHINE_CHECKED","RequestProject","O7;13;source_systemS5;lean411;source_fileS31;RequestProject/Wasm/Syntax.lean13;source_formatS4;text11;imported_atI+0;14;transformed_atI+0;15;transformationsL0;13;parent_objectS0;","7d3d9f3e983db57172acaf1e373cfb0edc9b6314be429deb13ade9ce56ac4088"
"proof.Kant.SiteCard.breakAt.eq_1","Kant.SiteCard.breakAt.eq_1","lean4","VALID","RequestProject/Kant/SiteCard.lean","0","L0;","L0;","elaborated and checked by the Lean kernel","L1;S30;obj.Kant.SiteCard.breakAt.eq_1","L1;S32;claim.Kant.SiteCard.breakAt.eq_1","L0;","O4;4;kindS12;lean4-kernel6;digestS64;d50d08af3aabdbd38008778b260fe03494da694e2e359331e167fd47b26e2f0a8;locationS33;RequestProject/Kant/SiteCard.lean8;evidenceS15;MACHINE_CHECKED","RequestProject","O7;13;source_systemS5;lean411;source_fileS33;RequestProject/Kant/SiteCard.lean13;source_formatS4;text11;imported_atI+0;14;transformed_atI+0;15;transformationsL0;13;parent_objectS0;","0801007201e4c19a5a22c106a2759f3dfeabe152b3ea1e944e8cce8c33aec5b7"
"proof.Kant.Codec.rowsText.eq_2","Kant.Codec.rowsText.eq_2","lean4","VALID","RequestProject/Kant/Codec/Csv.lean","0","L0;","L0;","elaborated and checked by the Lean kernel","L1;S28;obj.Kant.Codec.rowsText.eq_2","L1;S30;claim.Kant.Codec.rowsText.eq_2","L0;","O4;4;kindS12;lean4-kernel6;digestS64;cf9c6158c42f5c6660f240dc5c1546c536d7f99a3d96afb0fd53c9b48b98cf478;locationS34;RequestProject/Kant/Codec/Csv.lean8;evidenceS15;MACHINE_CHECKED","RequestProject","O7;13;source_systemS5;lean411;source_fileS34;RequestProject/Kant/Codec/Csv.lean13;source_formatS4;text11;imported_atI+0;14;transformed_atI+0;15;transformationsL0;13;parent_objectS0;","c3c483397e104aeb81260804909499984de0872ae7d31b518fe1b7aab568a4fe"
"proof.Kant.Wasm.Leb128.sleb.eq_def","Kant.Wasm.Leb128.sleb.eq_def","lean4","VALID","RequestProject/Wasm/Leb128.lean","0","L0;","L0;","elaborated and checked by the Lean kernel","L1;S32;obj.Kant.Wasm.Leb128.sleb.eq_def","L1;S34;claim.Kant.Wasm.Leb128.sleb.eq_def","L0;","O4;4;kindS12;lean4-kernel6;digestS64;de1e3df1842dabfab5467a94d6bb9da1e235b4a64e85639c9948de5e22171d0b8;locationS31;RequestProject/Wasm/Leb128.lean8;evidenceS15;MACHINE_CHECKED","RequestProject","O7;13;source_systemS5;lean411;source_fileS31;RequestProject/Wasm/Leb128.lean13;source_formatS4;text11;imported_atI+0;14;transformed_atI+0;15;transformationsL0;13;parent_objectS0;","6bda06d9f1d5b2ad871345dfd97a4daa82b3ff1de1f7cbe7df6129659facbee4"
"proof.Kant.Feed.Row.mk.injEq","Kant.Feed.Row.mk.injEq","lean4","VALID","RequestProject/Kant/Feed.lean","0","L0;","L0;","elaborated and checked by the Lean kernel","L1;S26;obj.Kant.Feed.Row.mk.injEq","L1;S28;claim.Kant.Feed.Row.mk.injEq","L0;","O4;4;kindS12;lean4-kernel6;digestS64;393bc37e41860e259243ad962aeabae6009f9ccc910f71efb3eb5d3f755ebff88;locationS29;RequestProject/Kant/Feed.lean8;evidenceS15;MACHINE_CHECKED","RequestProject","O7;13;source_systemS5;lean411;source_fileS29;RequestProject/Kant/Feed.lean13;source_formatS4;text11;imported_atI+0;14;transformed_atI+0;15;transformationsL0;13;parent_objectS0;","f1b6f548ca3df6c93780f038ec01d4264ef65f5738112443f318bc1d9a615020"
"proof.Kant.Dom.ProofRec.ofVal.eq_1","Kant.Dom.ProofRec.ofVal.eq_1","lean4","VALID","RequestProject/Kant/Domain/Model.lean","0","L0;","L0;","elaborated and checked by the Lean kernel","L1;S32;obj.Kant.Dom.ProofRec.ofVal.eq_1","L1;S34;claim.Kant.Dom.ProofRec.ofVal.eq_1","L0;","O4;4;kindS12;lean4-kernel6;digestS64;eee2dc2b9c9926b9eda834bc25381c2ee0ddcaf31626cf4f1c0f851d7c4ec20c8;locationS37;RequestProject/Kant/Domain/Model.lean8;evidenceS15;MACHINE_CHECKED","RequestProject","O7;13;source_systemS5;lean411;source_fileS37;RequestProject/Kant/Domain/Model.lean13;source_formatS4;text11;imported_atI+0;14;transformed_atI+0;15;transformationsL0;13;parent_objectS0;","5400792ea138c3817d8a3d8eefd5cbbea755eb6ec754a7bb4126e17d1ce94a78"
"proof.Kant.Wasm.CmpOp.eq.sizeOf_spec","Kant.Wasm.CmpOp.eq.sizeOf_spec","lean4","VALID","RequestProject/Wasm/Syntax.lean","0","L0;","L0;","elaborated and checked by the Lean kernel","L1;S34;obj.Kant.Wasm.CmpOp.eq.sizeOf_spec","L1;S36;claim.Kant.Wasm.CmpOp.eq.sizeOf_spec","L0;","O4;4;kindS12;lean4-kernel6;digestS64;b37ec3fd98f784ecbeac78fea9f53c0f1495851834f801b2593f154bbddd97d58;locationS31;RequestProject/Wasm/Syntax.lean8;evidenceS15;MACHINE_CHECKED","RequestProject","O7;13;source_systemS5;lean411;source_fileS31;RequestProject/Wasm/Syntax.lean13;source_formatS4;text11;imported_atI+0;14;transformed_atI+0;15;transformationsL0;13;parent_objectS0;","374123d8f347eaec3fdadf5ab26898affef12f5b01a558728bce0fdf509deab5"
"proof.Kant.Dom.Event.reproduced.inj","Kant.Dom.Event.reproduced.inj","lean4","VALID","RequestProject/Kant/Domain/Policy.lean","0","L0;","L0;","elaborated and checked by the Lean kernel","L1;S33;obj.Kant.Dom.Event.reproduced.inj","L1;S35;claim.Kant.Dom.Event.reproduced.inj","L0;","O4;4;kindS12;lean4-kernel6;digestS64;5df61a0f4a3ca5c0db58aa11fb25addb0441f9e1483460e23f0babc8a5e77b958;locationS38;RequestProject/Kant/Domain/Policy.lean8;evidenceS15;MACHINE_CHECKED","RequestProject","O7;13;source_systemS5;lean411;source_fileS38;RequestProject/Kant/Domain/Policy.lean13;source_formatS4;text11;imported_atI+0;14;transformed_atI+0;15;transformationsL0;13;parent_objectS0;","6822190e6f4f372e2b72c1902ca28c214eb7e5e621e1e5c809208ee4909243bb"
"proof.Kant.SiteCard.isAscii_pasteUrl","Kant.SiteCard.isAscii_pasteUrl","lean4","VALID","RequestProject/Kant/SiteCard.lean","354","L1;S27;obj.Kant.SiteCard.Config.Wf","L0;","elaborated and checked by the Lean kernel","L1;S34;obj.Kant.SiteCard.isAscii_pasteUrl","L1;S36;claim.Kant.SiteCard.isAscii_pasteUrl","L1;S29;proof.Kant.SiteCard.Config.Wf","O4;4;kindS12;lean4-kernel6;digestS64;18fb200087a37ea9e0391b7a194058f2ca36e1f9893238f7756c1933a3070a008;locationS33;RequestProject/Kant/SiteCard.lean8;evidenceS15;MACHINE_CHECKED","RequestProject","O7;13;source_systemS5;lean411;source_fileS33;RequestProject/Kant/SiteCard.lean13;source_formatS4;text11;imported_atI+0;14;transformed_atI+354;15;transformationsL0;13;parent_objectS0;","a45fc36d8b4829af8522982339a30c4c1d7840015fa4a4751516d7d54af11b92"
"proof.Kant.Wasm.Decode.RawInstr.cmpop.inj","Kant.Wasm.Decode.RawInstr.cmpop.inj","lean4","VALID","RequestProject/Wasm/Decode.lean","0","L0;","L0;","elaborated and checked by the Lean kernel","L1;S39;obj.Kant.Wasm.Decode.RawInstr.cmpop.inj","L1;S41;claim.Kant.Wasm.Decode.RawInstr.cmpop.inj","L0;","O4;4;kindS12;lean4-kernel6;digestS64;93dc8fab1f3e181ab97d0b569404b975bdf86065c7957c08e2f485b66f0a875b8;locationS31;RequestProject/Wasm/Decode.lean8;evidenceS15;MACHINE_CHECKED","RequestProject","O7;13;source_systemS5;lean411;source_fileS31;RequestProject/Wasm/Decode.lean13;source_formatS4;text11;imported_atI+0;14;transformed_atI+0;15;transformationsL0;13;parent_objectS0;","267e7950cfae47941204a82a3d0209b70dbfd47d969e1a1a5854bd0d9456a5bd"
"proof.Kant.Rendezvous.best_merge_of_perm","Kant.Rendezvous.best_merge_of_perm","lean4","VALID","RequestProject/Kant/Rendezvous.lean","411","L0;","L0;","elaborated and checked by the Lean kernel","L1;S38;obj.Kant.Rendezvous.best_merge_of_perm","L1;S40;claim.Kant.Rendezvous.best_merge_of_perm","L0;","O4;4;kindS12;lean4-kernel6;digestS64;db635363c0471f3d6a5137a1bfc8b7c24160a9dbfc36379f5d18e6ca3b5871c48;locationS35;RequestProject/Kant/Rendezvous.lean8;evidenceS15;MACHINE_CHECKED","RequestProject","O7;13;source_systemS5;lean411;source_fileS35;RequestProject/Kant/Rendezvous.lean13;source_formatS4;text11;imported_atI+0;14;transformed_atI+411;15;transformationsL0;13;parent_objectS0;","1d56687206cbc92082082a1ca83f12e310caaf54d25ef0e69192ff05a0192c29"
"proof.Kant.ShareLog.postLog_get","Kant.ShareLog.postLog_get","lean4","VALID","RequestProject/Kant/ShareLog.lean","168","L2;S14;obj.Kant.StoreS27;obj.Kant.Diagnostics.Report","L0;","elaborated and checked by the Lean kernel","L1;S29;obj.Kant.ShareLog.postLog_get","L1;S31;claim.Kant.ShareLog.postLog_get","L2;S16;proof.Kant.StoreS29;proof.Kant.Diagnostics.Report","O4;4;kindS12;lean4-kernel6;digestS64;9c2b0e5f0dd7fc9ce8758766b2e76c97a6fc41334e3b66a617ab3ea08d3507998;locationS33;RequestProject/Kant/ShareLog.lean8;evidenceS15;MACHINE_CHECKED","RequestProject","O7;13;source_systemS5;lean411;source_fileS33;RequestProject/Kant/ShareLog.lean13;source_formatS4;text11;imported_atI+0;14;transformed_atI+168;15;transformationsL0;13;parent_objectS0;","9d0198ceb7386216ea5e13d8f0ec29f94423f20e1515e19052c5c24bf17df173"
"proof.Kant.CodeMovie.rleDecode_rleEncode","Kant.CodeMovie.rleDecode_rleEncode","lean4","VALID","RequestProject/Kant/CodeMovie.lean","53","L1;S36;obj.Kant.CodeMovie.rleEncode.match_1","L0;","elaborated and checked by the Lean kernel","L1;S38;obj.Kant.CodeMovie.rleDecode_rleEncode","L1;S40;claim.Kant.CodeMovie.rleDecode_rleEncode","L1;S38;proof.Kant.CodeMovie.rleEncode.match_1","O4;4;kindS12;lean4-kernel6;digestS64;36144684a114f86eddca8ebc9f76f935bbdc80d0be19a270ad5fbdc9fa6693ff8;locationS34;RequestProject/Kant/CodeMovie.lean8;evidenceS15;MACHINE_CHECKED","RequestProject","O7;13;source_systemS5;lean411;source_fileS34;RequestProject/Kant/CodeMovie.lean13;source_formatS4;text11;imported_atI+0;14;transformed_atI+53;15;transformationsL0;13;parent_objectS0;","fd8211627de5ba399f12990903f6180610b83584e5027a53d05f3fe0a300ba20"
"proof.Kant.Codec.xList_roundTrip","Kant.Codec.xList_roundTrip","lean4","VALID","RequestProject/Kant/Codec/Xml.lean","299","L0;","L0;","elaborated and checked by the Lean kernel","L1;S30;obj.Kant.Codec.xList_roundTrip","L1;S32;claim.Kant.Codec.xList_roundTrip","L0;","O4;4;kindS12;lean4-kernel6;digestS64;d10698928f13dec49e034853fd7e42f7cdec4168f18a43b6a8e62b08a1fe5bb18;locationS34;RequestProject/Kant/Codec/Xml.lean8;evidenceS15;MACHINE_CHECKED","RequestProject","O7;13;source_systemS5;lean411;source_fileS34;RequestProject/Kant/Codec/Xml.lean13;source_formatS4;text11;imported_atI+0;14;transformed_atI+299;15;transformationsL0;13;parent_objectS0;","be8991196538e3a6031af022bc340619d8a3a6c5eb05d1406aed562057f1a433"
"proof.Kant.Dasl.shardCid.eq_1","Kant.Dasl.shardCid.eq_1","lean4","VALID","RequestProject/Kant/Dasl.lean","0","L0;","L0;","elaborated and checked by the Lean kernel","L1;S27;obj.Kant.Dasl.shardCid.eq_1","L1;S29;claim.Kant.Dasl.shardCid.eq_1","L0;","O4;4;kindS12;lean4-kernel6;digestS64;f38261e01995c3afb51c65e5608b3460a4ced57a451ed5edb6dcc8c0d89ba0d68;locationS29;RequestProject/Kant/Dasl.lean8;evidenceS15;MACHINE_CHECKED","RequestProject","O7;13;source_systemS5;lean411;source_fileS29;RequestProject/Kant/Dasl.lean13;source_formatS4;text11;imported_atI+0;14;transformed_atI+0;15;transformationsL0;13;parent_objectS0;","36d0c35f6bc5f44ffeb86f1db37b5bac9d2f5c70db409f1533953fddb4e737f2"
"proof.Kant.Codec.valHash.eq_1","Kant.Codec.valHash.eq_1","lean4","VALID","RequestProject/Kant/Codec/Val.lean","0","L0;","L0;","elaborated and checked by the Lean kernel","L1;S27;obj.Kant.Codec.valHash.eq_1","L1;S29;claim.Kant.Codec.valHash.eq_1","L0;","O4;4;kindS12;lean4-kernel6;digestS64;2ab68f94d138bab8fd3ffdc89609eca799fa618c10ed4cf68ff60ec1ad75d35d8;locationS34;RequestProject/Kant/Codec/Val.lean8;evidenceS15;MACHINE_CHECKED","RequestProject","O7;13;source_systemS5;lean411;source_fileS34;RequestProject/Kant/Codec/Val.lean13;source_formatS4;text11;imported_atI+0;14;transformed_atI+0;15;transformationsL0;13;parent_objectS0;","a56963c52ecfc777eab7e3e2625ed8c40d603a4dbc0a025d61a9e7fd920ccfaa"
"proof.Kant.Relay.relay_cannot_forge","Kant.Relay.relay_cannot_forge","lean4","VALID","RequestProject/Kant/Relay.lean","317","L0;","L0;","elaborated and checked by the Lean kernel","L1;S33;obj.Kant.Relay.relay_cannot_forge","L1;S35;claim.Kant.Relay.relay_cannot_forge","L0;","O4;4;kindS12;lean4-kernel6;digestS64;23606abf03b4db04a8d258d49dd9b1c7f60d463e72300e462f68699baa0423718;locationS30;RequestProject/Kant/Relay.lean8;evidenceS15;MACHINE_CHECKED","RequestProject","O7;13;source_systemS5;lean411;source_fileS30;RequestProject/Kant/Relay.lean13;source_formatS4;text11;imported_atI+0;14;transformed_atI+317;15;transformationsL0;13;parent_objectS0;","844d1e186e5227581dd4b1a9b392a44b2c1d5c8215c4b57e93cf2aa3ead17671"
"proof.Kant.Wasm.Decode.instrDec.eq_1","Kant.Wasm.Decode.instrDec.eq_1","lean4","VALID","RequestProject/Wasm/Decode.lean","0","L0;","L0;","elaborated and checked by the Lean kernel","L1;S34;obj.Kant.Wasm.Decode.instrDec.eq_1","L1;S36;claim.Kant.Wasm.Decode.instrDec.eq_1","L0;","O4;4;kindS12;lean4-kernel6;digestS64;0fcfedc7d217fed2fea406565a1f80d567bd68db2e46478c6e274408ada1f98f8;locationS31;RequestProject/Wasm/Decode.lean8;evidenceS15;MACHINE_CHECKED","RequestProject","O7;13;source_systemS5;lean411;source_fileS31;RequestProject/Wasm/Decode.lean13;source_formatS4;text11;imported_atI+0;14;transformed_atI+0;15;transformationsL0;13;parent_objectS0;","68930855b297d7410e153286ae64d71e7f44ff7ddf22e37b6202d62cf04ae858"
"proof.Kant.Wasm.Expr.const.inj","Kant.Wasm.Expr.const.inj","lean4","VALID","RequestProject/Wasm/Syntax.lean","0","L1;S36;obj.Kant.Wasm.Expr.const.noConfusion","L0;","elaborated and checked by the Lean kernel","L1;S28;obj.Kant.Wasm.Expr.const.inj","L1;S30;claim.Kant.Wasm.Expr.const.inj","L1;S38;proof.Kant.Wasm.Expr.const.noConfusion","O4;4;kindS12;lean4-kernel6;digestS64;99370eb46cc382c7cccf2c90c4172d7c06843532d96c66110cff0a0c8d7f71ae8;locationS31;RequestProject/Wasm/Syntax.lean8;evidenceS15;MACHINE_CHECKED","RequestProject","O7;13;source_systemS5;lean411;source_fileS31;RequestProject/Wasm/Syntax.lean13;source_formatS4;text11;imported_atI+0;14;transformed_atI+0;15;transformationsL0;13;parent_objectS0;","a9191a36120eaa10bb37a0fd4f446d9375191f6ebe418356b74567de354abed9"
"proof.Kant.Dom.ledgerTable_rows","Kant.Dom.ledgerTable_rows","lean4","VALID","RequestProject/Kant/Domain/Table.lean","498","L0;","L0;","elaborated and checked by the Lean kernel","L1;S29;obj.Kant.Dom.ledgerTable_rows","L1;S31;claim.Kant.Dom.ledgerTable_rows","L0;","O4;4;kindS12;lean4-kernel6;digestS64;af44e4732ac03e49b36ead6228869b8a6a972da8fe73051383cf38a6bebb80dc8;locationS37;RequestProject/Kant/Domain/Table.lean8;evidenceS15;MACHINE_CHECKED","RequestProject","O7;13;source_systemS5;lean411;source_fileS37;RequestProject/Kant/Domain/Table.lean13;source_formatS4;text11;imported_atI+0;14;transformed_atI+498;15;transformationsL0;13;parent_objectS0;","bbdeda1fda58efe07da64cd8ff8cfa03afbebf538670a466d4829b283e35fd09"
"proof.Kant.Dom.readCells.eq_3","Kant.Dom.readCells.eq_3","lean4","VALID","RequestProject/Kant/Domain/Table.lean","0","L0;","L0;","elaborated and checked by the Lean kernel","L1;S27;obj.Kant.Dom.readCells.eq_3","L1;S29;claim.Kant.Dom.readCells.eq_3","L0;","O4;4;kindS12;lean4-kernel6;digestS64;1c5c83d195c8418d581a92458473346a650a16c625e19a2fefa1cbd8f70af05c8;locationS37;RequestProject/Kant/Domain/Table.lean8;evidenceS15;MACHINE_CHECKED","RequestProject","O7;13;source_systemS5;lean411;source_fileS37;RequestProject/Kant/Domain/Table.lean13;source_formatS4;text11;imported_atI+0;14;transformed_atI+0;15;transformationsL0;13;parent_objectS0;","97019cab67c1ac2085374414863a27038097bd84fb1a8fa63e986a8a6d9ff789"
"proof.Kant.Stego.extractBits_embedBits_prefix","Kant.Stego.extractBits_embedBits_prefix","lean4","VALID","RequestProject/Kant/Stego.lean","188","L1;S24;obj.Kant.Stego.embedBits","L0;","elaborated and checked by the Lean kernel","L1;S43;obj.Kant.Stego.extractBits_embedBits_prefix","L1;S45;claim.Kant.Stego.extractBits_embedBits_prefix","L1;S26;proof.Kant.Stego.embedBits","O4;4;kindS12;lean4-kernel6;digestS64;319448e0af0afe6b7f47737c642dedc4862186afe569ec812153046ebed87a928;locationS30;RequestProject/Kant/Stego.lean8;evidenceS15;MACHINE_CHECKED","RequestProject","O7;13;source_systemS5;lean411;source_fileS30;RequestProject/Kant/Stego.lean13;source_formatS4;text11;imported_atI+0;14;transformed_atI+188;15;transformationsL0;13;parent_objectS0;","d7b939b13721e681fa32318ecbb436eefaac2c04cab1e0db20a945466685eec8"
"proof.Kant.Uucp.Node.mem_sneakernet_iff","Kant.Uucp.Node.mem_sneakernet_iff","lean4","VALID","RequestProject/Kant/Uucp.lean","429","L0;","L0;","elaborated and checked by the Lean kernel","L1;S37;obj.Kant.Uucp.Node.mem_sneakernet_iff","L1;S39;claim.Kant.Uucp.Node.mem_sneakernet_iff","L0;","O4;4;kindS12;lean4-kernel6;digestS64;bac2f80371a6bc1f81df818fdca350e0dcef24101fa2acd57685e03de76655ce8;locationS29;RequestProject/Kant/Uucp.lean8;evidenceS15;MACHINE_CHECKED","RequestProject","O7;13;source_systemS5;lean411;source_fileS29;RequestProject/Kant/Uucp.lean13;source_formatS4;text11;imported_atI+0;14;transformed_atI+429;15;transformationsL0;13;parent_objectS0;","4768f98acd2c222e34feb18336394c517a7e1128b1756428949082a523fb79cb"
"proof.Kant.Codec.Strategy.manual.sizeOf_spec","Kant.Codec.Strategy.manual.sizeOf_spec","lean4","VALID","RequestProject/Kant/Codec/Reconcile.lean","0","L1;S23;obj.Kant.Codec.Strategy","L0;","elaborated and checked by the Lean kernel","L1;S42;obj.Kant.Codec.Strategy.manual.sizeOf_spec","L1;S44;claim.Kant.Codec.Strategy.manual.sizeOf_spec","L1;S25;proof.Kant.Codec.Strategy","O4;4;kindS12;lean4-kernel6;digestS64;3eaf1d1b0097378b2827cea20f0f0508d264acc99f4459d1a49713456bf1cdce8;locationS40;RequestProject/Kant/Codec/Reconcile.lean8;evidenceS15;MACHINE_CHECKED","RequestProject","O7;13;source_systemS5;lean411;source_fileS40;RequestProject/Kant/Codec/Reconcile.lean13;source_formatS4;text11;imported_atI+0;14;transformed_atI+0;15;transformationsL0;13;parent_objectS0;","29ad0343d40b1bf01ae9aed7b6dbae2372bb5a526758e656172bab9c60c8fd89"
"proof.Kant.Dom.roundtripReport.eq_1","Kant.Dom.roundtripReport.eq_1","lean4","VALID","RequestProject/Kant/Domain/Emit.lean","0","L0;","L0;","elaborated and checked by the Lean kernel","L1;S33;obj.Kant.Dom.roundtripReport.eq_1","L1;S35;claim.Kant.Dom.roundtripReport.eq_1","L0;","O4;4;kindS12;lean4-kernel6;digestS64;0c6b0e061ccec806c4ca69db1a2aff5d171a9967cdd58d5082ecccf1192de3ef8;locationS36;RequestProject/Kant/Domain/Emit.lean8;evidenceS15;MACHINE_CHECKED","RequestProject","O7;13;source_systemS5;lean411;source_fileS36;RequestProject/Kant/Domain/Emit.lean13;source_formatS4;text11;imported_atI+0;14;transformed_atI+0;15;transformationsL0;13;parent_objectS0;","757459bef7dff28c88522ea34ed12eff3789ed31709ac8324985cc213256bb25"
"proof.Kant.Dom.countP_coverage_split","Kant.Dom.countP_coverage_split","lean4","VALID","RequestProject/Kant/Domain/Ledger.lean","259","L0;","L0;","elaborated and checked by the Lean kernel","L1;S34;obj.Kant.Dom.countP_coverage_split","L1;S36;claim.Kant.Dom.countP_coverage_split","L0;","O4;4;kindS12;lean4-kernel6;digestS64;5d8d46b544324690417ac8b1d0340e6f01cf6718aa274946d0ebbc4fead134cd8;locationS38;RequestProject/Kant/Domain/Ledger.lean8;evidenceS15;MACHINE_CHECKED","RequestProject","O7;13;source_systemS5;lean411;source_fileS38;RequestProject/Kant/Domain/Ledger.lean13;source_formatS4;text11;imported_atI+0;14;transformed_atI+259;15;transformationsL0;13;parent_objectS0;","03cc41afe74c4334b2794fb07a7a644778ca74c8b634875a2c33745049ef43ed"
"proof.Kant.Clipboard.parseShareUrl_shareUrl","Kant.Clipboard.parseShareUrl_shareUrl","lean4","VALID","RequestProject/Kant/Clipboard.lean","367","L0;","L0;","elaborated and checked by the Lean kernel","L1;S41;obj.Kant.Clipboard.parseShareUrl_shareUrl","L1;S43;claim.Kant.Clipboard.parseShareUrl_shareUrl","L0;","O4;4;kindS12;lean4-kernel6;digestS64;94eb4b1dfc0277e7b30421aa2a105508f670ce1e2f4072b9dc8f620a26ad9fba8;locationS34;RequestProject/Kant/Clipboard.lean8;evidenceS15;MACHINE_CHECKED","RequestProject","O7;13;source_systemS5;lean411;source_fileS34;RequestProject/Kant/Clipboard.lean13;source_formatS4;text11;imported_atI+0;14;transformed_atI+367;15;transformationsL0;13;parent_objectS0;","d34bb0dc8412ed5b20ddc9175e150288adf12c55e9cb6801a1014bd90aaba0ae"
"proof.Kant.Join.allCode_no_hash","Kant.Join.allCode_no_hash","lean4","VALID","RequestProject/Kant/Join.lean","78","L0;","L0;","elaborated and checked by the Lean kernel","L1;S29;obj.Kant.Join.allCode_no_hash","L1;S31;claim.Kant.Join.allCode_no_hash","L0;","O4;4;kindS12;lean4-kernel6;digestS64;e423fc5f86d46a6b83d83eb0bfba48b85e2f27d11d874f4d9981adb4249e38428;locationS29;RequestProject/Kant/Join.lean8;evidenceS15;MACHINE_CHECKED","RequestProject","O7;13;source_systemS5;lean411;source_fileS29;RequestProject/Kant/Join.lean13;source_formatS4;text11;imported_atI+0;14;transformed_atI+78;15;transformationsL0;13;parent_objectS0;","18b61cca8457b5df33dfa98eb0710d9c16886f6a29fcbb25958d0b432475d5e2"
"proof.Kant.Codec.Err.mk.injEq","Kant.Codec.Err.mk.injEq","lean4","VALID","RequestProject/Kant/Codec/Model.lean","0","L0;","L0;","elaborated and checked by the Lean kernel","L1;S27;obj.Kant.Codec.Err.mk.injEq","L1;S29;claim.Kant.Codec.Err.mk.injEq","L0;","O4;4;kindS12;lean4-kernel6;digestS64;a4ce2c9532d41db8e5592d57de84ac276ec015cac6ce574e73991882dcd458758;locationS36;RequestProject/Kant/Codec/Model.lean8;evidenceS15;MACHINE_CHECKED","RequestProject","O7;13;source_systemS5;lean411;source_fileS36;RequestProject/Kant/Codec/Model.lean13;source_formatS4;text11;imported_atI+0;14;transformed_atI+0;15;transformationsL0;13;parent_objectS0;","4415ee904422660d40c1274b012b381a2ee35e3f422674e7e498560f05459a74"
"proof.Kant.Dasl.Orbifold.mk.sizeOf_spec","Kant.Dasl.Orbifold.mk.sizeOf_spec","lean4","VALID","RequestProject/Kant/Dasl.lean","0","L0;","L0;","elaborated and checked by the Lean kernel","L1;S37;obj.Kant.Dasl.Orbifold.mk.sizeOf_spec","L1;S39;claim.Kant.Dasl.Orbifold.mk.sizeOf_spec","L0;","O4;4;kindS12;lean4-kernel6;digestS64;ae78f7c37ddb5c179cde4b61051bd138434e72ce5cede155a7c8e9f707a0e2ae8;locationS29;RequestProject/Kant/Dasl.lean8;evidenceS15;MACHINE_CHECKED","RequestProject","O7;13;source_systemS5;lean411;source_fileS29;RequestProject/Kant/Dasl.lean13;source_formatS4;text11;imported_atI+0;14;transformed_atI+0;15;transformationsL0;13;parent_objectS0;","4a258766c8574c6075813ecb5e26838371f58c9e003be366e71dbc284e422e09"
"proof.Kant.Codec.xVal.eq_def","Kant.Codec.xVal.eq_def","lean4","VALID","RequestProject/Kant/Codec/Xml.lean","0","L1;S20;obj.Kant.Codec.xNull","L0;","elaborated and checked by the Lean kernel","L1;S26;obj.Kant.Codec.xVal.eq_def","L1;S28;claim.Kant.Codec.xVal.eq_def","L1;S22;proof.Kant.Codec.xNull","O4;4;kindS12;lean4-kernel6;digestS64;8f0089c6f84ba18afe004f28a1e5f241d1b83969702a310c8a9bfde49952448b8;locationS34;RequestProject/Kant/Codec/Xml.lean8;evidenceS15;MACHINE_CHECKED","RequestProject","O7;13;source_systemS5;lean411;source_fileS34;RequestProject/Kant/Codec/Xml.lean13;source_formatS4;text11;imported_atI+0;14;transformed_atI+0;15;transformationsL0;13;parent_objectS0;","ddca3697316855d963efb661718e6b06b2cfdc13df06eef30541b860e490ac20"
"proof.Kant.Codec.csvEncode_injective","Kant.Codec.csvEncode_injective","lean4","VALID","RequestProject/Kant/Codec/Csv.lean","460","L0;","L0;","elaborated and checked by the Lean kernel","L1;S34;obj.Kant.Codec.csvEncode_injective","L1;S36;claim.Kant.Codec.csvEncode_injective","L0;","O4;4;kindS12;lean4-kernel6;digestS64;31d67340cc89bdadf793a6894f18fa9a2bbf14ed883a973304048ae5719c5a188;locationS34;RequestProject/Kant/Codec/Csv.lean8;evidenceS15;MACHINE_CHECKED","RequestProject","O7;13;source_systemS5;lean411;source_fileS34;RequestProject/Kant/Codec/Csv.lean13;source_formatS4;text11;imported_atI+0;14;transformed_atI+460;15;transformationsL0;13;parent_objectS0;","1c5beb30c50735c69f9e63427ae18679e13bf95932c381601a8fac29036caa13"
"proof.Kant.Dom.parseTextFull.eq_1","Kant.Dom.parseTextFull.eq_1","lean4","VALID","RequestProject/Kant/Domain/Emit.lean","0","L0;","L0;","elaborated and checked by the Lean kernel","L1;S31;obj.Kant.Dom.parseTextFull.eq_1","L1;S33;claim.Kant.Dom.parseTextFull.eq_1","L0;","O4;4;kindS12;lean4-kernel6;digestS64;2e174b60e1abca7d5879bb8ebcaed01e322fb861390da35fc27d0355bc405f688;locationS36;RequestProject/Kant/Domain/Emit.lean8;evidenceS15;MACHINE_CHECKED","RequestProject","O7;13;source_systemS5;lean411;source_fileS36;RequestProject/Kant/Domain/Emit.lean13;source_formatS4;text11;imported_atI+0;14;transformed_atI+0;15;transformationsL0;13;parent_objectS0;","e33f1258584b34c352084a57732f4ab0948a0282932f33a96ef38e18c9596d96"
"proof.Kant.Onboarding.Screen.join.sizeOf_spec","Kant.Onboarding.Screen.join.sizeOf_spec","lean4","VALID","RequestProject/Kant/Onboarding.lean","0","L0;","L0;","elaborated and checked by the Lean kernel","L1;S43;obj.Kant.Onboarding.Screen.join.sizeOf_spec","L1;S45;claim.Kant.Onboarding.Screen.join.sizeOf_spec","L0;","O4;4;kindS12;lean4-kernel6;digestS64;355597153670270f223573aaa72d104ccaa7595a7ecdb3551cbda7ee028c2e128;locationS35;RequestProject/Kant/Onboarding.lean8;evidenceS15;MACHINE_CHECKED","RequestProject","O7;13;source_systemS5;lean411;source_fileS35;RequestProject/Kant/Onboarding.lean13;source_formatS4;text11;imported_atI+0;14;transformed_atI+0;15;transformationsL0;13;parent_objectS0;","62139cbb9492964fdcd108a24e14d3ac0c6f1a11bc49ae1590ed71b7b3350072"
"proof.Kant.Codec.rowsVal_ne_nil","Kant.Codec.rowsVal_ne_nil","lean4","VALID","RequestProject/Kant/Codec/Csv.lean","189","L0;","L0;","elaborated and checked by the Lean kernel","L1;S29;obj.Kant.Codec.rowsVal_ne_nil","L1;S31;claim.Kant.Codec.rowsVal_ne_nil","L0;","O4;4;kindS12;lean4-kernel6;digestS64;e5332b792cd9ef897b94daeef2a6692a283e3f68d99745331091b8f89996bc9c8;locationS34;RequestProject/Kant/Codec/Csv.lean8;evidenceS15;MACHINE_CHECKED","RequestProject","O7;13;source_systemS5;lean411;source_fileS34;RequestProject/Kant/Codec/Csv.lean13;source_formatS4;text11;imported_atI+0;14;transformed_atI+189;15;transformationsL0;13;parent_objectS0;","971c1fdf4bfb49210b6cdf8bbac4aaee46401527c2dc15fb71362fb079455cc8"
"proof.Kant.Sneakernet.Channel.wav.sizeOf_spec","Kant.Sneakernet.Channel.wav.sizeOf_spec","lean4","VALID","RequestProject/Kant/Sneakernet.lean","0","L0;","L0;","elaborated and checked by the Lean kernel","L1;S43;obj.Kant.Sneakernet.Channel.wav.sizeOf_spec","L1;S45;claim.Kant.Sneakernet.Channel.wav.sizeOf_spec","L0;","O4;4;kindS12;lean4-kernel6;digestS64;8f86ca2121ccb0d8e441d80e5fcaba6b340ab73b4a302efe64ae6fa26568b7918;locationS35;RequestProject/Kant/Sneakernet.lean8;evidenceS15;MACHINE_CHECKED","RequestProject","O7;13;source_systemS5;lean411;source_fileS35;RequestProject/Kant/Sneakernet.lean13;source_formatS4;text11;imported_atI+0;14;transformed_atI+0;15;transformationsL0;13;parent_objectS0;","64971ad1a077bae8e942094222e9ccabfd01658afa5c68ee3650575feea3a631"
"proof.Kant.CodeMovie.ungodel.eq_2","Kant.CodeMovie.ungodel.eq_2","lean4","VALID","RequestProject/Kant/CodeMovie.lean","0","L1;S33;obj.Kant.CodeMovie.ungodel.eq_def","L0;","elaborated and checked by the Lean kernel","L1;S31;obj.Kant.CodeMovie.ungodel.eq_2","L1;S33;claim.Kant.CodeMovie.ungodel.eq_2","L1;S35;proof.Kant.CodeMovie.ungodel.eq_def","O4;4;kindS12;lean4-kernel6;digestS64;313a1eb2bf51c0ac0fccbeeb3b8b2d9bc7a450c68df918ca4d4e0c3c746a5c918;locationS34;RequestProject/Kant/CodeMovie.lean8;evidenceS15;MACHINE_CHECKED","RequestProject","O7;13;source_systemS5;lean411;source_fileS34;RequestProject/Kant/CodeMovie.lean13;source_formatS4;text11;imported_atI+0;14;transformed_atI+0;15;transformationsL0;13;parent_objectS0;","9d561573d204409d75d1e1e2d348d52abde1340bae50d4b7c46782743e652fc4"
"proof.Kant.Diagnostics.Report.mk.inj","Kant.Diagnostics.Report.mk.inj","lean4","VALID","RequestProject/Kant/Diagnostics.lean","0","L1;S27;obj.Kant.Diagnostics.Report","L0;","elaborated and checked by the Lean kernel","L1;S34;obj.Kant.Diagnostics.Report.mk.inj","L1;S36;claim.Kant.Diagnostics.Report.mk.inj","L1;S29;proof.Kant.Diagnostics.Report","O4;4;kindS12;lean4-kernel6;digestS64;9b7a6b01cdd6aa78376b3b89249e0b0b7dc5a4a7aea95f2a6ce272eb9b24fcc58;locationS36;RequestProject/Kant/Diagnostics.lean8;evidenceS15;MACHINE_CHECKED","RequestProject","O7;13;source_systemS5;lean411;source_fileS36;RequestProject/Kant/Diagnostics.lean13;source_formatS4;text11;imported_atI+0;14;transformed_atI+0;15;transformationsL0;13;parent_objectS0;","dc83993282bf477d4afaa3cc9a792e6a22f96ea9b7fc3ed759276b0a332a57c4"
"proof.Kant.PlainText.joinCh.eq_1","Kant.PlainText.joinCh.eq_1","lean4","VALID","RequestProject/Kant/PlainText.lean","0","L0;","L0;","elaborated and checked by the Lean kernel","L1;S30;obj.Kant.PlainText.joinCh.eq_1","L1;S32;claim.Kant.PlainText.joinCh.eq_1","L0;","O4;4;kindS12;lean4-kernel6;digestS64;db30d8e180b876cff8c69acec3fdfac0a72c4c40f7d1ab459286ef949f54ea7e8;locationS34;RequestProject/Kant/PlainText.lean8;evidenceS15;MACHINE_CHECKED","RequestProject","O7;13;source_systemS5;lean411;source_fileS34;RequestProject/Kant/PlainText.lean13;source_formatS4;text11;imported_atI+0;14;transformed_atI+0;15;transformationsL0;13;parent_objectS0;","396a21b3b9df7f8f0849fa17a7a8971c8fc8ac4d615f7075f3928892e1eee582"
"proof.Kant.CardDebug.Code.card.inj","Kant.CardDebug.Code.card.inj","lean4","VALID","RequestProject/Kant/CardDebug.lean","0","L1;S23;obj.Kant.CardDebug.Code","L0;","elaborated and checked by the Lean kernel","L1;S32;obj.Kant.CardDebug.Code.card.inj","L1;S34;claim.Kant.CardDebug.Code.card.inj","L1;S25;proof.Kant.CardDebug.Code","O4;4;kindS12;lean4-kernel6;digestS64;1e5be486ed9f9b3bb448e65198fafdb0337e814334cbaf559876262c6cedea328;locationS34;RequestProject/Kant/CardDebug.lean8;evidenceS15;MACHINE_CHECKED","RequestProject","O7;13;source_systemS5;lean411;source_fileS34;RequestProject/Kant/CardDebug.lean13;source_formatS4;text11;imported_atI+0;14;transformed_atI+0;15;transformationsL0;13;parent_objectS0;","9d479e36c7540a27ae75d4a6b789093494d4e37e3530c08d864d754f35ab9f1a"
"proof.Kant.Text.containsSub.eq_2","Kant.Text.containsSub.eq_2","lean4","VALID","RequestProject/Kant/Text.lean","0","L0;","L0;","elaborated and checked by the Lean kernel","L1;S30;obj.Kant.Text.containsSub.eq_2","L1;S32;claim.Kant.Text.containsSub.eq_2","L0;","O4;4;kindS12;lean4-kernel6;digestS64;c01ce11191a45cb2df8cdc9d2ce0ca016678eabe15fcda4492a6f3f9cb8c694b8;locationS29;RequestProject/Kant/Text.lean8;evidenceS15;MACHINE_CHECKED","RequestProject","O7;13;source_systemS5;lean411;source_fileS29;RequestProject/Kant/Text.lean13;source_formatS4;text11;imported_atI+0;14;transformed_atI+0;15;transformationsL0;13;parent_objectS0;","5139e731e2f49457268332904c2a8934d04c71feaffb465d219f44150fc2643a"
"proof.Kant.Cli.afterPrefix_append","Kant.Cli.afterPrefix_append","lean4","VALID","RequestProject/Kant/Cli.lean","248","L0;","L0;","elaborated and checked by the Lean kernel","L1;S31;obj.Kant.Cli.afterPrefix_append","L1;S33;claim.Kant.Cli.afterPrefix_append","L0;","O4;4;kindS12;lean4-kernel6;digestS64;c792749826ea89a1063502230d74d0ea864d2bf7df6136f3937665b4b21097f48;locationS28;RequestProject/Kant/Cli.lean8;evidenceS15;MACHINE_CHECKED","RequestProject","O7;13;source_systemS5;lean411;source_fileS28;RequestProject/Kant/Cli.lean13;source_formatS4;text11;imported_atI+0;14;transformed_atI+248;15;transformationsL0;13;parent_objectS0;","aa64b40808acb7e9f99907ee30ee63362ea681eb13f406c3c2e9670716ee9010"
"proof.Kant.Codec.Strategy.reject.sizeOf_spec","Kant.Codec.Strategy.reject.sizeOf_spec","lean4","VALID","RequestProject/Kant/Codec/Reconcile.lean","0","L1;S23;obj.Kant.Codec.Strategy","L0;","elaborated and checked by the Lean kernel","L1;S42;obj.Kant.Codec.Strategy.reject.sizeOf_spec","L1;S44;claim.Kant.Codec.Strategy.reject.sizeOf_spec","L1;S25;proof.Kant.Codec.Strategy","O4;4;kindS12;lean4-kernel6;digestS64;c14a7ea9f7598854ac34b6d97ea619579c92850f2f40511ac251aafad6152b9d8;locationS40;RequestProject/Kant/Codec/Reconcile.lean8;evidenceS15;MACHINE_CHECKED","RequestProject","O7;13;source_systemS5;lean411;source_fileS40;RequestProject/Kant/Codec/Reconcile.lean13;source_formatS4;text11;imported_atI+0;14;transformed_atI+0;15;transformationsL0;13;parent_objectS0;","e367cd1ee031011fce69e4682e2e328c0e147b0d537304c5ae8a3cc4ca4813b2"
"proof.Kant.Relay.receive_cons","Kant.Relay.receive_cons","lean4","VALID","RequestProject/Kant/Relay.lean","273","L0;","L0;","elaborated and checked by the Lean kernel","L1;S27;obj.Kant.Relay.receive_cons","L1;S29;claim.Kant.Relay.receive_cons","L0;","O4;4;kindS12;lean4-kernel6;digestS64;91dd2be8128be7096a7d85604059035a656bf1143fa7e4cbcf38ccc587be18648;locationS30;RequestProject/Kant/Relay.lean8;evidenceS15;MACHINE_CHECKED","RequestProject","O7;13;source_systemS5;lean411;source_fileS30;RequestProject/Kant/Relay.lean13;source_formatS4;text11;imported_atI+0;14;transformed_atI+273;15;transformationsL0;13;parent_objectS0;","0248e9ea73d6bcb56f08d1a0f337a46233e3cc78173e728f451b3bdfb9fa343c"
"proof.Kant.SiteCard.readChatCard_chatMsg","Kant.SiteCard.readChatCard_chatMsg","lean4","VALID","RequestProject/Kant/SiteCard.lean","665","L1;S24;obj.Kant.Text.asciiBytes","L0;","elaborated and checked by the Lean kernel","L1;S38;obj.Kant.SiteCard.readChatCard_chatMsg","L1;S40;claim.Kant.SiteCard.readChatCard_chatMsg","L1;S26;proof.Kant.Text.asciiBytes","O4;4;kindS12;lean4-kernel6;digestS64;f6e63e743cf002282aace19bdb550b6b0f946f3e5b62b36a3a27b8b3f768ad758;locationS33;RequestProject/Kant/SiteCard.lean8;evidenceS15;MACHINE_CHECKED","RequestProject","O7;13;source_systemS5;lean411;source_fileS33;RequestProject/Kant/SiteCard.lean13;source_formatS4;text11;imported_atI+0;14;transformed_atI+665;15;transformationsL0;13;parent_objectS0;","9059010631fec9d347f38a3e543eff10ca72498e39dd115984c638f48c08a516"
"proof.Kant.Dom.findProof_of_mem_proofsOf","Kant.Dom.findProof_of_mem_proofsOf","lean4","VALID","RequestProject/Kant/Domain/Ledger.lean","184","L0;","L0;","elaborated and checked by the Lean kernel","L1;S38;obj.Kant.Dom.findProof_of_mem_proofsOf","L1;S40;claim.Kant.Dom.findProof_of_mem_proofsOf","L0;","O4;4;kindS12;lean4-kernel6;digestS64;fa0b688632e647091b41ab48c8bd0ac650c7d00c8c24df07fe18318c503b4dbc8;locationS38;RequestProject/Kant/Domain/Ledger.lean8;evidenceS15;MACHINE_CHECKED","RequestProject","O7;13;source_systemS5;lean411;source_fileS38;RequestProject/Kant/Domain/Ledger.lean13;source_formatS4;text11;imported_atI+0;14;transformed_atI+184;15;transformationsL0;13;parent_objectS0;","21c9d8cdba262e1b3178b981385a34686664bf9045272cc1f5a05a222ee21b8e"
"proof.Kant.Codec.Ipdl.obj.inj","Kant.Codec.Ipdl.obj.inj","lean4","VALID","RequestProject/Kant/Codec/Ipdl.lean","0","L1;S35;obj.Kant.Codec.Ipdl.obj.noConfusion","L0;","elaborated and checked by the Lean kernel","L1;S27;obj.Kant.Codec.Ipdl.obj.inj","L1;S29;claim.Kant.Codec.Ipdl.obj.inj","L1;S37;proof.Kant.Codec.Ipdl.obj.noConfusion","O4;4;kindS12;lean4-kernel6;digestS64;1f3c23f1353c1beb6d5319e62428c950534d674d7c3d80cd7b0c9d7730a797ea8;locationS35;RequestProject/Kant/Codec/Ipdl.lean8;evidenceS15;MACHINE_CHECKED","RequestProject","O7;13;source_systemS5;lean411;source_fileS35;RequestProject/Kant/Codec/Ipdl.lean13;source_formatS4;text11;imported_atI+0;14;transformed_atI+0;15;transformationsL0;13;parent_objectS0;","93c8e913bce65238482e3bb80abc14fbb8b4572bb423503edd2910c1b19ec381"
"proof.Kant.Credits.Ledger.empty_valid","Kant.Credits.Ledger.empty_valid","lean4","VALID","RequestProject/Kant/Credits.lean","79","L0;","L0;","elaborated and checked by the Lean kernel","L1;S35;obj.Kant.Credits.Ledger.empty_valid","L1;S37;claim.Kant.Credits.Ledger.empty_valid","L0;","O4;4;kindS12;lean4-kernel6;digestS64;7f6b617cdf8236ada93734b1fe71398aae588d77da1594e74209aec28bb288448;locationS32;RequestProject/Kant/Credits.lean8;evidenceS15;MACHINE_CHECKED","RequestProject","O7;13;source_systemS5;lean411;source_fileS32;RequestProject/Kant/Credits.lean13;source_formatS4;text11;imported_atI+0;14;transformed_atI+79;15;transformationsL0;13;parent_objectS0;","e6f5ab48f6a4f438d0a9def75069540bc4348dffc223da9e58c191baaac305f1"
"proof.Kant.Clipboard.pasteText_eq_none_of_mismatch","Kant.Clipboard.pasteText_eq_none_of_mismatch","lean4","VALID","RequestProject/Kant/Clipboard.lean","222","L0;","L0;","elaborated and checked by the Lean kernel","L1;S48;obj.Kant.Clipboard.pasteText_eq_none_of_mismatch","L1;S50;claim.Kant.Clipboard.pasteText_eq_none_of_mismatch","L0;","O4;4;kindS12;lean4-kernel6;digestS64;4469f865925cdc25e3477e1b2b53ac46e420a1e86efcebe72a6eb72ecdada2808;locationS34;RequestProject/Kant/Clipboard.lean8;evidenceS15;MACHINE_CHECKED","RequestProject","O7;13;source_systemS5;lean411;source_fileS34;RequestProject/Kant/Clipboard.lean13;source_formatS4;text11;imported_atI+0;14;transformed_atI+222;15;transformationsL0;13;parent_objectS0;","35f9617fea08398f4a59a2a39daa8b9c72c92ed97fe5faf5435b673358758202"
"proof.Kant.Rendezvous.Roster.discovery_transitive","Kant.Rendezvous.Roster.discovery_transitive","lean4","VALID","RequestProject/Kant/Rendezvous.lean","241","L0;","L0;","elaborated and checked by the Lean kernel","L1;S47;obj.Kant.Rendezvous.Roster.discovery_transitive","L1;S49;claim.Kant.Rendezvous.Roster.discovery_transitive","L0;","O4;4;kindS12;lean4-kernel6;digestS64;f3d34b6a11267e30a4a07815c966a3131c5f3c08a15673123c0b936501e01c3d8;locationS35;RequestProject/Kant/Rendezvous.lean8;evidenceS15;MACHINE_CHECKED","RequestProject","O7;13;source_systemS5;lean411;source_fileS35;RequestProject/Kant/Rendezvous.lean13;source_formatS4;text11;imported_atI+0;14;transformed_atI+241;15;transformationsL0;13;parent_objectS0;","d4b59391698e2466b95ec1635830d8095838897de9ec0aa090a4d5e6bfe53443"
"proof.Kant.Relay.leMsg_total","Kant.Relay.leMsg_total","lean4","VALID","RequestProject/Kant/Relay.lean","350","L0;","L0;","elaborated and checked by the Lean kernel","L1;S26;obj.Kant.Relay.leMsg_total","L1;S28;claim.Kant.Relay.leMsg_total","L0;","O4;4;kindS12;lean4-kernel6;digestS64;ab4a7edb13eb2094f2be25d5c5b3949bd286532b7bfb7352df27cb1f415f54d18;locationS30;RequestProject/Kant/Relay.lean8;evidenceS15;MACHINE_CHECKED","RequestProject","O7;13;source_systemS5;lean411;source_fileS30;RequestProject/Kant/Relay.lean13;source_formatS4;text11;imported_atI+0;14;transformed_atI+350;15;transformationsL0;13;parent_objectS0;","82bdeedff65f608a8631801d8e95edbd1bb2e167e7db4fe4465c5a00fcab0e17"
"proof.Kant.Sneakernet.frames_pairwise","Kant.Sneakernet.frames_pairwise","lean4","VALID","RequestProject/Kant/Sneakernet.lean","182","L0;","L0;","elaborated and checked by the Lean kernel","L1;S35;obj.Kant.Sneakernet.frames_pairwise","L1;S37;claim.Kant.Sneakernet.frames_pairwise","L0;","O4;4;kindS12;lean4-kernel6;digestS64;b1fed0bc6fbe5712beb5bb2721f01369a1326017aceea29c2816bd9a7c4df2eb8;locationS35;RequestProject/Kant/Sneakernet.lean8;evidenceS15;MACHINE_CHECKED","RequestProject","O7;13;source_systemS5;lean411;source_fileS35;RequestProject/Kant/Sneakernet.lean13;source_formatS4;text11;imported_atI+0;14;transformed_atI+182;15;transformationsL0;13;parent_objectS0;","29967687dafdc643cc821ee2a2ac9640b00a3a80725dbf49bb93884db558f1c6"
"proof.Kant.CardDebug.explain.eq_3","Kant.CardDebug.explain.eq_3","lean4","VALID","RequestProject/Kant/CardDebug.lean","0","L0;","L0;","elaborated and checked by the Lean kernel","L1;S31;obj.Kant.CardDebug.explain.eq_3","L1;S33;claim.Kant.CardDebug.explain.eq_3","L0;","O4;4;kindS12;lean4-kernel6;digestS64;cb1c1f1409d468c9896b5ef55c7fd126af3344db93312d43bf152c0b425290a08;locationS34;RequestProject/Kant/CardDebug.lean8;evidenceS15;MACHINE_CHECKED","RequestProject","O7;13;source_systemS5;lean411;source_fileS34;RequestProject/Kant/CardDebug.lean13;source_formatS4;text11;imported_atI+0;14;transformed_atI+0;15;transformationsL0;13;parent_objectS0;","af1de22a14adfe5036d1154aabdd9e439fe270d8d4b75bf672fd2cd9e5f2ac69"
"proof.Kant.Cli.Route.mk.sizeOf_spec","Kant.Cli.Route.mk.sizeOf_spec","lean4","VALID","RequestProject/Kant/Cli.lean","0","L0;","L0;","elaborated and checked by the Lean kernel","L1;S33;obj.Kant.Cli.Route.mk.sizeOf_spec","L1;S35;claim.Kant.Cli.Route.mk.sizeOf_spec","L0;","O4;4;kindS12;lean4-kernel6;digestS64;63b05dc536e719191f65fa9dc1d54092ec1f4e80838cb2235ab1e61b6e388ce48;locationS28;RequestProject/Kant/Cli.lean8;evidenceS15;MACHINE_CHECKED","RequestProject","O7;13;source_systemS5;lean411;source_fileS28;RequestProject/Kant/Cli.lean13;source_formatS4;text11;imported_atI+0;14;transformed_atI+0;15;transformationsL0;13;parent_objectS0;","695ea221176bf63f6338087288d678acb49e98dedf1d2ca5e730ae8f62889212"
"proof.Kant.Wasm.Expr.const.injEq","Kant.Wasm.Expr.const.injEq","lean4","VALID","RequestProject/Wasm/Syntax.lean","0","L1;S36;obj.Kant.Wasm.Expr.const.noConfusion","L0;","elaborated and checked by the Lean kernel","L1;S30;obj.Kant.Wasm.Expr.const.injEq","L1;S32;claim.Kant.Wasm.Expr.const.injEq","L1;S38;proof.Kant.Wasm.Expr.const.noConfusion","O4;4;kindS12;lean4-kernel6;digestS64;930bc4a36250369e74decd976f964e1d09f02e523c5e8cd0462a86804178ddc78;locationS31;RequestProject/Wasm/Syntax.lean8;evidenceS15;MACHINE_CHECKED","RequestProject","O7;13;source_systemS5;lean411;source_fileS31;RequestProject/Wasm/Syntax.lean13;source_formatS4;text11;imported_atI+0;14;transformed_atI+0;15;transformationsL0;13;parent_objectS0;","80ad664bb24e3c1aae1e5ac09620009d4739b70a1af49cd458164149624567d7"
"proof.Kant.Codec.Difference.mk.sizeOf_spec","Kant.Codec.Difference.mk.sizeOf_spec","lean4","VALID","RequestProject/Kant/Codec/Reconcile.lean","0","L0;","L0;","elaborated and checked by the Lean kernel","L1;S40;obj.Kant.Codec.Difference.mk.sizeOf_spec","L1;S42;claim.Kant.Codec.Difference.mk.sizeOf_spec","L0;","O4;4;kindS12;lean4-kernel6;digestS64;0cc77d16e0fecb44ebf214951408d6ab8e959df93e0c85fa9691199e1b7502698;locationS40;RequestProject/Kant/Codec/Reconcile.lean8;evidenceS15;MACHINE_CHECKED","RequestProject","O7;13;source_systemS5;lean411;source_fileS40;RequestProject/Kant/Codec/Reconcile.lean13;source_formatS4;text11;imported_atI+0;14;transformed_atI+0;15;transformationsL0;13;parent_objectS0;","3c4c0ae18357624810b0c98fca11d0fb0d4047e1ddafadaee38897c5409882e1"
"proof.Kant.Codec.detect.eq_2","Kant.Codec.detect.eq_2","lean4","VALID","RequestProject/Kant/Codec/RawText.lean","0","L2;S25;obj.Kant.Codec.ipdlHeaderS25;obj.Kant.Codec.yamlDecode","L0;","elaborated and checked by the Lean kernel","L1;S26;obj.Kant.Codec.detect.eq_2","L1;S28;claim.Kant.Codec.detect.eq_2","L2;S27;proof.Kant.Codec.ipdlHeaderS27;proof.Kant.Codec.yamlDecode","O4;4;kindS12;lean4-kernel6;digestS64;075b105ef149815b223c27143b9f8f64e4877481338b7b718fbd2bc148c0f5728;locationS38;RequestProject/Kant/Codec/RawText.lean8;evidenceS15;MACHINE_CHECKED","RequestProject","O7;13;source_systemS5;lean411;source_fileS38;RequestProject/Kant/Codec/RawText.lean13;source_formatS4;text11;imported_atI+0;14;transformed_atI+0;15;transformationsL0;13;parent_objectS0;","d9110b83a9342caf6b7368e2ca250f1ce6b739dfca540ad572b9ba430eb034c2"
"proof.Kant.Codec.Val.obj.sizeOf_spec","Kant.Codec.Val.obj.sizeOf_spec","lean4","VALID","RequestProject/Kant/Codec/Val.lean","0","L0;","L0;","elaborated and checked by the Lean kernel","L1;S34;obj.Kant.Codec.Val.obj.sizeOf_spec","L1;S36;claim.Kant.Codec.Val.obj.sizeOf_spec","L0;","O4;4;kindS12;lean4-kernel6;digestS64;fd6d5b0a7b591bf276aa6d5dcb35d619cac2aeead29b605c7c876086395d4cbb8;locationS34;RequestProject/Kant/Codec/Val.lean8;evidenceS15;MACHINE_CHECKED","RequestProject","O7;13;source_systemS5;lean411;source_fileS34;RequestProject/Kant/Codec/Val.lean13;source_formatS4;text11;imported_atI+0;14;transformed_atI+0;15;transformationsL0;13;parent_objectS0;","297bc33ebd4e68ece15ea5f4103bdfbf9ea8ca491fbd5552399fcda0d1f0e4a5"
