"object_id","kind","name","truth_status","claim","inputs","parameters","transformations","outputs","claim_refs","evidence_refs","proof_refs","error_refs","value","provenance","canonical_hash"
"obj.Kant.Codec.Ipdl.Clean.recOn","def","Kant.Codec.Ipdl.Clean.recOn","ASSERTED","∀ {motive : (a : Kant.Codec.Ipdl) → a.Clean → Prop} {a : Kant.Codec.Ipdl} (t : a.Clean),   motive Kant.Codec.Ipdl.null Kant.Codec.Ipdl.Clean.null →     (∀ (b : Bool), motive (Kant.Codec.Ipdl.bool b) ⋯) →       (∀ (n : Int), motive (Kant.Codec.Ipdl.int n) ⋯) →         (∀ (s : List Char), motive (Kant.Codec.Ipdl.str s) ⋯) →           (∀ (xs : List Kant.Codec.Ipdl)               (a : ∀ (x : Kant.Codec.Ipdl), List.instMembership.mem xs x → x.Clean),               (∀ (x : Kant.Codec.Ipdl) (a_1 : List.instMembership.mem xs x), motive x ⋯) →                 motive (Kant.Codec.Ipdl.list xs) ⋯) →             (∀ (fs : List (Prod (List Char) Kant.Codec.Ipdl))                 (a :                   ∀ (kv : Prod (List Char) Kant.Codec.Ipdl),                     List.instMembership.mem fs kv → Not (Kant.Codec.IpdlReserved kv.fst))                 (a_1 :                   ∀ (kv : Prod (List Char) Kant.Codec.Ipdl),                     List.instMembership.mem fs kv → kv.snd.Clean),                 (∀ (kv : Prod (List Char) Kant.Codec.Ipdl) (a : List.instMembership.mem fs kv),                     motive kv.snd ⋯) →                   motive (Kant.Codec.Ipdl.obj fs) ⋯) →               (∀ (t : List Char), motive (Kant.Codec.Ipdl.ref t) ⋯) →                 (∀ (k n : List Char) (b : Kant.Codec.Ipdl) (a : b.Clean),                     motive b a → motive (Kant.Codec.Ipdl.annot k n b) ⋯) →                   motive a t","L1;S19;obj.Kant.Codec.Ipdl","O0;","L0;","L0;","L0;","L0;","L0;","L0;","S1417;∀ {motive : (a : Kant.Codec.Ipdl) → a.Clean → Prop} {a : Kant.Codec.Ipdl} (t : a.Clean),   motive Kant.Codec.Ipdl.null Kant.Codec.Ipdl.Clean.null →     (∀ (b : Bool), motive (Kant.Codec.Ipdl.bool b) ⋯) →       (∀ (n : Int), motive (Kant.Codec.Ipdl.int n) ⋯) →         (∀ (s : List Char), motive (Kant.Codec.Ipdl.str s) ⋯) →           (∀ (xs : List Kant.Codec.Ipdl)               (a : ∀ (x : Kant.Codec.Ipdl), List.instMembership.mem xs x → x.Clean),               (∀ (x : Kant.Codec.Ipdl) (a_1 : List.instMembership.mem xs x), motive x ⋯) →                 motive (Kant.Codec.Ipdl.list xs) ⋯) →             (∀ (fs : List (Prod (List Char) Kant.Codec.Ipdl))                 (a :                   ∀ (kv : Prod (List Char) Kant.Codec.Ipdl),                     List.instMembership.mem fs kv → Not (Kant.Codec.IpdlReserved kv.fst))                 (a_1 :                   ∀ (kv : Prod (List Char) Kant.Codec.Ipdl),                     List.instMembership.mem fs kv → kv.snd.Clean),                 (∀ (kv : Prod (List Char) Kant.Codec.Ipdl) (a : List.instMembership.mem fs kv),                     motive kv.snd ⋯) →                   motive (Kant.Codec.Ipdl.obj fs) ⋯) →               (∀ (t : List Char), motive (Kant.Codec.Ipdl.ref t) ⋯) →                 (∀ (k n : List Char) (b : Kant.Codec.Ipdl) (a : b.Clean),                     motive b a → motive (Kant.Codec.Ipdl.annot k n b) ⋯) →                   motive a t","O7;13;source_systemS5;lean411;source_fileS35;RequestProject/Kant/Codec/Ipdl.lean13;source_formatS4;text11;imported_atI+0;14;transformed_atI+67;15;transformationsL0;13;parent_objectS0;","c6a580dfecad99bfd425c1f810a86aecdd7b514dd050fb7588000821a4dcc6c2"
"obj.Kant.Dom.relationRow","def","Kant.Dom.relationRow","ASSERTED","Kant.Dom.Relation → List (List Char)","L0;","O0;","L0;","L0;","L0;","L0;","L0;","L0;","S36;Kant.Dom.Relation → List (List Char)","O7;13;source_systemS5;lean411;source_fileS37;RequestProject/Kant/Domain/Table.lean13;source_formatS4;text11;imported_atI+0;14;transformed_atI+405;15;transformationsL0;13;parent_objectS0;","ccad4c804ef15a1a4d5417d5db39ffede97255d2b0f09fdc8750d2c64a332eaf"
"obj.Kant.Codec.Extract.mk.inj","theorem","Kant.Codec.Extract.mk.inj","PROVEN","∀ {kind : List Char} {offset length : Nat} {kind_1 : List Char} {offset_1 length_1 : Nat},   Eq { kind := kind, offset := offset, length := length }       { kind := kind_1, offset := offset_1, length := length_1 } →     And (Eq kind kind_1) (And (Eq offset offset_1) (Eq length length_1))","L1;S22;obj.Kant.Codec.Extract","O0;","L0;","L0;","L1;S31;claim.Kant.Codec.Extract.mk.inj","L0;","L1;S31;proof.Kant.Codec.Extract.mk.inj","L0;","S288;∀ {kind : List Char} {offset length : Nat} {kind_1 : List Char} {offset_1 length_1 : Nat},   Eq { kind := kind, offset := offset, length := length }       { kind := kind_1, offset := offset_1, length := length_1 } →     And (Eq kind kind_1) (And (Eq offset offset_1) (Eq length length_1))","O7;13;source_systemS5;lean411;source_fileS38;RequestProject/Kant/Codec/RawText.lean13;source_formatS4;text11;imported_atI+0;14;transformed_atI+0;15;transformationsL0;13;parent_objectS0;","3ffdc5dcfc82eb12f63edf65385f4e8d359d6edf34dace6c5962cfeb23bf3d97"
"obj.Kant.Dom.Relation.casesOn","def","Kant.Dom.Relation.casesOn","ASSERTED","{motive : Kant.Dom.Relation → Sort u} →   (t : Kant.Dom.Relation) →     ((source : Kant.Dom.Id) →         (kind : Kant.Dom.Rel) →           (target : Kant.Dom.Id) → motive { source := source, kind := kind, target := target }) →       motive t","L1;S15;obj.Kant.Dom.Id","O0;","L0;","L0;","L0;","L0;","L0;","L0;","S242;{motive : Kant.Dom.Relation → Sort u} →   (t : Kant.Dom.Relation) →     ((source : Kant.Dom.Id) →         (kind : Kant.Dom.Rel) →           (target : Kant.Dom.Id) → motive { source := source, kind := kind, target := target }) →       motive t","O7;13;source_systemS5;lean411;source_fileS37;RequestProject/Kant/Domain/Model.lean13;source_formatS4;text11;imported_atI+0;14;transformed_atI+501;15;transformationsL0;13;parent_objectS0;","dfa62b2d6503a983026cda66a55d4c3803d01dde28e2e5715b0c2d661fd870e6"
"obj.Kant.Wasm.Decode.VType.toCtorIdx","def","Kant.Wasm.Decode.VType.toCtorIdx","ASSERTED","Kant.Wasm.Decode.VType → Nat","L1;S34;obj.Kant.Wasm.Decode.VType.ctorIdx","O0;","L0;","L0;","L0;","L0;","L0;","L0;","S28;Kant.Wasm.Decode.VType → Nat","O7;13;source_systemS5;lean411;source_fileS31;RequestProject/Wasm/Decode.lean13;source_formatS4;text11;imported_atI+0;14;transformed_atI+0;15;transformationsL0;13;parent_objectS0;","a16362c38fec6b3645289bec2b8911d1714520312f7c2478055791ba10128283"
"obj.Kant.Uucp.Node.blank","def","Kant.Uucp.Node.blank","ASSERTED","List Char → Kant.Uucp.Node","L0;","O0;","L0;","L0;","L0;","L0;","L0;","L0;","S26;List Char → Kant.Uucp.Node","O7;13;source_systemS5;lean411;source_fileS29;RequestProject/Kant/Uucp.lean13;source_formatS4;text11;imported_atI+0;14;transformed_atI+373;15;transformationsL0;13;parent_objectS0;","a49d16f81794870b22b5ca34c88476809018b9d71b720c29109ceb788033177e"
"obj.Kant.Wasm.CmpOp.ltu.sizeOf_spec","theorem","Kant.Wasm.CmpOp.ltu.sizeOf_spec","PROVEN","Eq (Kant.Wasm.CmpOp._sizeOf_inst.sizeOf Kant.Wasm.CmpOp.ltu) 1","L0;","O0;","L0;","L0;","L1;S37;claim.Kant.Wasm.CmpOp.ltu.sizeOf_spec","L0;","L1;S37;proof.Kant.Wasm.CmpOp.ltu.sizeOf_spec","L0;","S62;Eq (Kant.Wasm.CmpOp._sizeOf_inst.sizeOf Kant.Wasm.CmpOp.ltu) 1","O7;13;source_systemS5;lean411;source_fileS31;RequestProject/Wasm/Syntax.lean13;source_formatS4;text11;imported_atI+0;14;transformed_atI+0;15;transformationsL0;13;parent_objectS0;","adff548cf4a72d3b52594846720a7508c81d3a0d41634621b8385938e8053dee"
"obj.Kant.Wasm.Decode.funcTypeDec","def","Kant.Wasm.Decode.funcTypeDec","ASSERTED","Kant.Wasm.Decode.Bytes → Option (Prod Nat Kant.Wasm.Decode.Bytes)","L1;S35;obj.Kant.Wasm.Decode.secDec.match_5","O0;","L0;","L0;","L0;","L0;","L0;","L0;","S65;Kant.Wasm.Decode.Bytes → Option (Prod Nat Kant.Wasm.Decode.Bytes)","O7;13;source_systemS5;lean411;source_fileS31;RequestProject/Wasm/Decode.lean13;source_formatS4;text11;imported_atI+0;14;transformed_atI+191;15;transformationsL0;13;parent_objectS0;","6bc29aea02d02b9ac678bd01c946e1fde3506e85503234ec9a299a77f12cf9af"
"obj.Kant.Codec.conformance_level1","theorem","Kant.Codec.conformance_level1","PROVEN","∀ (o : Kant.Codec.Obj),   Eq     ((Kant.Codec.decodeVal Kant.Codec.Fmt.canonical           (Kant.Codec.encodeVal Kant.Codec.Fmt.canonical o.toVal)).bind       Kant.Codec.Obj.ofVal)     (Option.some o)","L1;S18;obj.Kant.Codec.Obj","O0;","L0;","L0;","L1;S35;claim.Kant.Codec.conformance_level1","L0;","L1;S35;proof.Kant.Codec.conformance_level1","L0;","S200;∀ (o : Kant.Codec.Obj),   Eq     ((Kant.Codec.decodeVal Kant.Codec.Fmt.canonical           (Kant.Codec.encodeVal Kant.Codec.Fmt.canonical o.toVal)).bind       Kant.Codec.Obj.ofVal)     (Option.some o)","O7;13;source_systemS5;lean411;source_fileS39;RequestProject/Kant/Codec/Exchange.lean13;source_formatS4;text11;imported_atI+0;14;transformed_atI+331;15;transformationsL0;13;parent_objectS0;","894eb531b6f17ef4d42c404e9371051faace96927cd76c0a99ef377025316ae5"
"obj.Kant.InviteCard.inviteCard_caption","theorem","Kant.InviteCard.inviteCard_caption","PROVEN","∀ (c : Kant.SiteCard.Config) (d : Kant.InviteCard.Dress) (i : Kant.Rendezvous.Invite),   Eq (Kant.InviteCard.inviteCard c d i).caption d.caption","L0;","O0;","L0;","L0;","L1;S40;claim.Kant.InviteCard.inviteCard_caption","L0;","L1;S40;proof.Kant.InviteCard.inviteCard_caption","L0;","S144;∀ (c : Kant.SiteCard.Config) (d : Kant.InviteCard.Dress) (i : Kant.Rendezvous.Invite),   Eq (Kant.InviteCard.inviteCard c d i).caption d.caption","O7;13;source_systemS5;lean411;source_fileS35;RequestProject/Kant/InviteCard.lean13;source_formatS4;text11;imported_atI+0;14;transformed_atI+154;15;transformationsL0;13;parent_objectS0;","490208dd8f08d8d386ac687e47be4d38ef30530007be22397eb7931cc5fce13e"
"obj.Kant.Codec.Loss.ctorIdx","def","Kant.Codec.Loss.ctorIdx","ASSERTED","Kant.Codec.Loss → Nat","L0;","O0;","L0;","L0;","L0;","L0;","L0;","L0;","S21;Kant.Codec.Loss → Nat","O7;13;source_systemS5;lean411;source_fileS36;RequestProject/Kant/Codec/Model.lean13;source_formatS4;text11;imported_atI+0;14;transformed_atI+0;15;transformationsL0;13;parent_objectS0;","cce02f8835512707646d2d545791c61c1791741891d57c654aa55140ca612b4a"
"obj.Kant.Credits.Ledger.serve_balance","theorem","Kant.Credits.Ledger.serve_balance","PROVEN","∀ {L : Kant.Credits.Ledger},   L.valid →     ∀ (p : Kant.Credits.Peer) (bytes : Nat),       Eq ((L.serve p bytes).balance p) (instHAdd.hAdd (L.balance p) (Kant.Credits.creditsFor bytes))","L1;S23;obj.Kant.Credits.earned","O0;","L0;","L0;","L1;S39;claim.Kant.Credits.Ledger.serve_balance","L0;","L1;S39;proof.Kant.Credits.Ledger.serve_balance","L0;","S186;∀ {L : Kant.Credits.Ledger},   L.valid →     ∀ (p : Kant.Credits.Peer) (bytes : Nat),       Eq ((L.serve p bytes).balance p) (instHAdd.hAdd (L.balance p) (Kant.Credits.creditsFor bytes))","O7;13;source_systemS5;lean411;source_fileS32;RequestProject/Kant/Credits.lean13;source_formatS4;text11;imported_atI+0;14;transformed_atI+84;15;transformationsL0;13;parent_objectS0;","bb82d47bf4614999633ab91de8c2d4fe568fa019e063bf43636fef4599d3c0f8"
"obj.Kant.Clipboard.instDecidableEqEnvelope","def","Kant.Clipboard.instDecidableEqEnvelope","ASSERTED","DecidableEq Kant.Clipboard.Envelope","L0;","O0;","L0;","L0;","L0;","L0;","L0;","L0;","S35;DecidableEq Kant.Clipboard.Envelope","O7;13;source_systemS5;lean411;source_fileS34;RequestProject/Kant/Clipboard.lean13;source_formatS4;text11;imported_atI+0;14;transformed_atI+47;15;transformationsL0;13;parent_objectS0;","139de89c8c68b185c3893a1f98ef7852023929ddae0f77df5c488dd5f310562c"
"obj.Kant.Dom.Truth.inferred.elim","def","Kant.Dom.Truth.inferred.elim","ASSERTED","{motive : Kant.Dom.Truth → Sort u} →   (t : Kant.Dom.Truth) → Eq t.ctorIdx 5 → motive Kant.Dom.Truth.inferred → motive t","L0;","O0;","L0;","L0;","L0;","L0;","L0;","L0;","S120;{motive : Kant.Dom.Truth → Sort u} →   (t : Kant.Dom.Truth) → Eq t.ctorIdx 5 → motive Kant.Dom.Truth.inferred → motive t","O7;13;source_systemS5;lean411;source_fileS37;RequestProject/Kant/Domain/Model.lean13;source_formatS4;text11;imported_atI+0;14;transformed_atI+50;15;transformationsL0;13;parent_objectS0;","90c930680e02b9180b2333d00ced539bef936c8e1893d49eb2beeda84da9c481"
"obj.Kant.Uucp.Site.publish","def","Kant.Uucp.Site.publish","ASSERTED","Kant.Uucp.Site → List Char → Kant.Uucp.Node → Kant.Uucp.Site","L0;","O0;","L0;","L0;","L0;","L0;","L0;","L0;","S60;Kant.Uucp.Site → List Char → Kant.Uucp.Node → Kant.Uucp.Site","O7;13;source_systemS5;lean411;source_fileS29;RequestProject/Kant/Uucp.lean13;source_formatS4;text11;imported_atI+0;14;transformed_atI+759;15;transformationsL0;13;parent_objectS0;","05a8315ad58b103379e4db2059f72bd83399141105aedc49739202a28abc8cce"
"obj.Kant.Dom.LedgerRow","inductive","Kant.Dom.LedgerRow","ASSERTED","Type","L0;","O0;","L0;","L0;","L0;","L0;","L0;","L0;","S4;Type","O7;13;source_systemS5;lean411;source_fileS38;RequestProject/Kant/Domain/Ledger.lean13;source_formatS4;text11;imported_atI+0;14;transformed_atI+132;15;transformationsL0;13;parent_objectS0;","239250d404bf8b3c1fe2c28e737be67fe3709f4954abee423cb044f34abb7385"
"obj.Kant.Rendezvous.Invite.addrs","def","Kant.Rendezvous.Invite.addrs","ASSERTED","Kant.Rendezvous.Invite → List Kant.Rendezvous.Address","L0;","O0;","L0;","L0;","L0;","L0;","L0;","L0;","S53;Kant.Rendezvous.Invite → List Kant.Rendezvous.Address","O7;13;source_systemS5;lean411;source_fileS35;RequestProject/Kant/Rendezvous.lean13;source_formatS4;text11;imported_atI+0;14;transformed_atI+447;15;transformationsL0;13;parent_objectS0;","c80c60fd07fa408b30503763b1ab66089d5562e8738ab7d9ea520a25e4fac3e6"
"obj.Kant.Text.asciiChars_length","theorem","Kant.Text.asciiChars_length","PROVEN","∀ (bs : Kant.Bytes.Blob), Eq (Kant.Text.asciiChars bs).length (List.length bs)","L0;","O0;","L0;","L0;","L1;S33;claim.Kant.Text.asciiChars_length","L0;","L1;S33;proof.Kant.Text.asciiChars_length","L0;","S78;∀ (bs : Kant.Bytes.Blob), Eq (Kant.Text.asciiChars bs).length (List.length bs)","O7;13;source_systemS5;lean411;source_fileS29;RequestProject/Kant/Text.lean13;source_formatS4;text11;imported_atI+0;14;transformed_atI+49;15;transformationsL0;13;parent_objectS0;","2cbd4ae19812fdc6ce05eea744a847694352d2c8614f0ca07a127c7cda962a43"
"obj.Kant.Codec.Val.brecOn_3.go","def","Kant.Codec.Val.brecOn_3.go","ASSERTED","{motive_1 : Kant.Codec.Val → Sort u} →   {motive_2 : List Kant.Codec.Val → Sort u} →     {motive_3 : List (Prod (List Char) Kant.Codec.Val) → Sort u} →       {motive_4 : Prod (List Char) Kant.Codec.Val → Sort u} →         (t : Prod (List Char) Kant.Codec.Val) →           ((t : Kant.Codec.Val) → t.below → motive_1 t) →             ((t : List Kant.Codec.Val) → Kant.Codec.Val.below_1 t → motive_2 t) →               ((t : List (Prod (List Char) Kant.Codec.Val)) →                   Kant.Codec.Val.below_2 t → motive_3 t) →                 ((t : Prod (List Char) Kant.Codec.Val) → Kant.Codec.Val.below_3 t → motive_4 t) →                   PProd (motive_4 t) (Kant.Codec.Val.below_3 t)","L0;","O0;","L0;","L0;","L0;","L0;","L0;","L0;","S684;{motive_1 : Kant.Codec.Val → Sort u} →   {motive_2 : List Kant.Codec.Val → Sort u} →     {motive_3 : List (Prod (List Char) Kant.Codec.Val) → Sort u} →       {motive_4 : Prod (List Char) Kant.Codec.Val → Sort u} →         (t : Prod (List Char) Kant.Codec.Val) →           ((t : Kant.Codec.Val) → t.below → motive_1 t) →             ((t : List Kant.Codec.Val) → Kant.Codec.Val.below_1 t → motive_2 t) →               ((t : List (Prod (List Char) Kant.Codec.Val)) →                   Kant.Codec.Val.below_2 t → motive_3 t) →                 ((t : Prod (List Char) Kant.Codec.Val) → Kant.Codec.Val.below_3 t → motive_4 t) →                   PProd (motive_4 t) (Kant.Codec.Val.below_3 t)","O7;13;source_systemS5;lean411;source_fileS34;RequestProject/Kant/Codec/Val.lean13;source_formatS4;text11;imported_atI+0;14;transformed_atI+0;15;transformationsL0;13;parent_objectS0;","485aa2a99845bf18a814ec69f4f597b3da947640826999c6de3cf01e1edf1cc1"
"obj.Kant.CodeMovie.Circuit.not.injEq","theorem","Kant.CodeMovie.Circuit.not.injEq","PROVEN","∀ (c c_1 : Kant.CodeMovie.Circuit), Eq (Eq c.not c_1.not) (Eq c c_1)","L0;","O0;","L0;","L0;","L1;S38;claim.Kant.CodeMovie.Circuit.not.injEq","L0;","L1;S38;proof.Kant.CodeMovie.Circuit.not.injEq","L0;","S68;∀ (c c_1 : Kant.CodeMovie.Circuit), Eq (Eq c.not c_1.not) (Eq c c_1)","O7;13;source_systemS5;lean411;source_fileS34;RequestProject/Kant/CodeMovie.lean13;source_formatS4;text11;imported_atI+0;14;transformed_atI+0;15;transformationsL0;13;parent_objectS0;","910461c7c037645c70436964e7373117cef784300fe30ffa39bcd99ca4b7f435"
"obj.Kant.Wasm.Expr.andE.eq_1","theorem","Kant.Wasm.Expr.andE.eq_1","PROVEN","∀ (a b : Kant.Wasm.Expr), Eq (a.andE b) (Kant.Wasm.Expr.bin Kant.Wasm.BinOp.and a b)","L0;","O0;","L0;","L0;","L1;S30;claim.Kant.Wasm.Expr.andE.eq_1","L0;","L1;S30;proof.Kant.Wasm.Expr.andE.eq_1","L0;","S84;∀ (a b : Kant.Wasm.Expr), Eq (a.andE b) (Kant.Wasm.Expr.bin Kant.Wasm.BinOp.and a b)","O7;13;source_systemS5;lean411;source_fileS35;RequestProject/Wasm/KernelSpec.lean13;source_formatS4;text11;imported_atI+0;14;transformed_atI+0;15;transformationsL0;13;parent_objectS0;","3fd914aed948ff26ac80b7e4795e6bd14b315f34b0832f409cd06488a7bd285b"
"obj.Kant.Sheaf.DaslType.shardId.sizeOf_spec","theorem","Kant.Sheaf.DaslType.shardId.sizeOf_spec","PROVEN","Eq (Kant.Sheaf.DaslType._sizeOf_inst.sizeOf Kant.Sheaf.DaslType.shardId) 1","L0;","O0;","L0;","L0;","L1;S45;claim.Kant.Sheaf.DaslType.shardId.sizeOf_spec","L0;","L1;S45;proof.Kant.Sheaf.DaslType.shardId.sizeOf_spec","L0;","S74;Eq (Kant.Sheaf.DaslType._sizeOf_inst.sizeOf Kant.Sheaf.DaslType.shardId) 1","O7;13;source_systemS5;lean411;source_fileS30;RequestProject/Kant/Sheaf.lean13;source_formatS4;text11;imported_atI+0;14;transformed_atI+0;15;transformationsL0;13;parent_objectS0;","611785315c56b94b4206fb8c399247484a0d46d3bf38a751b2864eec3c45e24e"
"obj.Kant.Dom.RepairRecord.mk.injEq","theorem","Kant.Dom.RepairRecord.mk.injEq","PROVEN","∀ (error : Kant.Codec.Err) (repair : Kant.Dom.Repair) (result : Option Kant.Codec.Val)   (status : Kant.Dom.PStatus) (error_1 : Kant.Codec.Err) (repair_1 : Kant.Dom.Repair)   (result_1 : Option Kant.Codec.Val) (status_1 : Kant.Dom.PStatus),   Eq     (Eq { error := error, repair := repair, result := result, status := status }       { error := error_1, repair := repair_1, result := result_1, status := status_1 })     (And (Eq error error_1)       (And (Eq repair repair_1) (And (Eq result result_1) (Eq status status_1))))","L0;","O0;","L0;","L0;","L1;S36;claim.Kant.Dom.RepairRecord.mk.injEq","L0;","L1;S36;proof.Kant.Dom.RepairRecord.mk.injEq","L0;","S524;∀ (error : Kant.Codec.Err) (repair : Kant.Dom.Repair) (result : Option Kant.Codec.Val)   (status : Kant.Dom.PStatus) (error_1 : Kant.Codec.Err) (repair_1 : Kant.Dom.Repair)   (result_1 : Option Kant.Codec.Val) (status_1 : Kant.Dom.PStatus),   Eq     (Eq { error := error, repair := repair, result := result, status := status }       { error := error_1, repair := repair_1, result := result_1, status := status_1 })     (And (Eq error error_1)       (And (Eq repair repair_1) (And (Eq result result_1) (Eq status status_1))))","O7;13;source_systemS5;lean411;source_fileS38;RequestProject/Kant/Domain/Policy.lean13;source_formatS4;text11;imported_atI+0;14;transformed_atI+0;15;transformationsL0;13;parent_objectS0;","f3fa31c0c16b53ba9543ef936630d4ed5ac8e6888f9f3f4457972e703788fe07"
"obj.Kant.Dasl.mergeAll_nil","theorem","Kant.Dasl.mergeAll_nil","PROVEN","Eq (Kant.Dasl.mergeAll List.nil) Kant.Dasl.mergeUnit","L0;","O0;","L0;","L0;","L1;S28;claim.Kant.Dasl.mergeAll_nil","L0;","L1;S28;proof.Kant.Dasl.mergeAll_nil","L0;","S52;Eq (Kant.Dasl.mergeAll List.nil) Kant.Dasl.mergeUnit","O7;13;source_systemS5;lean411;source_fileS29;RequestProject/Kant/Dasl.lean13;source_formatS4;text11;imported_atI+0;14;transformed_atI+390;15;transformationsL0;13;parent_objectS0;","9e7c87f6ecfb1663aae014f49df934501f6179cf531539c95b2d34e10d03f4b6"
"obj.Kant.Dom.package_proofs_partition","theorem","Kant.Dom.package_proofs_partition","PROVEN","∀ (d : Kant.Dom.Domain) (f : Kant.Codec.Fmt),   Eq (Kant.Codec.decodeVal f (Kant.Codec.encodeVal f (Kant.Dom.proofsVal d)))     (Option.some (Kant.Dom.proofsVal d))","L1;S22;obj.Kant.Dom.proofsVal","O0;","L0;","L0;","L1;S39;claim.Kant.Dom.package_proofs_partition","L0;","L1;S39;proof.Kant.Dom.package_proofs_partition","L0;","S164;∀ (d : Kant.Dom.Domain) (f : Kant.Codec.Fmt),   Eq (Kant.Codec.decodeVal f (Kant.Codec.encodeVal f (Kant.Dom.proofsVal d)))     (Option.some (Kant.Dom.proofsVal d))","O7;13;source_systemS5;lean411;source_fileS39;RequestProject/Kant/Domain/Package.lean13;source_formatS4;text11;imported_atI+0;14;transformed_atI+208;15;transformationsL0;13;parent_objectS0;","84e7db1546ac4e6f32862d358bb6e7dcc24b116fddc0a0959c530674cdf1a4c2"
"obj.Kant.Clipboard.Receipt.witness","def","Kant.Clipboard.Receipt.witness","ASSERTED","Kant.Clipboard.Receipt → List Char","L0;","O0;","L0;","L0;","L0;","L0;","L0;","L0;","S34;Kant.Clipboard.Receipt → List Char","O7;13;source_systemS5;lean411;source_fileS34;RequestProject/Kant/Clipboard.lean13;source_formatS4;text11;imported_atI+0;14;transformed_atI+285;15;transformationsL0;13;parent_objectS0;","1ab85238087e510e6a376aadabcab789ea0b20db87b00400efaaf9558e2adbdb"
"obj.Kant.Connectivity.instDecidableSameBrowser","def","Kant.Connectivity.instDecidableSameBrowser","ASSERTED","(a b : Kant.Connectivity.Client) → Decidable (Kant.Connectivity.SameBrowser a b)","L1;S36;obj.Kant.Connectivity.Client.browser","O0;","L0;","L0;","L0;","L0;","L0;","L0;","S80;(a b : Kant.Connectivity.Client) → Decidable (Kant.Connectivity.SameBrowser a b)","O7;13;source_systemS5;lean411;source_fileS37;RequestProject/Kant/Connectivity.lean13;source_formatS4;text11;imported_atI+0;14;transformed_atI+119;15;transformationsL0;13;parent_objectS0;","541fa1328a87d12b7ac79271a8ab7d303b10a8d1b10c8ba19598cac938fe8d96"
"obj.Kant.Connectivity.Reachability.ctorIdx","def","Kant.Connectivity.Reachability.ctorIdx","ASSERTED","Kant.Connectivity.Reachability → Nat","L0;","O0;","L0;","L0;","L0;","L0;","L0;","L0;","S36;Kant.Connectivity.Reachability → Nat","O7;13;source_systemS5;lean411;source_fileS37;RequestProject/Kant/Connectivity.lean13;source_formatS4;text11;imported_atI+0;14;transformed_atI+0;15;transformationsL0;13;parent_objectS0;","1c64b0f541a69fae0db0474e53d6eec1ca1aeb584939eeb0c873639aecab0593"
"obj.Kant.Wasm.instDecidableEqInstr.decEq.match_1","def","Kant.Wasm.instDecidableEqInstr.decEq.match_1","ASSERTED","(motive : Kant.Wasm.Instr → Kant.Wasm.Instr → Sort u_1) →   (x x_1 : Kant.Wasm.Instr) →     ((a b : Nat) → motive (Kant.Wasm.Instr.i64const a) (Kant.Wasm.Instr.i64const b)) →       ((n i : Nat) → motive (Kant.Wasm.Instr.i64const n) (Kant.Wasm.Instr.localGet i)) →         ((n : Nat) →             (op : Kant.Wasm.BinOp) →               motive (Kant.Wasm.Instr.i64const n) (Kant.Wasm.Instr.binop op)) →           ((n : Nat) →               (op : Kant.Wasm.CmpOp) →                 motive (Kant.Wasm.Instr.i64const n) (Kant.Wasm.Instr.cmpop op)) →             ((n : Nat) → motive (Kant.Wasm.Instr.i64const n) Kant.Wasm.Instr.extendU) →               ((i n : Nat) → motive (Kant.Wasm.Instr.localGet i) (Kant.Wasm.Instr.i64const n)) →                 ((a b : Nat) → motive (Kant.Wasm.Instr.localGet a) (Kant.Wasm.Instr.localGet b)) →                   ((i : Nat) →                       (op : Kant.Wasm.BinOp) →                         motive (Kant.Wasm.Instr.localGet i) (Kant.Wasm.Instr.binop op)) →                     ((i : Nat) →                         (op : Kant.Wasm.CmpOp) →                           motive (Kant.Wasm.Instr.localGet i) (Kant.Wasm.Instr.cmpop op)) →                       ((i : Nat) → motive (Kant.Wasm.Instr.localGet i) Kant.Wasm.Instr.extendU) →                         ((op : Kant.Wasm.BinOp) →                             (n : Nat) →                               motive (Kant.Wasm.Instr.binop op) (Kant.Wasm.Instr.i64const n)) →                           ((op : Kant.Wasm.BinOp) →                               (i : Nat) →                                 motive (Kant.Wasm.Instr.binop op) (Kant.Wasm.Instr.localGet i)) →                             ((a b : Kant.Wasm.BinOp) →                                 motive (Kant.Wasm.Instr.binop a) (Kant.Wasm.Instr.binop b)) →                               ((op : Kant.Wasm.BinOp) →                                   (op_1 : Kant.Wasm.CmpOp) →                                     motive (Kant.Wasm.Instr.binop op)                                       (Kant.Wasm.Instr.cmpop op_1)) →                                 ((op : Kant.Wasm.BinOp) →                                     motive (Kant.Wasm.Instr.binop op) Kant.Wasm.Instr.extendU) →                                   ((op : Kant.Wasm.CmpOp) →                                       (n : Nat) →                                         motive (Kant.Wasm.Instr.cmpop op)                                           (Kant.Wasm.Instr.i64const n)) →                                     ((op : Kant.Wasm.CmpOp) →                                         (i : Nat) →                                           motive (Kant.Wasm.Instr.cmpop op)                                             (Kant.Wasm.Instr.localGet i)) →                                       ((op : Kant.Wasm.CmpOp) →                                           (op_1 : Kant.Wasm.BinOp) →                                             motive (Kant.Wasm.Instr.cmpop op)                                               (Kant.Wasm.Instr.binop op_1)) →                                         ((a b : Kant.Wasm.CmpOp) →                                             motive (Kant.Wasm.Instr.cmpop a)                                               (Kant.Wasm.Instr.cmpop b)) →                                           ((op : Kant.Wasm.CmpOp) →                                               motive (Kant.Wasm.Instr.cmpop op)                                                 Kant.Wasm.Instr.extendU) →                                             ((n : Nat) →                                                 motive Kant.Wasm.Instr.extendU                                                   (Kant.Wasm.Instr.i64const n)) →                                               ((i : Nat) →                                                   motive Kant.Wasm.Instr.extendU                                                     (Kant.Wasm.Instr.localGet i)) →                                                 ((op : Kant.Wasm.BinOp) →                                                     motive Kant.Wasm.Instr.extendU                                                       (Kant.Wasm.Instr.binop op)) →                                                   ((op : Kant.Wasm.CmpOp) →                                                       motive Kant.Wasm.Instr.extendU                                                         (Kant.Wasm.Instr.cmpop op)) →                                                     (Unit →                                                         motive Kant.Wasm.Instr.extendU                                                           Kant.Wasm.Instr.extendU) →                                                       motive x x_1","L1;S27;obj.Kant.Wasm.Instr.casesOn","O0;","L0;","L0;","L0;","L0;","L0;","L0;","S4692;(motive : Kant.Wasm.Instr → Kant.Wasm.Instr → Sort u_1) →   (x x_1 : Kant.Wasm.Instr) →     ((a b : Nat) → motive (Kant.Wasm.Instr.i64const a) (Kant.Wasm.Instr.i64const b)) →       ((n i : Nat) → motive (Kant.Wasm.Instr.i64const n) (Kant.Wasm.Instr.localGet i)) →         ((n : Nat) →             (op : Kant.Wasm.BinOp) →               motive (Kant.Wasm.Instr.i64const n) (Kant.Wasm.Instr.binop op)) →           ((n : Nat) →               (op : Kant.Wasm.CmpOp) →                 motive (Kant.Wasm.Instr.i64const n) (Kant.Wasm.Instr.cmpop op)) →             ((n : Nat) → motive (Kant.Wasm.Instr.i64const n) Kant.Wasm.Instr.extendU) →               ((i n : Nat) → motive (Kant.Wasm.Instr.localGet i) (Kant.Wasm.Instr.i64const n)) →                 ((a b : Nat) → motive (Kant.Wasm.Instr.localGet a) (Kant.Wasm.Instr.localGet b)) →                   ((i : Nat) →                       (op : Kant.Wasm.BinOp) →                         motive (Kant.Wasm.Instr.localGet i) (Kant.Wasm.Instr.binop op)) →                     ((i : Nat) →                         (op : Kant.Wasm.CmpOp) →                           motive (Kant.Wasm.Instr.localGet i) (Kant.Wasm.Instr.cmpop op)) →                       ((i : Nat) → motive (Kant.Wasm.Instr.localGet i) Kant.Wasm.Instr.extendU) →                         ((op : Kant.Wasm.BinOp) →                             (n : Nat) →                               motive (Kant.Wasm.Instr.binop op) (Kant.Wasm.Instr.i64const n)) →                           ((op : Kant.Wasm.BinOp) →                               (i : Nat) →                                 motive (Kant.Wasm.Instr.binop op) (Kant.Wasm.Instr.localGet i)) →                             ((a b : Kant.Wasm.BinOp) →                                 motive (Kant.Wasm.Instr.binop a) (Kant.Wasm.Instr.binop b)) →                               ((op : Kant.Wasm.BinOp) →                                   (op_1 : Kant.Wasm.CmpOp) →                                     motive (Kant.Wasm.Instr.binop op)                                       (Kant.Wasm.Instr.cmpop op_1)) →                                 ((op : Kant.Wasm.BinOp) →                                     motive (Kant.Wasm.Instr.binop op) Kant.Wasm.Instr.extendU) →                                   ((op : Kant.Wasm.CmpOp) →                                       (n : Nat) →                                         motive (Kant.Wasm.Instr.cmpop op)                                           (Kant.Wasm.Instr.i64const n)) →                                     ((op : Kant.Wasm.CmpOp) →                                         (i : Nat) →                                           motive (Kant.Wasm.Instr.cmpop op)                                             (Kant.Wasm.Instr.localGet i)) →                                       ((op : Kant.Wasm.CmpOp) →                                           (op_1 : Kant.Wasm.BinOp) →                                             motive (Kant.Wasm.Instr.cmpop op)                                               (Kant.Wasm.Instr.binop op_1)) →                                         ((a b : Kant.Wasm.CmpOp) →                                             motive (Kant.Wasm.Instr.cmpop a)                                               (Kant.Wasm.Instr.cmpop b)) →                                           ((op : Kant.Wasm.CmpOp) →                                               motive (Kant.Wasm.Instr.cmpop op)                                                 Kant.Wasm.Instr.extendU) →                                             ((n : Nat) →                                                 motive Kant.Wasm.Instr.extendU                                                   (Kant.Wasm.Instr.i64const n)) →                                               ((i : Nat) →                                                   motive Kant.Wasm.Instr.extendU                                                     (Kant.Wasm.Instr.localGet i)) →                                                 ((op : Kant.Wasm.BinOp) →                                                     motive Kant.Wasm.Instr.extendU                                                       (Kant.Wasm.Instr.binop op)) →                                                   ((op : Kant.Wasm.CmpOp) →                                                       motive Kant.Wasm.Instr.extendU                                                         (Kant.Wasm.Instr.cmpop op)) →                                                     (Unit →                                                         motive Kant.Wasm.Instr.extendU                                                           Kant.Wasm.Instr.extendU) →                                                       motive x x_1","O7;13;source_systemS5;lean411;source_fileS31;RequestProject/Wasm/Syntax.lean13;source_formatS4;text11;imported_atI+0;14;transformed_atI+0;15;transformationsL0;13;parent_objectS0;","5de24c00ebb00a569e0d4228bdb91ba959a1394db25631a0a4fd2474ddc4a513"
"obj.Kant.Codec.rawDoc_text","theorem","Kant.Codec.rawDoc_text","PROVEN","∀ (encoding s : List Char), Eq (Kant.Codec.rawDoc encoding s).text s","L0;","O0;","L0;","L0;","L1;S28;claim.Kant.Codec.rawDoc_text","L0;","L1;S28;proof.Kant.Codec.rawDoc_text","L0;","S68;∀ (encoding s : List Char), Eq (Kant.Codec.rawDoc encoding s).text s","O7;13;source_systemS5;lean411;source_fileS38;RequestProject/Kant/Codec/RawText.lean13;source_formatS4;text11;imported_atI+0;14;transformed_atI+116;15;transformationsL0;13;parent_objectS0;","0aa16746206bb7fd985507815d52411a6778769f7d0983b7f747dfdc22c9b3e4"
"obj.Kant.Dom.packageRead.eq_1","theorem","Kant.Dom.packageRead.eq_1","PROVEN","∀ (files : List Kant.Dom.File),   Eq (Kant.Dom.packageRead files)     (Kant.Dom.packageRead.match_1 (fun x => Option Kant.Dom.Domain)       (Kant.Dom.fileOf files ""domain.yaml"".toList) (fun s => Kant.Dom.parse Kant.Codec.Fmt.yaml s)       fun _ => Option.none)","L0;","O0;","L0;","L0;","L1;S31;claim.Kant.Dom.packageRead.eq_1","L0;","L1;S31;proof.Kant.Dom.packageRead.eq_1","L0;","S260;∀ (files : List Kant.Dom.File),   Eq (Kant.Dom.packageRead files)     (Kant.Dom.packageRead.match_1 (fun x => Option Kant.Dom.Domain)       (Kant.Dom.fileOf files ""domain.yaml"".toList) (fun s => Kant.Dom.parse Kant.Codec.Fmt.yaml s)       fun _ => Option.none)","O7;13;source_systemS5;lean411;source_fileS39;RequestProject/Kant/Domain/Package.lean13;source_formatS4;text11;imported_atI+0;14;transformed_atI+0;15;transformationsL0;13;parent_objectS0;","c1daa71642e1c34b40cda713d20683d0caa4c13110313d79e34752316720317e"
"obj.Kant.Rendezvous.toInvite.eq_1","theorem","Kant.Rendezvous.toInvite.eq_1","PROVEN","∀ (e : Kant.Clipboard.Envelope),   Eq (Kant.Rendezvous.toInvite e)     (ite (Ne e.tag Kant.Rendezvous.tagInvite) Option.none       (Kant.Rendezvous.toInvite.match_1 (fun x => Option Kant.Rendezvous.Invite) e.fields         (fun r s p rest =>           Option.map             (fun as =>               { relay := Kant.Text.asciiChars r, secret := s, peer := Kant.Text.asciiChars p,                 addrs := as })             (Kant.Rendezvous.parseAddrFields rest))         fun x => Option.none))","L0;","O0;","L0;","L0;","L1;S35;claim.Kant.Rendezvous.toInvite.eq_1","L0;","L1;S35;proof.Kant.Rendezvous.toInvite.eq_1","L0;","S493;∀ (e : Kant.Clipboard.Envelope),   Eq (Kant.Rendezvous.toInvite e)     (ite (Ne e.tag Kant.Rendezvous.tagInvite) Option.none       (Kant.Rendezvous.toInvite.match_1 (fun x => Option Kant.Rendezvous.Invite) e.fields         (fun r s p rest =>           Option.map             (fun as =>               { relay := Kant.Text.asciiChars r, secret := s, peer := Kant.Text.asciiChars p,                 addrs := as })             (Kant.Rendezvous.parseAddrFields rest))         fun x => Option.none))","O7;13;source_systemS5;lean411;source_fileS35;RequestProject/Kant/Rendezvous.lean13;source_formatS4;text11;imported_atI+0;14;transformed_atI+0;15;transformationsL0;13;parent_objectS0;","e21bbd2e8a27d0be11a1b180e5a2b8d914f09b6c334df1b00da3caada7500acb"
"obj.Kant.Dom.Coverage.contradicted.elim","def","Kant.Dom.Coverage.contradicted.elim","ASSERTED","{motive : Kant.Dom.Coverage → Sort u} →   (t : Kant.Dom.Coverage) → Eq t.ctorIdx 3 → motive Kant.Dom.Coverage.contradicted → motive t","L1;S21;obj.Kant.Dom.Coverage","O0;","L0;","L0;","L0;","L0;","L0;","L0;","S133;{motive : Kant.Dom.Coverage → Sort u} →   (t : Kant.Dom.Coverage) → Eq t.ctorIdx 3 → motive Kant.Dom.Coverage.contradicted → motive t","O7;13;source_systemS5;lean411;source_fileS37;RequestProject/Kant/Domain/Model.lean13;source_formatS4;text11;imported_atI+0;14;transformed_atI+74;15;transformationsL0;13;parent_objectS0;","0e8d87c65973f33266bb1c32b6f1800dfe76c69baee245cc5f198cfb88cd40e7"
"obj.Kant.Codec.Val.ctorIdx","def","Kant.Codec.Val.ctorIdx","ASSERTED","Kant.Codec.Val → Nat","L0;","O0;","L0;","L0;","L0;","L0;","L0;","L0;","S20;Kant.Codec.Val → Nat","O7;13;source_systemS5;lean411;source_fileS34;RequestProject/Kant/Codec/Val.lean13;source_formatS4;text11;imported_atI+0;14;transformed_atI+0;15;transformationsL0;13;parent_objectS0;","bd7e250b90c195ddd434baa43cee97da3e9e2c4d883abf7f64850630013e9e3c"
"obj.Kant.Relay.parseMsg_witness_field","theorem","Kant.Relay.parseMsg_witness_field","PROVEN","∀ {r s q b w : Kant.Bytes.Blob} {m : Kant.Relay.Msg},   Eq       (Kant.Relay.toMsg         { tag := Kant.Relay.tagChat,           fields := List.cons r (List.cons s (List.cons q (List.cons b (List.cons w List.nil)))) })       (Option.some m) →     Eq m.witness (Kant.Text.asciiChars w)","L0;","O0;","L0;","L0;","L1;S39;claim.Kant.Relay.parseMsg_witness_field","L0;","L1;S39;proof.Kant.Relay.parseMsg_witness_field","L0;","S285;∀ {r s q b w : Kant.Bytes.Blob} {m : Kant.Relay.Msg},   Eq       (Kant.Relay.toMsg         { tag := Kant.Relay.tagChat,           fields := List.cons r (List.cons s (List.cons q (List.cons b (List.cons w List.nil)))) })       (Option.some m) →     Eq m.witness (Kant.Text.asciiChars w)","O7;13;source_systemS5;lean411;source_fileS30;RequestProject/Kant/Relay.lean13;source_formatS4;text11;imported_atI+0;14;transformed_atI+131;15;transformationsL0;13;parent_objectS0;","c6d3a1541d151f77f09440e902b5115c3f0321710856c1d55b1ebed0cc78a35a"
"obj.Kant.Credits.earned","def","Kant.Credits.earned","ASSERTED","List (Prod Kant.Credits.Peer Nat) → Kant.Credits.Peer → Nat","L0;","O0;","L0;","L0;","L0;","L0;","L0;","L0;","S59;List (Prod Kant.Credits.Peer Nat) → Kant.Credits.Peer → Nat","O7;13;source_systemS5;lean411;source_fileS32;RequestProject/Kant/Credits.lean13;source_formatS4;text11;imported_atI+0;14;transformed_atI+30;15;transformationsL0;13;parent_objectS0;","7c33285a02ddce7d478b7d85b901d86a425cab107b40bdd72bc2e8212cf9ce04"
"obj.Kant.CardDebug.instDecidableEqCode.decEq","def","Kant.CardDebug.instDecidableEqCode.decEq","ASSERTED","(x x_1 : Kant.CardDebug.Code) → Decidable (Eq x x_1)","L1;S41;obj.Kant.Rendezvous.instDecidableEqInvite","O0;","L0;","L0;","L0;","L0;","L0;","L0;","S52;(x x_1 : Kant.CardDebug.Code) → Decidable (Eq x x_1)","O7;13;source_systemS5;lean411;source_fileS34;RequestProject/Kant/CardDebug.lean13;source_formatS4;text11;imported_atI+0;14;transformed_atI+97;15;transformationsL0;13;parent_objectS0;","73864897df1bc622837a4f19899d4595299354cfaf6b350440dd16bc5ed5ec67"
"obj.Kant.Onboarding.instReprScreen.repr.match_1","def","Kant.Onboarding.instReprScreen.repr.match_1","ASSERTED","(motive : Kant.Onboarding.Screen → Sort u_1) →   (x : Kant.Onboarding.Screen) →     (Unit → motive Kant.Onboarding.Screen.welcome) →       (Unit → motive Kant.Onboarding.Screen.share) →         (Unit → motive Kant.Onboarding.Screen.join) →           (Unit → motive Kant.Onboarding.Screen.scan) →             (Unit → motive Kant.Onboarding.Screen.chat) →               (Unit → motive Kant.Onboarding.Screen.more) → motive x","L0;","O0;","L0;","L0;","L0;","L0;","L0;","L0;","S422;(motive : Kant.Onboarding.Screen → Sort u_1) →   (x : Kant.Onboarding.Screen) →     (Unit → motive Kant.Onboarding.Screen.welcome) →       (Unit → motive Kant.Onboarding.Screen.share) →         (Unit → motive Kant.Onboarding.Screen.join) →           (Unit → motive Kant.Onboarding.Screen.scan) →             (Unit → motive Kant.Onboarding.Screen.chat) →               (Unit → motive Kant.Onboarding.Screen.more) → motive x","O7;13;source_systemS5;lean411;source_fileS35;RequestProject/Kant/Onboarding.lean13;source_formatS4;text11;imported_atI+0;14;transformed_atI+0;15;transformationsL0;13;parent_objectS0;","1a7b1853cd5542752ed60bdc75f25d225919bf4a40b7c6672ab79f3496e71d04"
"obj.Kant.Rendezvous.instDecidableEqInvite","def","Kant.Rendezvous.instDecidableEqInvite","ASSERTED","DecidableEq Kant.Rendezvous.Invite","L0;","O0;","L0;","L0;","L0;","L0;","L0;","L0;","S34;DecidableEq Kant.Rendezvous.Invite","O7;13;source_systemS5;lean411;source_fileS35;RequestProject/Kant/Rendezvous.lean13;source_formatS4;text11;imported_atI+0;14;transformed_atI+448;15;transformationsL0;13;parent_objectS0;","55076a1f26f220b04f636cb446c7b2637e768de62339e056064164765724f289"
"obj.Kant.Bytes.digest","def","Kant.Bytes.digest","ASSERTED","Kant.Bytes.Blob → Kant.Bytes.Blob","L0;","O0;","L0;","L0;","L0;","L0;","L0;","L0;","S33;Kant.Bytes.Blob → Kant.Bytes.Blob","O7;13;source_systemS5;lean411;source_fileS30;RequestProject/Kant/Bytes.lean13;source_formatS4;text11;imported_atI+0;14;transformed_atI+111;15;transformationsL0;13;parent_objectS0;","c8a3fb3eea421b707f86a3ada93ac14bb425c16dc9fabdb61700a05951101f51"
"obj.Kant.Cli.route","def","Kant.Cli.route","ASSERTED","List Char → Option Kant.Cli.Route","L2;S26;obj.Kant.Cli.route.match_3S25;obj.Kant.SiteCard.breakAt","O0;","L0;","L0;","L0;","L0;","L0;","L0;","S33;List Char → Option Kant.Cli.Route","O7;13;source_systemS5;lean411;source_fileS28;RequestProject/Kant/Cli.lean13;source_formatS4;text11;imported_atI+0;14;transformed_atI+251;15;transformationsL0;13;parent_objectS0;","467f32fda176407aaa57ad1ca5bfe75d70b3872409f78e942f363462f16b6c47"
"obj.Kant.Codec.detect","def","Kant.Codec.detect","ASSERTED","Option Kant.Codec.Fmt → List Char → Kant.Codec.Fmt","L0;","O0;","L0;","L0;","L0;","L0;","L0;","L0;","S50;Option Kant.Codec.Fmt → List Char → Kant.Codec.Fmt","O7;13;source_systemS5;lean411;source_fileS38;RequestProject/Kant/Codec/RawText.lean13;source_formatS4;text11;imported_atI+0;14;transformed_atI+128;15;transformationsL0;13;parent_objectS0;","68f19d8e9207014dffad741a10edbdea464a84f9cdaec7075dfcddc018fe3c64"
"obj.Kant.Wasm.CmpOp.ne.elim","def","Kant.Wasm.CmpOp.ne.elim","ASSERTED","{motive : Kant.Wasm.CmpOp → Sort u} →   (t : Kant.Wasm.CmpOp) → Eq t.ctorIdx 1 → motive Kant.Wasm.CmpOp.ne → motive t","L0;","O0;","L0;","L0;","L0;","L0;","L0;","L0;","S117;{motive : Kant.Wasm.CmpOp → Sort u} →   (t : Kant.Wasm.CmpOp) → Eq t.ctorIdx 1 → motive Kant.Wasm.CmpOp.ne → motive t","O7;13;source_systemS5;lean411;source_fileS31;RequestProject/Wasm/Syntax.lean13;source_formatS4;text11;imported_atI+0;14;transformed_atI+32;15;transformationsL0;13;parent_objectS0;","f17ae3229b79fcb0fe64f25f892eefeb733090dad9614596df58bce8123e0531"
"obj.Kant.Cli.Req","inductive","Kant.Cli.Req","ASSERTED","Type","L0;","O0;","L0;","L0;","L0;","L0;","L0;","L0;","S4;Type","O7;13;source_systemS5;lean411;source_fileS28;RequestProject/Kant/Cli.lean13;source_formatS4;text11;imported_atI+0;14;transformed_atI+150;15;transformationsL0;13;parent_objectS0;","d9fd7a317cb79f78734287cbe0d7cb1b859960edeba7073e9f1e3b96d65ec9e1"
"obj.Kant.Codec.Row.recOn","def","Kant.Codec.Row.recOn","ASSERTED","{motive : Kant.Codec.Row → Sort u} →   (t : Kant.Codec.Row) →     ((objectId objectType field value valueType parentId : List Char) →         motive           { objectId := objectId, objectType := objectType, field := field, value := value,             valueType := valueType, parentId := parentId }) →       motive t","L0;","O0;","L0;","L0;","L0;","L0;","L0;","L0;","S317;{motive : Kant.Codec.Row → Sort u} →   (t : Kant.Codec.Row) →     ((objectId objectType field value valueType parentId : List Char) →         motive           { objectId := objectId, objectType := objectType, field := field, value := value,             valueType := valueType, parentId := parentId }) →       motive t","O7;13;source_systemS5;lean411;source_fileS34;RequestProject/Kant/Codec/Csv.lean13;source_formatS4;text11;imported_atI+0;14;transformed_atI+39;15;transformationsL0;13;parent_objectS0;","a1326e74e81e7d4ce8062fd14beac687b0af026a521d1dfacc9c7260c3d77d65"
"obj.Kant.Dom.instDecidableEqSchema.decEq.match_1","def","Kant.Dom.instDecidableEqSchema.decEq.match_1","ASSERTED","(motive : Kant.Dom.Schema → Kant.Dom.Schema → Sort u_1) →   (x x_1 : Kant.Dom.Schema) →     ((a : Kant.Dom.Id) →         (a_1 a_2 a_3 : List Char) →           (b : Kant.Dom.Id) →             (b_1 b_2 b_3 : List Char) →               motive { id := a, name := a_1, version := a_2, location := a_3 }                 { id := b, name := b_1, version := b_2, location := b_3 }) →       motive x x_1","L1;S15;obj.Kant.Dom.Id","O0;","L0;","L0;","L0;","L0;","L0;","L0;","S393;(motive : Kant.Dom.Schema → Kant.Dom.Schema → Sort u_1) →   (x x_1 : Kant.Dom.Schema) →     ((a : Kant.Dom.Id) →         (a_1 a_2 a_3 : List Char) →           (b : Kant.Dom.Id) →             (b_1 b_2 b_3 : List Char) →               motive { id := a, name := a_1, version := a_2, location := a_3 }                 { id := b, name := b_1, version := b_2, location := b_3 }) →       motive x x_1","O7;13;source_systemS5;lean411;source_fileS37;RequestProject/Kant/Domain/Model.lean13;source_formatS4;text11;imported_atI+0;14;transformed_atI+0;15;transformationsL0;13;parent_objectS0;","34e7ac39df4dd38ff73d5f8b4aad1164f88959916bd4589d6004e65b0ac51c12"
"obj.Kant.Relay.receive_delivers","theorem","Kant.Relay.receive_delivers","PROVEN","∀ {ms : List Kant.Relay.Msg} {ls : List (List Char)} {l : List Char} {x : Kant.Relay.Msg},   List.instMembership.mem ls l →     Eq (Kant.Relay.parseMsg l) (Option.some x) →       List.instMembership.mem (Kant.Relay.receive ms ls) x","L0;","O0;","L0;","L0;","L1;S33;claim.Kant.Relay.receive_delivers","L0;","L1;S33;proof.Kant.Relay.receive_delivers","L0;","S231;∀ {ms : List Kant.Relay.Msg} {ls : List (List Char)} {l : List Char} {x : Kant.Relay.Msg},   List.instMembership.mem ls l →     Eq (Kant.Relay.parseMsg l) (Option.some x) →       List.instMembership.mem (Kant.Relay.receive ms ls) x","O7;13;source_systemS5;lean411;source_fileS30;RequestProject/Kant/Relay.lean13;source_formatS4;text11;imported_atI+0;14;transformed_atI+326;15;transformationsL0;13;parent_objectS0;","e56ea4a1c84c36962551996f92b6d91171d57c2a717eb5a8c288875e1df2cde3"
"obj.Kant.Sync.Source.uucp.elim","def","Kant.Sync.Source.uucp.elim","ASSERTED","{motive : Kant.Sync.Source → Sort u} →   (t : Kant.Sync.Source) → Eq t.ctorIdx 5 → motive Kant.Sync.Source.uucp → motive t","L0;","O0;","L0;","L0;","L0;","L0;","L0;","L0;","S122;{motive : Kant.Sync.Source → Sort u} →   (t : Kant.Sync.Source) → Eq t.ctorIdx 5 → motive Kant.Sync.Source.uucp → motive t","O7;13;source_systemS5;lean411;source_fileS29;RequestProject/Kant/Sync.lean13;source_formatS4;text11;imported_atI+0;14;transformed_atI+38;15;transformationsL0;13;parent_objectS0;","b5d4b64d96a72b8629d10dcfb5d8371956ccd8c350cf973041813162d7f63a13"
"obj.Kant.Dom.instDecidableEqClaim","def","Kant.Dom.instDecidableEqClaim","ASSERTED","DecidableEq Kant.Dom.Claim","L0;","O0;","L0;","L0;","L0;","L0;","L0;","L0;","S26;DecidableEq Kant.Dom.Claim","O7;13;source_systemS5;lean411;source_fileS37;RequestProject/Kant/Domain/Model.lean13;source_formatS4;text11;imported_atI+0;14;transformed_atI+443;15;transformationsL0;13;parent_objectS0;","ae54dc8196cedfbaca64f589a2b9142d233b5a026818d7d4be22763124177447"
"obj.Kant.Dom.Claim.truth","def","Kant.Dom.Claim.truth","ASSERTED","Kant.Dom.Claim → Kant.Dom.Truth","L0;","O0;","L0;","L0;","L0;","L0;","L0;","L0;","S31;Kant.Dom.Claim → Kant.Dom.Truth","O7;13;source_systemS5;lean411;source_fileS37;RequestProject/Kant/Domain/Model.lean13;source_formatS4;text11;imported_atI+0;14;transformed_atI+440;15;transformationsL0;13;parent_objectS0;","3f61c44359a43c4a450c6928dbcadc25f722ea1b06fdfc547776ee5b3fae5bff"
"obj.Kant.Codec.MinProfile.metadata","def","Kant.Codec.MinProfile.metadata","ASSERTED","Kant.Codec.MinProfile → List (Prod (List Char) Kant.Codec.Val)","L0;","O0;","L0;","L0;","L0;","L0;","L0;","L0;","S62;Kant.Codec.MinProfile → List (Prod (List Char) Kant.Codec.Val)","O7;13;source_systemS5;lean411;source_fileS36;RequestProject/Kant/Codec/Model.lean13;source_formatS4;text11;imported_atI+0;14;transformed_atI+572;15;transformationsL0;13;parent_objectS0;","14cd3370e8f68413e474f0ad6954b2484a1f3410d7be729933d322c42baf32ce"
"obj.Kant.Cli.route.match_3","def","Kant.Cli.route.match_3","ASSERTED","(motive : Option (List Char) → Sort u_1) →   (x : Option (List Char)) →     (Unit → motive Option.none) → ((rest : List Char) → motive (Option.some rest)) → motive x","L0;","O0;","L0;","L0;","L0;","L0;","L0;","L0;","S165;(motive : Option (List Char) → Sort u_1) →   (x : Option (List Char)) →     (Unit → motive Option.none) → ((rest : List Char) → motive (Option.some rest)) → motive x","O7;13;source_systemS5;lean411;source_fileS28;RequestProject/Kant/Cli.lean13;source_formatS4;text11;imported_atI+0;14;transformed_atI+0;15;transformationsL0;13;parent_objectS0;","9b847406260aec52931ed37bb51cb3853b74f5a6228fb1e49911a35c38955267"
"obj.Kant.Dom.readCellSep.eq_1","theorem","Kant.Dom.readCellSep.eq_1","PROVEN","∀ (s : List Char),   Eq (Kant.Dom.readCellSep (List.cons '\""' s))     (Kant.Dom.readCellSep.match_1 (fun x => Option (Prod (List Char) (Prod Char (List Char))))       (Kant.Codec.readCsvField s)       (fun v c r => Option.some { fst := v, snd := { fst := c, snd := r } }) fun x => Option.none)","L0;","O0;","L0;","L0;","L1;S31;claim.Kant.Dom.readCellSep.eq_1","L0;","L1;S31;proof.Kant.Dom.readCellSep.eq_1","L0;","S293;∀ (s : List Char),   Eq (Kant.Dom.readCellSep (List.cons '\""' s))     (Kant.Dom.readCellSep.match_1 (fun x => Option (Prod (List Char) (Prod Char (List Char))))       (Kant.Codec.readCsvField s)       (fun v c r => Option.some { fst := v, snd := { fst := c, snd := r } }) fun x => Option.none)","O7;13;source_systemS5;lean411;source_fileS37;RequestProject/Kant/Domain/Table.lean13;source_formatS4;text11;imported_atI+0;14;transformed_atI+0;15;transformationsL0;13;parent_objectS0;","2665309bf8a076298e1c2c5f7700bb966f195d3f6bba3f8b11d26bb00c67b078"
"obj.Kant.Dasl.Orbifold.noConfusionType","def","Kant.Dasl.Orbifold.noConfusionType","ASSERTED","Sort u → Kant.Dasl.Orbifold → Kant.Dasl.Orbifold → Sort u","L0;","O0;","L0;","L0;","L0;","L0;","L0;","L0;","S57;Sort u → Kant.Dasl.Orbifold → Kant.Dasl.Orbifold → Sort u","O7;13;source_systemS5;lean411;source_fileS29;RequestProject/Kant/Dasl.lean13;source_formatS4;text11;imported_atI+0;14;transformed_atI+0;15;transformationsL0;13;parent_objectS0;","5675fcd42c88029d93b37e943cd5eab2044fa328c582e28f5b7d49ad0c5335e4"
"obj.Kant.Codec.Status.pending.sizeOf_spec","theorem","Kant.Codec.Status.pending.sizeOf_spec","PROVEN","Eq (Kant.Codec.Status._sizeOf_inst.sizeOf Kant.Codec.Status.pending) 1","L0;","O0;","L0;","L0;","L1;S43;claim.Kant.Codec.Status.pending.sizeOf_spec","L0;","L1;S43;proof.Kant.Codec.Status.pending.sizeOf_spec","L0;","S70;Eq (Kant.Codec.Status._sizeOf_inst.sizeOf Kant.Codec.Status.pending) 1","O7;13;source_systemS5;lean411;source_fileS36;RequestProject/Kant/Codec/Model.lean13;source_formatS4;text11;imported_atI+0;14;transformed_atI+0;15;transformationsL0;13;parent_objectS0;","09b206bd6910b73cbd5c4821a00fd0bfdb5cda9e7f34b702600a8c9ced6c6b05"
"obj.Kant.CodeMovie.Circuit.tokens.eq_2","theorem","Kant.CodeMovie.Circuit.tokens.eq_2","PROVEN","∀ (a : Bool),   Eq (Kant.CodeMovie.Circuit.const a).tokens     (List.cons 1 (List.cons (ite (Eq a Bool.true) 1 0) List.nil))","L0;","O0;","L0;","L0;","L1;S40;claim.Kant.CodeMovie.Circuit.tokens.eq_2","L0;","L1;S40;proof.Kant.CodeMovie.Circuit.tokens.eq_2","L0;","S124;∀ (a : Bool),   Eq (Kant.CodeMovie.Circuit.const a).tokens     (List.cons 1 (List.cons (ite (Eq a Bool.true) 1 0) List.nil))","O7;13;source_systemS5;lean411;source_fileS34;RequestProject/Kant/CodeMovie.lean13;source_formatS4;text11;imported_atI+0;14;transformed_atI+0;15;transformationsL0;13;parent_objectS0;","ed566a14426e3500c4776ec7140f3e63514bd1d7d03b780688a6b576967bdd29"
"obj.Kant.CodeMovie.godel","def","Kant.CodeMovie.godel","ASSERTED","Kant.CodeMovie.Snippet → Nat","L0;","O0;","L0;","L0;","L0;","L0;","L0;","L0;","S28;Kant.CodeMovie.Snippet → Nat","O7;13;source_systemS5;lean411;source_fileS34;RequestProject/Kant/CodeMovie.lean13;source_formatS4;text11;imported_atI+0;14;transformed_atI+95;15;transformationsL0;13;parent_objectS0;","3a32d246736c51f89bb386817f57f0eb88250c257735e99e8e33a02f9241ae11"
"obj.Kant.Sheaf.instReprEigenSpace","def","Kant.Sheaf.instReprEigenSpace","ASSERTED","Repr Kant.Sheaf.EigenSpace","L0;","O0;","L0;","L0;","L0;","L0;","L0;","L0;","S26;Repr Kant.Sheaf.EigenSpace","O7;13;source_systemS5;lean411;source_fileS30;RequestProject/Kant/Sheaf.lean13;source_formatS4;text11;imported_atI+0;14;transformed_atI+61;15;transformationsL0;13;parent_objectS0;","684f0535eb6ce65ceaa9f3a0448a24ef750e5203a1df4e02e377c9443c7aef95"
"obj.Kant.Wasm.Instr.cmpop.inj","theorem","Kant.Wasm.Instr.cmpop.inj","PROVEN","∀ {op op_1 : Kant.Wasm.CmpOp},   Eq (Kant.Wasm.Instr.cmpop op) (Kant.Wasm.Instr.cmpop op_1) → Eq op op_1","L0;","O0;","L0;","L0;","L1;S31;claim.Kant.Wasm.Instr.cmpop.inj","L0;","L1;S31;proof.Kant.Wasm.Instr.cmpop.inj","L0;","S104;∀ {op op_1 : Kant.Wasm.CmpOp},   Eq (Kant.Wasm.Instr.cmpop op) (Kant.Wasm.Instr.cmpop op_1) → Eq op op_1","O7;13;source_systemS5;lean411;source_fileS31;RequestProject/Wasm/Syntax.lean13;source_formatS4;text11;imported_atI+0;14;transformed_atI+0;15;transformationsL0;13;parent_objectS0;","2c20b198b0f2d3136b91c0386e5db1406d16b23f345b42717c509bb2a8fd542e"
"obj.Kant.Dom.Evidence.ofVal.eq_1","theorem","Kant.Dom.Evidence.ofVal.eq_1","PROVEN","∀ (fs : List (Prod (List Char) Kant.Codec.Val)),   Eq (Kant.Dom.Evidence.ofVal (Kant.Codec.Val.obj fs)) do     let id ← Kant.Codec.getStr fs ""id"".toList     let kind ← Kant.Codec.getStr fs ""kind"".toList     let objectRef ← Kant.Codec.getStr fs ""object_ref"".toList     let description ← Kant.Codec.getStr fs ""description"".toList     let location ← Kant.Codec.getStr fs ""location"".toList     instAlternativeOption.pure         { id := id, kind := kind, objectRef := objectRef, description := description,           location := location }","L0;","O0;","L0;","L0;","L1;S34;claim.Kant.Dom.Evidence.ofVal.eq_1","L0;","L1;S34;proof.Kant.Dom.Evidence.ofVal.eq_1","L0;","S535;∀ (fs : List (Prod (List Char) Kant.Codec.Val)),   Eq (Kant.Dom.Evidence.ofVal (Kant.Codec.Val.obj fs)) do     let id ← Kant.Codec.getStr fs ""id"".toList     let kind ← Kant.Codec.getStr fs ""kind"".toList     let objectRef ← Kant.Codec.getStr fs ""object_ref"".toList     let description ← Kant.Codec.getStr fs ""description"".toList     let location ← Kant.Codec.getStr fs ""location"".toList     instAlternativeOption.pure         { id := id, kind := kind, objectRef := objectRef, description := description,           location := location }","O7;13;source_systemS5;lean411;source_fileS37;RequestProject/Kant/Domain/Model.lean13;source_formatS4;text11;imported_atI+0;14;transformed_atI+0;15;transformationsL0;13;parent_objectS0;","fd1929dd4cd9cf3f67a8857e1a3461943523299bafbed79d9a48c4389722a072"
"obj.Kant.Wasm.Encode.exportPayload.eq_1","theorem","Kant.Wasm.Encode.exportPayload.eq_1","PROVEN","∀ (m : Kant.Wasm.Module),   Eq (Kant.Wasm.Encode.exportPayload m)     (Kant.Wasm.Encode.vec       (List.map         (fun x =>           Kant.Wasm.Encode.exportPayload.match_1 (fun x => Kant.Wasm.Encode.Bytes) x fun f i =>             instHAppendOfAppend.hAppend (Kant.Wasm.Encode.name f.name)               (List.cons 0 (Kant.Wasm.Leb128.uleb i)))         m.funcs.zipIdx))","L0;","O0;","L0;","L0;","L1;S41;claim.Kant.Wasm.Encode.exportPayload.eq_1","L0;","L1;S41;proof.Kant.Wasm.Encode.exportPayload.eq_1","L0;","S372;∀ (m : Kant.Wasm.Module),   Eq (Kant.Wasm.Encode.exportPayload m)     (Kant.Wasm.Encode.vec       (List.map         (fun x =>           Kant.Wasm.Encode.exportPayload.match_1 (fun x => Kant.Wasm.Encode.Bytes) x fun f i =>             instHAppendOfAppend.hAppend (Kant.Wasm.Encode.name f.name)               (List.cons 0 (Kant.Wasm.Leb128.uleb i)))         m.funcs.zipIdx))","O7;13;source_systemS5;lean411;source_fileS31;RequestProject/Wasm/Encode.lean13;source_formatS4;text11;imported_atI+0;14;transformed_atI+0;15;transformationsL0;13;parent_objectS0;","fc78214094ac27eecda03237345aa42125b86010aa422680797eda7780e3a3b3"
"obj.Kant.Codec.readRowFields.eq_3","theorem","Kant.Codec.readRowFields.eq_3","PROVEN","∀ (x n : Nat) (r : Kant.Codec.Row) (rs : List Kant.Codec.Row),   Eq (Kant.Codec.readRowFields x n.succ (List.cons r rs))     (Kant.Codec.readRowList.match_1       (fun x => Option (Prod (List (Prod (List Char) Kant.Codec.Val)) (List Kant.Codec.Row)))       (Kant.Codec.readRowVal x (List.cons r rs))       (fun v rs' =>         Option.map (fun p => { fst := List.cons { fst := r.field, snd := v } p.fst, snd := p.snd })           (Kant.Codec.readRowFields x n rs'))       fun _ => Option.none)","L0;","O0;","L0;","L0;","L1;S35;claim.Kant.Codec.readRowFields.eq_3","L0;","L1;S35;proof.Kant.Codec.readRowFields.eq_3","L0;","S493;∀ (x n : Nat) (r : Kant.Codec.Row) (rs : List Kant.Codec.Row),   Eq (Kant.Codec.readRowFields x n.succ (List.cons r rs))     (Kant.Codec.readRowList.match_1       (fun x => Option (Prod (List (Prod (List Char) Kant.Codec.Val)) (List Kant.Codec.Row)))       (Kant.Codec.readRowVal x (List.cons r rs))       (fun v rs' =>         Option.map (fun p => { fst := List.cons { fst := r.field, snd := v } p.fst, snd := p.snd })           (Kant.Codec.readRowFields x n rs'))       fun _ => Option.none)","O7;13;source_systemS5;lean411;source_fileS34;RequestProject/Kant/Codec/Csv.lean13;source_formatS4;text11;imported_atI+0;14;transformed_atI+0;15;transformationsL0;13;parent_objectS0;","456bc1ab3c088c9335691e2f7741f5f04cc97cceba1273610971a49429eab8ee"
"obj.Kant.Dasl.daslHex","def","Kant.Dasl.daslHex","ASSERTED","Nat → List Char","L0;","O0;","L0;","L0;","L0;","L0;","L0;","L0;","S15;Nat → List Char","O7;13;source_systemS5;lean411;source_fileS29;RequestProject/Kant/Dasl.lean13;source_formatS4;text11;imported_atI+0;14;transformed_atI+414;15;transformationsL0;13;parent_objectS0;","93d7984bbd73a9c5a3a2548bc6cc48dabf47c74598cf0947adb3a2c0495cb04c"
"obj.Kant.Codec.project.eq_7","theorem","Kant.Codec.project.eq_7","PROVEN","∀ (a : List Char),   Eq (Kant.Codec.project (Kant.Codec.Ipdl.ref a))     (Kant.Codec.Val.obj       (List.cons { fst := Kant.Codec.ipdlRefKey, snd := Kant.Codec.Val.str a } List.nil))","L0;","O0;","L0;","L0;","L1;S29;claim.Kant.Codec.project.eq_7","L0;","L1;S29;proof.Kant.Codec.project.eq_7","L0;","S182;∀ (a : List Char),   Eq (Kant.Codec.project (Kant.Codec.Ipdl.ref a))     (Kant.Codec.Val.obj       (List.cons { fst := Kant.Codec.ipdlRefKey, snd := Kant.Codec.Val.str a } List.nil))","O7;13;source_systemS5;lean411;source_fileS35;RequestProject/Kant/Codec/Ipdl.lean13;source_formatS4;text11;imported_atI+0;14;transformed_atI+0;15;transformationsL0;13;parent_objectS0;","f748861554cc2770bfd63bce84925c3be4eadbd54c6fd62ee400bfe91ec18819"
"obj.Kant.Dom.DomObj.toVal","def","Kant.Dom.DomObj.toVal","ASSERTED","Kant.Dom.DomObj → Kant.Codec.Val","L3;S24;obj.Kant.Dom.DomObj.nameS35;obj.Kant.Dom.DomObj.transformationsS29;obj.Kant.Dom.DomObj.claimRefs","O0;","L0;","L0;","L0;","L0;","L0;","L0;","S32;Kant.Dom.DomObj → Kant.Codec.Val","O7;13;source_systemS5;lean411;source_fileS37;RequestProject/Kant/Domain/Model.lean13;source_formatS4;text11;imported_atI+0;14;transformed_atI+313;15;transformationsL0;13;parent_objectS0;","c7a3cacdf9b0ceee9fdc9cf63e294fc167a0dfe24b78a6f056d3930924990503"
"obj.Kant.Wasm.Decode.instInhabitedRawInstr.default","def","Kant.Wasm.Decode.instInhabitedRawInstr.default","ASSERTED","Kant.Wasm.Decode.RawInstr","L0;","O0;","L0;","L0;","L0;","L0;","L0;","L0;","S25;Kant.Wasm.Decode.RawInstr","O7;13;source_systemS5;lean411;source_fileS31;RequestProject/Wasm/Decode.lean13;source_formatS4;text11;imported_atI+0;14;transformed_atI+49;15;transformationsL0;13;parent_objectS0;","7475ee7d33a7ccfaedc395fae651323dffbfabf81adf2d74bc5ca1f26f04d137"
"obj.Kant.Relay.instDecidableEqMsg","def","Kant.Relay.instDecidableEqMsg","ASSERTED","DecidableEq Kant.Relay.Msg","L1;S39;obj.Kant.Relay.instDecidableEqMsg.decEq","O0;","L0;","L0;","L0;","L0;","L0;","L0;","S26;DecidableEq Kant.Relay.Msg","O7;13;source_systemS5;lean411;source_fileS30;RequestProject/Kant/Relay.lean13;source_formatS4;text11;imported_atI+0;14;transformed_atI+61;15;transformationsL0;13;parent_objectS0;","9699b024a067cc459cc2a39f0dbce5c2f6e0d626047028bf95568ac04c7fb23c"
"obj.Kant.Dom.objId.eq_1","theorem","Kant.Dom.objId.eq_1","PROVEN","∀ (n : List Char), Eq (Kant.Dom.objId n) (instHAppendOfAppend.hAppend ""obj."".toList n)","L1;S15;obj.Kant.Dom.Id","O0;","L0;","L0;","L1;S25;claim.Kant.Dom.objId.eq_1","L0;","L1;S25;proof.Kant.Dom.objId.eq_1","L0;","S86;∀ (n : List Char), Eq (Kant.Dom.objId n) (instHAppendOfAppend.hAppend ""obj."".toList n)","O7;13;source_systemS5;lean411;source_fileS39;RequestProject/Kant/Domain/Catalog.lean13;source_formatS4;text11;imported_atI+0;14;transformed_atI+0;15;transformationsL0;13;parent_objectS0;","c72ad286647284cac97290302eab0ced3d0b14dd6f320904779803bd618149e7"
"obj.Kant.Wasm.Decode.bytesN_replicate","theorem","Kant.Wasm.Decode.bytesN_replicate","PROVEN","∀ (n : Nat) (b : UInt8) (rest : Kant.Wasm.Decode.Bytes),   Eq (Kant.Wasm.Decode.bytesN n (instHAppendOfAppend.hAppend (List.replicate n b) rest))     (Option.some { fst := List.replicate n b, snd := rest })","L0;","O0;","L0;","L0;","L1;S39;claim.Kant.Wasm.Decode.bytesN_replicate","L0;","L1;S39;proof.Kant.Wasm.Decode.bytesN_replicate","L0;","S206;∀ (n : Nat) (b : UInt8) (rest : Kant.Wasm.Decode.Bytes),   Eq (Kant.Wasm.Decode.bytesN n (instHAppendOfAppend.hAppend (List.replicate n b) rest))     (Option.some { fst := List.replicate n b, snd := rest })","O7;13;source_systemS5;lean411;source_fileS31;RequestProject/Wasm/Decode.lean13;source_formatS4;text11;imported_atI+0;14;transformed_atI+214;15;transformationsL0;13;parent_objectS0;","bd7641d10eba08a1699b43359df7ceeea8a0b49637ad1f7bcc3142271a433c48"
"obj.Kant.Text.digitsValue.eq_1","theorem","Kant.Text.digitsValue.eq_1","PROVEN","∀ (cs : List Char),   Eq (Kant.Text.digitsValue cs)     (List.foldl       (fun acc c =>         ite (And (Char.instLE.le '0' c) (Char.instLE.le c '9'))           (instHAdd.hAdd (instHMul.hMul acc 10) (instHSub.hSub c.toNat 48)) acc)       0 cs)","L0;","O0;","L0;","L0;","L1;S32;claim.Kant.Text.digitsValue.eq_1","L0;","L1;S32;proof.Kant.Text.digitsValue.eq_1","L0;","S244;∀ (cs : List Char),   Eq (Kant.Text.digitsValue cs)     (List.foldl       (fun acc c =>         ite (And (Char.instLE.le '0' c) (Char.instLE.le c '9'))           (instHAdd.hAdd (instHMul.hMul acc 10) (instHSub.hSub c.toNat 48)) acc)       0 cs)","O7;13;source_systemS5;lean411;source_fileS28;RequestProject/Kant/Cli.lean13;source_formatS4;text11;imported_atI+0;14;transformed_atI+0;15;transformationsL0;13;parent_objectS0;","ee5c0e99a22d8683f29c30abec6eca60b1c444b6e956ed310b1c10a4668d530e"
"obj.Kant.Handoff.Move.payload","def","Kant.Handoff.Move.payload","ASSERTED","Kant.Handoff.Move → Option (List Char)","L0;","O0;","L0;","L0;","L0;","L0;","L0;","L0;","S38;Kant.Handoff.Move → Option (List Char)","O7;13;source_systemS5;lean411;source_fileS32;RequestProject/Kant/Handoff.lean13;source_formatS4;text11;imported_atI+0;14;transformed_atI+51;15;transformationsL0;13;parent_objectS0;","abbf80d3d1294e85c153572694565f52508739fbfeb1b85f58dd1f93d82043ec"
"obj.Kant.SiteCard.splitCh.match_1","def","Kant.SiteCard.splitCh.match_1","ASSERTED","(motive : List (List Char) → Sort u_1) →   (x : List (List Char)) →     (Unit → motive List.nil) →       ((f : List Char) → (fs : List (List Char)) → motive (List.cons f fs)) → motive x","L0;","O0;","L0;","L0;","L0;","L0;","L0;","L0;","S185;(motive : List (List Char) → Sort u_1) →   (x : List (List Char)) →     (Unit → motive List.nil) →       ((f : List Char) → (fs : List (List Char)) → motive (List.cons f fs)) → motive x","O7;13;source_systemS5;lean411;source_fileS33;RequestProject/Kant/SiteCard.lean13;source_formatS4;text11;imported_atI+0;14;transformed_atI+0;15;transformationsL0;13;parent_objectS0;","860ff8275bac11920af3e132e6fa2135485f2372c5555f3caa5d8021e327e4ff"
"obj.Kant.Repost.Quote.mk.inj","theorem","Kant.Repost.Quote.mk.inj","PROVEN","∀ {comment original comment_1 original_1 : Kant.Paste},   Eq { comment := comment, original := original } { comment := comment_1, original := original_1 } →     And (Eq comment comment_1) (Eq original original_1)","L0;","O0;","L0;","L0;","L1;S30;claim.Kant.Repost.Quote.mk.inj","L0;","L1;S30;proof.Kant.Repost.Quote.mk.inj","L0;","S212;∀ {comment original comment_1 original_1 : Kant.Paste},   Eq { comment := comment, original := original } { comment := comment_1, original := original_1 } →     And (Eq comment comment_1) (Eq original original_1)","O7;13;source_systemS5;lean411;source_fileS31;RequestProject/Kant/Repost.lean13;source_formatS4;text11;imported_atI+0;14;transformed_atI+0;15;transformationsL0;13;parent_objectS0;","16459c46a2d9b7cd0ed43776c0f8afdaef18fbdc719fa417d7e1ef8fa928b6f4"
"obj.Kant.Uucp.ofBag","def","Kant.Uucp.ofBag","ASSERTED","List Kant.Relay.Msg → Kant.Clipboard.Envelope","L0;","O0;","L0;","L0;","L0;","L0;","L0;","L0;","S45;List Kant.Relay.Msg → Kant.Clipboard.Envelope","O7;13;source_systemS5;lean411;source_fileS29;RequestProject/Kant/Uucp.lean13;source_formatS4;text11;imported_atI+0;14;transformed_atI+92;15;transformationsL0;13;parent_objectS0;","962a03eaf5a869ab1daf303d85cae188d922409a1c4a7bc9ae0a3ea374a8c736"
"obj.Kant.Dom.DomObj.transformations","def","Kant.Dom.DomObj.transformations","ASSERTED","Kant.Dom.DomObj → List Kant.Dom.Id","L1;S15;obj.Kant.Dom.Id","O0;","L0;","L0;","L0;","L0;","L0;","L0;","S34;Kant.Dom.DomObj → List Kant.Dom.Id","O7;13;source_systemS5;lean411;source_fileS37;RequestProject/Kant/Domain/Model.lean13;source_formatS4;text11;imported_atI+0;14;transformed_atI+296;15;transformationsL0;13;parent_objectS0;","a6878212bc17c7e0794f28a5bca1e0e3eae29a77374389667f42364f2674d859"
"obj.Kant.SiteCard.Config.Wf.picture","theorem","Kant.SiteCard.Config.Wf.picture","PROVEN","∀ {c : Kant.SiteCard.Config}, c.Wf → Kant.SiteCard.FieldOk c.picture","L1;S32;obj.Kant.SiteCard.Config.picture","O0;","L0;","L0;","L1;S37;claim.Kant.SiteCard.Config.Wf.picture","L0;","L1;S37;proof.Kant.SiteCard.Config.Wf.picture","L0;","S68;∀ {c : Kant.SiteCard.Config}, c.Wf → Kant.SiteCard.FieldOk c.picture","O7;13;source_systemS5;lean411;source_fileS33;RequestProject/Kant/SiteCard.lean13;source_formatS4;text11;imported_atI+0;14;transformed_atI+162;15;transformationsL0;13;parent_objectS0;","245650ff14a9cfce3f7556e86ed80ef903d8047405510470ea0975985896485b"
"obj.Kant.Codec.pFields.eq_def","theorem","Kant.Codec.pFields.eq_def","PROVEN","∀ (x x_1 : Nat) (x_2 : List Char),   Eq (Kant.Codec.pFields x x_1 x_2)     (Kant.Codec.pList.match_3       (fun x x_3 x_4 => Option (Prod (List (Prod (List Char) Kant.Codec.Val)) (List Char))) x x_1       x_2 (fun x s => Option.some { fst := List.nil, snd := s }) fun fuel n s =>       Kant.Codec.pFields.match_1         (fun x => Option (Prod (List (Prod (List Char) Kant.Codec.Val)) (List Char)))         (Kant.Codec.readStr s)         (fun k r0 =>           Kant.Codec.pList.match_1             (fun x => Option (Prod (List (Prod (List Char) Kant.Codec.Val)) (List Char)))             (Kant.Codec.pVal fuel r0)             (fun v r =>               Kant.Codec.pVal.match_3                 (fun x => Option (Prod (List (Prod (List Char) Kant.Codec.Val)) (List Char)))                 (Kant.Codec.pFields fuel n r)                 (fun fs r2 => Option.some { fst := List.cons { fst := k, snd := v } fs, snd := r2 })                 fun _ => Option.none)             fun _ => Option.none)         fun _ => Option.none)","L0;","O0;","L0;","L0;","L1;S31;claim.Kant.Codec.pFields.eq_def","L0;","L1;S31;proof.Kant.Codec.pFields.eq_def","L0;","S1018;∀ (x x_1 : Nat) (x_2 : List Char),   Eq (Kant.Codec.pFields x x_1 x_2)     (Kant.Codec.pList.match_3       (fun x x_3 x_4 => Option (Prod (List (Prod (List Char) Kant.Codec.Val)) (List Char))) x x_1       x_2 (fun x s => Option.some { fst := List.nil, snd := s }) fun fuel n s =>       Kant.Codec.pFields.match_1         (fun x => Option (Prod (List (Prod (List Char) Kant.Codec.Val)) (List Char)))         (Kant.Codec.readStr s)         (fun k r0 =>           Kant.Codec.pList.match_1             (fun x => Option (Prod (List (Prod (List Char) Kant.Codec.Val)) (List Char)))             (Kant.Codec.pVal fuel r0)             (fun v r =>               Kant.Codec.pVal.match_3                 (fun x => Option (Prod (List (Prod (List Char) Kant.Codec.Val)) (List Char)))                 (Kant.Codec.pFields fuel n r)                 (fun fs r2 => Option.some { fst := List.cons { fst := k, snd := v } fs, snd := r2 })                 fun _ => Option.none)             fun _ => Option.none)         fun _ => Option.none)","O7;13;source_systemS5;lean411;source_fileS34;RequestProject/Kant/Codec/Val.lean13;source_formatS4;text11;imported_atI+0;14;transformed_atI+0;15;transformationsL0;13;parent_objectS0;","c5c4fcba43a876cd4e71650d72f925c2e0c27b1cf67e70a7c94f2c1a8d8a889c"
"obj.Kant.Dom.Id","def","Kant.Dom.Id","ASSERTED","Type","L0;","O0;","L0;","L0;","L0;","L0;","L0;","L0;","S4;Type","O7;13;source_systemS5;lean411;source_fileS37;RequestProject/Kant/Domain/Model.lean13;source_formatS4;text11;imported_atI+0;14;transformed_atI+40;15;transformationsL0;13;parent_objectS0;","ab1aef630f5792c2e30101ba89d98e2595eadd56fcf7443c5e530a14270c959f"
"obj.Kant.Cli.browserPoll.eq_1","theorem","Kant.Cli.browserPoll.eq_1","PROVEN","∀ (sv : Kant.Relay.Server) (c : Kant.Cli.Client),   Eq (Kant.Cli.browserPoll sv c)     { fst := sv,       snd :=         { self := c.self, relay := c.relay, secret := c.secret, seq := c.seq,           cursor := (sv.fetch c.room c.cursor).snd,           messages := Kant.Relay.receive c.messages (sv.fetch c.room c.cursor).fst } }","L1;S26;obj.Kant.Cli.Client.secret","O0;","L0;","L0;","L1;S31;claim.Kant.Cli.browserPoll.eq_1","L0;","L1;S31;proof.Kant.Cli.browserPoll.eq_1","L0;","S329;∀ (sv : Kant.Relay.Server) (c : Kant.Cli.Client),   Eq (Kant.Cli.browserPoll sv c)     { fst := sv,       snd :=         { self := c.self, relay := c.relay, secret := c.secret, seq := c.seq,           cursor := (sv.fetch c.room c.cursor).snd,           messages := Kant.Relay.receive c.messages (sv.fetch c.room c.cursor).fst } }","O7;13;source_systemS5;lean411;source_fileS28;RequestProject/Kant/Cli.lean13;source_formatS4;text11;imported_atI+0;14;transformed_atI+0;15;transformationsL0;13;parent_objectS0;","eac55264270d05db43fafaf3c47413782ef41e166ee9b689f4363d7a0ff5ae76"
"obj.Kant.Uucp.packBag","def","Kant.Uucp.packBag","ASSERTED","List Kant.Relay.Msg → List Char","L1;S19;obj.Kant.Uucp.ofBag","O0;","L0;","L0;","L0;","L0;","L0;","L0;","S31;List Kant.Relay.Msg → List Char","O7;13;source_systemS5;lean411;source_fileS29;RequestProject/Kant/Uucp.lean13;source_formatS4;text11;imported_atI+0;14;transformed_atI+109;15;transformationsL0;13;parent_objectS0;","d1b2ed00e7b6c527257bfa289eb1498cdbae8ce9c416006db3107be4e6d95c12"
"obj.Kant.Codec.Loss.lossy.sizeOf_spec","theorem","Kant.Codec.Loss.lossy.sizeOf_spec","PROVEN","Eq (Kant.Codec.Loss._sizeOf_inst.sizeOf Kant.Codec.Loss.lossy) 1","L0;","O0;","L0;","L0;","L1;S39;claim.Kant.Codec.Loss.lossy.sizeOf_spec","L0;","L1;S39;proof.Kant.Codec.Loss.lossy.sizeOf_spec","L0;","S64;Eq (Kant.Codec.Loss._sizeOf_inst.sizeOf Kant.Codec.Loss.lossy) 1","O7;13;source_systemS5;lean411;source_fileS36;RequestProject/Kant/Codec/Model.lean13;source_formatS4;text11;imported_atI+0;14;transformed_atI+0;15;transformationsL0;13;parent_objectS0;","5e0f37e81eefebf35c6e8134242614506d3aaf299916b6b929486f1977028516"
"obj.Kant.Sheaf.Section.encoding","def","Kant.Sheaf.Section.encoding","ASSERTED","Kant.Sheaf.Section → Kant.Sheaf.Encoding","L0;","O0;","L0;","L0;","L0;","L0;","L0;","L0;","S40;Kant.Sheaf.Section → Kant.Sheaf.Encoding","O7;13;source_systemS5;lean411;source_fileS30;RequestProject/Kant/Sheaf.lean13;source_formatS4;text11;imported_atI+0;14;transformed_atI+152;15;transformationsL0;13;parent_objectS0;","88ea97ecec54f87b4c834f5500c31a780fd1fa1f346de701555e815229dab43e"
"obj.Kant.Rendezvous.ofInvite","def","Kant.Rendezvous.ofInvite","ASSERTED","Kant.Rendezvous.Invite → Kant.Clipboard.Envelope","L1;S32;obj.Kant.Rendezvous.Invite.addrs","O0;","L0;","L0;","L0;","L0;","L0;","L0;","S48;Kant.Rendezvous.Invite → Kant.Clipboard.Envelope","O7;13;source_systemS5;lean411;source_fileS35;RequestProject/Kant/Rendezvous.lean13;source_formatS4;text11;imported_atI+0;14;transformed_atI+465;15;transformationsL0;13;parent_objectS0;","e65454ef3f2ee5835080489096b1a2d8e3f2c67750d9f5b15f707239ad0709f6"
"obj.Kant.Connectivity.Client.browser","def","Kant.Connectivity.Client.browser","ASSERTED","Kant.Connectivity.Client → Nat","L0;","O0;","L0;","L0;","L0;","L0;","L0;","L0;","S30;Kant.Connectivity.Client → Nat","O7;13;source_systemS5;lean411;source_fileS37;RequestProject/Kant/Connectivity.lean13;source_formatS4;text11;imported_atI+0;14;transformed_atI+103;15;transformationsL0;13;parent_objectS0;","e78ee68874c104c30208b12204a32e30293bbb0074b93a8126422cbc9a1848be"
"obj.Kant.Wasm.Decode.secDec.match_5","def","Kant.Wasm.Decode.secDec.match_5","ASSERTED","(motive : Option (Prod Kant.Wasm.Decode.Bytes Kant.Wasm.Decode.Bytes) → Sort u_1) →   (x : Option (Prod Kant.Wasm.Decode.Bytes Kant.Wasm.Decode.Bytes)) →     (Unit → motive Option.none) →       ((payload rest : Kant.Wasm.Decode.Bytes) →           motive (Option.some { fst := payload, snd := rest })) →         motive x","L0;","O0;","L0;","L0;","L0;","L0;","L0;","L0;","S319;(motive : Option (Prod Kant.Wasm.Decode.Bytes Kant.Wasm.Decode.Bytes) → Sort u_1) →   (x : Option (Prod Kant.Wasm.Decode.Bytes Kant.Wasm.Decode.Bytes)) →     (Unit → motive Option.none) →       ((payload rest : Kant.Wasm.Decode.Bytes) →           motive (Option.some { fst := payload, snd := rest })) →         motive x","O7;13;source_systemS5;lean411;source_fileS31;RequestProject/Wasm/Decode.lean13;source_formatS4;text11;imported_atI+0;14;transformed_atI+0;15;transformationsL0;13;parent_objectS0;","489b9a2c5957d83072146c79e3879d037d9e96dcd9fecc96efe6e061f66dd479"
"obj.Kant.CardDebug.instDecidableEqPairing","def","Kant.CardDebug.instDecidableEqPairing","ASSERTED","DecidableEq Kant.CardDebug.Pairing","L0;","O0;","L0;","L0;","L0;","L0;","L0;","L0;","S34;DecidableEq Kant.CardDebug.Pairing","O7;13;source_systemS5;lean411;source_fileS34;RequestProject/Kant/CardDebug.lean13;source_formatS4;text11;imported_atI+0;14;transformed_atI+165;15;transformationsL0;13;parent_objectS0;","0284c8e078d0e04955492c1087bd9066ac53fb3312b2fd4385c5b146a1ddc0e0"
"obj.Kant.Codec.Inp.name","def","Kant.Codec.Inp.name","ASSERTED","Kant.Codec.Inp → List Char","L0;","O0;","L0;","L0;","L0;","L0;","L0;","L0;","S26;Kant.Codec.Inp → List Char","O7;13;source_systemS5;lean411;source_fileS36;RequestProject/Kant/Codec/Model.lean13;source_formatS4;text11;imported_atI+0;14;transformed_atI+364;15;transformationsL0;13;parent_objectS0;","fbaec351993bed5fc7911e3378e1a8f4ae29f9fff41b00e5df544f3174e4a32a"
"obj.Kant.Wasm.Instr.extendU.sizeOf_spec","theorem","Kant.Wasm.Instr.extendU.sizeOf_spec","PROVEN","Eq (Kant.Wasm.Instr._sizeOf_inst.sizeOf Kant.Wasm.Instr.extendU) 1","L0;","O0;","L0;","L0;","L1;S41;claim.Kant.Wasm.Instr.extendU.sizeOf_spec","L0;","L1;S41;proof.Kant.Wasm.Instr.extendU.sizeOf_spec","L0;","S66;Eq (Kant.Wasm.Instr._sizeOf_inst.sizeOf Kant.Wasm.Instr.extendU) 1","O7;13;source_systemS5;lean411;source_fileS31;RequestProject/Wasm/Syntax.lean13;source_formatS4;text11;imported_atI+0;14;transformed_atI+0;15;transformationsL0;13;parent_objectS0;","52d55f4d968ec913ec8a9cb1f1010060bba5c3eb3d43e2796d0a6d19d2679c46"
"obj.Kant.Cli.pollFrom_curl_roundTrip","theorem","Kant.Cli.pollFrom_curl_roundTrip","PROVEN","∀ {c : Kant.Cli.Client},   Not (List.instMembership.mem c.relay ' ') →     Eq (Kant.Cli.parseCurlLine (Kant.Cli.curlLine (Kant.Cli.pollFrom c)))       (Option.some (Kant.Cli.pollFrom c))","L2;S16;obj.Kant.Cli.ReqS26;obj.Kant.Cli.Client.secret","O0;","L0;","L0;","L1;S38;claim.Kant.Cli.pollFrom_curl_roundTrip","L0;","L1;S38;proof.Kant.Cli.pollFrom_curl_roundTrip","L0;","S186;∀ {c : Kant.Cli.Client},   Not (List.instMembership.mem c.relay ' ') →     Eq (Kant.Cli.parseCurlLine (Kant.Cli.curlLine (Kant.Cli.pollFrom c)))       (Option.some (Kant.Cli.pollFrom c))","O7;13;source_systemS5;lean411;source_fileS28;RequestProject/Kant/Cli.lean13;source_formatS4;text11;imported_atI+0;14;transformed_atI+448;15;transformationsL0;13;parent_objectS0;","0af8d3ef2711052c72dd03c5c63a18a73bcd02530da24e025c285ad03d0ddd2d"
"obj.Kant.Clipboard.Receipt.bytes","def","Kant.Clipboard.Receipt.bytes","ASSERTED","Kant.Clipboard.Receipt → Nat","L0;","O0;","L0;","L0;","L0;","L0;","L0;","L0;","S28;Kant.Clipboard.Receipt → Nat","O7;13;source_systemS5;lean411;source_fileS34;RequestProject/Kant/Clipboard.lean13;source_formatS4;text11;imported_atI+0;14;transformed_atI+289;15;transformationsL0;13;parent_objectS0;","54615f1ce43e968397bf0b656527c180ee928bed67ecbe89f5760830b3b53406"
"obj.Kant.Sync.instReprSource","def","Kant.Sync.instReprSource","ASSERTED","Repr Kant.Sync.Source","L0;","O0;","L0;","L0;","L0;","L0;","L0;","L0;","S21;Repr Kant.Sync.Source","O7;13;source_systemS5;lean411;source_fileS29;RequestProject/Kant/Sync.lean13;source_formatS4;text11;imported_atI+0;14;transformed_atI+39;15;transformationsL0;13;parent_objectS0;","5c3678677923f3f8a4f2f8fc7b584afb0962bf8998b6f0fec63608ccb92a4701"
"obj.Kant.Codec.ImportReport.mk.noConfusion","def","Kant.Codec.ImportReport.mk.noConfusion","ASSERTED","{P : Sort u} →   {format : Kant.Codec.Fmt} →     {original : List Char} →       {object : Kant.Codec.Obj} →         {hash : List Char} →           {errors : List Kant.Codec.Err} →             {format' : Kant.Codec.Fmt} →               {original' : List Char} →                 {object' : Kant.Codec.Obj} →                   {hash' : List Char} →                     {errors' : List Kant.Codec.Err} →                       Eq                           { format := format, original := original, object := object, hash := hash,                             errors := errors }                           { format := format', original := original', object := object',                             hash := hash', errors := errors' } →                         (Eq format format' →                             Eq original original' →                               Eq object object' → Eq hash hash' → Eq errors errors' → P) →                           P","L2;S18;obj.Kant.Codec.ObjS27;obj.Kant.Codec.ImportReport","O0;","L0;","L0;","L0;","L0;","L0;","L0;","S941;{P : Sort u} →   {format : Kant.Codec.Fmt} →     {original : List Char} →       {object : Kant.Codec.Obj} →         {hash : List Char} →           {errors : List Kant.Codec.Err} →             {format' : Kant.Codec.Fmt} →               {original' : List Char} →                 {object' : Kant.Codec.Obj} →                   {hash' : List Char} →                     {errors' : List Kant.Codec.Err} →                       Eq                           { format := format, original := original, object := object, hash := hash,                             errors := errors }                           { format := format', original := original', object := object',                             hash := hash', errors := errors' } →                         (Eq format format' →                             Eq original original' →                               Eq object object' → Eq hash hash' → Eq errors errors' → P) →                           P","O7;13;source_systemS5;lean411;source_fileS39;RequestProject/Kant/Codec/Exchange.lean13;source_formatS4;text11;imported_atI+0;14;transformed_atI+186;15;transformationsL0;13;parent_objectS0;","c8ace3edd96314562d28521b2130dd990bc67bb5d86221600d2ea14f67d25263"
"obj.Kant.Wasm.Expr.const.elim","def","Kant.Wasm.Expr.const.elim","ASSERTED","{motive : Kant.Wasm.Expr → Sort u} →   (t : Kant.Wasm.Expr) → Eq t.ctorIdx 0 → ((n : Nat) → motive (Kant.Wasm.Expr.const n)) → motive t","L0;","O0;","L0;","L0;","L0;","L0;","L0;","L0;","S135;{motive : Kant.Wasm.Expr → Sort u} →   (t : Kant.Wasm.Expr) → Eq t.ctorIdx 0 → ((n : Nat) → motive (Kant.Wasm.Expr.const n)) → motive t","O7;13;source_systemS5;lean411;source_fileS31;RequestProject/Wasm/Syntax.lean13;source_formatS4;text11;imported_atI+0;14;transformed_atI+51;15;transformationsL0;13;parent_objectS0;","cfb9bce55083097b1c0ba6979f044248a8cd5d225734036123cdd3c725aa878e"
"obj.Kant.Codec.Err.toVal.eq_1","theorem","Kant.Codec.Err.toVal.eq_1","PROVEN","∀ (e : Kant.Codec.Err),   Eq e.toVal     (Kant.Codec.Val.obj       (List.cons { fst := ""id"".toList, snd := Kant.Codec.Val.str e.id }         (List.cons { fst := ""code"".toList, snd := Kant.Codec.Val.str e.code }           (List.cons { fst := ""severity"".toList, snd := Kant.Codec.Val.str e.severity.name }             (List.cons { fst := ""message"".toList, snd := Kant.Codec.Val.str e.message }               (List.cons { fst := ""location"".toList, snd := Kant.Codec.Val.str e.location }                 (List.cons { fst := ""field"".toList, snd := Kant.Codec.Val.str e.field }                   (List.cons { fst := ""object_id"".toList, snd := Kant.Codec.Val.str e.objectId }                     (List.cons                       { fst := ""source_system"".toList, snd := Kant.Codec.Val.str e.sourceSystem }                       (List.cons                         { fst := ""source_format"".toList,                           snd := Kant.Codec.Val.str e.sourceFormat.name }                         (List.cons                           { fst := ""expected"".toList, snd := Kant.Codec.Val.str e.expected }                           (List.cons { fst := ""actual"".toList, snd := Kant.Codec.Val.str e.actual }                             (List.cons { fst := ""cause"".toList, snd := Kant.Codec.Val.str e.cause }                               (List.cons                                 { fst := ""resolution"".toList,                                   snd := Kant.Codec.Val.str e.resolution }                                 (List.cons                                   { fst := ""recoverable"".toList,                                     snd := Kant.Codec.Val.bool e.recoverable }                                   List.nil)))))))))))))))","L0;","O0;","L0;","L0;","L1;S31;claim.Kant.Codec.Err.toVal.eq_1","L0;","L1;S31;proof.Kant.Codec.Err.toVal.eq_1","L0;","S1712;∀ (e : Kant.Codec.Err),   Eq e.toVal     (Kant.Codec.Val.obj       (List.cons { fst := ""id"".toList, snd := Kant.Codec.Val.str e.id }         (List.cons { fst := ""code"".toList, snd := Kant.Codec.Val.str e.code }           (List.cons { fst := ""severity"".toList, snd := Kant.Codec.Val.str e.severity.name }             (List.cons { fst := ""message"".toList, snd := Kant.Codec.Val.str e.message }               (List.cons { fst := ""location"".toList, snd := Kant.Codec.Val.str e.location }                 (List.cons { fst := ""field"".toList, snd := Kant.Codec.Val.str e.field }                   (List.cons { fst := ""object_id"".toList, snd := Kant.Codec.Val.str e.objectId }                     (List.cons                       { fst := ""source_system"".toList, snd := Kant.Codec.Val.str e.sourceSystem }                       (List.cons                         { fst := ""source_format"".toList,                           snd := Kant.Codec.Val.str e.sourceFormat.name }                         (List.cons                           { fst := ""expected"".toList, snd := Kant.Codec.Val.str e.expected }                           (List.cons { fst := ""actual"".toList, snd := Kant.Codec.Val.str e.actual }                             (List.cons { fst := ""cause"".toList, snd := Kant.Codec.Val.str e.cause }                               (List.cons                                 { fst := ""resolution"".toList,                                   snd := Kant.Codec.Val.str e.resolution }                                 (List.cons                                   { fst := ""recoverable"".toList,                                     snd := Kant.Codec.Val.bool e.recoverable }                                   List.nil)))))))))))))))","O7;13;source_systemS5;lean411;source_fileS36;RequestProject/Kant/Codec/Model.lean13;source_formatS4;text11;imported_atI+0;14;transformed_atI+0;15;transformationsL0;13;parent_objectS0;","995d7c486b3402df333e70a907d6160441a90b23044d09cd4058f460a0d65362"
"obj.Kant.Codec.Severity.ctorElimType","def","Kant.Codec.Severity.ctorElimType","ASSERTED","{motive : Kant.Codec.Severity → Sort u} → Nat → Sort (max 1 u)","L1;S23;obj.Kant.Codec.Severity","O0;","L0;","L0;","L0;","L0;","L0;","L0;","S62;{motive : Kant.Codec.Severity → Sort u} → Nat → Sort (max 1 u)","O7;13;source_systemS5;lean411;source_fileS36;RequestProject/Kant/Codec/Model.lean13;source_formatS4;text11;imported_atI+0;14;transformed_atI+0;15;transformationsL0;13;parent_objectS0;","932687264de79cd3cedbc93c663f68d0b1e596d0c756e9399849dcd425dc1ee6"
"obj.Kant.PlainText.parseMeta","def","Kant.PlainText.parseMeta","ASSERTED","List Char → Option Kant.PlainText.Meta","L0;","O0;","L0;","L0;","L0;","L0;","L0;","L0;","S38;List Char → Option Kant.PlainText.Meta","O7;13;source_systemS5;lean411;source_fileS34;RequestProject/Kant/PlainText.lean13;source_formatS4;text11;imported_atI+0;14;transformed_atI+123;15;transformationsL0;13;parent_objectS0;","6753b6accd20dea6f8189ce37785aeb13e5a312c2214fff027d87276ac16a9ab"
"obj.Kant.CodeMovie.Circuit.encode_injective","theorem","Kant.CodeMovie.Circuit.encode_injective","PROVEN","Function.Injective Kant.CodeMovie.Circuit.encode","L0;","O0;","L0;","L0;","L1;S45;claim.Kant.CodeMovie.Circuit.encode_injective","L0;","L1;S45;proof.Kant.CodeMovie.Circuit.encode_injective","L0;","S48;Function.Injective Kant.CodeMovie.Circuit.encode","O7;13;source_systemS5;lean411;source_fileS34;RequestProject/Kant/CodeMovie.lean13;source_formatS4;text11;imported_atI+0;14;transformed_atI+223;15;transformationsL0;13;parent_objectS0;","f8fba49168e381d6bc28595839fdbf1930409149cd8978d0b21c7a32a5bf6f93"
"obj.Kant.Wasm.BinOp.sub.elim","def","Kant.Wasm.BinOp.sub.elim","ASSERTED","{motive : Kant.Wasm.BinOp → Sort u} →   (t : Kant.Wasm.BinOp) → Eq t.ctorIdx 1 → motive Kant.Wasm.BinOp.sub → motive t","L0;","O0;","L0;","L0;","L0;","L0;","L0;","L0;","S118;{motive : Kant.Wasm.BinOp → Sort u} →   (t : Kant.Wasm.BinOp) → Eq t.ctorIdx 1 → motive Kant.Wasm.BinOp.sub → motive t","O7;13;source_systemS5;lean411;source_fileS31;RequestProject/Wasm/Syntax.lean13;source_formatS4;text11;imported_atI+0;14;transformed_atI+27;15;transformationsL0;13;parent_objectS0;","fd562d8d317bb4d4281d6ee5ca472687eb177d542fb737d2983797be63e4fc55"
"obj.Kant.Sheaf.Encoding.numbers.elim","def","Kant.Sheaf.Encoding.numbers.elim","ASSERTED","{motive : Kant.Sheaf.Encoding → Sort u} →   (t : Kant.Sheaf.Encoding) → Eq t.ctorIdx 6 → motive Kant.Sheaf.Encoding.numbers → motive t","L0;","O0;","L0;","L0;","L0;","L0;","L0;","L0;","S134;{motive : Kant.Sheaf.Encoding → Sort u} →   (t : Kant.Sheaf.Encoding) → Eq t.ctorIdx 6 → motive Kant.Sheaf.Encoding.numbers → motive t","O7;13;source_systemS5;lean411;source_fileS30;RequestProject/Kant/Sheaf.lean13;source_formatS4;text11;imported_atI+0;14;transformed_atI+86;15;transformationsL0;13;parent_objectS0;","b618c8ca9ec59c86508e67d1689095996f2940b780deeae02a91963bdc0da6f3"
"obj.Kant.CardDebug.codeOfEnvelope.match_1","def","Kant.CardDebug.codeOfEnvelope.match_1","ASSERTED","(motive : Option Kant.SiteCard.Card → Sort u_1) →   (x : Option Kant.SiteCard.Card) →     ((k : Kant.SiteCard.Card) → motive (Option.some k)) → (Unit → motive Option.none) → motive x","L0;","O0;","L0;","L0;","L0;","L0;","L0;","L0;","S182;(motive : Option Kant.SiteCard.Card → Sort u_1) →   (x : Option Kant.SiteCard.Card) →     ((k : Kant.SiteCard.Card) → motive (Option.some k)) → (Unit → motive Option.none) → motive x","O7;13;source_systemS5;lean411;source_fileS34;RequestProject/Kant/CardDebug.lean13;source_formatS4;text11;imported_atI+0;14;transformed_atI+0;15;transformationsL0;13;parent_objectS0;","1a115c28b0398ba79bafba578b82804463a083574f149cf577263c1010bdcd92"
"obj.Kant.Dom.DomObj.name","def","Kant.Dom.DomObj.name","ASSERTED","Kant.Dom.DomObj → List Char","L0;","O0;","L0;","L0;","L0;","L0;","L0;","L0;","S27;Kant.Dom.DomObj → List Char","O7;13;source_systemS5;lean411;source_fileS37;RequestProject/Kant/Domain/Model.lean13;source_formatS4;text11;imported_atI+0;14;transformed_atI+286;15;transformationsL0;13;parent_objectS0;","df5eadf2207c48fe357f68047591ae69560e2f0df82936d8ec87f47e00b5d133"
"obj.Kant.Codec.Compat.noConfusion","def","Kant.Codec.Compat.noConfusion","ASSERTED","{P : Sort v✝} → {x y : Kant.Codec.Compat} → Eq x y → Kant.Codec.Compat.noConfusionType P x y","L0;","O0;","L0;","L0;","L0;","L0;","L0;","L0;","S92;{P : Sort v✝} → {x y : Kant.Codec.Compat} → Eq x y → Kant.Codec.Compat.noConfusionType P x y","O7;13;source_systemS5;lean411;source_fileS39;RequestProject/Kant/Codec/Exchange.lean13;source_formatS4;text11;imported_atI+0;14;transformed_atI+263;15;transformationsL0;13;parent_objectS0;","8bdb3e24eaf0a75a509dd86050d306e51e6b94952ab619f469e7d6182de7abbf"
"obj.Kant.Codec.Envelope.mk.inj","theorem","Kant.Codec.Envelope.mk.inj","PROVEN","∀ {schemaVersion codecVersion source destination : List Char} {timestamp : Nat}   {objectId payload : List Char} {payloadFormat : Kant.Codec.Fmt}   {inputs outputs claims certificates : List Kant.Codec.Val} {diagnostics : List Kant.Codec.Err}   {transformations : List Kant.Codec.Trans}   {integrity schemaVersion_1 codecVersion_1 source_1 destination_1 : List Char} {timestamp_1 : Nat}   {objectId_1 payload_1 : List Char} {payloadFormat_1 : Kant.Codec.Fmt}   {inputs_1 outputs_1 claims_1 certificates_1 : List Kant.Codec.Val}   {diagnostics_1 : List Kant.Codec.Err} {transformations_1 : List Kant.Codec.Trans}   {integrity_1 : List Char},   Eq       { schemaVersion := schemaVersion, codecVersion := codecVersion, source := source,         destination := destination, timestamp := timestamp, objectId := objectId,         payload := payload, payloadFormat := payloadFormat, inputs := inputs, outputs := outputs,         claims := claims, certificates := certificates, diagnostics := diagnostics,         transformations := transformations, integrity := integrity }       { schemaVersion := schemaVersion_1, codecVersion := codecVersion_1, source := source_1,         destination := destination_1, timestamp := timestamp_1, objectId := objectId_1,         payload := payload_1, payloadFormat := payloadFormat_1, inputs := inputs_1,         outputs := outputs_1, claims := claims_1, certificates := certificates_1,         diagnostics := diagnostics_1, transformations := transformations_1,         integrity := integrity_1 } →     And (Eq schemaVersion schemaVersion_1)       (And (Eq codecVersion codecVersion_1)         (And (Eq source source_1)           (And (Eq destination destination_1)             (And (Eq timestamp timestamp_1)               (And (Eq objectId objectId_1)                 (And (Eq payload payload_1)                   (And (Eq payloadFormat payloadFormat_1)                     (And (Eq inputs inputs_1)                       (And (Eq outputs outputs_1)                         (And (Eq claims claims_1)                           (And (Eq certificates certificates_1)                             (And (Eq diagnostics diagnostics_1)                               (And (Eq transformations transformations_1)                                 (Eq integrity integrity_1))))))))))))))","L0;","O0;","L0;","L0;","L1;S32;claim.Kant.Codec.Envelope.mk.inj","L0;","L1;S32;proof.Kant.Codec.Envelope.mk.inj","L0;","S2304;∀ {schemaVersion codecVersion source destination : List Char} {timestamp : Nat}   {objectId payload : List Char} {payloadFormat : Kant.Codec.Fmt}   {inputs outputs claims certificates : List Kant.Codec.Val} {diagnostics : List Kant.Codec.Err}   {transformations : List Kant.Codec.Trans}   {integrity schemaVersion_1 codecVersion_1 source_1 destination_1 : List Char} {timestamp_1 : Nat}   {objectId_1 payload_1 : List Char} {payloadFormat_1 : Kant.Codec.Fmt}   {inputs_1 outputs_1 claims_1 certificates_1 : List Kant.Codec.Val}   {diagnostics_1 : List Kant.Codec.Err} {transformations_1 : List Kant.Codec.Trans}   {integrity_1 : List Char},   Eq       { schemaVersion := schemaVersion, codecVersion := codecVersion, source := source,         destination := destination, timestamp := timestamp, objectId := objectId,         payload := payload, payloadFormat := payloadFormat, inputs := inputs, outputs := outputs,         claims := claims, certificates := certificates, diagnostics := diagnostics,         transformations := transformations, integrity := integrity }       { schemaVersion := schemaVersion_1, codecVersion := codecVersion_1, source := source_1,         destination := destination_1, timestamp := timestamp_1, objectId := objectId_1,         payload := payload_1, payloadFormat := payloadFormat_1, inputs := inputs_1,         outputs := outputs_1, claims := claims_1, certificates := certificates_1,         diagnostics := diagnostics_1, transformations := transformations_1,         integrity := integrity_1 } →     And (Eq schemaVersion schemaVersion_1)       (And (Eq codecVersion codecVersion_1)         (And (Eq source source_1)           (And (Eq destination destination_1)             (And (Eq timestamp timestamp_1)               (And (Eq objectId objectId_1)                 (And (Eq payload payload_1)                   (And (Eq payloadFormat payloadFormat_1)                     (And (Eq inputs inputs_1)                       (And (Eq outputs outputs_1)                         (And (Eq claims claims_1)                           (And (Eq certificates certificates_1)                             (And (Eq diagnostics diagnostics_1)                               (And (Eq transformations transformations_1)                                 (Eq integrity integrity_1))))))))))))))","O7;13;source_systemS5;lean411;source_fileS39;RequestProject/Kant/Codec/Exchange.lean13;source_formatS4;text11;imported_atI+0;14;transformed_atI+0;15;transformationsL0;13;parent_objectS0;","80a1b1aed5890d5ffdb8f9288ff4fee4bc622001ac6d9ffde685a4b812f63b92"
"obj.Kant.Codec.xListClose","def","Kant.Codec.xListClose","ASSERTED","List Char","L0;","O0;","L0;","L0;","L0;","L0;","L0;","L0;","S9;List Char","O7;13;source_systemS5;lean411;source_fileS34;RequestProject/Kant/Codec/Xml.lean13;source_formatS4;text11;imported_atI+0;14;transformed_atI+46;15;transformationsL0;13;parent_objectS0;","d14e8de42a455391eb23fb1b8bed2ffec2ad40d4ff6dcc6b7b9e2dfbce9d5258"
"obj.Kant.Wasm.Module.Wf","def","Kant.Wasm.Module.Wf","ASSERTED","Kant.Wasm.Module → Prop","L0;","O0;","L0;","L0;","L0;","L0;","L0;","L0;","S23;Kant.Wasm.Module → Prop","O7;13;source_systemS5;lean411;source_fileS31;RequestProject/Wasm/Syntax.lean13;source_formatS4;text11;imported_atI+0;14;transformed_atI+138;15;transformationsL0;13;parent_objectS0;","020b4d3ae87020b69dd6888bd671290912a7c91de57c87d09f3775fac23c3623"
"obj.Kant.Codec.Status.toCtorIdx","def","Kant.Codec.Status.toCtorIdx","ASSERTED","Kant.Codec.Status → Nat","L0;","O0;","L0;","L0;","L0;","L0;","L0;","L0;","S23;Kant.Codec.Status → Nat","O7;13;source_systemS5;lean411;source_fileS36;RequestProject/Kant/Codec/Model.lean13;source_formatS4;text11;imported_atI+0;14;transformed_atI+0;15;transformationsL0;13;parent_objectS0;","ab0c128c3bfcd63ea7710d3c071cd2e99058d783813882b8d53aff276f469723"
"obj.Kant.Dasl.mkCid_lt","theorem","Kant.Dasl.mkCid_lt","PROVEN","∀ (t p : Nat), instLTNat.lt (Kant.Dasl.mkCid t p) (instHPow.hPow 2 64)","L0;","O0;","L0;","L0;","L1;S24;claim.Kant.Dasl.mkCid_lt","L0;","L1;S24;proof.Kant.Dasl.mkCid_lt","L0;","S70;∀ (t p : Nat), instLTNat.lt (Kant.Dasl.mkCid t p) (instHPow.hPow 2 64)","O7;13;source_systemS5;lean411;source_fileS29;RequestProject/Kant/Dasl.lean13;source_formatS4;text11;imported_atI+0;14;transformed_atI+128;15;transformationsL0;13;parent_objectS0;","dd72853766ab3aa7e492e7532c2c3c74f028a8b752da16edc6924d8715e77c5a"
"obj.Kant.Dom.DomObj.mk.injEq","theorem","Kant.Dom.DomObj.mk.injEq","PROVEN","∀ (id : Kant.Dom.Id) (kind name : List Char) (value : Kant.Codec.Val) (claim : List Char)   (inputs : List Kant.Dom.Id) (parameters : List (Prod (List Char) Kant.Codec.Val))   (transformations outputs claimRefs evidenceRefs proofRefs errorRefs : List Kant.Dom.Id)   (truth : Kant.Dom.Truth) (provenance : Option Kant.Codec.Prov) (id_1 : Kant.Dom.Id)   (kind_1 name_1 : List Char) (value_1 : Kant.Codec.Val) (claim_1 : List Char)   (inputs_1 : List Kant.Dom.Id) (parameters_1 : List (Prod (List Char) Kant.Codec.Val))   (transformations_1 outputs_1 claimRefs_1 evidenceRefs_1 proofRefs_1 errorRefs_1 :     List Kant.Dom.Id)   (truth_1 : Kant.Dom.Truth) (provenance_1 : Option Kant.Codec.Prov),   Eq     (Eq       { id := id, kind := kind, name := name, value := value, claim := claim, inputs := inputs,         parameters := parameters, transformations := transformations, outputs := outputs,         claimRefs := claimRefs, evidenceRefs := evidenceRefs, proofRefs := proofRefs,         errorRefs := errorRefs, truth := truth, provenance := provenance }       { id := id_1, kind := kind_1, name := name_1, value := value_1, claim := claim_1,         inputs := inputs_1, parameters := parameters_1, transformations := transformations_1,         outputs := outputs_1, claimRefs := claimRefs_1, evidenceRefs := evidenceRefs_1,         proofRefs := proofRefs_1, errorRefs := errorRefs_1, truth := truth_1,         provenance := provenance_1 })     (And (Eq id id_1)       (And (Eq kind kind_1)         (And (Eq name name_1)           (And (Eq value value_1)             (And (Eq claim claim_1)               (And (Eq inputs inputs_1)                 (And (Eq parameters parameters_1)                   (And (Eq transformations transformations_1)                     (And (Eq outputs outputs_1)                       (And (Eq claimRefs claimRefs_1)                         (And (Eq evidenceRefs evidenceRefs_1)                           (And (Eq proofRefs proofRefs_1)                             (And (Eq errorRefs errorRefs_1)                               (And (Eq truth truth_1) (Eq provenance provenance_1)))))))))))))))","L1;S15;obj.Kant.Dom.Id","O0;","L0;","L0;","L1;S30;claim.Kant.Dom.DomObj.mk.injEq","L0;","L1;S30;proof.Kant.Dom.DomObj.mk.injEq","L0;","S2119;∀ (id : Kant.Dom.Id) (kind name : List Char) (value : Kant.Codec.Val) (claim : List Char)   (inputs : List Kant.Dom.Id) (parameters : List (Prod (List Char) Kant.Codec.Val))   (transformations outputs claimRefs evidenceRefs proofRefs errorRefs : List Kant.Dom.Id)   (truth : Kant.Dom.Truth) (provenance : Option Kant.Codec.Prov) (id_1 : Kant.Dom.Id)   (kind_1 name_1 : List Char) (value_1 : Kant.Codec.Val) (claim_1 : List Char)   (inputs_1 : List Kant.Dom.Id) (parameters_1 : List (Prod (List Char) Kant.Codec.Val))   (transformations_1 outputs_1 claimRefs_1 evidenceRefs_1 proofRefs_1 errorRefs_1 :     List Kant.Dom.Id)   (truth_1 : Kant.Dom.Truth) (provenance_1 : Option Kant.Codec.Prov),   Eq     (Eq       { id := id, kind := kind, name := name, value := value, claim := claim, inputs := inputs,         parameters := parameters, transformations := transformations, outputs := outputs,         claimRefs := claimRefs, evidenceRefs := evidenceRefs, proofRefs := proofRefs,         errorRefs := errorRefs, truth := truth, provenance := provenance }       { id := id_1, kind := kind_1, name := name_1, value := value_1, claim := claim_1,         inputs := inputs_1, parameters := parameters_1, transformations := transformations_1,         outputs := outputs_1, claimRefs := claimRefs_1, evidenceRefs := evidenceRefs_1,         proofRefs := proofRefs_1, errorRefs := errorRefs_1, truth := truth_1,         provenance := provenance_1 })     (And (Eq id id_1)       (And (Eq kind kind_1)         (And (Eq name name_1)           (And (Eq value value_1)             (And (Eq claim claim_1)               (And (Eq inputs inputs_1)                 (And (Eq parameters parameters_1)                   (And (Eq transformations transformations_1)                     (And (Eq outputs outputs_1)                       (And (Eq claimRefs claimRefs_1)                         (And (Eq evidenceRefs evidenceRefs_1)                           (And (Eq proofRefs proofRefs_1)                             (And (Eq errorRefs errorRefs_1)                               (And (Eq truth truth_1) (Eq provenance provenance_1)))))))))))))))","O7;13;source_systemS5;lean411;source_fileS37;RequestProject/Kant/Domain/Model.lean13;source_formatS4;text11;imported_atI+0;14;transformed_atI+0;15;transformationsL0;13;parent_objectS0;","e71fa72d15a671cf91e2bb25670b60949a6b2607b06644fd86b22b799926b7f2"
"obj.Kant.Cli.loadUrl.match_1","def","Kant.Cli.loadUrl.match_1","ASSERTED","(motive : Option (List Kant.Relay.Msg) → Sort u_1) →   (x : Option (List Kant.Relay.Msg)) →     ((ms : List Kant.Relay.Msg) → motive (Option.some ms)) → (Unit → motive Option.none) → motive x","L0;","O0;","L0;","L0;","L0;","L0;","L0;","L0;","S191;(motive : Option (List Kant.Relay.Msg) → Sort u_1) →   (x : Option (List Kant.Relay.Msg)) →     ((ms : List Kant.Relay.Msg) → motive (Option.some ms)) → (Unit → motive Option.none) → motive x","O7;13;source_systemS5;lean411;source_fileS28;RequestProject/Kant/Cli.lean13;source_formatS4;text11;imported_atI+0;14;transformed_atI+0;15;transformationsL0;13;parent_objectS0;","c42658ae8e1fbb0edecd948b458414e9184961b7ca78848040d1880c436b3edb"
"obj.Kant.Dom.no_proofs_unproven","theorem","Kant.Dom.no_proofs_unproven","PROVEN","∀ (d : Kant.Dom.Domain) (o : Kant.Dom.DomObj),   Ne o.truth Kant.Dom.Truth.contradicted →     Ne o.truth Kant.Dom.Truth.invalid →       Eq (Kant.Dom.proofsOf d o) List.nil → Eq (Kant.Dom.coverage d o) Kant.Dom.Coverage.unproven","L1;S21;obj.Kant.Dom.Coverage","O0;","L0;","L0;","L1;S33;claim.Kant.Dom.no_proofs_unproven","L0;","L1;S33;proof.Kant.Dom.no_proofs_unproven","L0;","S227;∀ (d : Kant.Dom.Domain) (o : Kant.Dom.DomObj),   Ne o.truth Kant.Dom.Truth.contradicted →     Ne o.truth Kant.Dom.Truth.invalid →       Eq (Kant.Dom.proofsOf d o) List.nil → Eq (Kant.Dom.coverage d o) Kant.Dom.Coverage.unproven","O7;13;source_systemS5;lean411;source_fileS38;RequestProject/Kant/Domain/Ledger.lean13;source_formatS4;text11;imported_atI+0;14;transformed_atI+123;15;transformationsL0;13;parent_objectS0;","70944108d488bfadf1252246205f9bf2c2ab6314eba71eafa1b5615d7a8ff1c4"
"obj.Kant.Dom.cellsText.eq_1","theorem","Kant.Dom.cellsText.eq_1","PROVEN","Eq (Kant.Dom.cellsText List.nil) (List.cons '\n' List.nil)","L0;","O0;","L0;","L0;","L1;S29;claim.Kant.Dom.cellsText.eq_1","L0;","L1;S29;proof.Kant.Dom.cellsText.eq_1","L0;","S58;Eq (Kant.Dom.cellsText List.nil) (List.cons '\n' List.nil)","O7;13;source_systemS5;lean411;source_fileS37;RequestProject/Kant/Domain/Table.lean13;source_formatS4;text11;imported_atI+0;14;transformed_atI+0;15;transformationsL0;13;parent_objectS0;","a8d204760c3dc07d4d0237e20bfe938ae71d5f7935d79d57a9217027f650c0e4"
"obj.Kant.Dom.DomObj.hash","def","Kant.Dom.DomObj.hash","ASSERTED","Kant.Dom.DomObj → List Char","L1;S25;obj.Kant.Dom.DomObj.toVal","O0;","L0;","L0;","L0;","L0;","L0;","L0;","S27;Kant.Dom.DomObj → List Char","O7;13;source_systemS5;lean411;source_fileS37;RequestProject/Kant/Domain/Model.lean13;source_formatS4;text11;imported_atI+0;14;transformed_atI+642;15;transformationsL0;13;parent_objectS0;","f2d784113e17e9b85f54e060e2996813c2ea14cdae3b29be13d1bfe4d1778f69"
"obj.Kant.Diagnostics.Log.add.eq_1","theorem","Kant.Diagnostics.Log.add.eq_1","PROVEN","∀ (l : Kant.Diagnostics.Log) (e : Kant.Diagnostics.Event),   Eq (l.add e)     { cap := l.cap,       events :=         List.drop           (instHSub.hSub (instHAppendOfAppend.hAppend l.events (List.cons e List.nil)).length l.cap)           (instHAppendOfAppend.hAppend l.events (List.cons e List.nil)),       dropped :=         instHAdd.hAdd l.dropped           (instHSub.hSub (instHAppendOfAppend.hAppend l.events (List.cons e List.nil)).length             l.cap) }","L0;","O0;","L0;","L0;","L1;S35;claim.Kant.Diagnostics.Log.add.eq_1","L0;","L1;S35;proof.Kant.Diagnostics.Log.add.eq_1","L0;","S465;∀ (l : Kant.Diagnostics.Log) (e : Kant.Diagnostics.Event),   Eq (l.add e)     { cap := l.cap,       events :=         List.drop           (instHSub.hSub (instHAppendOfAppend.hAppend l.events (List.cons e List.nil)).length l.cap)           (instHAppendOfAppend.hAppend l.events (List.cons e List.nil)),       dropped :=         instHAdd.hAdd l.dropped           (instHSub.hSub (instHAppendOfAppend.hAppend l.events (List.cons e List.nil)).length             l.cap) }","O7;13;source_systemS5;lean411;source_fileS36;RequestProject/Kant/Diagnostics.lean13;source_formatS4;text11;imported_atI+0;14;transformed_atI+0;15;transformationsL0;13;parent_objectS0;","23935265d25cd0c0b66da8604f133343bd34076f693f828e229f47fb01763e01"
"obj.Kant.Codec.Obj.hash_eq_of_eq","theorem","Kant.Codec.Obj.hash_eq_of_eq","PROVEN","∀ {a b : Kant.Codec.Obj}, Eq a b → Eq a.hash b.hash","L1;S18;obj.Kant.Codec.Obj","O0;","L0;","L0;","L1;S34;claim.Kant.Codec.Obj.hash_eq_of_eq","L0;","L1;S34;proof.Kant.Codec.Obj.hash_eq_of_eq","L0;","S51;∀ {a b : Kant.Codec.Obj}, Eq a b → Eq a.hash b.hash","O7;13;source_systemS5;lean411;source_fileS36;RequestProject/Kant/Codec/Model.lean13;source_formatS4;text11;imported_atI+0;14;transformed_atI+547;15;transformationsL0;13;parent_objectS0;","51a64236dc8c88a096dbf57a8902990344e6f8b68f28b276ac0a95cd847905b9"
"obj.Kant.Dom.Claim.ctorIdx","def","Kant.Dom.Claim.ctorIdx","ASSERTED","Kant.Dom.Claim → Nat","L0;","O0;","L0;","L0;","L0;","L0;","L0;","L0;","S20;Kant.Dom.Claim → Nat","O7;13;source_systemS5;lean411;source_fileS37;RequestProject/Kant/Domain/Model.lean13;source_formatS4;text11;imported_atI+0;14;transformed_atI+0;15;transformationsL0;13;parent_objectS0;","bda2beb9fc5a8606540d638d01a6a801283cb1cb077d30e8a2b256b41a151b13"
"obj.Kant.Codec.MinProfile.mk.inj","theorem","Kant.Codec.MinProfile.mk.inj","PROVEN","∀ {id kind : List Char} {inputs : List Kant.Codec.Inp} {outputs : List Kant.Codec.Outp}   {status : Kant.Codec.Status} {errors : List Kant.Codec.Err}   {metadata : List (Prod (List Char) Kant.Codec.Val)} {id_1 kind_1 : List Char}   {inputs_1 : List Kant.Codec.Inp} {outputs_1 : List Kant.Codec.Outp} {status_1 : Kant.Codec.Status}   {errors_1 : List Kant.Codec.Err} {metadata_1 : List (Prod (List Char) Kant.Codec.Val)},   Eq       { id := id, kind := kind, inputs := inputs, outputs := outputs, status := status,         errors := errors, metadata := metadata }       { id := id_1, kind := kind_1, inputs := inputs_1, outputs := outputs_1, status := status_1,         errors := errors_1, metadata := metadata_1 } →     And (Eq id id_1)       (And (Eq kind kind_1)         (And (Eq inputs inputs_1)           (And (Eq outputs outputs_1)             (And (Eq status status_1) (And (Eq errors errors_1) (Eq metadata metadata_1))))))","L1;S19;obj.Kant.Codec.Outp","O0;","L0;","L0;","L1;S34;claim.Kant.Codec.MinProfile.mk.inj","L0;","L1;S34;proof.Kant.Codec.MinProfile.mk.inj","L0;","S930;∀ {id kind : List Char} {inputs : List Kant.Codec.Inp} {outputs : List Kant.Codec.Outp}   {status : Kant.Codec.Status} {errors : List Kant.Codec.Err}   {metadata : List (Prod (List Char) Kant.Codec.Val)} {id_1 kind_1 : List Char}   {inputs_1 : List Kant.Codec.Inp} {outputs_1 : List Kant.Codec.Outp} {status_1 : Kant.Codec.Status}   {errors_1 : List Kant.Codec.Err} {metadata_1 : List (Prod (List Char) Kant.Codec.Val)},   Eq       { id := id, kind := kind, inputs := inputs, outputs := outputs, status := status,         errors := errors, metadata := metadata }       { id := id_1, kind := kind_1, inputs := inputs_1, outputs := outputs_1, status := status_1,         errors := errors_1, metadata := metadata_1 } →     And (Eq id id_1)       (And (Eq kind kind_1)         (And (Eq inputs inputs_1)           (And (Eq outputs outputs_1)             (And (Eq status status_1) (And (Eq errors errors_1) (Eq metadata metadata_1))))))","O7;13;source_systemS5;lean411;source_fileS36;RequestProject/Kant/Codec/Model.lean13;source_formatS4;text11;imported_atI+0;14;transformed_atI+0;15;transformationsL0;13;parent_objectS0;","3a3a2df6eeab38964f5988201775a96101a5a74069fb7ea0f8f96de578af898b"
"obj.Kant.Rendezvous.parseAddrField_addrField","theorem","Kant.Rendezvous.parseAddrField_addrField","PROVEN","∀ {a : Kant.Rendezvous.Address},   Kant.Text.IsAscii a.locator →     Eq (Kant.Rendezvous.parseAddrField (Kant.Rendezvous.addrField a)) (Option.some a)","L1;S35;obj.Kant.Rendezvous.Address.casesOn","O0;","L0;","L0;","L1;S46;claim.Kant.Rendezvous.parseAddrField_addrField","L0;","L1;S46;proof.Kant.Rendezvous.parseAddrField_addrField","L0;","S150;∀ {a : Kant.Rendezvous.Address},   Kant.Text.IsAscii a.locator →     Eq (Kant.Rendezvous.parseAddrField (Kant.Rendezvous.addrField a)) (Option.some a)","O7;13;source_systemS5;lean411;source_fileS35;RequestProject/Kant/Rendezvous.lean13;source_formatS4;text11;imported_atI+0;14;transformed_atI+97;15;transformationsL0;13;parent_objectS0;","6c4fdaa2f04447a6001258551f81e689bcc0401fe895dd70e859329ab7d4fbd3"
"obj.Kant.Relay.instDecidableEqMsg.decEq","def","Kant.Relay.instDecidableEqMsg.decEq","ASSERTED","(x x_1 : Kant.Relay.Msg) → Decidable (Eq x x_1)","L0;","O0;","L0;","L0;","L0;","L0;","L0;","L0;","S47;(x x_1 : Kant.Relay.Msg) → Decidable (Eq x x_1)","O7;13;source_systemS5;lean411;source_fileS30;RequestProject/Kant/Relay.lean13;source_formatS4;text11;imported_atI+0;14;transformed_atI+61;15;transformationsL0;13;parent_objectS0;","4cdac93ab4b8fd2395d36edad2c333a84c7e4beecc3e4fe18823f225571db9e6"
"obj.Kant.Codec.ipdlRefKey.eq_1","theorem","Kant.Codec.ipdlRefKey.eq_1","PROVEN","Eq Kant.Codec.ipdlRefKey ""$ipdl.ref"".toList","L0;","O0;","L0;","L0;","L1;S32;claim.Kant.Codec.ipdlRefKey.eq_1","L0;","L1;S32;proof.Kant.Codec.ipdlRefKey.eq_1","L0;","S43;Eq Kant.Codec.ipdlRefKey ""$ipdl.ref"".toList","O7;13;source_systemS5;lean411;source_fileS35;RequestProject/Kant/Codec/Ipdl.lean13;source_formatS4;text11;imported_atI+0;14;transformed_atI+0;15;transformationsL0;13;parent_objectS0;","7d63b25ba89ef41d4d24c90415ecf90a713257632277d5f720e57c161c200664"
"obj.Kant.Codec.Obj.ofVal.eq_2","theorem","Kant.Codec.Obj.ofVal.eq_2","PROVEN","∀ (x : Kant.Codec.Val),   (∀ (fs : List (Prod (List Char) Kant.Codec.Val)), Eq x (Kant.Codec.Val.obj fs) → False) →     Eq (Kant.Codec.Obj.ofVal x) Option.none","L2;S18;obj.Kant.Codec.ObjS19;obj.Kant.Codec.Outp","O0;","L0;","L0;","L1;S31;claim.Kant.Codec.Obj.ofVal.eq_2","L0;","L1;S31;proof.Kant.Codec.Obj.ofVal.eq_2","L0;","S159;∀ (x : Kant.Codec.Val),   (∀ (fs : List (Prod (List Char) Kant.Codec.Val)), Eq x (Kant.Codec.Val.obj fs) → False) →     Eq (Kant.Codec.Obj.ofVal x) Option.none","O7;13;source_systemS5;lean411;source_fileS36;RequestProject/Kant/Codec/Model.lean13;source_formatS4;text11;imported_atI+0;14;transformed_atI+0;15;transformationsL0;13;parent_objectS0;","fa722081cfa5847151affd9732432c0e5e6cf0651ebca39b689827fdfee31a98"
"obj.Kant.Dom.hash_shared","theorem","Kant.Dom.hash_shared","PROVEN","∀ (f : Kant.Codec.Fmt) (d : Kant.Dom.Domain),   Eq (Option.map Kant.Dom.Domain.hash (Kant.Dom.parse f (Kant.Dom.emit f d))) (Option.some d.hash)","L1;S23;obj.Kant.Dom.parse_emit","O0;","L0;","L0;","L1;S26;claim.Kant.Dom.hash_shared","L0;","L1;S26;proof.Kant.Dom.hash_shared","L0;","S144;∀ (f : Kant.Codec.Fmt) (d : Kant.Dom.Domain),   Eq (Option.map Kant.Dom.Domain.hash (Kant.Dom.parse f (Kant.Dom.emit f d))) (Option.some d.hash)","O7;13;source_systemS5;lean411;source_fileS36;RequestProject/Kant/Domain/Emit.lean13;source_formatS4;text11;imported_atI+0;14;transformed_atI+170;15;transformationsL0;13;parent_objectS0;","5a30515237e71da1808a19545398e1ae2bff8b482997371b5e358e4d919cb568"
"obj.Kant.Codec.yVal.eq_def","theorem","Kant.Codec.yVal.eq_def","PROVEN","∀ (x : Nat) (x_1 : List Char),   Eq (Kant.Codec.yVal x x_1)     (Kant.Codec.yVal.match_12 (fun x x_2 => Option (Prod Kant.Codec.Val (List Char))) x x_1       (fun x => Option.none) fun fuel s =>       Kant.Codec.readQuoted.match_3 (fun s => Option (Prod Kant.Codec.Val (List Char))) s         (fun _ => Option.none) fun c rest =>         ite (Eq c '\""')           (Option.map (fun p => { fst := Kant.Codec.Val.str p.fst, snd := p.snd })             (Kant.Codec.readQuoted rest))           (ite (Eq c '[')             (Kant.Codec.yVal.match_1 (fun x => Option (Prod Kant.Codec.Val (List Char)))               (Kant.Codec.yList fuel rest)               (fun xs r => Option.some { fst := Kant.Codec.Val.list xs, snd := r }) fun _ =>               Option.none)             (ite (Eq c '{')               (Kant.Codec.yVal.match_3 (fun x => Option (Prod Kant.Codec.Val (List Char)))                 (Kant.Codec.yFields fuel rest)                 (fun fs r => Option.some { fst := Kant.Codec.Val.obj fs, snd := r }) fun _ =>                 Option.none)               (ite (Eq c 'n')                 (Kant.Codec.yVal.match_5 (fun rest => Option (Prod Kant.Codec.Val (List Char))) rest                   (fun r => Option.some { fst := Kant.Codec.Val.null, snd := r }) fun x =>                   Option.none)                 (ite (Eq c 't')                   (Kant.Codec.yVal.match_8 (fun rest => Option (Prod Kant.Codec.Val (List Char)))                     rest (fun r => Option.some { fst := Kant.Codec.Val.bool Bool.true, snd := r })                     fun x => Option.none)                   (ite (Eq c 'f')                     (Kant.Codec.yVal.match_10 (fun rest => Option (Prod Kant.Codec.Val (List Char)))                       rest                       (fun r => Option.some { fst := Kant.Codec.Val.bool Bool.false, snd := r })                       fun x => Option.none)                     (Option.map (fun p => { fst := Kant.Codec.Val.int p.fst, snd := p.snd })                       (Kant.Codec.readNumY (List.cons c rest)))))))))","L1;S25;obj.Kant.Codec.readQuoted","O0;","L0;","L0;","L1;S28;claim.Kant.Codec.yVal.eq_def","L0;","L1;S28;proof.Kant.Codec.yVal.eq_def","L0;","S2035;∀ (x : Nat) (x_1 : List Char),   Eq (Kant.Codec.yVal x x_1)     (Kant.Codec.yVal.match_12 (fun x x_2 => Option (Prod Kant.Codec.Val (List Char))) x x_1       (fun x => Option.none) fun fuel s =>       Kant.Codec.readQuoted.match_3 (fun s => Option (Prod Kant.Codec.Val (List Char))) s         (fun _ => Option.none) fun c rest =>         ite (Eq c '\""')           (Option.map (fun p => { fst := Kant.Codec.Val.str p.fst, snd := p.snd })             (Kant.Codec.readQuoted rest))           (ite (Eq c '[')             (Kant.Codec.yVal.match_1 (fun x => Option (Prod Kant.Codec.Val (List Char)))               (Kant.Codec.yList fuel rest)               (fun xs r => Option.some { fst := Kant.Codec.Val.list xs, snd := r }) fun _ =>               Option.none)             (ite (Eq c '{')               (Kant.Codec.yVal.match_3 (fun x => Option (Prod Kant.Codec.Val (List Char)))                 (Kant.Codec.yFields fuel rest)                 (fun fs r => Option.some { fst := Kant.Codec.Val.obj fs, snd := r }) fun _ =>                 Option.none)               (ite (Eq c 'n')                 (Kant.Codec.yVal.match_5 (fun rest => Option (Prod Kant.Codec.Val (List Char))) rest                   (fun r => Option.some { fst := Kant.Codec.Val.null, snd := r }) fun x =>                   Option.none)                 (ite (Eq c 't')                   (Kant.Codec.yVal.match_8 (fun rest => Option (Prod Kant.Codec.Val (List Char)))                     rest (fun r => Option.some { fst := Kant.Codec.Val.bool Bool.true, snd := r })                     fun x => Option.none)                   (ite (Eq c 'f')                     (Kant.Codec.yVal.match_10 (fun rest => Option (Prod Kant.Codec.Val (List Char)))                       rest                       (fun r => Option.some { fst := Kant.Codec.Val.bool Bool.false, snd := r })                       fun x => Option.none)                     (Option.map (fun p => { fst := Kant.Codec.Val.int p.fst, snd := p.snd })                       (Kant.Codec.readNumY (List.cons c rest)))))))))","O7;13;source_systemS5;lean411;source_fileS35;RequestProject/Kant/Codec/Yaml.lean13;source_formatS4;text11;imported_atI+0;14;transformed_atI+0;15;transformationsL0;13;parent_objectS0;","b0494632fca5bae729c21beb2067e254dff10944a2e1334544bab60e9dbd8e22"
"obj.Kant.Dom.Domain.version","def","Kant.Dom.Domain.version","ASSERTED","Kant.Dom.Domain → List Char","L0;","O0;","L0;","L0;","L0;","L0;","L0;","L0;","S27;Kant.Dom.Domain → List Char","O7;13;source_systemS5;lean411;source_fileS37;RequestProject/Kant/Domain/Model.lean13;source_formatS4;text11;imported_atI+0;14;transformed_atI+570;15;transformationsL0;13;parent_objectS0;","ff0786bd0b6253006586cacd932242c3b4547a8986c16296f5f7f34016466d69"
"obj.Kant.ShareLog.postLog","def","Kant.ShareLog.postLog","ASSERTED","Kant.Store → List Char → List Char → Kant.Diagnostics.Report → Kant.Store","L0;","O0;","L0;","L0;","L0;","L0;","L0;","L0;","S73;Kant.Store → List Char → List Char → Kant.Diagnostics.Report → Kant.Store","O7;13;source_systemS5;lean411;source_fileS33;RequestProject/Kant/ShareLog.lean13;source_formatS4;text11;imported_atI+0;14;transformed_atI+149;15;transformationsL0;13;parent_objectS0;","41952ca76be44b6955d0381206b118b6f92268c25adef0c3e7d785ea5ef77e90"
"obj.Kant.Codec.readStr_encStr","theorem","Kant.Codec.readStr_encStr","PROVEN","∀ (s rest : List Char),   Eq (Kant.Codec.readStr (instHAppendOfAppend.hAppend (Kant.Codec.encStr s) rest))     (Option.some { fst := s, snd := rest })","L1;S30;obj.Kant.Codec.readStr.match_1","O0;","L0;","L0;","L1;S31;claim.Kant.Codec.readStr_encStr","L0;","L1;S31;proof.Kant.Codec.readStr_encStr","L0;","S150;∀ (s rest : List Char),   Eq (Kant.Codec.readStr (instHAppendOfAppend.hAppend (Kant.Codec.encStr s) rest))     (Option.some { fst := s, snd := rest })","O7;13;source_systemS5;lean411;source_fileS34;RequestProject/Kant/Codec/Val.lean13;source_formatS4;text11;imported_atI+0;14;transformed_atI+194;15;transformationsL0;13;parent_objectS0;","afda62747bf1109e263f61f1914f92392e23daf07fab8a58604e18ce72e27e73"
"obj.Kant.Codec.digitChar.match_1","def","Kant.Codec.digitChar.match_1","ASSERTED","(motive : Nat → Sort u_1) →   (x : Nat) →     (Unit → motive 0) →       (Unit → motive 1) →         (Unit → motive 2) →           (Unit → motive 3) →             (Unit → motive 4) →               (Unit → motive 5) →                 (Unit → motive 6) →                   (Unit → motive 7) → (Unit → motive 8) → ((x : Nat) → motive x) → motive x","L0;","O0;","L0;","L0;","L0;","L0;","L0;","L0;","S343;(motive : Nat → Sort u_1) →   (x : Nat) →     (Unit → motive 0) →       (Unit → motive 1) →         (Unit → motive 2) →           (Unit → motive 3) →             (Unit → motive 4) →               (Unit → motive 5) →                 (Unit → motive 6) →                   (Unit → motive 7) → (Unit → motive 8) → ((x : Nat) → motive x) → motive x","O7;13;source_systemS5;lean411;source_fileS34;RequestProject/Kant/Codec/Val.lean13;source_formatS4;text11;imported_atI+0;14;transformed_atI+0;15;transformationsL0;13;parent_objectS0;","51eba61034e41fa86d72569928299c7b5184e89d32b3ec96e818f638ec4d26b9"
"obj.Kant.Codec.minimal_roundTrip","theorem","Kant.Codec.minimal_roundTrip","PROVEN","∀ (o : Kant.Codec.Obj), Eq (Kant.Codec.minOfVal o.minimal) (Option.some o.minProfile)","L2;S18;obj.Kant.Codec.ObjS19;obj.Kant.Codec.Outp","O0;","L0;","L0;","L1;S34;claim.Kant.Codec.minimal_roundTrip","L0;","L1;S34;proof.Kant.Codec.minimal_roundTrip","L0;","S85;∀ (o : Kant.Codec.Obj), Eq (Kant.Codec.minOfVal o.minimal) (Option.some o.minProfile)","O7;13;source_systemS5;lean411;source_fileS36;RequestProject/Kant/Codec/Model.lean13;source_formatS4;text11;imported_atI+0;14;transformed_atI+593;15;transformationsL0;13;parent_objectS0;","638a746478a8cbcdcc0c6dae8e363bb2c9f126ac5191f72f836a8ec693953e54"
"obj.Kant.Cli.instDecidableEqCmd.decEq","def","Kant.Cli.instDecidableEqCmd.decEq","ASSERTED","(x x_1 : Kant.Cli.Cmd) → Decidable (Eq x x_1)","L0;","O0;","L0;","L0;","L0;","L0;","L0;","L0;","S45;(x x_1 : Kant.Cli.Cmd) → Decidable (Eq x x_1)","O7;13;source_systemS5;lean411;source_fileS28;RequestProject/Kant/Cli.lean13;source_formatS4;text11;imported_atI+0;14;transformed_atI+727;15;transformationsL0;13;parent_objectS0;","224cd3e3a188cf5885f7a2eb4075c8bbefa3b25a41f5e09ef30ff85afaf63f51"
"obj.Kant.CodeMovie.instReprCircuit.repr.match_1","def","Kant.CodeMovie.instReprCircuit.repr.match_1","ASSERTED","(motive : Kant.CodeMovie.Circuit → Sort u_1) →   (x : Kant.CodeMovie.Circuit) →     ((a : Nat) → motive (Kant.CodeMovie.Circuit.inp a)) →       ((a : Bool) → motive (Kant.CodeMovie.Circuit.const a)) →         ((a : Kant.CodeMovie.Circuit) → motive a.not) →           ((a a_1 : Kant.CodeMovie.Circuit) → motive (a.and a_1)) →             ((a a_1 : Kant.CodeMovie.Circuit) → motive (a.or a_1)) → motive x","L0;","O0;","L0;","L0;","L0;","L0;","L0;","L0;","S402;(motive : Kant.CodeMovie.Circuit → Sort u_1) →   (x : Kant.CodeMovie.Circuit) →     ((a : Nat) → motive (Kant.CodeMovie.Circuit.inp a)) →       ((a : Bool) → motive (Kant.CodeMovie.Circuit.const a)) →         ((a : Kant.CodeMovie.Circuit) → motive a.not) →           ((a a_1 : Kant.CodeMovie.Circuit) → motive (a.and a_1)) →             ((a a_1 : Kant.CodeMovie.Circuit) → motive (a.or a_1)) → motive x","O7;13;source_systemS5;lean411;source_fileS34;RequestProject/Kant/CodeMovie.lean13;source_formatS4;text11;imported_atI+0;14;transformed_atI+0;15;transformationsL0;13;parent_objectS0;","334e7601b842fcc4b54cb540ec132ccf7282251f8ed1d4f26db85630c26a3e9d"
"obj.Kant.Dom.Repair.noConfusionType","def","Kant.Dom.Repair.noConfusionType","ASSERTED","Sort v✝ → Kant.Dom.Repair → Kant.Dom.Repair → Sort v✝","L0;","O0;","L0;","L0;","L0;","L0;","L0;","L0;","S53;Sort v✝ → Kant.Dom.Repair → Kant.Dom.Repair → Sort v✝","O7;13;source_systemS5;lean411;source_fileS38;RequestProject/Kant/Domain/Policy.lean13;source_formatS4;text11;imported_atI+0;14;transformed_atI+0;15;transformationsL0;13;parent_objectS0;","e40efb47c1dfd40609bc3b9761e9c5a960ada945163ea5c02dcf004ddb1faeb3"
"obj.Kant.Codec.Extract.length","def","Kant.Codec.Extract.length","ASSERTED","Kant.Codec.Extract → Nat","L1;S22;obj.Kant.Codec.Extract","O0;","L0;","L0;","L0;","L0;","L0;","L0;","S24;Kant.Codec.Extract → Nat","O7;13;source_systemS5;lean411;source_fileS38;RequestProject/Kant/Codec/RawText.lean13;source_formatS4;text11;imported_atI+0;14;transformed_atI+93;15;transformationsL0;13;parent_objectS0;","1cd2e51b93e122dc41b9365961cf7e4faf1703a30065f3024ef7a7d79cc5b595"
"obj.Kant.Rendezvous.Address.ctorIdx","def","Kant.Rendezvous.Address.ctorIdx","ASSERTED","Kant.Rendezvous.Address → Nat","L0;","O0;","L0;","L0;","L0;","L0;","L0;","L0;","S29;Kant.Rendezvous.Address → Nat","O7;13;source_systemS5;lean411;source_fileS35;RequestProject/Kant/Rendezvous.lean13;source_formatS4;text11;imported_atI+0;14;transformed_atI+0;15;transformationsL0;13;parent_objectS0;","67f1d6a81136e26b22c3f4c784a78ff847bbe2fcd9b804399c1b84bcd658db36"
"obj.Kant.Feed.row_copy_roundTrip","theorem","Kant.Feed.row_copy_roundTrip","PROVEN","∀ {p : Kant.Paste},   Kant.Clipboard.Copyable p → Eq (Kant.Clipboard.pasteText (Kant.Feed.row p).copy) (Option.some p)","L1;S27;obj.Kant.Clipboard.Copyable","O0;","L0;","L0;","L1;S34;claim.Kant.Feed.row_copy_roundTrip","L0;","L1;S34;proof.Kant.Feed.row_copy_roundTrip","L0;","S118;∀ {p : Kant.Paste},   Kant.Clipboard.Copyable p → Eq (Kant.Clipboard.pasteText (Kant.Feed.row p).copy) (Option.some p)","O7;13;source_systemS5;lean411;source_fileS29;RequestProject/Kant/Feed.lean13;source_formatS4;text11;imported_atI+0;14;transformed_atI+121;15;transformationsL0;13;parent_objectS0;","a33f0faad69fd4485be15ecb06c419cba4172fc45627905e039ec37192913c71"
"obj.Kant.Onboarding.camera_off_after_stop","theorem","Kant.Onboarding.camera_off_after_stop","PROVEN","∀ (s : Kant.Onboarding.State),   Eq (Kant.Onboarding.step s Kant.Onboarding.Event.stopCamera).camera Bool.false","L0;","O0;","L0;","L0;","L1;S43;claim.Kant.Onboarding.camera_off_after_stop","L0;","L1;S43;proof.Kant.Onboarding.camera_off_after_stop","L0;","S111;∀ (s : Kant.Onboarding.State),   Eq (Kant.Onboarding.step s Kant.Onboarding.Event.stopCamera).camera Bool.false","O7;13;source_systemS5;lean411;source_fileS35;RequestProject/Kant/Onboarding.lean13;source_formatS4;text11;imported_atI+0;14;transformed_atI+163;15;transformationsL0;13;parent_objectS0;","67e19a330d5630720e95183ecb140195360cf37cd6e9536ce7ef9f50ffc4d07f"
"obj.Kant.Onboarding.Progress.mk.noConfusion","def","Kant.Onboarding.Progress.mk.noConfusion","ASSERTED","{P : Sort u} →   {gotIn sharedIt saidHello gotIn' sharedIt' saidHello' : Bool} →     Eq { gotIn := gotIn, sharedIt := sharedIt, saidHello := saidHello }         { gotIn := gotIn', sharedIt := sharedIt', saidHello := saidHello' } →       (Eq gotIn gotIn' → Eq sharedIt sharedIt' → Eq saidHello saidHello' → P) → P","L0;","O0;","L0;","L0;","L0;","L0;","L0;","L0;","S312;{P : Sort u} →   {gotIn sharedIt saidHello gotIn' sharedIt' saidHello' : Bool} →     Eq { gotIn := gotIn, sharedIt := sharedIt, saidHello := saidHello }         { gotIn := gotIn', sharedIt := sharedIt', saidHello := saidHello' } →       (Eq gotIn gotIn' → Eq sharedIt sharedIt' → Eq saidHello saidHello' → P) → P","O7;13;source_systemS5;lean411;source_fileS35;RequestProject/Kant/Onboarding.lean13;source_formatS4;text11;imported_atI+0;14;transformed_atI+102;15;transformationsL0;13;parent_objectS0;","72793c61658ee3c7ea0aa8c2101e1e4c1893d8ad375053cd000ceb14f2c68ea2"
"obj.Kant.Wasm.Encode.cmpOpcode.eq_3","theorem","Kant.Wasm.Encode.cmpOpcode.eq_3","PROVEN","Eq (Kant.Wasm.Encode.cmpOpcode Kant.Wasm.CmpOp.ltu) 84","L0;","O0;","L0;","L0;","L1;S37;claim.Kant.Wasm.Encode.cmpOpcode.eq_3","L0;","L1;S37;proof.Kant.Wasm.Encode.cmpOpcode.eq_3","L0;","S54;Eq (Kant.Wasm.Encode.cmpOpcode Kant.Wasm.CmpOp.ltu) 84","O7;13;source_systemS5;lean411;source_fileS31;RequestProject/Wasm/Decode.lean13;source_formatS4;text11;imported_atI+0;14;transformed_atI+0;15;transformationsL0;13;parent_objectS0;","785558e4933b45e438fc8a55b7efb8776a06f3ed8459a04a9e82adb3cfa66c5d"
"obj.Kant.SiteCard.instReprCard.repr","def","Kant.SiteCard.instReprCard.repr","ASSERTED","Kant.SiteCard.Card → Nat → Std.Format","L0;","O0;","L0;","L0;","L0;","L0;","L0;","L0;","S37;Kant.SiteCard.Card → Nat → Std.Format","O7;13;source_systemS5;lean411;source_fileS33;RequestProject/Kant/SiteCard.lean13;source_formatS4;text11;imported_atI+0;14;transformed_atI+384;15;transformationsL0;13;parent_objectS0;","d69ed7e6d19bbf52098ab2741e710085ebed36c7dd7c78ecda0da8c44719093f"
"obj.Kant.Codec.diffList.eq_4","theorem","Kant.Codec.diffList.eq_4","PROVEN","∀ (path : List Char) (i : Nat) (x_2 : Kant.Codec.Val) (xs : List Kant.Codec.Val)   (y : Kant.Codec.Val) (ys : List Kant.Codec.Val),   Eq (Kant.Codec.diffList path i (List.cons x_2 xs) (List.cons y ys))     (instHAppendOfAppend.hAppend       (Kant.Codec.diffVal         (instHAppendOfAppend.hAppend path (List.cons '[' (Kant.Codec.natDigits i))) x_2 y)       (Kant.Codec.diffList path (instHAdd.hAdd i 1) xs ys))","L1;S22;obj.Kant.Codec.yamlEnc","O0;","L0;","L0;","L1;S30;claim.Kant.Codec.diffList.eq_4","L0;","L1;S30;proof.Kant.Codec.diffList.eq_4","L0;","S411;∀ (path : List Char) (i : Nat) (x_2 : Kant.Codec.Val) (xs : List Kant.Codec.Val)   (y : Kant.Codec.Val) (ys : List Kant.Codec.Val),   Eq (Kant.Codec.diffList path i (List.cons x_2 xs) (List.cons y ys))     (instHAppendOfAppend.hAppend       (Kant.Codec.diffVal         (instHAppendOfAppend.hAppend path (List.cons '[' (Kant.Codec.natDigits i))) x_2 y)       (Kant.Codec.diffList path (instHAdd.hAdd i 1) xs ys))","O7;13;source_systemS5;lean411;source_fileS40;RequestProject/Kant/Codec/Reconcile.lean13;source_formatS4;text11;imported_atI+0;14;transformed_atI+0;15;transformationsL0;13;parent_objectS0;","2626da5ab25265ea30b161e6d9979545cfdfb9a685b96104f1fee3837015fbcf"
"obj.Kant.SiteCard.Config.picture","def","Kant.SiteCard.Config.picture","ASSERTED","Kant.SiteCard.Config → List Char","L0;","O0;","L0;","L0;","L0;","L0;","L0;","L0;","S32;Kant.SiteCard.Config → List Char","O7;13;source_systemS5;lean411;source_fileS33;RequestProject/Kant/SiteCard.lean13;source_formatS4;text11;imported_atI+0;14;transformed_atI+141;15;transformationsL0;13;parent_objectS0;","cb69f67695a97446934dd5cd500c7279161cc55796ab23e03b23df835874f653"
"obj.Kant.Codec.Val.int.sizeOf_spec","theorem","Kant.Codec.Val.int.sizeOf_spec","PROVEN","∀ (n : Int),   Eq (Kant.Codec.Val._sizeOf_inst.sizeOf (Kant.Codec.Val.int n))     (instHAdd.hAdd 1 (Int._sizeOf_inst.sizeOf n))","L0;","O0;","L0;","L0;","L1;S36;claim.Kant.Codec.Val.int.sizeOf_spec","L0;","L1;S36;proof.Kant.Codec.Val.int.sizeOf_spec","L0;","S127;∀ (n : Int),   Eq (Kant.Codec.Val._sizeOf_inst.sizeOf (Kant.Codec.Val.int n))     (instHAdd.hAdd 1 (Int._sizeOf_inst.sizeOf n))","O7;13;source_systemS5;lean411;source_fileS34;RequestProject/Kant/Codec/Val.lean13;source_formatS4;text11;imported_atI+0;14;transformed_atI+0;15;transformationsL0;13;parent_objectS0;","27e3a64bfe86e4390fd1c18314a6b88ece78bd580ca82c3b25990c5846d68bf0"
"obj.Kant.Rendezvous.Roster.merge_perm","theorem","Kant.Rendezvous.Roster.merge_perm","PROVEN","∀ {r : Kant.Rendezvous.Roster} {as bs : List Kant.Rendezvous.Announce},   as.Perm bs →     ∀ (x : Kant.Rendezvous.Announce),       Iff (List.instMembership.mem (r.merge as) x) (List.instMembership.mem (r.merge bs) x)","L0;","O0;","L0;","L0;","L1;S39;claim.Kant.Rendezvous.Roster.merge_perm","L0;","L1;S39;proof.Kant.Rendezvous.Roster.merge_perm","L0;","S216;∀ {r : Kant.Rendezvous.Roster} {as bs : List Kant.Rendezvous.Announce},   as.Perm bs →     ∀ (x : Kant.Rendezvous.Announce),       Iff (List.instMembership.mem (r.merge as) x) (List.instMembership.mem (r.merge bs) x)","O7;13;source_systemS5;lean411;source_fileS35;RequestProject/Kant/Rendezvous.lean13;source_formatS4;text11;imported_atI+0;14;transformed_atI+229;15;transformationsL0;13;parent_objectS0;","1d3ee27188127ac47fb8a00f57b60deff84f6091f2b034dae4ef30ba6c062765"
"obj.Kant.Uucp.Site.recOn","def","Kant.Uucp.Site.recOn","ASSERTED","{motive : Kant.Uucp.Site → Sort u} →   (t : Kant.Uucp.Site) →     ((files : List (Prod (List Char) (List Char))) → motive { files := files }) → motive t","L0;","O0;","L0;","L0;","L0;","L0;","L0;","L0;","S152;{motive : Kant.Uucp.Site → Sort u} →   (t : Kant.Uucp.Site) →     ((files : List (Prod (List Char) (List Char))) → motive { files := files }) → motive t","O7;13;source_systemS5;lean411;source_fileS29;RequestProject/Kant/Uucp.lean13;source_formatS4;text11;imported_atI+0;14;transformed_atI+707;15;transformationsL0;13;parent_objectS0;","75ad66f5f829933a9575589a7db44e3d06f4c764bfdd0a843c45655964615097"
"obj.Kant.CardDebug.Code.page.noConfusion","def","Kant.CardDebug.Code.page.noConfusion","ASSERTED","{P : Sort u} →   {addr addr' : List Char} →     Eq (Kant.CardDebug.Code.page addr) (Kant.CardDebug.Code.page addr') → (Eq addr addr' → P) → P","L0;","O0;","L0;","L0;","L0;","L0;","L0;","L0;","S141;{P : Sort u} →   {addr addr' : List Char} →     Eq (Kant.CardDebug.Code.page addr) (Kant.CardDebug.Code.page addr') → (Eq addr addr' → P) → P","O7;13;source_systemS5;lean411;source_fileS34;RequestProject/Kant/CardDebug.lean13;source_formatS4;text11;imported_atI+0;14;transformed_atI+93;15;transformationsL0;13;parent_objectS0;","43450f7b18706bddeef148860816e152622e3f22a89106e747b331d7a5356d8c"
"obj.Kant.Codec.Envelope.codecVersion","def","Kant.Codec.Envelope.codecVersion","ASSERTED","Kant.Codec.Envelope → List Char","L0;","O0;","L0;","L0;","L0;","L0;","L0;","L0;","S31;Kant.Codec.Envelope → List Char","O7;13;source_systemS5;lean411;source_fileS39;RequestProject/Kant/Codec/Exchange.lean13;source_formatS4;text11;imported_atI+0;14;transformed_atI+112;15;transformationsL0;13;parent_objectS0;","107e0218fc52be503ba98ba6cf0aac0bdb39ec1cb4bbfa36fac263aea37c54c1"
"obj.Kant.Codec.readNatAux.eq_1","theorem","Kant.Codec.readNatAux.eq_1","PROVEN","∀ (acc : Nat), Eq (Kant.Codec.readNatAux acc List.nil) Option.none","L0;","O0;","L0;","L0;","L1;S32;claim.Kant.Codec.readNatAux.eq_1","L0;","L1;S32;proof.Kant.Codec.readNatAux.eq_1","L0;","S66;∀ (acc : Nat), Eq (Kant.Codec.readNatAux acc List.nil) Option.none","O7;13;source_systemS5;lean411;source_fileS34;RequestProject/Kant/Codec/Val.lean13;source_formatS4;text11;imported_atI+0;14;transformed_atI+0;15;transformationsL0;13;parent_objectS0;","8e0975f0fce08b5c00bd6a5c9e540f5f2455de3153bb48c27b8df27d288b1e05"
"obj.Kant.Dom.Rel.references.sizeOf_spec","theorem","Kant.Dom.Rel.references.sizeOf_spec","PROVEN","Eq (Kant.Dom.Rel._sizeOf_inst.sizeOf Kant.Dom.Rel.references) 1","L0;","O0;","L0;","L0;","L1;S41;claim.Kant.Dom.Rel.references.sizeOf_spec","L0;","L1;S41;proof.Kant.Dom.Rel.references.sizeOf_spec","L0;","S63;Eq (Kant.Dom.Rel._sizeOf_inst.sizeOf Kant.Dom.Rel.references) 1","O7;13;source_systemS5;lean411;source_fileS37;RequestProject/Kant/Domain/Model.lean13;source_formatS4;text11;imported_atI+0;14;transformed_atI+0;15;transformationsL0;13;parent_objectS0;","e1817c3a32346e42c44ad9f3850361b55bddab3221949b1c51845dd4e4d0f90f"
"obj.Kant.Wasm.Expr.bin.sizeOf_spec","theorem","Kant.Wasm.Expr.bin.sizeOf_spec","PROVEN","∀ (op : Kant.Wasm.BinOp) (a b : Kant.Wasm.Expr),   Eq (Kant.Wasm.Expr._sizeOf_inst.sizeOf (Kant.Wasm.Expr.bin op a b))     (instHAdd.hAdd       (instHAdd.hAdd (instHAdd.hAdd 1 (Kant.Wasm.BinOp._sizeOf_inst.sizeOf op))         (Kant.Wasm.Expr._sizeOf_inst.sizeOf a))       (Kant.Wasm.Expr._sizeOf_inst.sizeOf b))","L0;","O0;","L0;","L0;","L1;S36;claim.Kant.Wasm.Expr.bin.sizeOf_spec","L0;","L1;S36;proof.Kant.Wasm.Expr.bin.sizeOf_spec","L0;","S311;∀ (op : Kant.Wasm.BinOp) (a b : Kant.Wasm.Expr),   Eq (Kant.Wasm.Expr._sizeOf_inst.sizeOf (Kant.Wasm.Expr.bin op a b))     (instHAdd.hAdd       (instHAdd.hAdd (instHAdd.hAdd 1 (Kant.Wasm.BinOp._sizeOf_inst.sizeOf op))         (Kant.Wasm.Expr._sizeOf_inst.sizeOf a))       (Kant.Wasm.Expr._sizeOf_inst.sizeOf b))","O7;13;source_systemS5;lean411;source_fileS31;RequestProject/Wasm/Syntax.lean13;source_formatS4;text11;imported_atI+0;14;transformed_atI+0;15;transformationsL0;13;parent_objectS0;","075f06a95007126bb854a2c7c0c142288c45ee9e9e2250419b915daf4a9c464e"
"obj.Kant.Dom.Relation.toVal.eq_1","theorem","Kant.Dom.Relation.toVal.eq_1","PROVEN","∀ (r : Kant.Dom.Relation),   Eq r.toVal     (Kant.Codec.Val.obj       (List.cons { fst := ""source_id"".toList, snd := Kant.Codec.Val.str r.source }         (List.cons { fst := ""relation"".toList, snd := Kant.Codec.Val.str r.kind.name }           (List.cons { fst := ""target_id"".toList, snd := Kant.Codec.Val.str r.target } List.nil))))","L0;","O0;","L0;","L0;","L1;S34;claim.Kant.Dom.Relation.toVal.eq_1","L0;","L1;S34;proof.Kant.Dom.Relation.toVal.eq_1","L0;","S333;∀ (r : Kant.Dom.Relation),   Eq r.toVal     (Kant.Codec.Val.obj       (List.cons { fst := ""source_id"".toList, snd := Kant.Codec.Val.str r.source }         (List.cons { fst := ""relation"".toList, snd := Kant.Codec.Val.str r.kind.name }           (List.cons { fst := ""target_id"".toList, snd := Kant.Codec.Val.str r.target } List.nil))))","O7;13;source_systemS5;lean411;source_fileS37;RequestProject/Kant/Domain/Model.lean13;source_formatS4;text11;imported_atI+0;14;transformed_atI+0;15;transformationsL0;13;parent_objectS0;","50fa7b91b46129f35e7abf3da3e52fa8ff45c2c719921ab9ae61e3f8c2f2faae"
"obj.Kant.Cli.splitCh_joinSp","theorem","Kant.Cli.splitCh_joinSp","PROVEN","∀ {ws : List (List Char)},   Ne ws List.nil →     (∀ (w : List Char), List.instMembership.mem ws w → Not (List.instMembership.mem w ' ')) →       Eq (Kant.SiteCard.splitCh ' ' (Kant.Cli.joinSp ws)) ws","L1;S25;obj.Kant.SiteCard.splitCh","O0;","L0;","L0;","L1;S29;claim.Kant.Cli.splitCh_joinSp","L0;","L1;S29;proof.Kant.Cli.splitCh_joinSp","L0;","S200;∀ {ws : List (List Char)},   Ne ws List.nil →     (∀ (w : List Char), List.instMembership.mem ws w → Not (List.instMembership.mem w ' ')) →       Eq (Kant.SiteCard.splitCh ' ' (Kant.Cli.joinSp ws)) ws","O7;13;source_systemS5;lean411;source_fileS28;RequestProject/Kant/Cli.lean13;source_formatS4;text11;imported_atI+0;14;transformed_atI+122;15;transformationsL0;13;parent_objectS0;","e22a63703fdc30a2656dfeda8c22b7758d770ebf002d69ec9c69ad9b27feaf8f"
"obj.Kant.Codec.MinProfile.kind","def","Kant.Codec.MinProfile.kind","ASSERTED","Kant.Codec.MinProfile → List Char","L0;","O0;","L0;","L0;","L0;","L0;","L0;","L0;","S33;Kant.Codec.MinProfile → List Char","O7;13;source_systemS5;lean411;source_fileS36;RequestProject/Kant/Codec/Model.lean13;source_formatS4;text11;imported_atI+0;14;transformed_atI+567;15;transformationsL0;13;parent_objectS0;","a9ee630af7cc32b6b1cf118a732468a1333d0333533ae4582f98ba7097acd0b3"
"obj.Kant.SiteCard.cardSvg.eq_1","theorem","Kant.SiteCard.cardSvg.eq_1","PROVEN","∀ (k : Kant.SiteCard.Card) (modules : List (List Bool)) (scale border : Nat),   Eq (Kant.SiteCard.cardSvg k modules scale border)     (instHAppendOfAppend.hAppend       (instHAppendOfAppend.hAppend         (instHAppendOfAppend.hAppend Kant.SiteCard.cardMarker (Kant.SiteCard.cardLine k))         (List.cons '\n' ""-->\n"".toList))       (Kant.SiteCard.cardParts k modules scale border).flatten)","L1;S27;obj.Kant.SiteCard.cardParts","O0;","L0;","L0;","L1;S32;claim.Kant.SiteCard.cardSvg.eq_1","L0;","L1;S32;proof.Kant.SiteCard.cardSvg.eq_1","L0;","S392;∀ (k : Kant.SiteCard.Card) (modules : List (List Bool)) (scale border : Nat),   Eq (Kant.SiteCard.cardSvg k modules scale border)     (instHAppendOfAppend.hAppend       (instHAppendOfAppend.hAppend         (instHAppendOfAppend.hAppend Kant.SiteCard.cardMarker (Kant.SiteCard.cardLine k))         (List.cons '\n' ""-->\n"".toList))       (Kant.SiteCard.cardParts k modules scale border).flatten)","O7;13;source_systemS5;lean411;source_fileS33;RequestProject/Kant/SiteCard.lean13;source_formatS4;text11;imported_atI+0;14;transformed_atI+0;15;transformationsL0;13;parent_objectS0;","5481df78f77de440b86e13562a84bd23ce72e2626e79efde2720626ef05b2741"
"obj.Kant.Dom.PStatus.casesOn","def","Kant.Dom.PStatus.casesOn","ASSERTED","{motive : Kant.Dom.PStatus → Sort u} →   (t : Kant.Dom.PStatus) →     motive Kant.Dom.PStatus.valid →       motive Kant.Dom.PStatus.invalid →         motive Kant.Dom.PStatus.partial →           motive Kant.Dom.PStatus.failed →             motive Kant.Dom.PStatus.unknown → motive Kant.Dom.PStatus.conflict → motive t","L0;","O0;","L0;","L0;","L0;","L0;","L0;","L0;","S316;{motive : Kant.Dom.PStatus → Sort u} →   (t : Kant.Dom.PStatus) →     motive Kant.Dom.PStatus.valid →       motive Kant.Dom.PStatus.invalid →         motive Kant.Dom.PStatus.partial →           motive Kant.Dom.PStatus.failed →             motive Kant.Dom.PStatus.unknown → motive Kant.Dom.PStatus.conflict → motive t","O7;13;source_systemS5;lean411;source_fileS37;RequestProject/Kant/Domain/Model.lean13;source_formatS4;text11;imported_atI+0;14;transformed_atI+54;15;transformationsL0;13;parent_objectS0;","3b471303a2bb43e1e797c24eeb2c44365dadc1c2ebee46530dbf91186054b8d8"
"obj.Kant.CardDebug.Pairing.notInvites.elim","def","Kant.CardDebug.Pairing.notInvites.elim","ASSERTED","{motive : Kant.CardDebug.Pairing → Sort u} →   (t : Kant.CardDebug.Pairing) →     Eq t.ctorIdx 2 → motive Kant.CardDebug.Pairing.notInvites → motive t","L0;","O0;","L0;","L0;","L0;","L0;","L0;","L0;","S150;{motive : Kant.CardDebug.Pairing → Sort u} →   (t : Kant.CardDebug.Pairing) →     Eq t.ctorIdx 2 → motive Kant.CardDebug.Pairing.notInvites → motive t","O7;13;source_systemS5;lean411;source_fileS34;RequestProject/Kant/CardDebug.lean13;source_formatS4;text11;imported_atI+0;14;transformed_atI+157;15;transformationsL0;13;parent_objectS0;","0ff77163402fdefad8d9be9bc6b3ce15e70ecd27a62b4edc9cb1a13085a19357"
"obj.Kant.Codec.instDecidableEqRow","def","Kant.Codec.instDecidableEqRow","ASSERTED","DecidableEq Kant.Codec.Row","L0;","O0;","L0;","L0;","L0;","L0;","L0;","L0;","S26;DecidableEq Kant.Codec.Row","O7;13;source_systemS5;lean411;source_fileS34;RequestProject/Kant/Codec/Csv.lean13;source_formatS4;text11;imported_atI+0;14;transformed_atI+53;15;transformationsL0;13;parent_objectS0;","8d5e1775bd847e4d31cda22c82de64ba5f8ee6bf98ddb02756ba77afcc270394"
"obj.Kant.Codec.yamlEnc","def","Kant.Codec.yamlEnc","ASSERTED","Kant.Codec.Val → List Char","L0;","O0;","L0;","L0;","L0;","L0;","L0;","L0;","S26;Kant.Codec.Val → List Char","O7;13;source_systemS5;lean411;source_fileS35;RequestProject/Kant/Codec/Yaml.lean13;source_formatS4;text11;imported_atI+0;14;transformed_atI+194;15;transformationsL0;13;parent_objectS0;","630c7c2c57e207bfc9b0fbf0dbdb255c373e731a47032e0d366758a09b0079da"
"obj.Kant.Strip.toPastes","def","Kant.Strip.toPastes","ASSERTED","List Kant.Stego.Carrier → Option (List Kant.Paste)","L0;","O0;","L0;","L0;","L0;","L0;","L0;","L0;","S50;List Kant.Stego.Carrier → Option (List Kant.Paste)","O7;13;source_systemS5;lean411;source_fileS30;RequestProject/Kant/Strip.lean13;source_formatS4;text11;imported_atI+0;14;transformed_atI+184;15;transformationsL0;13;parent_objectS0;","374d8c578d90f8af061f2d0d7f177a2c41daeaceebe5943dfdcf17ef105009da"
"obj.Kant.Codec.instInhabitedSeverity.default","def","Kant.Codec.instInhabitedSeverity.default","ASSERTED","Kant.Codec.Severity","L1;S23;obj.Kant.Codec.Severity","O0;","L0;","L0;","L0;","L0;","L0;","L0;","S19;Kant.Codec.Severity","O7;13;source_systemS5;lean411;source_fileS36;RequestProject/Kant/Codec/Model.lean13;source_formatS4;text11;imported_atI+0;14;transformed_atI+49;15;transformationsL0;13;parent_objectS0;","b3d6283905ebb24452108636f2e1c3878a34e25a8477f34afee89425fb3b6f8d"
"obj.Kant.Feed.timeline_flatten","theorem","Kant.Feed.timeline_flatten","PROVEN","∀ {st : Kant.Store} {q : List Char} {size : Nat},   instLTNat.lt 0 size →     Eq (Kant.Feed.timeline st q size).flatten       (List.map Kant.Feed.row (Kant.Feed.search q (Kant.Feed.newest (Kant.Feed.feed st))))","L0;","O0;","L0;","L0;","L1;S32;claim.Kant.Feed.timeline_flatten","L0;","L1;S32;proof.Kant.Feed.timeline_flatten","L0;","S210;∀ {st : Kant.Store} {q : List Char} {size : Nat},   instLTNat.lt 0 size →     Eq (Kant.Feed.timeline st q size).flatten       (List.map Kant.Feed.row (Kant.Feed.search q (Kant.Feed.newest (Kant.Feed.feed st))))","O7;13;source_systemS5;lean411;source_fileS29;RequestProject/Kant/Feed.lean13;source_formatS4;text11;imported_atI+0;14;transformed_atI+300;15;transformationsL0;13;parent_objectS0;","214f7aa01b378b499beb08ed8a4d0806530861947f4ca7ebf436c6fe84175438"
"obj.Kant.Codec.embed.eq_3","theorem","Kant.Codec.embed.eq_3","PROVEN","∀ (n : Int), Eq (Kant.Codec.embed (Kant.Codec.Val.int n)) (Kant.Codec.Ipdl.int n)","L1;S19;obj.Kant.Codec.Ipdl","O0;","L0;","L0;","L1;S27;claim.Kant.Codec.embed.eq_3","L0;","L1;S27;proof.Kant.Codec.embed.eq_3","L0;","S81;∀ (n : Int), Eq (Kant.Codec.embed (Kant.Codec.Val.int n)) (Kant.Codec.Ipdl.int n)","O7;13;source_systemS5;lean411;source_fileS35;RequestProject/Kant/Codec/Ipdl.lean13;source_formatS4;text11;imported_atI+0;14;transformed_atI+0;15;transformationsL0;13;parent_objectS0;","740f84b5fa9bce8ddd4682fa051a3ecaec16fd48c422e08fc3df4b507a9694bc"
"obj.Kant.Codec.Loss.failed.elim","def","Kant.Codec.Loss.failed.elim","ASSERTED","{motive : Kant.Codec.Loss → Sort u} →   (t : Kant.Codec.Loss) → Eq t.ctorIdx 3 → motive Kant.Codec.Loss.failed → motive t","L1;S27;obj.Kant.Codec.Loss.ctorIdx","O0;","L0;","L0;","L0;","L0;","L0;","L0;","S121;{motive : Kant.Codec.Loss → Sort u} →   (t : Kant.Codec.Loss) → Eq t.ctorIdx 3 → motive Kant.Codec.Loss.failed → motive t","O7;13;source_systemS5;lean411;source_fileS36;RequestProject/Kant/Codec/Model.lean13;source_formatS4;text11;imported_atI+0;14;transformed_atI+58;15;transformationsL0;13;parent_objectS0;","02ca2908d5a194fa8b2abbd4dc4751fd521e10c8fb636e1c4153c1ba4af6142f"
"obj.Kant.Dom.Rel.ctorIdx","def","Kant.Dom.Rel.ctorIdx","ASSERTED","Kant.Dom.Rel → Nat","L0;","O0;","L0;","L0;","L0;","L0;","L0;","L0;","S18;Kant.Dom.Rel → Nat","O7;13;source_systemS5;lean411;source_fileS37;RequestProject/Kant/Domain/Model.lean13;source_formatS4;text11;imported_atI+0;14;transformed_atI+0;15;transformationsL0;13;parent_objectS0;","86cdae7b39b8e72ab106c25bb39c4c251f70b7de5fed02c40998c4b2ad629dbf"
"obj.Kant.Paste.noConfusion","def","Kant.Paste.noConfusion","ASSERTED","{P : Sort u} → {t t' : Kant.Paste} → Eq t t' → Kant.Paste.noConfusionType P t t'","L1;S30;obj.Kant.Paste.noConfusionType","O0;","L0;","L0;","L0;","L0;","L0;","L0;","S80;{P : Sort u} → {t t' : Kant.Paste} → Eq t t' → Kant.Paste.noConfusionType P t t'","O7;13;source_systemS5;lean411;source_fileS30;RequestProject/Kant/Paste.lean13;source_formatS4;text11;imported_atI+0;14;transformed_atI+35;15;transformationsL0;13;parent_objectS0;","75520e2730eb6019cb113f0dad916a06eb75def30f29e3e39b735f4cd461aa20"
"obj.Kant.Codec.ImportReport.hash","def","Kant.Codec.ImportReport.hash","ASSERTED","Kant.Codec.ImportReport → List Char","L1;S27;obj.Kant.Codec.ImportReport","O0;","L0;","L0;","L0;","L0;","L0;","L0;","S35;Kant.Codec.ImportReport → List Char","O7;13;source_systemS5;lean411;source_fileS39;RequestProject/Kant/Codec/Exchange.lean13;source_formatS4;text11;imported_atI+0;14;transformed_atI+194;15;transformationsL0;13;parent_objectS0;","6d7a869062bc2e37e2bb3f3468430df4eb63b4bc0bc66e3ddceb496e1159877a"
"obj.Kant.Join.mem_joinFields","theorem","Kant.Join.mem_joinFields","PROVEN","∀ {c : Char} {fs : List (List Char)},   List.instMembership.mem (Kant.Text.joinFields fs) c →     Or (Eq c Kant.Text.sep)       (Exists fun f => And (List.instMembership.mem fs f) (List.instMembership.mem f c))","L0;","O0;","L0;","L0;","L1;S30;claim.Kant.Join.mem_joinFields","L0;","L1;S30;proof.Kant.Join.mem_joinFields","L0;","S210;∀ {c : Char} {fs : List (List Char)},   List.instMembership.mem (Kant.Text.joinFields fs) c →     Or (Eq c Kant.Text.sep)       (Exists fun f => And (List.instMembership.mem fs f) (List.instMembership.mem f c))","O7;13;source_systemS5;lean411;source_fileS29;RequestProject/Kant/Join.lean13;source_formatS4;text11;imported_atI+0;14;transformed_atI+97;15;transformationsL0;13;parent_objectS0;","598f475aef3f9f7babfdfebdc8048c40644f8c2b1079be7109ee2f3e516ff566"
"obj.Kant.Wasm.Expr.exec_compile","theorem","Kant.Wasm.Expr.exec_compile","PROVEN","∀ (locals : List UInt64) (e : Kant.Wasm.Expr) (st : List UInt64),   Eq (Kant.Wasm.exec locals e.compile st)     (Option.map (fun x => List.cons x st) (Kant.Wasm.Expr.eval locals e))","L0;","O0;","L0;","L0;","L1;S33;claim.Kant.Wasm.Expr.exec_compile","L0;","L1;S33;proof.Kant.Wasm.Expr.exec_compile","L0;","S181;∀ (locals : List UInt64) (e : Kant.Wasm.Expr) (st : List UInt64),   Eq (Kant.Wasm.exec locals e.compile st)     (Option.map (fun x => List.cons x st) (Kant.Wasm.Expr.eval locals e))","O7;13;source_systemS5;lean411;source_fileS34;RequestProject/Wasm/Semantics.lean13;source_formatS4;text11;imported_atI+0;14;transformed_atI+88;15;transformationsL0;13;parent_objectS0;","31d5b18bb1a822a9d074ef22b04568e648df2931867aa07b639cca791d160fa8"
"obj.Kant.Codec.Outp","inductive","Kant.Codec.Outp","ASSERTED","Type","L0;","O0;","L0;","L0;","L0;","L0;","L0;","L0;","S4;Type","O7;13;source_systemS5;lean411;source_fileS36;RequestProject/Kant/Codec/Model.lean13;source_formatS4;text11;imported_atI+0;14;transformed_atI+394;15;transformationsL0;13;parent_objectS0;","41da7e6ac5533097aceffd20b134ac3444f31c23c9e4e75dbfeeb4228667f07a"
"obj.Kant.Codec.Status.recOn","def","Kant.Codec.Status.recOn","ASSERTED","{motive : Kant.Codec.Status → Sort u} →   (t : Kant.Codec.Status) →     motive Kant.Codec.Status.unknown →       motive Kant.Codec.Status.pending →         motive Kant.Codec.Status.valid →           motive Kant.Codec.Status.invalid →             motive Kant.Codec.Status.partialResult →               motive Kant.Codec.Status.error →                 motive Kant.Codec.Status.conflict → motive Kant.Codec.Status.unsupported → motive t","L0;","O0;","L0;","L0;","L0;","L0;","L0;","L0;","S433;{motive : Kant.Codec.Status → Sort u} →   (t : Kant.Codec.Status) →     motive Kant.Codec.Status.unknown →       motive Kant.Codec.Status.pending →         motive Kant.Codec.Status.valid →           motive Kant.Codec.Status.invalid →             motive Kant.Codec.Status.partialResult →               motive Kant.Codec.Status.error →                 motive Kant.Codec.Status.conflict → motive Kant.Codec.Status.unsupported → motive t","O7;13;source_systemS5;lean411;source_fileS36;RequestProject/Kant/Codec/Model.lean13;source_formatS4;text11;imported_atI+0;14;transformed_atI+41;15;transformationsL0;13;parent_objectS0;","d65aa7f34894c5e087d22e8695766d3be5e3fa189c39904e984e50b8be7c3e09"
"obj.Kant.Codec.instInhabitedLevel.default","def","Kant.Codec.instInhabitedLevel.default","ASSERTED","Kant.Codec.Level","L0;","O0;","L0;","L0;","L0;","L0;","L0;","L0;","S16;Kant.Codec.Level","O7;13;source_systemS5;lean411;source_fileS39;RequestProject/Kant/Codec/Exchange.lean13;source_formatS4;text11;imported_atI+0;14;transformed_atI+290;15;transformationsL0;13;parent_objectS0;","e4ea1e43b35d13a8514ce320f498b6db117e382ec23283ce244beb13dd8a2c81"
"obj.Kant.Cli.instDecidableEqClient","def","Kant.Cli.instDecidableEqClient","ASSERTED","DecidableEq Kant.Cli.Client","L0;","O0;","L0;","L0;","L0;","L0;","L0;","L0;","S27;DecidableEq Kant.Cli.Client","O7;13;source_systemS5;lean411;source_fileS28;RequestProject/Kant/Cli.lean13;source_formatS4;text11;imported_atI+0;14;transformed_atI+328;15;transformationsL0;13;parent_objectS0;","012fbd8c48f2cd492e04e988e3a407464981a1d342b91fc3f9d47647f7145dc0"
"obj.Kant.Codec.Tests.refs_survive","theorem","Kant.Codec.Tests.refs_survive","PROVEN","Eq (Kant.Codec.recover (Kant.Codec.project Kant.Codec.Tests.tRef))   (Option.some Kant.Codec.Tests.tRef)","L1;S19;obj.Kant.Codec.Ipdl","O0;","L0;","L0;","L1;S35;claim.Kant.Codec.Tests.refs_survive","L0;","L1;S35;proof.Kant.Codec.Tests.refs_survive","L0;","S104;Eq (Kant.Codec.recover (Kant.Codec.project Kant.Codec.Tests.tRef))   (Option.some Kant.Codec.Tests.tRef)","O7;13;source_systemS5;lean411;source_fileS36;RequestProject/Kant/Codec/Tests.lean13;source_formatS4;text11;imported_atI+0;14;transformed_atI+162;15;transformationsL0;13;parent_objectS0;","ee1e3d563ec0d7f26ce12de545b127852aafed78cf8a36ccd3c7d273e52fed5f"
"obj.Kant.Dom.refusal_recorded","theorem","Kant.Dom.refusal_recorded","PROVEN","∀ (d : Kant.Dom.Domain) (oid i : Kant.Dom.Id) (t : Kant.Dom.Truth),   Eq (Kant.Dom.validates d (Kant.Dom.Event.validated i)) Bool.false →     And (Eq (Kant.Dom.step d oid (Kant.Dom.Event.validated i) t).fst t)       (Eq (Kant.Dom.step d oid (Kant.Dom.Event.validated i) t).snd.isSome Bool.true)","L1;S15;obj.Kant.Dom.Id","O0;","L0;","L0;","L1;S31;claim.Kant.Dom.refusal_recorded","L0;","L1;S31;proof.Kant.Dom.refusal_recorded","L0;","S294;∀ (d : Kant.Dom.Domain) (oid i : Kant.Dom.Id) (t : Kant.Dom.Truth),   Eq (Kant.Dom.validates d (Kant.Dom.Event.validated i)) Bool.false →     And (Eq (Kant.Dom.step d oid (Kant.Dom.Event.validated i) t).fst t)       (Eq (Kant.Dom.step d oid (Kant.Dom.Event.validated i) t).snd.isSome Bool.true)","O7;13;source_systemS5;lean411;source_fileS38;RequestProject/Kant/Domain/Policy.lean13;source_formatS4;text11;imported_atI+0;14;transformed_atI+144;15;transformationsL0;13;parent_objectS0;","cb429ed06787d02841c15def4216cadbeb895b56349eb1f6563f3e54b46bacb9"
"obj.Kant.SiteCard.splitCh","def","Kant.SiteCard.splitCh","ASSERTED","Char → List Char → List (List Char)","L1;S33;obj.Kant.SiteCard.splitCh.match_1","O0;","L0;","L0;","L0;","L0;","L0;","L0;","S35;Char → List Char → List (List Char)","O7;13;source_systemS5;lean411;source_fileS33;RequestProject/Kant/SiteCard.lean13;source_formatS4;text11;imported_atI+0;14;transformed_atI+67;15;transformationsL0;13;parent_objectS0;","09654a954a341027caddd6a3bac68094f4312fcbb13b42bd0233fb51ccc1404a"
"obj.Kant.Wasm.Expr.wfb.match_4","def","Kant.Wasm.Expr.wfb.match_4","ASSERTED","(motive : Kant.Wasm.BinOp → Sort u_1) →   (op : Kant.Wasm.BinOp) →     (Unit → motive Kant.Wasm.BinOp.divu) →       (Unit → motive Kant.Wasm.BinOp.remu) → ((x : Kant.Wasm.BinOp) → motive x) → motive op","L0;","O0;","L0;","L0;","L0;","L0;","L0;","L0;","S201;(motive : Kant.Wasm.BinOp → Sort u_1) →   (op : Kant.Wasm.BinOp) →     (Unit → motive Kant.Wasm.BinOp.divu) →       (Unit → motive Kant.Wasm.BinOp.remu) → ((x : Kant.Wasm.BinOp) → motive x) → motive op","O7;13;source_systemS5;lean411;source_fileS31;RequestProject/Wasm/Syntax.lean13;source_formatS4;text11;imported_atI+0;14;transformed_atI+0;15;transformationsL0;13;parent_objectS0;","c6b6546c284479ae950152ecd01502d99480601b382c4ff807c3004be72a1cb3"
"obj.Kant.Onboarding.instReprProgress","def","Kant.Onboarding.instReprProgress","ASSERTED","Repr Kant.Onboarding.Progress","L0;","O0;","L0;","L0;","L0;","L0;","L0;","L0;","S29;Repr Kant.Onboarding.Progress","O7;13;source_systemS5;lean411;source_fileS35;RequestProject/Kant/Onboarding.lean13;source_formatS4;text11;imported_atI+0;14;transformed_atI+109;15;transformationsL0;13;parent_objectS0;","d47552261473b2c9b1c7a2e33033155621fd70d1b08aa46387909cb942a96670"
"obj.Kant.Rendezvous.copyInvite.eq_1","theorem","Kant.Rendezvous.copyInvite.eq_1","PROVEN","∀ (i : Kant.Rendezvous.Invite),   Eq (Kant.Rendezvous.copyInvite i) (Kant.Rendezvous.ofInvite i).encode","L1;S28;obj.Kant.Rendezvous.ofInvite","O0;","L0;","L0;","L1;S37;claim.Kant.Rendezvous.copyInvite.eq_1","L0;","L1;S37;proof.Kant.Rendezvous.copyInvite.eq_1","L0;","S103;∀ (i : Kant.Rendezvous.Invite),   Eq (Kant.Rendezvous.copyInvite i) (Kant.Rendezvous.ofInvite i).encode","O7;13;source_systemS5;lean411;source_fileS35;RequestProject/Kant/Rendezvous.lean13;source_formatS4;text11;imported_atI+0;14;transformed_atI+0;15;transformationsL0;13;parent_objectS0;","9e7cb158b947025261b054e571212ccde3505eab578faa0ce0fe7bc14c1c4287"
"obj.Kant.SiteCard.FieldOk.noLeadingSpace","theorem","Kant.SiteCard.FieldOk.noLeadingSpace","PROVEN","∀ {s : List Char}, Kant.SiteCard.FieldOk s → Ne s.head? (Option.some ' ')","L0;","O0;","L0;","L0;","L1;S42;claim.Kant.SiteCard.FieldOk.noLeadingSpace","L0;","L1;S42;proof.Kant.SiteCard.FieldOk.noLeadingSpace","L0;","S73;∀ {s : List Char}, Kant.SiteCard.FieldOk s → Ne s.head? (Option.some ' ')","O7;13;source_systemS5;lean411;source_fileS33;RequestProject/Kant/SiteCard.lean13;source_formatS4;text11;imported_atI+0;14;transformed_atI+152;15;transformationsL0;13;parent_objectS0;","3819d00da7c0fd5a5f7c447ac65ee0ed4a179d6cb6b31244d0d6398202160757"
"obj.Kant.Demo.demoMsgBob","def","Kant.Demo.demoMsgBob","ASSERTED","Kant.Relay.Msg","L0;","O0;","L0;","L0;","L0;","L0;","L0;","L0;","S14;Kant.Relay.Msg","O7;13;source_systemS5;lean411;source_fileS29;RequestProject/Kant/Demo.lean13;source_formatS4;text11;imported_atI+0;14;transformed_atI+333;15;transformationsL0;13;parent_objectS0;","dd49870086f99c270795064dfae3fa746220f39a1646ec0dc01d3b283fb6b1da"
"obj.Kant.Dom.Tests.goldenObjectHash","def","Kant.Dom.Tests.goldenObjectHash","ASSERTED","List Char","L1;S24;obj.Kant.Dom.DomObj.hash","O0;","L0;","L0;","L0;","L0;","L0;","L0;","S9;List Char","O7;13;source_systemS5;lean411;source_fileS37;RequestProject/Kant/Domain/Tests.lean13;source_formatS4;text11;imported_atI+0;14;transformed_atI+241;15;transformationsL0;13;parent_objectS0;","063d3846f3d518c64653f915db4298f91b8ec5623093aaa08cb8a60ec36c8dd3"
"obj.Kant.Dom.parse_emit","theorem","Kant.Dom.parse_emit","PROVEN","∀ (f : Kant.Codec.Fmt) (d : Kant.Dom.Domain),   Eq (Kant.Dom.parse f (Kant.Dom.emit f d)) (Option.some d)","L1;S26;obj.Kant.Codec.Fmt.casesOn","O0;","L0;","L0;","L1;S25;claim.Kant.Dom.parse_emit","L0;","L1;S25;proof.Kant.Dom.parse_emit","L0;","S105;∀ (f : Kant.Codec.Fmt) (d : Kant.Dom.Domain),   Eq (Kant.Dom.parse f (Kant.Dom.emit f d)) (Option.some d)","O7;13;source_systemS5;lean411;source_fileS36;RequestProject/Kant/Domain/Emit.lean13;source_formatS4;text11;imported_atI+0;14;transformed_atI+156;15;transformationsL0;13;parent_objectS0;","20d69cf90f104869e54e11cb39c18706c685835fe58c57bbac73a55ae501b5b8"
"obj.Kant.Uucp.mem_absorb_iff","theorem","Kant.Uucp.mem_absorb_iff","PROVEN","∀ {spool ms : List Kant.Relay.Msg} {x : Kant.Relay.Msg},   Iff (List.instMembership.mem (Kant.Uucp.absorb spool ms) x)     (Or (List.instMembership.mem spool x) (List.instMembership.mem ms x))","L1;S25;obj.Kant.Uucp.absorb_cons","O0;","L0;","L0;","L1;S30;claim.Kant.Uucp.mem_absorb_iff","L0;","L1;S30;proof.Kant.Uucp.mem_absorb_iff","L0;","S192;∀ {spool ms : List Kant.Relay.Msg} {x : Kant.Relay.Msg},   Iff (List.instMembership.mem (Kant.Uucp.absorb spool ms) x)     (Or (List.instMembership.mem spool x) (List.instMembership.mem ms x))","O7;13;source_systemS5;lean411;source_fileS29;RequestProject/Kant/Uucp.lean13;source_formatS4;text11;imported_atI+0;14;transformed_atI+346;15;transformationsL0;13;parent_objectS0;","53341e5cf708fdd64316f9ea194a90a986bb9eff6d8504c801da35b103d7152b"
"obj.Kant.Dom.Domain.evidence","def","Kant.Dom.Domain.evidence","ASSERTED","Kant.Dom.Domain → List Kant.Dom.Evidence","L0;","O0;","L0;","L0;","L0;","L0;","L0;","L0;","S40;Kant.Dom.Domain → List Kant.Dom.Evidence","O7;13;source_systemS5;lean411;source_fileS37;RequestProject/Kant/Domain/Model.lean13;source_formatS4;text11;imported_atI+0;14;transformed_atI+582;15;transformationsL0;13;parent_objectS0;","b8578ebfdc0043ef78ee81e088d09ad480c709e2a52c332d7ac4c08ccfb16da2"
"obj.Kant.Wasm.Decode.VType.ctorIdx","def","Kant.Wasm.Decode.VType.ctorIdx","ASSERTED","Kant.Wasm.Decode.VType → Nat","L0;","O0;","L0;","L0;","L0;","L0;","L0;","L0;","S28;Kant.Wasm.Decode.VType → Nat","O7;13;source_systemS5;lean411;source_fileS31;RequestProject/Wasm/Decode.lean13;source_formatS4;text11;imported_atI+0;14;transformed_atI+0;15;transformationsL0;13;parent_objectS0;","c28a0e1ea28cade01b105440df36277bb276aac88f2e40ee62c0ca4910b9b879"
"obj.Kant.Codec.instDecidableEqLevel","def","Kant.Codec.instDecidableEqLevel","ASSERTED","DecidableEq Kant.Codec.Level","L0;","O0;","L0;","L0;","L0;","L0;","L0;","L0;","S28;DecidableEq Kant.Codec.Level","O7;13;source_systemS5;lean411;source_fileS39;RequestProject/Kant/Codec/Exchange.lean13;source_formatS4;text11;imported_atI+0;14;transformed_atI+290;15;transformationsL0;13;parent_objectS0;","5d1d4b680e8a9fc7dcd5dba07d48463414e9b2df28d0b8ada00f2052baa80e1a"
"obj.Kant.Codec.encInt.eq_1","theorem","Kant.Codec.encInt.eq_1","PROVEN","∀ (n : Int),   Eq (Kant.Codec.encInt n)     (List.cons (ite (Int.instLTInt.lt n 0) '-' '+')       (instHAppendOfAppend.hAppend (Kant.Codec.natDigits n.natAbs) (List.cons ';' List.nil)))","L0;","O0;","L0;","L0;","L1;S28;claim.Kant.Codec.encInt.eq_1","L0;","L1;S28;proof.Kant.Codec.encInt.eq_1","L0;","S185;∀ (n : Int),   Eq (Kant.Codec.encInt n)     (List.cons (ite (Int.instLTInt.lt n 0) '-' '+')       (instHAppendOfAppend.hAppend (Kant.Codec.natDigits n.natAbs) (List.cons ';' List.nil)))","O7;13;source_systemS5;lean411;source_fileS34;RequestProject/Kant/Codec/Val.lean13;source_formatS4;text11;imported_atI+0;14;transformed_atI+0;15;transformationsL0;13;parent_objectS0;","f8a0e803d59c8dc132452a33fc08d18e6604dbebebe18d83a2d8549f9168f340"
"obj.Kant.Codec.xVal.eq_2","theorem","Kant.Codec.xVal.eq_2","PROVEN","∀ (x : List Char) (fuel : Nat),   Eq (Kant.Codec.xVal fuel.succ x)     (Kant.Codec.xVal.match_1 (fun x => Option (Prod Kant.Codec.Val (List Char)))       (Kant.Codec.stripPrefix Kant.Codec.xNull x)       (fun r => Option.some { fst := Kant.Codec.Val.null, snd := r }) fun _ =>       Kant.Codec.xVal.match_1 (fun x => Option (Prod Kant.Codec.Val (List Char)))         (Kant.Codec.stripPrefix Kant.Codec.xTrue x)         (fun r => Option.some { fst := Kant.Codec.Val.bool Bool.true, snd := r }) fun _ =>         Kant.Codec.xVal.match_1 (fun x => Option (Prod Kant.Codec.Val (List Char)))           (Kant.Codec.stripPrefix Kant.Codec.xFalse x)           (fun r => Option.some { fst := Kant.Codec.Val.bool Bool.false, snd := r }) fun _ =>           Kant.Codec.xVal.match_1 (fun x => Option (Prod Kant.Codec.Val (List Char)))             (Kant.Codec.stripPrefix Kant.Codec.xIntOpen x)             (fun r0 =>               (Kant.Codec.readNumY r0).bind fun p =>                 Option.map (fun r => { fst := Kant.Codec.Val.int p.fst, snd := r })                   (Kant.Codec.stripPrefix Kant.Codec.xIntClose p.snd))             fun _ =>             Kant.Codec.xVal.match_1 (fun x => Option (Prod Kant.Codec.Val (List Char)))               (Kant.Codec.stripPrefix Kant.Codec.xStrOpen x)               (fun r0 =>                 (Kant.Codec.readXText r0).bind fun p =>                   Option.map (fun r => { fst := Kant.Codec.Val.str p.fst, snd := r })                     (Kant.Codec.stripPrefix Kant.Codec.xStrClose p.snd))               fun _ =>               Kant.Codec.xVal.match_1 (fun x => Option (Prod Kant.Codec.Val (List Char)))                 (Kant.Codec.stripPrefix Kant.Codec.xListOpen x)                 (fun r0 =>                   Option.map (fun p => { fst := Kant.Codec.Val.list p.fst, snd := p.snd })                     (Kant.Codec.xList fuel r0))                 fun _ =>                 Kant.Codec.xVal.match_1 (fun x => Option (Prod Kant.Codec.Val (List Char)))                   (Kant.Codec.stripPrefix Kant.Codec.xObjOpen x)                   (fun r0 =>                     Option.map (fun p => { fst := Kant.Codec.Val.obj p.fst, snd := p.snd })                       (Kant.Codec.xFields fuel r0))                   fun _ => Option.none)","L1;S24;obj.Kant.Codec.xIntClose","O0;","L0;","L0;","L1;S26;claim.Kant.Codec.xVal.eq_2","L0;","L1;S26;proof.Kant.Codec.xVal.eq_2","L0;","S2258;∀ (x : List Char) (fuel : Nat),   Eq (Kant.Codec.xVal fuel.succ x)     (Kant.Codec.xVal.match_1 (fun x => Option (Prod Kant.Codec.Val (List Char)))       (Kant.Codec.stripPrefix Kant.Codec.xNull x)       (fun r => Option.some { fst := Kant.Codec.Val.null, snd := r }) fun _ =>       Kant.Codec.xVal.match_1 (fun x => Option (Prod Kant.Codec.Val (List Char)))         (Kant.Codec.stripPrefix Kant.Codec.xTrue x)         (fun r => Option.some { fst := Kant.Codec.Val.bool Bool.true, snd := r }) fun _ =>         Kant.Codec.xVal.match_1 (fun x => Option (Prod Kant.Codec.Val (List Char)))           (Kant.Codec.stripPrefix Kant.Codec.xFalse x)           (fun r => Option.some { fst := Kant.Codec.Val.bool Bool.false, snd := r }) fun _ =>           Kant.Codec.xVal.match_1 (fun x => Option (Prod Kant.Codec.Val (List Char)))             (Kant.Codec.stripPrefix Kant.Codec.xIntOpen x)             (fun r0 =>               (Kant.Codec.readNumY r0).bind fun p =>                 Option.map (fun r => { fst := Kant.Codec.Val.int p.fst, snd := r })                   (Kant.Codec.stripPrefix Kant.Codec.xIntClose p.snd))             fun _ =>             Kant.Codec.xVal.match_1 (fun x => Option (Prod Kant.Codec.Val (List Char)))               (Kant.Codec.stripPrefix Kant.Codec.xStrOpen x)               (fun r0 =>                 (Kant.Codec.readXText r0).bind fun p =>                   Option.map (fun r => { fst := Kant.Codec.Val.str p.fst, snd := r })                     (Kant.Codec.stripPrefix Kant.Codec.xStrClose p.snd))               fun _ =>               Kant.Codec.xVal.match_1 (fun x => Option (Prod Kant.Codec.Val (List Char)))                 (Kant.Codec.stripPrefix Kant.Codec.xListOpen x)                 (fun r0 =>                   Option.map (fun p => { fst := Kant.Codec.Val.list p.fst, snd := p.snd })                     (Kant.Codec.xList fuel r0))                 fun _ =>                 Kant.Codec.xVal.match_1 (fun x => Option (Prod Kant.Codec.Val (List Char)))                   (Kant.Codec.stripPrefix Kant.Codec.xObjOpen x)                   (fun r0 =>                     Option.map (fun p => { fst := Kant.Codec.Val.obj p.fst, snd := p.snd })                       (Kant.Codec.xFields fuel r0))                   fun _ => Option.none)","O7;13;source_systemS5;lean411;source_fileS38;RequestProject/Kant/Codec/RawText.lean13;source_formatS4;text11;imported_atI+0;14;transformed_atI+0;15;transformationsL0;13;parent_objectS0;","b3ef636e028542dc124fe0be7a45ebc76546c166a8cb71c2de753eab109732ed"
"obj.Kant.Dom.catalog_proofs","theorem","Kant.Dom.catalog_proofs","PROVEN","∀ (cid desc : List Char) (ds : List Kant.Dom.Decl),   Eq (Kant.Dom.catalog cid desc ds).proofs     (List.map Kant.Dom.declProof (List.filter Kant.Dom.Decl.isProof ds))","L0;","O0;","L0;","L0;","L1;S29;claim.Kant.Dom.catalog_proofs","L0;","L1;S29;proof.Kant.Dom.catalog_proofs","L0;","S167;∀ (cid desc : List Char) (ds : List Kant.Dom.Decl),   Eq (Kant.Dom.catalog cid desc ds).proofs     (List.map Kant.Dom.declProof (List.filter Kant.Dom.Decl.isProof ds))","O7;13;source_systemS5;lean411;source_fileS39;RequestProject/Kant/Domain/Catalog.lean13;source_formatS4;text11;imported_atI+0;14;transformed_atI+225;15;transformationsL0;13;parent_objectS0;","e36fc93097783fcb56f0769cd3e5cd381aabab8f221196918dff42b7a42693ae"
"obj.Kant.Codec.Fmt.casesOn","def","Kant.Codec.Fmt.casesOn","ASSERTED","{motive : Kant.Codec.Fmt → Sort u} →   (t : Kant.Codec.Fmt) →     motive Kant.Codec.Fmt.canonical →       motive Kant.Codec.Fmt.ipdl →         motive Kant.Codec.Fmt.xml →           motive Kant.Codec.Fmt.csv →             motive Kant.Codec.Fmt.yaml →               motive Kant.Codec.Fmt.text → motive Kant.Codec.Fmt.unknown → motive t","L0;","O0;","L0;","L0;","L0;","L0;","L0;","L0;","S333;{motive : Kant.Codec.Fmt → Sort u} →   (t : Kant.Codec.Fmt) →     motive Kant.Codec.Fmt.canonical →       motive Kant.Codec.Fmt.ipdl →         motive Kant.Codec.Fmt.xml →           motive Kant.Codec.Fmt.csv →             motive Kant.Codec.Fmt.yaml →               motive Kant.Codec.Fmt.text → motive Kant.Codec.Fmt.unknown → motive t","O7;13;source_systemS5;lean411;source_fileS36;RequestProject/Kant/Codec/Model.lean13;source_formatS4;text11;imported_atI+0;14;transformed_atI+51;15;transformationsL0;13;parent_objectS0;","ab6b6d660ff80c4b1a4a772595467d38b03621aac658b871babc87e6d8cef09e"
"obj.Kant.Wasm.Decode.VType.noConfusionType","def","Kant.Wasm.Decode.VType.noConfusionType","ASSERTED","Sort v✝ → Kant.Wasm.Decode.VType → Kant.Wasm.Decode.VType → Sort v✝","L1;S34;obj.Kant.Wasm.Decode.VType.ctorIdx","O0;","L0;","L0;","L0;","L0;","L0;","L0;","S67;Sort v✝ → Kant.Wasm.Decode.VType → Kant.Wasm.Decode.VType → Sort v✝","O7;13;source_systemS5;lean411;source_fileS31;RequestProject/Wasm/Decode.lean13;source_formatS4;text11;imported_atI+0;14;transformed_atI+0;15;transformationsL0;13;parent_objectS0;","b7a725ade47966a15bbe2271a63299eea4891e0a74c6af7b4bdb0e06cdc3e288"
"obj.Kant.Connectivity.explain","def","Kant.Connectivity.explain","ASSERTED","Kant.Connectivity.Verdict → List Char","L0;","O0;","L0;","L0;","L0;","L0;","L0;","L0;","S37;Kant.Connectivity.Verdict → List Char","O7;13;source_systemS5;lean411;source_fileS37;RequestProject/Kant/Connectivity.lean13;source_formatS4;text11;imported_atI+0;14;transformed_atI+274;15;transformationsL0;13;parent_objectS0;","5202f58456f7525ebbfc165d8c63c6a9565100f26f00b178f61e194a68c42523"
"obj.Kant.CardDebug.instReprCode.repr","def","Kant.CardDebug.instReprCode.repr","ASSERTED","Kant.CardDebug.Code → Nat → Std.Format","L2;S30;obj.Kant.SiteCard.instReprCardS34;obj.Kant.Rendezvous.instReprInvite","O0;","L0;","L0;","L0;","L0;","L0;","L0;","S38;Kant.CardDebug.Code → Nat → Std.Format","O7;13;source_systemS5;lean411;source_fileS34;RequestProject/Kant/CardDebug.lean13;source_formatS4;text11;imported_atI+0;14;transformed_atI+97;15;transformationsL0;13;parent_objectS0;","04aaeac093e1b4e1303936797f6f90ee8083051608ffb66b12b650953af79d58"
"obj.Kant.Cli.curlArgv","def","Kant.Cli.curlArgv","ASSERTED","Kant.Cli.Req → List (List Char)","L1;S16;obj.Kant.Cli.Req","O0;","L0;","L0;","L0;","L0;","L0;","L0;","S31;Kant.Cli.Req → List (List Char)","O7;13;source_systemS5;lean411;source_fileS28;RequestProject/Kant/Cli.lean13;source_formatS4;text11;imported_atI+0;14;transformed_atI+166;15;transformationsL0;13;parent_objectS0;","38b92f43bf4a58339825725ce682dca0e67952051f22a8a1e90eacfe58364a3e"
"obj.Kant.Dom.Domain.noConfusion","def","Kant.Dom.Domain.noConfusion","ASSERTED","{P : Sort u} → {t t' : Kant.Dom.Domain} → Eq t t' → Kant.Dom.Domain.noConfusionType P t t'","L1;S15;obj.Kant.Dom.Id","O0;","L0;","L0;","L0;","L0;","L0;","L0;","S90;{P : Sort u} → {t t' : Kant.Dom.Domain} → Eq t t' → Kant.Dom.Domain.noConfusionType P t t'","O7;13;source_systemS5;lean411;source_fileS37;RequestProject/Kant/Domain/Model.lean13;source_formatS4;text11;imported_atI+0;14;transformed_atI+562;15;transformationsL0;13;parent_objectS0;","2ecb8fcdc9af43b1007254afe0f45406230ddced6fcb232bdb0c17838b6023b0"
"obj.Kant.Feed.paginate_length_pos","theorem","Kant.Feed.paginate_length_pos","PROVEN","∀ {α : Type} {size : Nat} (xs pg : List α),   List.instMembership.mem (Kant.Feed.paginate size xs) pg → instLTNat.lt 0 pg.length","L0;","O0;","L0;","L0;","L1;S35;claim.Kant.Feed.paginate_length_pos","L0;","L1;S35;proof.Kant.Feed.paginate_length_pos","L0;","S128;∀ {α : Type} {size : Nat} (xs pg : List α),   List.instMembership.mem (Kant.Feed.paginate size xs) pg → instLTNat.lt 0 pg.length","O7;13;source_systemS5;lean411;source_fileS29;RequestProject/Kant/Feed.lean13;source_formatS4;text11;imported_atI+0;14;transformed_atI+179;15;transformationsL0;13;parent_objectS0;","5bd3009f8b2052c1300405310067c68e110b2ef67a03fb43be0b7494935ed710"
"obj.Kant.Dasl.byteAt","def","Kant.Dasl.byteAt","ASSERTED","Kant.Bytes.Blob → Nat → Nat","L0;","O0;","L0;","L0;","L0;","L0;","L0;","L0;","S27;Kant.Bytes.Blob → Nat → Nat","O7;13;source_systemS5;lean411;source_fileS29;RequestProject/Kant/Dasl.lean13;source_formatS4;text11;imported_atI+0;14;transformed_atI+148;15;transformationsL0;13;parent_objectS0;","55b528ef51a2d941f1a47e981e889cce34a82350bdf8971b85740b5307b270e8"
"obj.Kant.Diagnostics.Area.mesh.elim","def","Kant.Diagnostics.Area.mesh.elim","ASSERTED","{motive : Kant.Diagnostics.Area → Sort u} →   (t : Kant.Diagnostics.Area) → Eq t.ctorIdx 5 → motive Kant.Diagnostics.Area.mesh → motive t","L0;","O0;","L0;","L0;","L0;","L0;","L0;","L0;","S137;{motive : Kant.Diagnostics.Area → Sort u} →   (t : Kant.Diagnostics.Area) → Eq t.ctorIdx 5 → motive Kant.Diagnostics.Area.mesh → motive t","O7;13;source_systemS5;lean411;source_fileS36;RequestProject/Kant/Diagnostics.lean13;source_formatS4;text11;imported_atI+0;14;transformed_atI+101;15;transformationsL0;13;parent_objectS0;","2a503aa5431e22718e08ebd5283d3f3ef3ad39e01bbacd839d9c0aeb5a07cfc0"
"obj.Kant.Codec.RawDoc.detected","def","Kant.Codec.RawDoc.detected","ASSERTED","Kant.Codec.RawDoc → List Kant.Codec.Extract","L1;S22;obj.Kant.Codec.Extract","O0;","L0;","L0;","L0;","L0;","L0;","L0;","S43;Kant.Codec.RawDoc → List Kant.Codec.Extract","O7;13;source_systemS5;lean411;source_fileS38;RequestProject/Kant/Codec/RawText.lean13;source_formatS4;text11;imported_atI+0;14;transformed_atI+106;15;transformationsL0;13;parent_objectS0;","5d312772667288e20bbf168cd68012a508ce9b8e14db55340403c9f03671efc7"
"obj.Kant.Clipboard.isAscii_receiptOf_witness","theorem","Kant.Clipboard.isAscii_receiptOf_witness","PROVEN","∀ (p : Kant.Paste) (credits : Nat), Kant.Text.IsAscii (Kant.Clipboard.receiptOf p credits).witness","L2;S34;obj.Kant.Clipboard.Receipt.witnessS21;obj.Kant.Bytes.digest","O0;","L0;","L0;","L1;S46;claim.Kant.Clipboard.isAscii_receiptOf_witness","L0;","L1;S46;proof.Kant.Clipboard.isAscii_receiptOf_witness","L0;","S98;∀ (p : Kant.Paste) (credits : Nat), Kant.Text.IsAscii (Kant.Clipboard.receiptOf p credits).witness","O7;13;source_systemS5;lean411;source_fileS34;RequestProject/Kant/Clipboard.lean13;source_formatS4;text11;imported_atI+0;14;transformed_atI+326;15;transformationsL0;13;parent_objectS0;","3527e6d600be267a5901ef9c5683890dc18153d78e7ac724cc93c4afb70f7127"
"obj.Kant.Codec.Ipdl.below_2","def","Kant.Codec.Ipdl.below_2","ASSERTED","{motive_1 : Kant.Codec.Ipdl → Sort u} →   {motive_2 : List Kant.Codec.Ipdl → Sort u} →     {motive_3 : List (Prod (List Char) Kant.Codec.Ipdl) → Sort u} →       {motive_4 : Prod (List Char) Kant.Codec.Ipdl → Sort u} →         List (Prod (List Char) Kant.Codec.Ipdl) → Sort (max 1 u)","L1;S19;obj.Kant.Codec.Ipdl","O0;","L0;","L0;","L0;","L0;","L0;","L0;","S282;{motive_1 : Kant.Codec.Ipdl → Sort u} →   {motive_2 : List Kant.Codec.Ipdl → Sort u} →     {motive_3 : List (Prod (List Char) Kant.Codec.Ipdl) → Sort u} →       {motive_4 : Prod (List Char) Kant.Codec.Ipdl → Sort u} →         List (Prod (List Char) Kant.Codec.Ipdl) → Sort (max 1 u)","O7;13;source_systemS5;lean411;source_fileS35;RequestProject/Kant/Codec/Ipdl.lean13;source_formatS4;text11;imported_atI+0;14;transformed_atI+37;15;transformationsL0;13;parent_objectS0;","1293466cf2491e3d26b4b2873de5e4a2eb663ee96acf32e74c30bde1cb75c87c"
"obj.Kant.Clipboard.copyAll","def","Kant.Clipboard.copyAll","ASSERTED","List Kant.Paste → List Char","L0;","O0;","L0;","L0;","L0;","L0;","L0;","L0;","S27;List Kant.Paste → List Char","O7;13;source_systemS5;lean411;source_fileS34;RequestProject/Kant/Clipboard.lean13;source_formatS4;text11;imported_atI+0;14;transformed_atI+254;15;transformationsL0;13;parent_objectS0;","564505acf2e5a8ae18ac40a0dbe3f259672a32e6052e9468f546940f1f51a4d3"
"obj.Kant.Codec.Ipdl.bool.injEq","theorem","Kant.Codec.Ipdl.bool.injEq","PROVEN","∀ (b b_1 : Bool), Eq (Eq (Kant.Codec.Ipdl.bool b) (Kant.Codec.Ipdl.bool b_1)) (Eq b b_1)","L1;S19;obj.Kant.Codec.Ipdl","O0;","L0;","L0;","L1;S32;claim.Kant.Codec.Ipdl.bool.injEq","L0;","L1;S32;proof.Kant.Codec.Ipdl.bool.injEq","L0;","S88;∀ (b b_1 : Bool), Eq (Eq (Kant.Codec.Ipdl.bool b) (Kant.Codec.Ipdl.bool b_1)) (Eq b b_1)","O7;13;source_systemS5;lean411;source_fileS35;RequestProject/Kant/Codec/Ipdl.lean13;source_formatS4;text11;imported_atI+0;14;transformed_atI+0;15;transformationsL0;13;parent_objectS0;","bcda47176f10acac5b49097e80e0e217fd51717815bcc95a0bd49953b1085f35"
"obj.Kant.Wasm.Kernel.cidTypeE.eq_1","theorem","Kant.Wasm.Kernel.cidTypeE.eq_1","PROVEN","Eq Kant.Wasm.Kernel.cidTypeE (((Kant.Wasm.Expr.var 0).divC (instHPow.hPow 2 44)).modC 16)","L0;","O0;","L0;","L0;","L1;S36;claim.Kant.Wasm.Kernel.cidTypeE.eq_1","L0;","L1;S36;proof.Kant.Wasm.Kernel.cidTypeE.eq_1","L0;","S89;Eq Kant.Wasm.Kernel.cidTypeE (((Kant.Wasm.Expr.var 0).divC (instHPow.hPow 2 44)).modC 16)","O7;13;source_systemS5;lean411;source_fileS35;RequestProject/Wasm/KernelSpec.lean13;source_formatS4;text11;imported_atI+0;14;transformed_atI+0;15;transformationsL0;13;parent_objectS0;","bc4fc58e740b2d5e830c2da7f61eaef1c7765ebb87a8f17808d128578c4f050b"
"obj.Kant.Diagnostics.joinLines.eq_3","theorem","Kant.Diagnostics.joinLines.eq_3","PROVEN","∀ (l : List Char) (ls : List (List Char)),   (Eq ls List.nil → False) →     Eq (Kant.Diagnostics.joinLines (List.cons l ls))       (instHAppendOfAppend.hAppend l (List.cons '\n' (Kant.Diagnostics.joinLines ls)))","L0;","O0;","L0;","L0;","L1;S37;claim.Kant.Diagnostics.joinLines.eq_3","L0;","L1;S37;proof.Kant.Diagnostics.joinLines.eq_3","L0;","S211;∀ (l : List Char) (ls : List (List Char)),   (Eq ls List.nil → False) →     Eq (Kant.Diagnostics.joinLines (List.cons l ls))       (instHAppendOfAppend.hAppend l (List.cons '\n' (Kant.Diagnostics.joinLines ls)))","O7;13;source_systemS5;lean411;source_fileS36;RequestProject/Kant/Diagnostics.lean13;source_formatS4;text11;imported_atI+0;14;transformed_atI+0;15;transformationsL0;13;parent_objectS0;","5d7288b7c7f1c441093c46367256ab2689769736626ff3dbbf1ce0b765f8b6e0"
"obj.Kant.Rendezvous.Announce.recOn","def","Kant.Rendezvous.Announce.recOn","ASSERTED","{motive : Kant.Rendezvous.Announce → Sort u} →   (t : Kant.Rendezvous.Announce) →     ((peer : List Char) →         (seq : Nat) →           (addrs : List Kant.Rendezvous.Address) →             motive { peer := peer, seq := seq, addrs := addrs }) →       motive t","L0;","O0;","L0;","L0;","L0;","L0;","L0;","L0;","S262;{motive : Kant.Rendezvous.Announce → Sort u} →   (t : Kant.Rendezvous.Announce) →     ((peer : List Char) →         (seq : Nat) →           (addrs : List Kant.Rendezvous.Address) →             motive { peer := peer, seq := seq, addrs := addrs }) →       motive t","O7;13;source_systemS5;lean411;source_fileS35;RequestProject/Kant/Rendezvous.lean13;source_formatS4;text11;imported_atI+0;14;transformed_atI+125;15;transformationsL0;13;parent_objectS0;","582b807db3e8fc455711f4b72b9e7522788d90a1c05bb867baf407f2166f4114"
"obj.Kant.Codec.xFields_roundTrip","theorem","Kant.Codec.xFields_roundTrip","PROVEN","∀ (fs : List (Prod (List Char) Kant.Codec.Val)),   (∀ (kv : Prod (List Char) Kant.Codec.Val),       List.instMembership.mem fs kv → Kant.Codec.XRoundTrips kv.snd) →     ∀ (fuel : Nat) (rest : List Char),       instLENat.le (instHAdd.hAdd (Kant.Codec.xmlEncFields fs).length 1) fuel →         Eq           (Kant.Codec.xFields fuel             (instHAppendOfAppend.hAppend (Kant.Codec.xmlEncFields fs)               (instHAppendOfAppend.hAppend Kant.Codec.xObjClose rest)))           (Option.some { fst := fs, snd := rest })","L0;","O0;","L0;","L0;","L1;S34;claim.Kant.Codec.xFields_roundTrip","L0;","L1;S34;proof.Kant.Codec.xFields_roundTrip","L0;","S522;∀ (fs : List (Prod (List Char) Kant.Codec.Val)),   (∀ (kv : Prod (List Char) Kant.Codec.Val),       List.instMembership.mem fs kv → Kant.Codec.XRoundTrips kv.snd) →     ∀ (fuel : Nat) (rest : List Char),       instLENat.le (instHAdd.hAdd (Kant.Codec.xmlEncFields fs).length 1) fuel →         Eq           (Kant.Codec.xFields fuel             (instHAppendOfAppend.hAppend (Kant.Codec.xmlEncFields fs)               (instHAppendOfAppend.hAppend Kant.Codec.xObjClose rest)))           (Option.some { fst := fs, snd := rest })","O7;13;source_systemS5;lean411;source_fileS34;RequestProject/Kant/Codec/Xml.lean13;source_formatS4;text11;imported_atI+0;14;transformed_atI+328;15;transformationsL0;13;parent_objectS0;","2d583024e0ab3ad52648c33eb22ffada7cea59de191e9967afc0a9864cc5445c"
"obj.Kant.Diagnostics.Event.mentions","def","Kant.Diagnostics.Event.mentions","ASSERTED","List Char → Kant.Diagnostics.Event → Bool","L0;","O0;","L0;","L0;","L0;","L0;","L0;","L0;","S41;List Char → Kant.Diagnostics.Event → Bool","O7;13;source_systemS5;lean411;source_fileS36;RequestProject/Kant/Diagnostics.lean13;source_formatS4;text11;imported_atI+0;14;transformed_atI+424;15;transformationsL0;13;parent_objectS0;","25bed70eebe1810f1ceac32b52c6eb0cf3250380ff036955d02e19648d9de432"
"obj.Kant.Sneakernet.Channel.irohBlob.sizeOf_spec","theorem","Kant.Sneakernet.Channel.irohBlob.sizeOf_spec","PROVEN","Eq (Kant.Sneakernet.Channel._sizeOf_inst.sizeOf Kant.Sneakernet.Channel.irohBlob) 1","L0;","O0;","L0;","L0;","L1;S50;claim.Kant.Sneakernet.Channel.irohBlob.sizeOf_spec","L0;","L1;S50;proof.Kant.Sneakernet.Channel.irohBlob.sizeOf_spec","L0;","S83;Eq (Kant.Sneakernet.Channel._sizeOf_inst.sizeOf Kant.Sneakernet.Channel.irohBlob) 1","O7;13;source_systemS5;lean411;source_fileS35;RequestProject/Kant/Sneakernet.lean13;source_formatS4;text11;imported_atI+0;14;transformed_atI+0;15;transformationsL0;13;parent_objectS0;","5661867ce24df54afafc326462d1897da54e01d80c434ca41b9dd9092c4b5557"
"obj.Kant.Rendezvous.parseAddrField.match_1","def","Kant.Rendezvous.parseAddrField.match_1","ASSERTED","(motive : Kant.Bytes.Blob → Sort u_1) →   (x : Kant.Bytes.Blob) →     (Unit → motive List.nil) →       ((c : UInt8) → (bs : List UInt8) → motive (List.cons c bs)) → motive x","L0;","O0;","L0;","L0;","L0;","L0;","L0;","L0;","S173;(motive : Kant.Bytes.Blob → Sort u_1) →   (x : Kant.Bytes.Blob) →     (Unit → motive List.nil) →       ((c : UInt8) → (bs : List UInt8) → motive (List.cons c bs)) → motive x","O7;13;source_systemS5;lean411;source_fileS35;RequestProject/Kant/Rendezvous.lean13;source_formatS4;text11;imported_atI+0;14;transformed_atI+0;15;transformationsL0;13;parent_objectS0;","1d46b184ed6eb54c1a2fae5382ac7dbf49a322c3b16131b23b7c451954d87d85"
"obj.Kant.Sync.syncAll.eq_1","theorem","Kant.Sync.syncAll.eq_1","PROVEN","∀ (st : Kant.Store) (fs : List Kant.Sync.Feed),   Eq (Kant.Sync.syncAll st fs) (List.foldl Kant.Sync.syncFeed st fs)","L0;","O0;","L0;","L0;","L1;S28;claim.Kant.Sync.syncAll.eq_1","L0;","L1;S28;proof.Kant.Sync.syncAll.eq_1","L0;","S116;∀ (st : Kant.Store) (fs : List Kant.Sync.Feed),   Eq (Kant.Sync.syncAll st fs) (List.foldl Kant.Sync.syncFeed st fs)","O7;13;source_systemS5;lean411;source_fileS29;RequestProject/Kant/Sync.lean13;source_formatS4;text11;imported_atI+0;14;transformed_atI+0;15;transformationsL0;13;parent_objectS0;","128e8bf7c51de732848d5a77ddd8977d74aad304062053cc6cd44579f7c040d7"
"obj.Kant.Cli.Req.mk.noConfusion","def","Kant.Cli.Req.mk.noConfusion","ASSERTED","{P : Sort u} →   {method : Kant.Cli.Method} →     {url body : List Char} →       {method' : Kant.Cli.Method} →         {url' body' : List Char} →           Eq { method := method, url := url, body := body }               { method := method', url := url', body := body' } →             (Eq method method' → Eq url url' → Eq body body' → P) → P","L1;S16;obj.Kant.Cli.Req","O0;","L0;","L0;","L0;","L0;","L0;","L0;","S341;{P : Sort u} →   {method : Kant.Cli.Method} →     {url body : List Char} →       {method' : Kant.Cli.Method} →         {url' body' : List Char} →           Eq { method := method, url := url, body := body }               { method := method', url := url', body := body' } →             (Eq method method' → Eq url url' → Eq body body' → P) → P","O7;13;source_systemS5;lean411;source_fileS28;RequestProject/Kant/Cli.lean13;source_formatS4;text11;imported_atI+0;14;transformed_atI+151;15;transformationsL0;13;parent_objectS0;","7b6b2de8608f6a51e62e45f6562cb57e7a89ece3cdae99bbcdb0616a3c8ab208"
"obj.Kant.Dom.danglingRefs_sound","theorem","Kant.Dom.danglingRefs_sound","PROVEN","∀ (d : Kant.Dom.Domain) (o : Kant.Dom.DomObj) (i : Kant.Dom.Id),   List.instMembership.mem (Kant.Dom.danglingRefs d) { fst := o.id, snd := i } →     Exists fun o' =>       And (List.instMembership.mem d.objects o')         (And (Eq o'.id o.id)           (And (List.instMembership.mem o'.proofRefs i) (Eq (Kant.Dom.findProof d i) Option.none)))","L1;S15;obj.Kant.Dom.Id","O0;","L0;","L0;","L1;S33;claim.Kant.Dom.danglingRefs_sound","L0;","L1;S33;proof.Kant.Dom.danglingRefs_sound","L0;","S343;∀ (d : Kant.Dom.Domain) (o : Kant.Dom.DomObj) (i : Kant.Dom.Id),   List.instMembership.mem (Kant.Dom.danglingRefs d) { fst := o.id, snd := i } →     Exists fun o' =>       And (List.instMembership.mem d.objects o')         (And (Eq o'.id o.id)           (And (List.instMembership.mem o'.proofRefs i) (Eq (Kant.Dom.findProof d i) Option.none)))","O7;13;source_systemS5;lean411;source_fileS39;RequestProject/Kant/Domain/Package.lean13;source_formatS4;text11;imported_atI+0;14;transformed_atI+233;15;transformationsL0;13;parent_objectS0;","f1da8365d67eeb61b6af0e3c5bbd89fe2529fc81563cdddb396d09287607a2b8"
"obj.Kant.Cli.roomPath.eq_1","theorem","Kant.Cli.roomPath.eq_1","PROVEN","∀ (room : List Char), Eq (Kant.Cli.roomPath room) (instHAppendOfAppend.hAppend ""/room/"".toList room)","L0;","O0;","L0;","L0;","L1;S28;claim.Kant.Cli.roomPath.eq_1","L0;","L1;S28;proof.Kant.Cli.roomPath.eq_1","L0;","S100;∀ (room : List Char), Eq (Kant.Cli.roomPath room) (instHAppendOfAppend.hAppend ""/room/"".toList room)","O7;13;source_systemS5;lean411;source_fileS28;RequestProject/Kant/Cli.lean13;source_formatS4;text11;imported_atI+0;14;transformed_atI+0;15;transformationsL0;13;parent_objectS0;","d2eb6fe4e843aa02c4c88864b61e55e5a61a53858285c7fc17b490d9c178d1df"
"obj.Kant.CardDebug.Warning.relativePicture.elim","def","Kant.CardDebug.Warning.relativePicture.elim","ASSERTED","{motive : Kant.CardDebug.Warning → Sort u} →   (t : Kant.CardDebug.Warning) →     Eq t.ctorIdx 0 → motive Kant.CardDebug.Warning.relativePicture → motive t","L0;","O0;","L0;","L0;","L0;","L0;","L0;","L0;","S155;{motive : Kant.CardDebug.Warning → Sort u} →   (t : Kant.CardDebug.Warning) →     Eq t.ctorIdx 0 → motive Kant.CardDebug.Warning.relativePicture → motive t","O7;13;source_systemS5;lean411;source_fileS34;RequestProject/Kant/CardDebug.lean13;source_formatS4;text11;imported_atI+0;14;transformed_atI+339;15;transformationsL0;13;parent_objectS0;","6b04a08684d8d4b7c65c3851910610ec51819b05de8ebec5a20d6fa2f931aaba"
"obj.Kant.Sheaf.DaslType.enumList_getElem?_ctorIdx_eq","theorem","Kant.Sheaf.DaslType.enumList_getElem?_ctorIdx_eq","PROVEN","∀ (x : Kant.Sheaf.DaslType),   Eq (List.instGetElem?NatLtLength.getElem? Kant.Sheaf.DaslType.enumList x.ctorIdx) (Option.some x)","L0;","O0;","L0;","L0;","L1;S54;claim.Kant.Sheaf.DaslType.enumList_getElem?_ctorIdx_eq","L0;","L1;S54;proof.Kant.Sheaf.DaslType.enumList_getElem?_ctorIdx_eq","L0;","S128;∀ (x : Kant.Sheaf.DaslType),   Eq (List.instGetElem?NatLtLength.getElem? Kant.Sheaf.DaslType.enumList x.ctorIdx) (Option.some x)","O7;13;source_systemS5;lean411;source_fileS30;RequestProject/Kant/Sheaf.lean13;source_formatS4;text11;imported_atI+0;14;transformed_atI+0;15;transformationsL0;13;parent_objectS0;","a9e617a27cbea52d57ff231c86aa3d1a4a09fc6a8a44c4878f4be9c273b25464"
"obj.Kant.Erdfa.unescape.eq_2","theorem","Kant.Erdfa.unescape.eq_2","PROVEN","∀ (cs : List Char),   Eq (Kant.Erdfa.unescape (List.cons '&' cs))     (ite       (Eq ((List.cons 'a' (List.cons 'm' (List.cons 'p' (List.cons ';' List.nil)))).isPrefixOf cs)         Bool.true)       (List.cons '&' (Kant.Erdfa.unescape (List.drop 4 cs)))       (ite (Eq ((List.cons 'l' (List.cons 't' (List.cons ';' List.nil))).isPrefixOf cs) Bool.true)         (List.cons '<' (Kant.Erdfa.unescape (List.drop 3 cs)))         (ite (Eq ((List.cons 'g' (List.cons 't' (List.cons ';' List.nil))).isPrefixOf cs) Bool.true)           (List.cons '>' (Kant.Erdfa.unescape (List.drop 3 cs)))           (ite             (Eq               ((List.cons 'q'                     (List.cons 'u'                       (List.cons 'o' (List.cons 't' (List.cons ';' List.nil))))).isPrefixOf                 cs)               Bool.true)             (List.cons '\""' (Kant.Erdfa.unescape (List.drop 5 cs)))             (List.cons '&' (Kant.Erdfa.unescape cs))))))","L0;","O0;","L0;","L0;","L1;S30;claim.Kant.Erdfa.unescape.eq_2","L0;","L1;S30;proof.Kant.Erdfa.unescape.eq_2","L0;","S939;∀ (cs : List Char),   Eq (Kant.Erdfa.unescape (List.cons '&' cs))     (ite       (Eq ((List.cons 'a' (List.cons 'm' (List.cons 'p' (List.cons ';' List.nil)))).isPrefixOf cs)         Bool.true)       (List.cons '&' (Kant.Erdfa.unescape (List.drop 4 cs)))       (ite (Eq ((List.cons 'l' (List.cons 't' (List.cons ';' List.nil))).isPrefixOf cs) Bool.true)         (List.cons '<' (Kant.Erdfa.unescape (List.drop 3 cs)))         (ite (Eq ((List.cons 'g' (List.cons 't' (List.cons ';' List.nil))).isPrefixOf cs) Bool.true)           (List.cons '>' (Kant.Erdfa.unescape (List.drop 3 cs)))           (ite             (Eq               ((List.cons 'q'                     (List.cons 'u'                       (List.cons 'o' (List.cons 't' (List.cons ';' List.nil))))).isPrefixOf                 cs)               Bool.true)             (List.cons '\""' (Kant.Erdfa.unescape (List.drop 5 cs)))             (List.cons '&' (Kant.Erdfa.unescape cs))))))","O7;13;source_systemS5;lean411;source_fileS30;RequestProject/Kant/Erdfa.lean13;source_formatS4;text11;imported_atI+0;14;transformed_atI+0;15;transformationsL0;13;parent_objectS0;","fc5c41487a299c1be2990c72a423664027d7454d13069e89786e637469d59d2e"
"obj.Kant.Dasl.tenfoldCoords_valid","theorem","Kant.Dasl.tenfoldCoords_valid","PROVEN","∀ (o : Kant.Dasl.Orbifold), List.instMembership.mem Kant.Dasl.tenfoldCoords o → o.valid","L0;","O0;","L0;","L0;","L1;S35;claim.Kant.Dasl.tenfoldCoords_valid","L0;","L1;S35;proof.Kant.Dasl.tenfoldCoords_valid","L0;","S87;∀ (o : Kant.Dasl.Orbifold), List.instMembership.mem Kant.Dasl.tenfoldCoords o → o.valid","O7;13;source_systemS5;lean411;source_fileS29;RequestProject/Kant/Dasl.lean13;source_formatS4;text11;imported_atI+0;14;transformed_atI+305;15;transformationsL0;13;parent_objectS0;","096fa8a8b88b2102a1d9606686da84ed6fb63c588646165cc4ec3fac135a2237"
"obj.Kant.Dom.Coverage","inductive","Kant.Dom.Coverage","ASSERTED","Type","L0;","O0;","L0;","L0;","L0;","L0;","L0;","L0;","S4;Type","O7;13;source_systemS5;lean411;source_fileS37;RequestProject/Kant/Domain/Model.lean13;source_formatS4;text11;imported_atI+0;14;transformed_atI+72;15;transformationsL0;13;parent_objectS0;","af651cae1c5786004f41ff6aaf50b403604561b3d23b72c6a3ac1b325478f549"
"obj.Kant.Meme.Template","inductive","Kant.Meme.Template","ASSERTED","Type","L0;","O0;","L0;","L0;","L0;","L0;","L0;","L0;","S4;Type","O7;13;source_systemS5;lean411;source_fileS29;RequestProject/Kant/Meme.lean13;source_formatS4;text11;imported_atI+0;14;transformed_atI+50;15;transformationsL0;13;parent_objectS0;","9896105ae9d869b98f350180afa97156148d6f5aba8f50f3e52a0c2604effc10"
"obj.Kant.Dom.PStatus.recOn","def","Kant.Dom.PStatus.recOn","ASSERTED","{motive : Kant.Dom.PStatus → Sort u} →   (t : Kant.Dom.PStatus) →     motive Kant.Dom.PStatus.valid →       motive Kant.Dom.PStatus.invalid →         motive Kant.Dom.PStatus.partial →           motive Kant.Dom.PStatus.failed →             motive Kant.Dom.PStatus.unknown → motive Kant.Dom.PStatus.conflict → motive t","L0;","O0;","L0;","L0;","L0;","L0;","L0;","L0;","S316;{motive : Kant.Dom.PStatus → Sort u} →   (t : Kant.Dom.PStatus) →     motive Kant.Dom.PStatus.valid →       motive Kant.Dom.PStatus.invalid →         motive Kant.Dom.PStatus.partial →           motive Kant.Dom.PStatus.failed →             motive Kant.Dom.PStatus.unknown → motive Kant.Dom.PStatus.conflict → motive t","O7;13;source_systemS5;lean411;source_fileS37;RequestProject/Kant/Domain/Model.lean13;source_formatS4;text11;imported_atI+0;14;transformed_atI+54;15;transformationsL0;13;parent_objectS0;","ed5fd5663964a669585722617f91a23e4158e73ee18a52fbb3c28dd0a7de6aa0"
"obj.Kant.Connectivity.instReprVerdict.repr","def","Kant.Connectivity.instReprVerdict.repr","ASSERTED","Kant.Connectivity.Verdict → Nat → Std.Format","L0;","O0;","L0;","L0;","L0;","L0;","L0;","L0;","S44;Kant.Connectivity.Verdict → Nat → Std.Format","O7;13;source_systemS5;lean411;source_fileS37;RequestProject/Kant/Connectivity.lean13;source_formatS4;text11;imported_atI+0;14;transformed_atI+188;15;transformationsL0;13;parent_objectS0;","b0aa8e96e26250c57cbd1ed8b6b0c0427a5929836d049f0ff114bcd05c6f320c"
"obj.Kant.Dom.Coverage.proven.sizeOf_spec","theorem","Kant.Dom.Coverage.proven.sizeOf_spec","PROVEN","Eq (Kant.Dom.Coverage._sizeOf_inst.sizeOf Kant.Dom.Coverage.proven) 1","L1;S21;obj.Kant.Dom.Coverage","O0;","L0;","L0;","L1;S42;claim.Kant.Dom.Coverage.proven.sizeOf_spec","L0;","L1;S42;proof.Kant.Dom.Coverage.proven.sizeOf_spec","L0;","S69;Eq (Kant.Dom.Coverage._sizeOf_inst.sizeOf Kant.Dom.Coverage.proven) 1","O7;13;source_systemS5;lean411;source_fileS37;RequestProject/Kant/Domain/Model.lean13;source_formatS4;text11;imported_atI+0;14;transformed_atI+0;15;transformationsL0;13;parent_objectS0;","3ae7b4bf5fc35b50eaadbf54558067d3c912eb516d97ae162ef4a34877c0dc99"
"obj.Kant.Codec.Outp.mk.inj","theorem","Kant.Codec.Outp.mk.inj","PROVEN","∀ {id name type : List Char} {value : Kant.Codec.Val} {encoding : List Char}   {claims : List Kant.Codec.Val} {certificate : Kant.Codec.Val}   {provenance : Option Kant.Codec.Prov} {id_1 name_1 type_1 : List Char} {value_1 : Kant.Codec.Val}   {encoding_1 : List Char} {claims_1 : List Kant.Codec.Val} {certificate_1 : Kant.Codec.Val}   {provenance_1 : Option Kant.Codec.Prov},   Eq       { id := id, name := name, type := type, value := value, encoding := encoding,         claims := claims, certificate := certificate, provenance := provenance }       { id := id_1, name := name_1, type := type_1, value := value_1, encoding := encoding_1,         claims := claims_1, certificate := certificate_1, provenance := provenance_1 } →     And (Eq id id_1)       (And (Eq name name_1)         (And (Eq type type_1)           (And (Eq value value_1)             (And (Eq encoding encoding_1)               (And (Eq claims claims_1)                 (And (Eq certificate certificate_1) (Eq provenance provenance_1)))))))","L1;S19;obj.Kant.Codec.Outp","O0;","L0;","L0;","L1;S28;claim.Kant.Codec.Outp.mk.inj","L0;","L1;S28;proof.Kant.Codec.Outp.mk.inj","L0;","S1011;∀ {id name type : List Char} {value : Kant.Codec.Val} {encoding : List Char}   {claims : List Kant.Codec.Val} {certificate : Kant.Codec.Val}   {provenance : Option Kant.Codec.Prov} {id_1 name_1 type_1 : List Char} {value_1 : Kant.Codec.Val}   {encoding_1 : List Char} {claims_1 : List Kant.Codec.Val} {certificate_1 : Kant.Codec.Val}   {provenance_1 : Option Kant.Codec.Prov},   Eq       { id := id, name := name, type := type, value := value, encoding := encoding,         claims := claims, certificate := certificate, provenance := provenance }       { id := id_1, name := name_1, type := type_1, value := value_1, encoding := encoding_1,         claims := claims_1, certificate := certificate_1, provenance := provenance_1 } →     And (Eq id id_1)       (And (Eq name name_1)         (And (Eq type type_1)           (And (Eq value value_1)             (And (Eq encoding encoding_1)               (And (Eq claims claims_1)                 (And (Eq certificate certificate_1) (Eq provenance provenance_1)))))))","O7;13;source_systemS5;lean411;source_fileS36;RequestProject/Kant/Codec/Model.lean13;source_formatS4;text11;imported_atI+0;14;transformed_atI+0;15;transformationsL0;13;parent_objectS0;","35f4a3ff7927c8ab5bfda63388688aa8695f5bd22007d9c929fb50a8f27b89e6"
"obj.Kant.Dom.Rel.noConfusionType","def","Kant.Dom.Rel.noConfusionType","ASSERTED","Sort v✝ → Kant.Dom.Rel → Kant.Dom.Rel → Sort v✝","L1;S24;obj.Kant.Dom.Rel.ctorIdx","O0;","L0;","L0;","L0;","L0;","L0;","L0;","S47;Sort v✝ → Kant.Dom.Rel → Kant.Dom.Rel → Sort v✝","O7;13;source_systemS5;lean411;source_fileS37;RequestProject/Kant/Domain/Model.lean13;source_formatS4;text11;imported_atI+0;14;transformed_atI+0;15;transformationsL0;13;parent_objectS0;","be82b30bc6666f09c7c341c57039e2868edb0d0ba391c57b568ca38c66c8caf8"
"obj.Kant.Diagnostics.Level.noConfusion","def","Kant.Diagnostics.Level.noConfusion","ASSERTED","{P : Sort v✝} →   {x y : Kant.Diagnostics.Level} → Eq x y → Kant.Diagnostics.Level.noConfusionType P x y","L0;","O0;","L0;","L0;","L0;","L0;","L0;","L0;","S104;{P : Sort v✝} →   {x y : Kant.Diagnostics.Level} → Eq x y → Kant.Diagnostics.Level.noConfusionType P x y","O7;13;source_systemS5;lean411;source_fileS36;RequestProject/Kant/Diagnostics.lean13;source_formatS4;text11;imported_atI+0;14;transformed_atI+63;15;transformationsL0;13;parent_objectS0;","335d455c08af8e9e78037de52b7ce1018c87aca722ae16b86173cfc86918e7eb"
"obj.Kant.Handoff.Move.pasteIn.sizeOf_spec","theorem","Kant.Handoff.Move.pasteIn.sizeOf_spec","PROVEN","Eq (Kant.Handoff.Move._sizeOf_inst.sizeOf Kant.Handoff.Move.pasteIn) 1","L0;","O0;","L0;","L0;","L1;S43;claim.Kant.Handoff.Move.pasteIn.sizeOf_spec","L0;","L1;S43;proof.Kant.Handoff.Move.pasteIn.sizeOf_spec","L0;","S70;Eq (Kant.Handoff.Move._sizeOf_inst.sizeOf Kant.Handoff.Move.pasteIn) 1","O7;13;source_systemS5;lean411;source_fileS32;RequestProject/Kant/Handoff.lean13;source_formatS4;text11;imported_atI+0;14;transformed_atI+0;15;transformationsL0;13;parent_objectS0;","9890fed46dd455267a2596bd1da7cf098941de4320ca26a03f12f117c829be83"
"obj.Kant.CardDebug.instReprWarning.repr","def","Kant.CardDebug.instReprWarning.repr","ASSERTED","Kant.CardDebug.Warning → Nat → Std.Format","L0;","O0;","L0;","L0;","L0;","L0;","L0;","L0;","S41;Kant.CardDebug.Warning → Nat → Std.Format","O7;13;source_systemS5;lean411;source_fileS34;RequestProject/Kant/CardDebug.lean13;source_formatS4;text11;imported_atI+0;14;transformed_atI+345;15;transformationsL0;13;parent_objectS0;","9d7c67f9471b230a85ce335f06cb16eddf411543ccee33845bf23a370c68ac67"
"obj.Kant.SiteCard.instDecidableEqConfig.decEq","def","Kant.SiteCard.instDecidableEqConfig.decEq","ASSERTED","(x x_1 : Kant.SiteCard.Config) → Decidable (Eq x x_1)","L0;","O0;","L0;","L0;","L0;","L0;","L0;","L0;","S53;(x x_1 : Kant.SiteCard.Config) → Decidable (Eq x x_1)","O7;13;source_systemS5;lean411;source_fileS33;RequestProject/Kant/SiteCard.lean13;source_formatS4;text11;imported_atI+0;14;transformed_atI+144;15;transformationsL0;13;parent_objectS0;","3f312d33dfa4151c064f3892de4016b72f2385075178a0b23f7dd87413ca755d"
"obj.Kant.Codec.instReprStrategy","def","Kant.Codec.instReprStrategy","ASSERTED","Repr Kant.Codec.Strategy","L0;","O0;","L0;","L0;","L0;","L0;","L0;","L0;","S24;Repr Kant.Codec.Strategy","O7;13;source_systemS5;lean411;source_fileS40;RequestProject/Kant/Codec/Reconcile.lean13;source_formatS4;text11;imported_atI+0;14;transformed_atI+282;15;transformationsL0;13;parent_objectS0;","96ed9be4271288baac2a14a75142411ddc9246e365242b340172c851d54eda17"
"obj.Kant.Codec.Verdict.noConfusion","def","Kant.Codec.Verdict.noConfusion","ASSERTED","{P : Sort v✝} → {x y : Kant.Codec.Verdict} → Eq x y → Kant.Codec.Verdict.noConfusionType P x y","L0;","O0;","L0;","L0;","L0;","L0;","L0;","L0;","S94;{P : Sort v✝} → {x y : Kant.Codec.Verdict} → Eq x y → Kant.Codec.Verdict.noConfusionType P x y","O7;13;source_systemS5;lean411;source_fileS40;RequestProject/Kant/Codec/Reconcile.lean13;source_formatS4;text11;imported_atI+0;14;transformed_atI+197;15;transformationsL0;13;parent_objectS0;","dca72b4e1191aa9e879a00c323403511afaa99bf556d9dd8a7415dcc008fc81b"
"obj.Kant.InviteCard.instReprDress.repr","def","Kant.InviteCard.instReprDress.repr","ASSERTED","Kant.InviteCard.Dress → Nat → Std.Format","L0;","O0;","L0;","L0;","L0;","L0;","L0;","L0;","S40;Kant.InviteCard.Dress → Nat → Std.Format","O7;13;source_systemS5;lean411;source_fileS35;RequestProject/Kant/InviteCard.lean13;source_formatS4;text11;imported_atI+0;14;transformed_atI+132;15;transformationsL0;13;parent_objectS0;","8c0ea8cfb0dcd54f9fa2112bebe8781c3d3b446c05459a758f4d3fe35bc02542"
"obj.Kant.Dom.proofsVal","def","Kant.Dom.proofsVal","ASSERTED","Kant.Dom.Domain → Kant.Codec.Val","L0;","O0;","L0;","L0;","L0;","L0;","L0;","L0;","S32;Kant.Dom.Domain → Kant.Codec.Val","O7;13;source_systemS5;lean411;source_fileS36;RequestProject/Kant/Domain/Emit.lean13;source_formatS4;text11;imported_atI+0;14;transformed_atI+206;15;transformationsL0;13;parent_objectS0;","edc4a041ce54fbf0ca95ed19592d5beb06371bf6952f68feac5c747d7230f719"
"obj.Kant.Connectivity.instReprReachability.repr","def","Kant.Connectivity.instReprReachability.repr","ASSERTED","Kant.Connectivity.Reachability → Nat → Std.Format","L0;","O0;","L0;","L0;","L0;","L0;","L0;","L0;","S49;Kant.Connectivity.Reachability → Nat → Std.Format","O7;13;source_systemS5;lean411;source_fileS37;RequestProject/Kant/Connectivity.lean13;source_formatS4;text11;imported_atI+0;14;transformed_atI+60;15;transformationsL0;13;parent_objectS0;","68d278dcffff24930b1aaeeb73bfb2e04f566e353a58fbd97816ddacd58f21c6"
"obj.Kant.Cli.instDecidableEqClient.decEq.match_1","def","Kant.Cli.instDecidableEqClient.decEq.match_1","ASSERTED","(motive : Kant.Cli.Client → Kant.Cli.Client → Sort u_1) →   (x x_1 : Kant.Cli.Client) →     ((a a_1 : List Char) →         (a_2 : Kant.Bytes.Blob) →           (a_3 a_4 : Nat) →             (a_5 : List Kant.Relay.Msg) →               (b b_1 : List Char) →                 (b_2 : Kant.Bytes.Blob) →                   (b_3 b_4 : Nat) →                     (b_5 : List Kant.Relay.Msg) →                       motive                         { self := a, relay := a_1, secret := a_2, seq := a_3, cursor := a_4,                           messages := a_5 }                         { self := b, relay := b_1, secret := b_2, seq := b_3, cursor := b_4,                           messages := b_5 }) →       motive x x_1","L0;","O0;","L0;","L0;","L0;","L0;","L0;","L0;","S707;(motive : Kant.Cli.Client → Kant.Cli.Client → Sort u_1) →   (x x_1 : Kant.Cli.Client) →     ((a a_1 : List Char) →         (a_2 : Kant.Bytes.Blob) →           (a_3 a_4 : Nat) →             (a_5 : List Kant.Relay.Msg) →               (b b_1 : List Char) →                 (b_2 : Kant.Bytes.Blob) →                   (b_3 b_4 : Nat) →                     (b_5 : List Kant.Relay.Msg) →                       motive                         { self := a, relay := a_1, secret := a_2, seq := a_3, cursor := a_4,                           messages := a_5 }                         { self := b, relay := b_1, secret := b_2, seq := b_3, cursor := b_4,                           messages := b_5 }) →       motive x x_1","O7;13;source_systemS5;lean411;source_fileS28;RequestProject/Kant/Cli.lean13;source_formatS4;text11;imported_atI+0;14;transformed_atI+0;15;transformationsL0;13;parent_objectS0;","7567eef0cf6bcc2a8855693f94a2f2ad933cb7816b82805cf4e31cab04ec32bf"
"obj.Kant.Dom.instDecidableEqEvid","def","Kant.Dom.instDecidableEqEvid","ASSERTED","DecidableEq Kant.Dom.Evid","L0;","O0;","L0;","L0;","L0;","L0;","L0;","L0;","S25;DecidableEq Kant.Dom.Evid","O7;13;source_systemS5;lean411;source_fileS37;RequestProject/Kant/Domain/Model.lean13;source_formatS4;text11;imported_atI+0;14;transformed_atI+64;15;transformationsL0;13;parent_objectS0;","8cedc258053658bd6b12e7bb414f6a3a5d09ca7806cec0f775ed8dcc2f0bc8f4"
"obj.Kant.Codec.csvField.eq_1","theorem","Kant.Codec.csvField.eq_1","PROVEN","∀ (s : List Char),   Eq (Kant.Codec.csvField s)     (List.cons '\""'       (instHAppendOfAppend.hAppend         (List.flatMap           (fun c =>             ite (Eq c '\""') (List.cons '\""' (List.cons '\""' List.nil)) (List.cons c List.nil))           s)         (List.cons '\""' List.nil)))","L0;","O0;","L0;","L0;","L1;S30;claim.Kant.Codec.csvField.eq_1","L0;","L1;S30;proof.Kant.Codec.csvField.eq_1","L0;","S288;∀ (s : List Char),   Eq (Kant.Codec.csvField s)     (List.cons '\""'       (instHAppendOfAppend.hAppend         (List.flatMap           (fun c =>             ite (Eq c '\""') (List.cons '\""' (List.cons '\""' List.nil)) (List.cons c List.nil))           s)         (List.cons '\""' List.nil)))","O7;13;source_systemS5;lean411;source_fileS34;RequestProject/Kant/Codec/Csv.lean13;source_formatS4;text11;imported_atI+0;14;transformed_atI+0;15;transformationsL0;13;parent_objectS0;","321acc53287c913a9dfc7b722e8983fd4145afd7f0be645c8483a0afffdd69df"
"obj.Kant.Rendezvous.parseAddrField.eq_1","theorem","Kant.Rendezvous.parseAddrField.eq_1","PROVEN","Eq (Kant.Rendezvous.parseAddrField List.nil) Option.none","L0;","O0;","L0;","L0;","L1;S41;claim.Kant.Rendezvous.parseAddrField.eq_1","L0;","L1;S41;proof.Kant.Rendezvous.parseAddrField.eq_1","L0;","S56;Eq (Kant.Rendezvous.parseAddrField List.nil) Option.none","O7;13;source_systemS5;lean411;source_fileS35;RequestProject/Kant/Rendezvous.lean13;source_formatS4;text11;imported_atI+0;14;transformed_atI+0;15;transformationsL0;13;parent_objectS0;","70fb4f216991455b735aed7f1f05a4086a258fbfa4740f8101522834ec6d4c2e"
"obj.Kant.Join.allCode_encode","theorem","Kant.Join.allCode_encode","PROVEN","∀ (e : Kant.Clipboard.Envelope), Kant.Join.AllCode e.encode","L1;S28;obj.Kant.Join.mem_joinFields","O0;","L0;","L0;","L1;S30;claim.Kant.Join.allCode_encode","L0;","L1;S30;proof.Kant.Join.allCode_encode","L0;","S59;∀ (e : Kant.Clipboard.Envelope), Kant.Join.AllCode e.encode","O7;13;source_systemS5;lean411;source_fileS29;RequestProject/Kant/Join.lean13;source_formatS4;text11;imported_atI+0;14;transformed_atI+114;15;transformationsL0;13;parent_objectS0;","a146efc935b9dd66b103ca7618bd3d394cc8fc8be3482f78704b5da3ce9cd3eb"
"obj.Kant.Onboarding.Screen.ctorElimType","def","Kant.Onboarding.Screen.ctorElimType","ASSERTED","{motive : Kant.Onboarding.Screen → Sort u} → Nat → Sort (max 1 u)","L0;","O0;","L0;","L0;","L0;","L0;","L0;","L0;","S65;{motive : Kant.Onboarding.Screen → Sort u} → Nat → Sort (max 1 u)","O7;13;source_systemS5;lean411;source_fileS35;RequestProject/Kant/Onboarding.lean13;source_formatS4;text11;imported_atI+0;14;transformed_atI+0;15;transformationsL0;13;parent_objectS0;","eda6bbe9bf734e259e6a1aa9e1c9cc326708da8512de9267f909418d605f6664"
"obj.Kant.CardDebug.Code.ctorElimType","def","Kant.CardDebug.Code.ctorElimType","ASSERTED","{motive : Kant.CardDebug.Code → Sort u} → Nat → Sort (max 1 u)","L0;","O0;","L0;","L0;","L0;","L0;","L0;","L0;","S62;{motive : Kant.CardDebug.Code → Sort u} → Nat → Sort (max 1 u)","O7;13;source_systemS5;lean411;source_fileS34;RequestProject/Kant/CardDebug.lean13;source_formatS4;text11;imported_atI+0;14;transformed_atI+0;15;transformationsL0;13;parent_objectS0;","eef5a08edd669500258504b2867d9e23c31cb18be840a45ea4179cc5a3e86101"
"obj.Kant.Dom.readTable","def","Kant.Dom.readTable","ASSERTED","List Char → Option (Prod (List (List Char)) (List (List (List Char))))","L0;","O0;","L0;","L0;","L0;","L0;","L0;","L0;","S70;List Char → Option (Prod (List (List Char)) (List (List (List Char))))","O7;13;source_systemS5;lean411;source_fileS37;RequestProject/Kant/Domain/Table.lean13;source_formatS4;text11;imported_atI+0;14;transformed_atI+191;15;transformationsL0;13;parent_objectS0;","797148f63190d47d5f08d90c21291fe2c55e4265f8b2c92f34fd4d4a8e87e784"
"obj.Kant.CardDebug.Code.page.inj","theorem","Kant.CardDebug.Code.page.inj","PROVEN","∀ {addr addr_1 : List Char},   Eq (Kant.CardDebug.Code.page addr) (Kant.CardDebug.Code.page addr_1) → Eq addr addr_1","L1;S40;obj.Kant.CardDebug.Code.page.noConfusion","O0;","L0;","L0;","L1;S34;claim.Kant.CardDebug.Code.page.inj","L0;","L1;S34;proof.Kant.CardDebug.Code.page.inj","L0;","S116;∀ {addr addr_1 : List Char},   Eq (Kant.CardDebug.Code.page addr) (Kant.CardDebug.Code.page addr_1) → Eq addr addr_1","O7;13;source_systemS5;lean411;source_fileS34;RequestProject/Kant/CardDebug.lean13;source_formatS4;text11;imported_atI+0;14;transformed_atI+0;15;transformationsL0;13;parent_objectS0;","1c8340a0135b62a18edaa7b3365ed32e605369d7631032b3bf56cd23d43092f0"
"obj.Kant.Diagnostics.Event.Wire.detail","theorem","Kant.Diagnostics.Event.Wire.detail","PROVEN","∀ {e : Kant.Diagnostics.Event}, e.Wire → Kant.Text.IsAscii e.detail","L0;","O0;","L0;","L0;","L1;S40;claim.Kant.Diagnostics.Event.Wire.detail","L0;","L1;S40;proof.Kant.Diagnostics.Event.Wire.detail","L0;","S67;∀ {e : Kant.Diagnostics.Event}, e.Wire → Kant.Text.IsAscii e.detail","O7;13;source_systemS5;lean411;source_fileS36;RequestProject/Kant/Diagnostics.lean13;source_formatS4;text11;imported_atI+0;14;transformed_atI+162;15;transformationsL0;13;parent_objectS0;","a88f14342e6b1d925a6d8a0664ee65952fab9f669eed3bc4734dfac176f66f37"
"obj.Kant.Dom.relationsTable","def","Kant.Dom.relationsTable","ASSERTED","Kant.Dom.Domain → List Char","L1;S24;obj.Kant.Dom.relationRow","O0;","L0;","L0;","L0;","L0;","L0;","L0;","S27;Kant.Dom.Domain → List Char","O7;13;source_systemS5;lean411;source_fileS37;RequestProject/Kant/Domain/Table.lean13;source_formatS4;text11;imported_atI+0;14;transformed_atI+420;15;transformationsL0;13;parent_objectS0;","53bc0d4fc7d73cdb751bdf1d1e83fcf8ca7f2c3d7e4ed631a4fde012c4aa179e"
"obj.Kant.Sheaf.instReprSection","def","Kant.Sheaf.instReprSection","ASSERTED","Repr Kant.Sheaf.Section","L0;","O0;","L0;","L0;","L0;","L0;","L0;","L0;","S23;Repr Kant.Sheaf.Section","O7;13;source_systemS5;lean411;source_fileS30;RequestProject/Kant/Sheaf.lean13;source_formatS4;text11;imported_atI+0;14;transformed_atI+153;15;transformationsL0;13;parent_objectS0;","762e6edf96c29c9817131e95ae8c0e5b43cf61b931fd919e71b945fe53ab9b61"
"obj.Kant.Clipboard.Copyable","inductive","Kant.Clipboard.Copyable","ASSERTED","Kant.Paste → Prop","L0;","O0;","L0;","L0;","L0;","L0;","L0;","L0;","S17;Kant.Paste → Prop","O7;13;source_systemS5;lean411;source_fileS34;RequestProject/Kant/Clipboard.lean13;source_formatS4;text11;imported_atI+0;14;transformed_atI+162;15;transformationsL0;13;parent_objectS0;","2d817ff2caf32e2a3fc9b4762b11543deb1344f5d3a6c3a4e072c4bc5c20f3a7"
"obj.Kant.Codec.Severity","inductive","Kant.Codec.Severity","ASSERTED","Type","L0;","O0;","L0;","L0;","L0;","L0;","L0;","L0;","S4;Type","O7;13;source_systemS5;lean411;source_fileS36;RequestProject/Kant/Codec/Model.lean13;source_formatS4;text11;imported_atI+0;14;transformed_atI+46;15;transformationsL0;13;parent_objectS0;","989995aa068dd3cc1da492cd43029c5f1f5279cb62e448f2a908cd79f9f49905"
"obj.Kant.Codec.MinProfile.id","def","Kant.Codec.MinProfile.id","ASSERTED","Kant.Codec.MinProfile → List Char","L0;","O0;","L0;","L0;","L0;","L0;","L0;","L0;","S33;Kant.Codec.MinProfile → List Char","O7;13;source_systemS5;lean411;source_fileS36;RequestProject/Kant/Codec/Model.lean13;source_formatS4;text11;imported_atI+0;14;transformed_atI+566;15;transformationsL0;13;parent_objectS0;","46fbdc38255e93181bcc31c169bc96c352bfa70a303c8a462497b889d19e44a1"
"obj.Kant.Diagnostics.Report.casesOn","def","Kant.Diagnostics.Report.casesOn","ASSERTED","{motive : Kant.Diagnostics.Report → Sort u} →   (t : Kant.Diagnostics.Report) →     ((verdict : Kant.Connectivity.Verdict) →         (room relay : List Char) →           (events : List Kant.Diagnostics.Event) →             motive { verdict := verdict, room := room, relay := relay, events := events }) →       motive t","L0;","O0;","L0;","L0;","L0;","L0;","L0;","L0;","S318;{motive : Kant.Diagnostics.Report → Sort u} →   (t : Kant.Diagnostics.Report) →     ((verdict : Kant.Connectivity.Verdict) →         (room relay : List Char) →           (events : List Kant.Diagnostics.Event) →             motive { verdict := verdict, room := room, relay := relay, events := events }) →       motive t","O7;13;source_systemS5;lean411;source_fileS36;RequestProject/Kant/Diagnostics.lean13;source_formatS4;text11;imported_atI+0;14;transformed_atI+482;15;transformationsL0;13;parent_objectS0;","5f224ba6d4d4cc471cdd8f4570b1262cbdc0115f8812ab5dcf3ac806c1d331f2"
"obj.Kant.Dom.Wf.proofsNodup","theorem","Kant.Dom.Wf.proofsNodup","PROVEN","∀ {d : Kant.Dom.Domain}, Kant.Dom.Wf d → (List.map Kant.Dom.ProofRec.id d.proofs).Nodup","L1;S15;obj.Kant.Dom.Id","O0;","L0;","L0;","L1;S29;claim.Kant.Dom.Wf.proofsNodup","L0;","L1;S29;proof.Kant.Dom.Wf.proofsNodup","L0;","S87;∀ {d : Kant.Dom.Domain}, Kant.Dom.Wf d → (List.map Kant.Dom.ProofRec.id d.proofs).Nodup","O7;13;source_systemS5;lean411;source_fileS38;RequestProject/Kant/Domain/Ledger.lean13;source_formatS4;text11;imported_atI+0;14;transformed_atI+295;15;transformationsL0;13;parent_objectS0;","5c2204887973acd230ce7dc6714aaabd4096392149509e54732ba0aabfe55e5f"
"obj.Kant.Paste.noConfusionType","def","Kant.Paste.noConfusionType","ASSERTED","Sort u → Kant.Paste → Kant.Paste → Sort u","L0;","O0;","L0;","L0;","L0;","L0;","L0;","L0;","S41;Sort u → Kant.Paste → Kant.Paste → Sort u","O7;13;source_systemS5;lean411;source_fileS30;RequestProject/Kant/Paste.lean13;source_formatS4;text11;imported_atI+0;14;transformed_atI+0;15;transformationsL0;13;parent_objectS0;","21b07bdcebed493f3f86fb7beb64d05434f46d1d4a8f7edda54b3d3d3de49cc2"
"obj.Kant.CardDebug.pair_not_connectable_of_card_right","theorem","Kant.CardDebug.pair_not_connectable_of_card_right","PROVEN","∀ {x y : List Char} {k : Kant.SiteCard.Card},   Eq (Kant.CardDebug.classify y) (Kant.CardDebug.Code.card k) →     Ne (Kant.CardDebug.pair x y) Kant.CardDebug.Pairing.connectable","L0;","O0;","L0;","L0;","L1;S55;claim.Kant.CardDebug.pair_not_connectable_of_card_right","L0;","L1;S55;proof.Kant.CardDebug.pair_not_connectable_of_card_right","L0;","S177;∀ {x y : List Char} {k : Kant.SiteCard.Card},   Eq (Kant.CardDebug.classify y) (Kant.CardDebug.Code.card k) →     Ne (Kant.CardDebug.pair x y) Kant.CardDebug.Pairing.connectable","O7;13;source_systemS5;lean411;source_fileS34;RequestProject/Kant/CardDebug.lean13;source_formatS4;text11;imported_atI+0;14;transformed_atI+224;15;transformationsL0;13;parent_objectS0;","5aa655cf25c332c944b476c28f1c35e6a5c207dc9cf52b23ed37b9f4fb10b8e0"
"obj.Kant.Wasm.Instr.casesOn","def","Kant.Wasm.Instr.casesOn","ASSERTED","{motive : Kant.Wasm.Instr → Sort u} →   (t : Kant.Wasm.Instr) →     ((n : Nat) → motive (Kant.Wasm.Instr.i64const n)) →       ((i : Nat) → motive (Kant.Wasm.Instr.localGet i)) →         ((op : Kant.Wasm.BinOp) → motive (Kant.Wasm.Instr.binop op)) →           ((op : Kant.Wasm.CmpOp) → motive (Kant.Wasm.Instr.cmpop op)) →             motive Kant.Wasm.Instr.extendU → motive t","L0;","O0;","L0;","L0;","L0;","L0;","L0;","L0;","S375;{motive : Kant.Wasm.Instr → Sort u} →   (t : Kant.Wasm.Instr) →     ((n : Nat) → motive (Kant.Wasm.Instr.i64const n)) →       ((i : Nat) → motive (Kant.Wasm.Instr.localGet i)) →         ((op : Kant.Wasm.BinOp) → motive (Kant.Wasm.Instr.binop op)) →           ((op : Kant.Wasm.CmpOp) → motive (Kant.Wasm.Instr.cmpop op)) →             motive Kant.Wasm.Instr.extendU → motive t","O7;13;source_systemS5;lean411;source_fileS31;RequestProject/Wasm/Syntax.lean13;source_formatS4;text11;imported_atI+0;14;transformed_atI+35;15;transformationsL0;13;parent_objectS0;","72c45fe8d55b0b491eee5b99e4e1a906ceb427385968a8336d7b865790490cd0"
"obj.Kant.Demo.staticHost","def","Kant.Demo.staticHost","ASSERTED","Kant.Connectivity.Reachability","L0;","O0;","L0;","L0;","L0;","L0;","L0;","L0;","S30;Kant.Connectivity.Reachability","O7;13;source_systemS5;lean411;source_fileS29;RequestProject/Kant/Demo.lean13;source_formatS4;text11;imported_atI+0;14;transformed_atI+641;15;transformationsL0;13;parent_objectS0;","12ff65841ed132d7e8867f132c107604098d36ec0ee2b4bdf3d2a7785ed38fea"
"obj.Kant.Dom.emit.match_1","def","Kant.Dom.emit.match_1","ASSERTED","(motive : Kant.Codec.Fmt → Kant.Dom.Domain → Sort u_1) →   (x : Kant.Codec.Fmt) →     (x_1 : Kant.Dom.Domain) →       ((d : Kant.Dom.Domain) → motive Kant.Codec.Fmt.text d) →         ((f : Kant.Codec.Fmt) → (d : Kant.Dom.Domain) → motive f d) → motive x x_1","L0;","O0;","L0;","L0;","L0;","L0;","L0;","L0;","S257;(motive : Kant.Codec.Fmt → Kant.Dom.Domain → Sort u_1) →   (x : Kant.Codec.Fmt) →     (x_1 : Kant.Dom.Domain) →       ((d : Kant.Dom.Domain) → motive Kant.Codec.Fmt.text d) →         ((f : Kant.Codec.Fmt) → (d : Kant.Dom.Domain) → motive f d) → motive x x_1","O7;13;source_systemS5;lean411;source_fileS36;RequestProject/Kant/Domain/Emit.lean13;source_formatS4;text11;imported_atI+0;14;transformed_atI+0;15;transformationsL0;13;parent_objectS0;","e759604a799eac9353c8694a3867cef0823dda0373ec67197096b81c8fb13f36"
"obj.Kant.Sneakernet.Channel.torrentPiece.sizeOf_spec","theorem","Kant.Sneakernet.Channel.torrentPiece.sizeOf_spec","PROVEN","Eq (Kant.Sneakernet.Channel._sizeOf_inst.sizeOf Kant.Sneakernet.Channel.torrentPiece) 1","L0;","O0;","L0;","L0;","L1;S54;claim.Kant.Sneakernet.Channel.torrentPiece.sizeOf_spec","L0;","L1;S54;proof.Kant.Sneakernet.Channel.torrentPiece.sizeOf_spec","L0;","S87;Eq (Kant.Sneakernet.Channel._sizeOf_inst.sizeOf Kant.Sneakernet.Channel.torrentPiece) 1","O7;13;source_systemS5;lean411;source_fileS35;RequestProject/Kant/Sneakernet.lean13;source_formatS4;text11;imported_atI+0;14;transformed_atI+0;15;transformationsL0;13;parent_objectS0;","07cd5a709bbee27b70a52e96e3cfa1e861b5969bb28f5b61cff3f08a098ac9ce"
"obj.Kant.Rendezvous.Announce.Wire.peer","theorem","Kant.Rendezvous.Announce.Wire.peer","PROVEN","∀ {a : Kant.Rendezvous.Announce}, a.Wire → Kant.Text.IsAscii a.peer","L0;","O0;","L0;","L0;","L1;S40;claim.Kant.Rendezvous.Announce.Wire.peer","L0;","L1;S40;proof.Kant.Rendezvous.Announce.Wire.peer","L0;","S67;∀ {a : Kant.Rendezvous.Announce}, a.Wire → Kant.Text.IsAscii a.peer","O7;13;source_systemS5;lean411;source_fileS35;RequestProject/Kant/Rendezvous.lean13;source_formatS4;text11;imported_atI+0;14;transformed_atI+138;15;transformationsL0;13;parent_objectS0;","1d65230fd39d08192e0a291b2f9fd286bed28e2f2928d903865be5f4142a7c40"
"obj.Kant.Rendezvous.Address.casesOn","def","Kant.Rendezvous.Address.casesOn","ASSERTED","{motive : Kant.Rendezvous.Address → Sort u} →   (t : Kant.Rendezvous.Address) →     ((transport : Kant.Sync.Source) →         (locator : List Char) → motive { transport := transport, locator := locator }) →       motive t","L0;","O0;","L0;","L0;","L0;","L0;","L0;","L0;","S221;{motive : Kant.Rendezvous.Address → Sort u} →   (t : Kant.Rendezvous.Address) →     ((transport : Kant.Sync.Source) →         (locator : List Char) → motive { transport := transport, locator := locator }) →       motive t","O7;13;source_systemS5;lean411;source_fileS35;RequestProject/Kant/Rendezvous.lean13;source_formatS4;text11;imported_atI+0;14;transformed_atI+54;15;transformationsL0;13;parent_objectS0;","27d6dc82f6bb2cac9cb36c4816c0775ff4e39e827dea6592ac46ddd493836cc5"
"obj.Kant.Codec.RawDoc.casesOn","def","Kant.Codec.RawDoc.casesOn","ASSERTED","{motive : Kant.Codec.RawDoc → Sort u} →   (t : Kant.Codec.RawDoc) →     ((text encoding : List Char) →         (lines : List (List Char)) →           (detected : List Kant.Codec.Extract) →             (confidence : Nat) →               motive                 { text := text, encoding := encoding, lines := lines, detected := detected,                   confidence := confidence }) →       motive t","L1;S22;obj.Kant.Codec.Extract","O0;","L0;","L0;","L0;","L0;","L0;","L0;","S397;{motive : Kant.Codec.RawDoc → Sort u} →   (t : Kant.Codec.RawDoc) →     ((text encoding : List Char) →         (lines : List (List Char)) →           (detected : List Kant.Codec.Extract) →             (confidence : Nat) →               motive                 { text := text, encoding := encoding, lines := lines, detected := detected,                   confidence := confidence }) →       motive t","O7;13;source_systemS5;lean411;source_fileS38;RequestProject/Kant/Codec/RawText.lean13;source_formatS4;text11;imported_atI+0;14;transformed_atI+96;15;transformationsL0;13;parent_objectS0;","6dd7fb374b24fdf36a8603ef04596ac06bf3a3c19efd51f99ba910cd70de81a6"
"obj.Kant.Codec.Prov.noConfusion","def","Kant.Codec.Prov.noConfusion","ASSERTED","{P : Sort u} → {t t' : Kant.Codec.Prov} → Eq t t' → Kant.Codec.Prov.noConfusionType P t t'","L0;","O0;","L0;","L0;","L0;","L0;","L0;","L0;","S90;{P : Sort u} → {t t' : Kant.Codec.Prov} → Eq t t' → Kant.Codec.Prov.noConfusionType P t t'","O7;13;source_systemS5;lean411;source_fileS36;RequestProject/Kant/Codec/Model.lean13;source_formatS4;text11;imported_atI+0;14;transformed_atI+321;15;transformationsL0;13;parent_objectS0;","b3a49e857ad9694ef26014e79d05ae497c72b7091c2d1648dfc95feaa4346453"
"obj.Kant.Codec.Extract","inductive","Kant.Codec.Extract","ASSERTED","Type","L0;","O0;","L0;","L0;","L0;","L0;","L0;","L0;","S4;Type","O7;13;source_systemS5;lean411;source_fileS38;RequestProject/Kant/Codec/RawText.lean13;source_formatS4;text11;imported_atI+0;14;transformed_atI+85;15;transformationsL0;13;parent_objectS0;","834d60e5bb050aa97e7a2b1938f75f16570a8832d9415003fb536154ad256470"
"obj.Kant.Codec.recoverFields.eq_1","theorem","Kant.Codec.recoverFields.eq_1","PROVEN","Eq (Kant.Codec.recoverFields List.nil) (Option.some List.nil)","L1;S19;obj.Kant.Codec.Ipdl","O0;","L0;","L0;","L1;S35;claim.Kant.Codec.recoverFields.eq_1","L0;","L1;S35;proof.Kant.Codec.recoverFields.eq_1","L0;","S61;Eq (Kant.Codec.recoverFields List.nil) (Option.some List.nil)","O7;13;source_systemS5;lean411;source_fileS35;RequestProject/Kant/Codec/Ipdl.lean13;source_formatS4;text11;imported_atI+0;14;transformed_atI+0;15;transformationsL0;13;parent_objectS0;","87e00dcf416802dcb8a25c45c9c4d93f415d8fe4ff0d2ae2bc33248b36febcc5"
"obj.Kant.Codec.xList.eq_def","theorem","Kant.Codec.xList.eq_def","PROVEN","∀ (x : Nat) (x_1 : List Char),   Eq (Kant.Codec.xList x x_1)     (Kant.Codec.xVal.match_3 (fun x x_2 => Option (Prod (List Kant.Codec.Val) (List Char))) x x_1       (fun x => Option.none) fun fuel s =>       Kant.Codec.xVal.match_1 (fun x => Option (Prod (List Kant.Codec.Val) (List Char)))         (Kant.Codec.stripPrefix Kant.Codec.xListClose s)         (fun r => Option.some { fst := List.nil, snd := r }) fun _ =>         Kant.Codec.xList.match_1 (fun x => Option (Prod (List Kant.Codec.Val) (List Char)))           (Kant.Codec.xVal fuel s)           (fun v r =>             Option.map (fun p => { fst := List.cons v p.fst, snd := p.snd })               (Kant.Codec.xList fuel r))           fun _ => Option.none)","L1;S25;obj.Kant.Codec.xListClose","O0;","L0;","L0;","L1;S29;claim.Kant.Codec.xList.eq_def","L0;","L1;S29;proof.Kant.Codec.xList.eq_def","L0;","S716;∀ (x : Nat) (x_1 : List Char),   Eq (Kant.Codec.xList x x_1)     (Kant.Codec.xVal.match_3 (fun x x_2 => Option (Prod (List Kant.Codec.Val) (List Char))) x x_1       (fun x => Option.none) fun fuel s =>       Kant.Codec.xVal.match_1 (fun x => Option (Prod (List Kant.Codec.Val) (List Char)))         (Kant.Codec.stripPrefix Kant.Codec.xListClose s)         (fun r => Option.some { fst := List.nil, snd := r }) fun _ =>         Kant.Codec.xList.match_1 (fun x => Option (Prod (List Kant.Codec.Val) (List Char)))           (Kant.Codec.xVal fuel s)           (fun v r =>             Option.map (fun p => { fst := List.cons v p.fst, snd := p.snd })               (Kant.Codec.xList fuel r))           fun _ => Option.none)","O7;13;source_systemS5;lean411;source_fileS34;RequestProject/Kant/Codec/Xml.lean13;source_formatS4;text11;imported_atI+0;14;transformed_atI+0;15;transformationsL0;13;parent_objectS0;","9796b511d1cdb49cfa5d75e9cb388a4fdd37a20c3bcb56aa842b2fad2ed97c9d"
"obj.Kant.Diagnostics.newline_not_mem_encode","theorem","Kant.Diagnostics.newline_not_mem_encode","PROVEN","∀ (e : Kant.Clipboard.Envelope), Not (List.instMembership.mem e.encode '\n')","L0;","O0;","L0;","L0;","L1;S45;claim.Kant.Diagnostics.newline_not_mem_encode","L0;","L1;S45;proof.Kant.Diagnostics.newline_not_mem_encode","L0;","S76;∀ (e : Kant.Clipboard.Envelope), Not (List.instMembership.mem e.encode '\n')","O7;13;source_systemS5;lean411;source_fileS36;RequestProject/Kant/Diagnostics.lean13;source_formatS4;text11;imported_atI+0;14;transformed_atI+332;15;transformationsL0;13;parent_objectS0;","ee8c2906f2f0bc3c5fc0ef12aa9f0aff645ffb5520b053fa1f801312faf281dd"
"obj.Kant.Dom.Coverage.unproven.sizeOf_spec","theorem","Kant.Dom.Coverage.unproven.sizeOf_spec","PROVEN","Eq (Kant.Dom.Coverage._sizeOf_inst.sizeOf Kant.Dom.Coverage.unproven) 1","L1;S21;obj.Kant.Dom.Coverage","O0;","L0;","L0;","L1;S44;claim.Kant.Dom.Coverage.unproven.sizeOf_spec","L0;","L1;S44;proof.Kant.Dom.Coverage.unproven.sizeOf_spec","L0;","S71;Eq (Kant.Dom.Coverage._sizeOf_inst.sizeOf Kant.Dom.Coverage.unproven) 1","O7;13;source_systemS5;lean411;source_fileS37;RequestProject/Kant/Domain/Model.lean13;source_formatS4;text11;imported_atI+0;14;transformed_atI+0;15;transformationsL0;13;parent_objectS0;","5784b9c83fc12084065bea057045e24776ee2702dbbdb9cadde095f05337be8d"
"obj.Kant.Codec.Status.unknown.sizeOf_spec","theorem","Kant.Codec.Status.unknown.sizeOf_spec","PROVEN","Eq (Kant.Codec.Status._sizeOf_inst.sizeOf Kant.Codec.Status.unknown) 1","L0;","O0;","L0;","L0;","L1;S43;claim.Kant.Codec.Status.unknown.sizeOf_spec","L0;","L1;S43;proof.Kant.Codec.Status.unknown.sizeOf_spec","L0;","S70;Eq (Kant.Codec.Status._sizeOf_inst.sizeOf Kant.Codec.Status.unknown) 1","O7;13;source_systemS5;lean411;source_fileS36;RequestProject/Kant/Codec/Model.lean13;source_formatS4;text11;imported_atI+0;14;transformed_atI+0;15;transformationsL0;13;parent_objectS0;","ab7c09f3c9519efcf218f3867f9feebfcf74d97c99bbb242d6a6208a7fa9cd85"
"obj.Kant.Uucp.Carrier.capacity_pos","theorem","Kant.Uucp.Carrier.capacity_pos","PROVEN","∀ (c : Kant.Uucp.Carrier), instLTNat.lt 0 c.capacity","L0;","O0;","L0;","L0;","L1;S36;claim.Kant.Uucp.Carrier.capacity_pos","L0;","L1;S36;proof.Kant.Uucp.Carrier.capacity_pos","L0;","S52;∀ (c : Kant.Uucp.Carrier), instLTNat.lt 0 c.capacity","O7;13;source_systemS5;lean411;source_fileS29;RequestProject/Kant/Uucp.lean13;source_formatS4;text11;imported_atI+0;14;transformed_atI+80;15;transformationsL0;13;parent_objectS0;","d6fed795c1530c5692b5ee4d6a7d3ac1d287b7472c416880346b8e78f655165b"
"obj.Kant.Clipboard.fragment","def","Kant.Clipboard.fragment","ASSERTED","List Char → List Char","L0;","O0;","L0;","L0;","L0;","L0;","L0;","L0;","S21;List Char → List Char","O7;13;source_systemS5;lean411;source_fileS34;RequestProject/Kant/Clipboard.lean13;source_formatS4;text11;imported_atI+0;14;transformed_atI+349;15;transformationsL0;13;parent_objectS0;","6301b448e41810d5c0f5d5e254654ad258bed04fd8872427594f4ccebd89b624"
"obj.Kant.Diagnostics.Report.mk.injEq","theorem","Kant.Diagnostics.Report.mk.injEq","PROVEN","∀ (verdict : Kant.Connectivity.Verdict) (room relay : List Char)   (events : List Kant.Diagnostics.Event) (verdict_1 : Kant.Connectivity.Verdict)   (room_1 relay_1 : List Char) (events_1 : List Kant.Diagnostics.Event),   Eq     (Eq { verdict := verdict, room := room, relay := relay, events := events }       { verdict := verdict_1, room := room_1, relay := relay_1, events := events_1 })     (And (Eq verdict verdict_1)       (And (Eq room room_1) (And (Eq relay relay_1) (Eq events events_1))))","L0;","O0;","L0;","L0;","L1;S38;claim.Kant.Diagnostics.Report.mk.injEq","L0;","L1;S38;proof.Kant.Diagnostics.Report.mk.injEq","L0;","S496;∀ (verdict : Kant.Connectivity.Verdict) (room relay : List Char)   (events : List Kant.Diagnostics.Event) (verdict_1 : Kant.Connectivity.Verdict)   (room_1 relay_1 : List Char) (events_1 : List Kant.Diagnostics.Event),   Eq     (Eq { verdict := verdict, room := room, relay := relay, events := events }       { verdict := verdict_1, room := room_1, relay := relay_1, events := events_1 })     (And (Eq verdict verdict_1)       (And (Eq room room_1) (And (Eq relay relay_1) (Eq events events_1))))","O7;13;source_systemS5;lean411;source_fileS36;RequestProject/Kant/Diagnostics.lean13;source_formatS4;text11;imported_atI+0;14;transformed_atI+0;15;transformationsL0;13;parent_objectS0;","55a49a07eec903d100145827262746eed5853d448cb7b74b921d99068154b5c8"
"obj.Kant.Dasl.harmonicSlide_valid","theorem","Kant.Dasl.harmonicSlide_valid","PROVEN","∀ (i j : Nat), (Kant.Dasl.harmonicSlide i j).valid","L0;","O0;","L0;","L0;","L1;S35;claim.Kant.Dasl.harmonicSlide_valid","L0;","L1;S35;proof.Kant.Dasl.harmonicSlide_valid","L0;","S50;∀ (i j : Nat), (Kant.Dasl.harmonicSlide i j).valid","O7;13;source_systemS5;lean411;source_fileS29;RequestProject/Kant/Dasl.lean13;source_formatS4;text11;imported_atI+0;14;transformed_atI+320;15;transformationsL0;13;parent_objectS0;","80ff7fcbcb39e2bf1e20965d367dd524830d8d56f5b5280573afe9ee6541e81a"
"obj.Kant.Codec.readStr.match_1","def","Kant.Codec.readStr.match_1","ASSERTED","(motive : Option (Prod Nat (List Char)) → Sort u_1) →   (x : Option (Prod Nat (List Char))) →     ((n : Nat) → (r : List Char) → motive (Option.some { fst := n, snd := r })) →       (Unit → motive Option.none) → motive x","L0;","O0;","L0;","L0;","L0;","L0;","L0;","L0;","S220;(motive : Option (Prod Nat (List Char)) → Sort u_1) →   (x : Option (Prod Nat (List Char))) →     ((n : Nat) → (r : List Char) → motive (Option.some { fst := n, snd := r })) →       (Unit → motive Option.none) → motive x","O7;13;source_systemS5;lean411;source_fileS34;RequestProject/Kant/Codec/Val.lean13;source_formatS4;text11;imported_atI+0;14;transformed_atI+0;15;transformationsL0;13;parent_objectS0;","d7ae2634fefc491872bf907cc55225bba82664a9e0940b5e3223477a4321ed81"
"obj.Kant.SiteCard.breakAt","def","Kant.SiteCard.breakAt","ASSERTED","Char → List Char → Option (Prod (List Char) (List Char))","L0;","O0;","L0;","L0;","L0;","L0;","L0;","L0;","S56;Char → List Char → Option (Prod (List Char) (List Char))","O7;13;source_systemS5;lean411;source_fileS33;RequestProject/Kant/SiteCard.lean13;source_formatS4;text11;imported_atI+0;14;transformed_atI+105;15;transformationsL0;13;parent_objectS0;","2a26f310fa4579475d9a9196d2607f94b6baffa61d8f241db9a075c413a7a6aa"
"obj.Kant.Dom.ProofRec.casesOn","def","Kant.Dom.ProofRec.casesOn","ASSERTED","{motive : Kant.Dom.ProofRec → Sort u} →   (t : Kant.Dom.ProofRec) →     ((id : Kant.Dom.Id) →         (name kind sourceFile sourceLoc : List Char) →           (inputRefs assumptions : List Kant.Dom.Id) →             (procedure : List Char) →               (outputRefs claimRefs dependsOn : List Kant.Dom.Id) →                 (status : Kant.Dom.PStatus) →                   (certificate : Option Kant.Dom.Cert) →                     (source : List Char) →                       (provenance : Option Kant.Codec.Prov) →                         motive                           { id := id, name := name, kind := kind, sourceFile := sourceFile,                             sourceLoc := sourceLoc, inputRefs := inputRefs,                             assumptions := assumptions, procedure := procedure,                             outputRefs := outputRefs, claimRefs := claimRefs,                             dependsOn := dependsOn, status := status, certificate := certificate,                             source := source, provenance := provenance }) →       motive t","L1;S15;obj.Kant.Dom.Id","O0;","L0;","L0;","L0;","L0;","L0;","L0;","S1063;{motive : Kant.Dom.ProofRec → Sort u} →   (t : Kant.Dom.ProofRec) →     ((id : Kant.Dom.Id) →         (name kind sourceFile sourceLoc : List Char) →           (inputRefs assumptions : List Kant.Dom.Id) →             (procedure : List Char) →               (outputRefs claimRefs dependsOn : List Kant.Dom.Id) →                 (status : Kant.Dom.PStatus) →                   (certificate : Option Kant.Dom.Cert) →                     (source : List Char) →                       (provenance : Option Kant.Codec.Prov) →                         motive                           { id := id, name := name, kind := kind, sourceFile := sourceFile,                             sourceLoc := sourceLoc, inputRefs := inputRefs,                             assumptions := assumptions, procedure := procedure,                             outputRefs := outputRefs, claimRefs := claimRefs,                             dependsOn := dependsOn, status := status, certificate := certificate,                             source := source, provenance := provenance }) →       motive t","O7;13;source_systemS5;lean411;source_fileS37;RequestProject/Kant/Domain/Model.lean13;source_formatS4;text11;imported_atI+0;14;transformed_atI+354;15;transformationsL0;13;parent_objectS0;","a7561a981c2f0c392a9703bf3bd581c6d673f93b8e6f3f0b71fb51403dc4d8d8"
"obj.Kant.Demo.samplePaste","def","Kant.Demo.samplePaste","ASSERTED","Kant.Paste","L0;","O0;","L0;","L0;","L0;","L0;","L0;","L0;","S10;Kant.Paste","O7;13;source_systemS5;lean411;source_fileS29;RequestProject/Kant/Demo.lean13;source_formatS4;text11;imported_atI+0;14;transformed_atI+55;15;transformationsL0;13;parent_objectS0;","fea2c4aff75e84eaa4d2c6fec7eb00ed6e68ddc1bcf03a64e16fadc2360ef967"
"obj.Kant.PlainText.instDecidableEqMeta","def","Kant.PlainText.instDecidableEqMeta","ASSERTED","DecidableEq Kant.PlainText.Meta","L0;","O0;","L0;","L0;","L0;","L0;","L0;","L0;","S31;DecidableEq Kant.PlainText.Meta","O7;13;source_systemS5;lean411;source_fileS34;RequestProject/Kant/PlainText.lean13;source_formatS4;text11;imported_atI+0;14;transformed_atI+96;15;transformationsL0;13;parent_objectS0;","736da93acc9646c3b968b00fcc9deaf0b0eac00fe60c2869924758c04eaf3516"
"obj.Kant.Handoff.codes_script_isAscii","theorem","Kant.Handoff.codes_script_isAscii","PROVEN","∀ (a b : Kant.Uucp.Node) (c : List Char),   List.instMembership.mem (Kant.Handoff.codes (Kant.Handoff.script a b)) c → Kant.Text.IsAscii c","L0;","O0;","L0;","L0;","L1;S39;claim.Kant.Handoff.codes_script_isAscii","L0;","L1;S39;proof.Kant.Handoff.codes_script_isAscii","L0;","S138;∀ (a b : Kant.Uucp.Node) (c : List Char),   List.instMembership.mem (Kant.Handoff.codes (Kant.Handoff.script a b)) c → Kant.Text.IsAscii c","O7;13;source_systemS5;lean411;source_fileS32;RequestProject/Kant/Handoff.lean13;source_formatS4;text11;imported_atI+0;14;transformed_atI+105;15;transformationsL0;13;parent_objectS0;","f31c7b5dfca241692bfe28aae941e946d63a9c41e8e2b38364f827f0fa59b140"
"obj.Kant.Cli.Cmd.open.inj","theorem","Kant.Cli.Cmd.open.inj","PROVEN","∀ {relay relay_1 : List Char},   Eq (Kant.Cli.Cmd.open relay) (Kant.Cli.Cmd.open relay_1) → Eq relay relay_1","L0;","O0;","L0;","L0;","L1;S27;claim.Kant.Cli.Cmd.open.inj","L0;","L1;S27;proof.Kant.Cli.Cmd.open.inj","L0;","S108;∀ {relay relay_1 : List Char},   Eq (Kant.Cli.Cmd.open relay) (Kant.Cli.Cmd.open relay_1) → Eq relay relay_1","O7;13;source_systemS5;lean411;source_fileS28;RequestProject/Kant/Cli.lean13;source_formatS4;text11;imported_atI+0;14;transformed_atI+0;15;transformationsL0;13;parent_objectS0;","df1e088d482190e63f7e02358cd187e11cbb477b05230d2062b41febd686c05b"
"obj.Kant.Codec.readCsvCell.eq_2","theorem","Kant.Codec.readCsvCell.eq_2","PROVEN","∀ (sep : Char) (x : List Char),   (∀ (s : List Char), Eq x (List.cons '\""' s) → False) →     Eq (Kant.Codec.readCsvCell sep x) Option.none","L0;","O0;","L0;","L0;","L1;S33;claim.Kant.Codec.readCsvCell.eq_2","L0;","L1;S33;proof.Kant.Codec.readCsvCell.eq_2","L0;","S138;∀ (sep : Char) (x : List Char),   (∀ (s : List Char), Eq x (List.cons '\""' s) → False) →     Eq (Kant.Codec.readCsvCell sep x) Option.none","O7;13;source_systemS5;lean411;source_fileS34;RequestProject/Kant/Codec/Csv.lean13;source_formatS4;text11;imported_atI+0;14;transformed_atI+0;15;transformationsL0;13;parent_objectS0;","55d2dc20b90e75ab6daa36966ff766d8be750c57779f2a01d7328090f732474e"
"obj.Kant.Wasm.Decode.RawModule.recOn","def","Kant.Wasm.Decode.RawModule.recOn","ASSERTED","{motive : Kant.Wasm.Decode.RawModule → Sort u} →   (t : Kant.Wasm.Decode.RawModule) →     ((arities funcIdx : List Nat) →         (exports : List (Prod Kant.Wasm.Decode.Bytes Nat)) →           (codes : List (List Kant.Wasm.Decode.RawInstr)) →             motive { arities := arities, funcIdx := funcIdx, exports := exports, codes := codes }) →       motive t","L0;","O0;","L0;","L0;","L0;","L0;","L0;","L0;","S358;{motive : Kant.Wasm.Decode.RawModule → Sort u} →   (t : Kant.Wasm.Decode.RawModule) →     ((arities funcIdx : List Nat) →         (exports : List (Prod Kant.Wasm.Decode.Bytes Nat)) →           (codes : List (List Kant.Wasm.Decode.RawInstr)) →             motive { arities := arities, funcIdx := funcIdx, exports := exports, codes := codes }) →       motive t","O7;13;source_systemS5;lean411;source_fileS31;RequestProject/Wasm/Decode.lean13;source_formatS4;text11;imported_atI+0;14;transformed_atI+59;15;transformationsL0;13;parent_objectS0;","640eff97cc5881e8c401445c9ec29d93f07fbc765310d17e08bd0dcec5325b49"
"obj.Kant.Dom.LedgerRow.objectHash","def","Kant.Dom.LedgerRow.objectHash","ASSERTED","Kant.Dom.LedgerRow → List Char","L1;S22;obj.Kant.Dom.LedgerRow","O0;","L0;","L0;","L0;","L0;","L0;","L0;","S30;Kant.Dom.LedgerRow → List Char","O7;13;source_systemS5;lean411;source_fileS38;RequestProject/Kant/Domain/Ledger.lean13;source_formatS4;text11;imported_atI+0;14;transformed_atI+147;15;transformationsL0;13;parent_objectS0;","eddfa1481e07b9459aef121408a7c54a365b76c10dfb907fc0c76f3e53c9cf54"
"obj.Kant.Repost.readCard","def","Kant.Repost.readCard","ASSERTED","List Char → Option Kant.Clipboard.Envelope","L0;","O0;","L0;","L0;","L0;","L0;","L0;","L0;","S42;List Char → Option Kant.Clipboard.Envelope","O7;13;source_systemS5;lean411;source_fileS31;RequestProject/Kant/Repost.lean13;source_formatS4;text11;imported_atI+0;14;transformed_atI+173;15;transformationsL0;13;parent_objectS0;","735be4569a9b3c126155a89844cad64d6a82708bb1102d54ad37759bd133fd8f"
"obj.Kant.Uucp.Carrier.capacity.eq_1","theorem","Kant.Uucp.Carrier.capacity.eq_1","PROVEN","Eq Kant.Uucp.Carrier.tweet.capacity 280","L0;","O0;","L0;","L0;","L1;S37;claim.Kant.Uucp.Carrier.capacity.eq_1","L0;","L1;S37;proof.Kant.Uucp.Carrier.capacity.eq_1","L0;","S39;Eq Kant.Uucp.Carrier.tweet.capacity 280","O7;13;source_systemS5;lean411;source_fileS29;RequestProject/Kant/Uucp.lean13;source_formatS4;text11;imported_atI+0;14;transformed_atI+0;15;transformationsL0;13;parent_objectS0;","c48ee8f85dd4f016ad1c452afa061289767537dee81e65302606447c59e90323"
"obj.Kant.Sneakernet.frames_seq","theorem","Kant.Sneakernet.frames_seq","PROVEN","∀ (limit : Nat) (data : Kant.Bytes.Blob),   Eq (List.map Kant.Sneakernet.Frame.seq (Kant.Sneakernet.frames limit data))     (List.range (Kant.Sneakernet.chunk limit data).length)","L0;","O0;","L0;","L0;","L1;S32;claim.Kant.Sneakernet.frames_seq","L0;","L1;S32;proof.Kant.Sneakernet.frames_seq","L0;","S178;∀ (limit : Nat) (data : Kant.Bytes.Blob),   Eq (List.map Kant.Sneakernet.Frame.seq (Kant.Sneakernet.frames limit data))     (List.range (Kant.Sneakernet.chunk limit data).length)","O7;13;source_systemS5;lean411;source_fileS35;RequestProject/Kant/Sneakernet.lean13;source_formatS4;text11;imported_atI+0;14;transformed_atI+152;15;transformationsL0;13;parent_objectS0;","7553b5ad337ed6d1ff7b742226e5f2f65de1fb9f85af21ab28bf4116823e3610"
"obj.Kant.CardDebug.Warning.relativePicture.sizeOf_spec","theorem","Kant.CardDebug.Warning.relativePicture.sizeOf_spec","PROVEN","Eq (Kant.CardDebug.Warning._sizeOf_inst.sizeOf Kant.CardDebug.Warning.relativePicture) 1","L0;","O0;","L0;","L0;","L1;S56;claim.Kant.CardDebug.Warning.relativePicture.sizeOf_spec","L0;","L1;S56;proof.Kant.CardDebug.Warning.relativePicture.sizeOf_spec","L0;","S88;Eq (Kant.CardDebug.Warning._sizeOf_inst.sizeOf Kant.CardDebug.Warning.relativePicture) 1","O7;13;source_systemS5;lean411;source_fileS34;RequestProject/Kant/CardDebug.lean13;source_formatS4;text11;imported_atI+0;14;transformed_atI+0;15;transformationsL0;13;parent_objectS0;","9fc73affe04acdc8008b80dd71cdbeab1a92afb82561d8cef07d16575a08f7b1"
"obj.Kant.Rendezvous.instReprInvite","def","Kant.Rendezvous.instReprInvite","ASSERTED","Repr Kant.Rendezvous.Invite","L0;","O0;","L0;","L0;","L0;","L0;","L0;","L0;","S27;Repr Kant.Rendezvous.Invite","O7;13;source_systemS5;lean411;source_fileS35;RequestProject/Kant/Rendezvous.lean13;source_formatS4;text11;imported_atI+0;14;transformed_atI+448;15;transformationsL0;13;parent_objectS0;","dcd5a7ea1d26e2cf5c7aa0581dfafcbcd8e31fa44054a1f54bcaf9cc58525de2"
"obj.Kant.Sneakernet.Channel.stegoPng.sizeOf_spec","theorem","Kant.Sneakernet.Channel.stegoPng.sizeOf_spec","PROVEN","Eq (Kant.Sneakernet.Channel._sizeOf_inst.sizeOf Kant.Sneakernet.Channel.stegoPng) 1","L0;","O0;","L0;","L0;","L1;S50;claim.Kant.Sneakernet.Channel.stegoPng.sizeOf_spec","L0;","L1;S50;proof.Kant.Sneakernet.Channel.stegoPng.sizeOf_spec","L0;","S83;Eq (Kant.Sneakernet.Channel._sizeOf_inst.sizeOf Kant.Sneakernet.Channel.stegoPng) 1","O7;13;source_systemS5;lean411;source_fileS35;RequestProject/Kant/Sneakernet.lean13;source_formatS4;text11;imported_atI+0;14;transformed_atI+0;15;transformationsL0;13;parent_objectS0;","37a9c518f4902e8a947195bdd19cfafd04602df9713af6e4bec3a6517fd074d7"
"obj.Kant.Dom.formatReport.eq_1","theorem","Kant.Dom.formatReport.eq_1","PROVEN","∀ (f : Kant.Codec.Fmt) (d : Kant.Dom.Domain),   Eq (Kant.Dom.formatReport f d)     { fmt := f, bytes := (Kant.Dom.emit f d).length,       decoded := (Kant.Dom.parse f (Kant.Dom.emit f d)).isSome,       matchesCanonical :=         Option.instBEq.beq (Option.map Kant.Dom.Domain.text (Kant.Dom.parse f (Kant.Dom.emit f d)))           (Option.some d.text),       hash := d.hash }","L0;","O0;","L0;","L0;","L1;S32;claim.Kant.Dom.formatReport.eq_1","L0;","L1;S32;proof.Kant.Dom.formatReport.eq_1","L0;","S376;∀ (f : Kant.Codec.Fmt) (d : Kant.Dom.Domain),   Eq (Kant.Dom.formatReport f d)     { fmt := f, bytes := (Kant.Dom.emit f d).length,       decoded := (Kant.Dom.parse f (Kant.Dom.emit f d)).isSome,       matchesCanonical :=         Option.instBEq.beq (Option.map Kant.Dom.Domain.text (Kant.Dom.parse f (Kant.Dom.emit f d)))           (Option.some d.text),       hash := d.hash }","O7;13;source_systemS5;lean411;source_fileS36;RequestProject/Kant/Domain/Emit.lean13;source_formatS4;text11;imported_atI+0;14;transformed_atI+0;15;transformationsL0;13;parent_objectS0;","fed0b7a6526d95ea8d24042cb665bdf5719059932ca43eb41c30f267832d486f"
"obj.Kant.Codec.import_export","theorem","Kant.Codec.import_export","PROVEN","∀ (f : Kant.Codec.Fmt) (o : Kant.Codec.Obj),   Eq ((Kant.Codec.decodeVal f (Kant.Codec.exportReport f o).artifact).bind Kant.Codec.Obj.ofVal)     (Option.some o)","L1;S18;obj.Kant.Codec.Obj","O0;","L0;","L0;","L1;S30;claim.Kant.Codec.import_export","L0;","L1;S30;proof.Kant.Codec.import_export","L0;","S161;∀ (f : Kant.Codec.Fmt) (o : Kant.Codec.Obj),   Eq ((Kant.Codec.decodeVal f (Kant.Codec.exportReport f o).artifact).bind Kant.Codec.Obj.ofVal)     (Option.some o)","O7;13;source_systemS5;lean411;source_fileS39;RequestProject/Kant/Codec/Exchange.lean13;source_formatS4;text11;imported_atI+0;14;transformed_atI+256;15;transformationsL0;13;parent_objectS0;","3a57f95e322e688556c17b671c0220d27d5f0a810ecaa2e7da1a0ced6afe29f4"
"obj.Kant.Codec.Val.brecOn_1.eq","theorem","Kant.Codec.Val.brecOn_1.eq","PROVEN","∀ {motive_1 : Kant.Codec.Val → Sort u} {motive_2 : List Kant.Codec.Val → Sort u}   {motive_3 : List (Prod (List Char) Kant.Codec.Val) → Sort u}   {motive_4 : Prod (List Char) Kant.Codec.Val → Sort u} (t : List Kant.Codec.Val)   (F_1 : (t : Kant.Codec.Val) → t.below → motive_1 t)   (F_2 : (t : List Kant.Codec.Val) → Kant.Codec.Val.below_1 t → motive_2 t)   (F_3 : (t : List (Prod (List Char) Kant.Codec.Val)) → Kant.Codec.Val.below_2 t → motive_3 t)   (F_4 : (t : Prod (List Char) Kant.Codec.Val) → Kant.Codec.Val.below_3 t → motive_4 t),   Eq (Kant.Codec.Val.brecOn_1 t F_1 F_2 F_3 F_4)     (F_2 t (Kant.Codec.Val.brecOn_1.go t F_1 F_2 F_3 F_4).2)","L0;","O0;","L0;","L0;","L1;S32;claim.Kant.Codec.Val.brecOn_1.eq","L0;","L1;S32;proof.Kant.Codec.Val.brecOn_1.eq","L0;","S649;∀ {motive_1 : Kant.Codec.Val → Sort u} {motive_2 : List Kant.Codec.Val → Sort u}   {motive_3 : List (Prod (List Char) Kant.Codec.Val) → Sort u}   {motive_4 : Prod (List Char) Kant.Codec.Val → Sort u} (t : List Kant.Codec.Val)   (F_1 : (t : Kant.Codec.Val) → t.below → motive_1 t)   (F_2 : (t : List Kant.Codec.Val) → Kant.Codec.Val.below_1 t → motive_2 t)   (F_3 : (t : List (Prod (List Char) Kant.Codec.Val)) → Kant.Codec.Val.below_2 t → motive_3 t)   (F_4 : (t : Prod (List Char) Kant.Codec.Val) → Kant.Codec.Val.below_3 t → motive_4 t),   Eq (Kant.Codec.Val.brecOn_1 t F_1 F_2 F_3 F_4)     (F_2 t (Kant.Codec.Val.brecOn_1.go t F_1 F_2 F_3 F_4).2)","O7;13;source_systemS5;lean411;source_fileS34;RequestProject/Kant/Codec/Val.lean13;source_formatS4;text11;imported_atI+0;14;transformed_atI+0;15;transformationsL0;13;parent_objectS0;","ab9a5a8aa40235f048bf6f517e21a0531b47ed931d26821ef8c4cfa442c0cba1"
"obj.Kant.Diagnostics.Log.total","def","Kant.Diagnostics.Log.total","ASSERTED","Kant.Diagnostics.Log → Nat","L0;","O0;","L0;","L0;","L0;","L0;","L0;","L0;","S26;Kant.Diagnostics.Log → Nat","O7;13;source_systemS5;lean411;source_fileS36;RequestProject/Kant/Diagnostics.lean13;source_formatS4;text11;imported_atI+0;14;transformed_atI+217;15;transformationsL0;13;parent_objectS0;","f5664a36fcb50d7cbc5289486b763bd74417e4084e45004286d173b91e013edd"
"obj.Kant.Codec.compareObj_symm","theorem","Kant.Codec.compareObj_symm","PROVEN","∀ (a b : Kant.Codec.Obj), Eq (Kant.Codec.compareObj a b) (Kant.Codec.compareObj b a)","L1;S18;obj.Kant.Codec.Obj","O0;","L0;","L0;","L1;S32;claim.Kant.Codec.compareObj_symm","L0;","L1;S32;proof.Kant.Codec.compareObj_symm","L0;","S84;∀ (a b : Kant.Codec.Obj), Eq (Kant.Codec.compareObj a b) (Kant.Codec.compareObj b a)","O7;13;source_systemS5;lean411;source_fileS40;RequestProject/Kant/Codec/Reconcile.lean13;source_formatS4;text11;imported_atI+0;14;transformed_atI+243;15;transformationsL0;13;parent_objectS0;","9f69e32363e92a812b7def6b79954106f355aa2c62274a73c57055a2a70f9e98"
"obj.Kant.Erdfa.unescape.eq_1","theorem","Kant.Erdfa.unescape.eq_1","PROVEN","Eq (Kant.Erdfa.unescape List.nil) List.nil","L0;","O0;","L0;","L0;","L1;S30;claim.Kant.Erdfa.unescape.eq_1","L0;","L1;S30;proof.Kant.Erdfa.unescape.eq_1","L0;","S42;Eq (Kant.Erdfa.unescape List.nil) List.nil","O7;13;source_systemS5;lean411;source_fileS30;RequestProject/Kant/Erdfa.lean13;source_formatS4;text11;imported_atI+0;14;transformed_atI+0;15;transformationsL0;13;parent_objectS0;","74d2378be7d2f49f1ffcceaa366f2b5c1f96fdd9f65c27652b48b232dc0726a2"
"obj.Kant.Codec.Compat.recOn","def","Kant.Codec.Compat.recOn","ASSERTED","{motive : Kant.Codec.Compat → Sort u} →   (t : Kant.Codec.Compat) →     motive Kant.Codec.Compat.same →       motive Kant.Codec.Compat.minor → motive Kant.Codec.Compat.major → motive t","L0;","O0;","L0;","L0;","L0;","L0;","L0;","L0;","S184;{motive : Kant.Codec.Compat → Sort u} →   (t : Kant.Codec.Compat) →     motive Kant.Codec.Compat.same →       motive Kant.Codec.Compat.minor → motive Kant.Codec.Compat.major → motive t","O7;13;source_systemS5;lean411;source_fileS39;RequestProject/Kant/Codec/Exchange.lean13;source_formatS4;text11;imported_atI+0;14;transformed_atI+263;15;transformationsL0;13;parent_objectS0;","274e5c8d8460b0bbd7345aa4451cdc480ac6c66308de8ca155a8bc137fa2d2ee"
"obj.Kant.Codec.instInhabitedLoss.default","def","Kant.Codec.instInhabitedLoss.default","ASSERTED","Kant.Codec.Loss","L0;","O0;","L0;","L0;","L0;","L0;","L0;","L0;","S15;Kant.Codec.Loss","O7;13;source_systemS5;lean411;source_fileS36;RequestProject/Kant/Codec/Model.lean13;source_formatS4;text11;imported_atI+0;14;transformed_atI+59;15;transformationsL0;13;parent_objectS0;","39bdf7d962171d6c5c6779e5ee3a54ffa161ce39948998121dfffc4fa09db7a5"
"obj.Kant.SiteCard.pasteUrl","def","Kant.SiteCard.pasteUrl","ASSERTED","Kant.SiteCard.Config → Kant.Paste → List Char","L0;","O0;","L0;","L0;","L0;","L0;","L0;","L0;","S45;Kant.SiteCard.Config → Kant.Paste → List Char","O7;13;source_systemS5;lean411;source_fileS33;RequestProject/Kant/SiteCard.lean13;source_formatS4;text11;imported_atI+0;14;transformed_atI+303;15;transformationsL0;13;parent_objectS0;","85a42a4aa9da8c5bb26bcd2411735568d538dda3325e58c16fd624edafa6380e"
"obj.Kant.ShareLog.isAscii_joinLines","theorem","Kant.ShareLog.isAscii_joinLines","PROVEN","∀ {ls : List (List Char)},   (∀ (l : List Char), List.instMembership.mem ls l → Kant.Text.IsAscii l) →     Kant.Text.IsAscii (Kant.Diagnostics.joinLines ls)","L0;","O0;","L0;","L0;","L1;S37;claim.Kant.ShareLog.isAscii_joinLines","L0;","L1;S37;proof.Kant.ShareLog.isAscii_joinLines","L0;","S156;∀ {ls : List (List Char)},   (∀ (l : List Char), List.instMembership.mem ls l → Kant.Text.IsAscii l) →     Kant.Text.IsAscii (Kant.Diagnostics.joinLines ls)","O7;13;source_systemS5;lean411;source_fileS33;RequestProject/Kant/ShareLog.lean13;source_formatS4;text11;imported_atI+0;14;transformed_atI+87;15;transformationsL0;13;parent_objectS0;","cffcbe35b3d06fdcccac53bcc5d14bffba81e292b74294a21f79aff128f50285"
"obj.Kant.Clipboard.Receipt.mk.inj","theorem","Kant.Clipboard.Receipt.mk.inj","PROVEN","∀ {witness : List Char} {cid bytes credits : Nat} {witness_1 : List Char}   {cid_1 bytes_1 credits_1 : Nat},   Eq { witness := witness, cid := cid, bytes := bytes, credits := credits }       { witness := witness_1, cid := cid_1, bytes := bytes_1, credits := credits_1 } →     And (Eq witness witness_1) (And (Eq cid cid_1) (And (Eq bytes bytes_1) (Eq credits credits_1)))","L0;","O0;","L0;","L0;","L1;S35;claim.Kant.Clipboard.Receipt.mk.inj","L0;","L1;S35;proof.Kant.Clipboard.Receipt.mk.inj","L0;","S371;∀ {witness : List Char} {cid bytes credits : Nat} {witness_1 : List Char}   {cid_1 bytes_1 credits_1 : Nat},   Eq { witness := witness, cid := cid, bytes := bytes, credits := credits }       { witness := witness_1, cid := cid_1, bytes := bytes_1, credits := credits_1 } →     And (Eq witness witness_1) (And (Eq cid cid_1) (And (Eq bytes bytes_1) (Eq credits credits_1)))","O7;13;source_systemS5;lean411;source_fileS34;RequestProject/Kant/Clipboard.lean13;source_formatS4;text11;imported_atI+0;14;transformed_atI+0;15;transformationsL0;13;parent_objectS0;","afca81ca555f648a0c4e31de3467248daf8aea7f21946824a40a89b60277f0a7"
"obj.Kant.Text.codeChars","def","Kant.Text.codeChars","ASSERTED","List Nat → List Char","L0;","O0;","L0;","L0;","L0;","L0;","L0;","L0;","S20;List Nat → List Char","O7;13;source_systemS5;lean411;source_fileS29;RequestProject/Kant/Text.lean13;source_formatS4;text11;imported_atI+0;14;transformed_atI+105;15;transformationsL0;13;parent_objectS0;","3dc6d01ca59eef2b1af5f6aa6644c7b8cfa36824f41c8111147fc6a1949d279e"
"obj.Kant.Dom.Summary.proofs","def","Kant.Dom.Summary.proofs","ASSERTED","Kant.Dom.Summary → Nat","L0;","O0;","L0;","L0;","L0;","L0;","L0;","L0;","S22;Kant.Dom.Summary → Nat","O7;13;source_systemS5;lean411;source_fileS38;RequestProject/Kant/Domain/Ledger.lean13;source_formatS4;text11;imported_atI+0;14;transformed_atI+244;15;transformationsL0;13;parent_objectS0;","ac201e77d4ba2107a61a3366cdb65b4474558234599a164d233ec809f6a9f34a"
"obj.Kant.Pipeline.natsToBlob_blobToNats","theorem","Kant.Pipeline.natsToBlob_blobToNats","PROVEN","∀ (b : Kant.Bytes.Blob), Eq (Kant.Pipeline.natsToBlob (Kant.Pipeline.blobToNats b)) b","L0;","O0;","L0;","L0;","L1;S41;claim.Kant.Pipeline.natsToBlob_blobToNats","L0;","L1;S41;proof.Kant.Pipeline.natsToBlob_blobToNats","L0;","S85;∀ (b : Kant.Bytes.Blob), Eq (Kant.Pipeline.natsToBlob (Kant.Pipeline.blobToNats b)) b","O7;13;source_systemS5;lean411;source_fileS33;RequestProject/Kant/Pipeline.lean13;source_formatS4;text11;imported_atI+0;14;transformed_atI+40;15;transformationsL0;13;parent_objectS0;","0e0e7e21517aebf46089fde2b9f3b73fd8e2b861b70ea1bad4fa1ccbcfb96c25"
"obj.Kant.Dom.Evidence.ofVal_toVal","theorem","Kant.Dom.Evidence.ofVal_toVal","PROVEN","∀ (e : Kant.Dom.Evidence), Eq (Kant.Dom.Evidence.ofVal e.toVal) (Option.some e)","L1;S15;obj.Kant.Dom.Id","O0;","L0;","L0;","L1;S35;claim.Kant.Dom.Evidence.ofVal_toVal","L0;","L1;S35;proof.Kant.Dom.Evidence.ofVal_toVal","L0;","S79;∀ (e : Kant.Dom.Evidence), Eq (Kant.Dom.Evidence.ofVal e.toVal) (Option.some e)","O7;13;source_systemS5;lean411;source_fileS37;RequestProject/Kant/Domain/Model.lean13;source_formatS4;text11;imported_atI+0;14;transformed_atI+497;15;transformationsL0;13;parent_objectS0;","ed67c9339a1d70b09f5226f3ac846adb30715549c2c242bee9c1c0172e321919"
"obj.Kant.Feed.newest_perm","theorem","Kant.Feed.newest_perm","PROVEN","∀ (ps : List Kant.Paste), (Kant.Feed.newest ps).Perm ps","L0;","O0;","L0;","L0;","L1;S27;claim.Kant.Feed.newest_perm","L0;","L1;S27;proof.Kant.Feed.newest_perm","L0;","S55;∀ (ps : List Kant.Paste), (Kant.Feed.newest ps).Perm ps","O7;13;source_systemS5;lean411;source_fileS29;RequestProject/Kant/Feed.lean13;source_formatS4;text11;imported_atI+0;14;transformed_atI+269;15;transformationsL0;13;parent_objectS0;","4c0b7ee42018fd4a1da2c403a8cf09fda40482776a5e3564cc8f78ca2d47a8d7"
"obj.Kant.Codec.Trans.codecVersion","def","Kant.Codec.Trans.codecVersion","ASSERTED","Kant.Codec.Trans → List Char","L0;","O0;","L0;","L0;","L0;","L0;","L0;","L0;","S28;Kant.Codec.Trans → List Char","O7;13;source_systemS5;lean411;source_fileS36;RequestProject/Kant/Codec/Model.lean13;source_formatS4;text11;imported_atI+0;14;transformed_atI+282;15;transformationsL0;13;parent_objectS0;","962855e2e8e11a1a5839c1866e76163d0aae2bf5fa99b9ac2b090a6060caa99f"
"obj.Kant.Codec.stripPrefix.eq_3","theorem","Kant.Codec.stripPrefix.eq_3","PROVEN","∀ (p : Char) (ps : List Char) (c : Char) (cs : List Char),   Eq (Kant.Codec.stripPrefix (List.cons p ps) (List.cons c cs))     (ite (Eq p c) (Kant.Codec.stripPrefix ps cs) Option.none)","L0;","O0;","L0;","L0;","L1;S33;claim.Kant.Codec.stripPrefix.eq_3","L0;","L1;S33;proof.Kant.Codec.stripPrefix.eq_3","L0;","S184;∀ (p : Char) (ps : List Char) (c : Char) (cs : List Char),   Eq (Kant.Codec.stripPrefix (List.cons p ps) (List.cons c cs))     (ite (Eq p c) (Kant.Codec.stripPrefix ps cs) Option.none)","O7;13;source_systemS5;lean411;source_fileS34;RequestProject/Kant/Codec/Xml.lean13;source_formatS4;text11;imported_atI+0;14;transformed_atI+0;15;transformationsL0;13;parent_objectS0;","b6251696efffc37203d4cdf9b3b4560d395af88f530c4d0cbb216674a5e0f8b7"
"obj.Kant.CardDebug.Pairing.casesOn","def","Kant.CardDebug.Pairing.casesOn","ASSERTED","{motive : Kant.CardDebug.Pairing → Sort u} →   (t : Kant.CardDebug.Pairing) →     motive Kant.CardDebug.Pairing.connectable →       motive Kant.CardDebug.Pairing.sameCode →         motive Kant.CardDebug.Pairing.notInvites →           motive Kant.CardDebug.Pairing.oneNotInvite →             motive Kant.CardDebug.Pairing.differentRooms →               motive Kant.CardDebug.Pairing.noMeetingPoint → motive t","L0;","O0;","L0;","L0;","L0;","L0;","L0;","L0;","S407;{motive : Kant.CardDebug.Pairing → Sort u} →   (t : Kant.CardDebug.Pairing) →     motive Kant.CardDebug.Pairing.connectable →       motive Kant.CardDebug.Pairing.sameCode →         motive Kant.CardDebug.Pairing.notInvites →           motive Kant.CardDebug.Pairing.oneNotInvite →             motive Kant.CardDebug.Pairing.differentRooms →               motive Kant.CardDebug.Pairing.noMeetingPoint → motive t","O7;13;source_systemS5;lean411;source_fileS34;RequestProject/Kant/CardDebug.lean13;source_formatS4;text11;imported_atI+0;14;transformed_atI+151;15;transformationsL0;13;parent_objectS0;","f9b23a69e20d58ab25c3cde438b47170daaab68b164694d979b9a4e44a75939e"
"obj.Kant.Cli.say.eq_1","theorem","Kant.Cli.say.eq_1","PROVEN","∀ (sv : Kant.Relay.Server) (c : Kant.Cli.Client) (body : Kant.Bytes.Blob),   Eq (Kant.Cli.say sv c body)     {       fst :=         (Kant.Cli.serve sv c.relay             (Kant.Cli.postLine c (Kant.Relay.printMsg (c.compose body)))).fst,       snd :=         { self := c.self, relay := c.relay, secret := c.secret, seq := instHAdd.hAdd c.seq 1,           cursor := c.cursor,           messages := Kant.Relay.accept c.messages (Kant.Relay.printMsg (c.compose body)) } }","L1;S26;obj.Kant.Cli.Client.secret","O0;","L0;","L0;","L1;S23;claim.Kant.Cli.say.eq_1","L0;","L1;S23;proof.Kant.Cli.say.eq_1","L0;","S468;∀ (sv : Kant.Relay.Server) (c : Kant.Cli.Client) (body : Kant.Bytes.Blob),   Eq (Kant.Cli.say sv c body)     {       fst :=         (Kant.Cli.serve sv c.relay             (Kant.Cli.postLine c (Kant.Relay.printMsg (c.compose body)))).fst,       snd :=         { self := c.self, relay := c.relay, secret := c.secret, seq := instHAdd.hAdd c.seq 1,           cursor := c.cursor,           messages := Kant.Relay.accept c.messages (Kant.Relay.printMsg (c.compose body)) } }","O7;13;source_systemS5;lean411;source_fileS28;RequestProject/Kant/Cli.lean13;source_formatS4;text11;imported_atI+0;14;transformed_atI+0;15;transformationsL0;13;parent_objectS0;","8c0431ae43ea5c5caa43db0a9be917cfea4e7111b96757b2514b11b0ae8784d5"
"obj.Kant.Join.isBlank.eq_1","theorem","Kant.Join.isBlank.eq_1","PROVEN","∀ (c : Char),   Eq (Kant.Join.isBlank c)     ((((instBEqOfDecidableEq.beq c ' ').or (instBEqOfDecidableEq.beq c '\n')).or           (instBEqOfDecidableEq.beq c '\t')).or       (instBEqOfDecidableEq.beq c '\x0d'))","L0;","O0;","L0;","L0;","L1;S28;claim.Kant.Join.isBlank.eq_1","L0;","L1;S28;proof.Kant.Join.isBlank.eq_1","L0;","S212;∀ (c : Char),   Eq (Kant.Join.isBlank c)     ((((instBEqOfDecidableEq.beq c ' ').or (instBEqOfDecidableEq.beq c '\n')).or           (instBEqOfDecidableEq.beq c '\t')).or       (instBEqOfDecidableEq.beq c '\x0d'))","O7;13;source_systemS5;lean411;source_fileS29;RequestProject/Kant/Join.lean13;source_formatS4;text11;imported_atI+0;14;transformed_atI+0;15;transformationsL0;13;parent_objectS0;","d534c4d74a2235e5bb2b5239173401b2fba0688e6116bae78236a3a947e8b234"
"obj.Kant.Codec.detect_text_of_unrecognised","theorem","Kant.Codec.detect_text_of_unrecognised","PROVEN","∀ {s : List Char},   Eq (Kant.Codec.stripPrefix Kant.Codec.ipdlHeader s) Option.none →     Eq (Kant.Codec.stripPrefix Kant.Codec.csvHeader s) Option.none →       Eq (Kant.Codec.xmlDecode s) Option.none →         Eq (Kant.Codec.canonDecode s) Option.none →           Eq (Kant.Codec.yamlDecode s) Option.none →             Eq (Kant.Codec.detect Option.none s) Kant.Codec.Fmt.text","L1;S21;obj.Kant.Codec.detect","O0;","L0;","L0;","L1;S44;claim.Kant.Codec.detect_text_of_unrecognised","L0;","L1;S44;proof.Kant.Codec.detect_text_of_unrecognised","L0;","S377;∀ {s : List Char},   Eq (Kant.Codec.stripPrefix Kant.Codec.ipdlHeader s) Option.none →     Eq (Kant.Codec.stripPrefix Kant.Codec.csvHeader s) Option.none →       Eq (Kant.Codec.xmlDecode s) Option.none →         Eq (Kant.Codec.canonDecode s) Option.none →           Eq (Kant.Codec.yamlDecode s) Option.none →             Eq (Kant.Codec.detect Option.none s) Kant.Codec.Fmt.text","O7;13;source_systemS5;lean411;source_fileS38;RequestProject/Kant/Codec/RawText.lean13;source_formatS4;text11;imported_atI+0;14;transformed_atI+143;15;transformationsL0;13;parent_objectS0;","f0603f0e81370c305cd67125a2a16cfb09aa26bd3f4b2d6e3de3c2f42f624509"
"obj.Kant.PlainText.parseMeta.eq_1","theorem","Kant.PlainText.parseMeta.eq_1","PROVEN","∀ (s : List Char),   Eq (Kant.PlainText.parseMeta s) do     let title ←       Kant.SiteCard.lookupKey ""title"".toList           (List.filterMap Kant.PlainText.parseEntry (Kant.PlainText.lines s))     let link ←       Kant.SiteCard.lookupKey ""link"".toList           (List.filterMap Kant.PlainText.parseEntry (Kant.PlainText.lines s))     let address ←       Kant.SiteCard.lookupKey ""address"".toList           (List.filterMap Kant.PlainText.parseEntry (Kant.PlainText.lines s))     let posted ←       Kant.SiteCard.lookupKey ""posted"".toList           (List.filterMap Kant.PlainText.parseEntry (Kant.PlainText.lines s))     instAlternativeOption.pure         { title := title, link := link, address := address, posted := posted }","L1;S28;obj.Kant.PlainText.parseMeta","O0;","L0;","L0;","L1;S35;claim.Kant.PlainText.parseMeta.eq_1","L0;","L1;S35;proof.Kant.PlainText.parseMeta.eq_1","L0;","S725;∀ (s : List Char),   Eq (Kant.PlainText.parseMeta s) do     let title ←       Kant.SiteCard.lookupKey ""title"".toList           (List.filterMap Kant.PlainText.parseEntry (Kant.PlainText.lines s))     let link ←       Kant.SiteCard.lookupKey ""link"".toList           (List.filterMap Kant.PlainText.parseEntry (Kant.PlainText.lines s))     let address ←       Kant.SiteCard.lookupKey ""address"".toList           (List.filterMap Kant.PlainText.parseEntry (Kant.PlainText.lines s))     let posted ←       Kant.SiteCard.lookupKey ""posted"".toList           (List.filterMap Kant.PlainText.parseEntry (Kant.PlainText.lines s))     instAlternativeOption.pure         { title := title, link := link, address := address, posted := posted }","O7;13;source_systemS5;lean411;source_fileS34;RequestProject/Kant/PlainText.lean13;source_formatS4;text11;imported_atI+0;14;transformed_atI+0;15;transformationsL0;13;parent_objectS0;","ee7e7d05259497a87903cb27e6d755a3b60de91f62568f6ea326b31138afc149"
"obj.Kant.Codec.Ipdl.ref.inj","theorem","Kant.Codec.Ipdl.ref.inj","PROVEN","∀ {target target_1 : List Char},   Eq (Kant.Codec.Ipdl.ref target) (Kant.Codec.Ipdl.ref target_1) → Eq target target_1","L1;S19;obj.Kant.Codec.Ipdl","O0;","L0;","L0;","L1;S29;claim.Kant.Codec.Ipdl.ref.inj","L0;","L1;S29;proof.Kant.Codec.Ipdl.ref.inj","L0;","S118;∀ {target target_1 : List Char},   Eq (Kant.Codec.Ipdl.ref target) (Kant.Codec.Ipdl.ref target_1) → Eq target target_1","O7;13;source_systemS5;lean411;source_fileS35;RequestProject/Kant/Codec/Ipdl.lean13;source_formatS4;text11;imported_atI+0;14;transformed_atI+0;15;transformationsL0;13;parent_objectS0;","e03f33743a674cb5903cae6bf86dc1aa3fd39a9751507a67ce77c8715eadbbec"
"obj.Kant.Onboarding.step.eq_1","theorem","Kant.Onboarding.step.eq_1","PROVEN","∀ (s : Kant.Onboarding.State) (t : Kant.Onboarding.Screen),   Eq (Kant.Onboarding.step s (Kant.Onboarding.Event.goto t))     { screen := t, camera := s.camera.and (instBEqOfDecidableEq.beq t Kant.Onboarding.Screen.scan),       inRoom := s.inRoom, hushed := s.hushed, progress := s.progress }","L0;","O0;","L0;","L0;","L1;S31;claim.Kant.Onboarding.step.eq_1","L0;","L1;S31;proof.Kant.Onboarding.step.eq_1","L0;","S291;∀ (s : Kant.Onboarding.State) (t : Kant.Onboarding.Screen),   Eq (Kant.Onboarding.step s (Kant.Onboarding.Event.goto t))     { screen := t, camera := s.camera.and (instBEqOfDecidableEq.beq t Kant.Onboarding.Screen.scan),       inRoom := s.inRoom, hushed := s.hushed, progress := s.progress }","O7;13;source_systemS5;lean411;source_fileS35;RequestProject/Kant/Onboarding.lean13;source_formatS4;text11;imported_atI+0;14;transformed_atI+0;15;transformationsL0;13;parent_objectS0;","34f96e3a9233dc4139de19064ddcde860057897b237d1b931c0558ec3aca4ee8"
"obj.Kant.Codec.Ipdl.ref.injEq","theorem","Kant.Codec.Ipdl.ref.injEq","PROVEN","∀ (target target_1 : List Char),   Eq (Eq (Kant.Codec.Ipdl.ref target) (Kant.Codec.Ipdl.ref target_1)) (Eq target target_1)","L1;S19;obj.Kant.Codec.Ipdl","O0;","L0;","L0;","L1;S31;claim.Kant.Codec.Ipdl.ref.injEq","L0;","L1;S31;proof.Kant.Codec.Ipdl.ref.injEq","L0;","S123;∀ (target target_1 : List Char),   Eq (Eq (Kant.Codec.Ipdl.ref target) (Kant.Codec.Ipdl.ref target_1)) (Eq target target_1)","O7;13;source_systemS5;lean411;source_fileS35;RequestProject/Kant/Codec/Ipdl.lean13;source_formatS4;text11;imported_atI+0;14;transformed_atI+0;15;transformationsL0;13;parent_objectS0;","d92ae6c48aa9ebe59b48a8aba48176c285d8c9ce764364a7ab8f41049f826af4"
"obj.Kant.SiteCard.cardParts","def","Kant.SiteCard.cardParts","ASSERTED","Kant.SiteCard.Card → List (List Bool) → Nat → Nat → List (List Char)","L0;","O0;","L0;","L0;","L0;","L0;","L0;","L0;","S68;Kant.SiteCard.Card → List (List Bool) → Nat → Nat → List (List Char)","O7;13;source_systemS5;lean411;source_fileS33;RequestProject/Kant/SiteCard.lean13;source_formatS4;text11;imported_atI+0;14;transformed_atI+529;15;transformationsL0;13;parent_objectS0;","5333e0f591f7c0051fc21cf0a021aa227a31880d59b69eefbe0acdfc996d13ec"
"obj.Kant.Dom.instReprPStatus","def","Kant.Dom.instReprPStatus","ASSERTED","Repr Kant.Dom.PStatus","L0;","O0;","L0;","L0;","L0;","L0;","L0;","L0;","S21;Repr Kant.Dom.PStatus","O7;13;source_systemS5;lean411;source_fileS37;RequestProject/Kant/Domain/Model.lean13;source_formatS4;text11;imported_atI+0;14;transformed_atI+57;15;transformationsL0;13;parent_objectS0;","b4d5353e9211d6f8754272158c07061b40cc121ac711a83efe1bf95fe9605061"
"obj.Kant.Dom.Claim.ofVal","def","Kant.Dom.Claim.ofVal","ASSERTED","Kant.Codec.Val → Option Kant.Dom.Claim","L1;S15;obj.Kant.Dom.Id","O0;","L0;","L0;","L0;","L0;","L0;","L0;","S38;Kant.Codec.Val → Option Kant.Dom.Claim","O7;13;source_systemS5;lean411;source_fileS37;RequestProject/Kant/Domain/Model.lean13;source_formatS4;text11;imported_atI+0;14;transformed_atI+451;15;transformationsL0;13;parent_objectS0;","6a6fc8d7b6134a073b8a6851b127c084a9a1dae746868a6dec05718f57c9cb4a"
"obj.Kant.Codec.instInhabitedErr.default","def","Kant.Codec.instInhabitedErr.default","ASSERTED","Kant.Codec.Err","L1;S23;obj.Kant.Codec.Severity","O0;","L0;","L0;","L0;","L0;","L0;","L0;","S14;Kant.Codec.Err","O7;13;source_systemS5;lean411;source_fileS36;RequestProject/Kant/Codec/Model.lean13;source_formatS4;text11;imported_atI+0;14;transformed_atI+234;15;transformationsL0;13;parent_objectS0;","cd3be17679475744fb13824a5a407a97a6b9ee774eba3c6a734ff500609fed3d"
"obj.Kant.Clipboard.decodeList.eq_2","theorem","Kant.Clipboard.decodeList.eq_2","PROVEN","∀ (f : Kant.Bytes.Blob) (fs : List Kant.Bytes.Blob),   Eq (Kant.Clipboard.decodeList (List.cons f fs))     (Kant.Clipboard.decodeList.match_1 (fun x x_1 => Option (List Kant.Paste))       (Kant.Clipboard.pasteText (Kant.Text.asciiChars f)) (Kant.Clipboard.decodeList fs)       (fun p rest => Option.some (List.cons p rest)) fun x x_1 => Option.none)","L0;","O0;","L0;","L0;","L1;S36;claim.Kant.Clipboard.decodeList.eq_2","L0;","L1;S36;proof.Kant.Clipboard.decodeList.eq_2","L0;","S349;∀ (f : Kant.Bytes.Blob) (fs : List Kant.Bytes.Blob),   Eq (Kant.Clipboard.decodeList (List.cons f fs))     (Kant.Clipboard.decodeList.match_1 (fun x x_1 => Option (List Kant.Paste))       (Kant.Clipboard.pasteText (Kant.Text.asciiChars f)) (Kant.Clipboard.decodeList fs)       (fun p rest => Option.some (List.cons p rest)) fun x x_1 => Option.none)","O7;13;source_systemS5;lean411;source_fileS34;RequestProject/Kant/Clipboard.lean13;source_formatS4;text11;imported_atI+0;14;transformed_atI+0;15;transformationsL0;13;parent_objectS0;","0e144adec2ae152f278aae544d935a8cbc907d05ddfa8b7da5b6286ddd48c65a"
"obj.Kant.Sync.Feed.mk.inj","theorem","Kant.Sync.Feed.mk.inj","PROVEN","∀ {source : Kant.Sync.Source} {blocks : List Kant.Paste} {source_1 : Kant.Sync.Source}   {blocks_1 : List Kant.Paste},   Eq { source := source, blocks := blocks } { source := source_1, blocks := blocks_1 } →     And (Eq source source_1) (Eq blocks blocks_1)","L0;","O0;","L0;","L0;","L1;S27;claim.Kant.Sync.Feed.mk.inj","L0;","L1;S27;proof.Kant.Sync.Feed.mk.inj","L0;","S257;∀ {source : Kant.Sync.Source} {blocks : List Kant.Paste} {source_1 : Kant.Sync.Source}   {blocks_1 : List Kant.Paste},   Eq { source := source, blocks := blocks } { source := source_1, blocks := blocks_1 } →     And (Eq source source_1) (Eq blocks blocks_1)","O7;13;source_systemS5;lean411;source_fileS29;RequestProject/Kant/Sync.lean13;source_formatS4;text11;imported_atI+0;14;transformed_atI+0;15;transformationsL0;13;parent_objectS0;","3750c21e000f0302fd7dc859aefb7f858aa5b3e159de025c0dc3e4a73a49ed4f"
"obj.Kant.Sheaf.Encoding.prime.eq_2","theorem","Kant.Sheaf.Encoding.prime.eq_2","PROVEN","Eq Kant.Sheaf.Encoding.base64.prime 2","L0;","O0;","L0;","L0;","L1;S36;claim.Kant.Sheaf.Encoding.prime.eq_2","L0;","L1;S36;proof.Kant.Sheaf.Encoding.prime.eq_2","L0;","S37;Eq Kant.Sheaf.Encoding.base64.prime 2","O7;13;source_systemS5;lean411;source_fileS30;RequestProject/Kant/Sheaf.lean13;source_formatS4;text11;imported_atI+0;14;transformed_atI+0;15;transformationsL0;13;parent_objectS0;","993cce787f297130736bedb20debb813b0b02297baaaefb68de0be7b81214919"
"obj.Kant.Sneakernet.Channel.casesOn","def","Kant.Sneakernet.Channel.casesOn","ASSERTED","{motive : Kant.Sneakernet.Channel → Sort u} →   (t : Kant.Sneakernet.Channel) →     motive Kant.Sneakernet.Channel.url →       motive Kant.Sneakernet.Channel.qr →         motive Kant.Sneakernet.Channel.animatedQr →           motive Kant.Sneakernet.Channel.wav →             motive Kant.Sneakernet.Channel.morse →               motive Kant.Sneakernet.Channel.stegoPng →                 motive Kant.Sneakernet.Channel.svg →                   motive Kant.Sneakernet.Channel.animatedGif →                     motive Kant.Sneakernet.Channel.socialVideo →                       motive Kant.Sneakernet.Channel.ipfsBlock →                         motive Kant.Sneakernet.Channel.torrentPiece →                           motive Kant.Sneakernet.Channel.irohBlob → motive t","L0;","O0;","L0;","L0;","L0;","L0;","L0;","L0;","S761;{motive : Kant.Sneakernet.Channel → Sort u} →   (t : Kant.Sneakernet.Channel) →     motive Kant.Sneakernet.Channel.url →       motive Kant.Sneakernet.Channel.qr →         motive Kant.Sneakernet.Channel.animatedQr →           motive Kant.Sneakernet.Channel.wav →             motive Kant.Sneakernet.Channel.morse →               motive Kant.Sneakernet.Channel.stegoPng →                 motive Kant.Sneakernet.Channel.svg →                   motive Kant.Sneakernet.Channel.animatedGif →                     motive Kant.Sneakernet.Channel.socialVideo →                       motive Kant.Sneakernet.Channel.ipfsBlock →                         motive Kant.Sneakernet.Channel.torrentPiece →                           motive Kant.Sneakernet.Channel.irohBlob → motive t","O7;13;source_systemS5;lean411;source_fileS35;RequestProject/Kant/Sneakernet.lean13;source_formatS4;text11;imported_atI+0;14;transformed_atI+35;15;transformationsL0;13;parent_objectS0;","ac07e0af12b7dc74b2ec776c7852280fc661743168445aa2deaab440379bc11d"
"obj.Kant.Stego.Carrier.valid","def","Kant.Stego.Carrier.valid","ASSERTED","Kant.Stego.Carrier → Prop","L0;","O0;","L0;","L0;","L0;","L0;","L0;","L0;","S25;Kant.Stego.Carrier → Prop","O7;13;source_systemS5;lean411;source_fileS30;RequestProject/Kant/Stego.lean13;source_formatS4;text11;imported_atI+0;14;transformed_atI+30;15;transformationsL0;13;parent_objectS0;","905f046b41754d30e758bf890d02ece369d28a7a2148322e05464b0bb99c1ea1"
"obj.Kant.Cli.Client.view","def","Kant.Cli.Client.view","ASSERTED","Kant.Cli.Client → List Kant.Relay.Msg","L0;","O0;","L0;","L0;","L0;","L0;","L0;","L0;","S37;Kant.Cli.Client → List Kant.Relay.Msg","O7;13;source_systemS5;lean411;source_fileS28;RequestProject/Kant/Cli.lean13;source_formatS4;text11;imported_atI+0;14;transformed_atI+333;15;transformationsL0;13;parent_objectS0;","cd405b966a0f287fc951dff1f36498dc379e985be660ef5d7af7c94c68eeba3a"
"obj.Kant.Feed.instDecidableEqRow","def","Kant.Feed.instDecidableEqRow","ASSERTED","DecidableEq Kant.Feed.Row","L0;","O0;","L0;","L0;","L0;","L0;","L0;","L0;","S25;DecidableEq Kant.Feed.Row","O7;13;source_systemS5;lean411;source_fileS29;RequestProject/Kant/Feed.lean13;source_formatS4;text11;imported_atI+0;14;transformed_atI+66;15;transformationsL0;13;parent_objectS0;","73df34572609e260421a92bcce3d9b83e9ae238053fb45e60cdc68d8df99f509"
"obj.Kant.SiteCard.Config.caption","def","Kant.SiteCard.Config.caption","ASSERTED","Kant.SiteCard.Config → List Char","L0;","O0;","L0;","L0;","L0;","L0;","L0;","L0;","S32;Kant.SiteCard.Config → List Char","O7;13;source_systemS5;lean411;source_fileS33;RequestProject/Kant/SiteCard.lean13;source_formatS4;text11;imported_atI+0;14;transformed_atI+139;15;transformationsL0;13;parent_objectS0;","19b819e050af2a37f83c61a296703684025bb6138362401dc6ed94dea86bdcaa"
"obj.Kant.PlainText.parseEntry.eq_1","theorem","Kant.PlainText.parseEntry.eq_1","PROVEN","∀ (l : List Char),   Eq (Kant.PlainText.parseEntry l)     (Option.map       (fun p => { fst := Kant.SiteCard.trimEnd p.fst, snd := Kant.SiteCard.trimStart p.snd })       (Kant.SiteCard.breakAt ':' l))","L1;S25;obj.Kant.SiteCard.breakAt","O0;","L0;","L0;","L1;S36;claim.Kant.PlainText.parseEntry.eq_1","L0;","L1;S36;proof.Kant.PlainText.parseEntry.eq_1","L0;","S200;∀ (l : List Char),   Eq (Kant.PlainText.parseEntry l)     (Option.map       (fun p => { fst := Kant.SiteCard.trimEnd p.fst, snd := Kant.SiteCard.trimStart p.snd })       (Kant.SiteCard.breakAt ':' l))","O7;13;source_systemS5;lean411;source_fileS34;RequestProject/Kant/PlainText.lean13;source_formatS4;text11;imported_atI+0;14;transformed_atI+0;15;transformationsL0;13;parent_objectS0;","761c26607244e4e8d5861c2f5ee06eab40e378e0b49e1feec9a863328ef0c4e1"
"obj.Kant.Dom.Summary.recOn","def","Kant.Dom.Summary.recOn","ASSERTED","{motive : Kant.Dom.Summary → Sort u} →   (t : Kant.Dom.Summary) →     ((objects proven partiallyProven unproven contradicted proofs validProofs : Nat) →         motive           { objects := objects, proven := proven, partiallyProven := partiallyProven,             unproven := unproven, contradicted := contradicted, proofs := proofs,             validProofs := validProofs }) →       motive t","L0;","O0;","L0;","L0;","L0;","L0;","L0;","L0;","S394;{motive : Kant.Dom.Summary → Sort u} →   (t : Kant.Dom.Summary) →     ((objects proven partiallyProven unproven contradicted proofs validProofs : Nat) →         motive           { objects := objects, proven := proven, partiallyProven := partiallyProven,             unproven := unproven, contradicted := contradicted, proofs := proofs,             validProofs := validProofs }) →       motive t","O7;13;source_systemS5;lean411;source_fileS38;RequestProject/Kant/Domain/Ledger.lean13;source_formatS4;text11;imported_atI+0;14;transformed_atI+231;15;transformationsL0;13;parent_objectS0;","50829990037ec73d537369b1f7aaf7bacd0f80d9cd7eca17358f888ae4afe1a4"
"obj.Kant.Dom.Decl.mk.inj","theorem","Kant.Dom.Decl.mk.inj","PROVEN","∀ {name kind file : List Char} {line : Nat} {statement : List Char} {sorried axiomsOk : Bool}   {deps : List (List Char)} {name_1 kind_1 file_1 : List Char} {line_1 : Nat}   {statement_1 : List Char} {sorried_1 axiomsOk_1 : Bool} {deps_1 : List (List Char)},   Eq       { name := name, kind := kind, file := file, line := line, statement := statement,         sorried := sorried, axiomsOk := axiomsOk, deps := deps }       { name := name_1, kind := kind_1, file := file_1, line := line_1, statement := statement_1,         sorried := sorried_1, axiomsOk := axiomsOk_1, deps := deps_1 } →     And (Eq name name_1)       (And (Eq kind kind_1)         (And (Eq file file_1)           (And (Eq line line_1)             (And (Eq statement statement_1)               (And (Eq sorried sorried_1) (And (Eq axiomsOk axiomsOk_1) (Eq deps deps_1)))))))","L0;","O0;","L0;","L0;","L1;S26;claim.Kant.Dom.Decl.mk.inj","L0;","L1;S26;proof.Kant.Dom.Decl.mk.inj","L0;","S841;∀ {name kind file : List Char} {line : Nat} {statement : List Char} {sorried axiomsOk : Bool}   {deps : List (List Char)} {name_1 kind_1 file_1 : List Char} {line_1 : Nat}   {statement_1 : List Char} {sorried_1 axiomsOk_1 : Bool} {deps_1 : List (List Char)},   Eq       { name := name, kind := kind, file := file, line := line, statement := statement,         sorried := sorried, axiomsOk := axiomsOk, deps := deps }       { name := name_1, kind := kind_1, file := file_1, line := line_1, statement := statement_1,         sorried := sorried_1, axiomsOk := axiomsOk_1, deps := deps_1 } →     And (Eq name name_1)       (And (Eq kind kind_1)         (And (Eq file file_1)           (And (Eq line line_1)             (And (Eq statement statement_1)               (And (Eq sorried sorried_1) (And (Eq axiomsOk axiomsOk_1) (Eq deps deps_1)))))))","O7;13;source_systemS5;lean411;source_fileS39;RequestProject/Kant/Domain/Catalog.lean13;source_formatS4;text11;imported_atI+0;14;transformed_atI+0;15;transformationsL0;13;parent_objectS0;","151794201a0b436487cbc2abed8e98573737a78969affa9a8c31901c11ad319d"
"obj.Kant.Codec.instInhabitedTrans.default","def","Kant.Codec.instInhabitedTrans.default","ASSERTED","Kant.Codec.Trans","L0;","O0;","L0;","L0;","L0;","L0;","L0;","L0;","S16;Kant.Codec.Trans","O7;13;source_systemS5;lean411;source_fileS36;RequestProject/Kant/Codec/Model.lean13;source_formatS4;text11;imported_atI+0;14;transformed_atI+286;15;transformationsL0;13;parent_objectS0;","f42bc344d97232bcfa7ad27f83c79f5f66268e3f30dec302673d79896e69e7a5"
"obj.Kant.Dom.PStatus.unknown.sizeOf_spec","theorem","Kant.Dom.PStatus.unknown.sizeOf_spec","PROVEN","Eq (Kant.Dom.PStatus._sizeOf_inst.sizeOf Kant.Dom.PStatus.unknown) 1","L0;","O0;","L0;","L0;","L1;S42;claim.Kant.Dom.PStatus.unknown.sizeOf_spec","L0;","L1;S42;proof.Kant.Dom.PStatus.unknown.sizeOf_spec","L0;","S68;Eq (Kant.Dom.PStatus._sizeOf_inst.sizeOf Kant.Dom.PStatus.unknown) 1","O7;13;source_systemS5;lean411;source_fileS37;RequestProject/Kant/Domain/Model.lean13;source_formatS4;text11;imported_atI+0;14;transformed_atI+0;15;transformationsL0;13;parent_objectS0;","4c2044bc5da721e1568e9c949abfcf4e3e1dda32a4d1577bba8c3ef1b72eb7e8"
"obj.Kant.Connectivity.Client.noConfusionType","def","Kant.Connectivity.Client.noConfusionType","ASSERTED","Sort u → Kant.Connectivity.Client → Kant.Connectivity.Client → Sort u","L0;","O0;","L0;","L0;","L0;","L0;","L0;","L0;","S69;Sort u → Kant.Connectivity.Client → Kant.Connectivity.Client → Sort u","O7;13;source_systemS5;lean411;source_fileS37;RequestProject/Kant/Connectivity.lean13;source_formatS4;text11;imported_atI+0;14;transformed_atI+0;15;transformationsL0;13;parent_objectS0;","423b13d82b85d331e40dd5fbabedb476de93bd290dce758b2d81067e96446490"
"obj.Kant.Dom.Decl.ofVal.eq_1","theorem","Kant.Dom.Decl.ofVal.eq_1","PROVEN","∀ (fs : List (Prod (List Char) Kant.Codec.Val)),   Eq (Kant.Dom.Decl.ofVal (Kant.Codec.Val.obj fs)) do     let name ← Kant.Codec.getStr fs ""name"".toList     let kind ← Kant.Codec.getStr fs ""kind"".toList     let file ← Kant.Codec.getStr fs ""file"".toList     let line ← Kant.Codec.getNat fs ""line"".toList     let statement ← Kant.Codec.getStr fs ""statement"".toList     let sorried ← Kant.Codec.getBool fs ""sorried"".toList     let axiomsOk ← Kant.Codec.getBool fs ""axioms_ok"".toList     let deps ← Kant.Dom.getIds fs ""deps"".toList     instAlternativeOption.pure         { name := name, kind := kind, file := file, line := line, statement := statement,           sorried := sorried, axiomsOk := axiomsOk, deps := deps }","L1;S15;obj.Kant.Dom.Id","O0;","L0;","L0;","L1;S30;claim.Kant.Dom.Decl.ofVal.eq_1","L0;","L1;S30;proof.Kant.Dom.Decl.ofVal.eq_1","L0;","S715;∀ (fs : List (Prod (List Char) Kant.Codec.Val)),   Eq (Kant.Dom.Decl.ofVal (Kant.Codec.Val.obj fs)) do     let name ← Kant.Codec.getStr fs ""name"".toList     let kind ← Kant.Codec.getStr fs ""kind"".toList     let file ← Kant.Codec.getStr fs ""file"".toList     let line ← Kant.Codec.getNat fs ""line"".toList     let statement ← Kant.Codec.getStr fs ""statement"".toList     let sorried ← Kant.Codec.getBool fs ""sorried"".toList     let axiomsOk ← Kant.Codec.getBool fs ""axioms_ok"".toList     let deps ← Kant.Dom.getIds fs ""deps"".toList     instAlternativeOption.pure         { name := name, kind := kind, file := file, line := line, statement := statement,           sorried := sorried, axiomsOk := axiomsOk, deps := deps }","O7;13;source_systemS5;lean411;source_fileS39;RequestProject/Kant/Domain/Catalog.lean13;source_formatS4;text11;imported_atI+0;14;transformed_atI+0;15;transformationsL0;13;parent_objectS0;","aeb3389a67c8045d858e0789e1fa8fba6e6dbd9ac8f8811fdf99798f0a68f10c"
"obj.Kant.Repost.pasteCard_postCard","theorem","Kant.Repost.pasteCard_postCard","PROVEN","∀ {base : List Char},   Not (List.instMembership.mem base Kant.Clipboard.hash) →     ∀ {p : Kant.Paste},       Kant.Clipboard.Copyable p →         Eq ((Kant.Repost.readCard (Kant.Repost.postCard base p)).bind Kant.Clipboard.toPaste)           (Option.some p)","L2;S27;obj.Kant.Clipboard.CopyableS24;obj.Kant.Repost.readCard","O0;","L0;","L0;","L1;S36;claim.Kant.Repost.pasteCard_postCard","L0;","L1;S36;proof.Kant.Repost.pasteCard_postCard","L0;","S258;∀ {base : List Char},   Not (List.instMembership.mem base Kant.Clipboard.hash) →     ∀ {p : Kant.Paste},       Kant.Clipboard.Copyable p →         Eq ((Kant.Repost.readCard (Kant.Repost.postCard base p)).bind Kant.Clipboard.toPaste)           (Option.some p)","O7;13;source_systemS5;lean411;source_fileS31;RequestProject/Kant/Repost.lean13;source_formatS4;text11;imported_atI+0;14;transformed_atI+205;15;transformationsL0;13;parent_objectS0;","9b620b89c102cb492d408d2495279f5669d2dccc7f637a4313cb12e456e60450"
"obj.Kant.Cli.Client.secret","def","Kant.Cli.Client.secret","ASSERTED","Kant.Cli.Client → Kant.Bytes.Blob","L0;","O0;","L0;","L0;","L0;","L0;","L0;","L0;","S33;Kant.Cli.Client → Kant.Bytes.Blob","O7;13;source_systemS5;lean411;source_fileS28;RequestProject/Kant/Cli.lean13;source_formatS4;text11;imported_atI+0;14;transformed_atI+321;15;transformationsL0;13;parent_objectS0;","c82a95cf7481113628e728cd1472da819c1a4268ccf88538ba7b825c21ff6a73"
"obj.Kant.Codec.yamlEnc_head","theorem","Kant.Codec.yamlEnc_head","PROVEN","∀ (v : Kant.Codec.Val),   Exists fun c =>     Exists fun t => And (Eq (Kant.Codec.yamlEnc v) (List.cons c t)) (And (Ne c ']') (Ne c '}'))","L1;S22;obj.Kant.Codec.yamlEnc","O0;","L0;","L0;","L1;S29;claim.Kant.Codec.yamlEnc_head","L0;","L1;S29;proof.Kant.Codec.yamlEnc_head","L0;","S137;∀ (v : Kant.Codec.Val),   Exists fun c =>     Exists fun t => And (Eq (Kant.Codec.yamlEnc v) (List.cons c t)) (And (Ne c ']') (Ne c '}'))","O7;13;source_systemS5;lean411;source_fileS35;RequestProject/Kant/Codec/Yaml.lean13;source_formatS4;text11;imported_atI+0;14;transformed_atI+322;15;transformationsL0;13;parent_objectS0;","42a39563298b06fc5a2d26bc45e8c00f55916cd49747a17a462e448e1c3a182d"
"obj.Kant.Codec.openEnvelope.eq_1","theorem","Kant.Codec.openEnvelope.eq_1","PROVEN","∀ (e : Kant.Codec.Envelope),   Eq (Kant.Codec.openEnvelope e)     (ite (Eq e.schemaVersion Kant.Codec.schemaVersion)       ((Kant.Codec.decodeVal e.payloadFormat e.payload).bind Kant.Codec.Obj.ofVal) Option.none)","L1;S18;obj.Kant.Codec.Obj","O0;","L0;","L0;","L1;S34;claim.Kant.Codec.openEnvelope.eq_1","L0;","L1;S34;proof.Kant.Codec.openEnvelope.eq_1","L0;","S212;∀ (e : Kant.Codec.Envelope),   Eq (Kant.Codec.openEnvelope e)     (ite (Eq e.schemaVersion Kant.Codec.schemaVersion)       ((Kant.Codec.decodeVal e.payloadFormat e.payload).bind Kant.Codec.Obj.ofVal) Option.none)","O7;13;source_systemS5;lean411;source_fileS39;RequestProject/Kant/Codec/Exchange.lean13;source_formatS4;text11;imported_atI+0;14;transformed_atI+0;15;transformationsL0;13;parent_objectS0;","d79236df2d487a53222db7909284b6c044174e23c9cecbd1c6db078f38928a8e"
"obj.Kant.Codec.instReprProv.repr","def","Kant.Codec.instReprProv.repr","ASSERTED","Kant.Codec.Prov → Nat → Std.Format","L0;","O0;","L0;","L0;","L0;","L0;","L0;","L0;","S34;Kant.Codec.Prov → Nat → Std.Format","O7;13;source_systemS5;lean411;source_fileS36;RequestProject/Kant/Codec/Model.lean13;source_formatS4;text11;imported_atI+0;14;transformed_atI+330;15;transformationsL0;13;parent_objectS0;","0e04bf7c489aba864d071bc6aad02659f38ad713341c59405bb27c66b07c7153"
"obj.Kant.Codec.Ipdl","inductive","Kant.Codec.Ipdl","ASSERTED","Type","L0;","O0;","L0;","L0;","L0;","L0;","L0;","L0;","S4;Type","O7;13;source_systemS5;lean411;source_fileS35;RequestProject/Kant/Codec/Ipdl.lean13;source_formatS4;text11;imported_atI+0;14;transformed_atI+37;15;transformationsL0;13;parent_objectS0;","6f01d1116feb83be8402328443f1f1810892fe1dad71ab786894184ece2490bb"
"obj.Kant.Codec.rowsVal.eq_4","theorem","Kant.Codec.rowsVal.eq_4","PROVEN","∀ (id parent field s : List Char),   Eq (Kant.Codec.rowsVal id parent field (Kant.Codec.Val.str s))     (List.cons       { objectId := id, objectType := ""value"".toList, field := field, value := s,         valueType := ""string"".toList, parentId := parent }       List.nil)","L0;","O0;","L0;","L0;","L1;S29;claim.Kant.Codec.rowsVal.eq_4","L0;","L1;S29;proof.Kant.Codec.rowsVal.eq_4","L0;","S271;∀ (id parent field s : List Char),   Eq (Kant.Codec.rowsVal id parent field (Kant.Codec.Val.str s))     (List.cons       { objectId := id, objectType := ""value"".toList, field := field, value := s,         valueType := ""string"".toList, parentId := parent }       List.nil)","O7;13;source_systemS5;lean411;source_fileS34;RequestProject/Kant/Codec/Csv.lean13;source_formatS4;text11;imported_atI+0;14;transformed_atI+0;15;transformationsL0;13;parent_objectS0;","2e965ac1947a77bed657720bd5a824c92175716edc6a35f8cbaadff63aead853"
"obj.Kant.SiteCard.instReprCard","def","Kant.SiteCard.instReprCard","ASSERTED","Repr Kant.SiteCard.Card","L1;S35;obj.Kant.SiteCard.instReprCard.repr","O0;","L0;","L0;","L0;","L0;","L0;","L0;","S23;Repr Kant.SiteCard.Card","O7;13;source_systemS5;lean411;source_fileS33;RequestProject/Kant/SiteCard.lean13;source_formatS4;text11;imported_atI+0;14;transformed_atI+384;15;transformationsL0;13;parent_objectS0;","1ed37a3b4bf5c36217749ffc7b81de05a428c34abee64c9cb5e717cbbda3a83f"
"obj.Kant.Diagnostics.Event.mk.inj","theorem","Kant.Diagnostics.Event.mk.inj","PROVEN","∀ {seq ms : Nat} {level : Kant.Diagnostics.Level} {area : Kant.Diagnostics.Area}   {text detail : List Char} {seq_1 ms_1 : Nat} {level_1 : Kant.Diagnostics.Level}   {area_1 : Kant.Diagnostics.Area} {text_1 detail_1 : List Char},   Eq { seq := seq, ms := ms, level := level, area := area, text := text, detail := detail }       { seq := seq_1, ms := ms_1, level := level_1, area := area_1, text := text_1,         detail := detail_1 } →     And (Eq seq seq_1)       (And (Eq ms ms_1)         (And (Eq level level_1) (And (Eq area area_1) (And (Eq text text_1) (Eq detail detail_1)))))","L0;","O0;","L0;","L0;","L1;S35;claim.Kant.Diagnostics.Event.mk.inj","L0;","L1;S35;proof.Kant.Diagnostics.Event.mk.inj","L0;","S583;∀ {seq ms : Nat} {level : Kant.Diagnostics.Level} {area : Kant.Diagnostics.Area}   {text detail : List Char} {seq_1 ms_1 : Nat} {level_1 : Kant.Diagnostics.Level}   {area_1 : Kant.Diagnostics.Area} {text_1 detail_1 : List Char},   Eq { seq := seq, ms := ms, level := level, area := area, text := text, detail := detail }       { seq := seq_1, ms := ms_1, level := level_1, area := area_1, text := text_1,         detail := detail_1 } →     And (Eq seq seq_1)       (And (Eq ms ms_1)         (And (Eq level level_1) (And (Eq area area_1) (And (Eq text text_1) (Eq detail detail_1)))))","O7;13;source_systemS5;lean411;source_fileS36;RequestProject/Kant/Diagnostics.lean13;source_formatS4;text11;imported_atI+0;14;transformed_atI+0;15;transformationsL0;13;parent_objectS0;","389eeeed96d4ada8b4c298e8e904c28340c1d721a36775be8cd5a949d5a51d69"
"obj.Kant.Uucp.uucp_path","theorem","Kant.Uucp.uucp_path","PROVEN","∀ {a b c : Kant.Uucp.Node},   a.Wired →     (∀ (ms : List Kant.Relay.Msg),         Eq (Kant.Uucp.openBag a.bag) (Option.some ms) →           ∀ (m : Kant.Relay.Msg), List.instMembership.mem ms m → m.Wire) →       c.Wired →         ∀ {x : Kant.Relay.Msg},           List.instMembership.mem a.spool x →             List.instMembership.mem (b.paste (c.paste a.bag).bag).spool x","L0;","O0;","L0;","L0;","L1;S25;claim.Kant.Uucp.uucp_path","L0;","L1;S25;proof.Kant.Uucp.uucp_path","L0;","S373;∀ {a b c : Kant.Uucp.Node},   a.Wired →     (∀ (ms : List Kant.Relay.Msg),         Eq (Kant.Uucp.openBag a.bag) (Option.some ms) →           ∀ (m : Kant.Relay.Msg), List.instMembership.mem ms m → m.Wire) →       c.Wired →         ∀ {x : Kant.Relay.Msg},           List.instMembership.mem a.spool x →             List.instMembership.mem (b.paste (c.paste a.bag).bag).spool x","O7;13;source_systemS5;lean411;source_fileS29;RequestProject/Kant/Uucp.lean13;source_formatS4;text11;imported_atI+0;14;transformed_atI+591;15;transformationsL0;13;parent_objectS0;","16edd13cd133e8ce951dbb1733221761173f7341c2312378cbba061a51405d8b"
"obj.Kant.Codec.xIntClose","def","Kant.Codec.xIntClose","ASSERTED","List Char","L0;","O0;","L0;","L0;","L0;","L0;","L0;","L0;","S9;List Char","O7;13;source_systemS5;lean411;source_fileS34;RequestProject/Kant/Codec/Xml.lean13;source_formatS4;text11;imported_atI+0;14;transformed_atI+38;15;transformationsL0;13;parent_objectS0;","8a05774f1eeff2867ef40acd186a3a79b525c90b9a4146e059efdd0b5bd1af53"
"obj.Kant.Wasm.Leb128.ulebDec.eq_2","theorem","Kant.Wasm.Leb128.ulebDec.eq_2","PROVEN","∀ (b : UInt8) (bs : List UInt8),   Eq (Kant.Wasm.Leb128.ulebDec (List.cons b bs))     (ite (instLTNat.lt b.toNat 128) (Option.some { fst := b.toNat, snd := bs })       (Kant.Wasm.Leb128.ulebDec.match_1 (fun x => Option (Prod Nat (List UInt8)))         (Kant.Wasm.Leb128.ulebDec bs)         (fun n rest =>           Option.some             { fst := instHAdd.hAdd (instHSub.hSub b.toNat 128) (instHMul.hMul 128 n), snd := rest })         fun _ => Option.none))","L0;","O0;","L0;","L0;","L1;S35;claim.Kant.Wasm.Leb128.ulebDec.eq_2","L0;","L1;S35;proof.Kant.Wasm.Leb128.ulebDec.eq_2","L0;","S458;∀ (b : UInt8) (bs : List UInt8),   Eq (Kant.Wasm.Leb128.ulebDec (List.cons b bs))     (ite (instLTNat.lt b.toNat 128) (Option.some { fst := b.toNat, snd := bs })       (Kant.Wasm.Leb128.ulebDec.match_1 (fun x => Option (Prod Nat (List UInt8)))         (Kant.Wasm.Leb128.ulebDec bs)         (fun n rest =>           Option.some             { fst := instHAdd.hAdd (instHSub.hSub b.toNat 128) (instHMul.hMul 128 n), snd := rest })         fun _ => Option.none))","O7;13;source_systemS5;lean411;source_fileS31;RequestProject/Wasm/Leb128.lean13;source_formatS4;text11;imported_atI+0;14;transformed_atI+0;15;transformationsL0;13;parent_objectS0;","276c9c367816bbd17cbdd1bb5a06491ed0ecf82934c1a4936c08d9fe7cf0aaa0"
"obj.Kant.Codec.readXUntil.match_1","def","Kant.Codec.readXUntil.match_1","ASSERTED","(motive : List Char → Sort u_1) →   (x : List Char) →     (Unit → motive List.nil) →       ((rest : List Char) →           motive             (List.cons '&' (List.cons 'a' (List.cons 'm' (List.cons 'p' (List.cons ';' rest)))))) →         ((rest : List Char) →             motive (List.cons '&' (List.cons 'l' (List.cons 't' (List.cons ';' rest))))) →           ((rest : List Char) →               motive (List.cons '&' (List.cons 'g' (List.cons 't' (List.cons ';' rest))))) →             ((rest : List Char) →                 motive                   (List.cons '&'                     (List.cons 'q'                       (List.cons 'u' (List.cons 'o' (List.cons 't' (List.cons ';' rest))))))) →               ((rest : List Char) →                   motive                     (List.cons '&'                       (List.cons 'a'                         (List.cons 'p' (List.cons 'o' (List.cons 's' (List.cons ';' rest))))))) →                 ((tail : List Char) → motive (List.cons '&' tail)) →                   ((c : Char) → (rest : List Char) → motive (List.cons c rest)) → motive x","L0;","O0;","L0;","L0;","L0;","L0;","L0;","L0;","S1087;(motive : List Char → Sort u_1) →   (x : List Char) →     (Unit → motive List.nil) →       ((rest : List Char) →           motive             (List.cons '&' (List.cons 'a' (List.cons 'm' (List.cons 'p' (List.cons ';' rest)))))) →         ((rest : List Char) →             motive (List.cons '&' (List.cons 'l' (List.cons 't' (List.cons ';' rest))))) →           ((rest : List Char) →               motive (List.cons '&' (List.cons 'g' (List.cons 't' (List.cons ';' rest))))) →             ((rest : List Char) →                 motive                   (List.cons '&'                     (List.cons 'q'                       (List.cons 'u' (List.cons 'o' (List.cons 't' (List.cons ';' rest))))))) →               ((rest : List Char) →                   motive                     (List.cons '&'                       (List.cons 'a'                         (List.cons 'p' (List.cons 'o' (List.cons 's' (List.cons ';' rest))))))) →                 ((tail : List Char) → motive (List.cons '&' tail)) →                   ((c : Char) → (rest : List Char) → motive (List.cons c rest)) → motive x","O7;13;source_systemS5;lean411;source_fileS34;RequestProject/Kant/Codec/Xml.lean13;source_formatS4;text11;imported_atI+0;14;transformed_atI+0;15;transformationsL0;13;parent_objectS0;","20083bdf38daf82ab559afb5a582dfade0c62f3beb08ffe434b2c282d6c07327"
"obj.Kant.Codec.listOf.eq_1","theorem","Kant.Codec.listOf.eq_1","PROVEN","∀ {α : Type} (g : Kant.Codec.Val → Option α) (xs : List Kant.Codec.Val),   Eq (Kant.Codec.listOf g xs) (List.mapM g xs)","L0;","O0;","L0;","L0;","L1;S28;claim.Kant.Codec.listOf.eq_1","L0;","L1;S28;proof.Kant.Codec.listOf.eq_1","L0;","S119;∀ {α : Type} (g : Kant.Codec.Val → Option α) (xs : List Kant.Codec.Val),   Eq (Kant.Codec.listOf g xs) (List.mapM g xs)","O7;13;source_systemS5;lean411;source_fileS36;RequestProject/Kant/Codec/Model.lean13;source_formatS4;text11;imported_atI+0;14;transformed_atI+0;15;transformationsL0;13;parent_objectS0;","132d07129dfe0e6ff9f5d65a54454c245f01cbb78022e81552730d2e6126d3da"
"obj.Kant.Cli.reqOfArgv.eq_1","theorem","Kant.Cli.reqOfArgv.eq_1","PROVEN","∀ (c f url : List Char),   Eq (Kant.Cli.reqOfArgv (List.cons c (List.cons f (List.cons url List.nil))))     (ite (And (Eq c ""curl"".toList) (Eq f ""-sS"".toList)) (Option.some (Kant.Cli.getReq url))       Option.none)","L2;S16;obj.Kant.Cli.ReqS22;obj.Kant.Cli.reqOfArgv","O0;","L0;","L0;","L1;S29;claim.Kant.Cli.reqOfArgv.eq_1","L0;","L1;S29;proof.Kant.Cli.reqOfArgv.eq_1","L0;","S214;∀ (c f url : List Char),   Eq (Kant.Cli.reqOfArgv (List.cons c (List.cons f (List.cons url List.nil))))     (ite (And (Eq c ""curl"".toList) (Eq f ""-sS"".toList)) (Option.some (Kant.Cli.getReq url))       Option.none)","O7;13;source_systemS5;lean411;source_fileS28;RequestProject/Kant/Cli.lean13;source_formatS4;text11;imported_atI+0;14;transformed_atI+0;15;transformationsL0;13;parent_objectS0;","6749b24228b97d941ce7c31232062e375df3c4ba80cb2bc209b29f170af626a5"
"obj.Kant.Join.isCodeChar_not_blank","theorem","Kant.Join.isCodeChar_not_blank","PROVEN","∀ {c : Char}, Eq (Kant.Join.isCodeChar c) Bool.true → Eq (Kant.Join.isBlank c) Bool.false","L0;","O0;","L0;","L0;","L1;S36;claim.Kant.Join.isCodeChar_not_blank","L0;","L1;S36;proof.Kant.Join.isCodeChar_not_blank","L0;","S89;∀ {c : Char}, Eq (Kant.Join.isCodeChar c) Bool.true → Eq (Kant.Join.isBlank c) Bool.false","O7;13;source_systemS5;lean411;source_fileS29;RequestProject/Kant/Join.lean13;source_formatS4;text11;imported_atI+0;14;transformed_atI+70;15;transformationsL0;13;parent_objectS0;","92420c161804139c139c75188ce4e40f706893192670fc12253a58da0ca17695"
"obj.Kant.Codec.cross_format","theorem","Kant.Codec.cross_format","PROVEN","∀ (o : Kant.Codec.Obj) (f g : Kant.Codec.Fmt),   Eq (Option.map (Kant.Codec.encodeVal g) (Kant.Codec.decodeVal f (Kant.Codec.encodeVal f o.toVal)))     (Option.some (Kant.Codec.encodeVal g o.toVal))","L1;S18;obj.Kant.Codec.Obj","O0;","L0;","L0;","L1;S29;claim.Kant.Codec.cross_format","L0;","L1;S29;proof.Kant.Codec.cross_format","L0;","S198;∀ (o : Kant.Codec.Obj) (f g : Kant.Codec.Fmt),   Eq (Option.map (Kant.Codec.encodeVal g) (Kant.Codec.decodeVal f (Kant.Codec.encodeVal f o.toVal)))     (Option.some (Kant.Codec.encodeVal g o.toVal))","O7;13;source_systemS5;lean411;source_fileS39;RequestProject/Kant/Codec/Exchange.lean13;source_formatS4;text11;imported_atI+0;14;transformed_atI+383;15;transformationsL0;13;parent_objectS0;","9b905ce034548a06653537eb09d27259559bc3641efbd9c0429df3d117ff3dd3"
"obj.Kant.Codec.Obj.claims","def","Kant.Codec.Obj.claims","ASSERTED","Kant.Codec.Obj → List Kant.Codec.Val","L1;S18;obj.Kant.Codec.Obj","O0;","L0;","L0;","L0;","L0;","L0;","L0;","S36;Kant.Codec.Obj → List Kant.Codec.Val","O7;13;source_systemS5;lean411;source_fileS36;RequestProject/Kant/Codec/Model.lean13;source_formatS4;text11;imported_atI+0;14;transformed_atI+463;15;transformationsL0;13;parent_objectS0;","54fa8cf3c5eafe8055e8ff5ba16c7593c67757590cd9688e2a681794206fd1f1"
"obj.Kant.Codec.resolved","def","Kant.Codec.resolved","ASSERTED","Kant.Codec.Strategy → Kant.Codec.Obj → Kant.Codec.Obj → Option Kant.Codec.Obj","L2;S18;obj.Kant.Codec.ObjS25;obj.Kant.Codec.Obj.claims","O0;","L0;","L0;","L0;","L0;","L0;","L0;","S77;Kant.Codec.Strategy → Kant.Codec.Obj → Kant.Codec.Obj → Option Kant.Codec.Obj","O7;13;source_systemS5;lean411;source_fileS40;RequestProject/Kant/Codec/Reconcile.lean13;source_formatS4;text11;imported_atI+0;14;transformed_atI+320;15;transformationsL0;13;parent_objectS0;","dbc94dbc256c140a5ef2779bfff433b51cd49c282d28bbe4834d68755716e34f"
"obj.Kant.Dom.Event.nothing.sizeOf_spec","theorem","Kant.Dom.Event.nothing.sizeOf_spec","PROVEN","Eq (Kant.Dom.Event._sizeOf_inst.sizeOf Kant.Dom.Event.nothing) 1","L0;","O0;","L0;","L0;","L1;S40;claim.Kant.Dom.Event.nothing.sizeOf_spec","L0;","L1;S40;proof.Kant.Dom.Event.nothing.sizeOf_spec","L0;","S64;Eq (Kant.Dom.Event._sizeOf_inst.sizeOf Kant.Dom.Event.nothing) 1","O7;13;source_systemS5;lean411;source_fileS38;RequestProject/Kant/Domain/Policy.lean13;source_formatS4;text11;imported_atI+0;14;transformed_atI+0;15;transformationsL0;13;parent_objectS0;","0cbab39954896bc228537349a17e32257c942af315a2e47c6f92add47373805f"
"obj.Kant.Onboarding.Screen.welcome.sizeOf_spec","theorem","Kant.Onboarding.Screen.welcome.sizeOf_spec","PROVEN","Eq (Kant.Onboarding.Screen._sizeOf_inst.sizeOf Kant.Onboarding.Screen.welcome) 1","L0;","O0;","L0;","L0;","L1;S48;claim.Kant.Onboarding.Screen.welcome.sizeOf_spec","L0;","L1;S48;proof.Kant.Onboarding.Screen.welcome.sizeOf_spec","L0;","S80;Eq (Kant.Onboarding.Screen._sizeOf_inst.sizeOf Kant.Onboarding.Screen.welcome) 1","O7;13;source_systemS5;lean411;source_fileS35;RequestProject/Kant/Onboarding.lean13;source_formatS4;text11;imported_atI+0;14;transformed_atI+0;15;transformationsL0;13;parent_objectS0;","21fdea0ac12bfa55df34277693c263c246ee8d7dd809e32f61373568cdc2b39c"
"obj.Kant.Codec.Ipdl.brecOn.eq","theorem","Kant.Codec.Ipdl.brecOn.eq","PROVEN","∀ {motive_1 : Kant.Codec.Ipdl → Sort u} {motive_2 : List Kant.Codec.Ipdl → Sort u}   {motive_3 : List (Prod (List Char) Kant.Codec.Ipdl) → Sort u}   {motive_4 : Prod (List Char) Kant.Codec.Ipdl → Sort u} (t : Kant.Codec.Ipdl)   (F_1 : (t : Kant.Codec.Ipdl) → t.below → motive_1 t)   (F_2 : (t : List Kant.Codec.Ipdl) → Kant.Codec.Ipdl.below_1 t → motive_2 t)   (F_3 : (t : List (Prod (List Char) Kant.Codec.Ipdl)) → Kant.Codec.Ipdl.below_2 t → motive_3 t)   (F_4 : (t : Prod (List Char) Kant.Codec.Ipdl) → Kant.Codec.Ipdl.below_3 t → motive_4 t),   Eq (t.brecOn F_1 F_2 F_3 F_4) (F_1 t (Kant.Codec.Ipdl.brecOn.go t F_1 F_2 F_3 F_4).2)","L2;S19;obj.Kant.Codec.IpdlS27;obj.Kant.Codec.Ipdl.below_2","O0;","L0;","L0;","L1;S31;claim.Kant.Codec.Ipdl.brecOn.eq","L0;","L1;S31;proof.Kant.Codec.Ipdl.brecOn.eq","L0;","S634;∀ {motive_1 : Kant.Codec.Ipdl → Sort u} {motive_2 : List Kant.Codec.Ipdl → Sort u}   {motive_3 : List (Prod (List Char) Kant.Codec.Ipdl) → Sort u}   {motive_4 : Prod (List Char) Kant.Codec.Ipdl → Sort u} (t : Kant.Codec.Ipdl)   (F_1 : (t : Kant.Codec.Ipdl) → t.below → motive_1 t)   (F_2 : (t : List Kant.Codec.Ipdl) → Kant.Codec.Ipdl.below_1 t → motive_2 t)   (F_3 : (t : List (Prod (List Char) Kant.Codec.Ipdl)) → Kant.Codec.Ipdl.below_2 t → motive_3 t)   (F_4 : (t : Prod (List Char) Kant.Codec.Ipdl) → Kant.Codec.Ipdl.below_3 t → motive_4 t),   Eq (t.brecOn F_1 F_2 F_3 F_4) (F_1 t (Kant.Codec.Ipdl.brecOn.go t F_1 F_2 F_3 F_4).2)","O7;13;source_systemS5;lean411;source_fileS35;RequestProject/Kant/Codec/Ipdl.lean13;source_formatS4;text11;imported_atI+0;14;transformed_atI+0;15;transformationsL0;13;parent_objectS0;","c50b8c685ff2df3db393b985af62adc2c740f141afa0847f8a6fcd7b58499bb4"
"obj.Kant.Dom.DomObj.claimRefs","def","Kant.Dom.DomObj.claimRefs","ASSERTED","Kant.Dom.DomObj → List Kant.Dom.Id","L1;S15;obj.Kant.Dom.Id","O0;","L0;","L0;","L0;","L0;","L0;","L0;","S34;Kant.Dom.DomObj → List Kant.Dom.Id","O7;13;source_systemS5;lean411;source_fileS37;RequestProject/Kant/Domain/Model.lean13;source_formatS4;text11;imported_atI+0;14;transformed_atI+300;15;transformationsL0;13;parent_objectS0;","055abf7e1f6bb112239aefbae9e923d5d03e0a343087c44c86bbc2868648055f"
"obj.Kant.Paste.coords","def","Kant.Paste.coords","ASSERTED","Kant.Paste → Kant.Dasl.Orbifold","L0;","O0;","L0;","L0;","L0;","L0;","L0;","L0;","S31;Kant.Paste → Kant.Dasl.Orbifold","O7;13;source_systemS5;lean411;source_fileS30;RequestProject/Kant/Paste.lean13;source_formatS4;text11;imported_atI+0;14;transformed_atI+57;15;transformationsL0;13;parent_objectS0;","41c98570cc4255cfa1698a1f556f12d4fc06a8a42f88a11d0951823d004118a2"
"obj.Kant.Codec.yamlEnc.eq_5","theorem","Kant.Codec.yamlEnc.eq_5","PROVEN","∀ (s : List Char),   Eq (Kant.Codec.yamlEnc (Kant.Codec.Val.str s))     (List.cons '\""' (instHAppendOfAppend.hAppend (Kant.Codec.esc s) (List.cons '\""' List.nil)))","L1;S22;obj.Kant.Codec.yamlEnc","O0;","L0;","L0;","L1;S29;claim.Kant.Codec.yamlEnc.eq_5","L0;","L1;S29;proof.Kant.Codec.yamlEnc.eq_5","L0;","S163;∀ (s : List Char),   Eq (Kant.Codec.yamlEnc (Kant.Codec.Val.str s))     (List.cons '\""' (instHAppendOfAppend.hAppend (Kant.Codec.esc s) (List.cons '\""' List.nil)))","O7;13;source_systemS5;lean411;source_fileS35;RequestProject/Kant/Codec/Yaml.lean13;source_formatS4;text11;imported_atI+0;14;transformed_atI+0;15;transformationsL0;13;parent_objectS0;","c70a5a8740306da143cd571e7efd801e7a07df566074fe9bd8a827c7f420be88"
"obj.Kant.Dom.instReprRel.repr","def","Kant.Dom.instReprRel.repr","ASSERTED","Kant.Dom.Rel → Nat → Std.Format","L1;S37;obj.Kant.Dom.instReprRel.repr.match_1","O0;","L0;","L0;","L0;","L0;","L0;","L0;","S31;Kant.Dom.Rel → Nat → Std.Format","O7;13;source_systemS5;lean411;source_fileS37;RequestProject/Kant/Domain/Model.lean13;source_formatS4;text11;imported_atI+0;14;transformed_atI+70;15;transformationsL0;13;parent_objectS0;","b4a9f1affbf34f3b76165569277084a8829298f2b831a3612dde7a8b6695b30e"
"obj.Kant.Codec.readQuoted","def","Kant.Codec.readQuoted","ASSERTED","List Char → Option (Prod (List Char) (List Char))","L0;","O0;","L0;","L0;","L0;","L0;","L0;","L0;","S49;List Char → Option (Prod (List Char) (List Char))","O7;13;source_systemS5;lean411;source_fileS35;RequestProject/Kant/Codec/Yaml.lean13;source_formatS4;text11;imported_atI+0;14;transformed_atI+50;15;transformationsL0;13;parent_objectS0;","c0dc63033bd22d9b71ec4d2e64692458500976ba64ccef89758de8dbf629e606"
"obj.Kant.Codec.Prov.ofVal_toVal","theorem","Kant.Codec.Prov.ofVal_toVal","PROVEN","∀ (p : Kant.Codec.Prov), Eq (Kant.Codec.Prov.ofVal p.toVal) (Option.some p)","L0;","O0;","L0;","L0;","L1;S33;claim.Kant.Codec.Prov.ofVal_toVal","L0;","L1;S33;proof.Kant.Codec.Prov.ofVal_toVal","L0;","S75;∀ (p : Kant.Codec.Prov), Eq (Kant.Codec.Prov.ofVal p.toVal) (Option.some p)","O7;13;source_systemS5;lean411;source_fileS36;RequestProject/Kant/Codec/Model.lean13;source_formatS4;text11;imported_atI+0;14;transformed_atI+354;15;transformationsL0;13;parent_objectS0;","a3051279c5f3e110b1372c755b8ab8b398596596c4058fe6289852702208b6f9"
"obj.Kant.Cli.accept_printMsg_of_not_mem","theorem","Kant.Cli.accept_printMsg_of_not_mem","PROVEN","∀ {ms : List Kant.Relay.Msg} {m : Kant.Relay.Msg},   m.Wire →     Not (List.instMembership.mem ms m) →       Eq (Kant.Relay.accept ms (Kant.Relay.printMsg m)) (List.cons m ms)","L1;S33;obj.Kant.Relay.instDecidableEqMsg","O0;","L0;","L0;","L1;S41;claim.Kant.Cli.accept_printMsg_of_not_mem","L0;","L1;S41;proof.Kant.Cli.accept_printMsg_of_not_mem","L0;","S175;∀ {ms : List Kant.Relay.Msg} {m : Kant.Relay.Msg},   m.Wire →     Not (List.instMembership.mem ms m) →       Eq (Kant.Relay.accept ms (Kant.Relay.printMsg m)) (List.cons m ms)","O7;13;source_systemS5;lean411;source_fileS28;RequestProject/Kant/Cli.lean13;source_formatS4;text11;imported_atI+0;14;transformed_atI+640;15;transformationsL0;13;parent_objectS0;","8eeddfedcaf9e6bdc862d91ba78d9db2ef2f29ca2aa78b171866b6ce24ced40c"
"obj.Kant.Codec.Obj","inductive","Kant.Codec.Obj","ASSERTED","Type","L0;","O0;","L0;","L0;","L0;","L0;","L0;","L0;","S4;Type","O7;13;source_systemS5;lean411;source_fileS36;RequestProject/Kant/Codec/Model.lean13;source_formatS4;text11;imported_atI+0;14;transformed_atI+449;15;transformationsL0;13;parent_objectS0;","38038dad4f79c34ea5566c7018bf0dd1c38f32651faad6c8e4ddddad537e9bcb"
"obj.Kant.Cli.link_page_static","theorem","Kant.Cli.link_page_static","PROVEN","∀ {cfg : Kant.SiteCard.Config},   Not (List.instMembership.mem cfg.origin Kant.Clipboard.hash) →     ∀ (c : Kant.Cli.Client), Eq (Kant.Cli.pageOf (Kant.Cli.Client.link cfg c)) cfg.origin","L0;","O0;","L0;","L0;","L1;S31;claim.Kant.Cli.link_page_static","L0;","L1;S31;proof.Kant.Cli.link_page_static","L0;","S186;∀ {cfg : Kant.SiteCard.Config},   Not (List.instMembership.mem cfg.origin Kant.Clipboard.hash) →     ∀ (c : Kant.Cli.Client), Eq (Kant.Cli.pageOf (Kant.Cli.Client.link cfg c)) cfg.origin","O7;13;source_systemS5;lean411;source_fileS28;RequestProject/Kant/Cli.lean13;source_formatS4;text11;imported_atI+0;14;transformed_atI+487;15;transformationsL0;13;parent_objectS0;","7f7f344bc7ed8b4b29af498ef7cbead8aef5459c78de9f0935a017c947122f06"
"obj.Kant.Join.deblank_of_blankFree","theorem","Kant.Join.deblank_of_blankFree","PROVEN","∀ {s : List Char}, Kant.Join.BlankFree s → Eq (Kant.Join.deblank s) s","L0;","O0;","L0;","L0;","L1;S36;claim.Kant.Join.deblank_of_blankFree","L0;","L1;S36;proof.Kant.Join.deblank_of_blankFree","L0;","S69;∀ {s : List Char}, Kant.Join.BlankFree s → Eq (Kant.Join.deblank s) s","O7;13;source_systemS5;lean411;source_fileS29;RequestProject/Kant/Join.lean13;source_formatS4;text11;imported_atI+0;14;transformed_atI+171;15;transformationsL0;13;parent_objectS0;","dffd26c10f3969983a84dc171ac3b55350bd3a39a7cd4cbea58cb2ae8f8e4559"
"obj.Kant.Uucp.absorb_cons","theorem","Kant.Uucp.absorb_cons","PROVEN","∀ (spool : List Kant.Relay.Msg) (m : Kant.Relay.Msg) (ms : List Kant.Relay.Msg),   Eq (Kant.Uucp.absorb spool (List.cons m ms)) (Kant.Uucp.absorb (Kant.Uucp.insertMsg spool m) ms)","L0;","O0;","L0;","L0;","L1;S27;claim.Kant.Uucp.absorb_cons","L0;","L1;S27;proof.Kant.Uucp.absorb_cons","L0;","S179;∀ (spool : List Kant.Relay.Msg) (m : Kant.Relay.Msg) (ms : List Kant.Relay.Msg),   Eq (Kant.Uucp.absorb spool (List.cons m ms)) (Kant.Uucp.absorb (Kant.Uucp.insertMsg spool m) ms)","O7;13;source_systemS5;lean411;source_fileS29;RequestProject/Kant/Uucp.lean13;source_formatS4;text11;imported_atI+0;14;transformed_atI+343;15;transformationsL0;13;parent_objectS0;","4c41acc6b484ee32eff052f15ac48605e391c4558796433c5c3d64bf03fcdd1f"
"obj.Kant.Codec.Verdict.recOn","def","Kant.Codec.Verdict.recOn","ASSERTED","{motive : Kant.Codec.Verdict → Sort u} →   (t : Kant.Codec.Verdict) →     motive Kant.Codec.Verdict.equivalent →       motive Kant.Codec.Verdict.different →         motive Kant.Codec.Verdict.conflict →           motive Kant.Codec.Verdict.incomparable → motive Kant.Codec.Verdict.incomplete → motive t","L0;","O0;","L0;","L0;","L0;","L0;","L0;","L0;","S300;{motive : Kant.Codec.Verdict → Sort u} →   (t : Kant.Codec.Verdict) →     motive Kant.Codec.Verdict.equivalent →       motive Kant.Codec.Verdict.different →         motive Kant.Codec.Verdict.conflict →           motive Kant.Codec.Verdict.incomparable → motive Kant.Codec.Verdict.incomplete → motive t","O7;13;source_systemS5;lean411;source_fileS40;RequestProject/Kant/Codec/Reconcile.lean13;source_formatS4;text11;imported_atI+0;14;transformed_atI+197;15;transformationsL0;13;parent_objectS0;","e500ca679c76760680ba9d81d8cf5f4939e80e14efaad600af13cd01bfd58f43"
"obj.Kant.Codec.digitVal_digitChar","theorem","Kant.Codec.digitVal_digitChar","PROVEN","∀ {n : Nat}, instLTNat.lt n 10 → Eq (Kant.Codec.digitVal (Kant.Codec.digitChar n)) (Option.some n)","L0;","O0;","L0;","L0;","L1;S35;claim.Kant.Codec.digitVal_digitChar","L0;","L1;S35;proof.Kant.Codec.digitVal_digitChar","L0;","S98;∀ {n : Nat}, instLTNat.lt n 10 → Eq (Kant.Codec.digitVal (Kant.Codec.digitChar n)) (Option.some n)","O7;13;source_systemS5;lean411;source_fileS34;RequestProject/Kant/Codec/Val.lean13;source_formatS4;text11;imported_atI+0;14;transformed_atI+96;15;transformationsL0;13;parent_objectS0;","9d708fd10dccaed1ea27a424ac71b9f632a61a3b42f66b63884c2068e165ad18"
"obj.Kant.Diagnostics.Report.Wire.events","theorem","Kant.Diagnostics.Report.Wire.events","PROVEN","∀ {r : Kant.Diagnostics.Report},   r.Wire → ∀ (e : Kant.Diagnostics.Event), List.instMembership.mem r.events e → e.Wire","L0;","O0;","L0;","L0;","L1;S41;claim.Kant.Diagnostics.Report.Wire.events","L0;","L1;S41;proof.Kant.Diagnostics.Report.Wire.events","L0;","S119;∀ {r : Kant.Diagnostics.Report},   r.Wire → ∀ (e : Kant.Diagnostics.Event), List.instMembership.mem r.events e → e.Wire","O7;13;source_systemS5;lean411;source_fileS36;RequestProject/Kant/Diagnostics.lean13;source_formatS4;text11;imported_atI+0;14;transformed_atI+545;15;transformationsL0;13;parent_objectS0;","57c6e9e9b33e407d0351ab828cadc9cae93e0eeef34bb7277a78aa6e9f048794"
"obj.Kant.Onboarding.Progress.casesOn","def","Kant.Onboarding.Progress.casesOn","ASSERTED","{motive : Kant.Onboarding.Progress → Sort u} →   (t : Kant.Onboarding.Progress) →     ((gotIn sharedIt saidHello : Bool) →         motive { gotIn := gotIn, sharedIt := sharedIt, saidHello := saidHello }) →       motive t","L0;","O0;","L0;","L0;","L0;","L0;","L0;","L0;","S220;{motive : Kant.Onboarding.Progress → Sort u} →   (t : Kant.Onboarding.Progress) →     ((gotIn sharedIt saidHello : Bool) →         motive { gotIn := gotIn, sharedIt := sharedIt, saidHello := saidHello }) →       motive t","O7;13;source_systemS5;lean411;source_fileS35;RequestProject/Kant/Onboarding.lean13;source_formatS4;text11;imported_atI+0;14;transformed_atI+101;15;transformationsL0;13;parent_objectS0;","a5bbfddef3f4b7ed38b472cff2f1abeab419beb45a7fb5bfba792d592fefde7c"
"obj.Kant.Dom.Domain.toVal_injective","theorem","Kant.Dom.Domain.toVal_injective","PROVEN","∀ {a b : Kant.Dom.Domain}, Eq a.toVal b.toVal → Eq a b","L0;","O0;","L0;","L0;","L1;S37;claim.Kant.Dom.Domain.toVal_injective","L0;","L1;S37;proof.Kant.Dom.Domain.toVal_injective","L0;","S54;∀ {a b : Kant.Dom.Domain}, Eq a.toVal b.toVal → Eq a b","O7;13;source_systemS5;lean411;source_fileS37;RequestProject/Kant/Domain/Model.lean13;source_formatS4;text11;imported_atI+0;14;transformed_atI+632;15;transformationsL0;13;parent_objectS0;","1bcdbed6419f4cc78bfea38577560c7c14ee233f0fa985c56b168835a2b619fa"
"obj.Kant.Dasl.mergeCids_zero","theorem","Kant.Dasl.mergeCids_zero","PROVEN","∀ (c : Nat),   instLTNat.lt c (instHPow.hPow 2 48) →     Eq (Kant.Dasl.mergeCids 0 c)       (instHAdd.hAdd (instHMul.hMul Kant.Dasl.daslPrefix (instHPow.hPow 2 48)) c)","L0;","O0;","L0;","L0;","L1;S30;claim.Kant.Dasl.mergeCids_zero","L0;","L1;S30;proof.Kant.Dasl.mergeCids_zero","L0;","S167;∀ (c : Nat),   instLTNat.lt c (instHPow.hPow 2 48) →     Eq (Kant.Dasl.mergeCids 0 c)       (instHAdd.hAdd (instHMul.hMul Kant.Dasl.daslPrefix (instHPow.hPow 2 48)) c)","O7;13;source_systemS5;lean411;source_fileS29;RequestProject/Kant/Dasl.lean13;source_formatS4;text11;imported_atI+0;14;transformed_atI+357;15;transformationsL0;13;parent_objectS0;","47ef47b1c9d742460cbe033ff45f5be917dfa2501e659760f065bced96bde9f3"
"obj.Kant.Cli.reqOfArgv","def","Kant.Cli.reqOfArgv","ASSERTED","List (List Char) → Option Kant.Cli.Req","L1;S16;obj.Kant.Cli.Req","O0;","L0;","L0;","L0;","L0;","L0;","L0;","S38;List (List Char) → Option Kant.Cli.Req","O7;13;source_systemS5;lean411;source_fileS28;RequestProject/Kant/Cli.lean13;source_formatS4;text11;imported_atI+0;14;transformed_atI+173;15;transformationsL0;13;parent_objectS0;","03c7f456a53c3b2fa6fc324cd397896c9e95e8ed5eb05a356a5ea32c73fd9df2"
"obj.Kant.Codec.canonEnc","def","Kant.Codec.canonEnc","ASSERTED","Kant.Codec.Val → List Char","L0;","O0;","L0;","L0;","L0;","L0;","L0;","L0;","S26;Kant.Codec.Val → List Char","O7;13;source_systemS5;lean411;source_fileS34;RequestProject/Kant/Codec/Val.lean13;source_formatS4;text11;imported_atI+0;14;transformed_atI+231;15;transformationsL0;13;parent_objectS0;","f8aaa10dd725507eebaa5a3fd2995531eb58cd224ae7cd30c3435ddb1666e7d3"
"obj.Kant.Wasm.Kernel.eval_dual47E","theorem","Kant.Wasm.Kernel.eval_dual47E","PROVEN","∀ (o : Kant.Dasl.Orbifold) (n k : UInt64),   Eq n.toNat o.n →     instLTNat.lt (instHAdd.hAdd o.n k.toNat) (instHPow.hPow 2 64) →       Eq         (Option.map UInt64.toNat           (Kant.Wasm.Expr.eval (List.cons n (List.cons k List.nil)) Kant.Wasm.Kernel.dual47E))         (Option.some (Kant.Dasl.dual47 o k.toNat).n)","L0;","O0;","L0;","L0;","L1;S35;claim.Kant.Wasm.Kernel.eval_dual47E","L0;","L1;S35;proof.Kant.Wasm.Kernel.eval_dual47E","L0;","S319;∀ (o : Kant.Dasl.Orbifold) (n k : UInt64),   Eq n.toNat o.n →     instLTNat.lt (instHAdd.hAdd o.n k.toNat) (instHPow.hPow 2 64) →       Eq         (Option.map UInt64.toNat           (Kant.Wasm.Expr.eval (List.cons n (List.cons k List.nil)) Kant.Wasm.Kernel.dual47E))         (Option.some (Kant.Dasl.dual47 o k.toNat).n)","O7;13;source_systemS5;lean411;source_fileS35;RequestProject/Wasm/KernelSpec.lean13;source_formatS4;text11;imported_atI+0;14;transformed_atI+299;15;transformationsL0;13;parent_objectS0;","23e682cc231801893d19dfeba36b194e72cbdafee14dad5bfb7c643028fa8180"
"obj.Kant.PlainText.Meta.Wf.title","theorem","Kant.PlainText.Meta.Wf.title","PROVEN","∀ {m : Kant.PlainText.Meta}, m.Wf → Kant.SiteCard.FieldOk m.title","L0;","O0;","L0;","L0;","L1;S34;claim.Kant.PlainText.Meta.Wf.title","L0;","L1;S34;proof.Kant.PlainText.Meta.Wf.title","L0;","S65;∀ {m : Kant.PlainText.Meta}, m.Wf → Kant.SiteCard.FieldOk m.title","O7;13;source_systemS5;lean411;source_fileS34;RequestProject/Kant/PlainText.lean13;source_formatS4;text11;imported_atI+0;14;transformed_atI+102;15;transformationsL0;13;parent_objectS0;","db7272da1fc0b416c3d41b03d6c013713325f3986a53dee890777d77ae2c8863"
"obj.Kant.Meme.ofPaste","def","Kant.Meme.ofPaste","ASSERTED","Kant.Meme.Template → Kant.Paste → Kant.Stego.Carrier","L1;S22;obj.Kant.Meme.Template","O0;","L0;","L0;","L0;","L0;","L0;","L0;","S52;Kant.Meme.Template → Kant.Paste → Kant.Stego.Carrier","O7;13;source_systemS5;lean411;source_fileS29;RequestProject/Kant/Meme.lean13;source_formatS4;text11;imported_atI+0;14;transformed_atI+187;15;transformationsL0;13;parent_objectS0;","ca04dc6664c48be634c6fb37fca17a99fc4cf41b6041e5409bfde225b5d81af3"
"obj.Kant.Meme.Template.casesOn","def","Kant.Meme.Template.casesOn","ASSERTED","{motive : Kant.Meme.Template → Sort u} →   (t : Kant.Meme.Template) →     ((topText bottomText : List Char) →         (carrier : Kant.Stego.Carrier) →           motive { topText := topText, bottomText := bottomText, carrier := carrier }) →       motive t","L1;S22;obj.Kant.Meme.Template","O0;","L0;","L0;","L0;","L0;","L0;","L0;","S254;{motive : Kant.Meme.Template → Sort u} →   (t : Kant.Meme.Template) →     ((topText bottomText : List Char) →         (carrier : Kant.Stego.Carrier) →           motive { topText := topText, bottomText := bottomText, carrier := carrier }) →       motive t","O7;13;source_systemS5;lean411;source_fileS29;RequestProject/Kant/Meme.lean13;source_formatS4;text11;imported_atI+0;14;transformed_atI+50;15;transformationsL0;13;parent_objectS0;","0b99b864182df5290e3c0e349434d026f8f8d12e657c7f3383dbfce4da9dbf10"
"obj.Kant.Codec.splitLines.eq_1","theorem","Kant.Codec.splitLines.eq_1","PROVEN","Eq (Kant.Codec.splitLines List.nil) (List.cons List.nil List.nil)","L0;","O0;","L0;","L0;","L1;S32;claim.Kant.Codec.splitLines.eq_1","L0;","L1;S32;proof.Kant.Codec.splitLines.eq_1","L0;","S65;Eq (Kant.Codec.splitLines List.nil) (List.cons List.nil List.nil)","O7;13;source_systemS5;lean411;source_fileS38;RequestProject/Kant/Codec/RawText.lean13;source_formatS4;text11;imported_atI+0;14;transformed_atI+0;15;transformationsL0;13;parent_objectS0;","ee6f626e2cf84b0e7f5c70809d27701154a537583cc8f90811987b1cee8b0f8b"
"obj.Kant.Dom.RepairRecord.mk.sizeOf_spec","theorem","Kant.Dom.RepairRecord.mk.sizeOf_spec","PROVEN","∀ (error : Kant.Codec.Err) (repair : Kant.Dom.Repair) (result : Option Kant.Codec.Val)   (status : Kant.Dom.PStatus),   Eq     (Kant.Dom.RepairRecord._sizeOf_inst.sizeOf       { error := error, repair := repair, result := result, status := status })     (instHAdd.hAdd       (instHAdd.hAdd         (instHAdd.hAdd (instHAdd.hAdd 1 (Kant.Codec.Err._sizeOf_inst.sizeOf error))           (Kant.Dom.Repair._sizeOf_inst.sizeOf repair))         ((Option._sizeOf_inst Kant.Codec.Val).sizeOf result))       (Kant.Dom.PStatus._sizeOf_inst.sizeOf status))","L0;","O0;","L0;","L0;","L1;S42;claim.Kant.Dom.RepairRecord.mk.sizeOf_spec","L0;","L1;S42;proof.Kant.Dom.RepairRecord.mk.sizeOf_spec","L0;","S544;∀ (error : Kant.Codec.Err) (repair : Kant.Dom.Repair) (result : Option Kant.Codec.Val)   (status : Kant.Dom.PStatus),   Eq     (Kant.Dom.RepairRecord._sizeOf_inst.sizeOf       { error := error, repair := repair, result := result, status := status })     (instHAdd.hAdd       (instHAdd.hAdd         (instHAdd.hAdd (instHAdd.hAdd 1 (Kant.Codec.Err._sizeOf_inst.sizeOf error))           (Kant.Dom.Repair._sizeOf_inst.sizeOf repair))         ((Option._sizeOf_inst Kant.Codec.Val).sizeOf result))       (Kant.Dom.PStatus._sizeOf_inst.sizeOf status))","O7;13;source_systemS5;lean411;source_fileS38;RequestProject/Kant/Domain/Policy.lean13;source_formatS4;text11;imported_atI+0;14;transformed_atI+0;15;transformationsL0;13;parent_objectS0;","752da57076a2724187ecc89c7cd6b426e72a9d377cc33b1b3a1669cbccee10d0"
"obj.Kant.Sneakernet.Channel.socialVideo.sizeOf_spec","theorem","Kant.Sneakernet.Channel.socialVideo.sizeOf_spec","PROVEN","Eq (Kant.Sneakernet.Channel._sizeOf_inst.sizeOf Kant.Sneakernet.Channel.socialVideo) 1","L0;","O0;","L0;","L0;","L1;S53;claim.Kant.Sneakernet.Channel.socialVideo.sizeOf_spec","L0;","L1;S53;proof.Kant.Sneakernet.Channel.socialVideo.sizeOf_spec","L0;","S86;Eq (Kant.Sneakernet.Channel._sizeOf_inst.sizeOf Kant.Sneakernet.Channel.socialVideo) 1","O7;13;source_systemS5;lean411;source_fileS35;RequestProject/Kant/Sneakernet.lean13;source_formatS4;text11;imported_atI+0;14;transformed_atI+0;15;transformationsL0;13;parent_objectS0;","b1ba9297ffab6e5faebfc0ee081df12c57125819b632f7057478d0c9fb0a81d2"
"obj.Kant.Dom.Evid.toCtorIdx","def","Kant.Dom.Evid.toCtorIdx","ASSERTED","Kant.Dom.Evid → Nat","L0;","O0;","L0;","L0;","L0;","L0;","L0;","L0;","S19;Kant.Dom.Evid → Nat","O7;13;source_systemS5;lean411;source_fileS37;RequestProject/Kant/Domain/Model.lean13;source_formatS4;text11;imported_atI+0;14;transformed_atI+0;15;transformationsL0;13;parent_objectS0;","ad337d0509927cd26a8052cb0c3ce5c54469642b35eb91c49770ca322c37c2a7"
"obj.Kant.Wasm.Decode.stackStep.eq_1","theorem","Kant.Wasm.Decode.stackStep.eq_1","PROVEN","∀ (arity : Nat) (x : List Kant.Wasm.Decode.VType) (n : Int),   Eq (Kant.Wasm.Decode.stackStep arity x (Kant.Wasm.Decode.RawInstr.i64const n))     (Option.some (List.cons Kant.Wasm.Decode.VType.i64 x))","L0;","O0;","L0;","L0;","L1;S37;claim.Kant.Wasm.Decode.stackStep.eq_1","L0;","L1;S37;proof.Kant.Wasm.Decode.stackStep.eq_1","L0;","S200;∀ (arity : Nat) (x : List Kant.Wasm.Decode.VType) (n : Int),   Eq (Kant.Wasm.Decode.stackStep arity x (Kant.Wasm.Decode.RawInstr.i64const n))     (Option.some (List.cons Kant.Wasm.Decode.VType.i64 x))","O7;13;source_systemS5;lean411;source_fileS31;RequestProject/Wasm/Decode.lean13;source_formatS4;text11;imported_atI+0;14;transformed_atI+0;15;transformationsL0;13;parent_objectS0;","c82b58e1ca8864e4bbe339e10be03d6fce2adba9fcc41d0afc3bb11c4a2de415"
"obj.Kant.Codec.projectFields.eq_2","theorem","Kant.Codec.projectFields.eq_2","PROVEN","∀ (k : List Char) (v : Kant.Codec.Ipdl) (fs : List (Prod (List Char) Kant.Codec.Ipdl)),   Eq (Kant.Codec.projectFields (List.cons { fst := k, snd := v } fs))     (List.cons { fst := k, snd := Kant.Codec.project v } (Kant.Codec.projectFields fs))","L1;S19;obj.Kant.Codec.Ipdl","O0;","L0;","L0;","L1;S35;claim.Kant.Codec.projectFields.eq_2","L0;","L1;S35;proof.Kant.Codec.projectFields.eq_2","L0;","S245;∀ (k : List Char) (v : Kant.Codec.Ipdl) (fs : List (Prod (List Char) Kant.Codec.Ipdl)),   Eq (Kant.Codec.projectFields (List.cons { fst := k, snd := v } fs))     (List.cons { fst := k, snd := Kant.Codec.project v } (Kant.Codec.projectFields fs))","O7;13;source_systemS5;lean411;source_fileS35;RequestProject/Kant/Codec/Ipdl.lean13;source_formatS4;text11;imported_atI+0;14;transformed_atI+0;15;transformationsL0;13;parent_objectS0;","5a40458de23bdc5c0430f6779eea6867ea2ec69b64d36442456a99018b35d84d"
"obj.Kant.Dom.step.eq_2","theorem","Kant.Dom.step.eq_2","PROVEN","∀ (d : Kant.Dom.Domain) (objectId : Kant.Dom.Id) (t : Kant.Dom.Truth) (a : Kant.Dom.Id),   Eq (Kant.Dom.step d objectId (Kant.Dom.Event.reproduced a) t)     (Kant.Dom.validates.match_1 (fun x => Prod Kant.Dom.Truth (Option Kant.Codec.Err))       (Kant.Dom.findProof d a)       (fun p =>         ite (Eq p.status Kant.Dom.PStatus.valid)           { fst := Kant.Dom.Truth.verified, snd := Option.none }           { fst := t,             snd :=               Option.some                 (Kant.Dom.policyErr ""UPGRADE_REFUSED"".toList                   ""the reproduced proof does not report VALID"".toList objectId                   Kant.Codec.Severity.warning) })       fun _ =>       { fst := t,         snd :=           Option.some             (Kant.Dom.policyErr ""UNRESOLVED_PROOF_REF"".toList               ""the cited proof is not in the catalog"".toList objectId Kant.Codec.Severity.error) })","L1;S15;obj.Kant.Dom.Id","O0;","L0;","L0;","L1;S24;claim.Kant.Dom.step.eq_2","L0;","L1;S24;proof.Kant.Dom.step.eq_2","L0;","S889;∀ (d : Kant.Dom.Domain) (objectId : Kant.Dom.Id) (t : Kant.Dom.Truth) (a : Kant.Dom.Id),   Eq (Kant.Dom.step d objectId (Kant.Dom.Event.reproduced a) t)     (Kant.Dom.validates.match_1 (fun x => Prod Kant.Dom.Truth (Option Kant.Codec.Err))       (Kant.Dom.findProof d a)       (fun p =>         ite (Eq p.status Kant.Dom.PStatus.valid)           { fst := Kant.Dom.Truth.verified, snd := Option.none }           { fst := t,             snd :=               Option.some                 (Kant.Dom.policyErr ""UPGRADE_REFUSED"".toList                   ""the reproduced proof does not report VALID"".toList objectId                   Kant.Codec.Severity.warning) })       fun _ =>       { fst := t,         snd :=           Option.some             (Kant.Dom.policyErr ""UNRESOLVED_PROOF_REF"".toList               ""the cited proof is not in the catalog"".toList objectId Kant.Codec.Severity.error) })","O7;13;source_systemS5;lean411;source_fileS38;RequestProject/Kant/Domain/Policy.lean13;source_formatS4;text11;imported_atI+0;14;transformed_atI+0;15;transformationsL0;13;parent_objectS0;","04583f81ec5c36981ab3ea2334d0bdf384c5edeb8131f386c3f55b34e481b751"
"obj.Kant.Dom.instReprRel.repr.match_1","def","Kant.Dom.instReprRel.repr.match_1","ASSERTED","(motive : Kant.Dom.Rel → Sort u_1) →   (x : Kant.Dom.Rel) →     (Unit → motive Kant.Dom.Rel.inputTo) →       (Unit → motive Kant.Dom.Rel.outputOf) →         (Unit → motive Kant.Dom.Rel.proves) →           (Unit → motive Kant.Dom.Rel.provenBy) →             (Unit → motive Kant.Dom.Rel.derives) →               (Unit → motive Kant.Dom.Rel.verifies) →                 (Unit → motive Kant.Dom.Rel.constrains) →                   (Unit → motive Kant.Dom.Rel.dependsOn) →                     (Unit → motive Kant.Dom.Rel.references) →                       (Unit → motive Kant.Dom.Rel.contradicts) →                         (Unit → motive Kant.Dom.Rel.reproduces) →                           (Unit → motive Kant.Dom.Rel.encodes) →                             (Unit → motive Kant.Dom.Rel.decodes) → motive x","L0;","O0;","L0;","L0;","L0;","L0;","L0;","L0;","S800;(motive : Kant.Dom.Rel → Sort u_1) →   (x : Kant.Dom.Rel) →     (Unit → motive Kant.Dom.Rel.inputTo) →       (Unit → motive Kant.Dom.Rel.outputOf) →         (Unit → motive Kant.Dom.Rel.proves) →           (Unit → motive Kant.Dom.Rel.provenBy) →             (Unit → motive Kant.Dom.Rel.derives) →               (Unit → motive Kant.Dom.Rel.verifies) →                 (Unit → motive Kant.Dom.Rel.constrains) →                   (Unit → motive Kant.Dom.Rel.dependsOn) →                     (Unit → motive Kant.Dom.Rel.references) →                       (Unit → motive Kant.Dom.Rel.contradicts) →                         (Unit → motive Kant.Dom.Rel.reproduces) →                           (Unit → motive Kant.Dom.Rel.encodes) →                             (Unit → motive Kant.Dom.Rel.decodes) → motive x","O7;13;source_systemS5;lean411;source_fileS37;RequestProject/Kant/Domain/Model.lean13;source_formatS4;text11;imported_atI+0;14;transformed_atI+0;15;transformationsL0;13;parent_objectS0;","ddfc17b1b543ded6ef9438dd6e1b0899d7a3930ea83f2800d1f1bf45f0cea653"
"obj.Kant.Codec.Ipdl.int.injEq","theorem","Kant.Codec.Ipdl.int.injEq","PROVEN","∀ (n n_1 : Int), Eq (Eq (Kant.Codec.Ipdl.int n) (Kant.Codec.Ipdl.int n_1)) (Eq n n_1)","L1;S19;obj.Kant.Codec.Ipdl","O0;","L0;","L0;","L1;S31;claim.Kant.Codec.Ipdl.int.injEq","L0;","L1;S31;proof.Kant.Codec.Ipdl.int.injEq","L0;","S85;∀ (n n_1 : Int), Eq (Eq (Kant.Codec.Ipdl.int n) (Kant.Codec.Ipdl.int n_1)) (Eq n n_1)","O7;13;source_systemS5;lean411;source_fileS35;RequestProject/Kant/Codec/Ipdl.lean13;source_formatS4;text11;imported_atI+0;14;transformed_atI+0;15;transformationsL0;13;parent_objectS0;","174d479f7f4a498ddc3336edf5c120f21bdf0fb428c10acf84554e6dac7dcfa4"
"obj.Kant.Dom.declProv","def","Kant.Dom.declProv","ASSERTED","Kant.Dom.Decl → Kant.Codec.Prov","L0;","O0;","L0;","L0;","L0;","L0;","L0;","L0;","S31;Kant.Dom.Decl → Kant.Codec.Prov","O7;13;source_systemS5;lean411;source_fileS39;RequestProject/Kant/Domain/Catalog.lean13;source_formatS4;text11;imported_atI+0;14;transformed_atI+97;15;transformationsL0;13;parent_objectS0;","4f92d91f47f0dd09d5509c090d2e45de26753ced60b258435f2e03a0a62f2d98"
"obj.Kant.Dom.cellsText_ne_nil","theorem","Kant.Dom.cellsText_ne_nil","PROVEN","∀ (cs : List (List Char)), Ne (Kant.Dom.cellsText cs) List.nil","L0;","O0;","L0;","L0;","L1;S31;claim.Kant.Dom.cellsText_ne_nil","L0;","L1;S31;proof.Kant.Dom.cellsText_ne_nil","L0;","S62;∀ (cs : List (List Char)), Ne (Kant.Dom.cellsText cs) List.nil","O7;13;source_systemS5;lean411;source_fileS37;RequestProject/Kant/Domain/Table.lean13;source_formatS4;text11;imported_atI+0;14;transformed_atI+140;15;transformationsL0;13;parent_objectS0;","4e3d0d0f90ecdafa1ca228d80d02623d7b4d1a69de4b3a3c3b08457fdac3f16f"
"obj.Kant.Connectivity.instReprVerdict","def","Kant.Connectivity.instReprVerdict","ASSERTED","Repr Kant.Connectivity.Verdict","L1;S42;obj.Kant.Connectivity.instReprVerdict.repr","O0;","L0;","L0;","L0;","L0;","L0;","L0;","S30;Repr Kant.Connectivity.Verdict","O7;13;source_systemS5;lean411;source_fileS37;RequestProject/Kant/Connectivity.lean13;source_formatS4;text11;imported_atI+0;14;transformed_atI+188;15;transformationsL0;13;parent_objectS0;","2840a57ca7dbfd906ff34235b8fe54e3bbfce1c97e2520366c3c85d438a4b789"
"obj.Kant.Diagnostics.Level.recOn","def","Kant.Diagnostics.Level.recOn","ASSERTED","{motive : Kant.Diagnostics.Level → Sort u} →   (t : Kant.Diagnostics.Level) →     motive Kant.Diagnostics.Level.info →       motive Kant.Diagnostics.Level.warn → motive Kant.Diagnostics.Level.error → motive t","L0;","O0;","L0;","L0;","L0;","L0;","L0;","L0;","S208;{motive : Kant.Diagnostics.Level → Sort u} →   (t : Kant.Diagnostics.Level) →     motive Kant.Diagnostics.Level.info →       motive Kant.Diagnostics.Level.warn → motive Kant.Diagnostics.Level.error → motive t","O7;13;source_systemS5;lean411;source_fileS36;RequestProject/Kant/Diagnostics.lean13;source_formatS4;text11;imported_atI+0;14;transformed_atI+63;15;transformationsL0;13;parent_objectS0;","e4ba7152437ba04f28d73b446835352c0f68767d2c64268547a1dee03e7b7ca2"
"obj.Kant.Codec.ImportReport","inductive","Kant.Codec.ImportReport","ASSERTED","Type","L0;","O0;","L0;","L0;","L0;","L0;","L0;","L0;","S4;Type","O7;13;source_systemS5;lean411;source_fileS39;RequestProject/Kant/Codec/Exchange.lean13;source_formatS4;text11;imported_atI+0;14;transformed_atI+185;15;transformationsL0;13;parent_objectS0;","562075648b9dec04c066173100857a5735f7ab47673823aad8659077e5149afd"
"obj.Kant.Dom.csvField_length","theorem","Kant.Dom.csvField_length","PROVEN","∀ (s : List Char), instLENat.le 2 (Kant.Codec.csvField s).length","L0;","O0;","L0;","L0;","L1;S30;claim.Kant.Dom.csvField_length","L0;","L1;S30;proof.Kant.Dom.csvField_length","L0;","S64;∀ (s : List Char), instLENat.le 2 (Kant.Codec.csvField s).length","O7;13;source_systemS5;lean411;source_fileS37;RequestProject/Kant/Domain/Table.lean13;source_formatS4;text11;imported_atI+0;14;transformed_atI+65;15;transformationsL0;13;parent_objectS0;","a38786a28f546cf856e6c65ccfcb21bbee3e6ed98ec3e00607564e21a0634c29"
"obj.Kant.Codec.xmlEncList","def","Kant.Codec.xmlEncList","ASSERTED","List Kant.Codec.Val → List Char","L2;S24;obj.Kant.Codec.xIntCloseS25;obj.Kant.Codec.xListClose","O0;","L0;","L0;","L0;","L0;","L0;","L0;","S31;List Kant.Codec.Val → List Char","O7;13;source_systemS5;lean411;source_fileS34;RequestProject/Kant/Codec/Xml.lean13;source_formatS4;text11;imported_atI+0;14;transformed_atI+178;15;transformationsL0;13;parent_objectS0;","f7188b03d93b78339587b907eafcc2f84d41c3efb1c73459afbaef31089e3d5e"
"obj.Kant.Connectivity.diagnose_two_browsers_no_relay","theorem","Kant.Connectivity.diagnose_two_browsers_no_relay","PROVEN","∀ {a b : Kant.Connectivity.Client},   Eq a.room b.room →     Ne a.room List.nil →       Eq a.reach.configured List.nil →         Eq b.reach.configured List.nil →           Eq a.reach.originIsRelay Bool.false →             Eq a.bus Bool.true →               Eq b.bus Bool.true →                 Ne a.browser b.browser →                   Eq (Kant.Connectivity.diagnose a b) Kant.Connectivity.Verdict.onlyThisBrowser","L1;S36;obj.Kant.Connectivity.Client.browser","O0;","L0;","L0;","L1;S54;claim.Kant.Connectivity.diagnose_two_browsers_no_relay","L0;","L1;S54;proof.Kant.Connectivity.diagnose_two_browsers_no_relay","L0;","S414;∀ {a b : Kant.Connectivity.Client},   Eq a.room b.room →     Ne a.room List.nil →       Eq a.reach.configured List.nil →         Eq b.reach.configured List.nil →           Eq a.reach.originIsRelay Bool.false →             Eq a.bus Bool.true →               Eq b.bus Bool.true →                 Ne a.browser b.browser →                   Eq (Kant.Connectivity.diagnose a b) Kant.Connectivity.Verdict.onlyThisBrowser","O7;13;source_systemS5;lean411;source_fileS37;RequestProject/Kant/Connectivity.lean13;source_formatS4;text11;imported_atI+0;14;transformed_atI+253;15;transformationsL0;13;parent_objectS0;","ee3dd2e7aae719f1a4881271b8ceccfe43fec95fd6b8aa5bab0c58b810084098"
"obj.Kant.Wasm.Encode.funcPayload.eq_1","theorem","Kant.Wasm.Encode.funcPayload.eq_1","PROVEN","∀ (m : Kant.Wasm.Module),   Eq (Kant.Wasm.Encode.funcPayload m)     (Kant.Wasm.Encode.vec (List.map Kant.Wasm.Leb128.uleb (List.range m.funcs.length)))","L0;","O0;","L0;","L0;","L1;S39;claim.Kant.Wasm.Encode.funcPayload.eq_1","L0;","L1;S39;proof.Kant.Wasm.Encode.funcPayload.eq_1","L0;","S151;∀ (m : Kant.Wasm.Module),   Eq (Kant.Wasm.Encode.funcPayload m)     (Kant.Wasm.Encode.vec (List.map Kant.Wasm.Leb128.uleb (List.range m.funcs.length)))","O7;13;source_systemS5;lean411;source_fileS31;RequestProject/Wasm/Decode.lean13;source_formatS4;text11;imported_atI+0;14;transformed_atI+0;15;transformationsL0;13;parent_objectS0;","765623a42ef2e3c09cc54a98eede5d4b2fc4cf78af55521eac8f3f6cd2fbddf9"
"obj.Kant.Dom.instDecidableEqCert","def","Kant.Dom.instDecidableEqCert","ASSERTED","DecidableEq Kant.Dom.Cert","L0;","O0;","L0;","L0;","L0;","L0;","L0;","L0;","S25;DecidableEq Kant.Dom.Cert","O7;13;source_systemS5;lean411;source_fileS37;RequestProject/Kant/Domain/Model.lean13;source_formatS4;text11;imported_atI+0;14;transformed_atI+247;15;transformationsL0;13;parent_objectS0;","1bd4f371fd97f9748991fa4911f4aa47c0f28a579e3edf5adcb8f75923d71aad"
"obj.Kant.Sneakernet.Frame.noConfusionType","def","Kant.Sneakernet.Frame.noConfusionType","ASSERTED","Sort u → Kant.Sneakernet.Frame → Kant.Sneakernet.Frame → Sort u","L0;","O0;","L0;","L0;","L0;","L0;","L0;","L0;","S63;Sort u → Kant.Sneakernet.Frame → Kant.Sneakernet.Frame → Sort u","O7;13;source_systemS5;lean411;source_fileS35;RequestProject/Kant/Sneakernet.lean13;source_formatS4;text11;imported_atI+0;14;transformed_atI+0;15;transformationsL0;13;parent_objectS0;","d9134eabca585ead6da55fb68f9fd7e2eed4e0592531956f05ca756176b40dd4"
"obj.Kant.Dom.relationsTable.eq_1","theorem","Kant.Dom.relationsTable.eq_1","PROVEN","∀ (d : Kant.Dom.Domain),   Eq (Kant.Dom.relationsTable d)     (Kant.Dom.tableText Kant.Dom.relationsHeader (List.map Kant.Dom.relationRow d.relations))","L2;S27;obj.Kant.Dom.relationsTableS24;obj.Kant.Dom.relationRow","O0;","L0;","L0;","L1;S34;claim.Kant.Dom.relationsTable.eq_1","L0;","L1;S34;proof.Kant.Dom.relationsTable.eq_1","L0;","S151;∀ (d : Kant.Dom.Domain),   Eq (Kant.Dom.relationsTable d)     (Kant.Dom.tableText Kant.Dom.relationsHeader (List.map Kant.Dom.relationRow d.relations))","O7;13;source_systemS5;lean411;source_fileS37;RequestProject/Kant/Domain/Table.lean13;source_formatS4;text11;imported_atI+0;14;transformed_atI+0;15;transformationsL0;13;parent_objectS0;","c09135523bd1cf32a9a8125f22ddcead6c0e86fc7461536c724aeccd162fb0f7"
"obj.Kant.Wasm.BinOp.ofNat_ctorIdx","theorem","Kant.Wasm.BinOp.ofNat_ctorIdx","PROVEN","∀ (x : Kant.Wasm.BinOp), Eq (Kant.Wasm.BinOp.ofNat x.ctorIdx) x","L0;","O0;","L0;","L0;","L1;S35;claim.Kant.Wasm.BinOp.ofNat_ctorIdx","L0;","L1;S35;proof.Kant.Wasm.BinOp.ofNat_ctorIdx","L0;","S63;∀ (x : Kant.Wasm.BinOp), Eq (Kant.Wasm.BinOp.ofNat x.ctorIdx) x","O7;13;source_systemS5;lean411;source_fileS31;RequestProject/Wasm/Syntax.lean13;source_formatS4;text11;imported_atI+0;14;transformed_atI+0;15;transformationsL0;13;parent_objectS0;","94bb29cc6cb289427a215117a1a104b588c6dcae59c8dfdcc61fdcf9bdaf8c4f"
"obj.Kant.Dom.DomObj.ctorIdx","def","Kant.Dom.DomObj.ctorIdx","ASSERTED","Kant.Dom.DomObj → Nat","L0;","O0;","L0;","L0;","L0;","L0;","L0;","L0;","S21;Kant.Dom.DomObj → Nat","O7;13;source_systemS5;lean411;source_fileS37;RequestProject/Kant/Domain/Model.lean13;source_formatS4;text11;imported_atI+0;14;transformed_atI+0;15;transformationsL0;13;parent_objectS0;","112e10dd9acc0aaa93bd505eed2a53453d0506255ee4fdc404cf5468aa434edf"
"obj.Kant.Wasm.Module.mk.injEq","theorem","Kant.Wasm.Module.mk.injEq","PROVEN","∀ (funcs funcs_1 : List Kant.Wasm.Func),   Eq (Eq { funcs := funcs } { funcs := funcs_1 }) (Eq funcs funcs_1)","L0;","O0;","L0;","L0;","L1;S31;claim.Kant.Wasm.Module.mk.injEq","L0;","L1;S31;proof.Kant.Wasm.Module.mk.injEq","L0;","S109;∀ (funcs funcs_1 : List Kant.Wasm.Func),   Eq (Eq { funcs := funcs } { funcs := funcs_1 }) (Eq funcs funcs_1)","O7;13;source_systemS5;lean411;source_fileS31;RequestProject/Wasm/Syntax.lean13;source_formatS4;text11;imported_atI+0;14;transformed_atI+0;15;transformationsL0;13;parent_objectS0;","df8e79e9e80ff30f12f80731ed43199ca574d095153c5d3da235a794708231ca"
"obj.Kant.CodeMovie.Circuit.const.sizeOf_spec","theorem","Kant.CodeMovie.Circuit.const.sizeOf_spec","PROVEN","∀ (b : Bool),   Eq (Kant.CodeMovie.Circuit._sizeOf_inst.sizeOf (Kant.CodeMovie.Circuit.const b))     (instHAdd.hAdd 1 (Bool._sizeOf_inst.sizeOf b))","L0;","O0;","L0;","L0;","L1;S46;claim.Kant.CodeMovie.Circuit.const.sizeOf_spec","L0;","L1;S46;proof.Kant.CodeMovie.Circuit.const.sizeOf_spec","L0;","S147;∀ (b : Bool),   Eq (Kant.CodeMovie.Circuit._sizeOf_inst.sizeOf (Kant.CodeMovie.Circuit.const b))     (instHAdd.hAdd 1 (Bool._sizeOf_inst.sizeOf b))","O7;13;source_systemS5;lean411;source_fileS34;RequestProject/Kant/CodeMovie.lean13;source_formatS4;text11;imported_atI+0;14;transformed_atI+0;15;transformationsL0;13;parent_objectS0;","7ad21683608677acf4872e1c8bed7e5ffaa43af44f17d20ad019e8e77ed0b3ad"
"obj.Kant.CardDebug.pair_same_card","theorem","Kant.CardDebug.pair_same_card","PROVEN","∀ {x y : List Char} {k : Kant.SiteCard.Card},   Eq (Kant.CardDebug.classify x) (Kant.CardDebug.Code.card k) →     Eq (Kant.CardDebug.classify y) (Kant.CardDebug.Code.card k) →       Eq (Kant.CardDebug.pair x y) Kant.CardDebug.Pairing.sameCode","L0;","O0;","L0;","L0;","L1;S35;claim.Kant.CardDebug.pair_same_card","L0;","L1;S35;proof.Kant.CardDebug.pair_same_card","L0;","S242;∀ {x y : List Char} {k : Kant.SiteCard.Card},   Eq (Kant.CardDebug.classify x) (Kant.CardDebug.Code.card k) →     Eq (Kant.CardDebug.classify y) (Kant.CardDebug.Code.card k) →       Eq (Kant.CardDebug.pair x y) Kant.CardDebug.Pairing.sameCode","O7;13;source_systemS5;lean411;source_fileS34;RequestProject/Kant/CardDebug.lean13;source_formatS4;text11;imported_atI+0;14;transformed_atI+235;15;transformationsL0;13;parent_objectS0;","d738eb9adf1778659bdfc610eeec3ff2727da95cde302f475aa35b476affb8e4"
