"proof_id","name","kind","status","source_file","source_location","input_refs","assumptions","procedure","output_refs","claim_refs","dependencies","certificate","source","provenance","canonical_hash"
"proof.Kant.Codec.Extract.mk.inj","Kant.Codec.Extract.mk.inj","lean4","VALID","RequestProject/Kant/Codec/RawText.lean","0","L1;S22;obj.Kant.Codec.Extract","L0;","elaborated and checked by the Lean kernel","L1;S29;obj.Kant.Codec.Extract.mk.inj","L1;S31;claim.Kant.Codec.Extract.mk.inj","L1;S24;proof.Kant.Codec.Extract","O4;4;kindS12;lean4-kernel6;digestS64;2747f8b1f93c2666df60685ebea13cd175290287122b58dc1ebf54357700ee8f8;locationS38;RequestProject/Kant/Codec/RawText.lean8;evidenceS15;MACHINE_CHECKED","RequestProject","O7;13;source_systemS5;lean411;source_fileS38;RequestProject/Kant/Codec/RawText.lean13;source_formatS4;text11;imported_atI+0;14;transformed_atI+0;15;transformationsL0;13;parent_objectS0;","fe6296511d6067b71b6e93b354bff5449269345510b7859d245e16a7c7f814aa"
"proof.Kant.Wasm.CmpOp.ltu.sizeOf_spec","Kant.Wasm.CmpOp.ltu.sizeOf_spec","lean4","VALID","RequestProject/Wasm/Syntax.lean","0","L0;","L0;","elaborated and checked by the Lean kernel","L1;S35;obj.Kant.Wasm.CmpOp.ltu.sizeOf_spec","L1;S37;claim.Kant.Wasm.CmpOp.ltu.sizeOf_spec","L0;","O4;4;kindS12;lean4-kernel6;digestS64;d92df06bc94bff0ae34c1eef4f95ff7dc156631d8db0b7242795db3df0196a178;locationS31;RequestProject/Wasm/Syntax.lean8;evidenceS15;MACHINE_CHECKED","RequestProject","O7;13;source_systemS5;lean411;source_fileS31;RequestProject/Wasm/Syntax.lean13;source_formatS4;text11;imported_atI+0;14;transformed_atI+0;15;transformationsL0;13;parent_objectS0;","b51048e590db7d4868652fc45eed2debb7e015612d2a950e622a1ee5c6904031"
"proof.Kant.Codec.conformance_level1","Kant.Codec.conformance_level1","lean4","VALID","RequestProject/Kant/Codec/Exchange.lean","331","L1;S18;obj.Kant.Codec.Obj","L0;","elaborated and checked by the Lean kernel","L1;S33;obj.Kant.Codec.conformance_level1","L1;S35;claim.Kant.Codec.conformance_level1","L1;S20;proof.Kant.Codec.Obj","O4;4;kindS12;lean4-kernel6;digestS64;2ea44c1f4c2a6eb597b71548be8ba1cec3d04afb83ca357fa7a687776bc85ae08;locationS39;RequestProject/Kant/Codec/Exchange.lean8;evidenceS15;MACHINE_CHECKED","RequestProject","O7;13;source_systemS5;lean411;source_fileS39;RequestProject/Kant/Codec/Exchange.lean13;source_formatS4;text11;imported_atI+0;14;transformed_atI+331;15;transformationsL0;13;parent_objectS0;","93f9bde40886f2c1c7bc190230512c1e180a9912e1bf083b9e4134eb07284c18"
"proof.Kant.InviteCard.inviteCard_caption","Kant.InviteCard.inviteCard_caption","lean4","VALID","RequestProject/Kant/InviteCard.lean","154","L0;","L0;","elaborated and checked by the Lean kernel","L1;S38;obj.Kant.InviteCard.inviteCard_caption","L1;S40;claim.Kant.InviteCard.inviteCard_caption","L0;","O4;4;kindS12;lean4-kernel6;digestS64;c468ca09b2abeba1107ed8b1b09457bad091a44f758022539708bdaba4847d648;locationS35;RequestProject/Kant/InviteCard.lean8;evidenceS15;MACHINE_CHECKED","RequestProject","O7;13;source_systemS5;lean411;source_fileS35;RequestProject/Kant/InviteCard.lean13;source_formatS4;text11;imported_atI+0;14;transformed_atI+154;15;transformationsL0;13;parent_objectS0;","33a49e51e0d8e132271ff6525457d575cf99fd8e491e516c6bd567ec58ebcbaf"
"proof.Kant.Credits.Ledger.serve_balance","Kant.Credits.Ledger.serve_balance","lean4","VALID","RequestProject/Kant/Credits.lean","84","L1;S23;obj.Kant.Credits.earned","L0;","elaborated and checked by the Lean kernel","L1;S37;obj.Kant.Credits.Ledger.serve_balance","L1;S39;claim.Kant.Credits.Ledger.serve_balance","L1;S25;proof.Kant.Credits.earned","O4;4;kindS12;lean4-kernel6;digestS64;d683dbcef2823351c268707908ee8dd208fab64852e7e0aff8edbef88b740ae08;locationS32;RequestProject/Kant/Credits.lean8;evidenceS15;MACHINE_CHECKED","RequestProject","O7;13;source_systemS5;lean411;source_fileS32;RequestProject/Kant/Credits.lean13;source_formatS4;text11;imported_atI+0;14;transformed_atI+84;15;transformationsL0;13;parent_objectS0;","9d0c520684304c7e83c85f103be1dbd1c5ebdd2a564b501855e35549eb6c3e6b"
"proof.Kant.Text.asciiChars_length","Kant.Text.asciiChars_length","lean4","VALID","RequestProject/Kant/Text.lean","49","L0;","L0;","elaborated and checked by the Lean kernel","L1;S31;obj.Kant.Text.asciiChars_length","L1;S33;claim.Kant.Text.asciiChars_length","L0;","O4;4;kindS12;lean4-kernel6;digestS64;6cf0ede73e546ba34b1efb06d74f82acc73e6bd5e14bfa11bc374b3bb33f07228;locationS29;RequestProject/Kant/Text.lean8;evidenceS15;MACHINE_CHECKED","RequestProject","O7;13;source_systemS5;lean411;source_fileS29;RequestProject/Kant/Text.lean13;source_formatS4;text11;imported_atI+0;14;transformed_atI+49;15;transformationsL0;13;parent_objectS0;","97e9e07709e0d9268d3002ee09fa2b296b69754261c2ee60b997a38b743b0fe3"
"proof.Kant.CodeMovie.Circuit.not.injEq","Kant.CodeMovie.Circuit.not.injEq","lean4","VALID","RequestProject/Kant/CodeMovie.lean","0","L0;","L0;","elaborated and checked by the Lean kernel","L1;S36;obj.Kant.CodeMovie.Circuit.not.injEq","L1;S38;claim.Kant.CodeMovie.Circuit.not.injEq","L0;","O4;4;kindS12;lean4-kernel6;digestS64;6b801f65ab4eee56823ef26b35f1bce57ddbed8611c88a20d5e2365d7f83df278;locationS34;RequestProject/Kant/CodeMovie.lean8;evidenceS15;MACHINE_CHECKED","RequestProject","O7;13;source_systemS5;lean411;source_fileS34;RequestProject/Kant/CodeMovie.lean13;source_formatS4;text11;imported_atI+0;14;transformed_atI+0;15;transformationsL0;13;parent_objectS0;","b740fd0043217fc74b2211e3065281742e041b1c18d069ad0b1f536ae2d075da"
"proof.Kant.Wasm.Expr.andE.eq_1","Kant.Wasm.Expr.andE.eq_1","lean4","VALID","RequestProject/Wasm/KernelSpec.lean","0","L0;","L0;","elaborated and checked by the Lean kernel","L1;S28;obj.Kant.Wasm.Expr.andE.eq_1","L1;S30;claim.Kant.Wasm.Expr.andE.eq_1","L0;","O4;4;kindS12;lean4-kernel6;digestS64;f2ec7fc1feb224f597006e0e36e7a19e53c3fa7304d1133f3953cd75a44c75308;locationS35;RequestProject/Wasm/KernelSpec.lean8;evidenceS15;MACHINE_CHECKED","RequestProject","O7;13;source_systemS5;lean411;source_fileS35;RequestProject/Wasm/KernelSpec.lean13;source_formatS4;text11;imported_atI+0;14;transformed_atI+0;15;transformationsL0;13;parent_objectS0;","b1285bac8b5cb69e3521a3f7bfd6b2e160d1369ed5a65298a4054b4f43256ddb"
"proof.Kant.Sheaf.DaslType.shardId.sizeOf_spec","Kant.Sheaf.DaslType.shardId.sizeOf_spec","lean4","VALID","RequestProject/Kant/Sheaf.lean","0","L0;","L0;","elaborated and checked by the Lean kernel","L1;S43;obj.Kant.Sheaf.DaslType.shardId.sizeOf_spec","L1;S45;claim.Kant.Sheaf.DaslType.shardId.sizeOf_spec","L0;","O4;4;kindS12;lean4-kernel6;digestS64;66590c753d83866fdca7fdc833898b1c3f1bd61ec45e5f55ae6fa3e18c8cbf828;locationS30;RequestProject/Kant/Sheaf.lean8;evidenceS15;MACHINE_CHECKED","RequestProject","O7;13;source_systemS5;lean411;source_fileS30;RequestProject/Kant/Sheaf.lean13;source_formatS4;text11;imported_atI+0;14;transformed_atI+0;15;transformationsL0;13;parent_objectS0;","f096105ea7b597deac54c270efa3c7517310a987128c34b87a8a2426ab7e6c2b"
"proof.Kant.Dom.RepairRecord.mk.injEq","Kant.Dom.RepairRecord.mk.injEq","lean4","VALID","RequestProject/Kant/Domain/Policy.lean","0","L0;","L0;","elaborated and checked by the Lean kernel","L1;S34;obj.Kant.Dom.RepairRecord.mk.injEq","L1;S36;claim.Kant.Dom.RepairRecord.mk.injEq","L0;","O4;4;kindS12;lean4-kernel6;digestS64;aa8ce475cf75709d65d95d022368b3662adb9fc8c07666afe210b7e1d51ae2f08;locationS38;RequestProject/Kant/Domain/Policy.lean8;evidenceS15;MACHINE_CHECKED","RequestProject","O7;13;source_systemS5;lean411;source_fileS38;RequestProject/Kant/Domain/Policy.lean13;source_formatS4;text11;imported_atI+0;14;transformed_atI+0;15;transformationsL0;13;parent_objectS0;","0fc00637ab0854daebba654fe0e14fcdb1b0b48c8eb18ef4d96b49101823bc67"
"proof.Kant.Dasl.mergeAll_nil","Kant.Dasl.mergeAll_nil","lean4","VALID","RequestProject/Kant/Dasl.lean","390","L0;","L0;","elaborated and checked by the Lean kernel","L1;S26;obj.Kant.Dasl.mergeAll_nil","L1;S28;claim.Kant.Dasl.mergeAll_nil","L0;","O4;4;kindS12;lean4-kernel6;digestS64;db1eac99740786fdc9bbaeb8bbda8d8a6ef741dd4740c8d7d2a0f95c63f922648;locationS29;RequestProject/Kant/Dasl.lean8;evidenceS15;MACHINE_CHECKED","RequestProject","O7;13;source_systemS5;lean411;source_fileS29;RequestProject/Kant/Dasl.lean13;source_formatS4;text11;imported_atI+0;14;transformed_atI+390;15;transformationsL0;13;parent_objectS0;","d8cff5041764cfeafba76870dbf25acd148f0f64ed0d5ae4a5abf4964e50b547"
"proof.Kant.Dom.package_proofs_partition","Kant.Dom.package_proofs_partition","lean4","VALID","RequestProject/Kant/Domain/Package.lean","208","L1;S22;obj.Kant.Dom.proofsVal","L0;","elaborated and checked by the Lean kernel","L1;S37;obj.Kant.Dom.package_proofs_partition","L1;S39;claim.Kant.Dom.package_proofs_partition","L1;S24;proof.Kant.Dom.proofsVal","O4;4;kindS12;lean4-kernel6;digestS64;cc28ed1e03b266e5696c9c8c5a37f79ecf1f34e216c0db4752c5a413828833888;locationS39;RequestProject/Kant/Domain/Package.lean8;evidenceS15;MACHINE_CHECKED","RequestProject","O7;13;source_systemS5;lean411;source_fileS39;RequestProject/Kant/Domain/Package.lean13;source_formatS4;text11;imported_atI+0;14;transformed_atI+208;15;transformationsL0;13;parent_objectS0;","9ddfd57eef7530d66830aac6c52af3d9b05ac821a4083bd04b7e713a7d860753"
"proof.Kant.Codec.rawDoc_text","Kant.Codec.rawDoc_text","lean4","VALID","RequestProject/Kant/Codec/RawText.lean","116","L0;","L0;","elaborated and checked by the Lean kernel","L1;S26;obj.Kant.Codec.rawDoc_text","L1;S28;claim.Kant.Codec.rawDoc_text","L0;","O4;4;kindS12;lean4-kernel6;digestS64;df95e9265415b1690e9f1f8f3a007ab2a6c3cd70be61a793d2c200bc0e203d948;locationS38;RequestProject/Kant/Codec/RawText.lean8;evidenceS15;MACHINE_CHECKED","RequestProject","O7;13;source_systemS5;lean411;source_fileS38;RequestProject/Kant/Codec/RawText.lean13;source_formatS4;text11;imported_atI+0;14;transformed_atI+116;15;transformationsL0;13;parent_objectS0;","7015a32d85f704920f4f193dfce0d7855e1170e54a3c1aecf03812babb7dce5f"
"proof.Kant.Dom.packageRead.eq_1","Kant.Dom.packageRead.eq_1","lean4","VALID","RequestProject/Kant/Domain/Package.lean","0","L0;","L0;","elaborated and checked by the Lean kernel","L1;S29;obj.Kant.Dom.packageRead.eq_1","L1;S31;claim.Kant.Dom.packageRead.eq_1","L0;","O4;4;kindS12;lean4-kernel6;digestS64;3b8bf6fb225c0b86651527a4b3f1362dc13da0f40dc5f710375b4ee25a51d40f8;locationS39;RequestProject/Kant/Domain/Package.lean8;evidenceS15;MACHINE_CHECKED","RequestProject","O7;13;source_systemS5;lean411;source_fileS39;RequestProject/Kant/Domain/Package.lean13;source_formatS4;text11;imported_atI+0;14;transformed_atI+0;15;transformationsL0;13;parent_objectS0;","a35e57608e6104587a0ea06fecce311bc92a369f4e400e5e6476ccc508edc121"
"proof.Kant.Rendezvous.toInvite.eq_1","Kant.Rendezvous.toInvite.eq_1","lean4","VALID","RequestProject/Kant/Rendezvous.lean","0","L0;","L0;","elaborated and checked by the Lean kernel","L1;S33;obj.Kant.Rendezvous.toInvite.eq_1","L1;S35;claim.Kant.Rendezvous.toInvite.eq_1","L0;","O4;4;kindS12;lean4-kernel6;digestS64;8bd430f66645df644feb6eb8b5d9e09bb818b5a93c189aba23c3c766f39abdb98;locationS35;RequestProject/Kant/Rendezvous.lean8;evidenceS15;MACHINE_CHECKED","RequestProject","O7;13;source_systemS5;lean411;source_fileS35;RequestProject/Kant/Rendezvous.lean13;source_formatS4;text11;imported_atI+0;14;transformed_atI+0;15;transformationsL0;13;parent_objectS0;","afb99b8c1b1bb680261104d9218415c3ea0b0619293cba86843d403ae37054c9"
"proof.Kant.Relay.parseMsg_witness_field","Kant.Relay.parseMsg_witness_field","lean4","VALID","RequestProject/Kant/Relay.lean","131","L0;","L0;","elaborated and checked by the Lean kernel","L1;S37;obj.Kant.Relay.parseMsg_witness_field","L1;S39;claim.Kant.Relay.parseMsg_witness_field","L0;","O4;4;kindS12;lean4-kernel6;digestS64;394ae1037827c2d249265c3df8a6b755fa97a9df6d4d8288420f0e0494bac2138;locationS30;RequestProject/Kant/Relay.lean8;evidenceS15;MACHINE_CHECKED","RequestProject","O7;13;source_systemS5;lean411;source_fileS30;RequestProject/Kant/Relay.lean13;source_formatS4;text11;imported_atI+0;14;transformed_atI+131;15;transformationsL0;13;parent_objectS0;","8c7128a342d60af1c56a9cf24a86883e1446e245b8c7100b4b83fa4f9f72e4d8"
"proof.Kant.Relay.receive_delivers","Kant.Relay.receive_delivers","lean4","VALID","RequestProject/Kant/Relay.lean","326","L0;","L0;","elaborated and checked by the Lean kernel","L1;S31;obj.Kant.Relay.receive_delivers","L1;S33;claim.Kant.Relay.receive_delivers","L0;","O4;4;kindS12;lean4-kernel6;digestS64;dbf1a02ae4f342c6b0e860a5b7a5048dcb9373bcd868b0e8976334d56f0c21f78;locationS30;RequestProject/Kant/Relay.lean8;evidenceS15;MACHINE_CHECKED","RequestProject","O7;13;source_systemS5;lean411;source_fileS30;RequestProject/Kant/Relay.lean13;source_formatS4;text11;imported_atI+0;14;transformed_atI+326;15;transformationsL0;13;parent_objectS0;","e4490dac5f1c61430edfde02cbb5339031e3986cd76bd5e9b48fc7eeb8f7c536"
"proof.Kant.Dom.readCellSep.eq_1","Kant.Dom.readCellSep.eq_1","lean4","VALID","RequestProject/Kant/Domain/Table.lean","0","L0;","L0;","elaborated and checked by the Lean kernel","L1;S29;obj.Kant.Dom.readCellSep.eq_1","L1;S31;claim.Kant.Dom.readCellSep.eq_1","L0;","O4;4;kindS12;lean4-kernel6;digestS64;94ae581753902612e6fa523ca244b189a2fa7169ccaa769cc0cda9165cff4c7b8;locationS37;RequestProject/Kant/Domain/Table.lean8;evidenceS15;MACHINE_CHECKED","RequestProject","O7;13;source_systemS5;lean411;source_fileS37;RequestProject/Kant/Domain/Table.lean13;source_formatS4;text11;imported_atI+0;14;transformed_atI+0;15;transformationsL0;13;parent_objectS0;","5fdea00876a3b7f927f63b3ea8945df68099476917ff4af38f5e13d038248af0"
"proof.Kant.Codec.Status.pending.sizeOf_spec","Kant.Codec.Status.pending.sizeOf_spec","lean4","VALID","RequestProject/Kant/Codec/Model.lean","0","L0;","L0;","elaborated and checked by the Lean kernel","L1;S41;obj.Kant.Codec.Status.pending.sizeOf_spec","L1;S43;claim.Kant.Codec.Status.pending.sizeOf_spec","L0;","O4;4;kindS12;lean4-kernel6;digestS64;6ff0008a16910abd497933017ceea2ea30c4c41ac0572817591f07044ca7dac48;locationS36;RequestProject/Kant/Codec/Model.lean8;evidenceS15;MACHINE_CHECKED","RequestProject","O7;13;source_systemS5;lean411;source_fileS36;RequestProject/Kant/Codec/Model.lean13;source_formatS4;text11;imported_atI+0;14;transformed_atI+0;15;transformationsL0;13;parent_objectS0;","b30cab59bae62ef61c8f29d65b7e77e918bff270224aef50cb5998aa514ffec3"
"proof.Kant.CodeMovie.Circuit.tokens.eq_2","Kant.CodeMovie.Circuit.tokens.eq_2","lean4","VALID","RequestProject/Kant/CodeMovie.lean","0","L0;","L0;","elaborated and checked by the Lean kernel","L1;S38;obj.Kant.CodeMovie.Circuit.tokens.eq_2","L1;S40;claim.Kant.CodeMovie.Circuit.tokens.eq_2","L0;","O4;4;kindS12;lean4-kernel6;digestS64;2de4db93b1ae79fd8b7bc0f67275c51ee2e8e25505bd4adf70a96724ddd9ec088;locationS34;RequestProject/Kant/CodeMovie.lean8;evidenceS15;MACHINE_CHECKED","RequestProject","O7;13;source_systemS5;lean411;source_fileS34;RequestProject/Kant/CodeMovie.lean13;source_formatS4;text11;imported_atI+0;14;transformed_atI+0;15;transformationsL0;13;parent_objectS0;","fd86c534899e3daa75ce0a054754813db82eb75524a26084e63d837d98a5bc17"
"proof.Kant.Wasm.Instr.cmpop.inj","Kant.Wasm.Instr.cmpop.inj","lean4","VALID","RequestProject/Wasm/Syntax.lean","0","L0;","L0;","elaborated and checked by the Lean kernel","L1;S29;obj.Kant.Wasm.Instr.cmpop.inj","L1;S31;claim.Kant.Wasm.Instr.cmpop.inj","L0;","O4;4;kindS12;lean4-kernel6;digestS64;59d3ccd8f6ad2b682936e3aa917d3e3b0e1b3e8c8c4bd87a7c6ce4ae2bb0ae558;locationS31;RequestProject/Wasm/Syntax.lean8;evidenceS15;MACHINE_CHECKED","RequestProject","O7;13;source_systemS5;lean411;source_fileS31;RequestProject/Wasm/Syntax.lean13;source_formatS4;text11;imported_atI+0;14;transformed_atI+0;15;transformationsL0;13;parent_objectS0;","0bf8d8dff242e85677bd7d5ecb63fc5953b0d6ec7a3c07d0958b6c790b9e07d3"
"proof.Kant.Dom.Evidence.ofVal.eq_1","Kant.Dom.Evidence.ofVal.eq_1","lean4","VALID","RequestProject/Kant/Domain/Model.lean","0","L0;","L0;","elaborated and checked by the Lean kernel","L1;S32;obj.Kant.Dom.Evidence.ofVal.eq_1","L1;S34;claim.Kant.Dom.Evidence.ofVal.eq_1","L0;","O4;4;kindS12;lean4-kernel6;digestS64;9b917e060fcf8e26d91201ba525c4589798e5678d968c95cf1220da34d8287378;locationS37;RequestProject/Kant/Domain/Model.lean8;evidenceS15;MACHINE_CHECKED","RequestProject","O7;13;source_systemS5;lean411;source_fileS37;RequestProject/Kant/Domain/Model.lean13;source_formatS4;text11;imported_atI+0;14;transformed_atI+0;15;transformationsL0;13;parent_objectS0;","2d640b4186d0f4ec4da55f971efc1ecf07f722c777e79ef21dbe6049cba80d55"
"proof.Kant.Wasm.Encode.exportPayload.eq_1","Kant.Wasm.Encode.exportPayload.eq_1","lean4","VALID","RequestProject/Wasm/Encode.lean","0","L0;","L0;","elaborated and checked by the Lean kernel","L1;S39;obj.Kant.Wasm.Encode.exportPayload.eq_1","L1;S41;claim.Kant.Wasm.Encode.exportPayload.eq_1","L0;","O4;4;kindS12;lean4-kernel6;digestS64;a21ad50d5c023748c5c026be6bb2bb47c20f7b754cebc93e85785b2c63f64ab58;locationS31;RequestProject/Wasm/Encode.lean8;evidenceS15;MACHINE_CHECKED","RequestProject","O7;13;source_systemS5;lean411;source_fileS31;RequestProject/Wasm/Encode.lean13;source_formatS4;text11;imported_atI+0;14;transformed_atI+0;15;transformationsL0;13;parent_objectS0;","53dbc2a1e7d5922d022cd10a1f58b10aa7052ffec2a360a7e12761fc333ecb04"
"proof.Kant.Codec.readRowFields.eq_3","Kant.Codec.readRowFields.eq_3","lean4","VALID","RequestProject/Kant/Codec/Csv.lean","0","L0;","L0;","elaborated and checked by the Lean kernel","L1;S33;obj.Kant.Codec.readRowFields.eq_3","L1;S35;claim.Kant.Codec.readRowFields.eq_3","L0;","O4;4;kindS12;lean4-kernel6;digestS64;663e65ac8b56dd4a836f7b9168070501b5daec2d2a58681407ac664e294050538;locationS34;RequestProject/Kant/Codec/Csv.lean8;evidenceS15;MACHINE_CHECKED","RequestProject","O7;13;source_systemS5;lean411;source_fileS34;RequestProject/Kant/Codec/Csv.lean13;source_formatS4;text11;imported_atI+0;14;transformed_atI+0;15;transformationsL0;13;parent_objectS0;","fa6df2f1d592ee0d379119adf76fe13ab837ba23d18fc427d887cd5ab5fce354"
"proof.Kant.Codec.project.eq_7","Kant.Codec.project.eq_7","lean4","VALID","RequestProject/Kant/Codec/Ipdl.lean","0","L0;","L0;","elaborated and checked by the Lean kernel","L1;S27;obj.Kant.Codec.project.eq_7","L1;S29;claim.Kant.Codec.project.eq_7","L0;","O4;4;kindS12;lean4-kernel6;digestS64;19c94cf53a93d2b07a22a26682c4a717505c853759d7e18e4dec1703152f16cd8;locationS35;RequestProject/Kant/Codec/Ipdl.lean8;evidenceS15;MACHINE_CHECKED","RequestProject","O7;13;source_systemS5;lean411;source_fileS35;RequestProject/Kant/Codec/Ipdl.lean13;source_formatS4;text11;imported_atI+0;14;transformed_atI+0;15;transformationsL0;13;parent_objectS0;","4b173431c714ee7cda23fd6690e797ff4cb62ad4be8f7bc20f123f27749f5045"
"proof.Kant.Dom.objId.eq_1","Kant.Dom.objId.eq_1","lean4","VALID","RequestProject/Kant/Domain/Catalog.lean","0","L1;S15;obj.Kant.Dom.Id","L0;","elaborated and checked by the Lean kernel","L1;S23;obj.Kant.Dom.objId.eq_1","L1;S25;claim.Kant.Dom.objId.eq_1","L1;S17;proof.Kant.Dom.Id","O4;4;kindS12;lean4-kernel6;digestS64;0d4b253b217ebe2f6574134f7832dc40f16462f478192e85d9e03b40ee895c8e8;locationS39;RequestProject/Kant/Domain/Catalog.lean8;evidenceS15;MACHINE_CHECKED","RequestProject","O7;13;source_systemS5;lean411;source_fileS39;RequestProject/Kant/Domain/Catalog.lean13;source_formatS4;text11;imported_atI+0;14;transformed_atI+0;15;transformationsL0;13;parent_objectS0;","e78442062f311895edc36ce5f62343b24d377f0f12a066cf286b9a300490e76c"
"proof.Kant.Wasm.Decode.bytesN_replicate","Kant.Wasm.Decode.bytesN_replicate","lean4","VALID","RequestProject/Wasm/Decode.lean","214","L0;","L0;","elaborated and checked by the Lean kernel","L1;S37;obj.Kant.Wasm.Decode.bytesN_replicate","L1;S39;claim.Kant.Wasm.Decode.bytesN_replicate","L0;","O4;4;kindS12;lean4-kernel6;digestS64;3ad97c38c38e5d612417ae2aa4598512d00d0371cb0924ab8adacc095ccb80248;locationS31;RequestProject/Wasm/Decode.lean8;evidenceS15;MACHINE_CHECKED","RequestProject","O7;13;source_systemS5;lean411;source_fileS31;RequestProject/Wasm/Decode.lean13;source_formatS4;text11;imported_atI+0;14;transformed_atI+214;15;transformationsL0;13;parent_objectS0;","e4e73821bd45004c55fece1fdeafba6f0e4e47b7fe9d4c127c7f04fd955a81b5"
"proof.Kant.Text.digitsValue.eq_1","Kant.Text.digitsValue.eq_1","lean4","VALID","RequestProject/Kant/Cli.lean","0","L0;","L0;","elaborated and checked by the Lean kernel","L1;S30;obj.Kant.Text.digitsValue.eq_1","L1;S32;claim.Kant.Text.digitsValue.eq_1","L0;","O4;4;kindS12;lean4-kernel6;digestS64;7063c30512734792995235830f92f8b1059ea1aa9a2c103cd11c1ee78ca546238;locationS28;RequestProject/Kant/Cli.lean8;evidenceS15;MACHINE_CHECKED","RequestProject","O7;13;source_systemS5;lean411;source_fileS28;RequestProject/Kant/Cli.lean13;source_formatS4;text11;imported_atI+0;14;transformed_atI+0;15;transformationsL0;13;parent_objectS0;","97dc6cc98e7b2cfac3055344903c3c0d96ba0488e1e2d294352111b5ef9b72a7"
"proof.Kant.Repost.Quote.mk.inj","Kant.Repost.Quote.mk.inj","lean4","VALID","RequestProject/Kant/Repost.lean","0","L0;","L0;","elaborated and checked by the Lean kernel","L1;S28;obj.Kant.Repost.Quote.mk.inj","L1;S30;claim.Kant.Repost.Quote.mk.inj","L0;","O4;4;kindS12;lean4-kernel6;digestS64;7be9941ec4856253a193625178a58fc88ce3bda9681f41c53bf3bce4adf7fcc28;locationS31;RequestProject/Kant/Repost.lean8;evidenceS15;MACHINE_CHECKED","RequestProject","O7;13;source_systemS5;lean411;source_fileS31;RequestProject/Kant/Repost.lean13;source_formatS4;text11;imported_atI+0;14;transformed_atI+0;15;transformationsL0;13;parent_objectS0;","93337a74cf3cb491e92ae9a81df656ee0f8d44c7c44b67cb832c14e1d43c6228"
"proof.Kant.SiteCard.Config.Wf.picture","Kant.SiteCard.Config.Wf.picture","lean4","VALID","RequestProject/Kant/SiteCard.lean","162","L1;S32;obj.Kant.SiteCard.Config.picture","L0;","elaborated and checked by the Lean kernel","L1;S35;obj.Kant.SiteCard.Config.Wf.picture","L1;S37;claim.Kant.SiteCard.Config.Wf.picture","L1;S34;proof.Kant.SiteCard.Config.picture","O4;4;kindS12;lean4-kernel6;digestS64;65c01fe4cbadc80e350088f218ca5b99386c562cf9239b7c27beb4e4b6501f0f8;locationS33;RequestProject/Kant/SiteCard.lean8;evidenceS15;MACHINE_CHECKED","RequestProject","O7;13;source_systemS5;lean411;source_fileS33;RequestProject/Kant/SiteCard.lean13;source_formatS4;text11;imported_atI+0;14;transformed_atI+162;15;transformationsL0;13;parent_objectS0;","d1a5d2e598f6d3a7713278b5e67324c4449782b139aa48ed9c349941f324268a"
"proof.Kant.Codec.pFields.eq_def","Kant.Codec.pFields.eq_def","lean4","VALID","RequestProject/Kant/Codec/Val.lean","0","L0;","L0;","elaborated and checked by the Lean kernel","L1;S29;obj.Kant.Codec.pFields.eq_def","L1;S31;claim.Kant.Codec.pFields.eq_def","L0;","O4;4;kindS12;lean4-kernel6;digestS64;76d902922843527d6432eef470bd58ee9df641ac9845aa27ca428aa2f88d15708;locationS34;RequestProject/Kant/Codec/Val.lean8;evidenceS15;MACHINE_CHECKED","RequestProject","O7;13;source_systemS5;lean411;source_fileS34;RequestProject/Kant/Codec/Val.lean13;source_formatS4;text11;imported_atI+0;14;transformed_atI+0;15;transformationsL0;13;parent_objectS0;","1ee524ef5bd26dd1233aef03684d51be64faffbd3e40e4eb29453305b52280d8"
"proof.Kant.Cli.browserPoll.eq_1","Kant.Cli.browserPoll.eq_1","lean4","VALID","RequestProject/Kant/Cli.lean","0","L1;S26;obj.Kant.Cli.Client.secret","L0;","elaborated and checked by the Lean kernel","L1;S29;obj.Kant.Cli.browserPoll.eq_1","L1;S31;claim.Kant.Cli.browserPoll.eq_1","L1;S28;proof.Kant.Cli.Client.secret","O4;4;kindS12;lean4-kernel6;digestS64;12f36855e4461b9018b5b2d259b2d29f3e51db8cfcae714666f7ba3fd83dbb9d8;locationS28;RequestProject/Kant/Cli.lean8;evidenceS15;MACHINE_CHECKED","RequestProject","O7;13;source_systemS5;lean411;source_fileS28;RequestProject/Kant/Cli.lean13;source_formatS4;text11;imported_atI+0;14;transformed_atI+0;15;transformationsL0;13;parent_objectS0;","f73f916321cf77a3cd22b850c5d7da906ff0927c2b7007c9c79a5d95cb95f3b6"
"proof.Kant.Codec.Loss.lossy.sizeOf_spec","Kant.Codec.Loss.lossy.sizeOf_spec","lean4","VALID","RequestProject/Kant/Codec/Model.lean","0","L0;","L0;","elaborated and checked by the Lean kernel","L1;S37;obj.Kant.Codec.Loss.lossy.sizeOf_spec","L1;S39;claim.Kant.Codec.Loss.lossy.sizeOf_spec","L0;","O4;4;kindS12;lean4-kernel6;digestS64;ee97fb2451d0cf5d2f1f4a5cf2d9daca0ecc02c1df8767f7a21252871bf7e4e48;locationS36;RequestProject/Kant/Codec/Model.lean8;evidenceS15;MACHINE_CHECKED","RequestProject","O7;13;source_systemS5;lean411;source_fileS36;RequestProject/Kant/Codec/Model.lean13;source_formatS4;text11;imported_atI+0;14;transformed_atI+0;15;transformationsL0;13;parent_objectS0;","e6f143a8c80653c032c5fe4f0c9a08f3669ea1095f2043a69c2d1a38d6b96ad9"
"proof.Kant.Wasm.Instr.extendU.sizeOf_spec","Kant.Wasm.Instr.extendU.sizeOf_spec","lean4","VALID","RequestProject/Wasm/Syntax.lean","0","L0;","L0;","elaborated and checked by the Lean kernel","L1;S39;obj.Kant.Wasm.Instr.extendU.sizeOf_spec","L1;S41;claim.Kant.Wasm.Instr.extendU.sizeOf_spec","L0;","O4;4;kindS12;lean4-kernel6;digestS64;496196f648f0e82cc1eb88e845920e1ffeac2115b7091b12d501dd2987ee06858;locationS31;RequestProject/Wasm/Syntax.lean8;evidenceS15;MACHINE_CHECKED","RequestProject","O7;13;source_systemS5;lean411;source_fileS31;RequestProject/Wasm/Syntax.lean13;source_formatS4;text11;imported_atI+0;14;transformed_atI+0;15;transformationsL0;13;parent_objectS0;","5067b7fc79cf4956f02d720641ff2899e1bed808764ab650dd206206d1129513"
"proof.Kant.Cli.pollFrom_curl_roundTrip","Kant.Cli.pollFrom_curl_roundTrip","lean4","VALID","RequestProject/Kant/Cli.lean","448","L2;S16;obj.Kant.Cli.ReqS26;obj.Kant.Cli.Client.secret","L0;","elaborated and checked by the Lean kernel","L1;S36;obj.Kant.Cli.pollFrom_curl_roundTrip","L1;S38;claim.Kant.Cli.pollFrom_curl_roundTrip","L2;S18;proof.Kant.Cli.ReqS28;proof.Kant.Cli.Client.secret","O4;4;kindS12;lean4-kernel6;digestS64;ef0fce89f72f4de5e245683bf514aeb28670fc8a7a7b98fbe85bd36ababcf6908;locationS28;RequestProject/Kant/Cli.lean8;evidenceS15;MACHINE_CHECKED","RequestProject","O7;13;source_systemS5;lean411;source_fileS28;RequestProject/Kant/Cli.lean13;source_formatS4;text11;imported_atI+0;14;transformed_atI+448;15;transformationsL0;13;parent_objectS0;","5d380ffdb7d9753d0cf8de779957c56a2c970a61f2b605174c0cc229971389c4"
"proof.Kant.Codec.Err.toVal.eq_1","Kant.Codec.Err.toVal.eq_1","lean4","VALID","RequestProject/Kant/Codec/Model.lean","0","L0;","L0;","elaborated and checked by the Lean kernel","L1;S29;obj.Kant.Codec.Err.toVal.eq_1","L1;S31;claim.Kant.Codec.Err.toVal.eq_1","L0;","O4;4;kindS12;lean4-kernel6;digestS64;8fb2b272cba1bb227a2f54411ca479a15e0e5781a6619f144383edfefa74b64b8;locationS36;RequestProject/Kant/Codec/Model.lean8;evidenceS15;MACHINE_CHECKED","RequestProject","O7;13;source_systemS5;lean411;source_fileS36;RequestProject/Kant/Codec/Model.lean13;source_formatS4;text11;imported_atI+0;14;transformed_atI+0;15;transformationsL0;13;parent_objectS0;","8acde35dbb9ac40fa551f0ead34d53fc698724c762990d75b68d1b4c47878f62"
"proof.Kant.CodeMovie.Circuit.encode_injective","Kant.CodeMovie.Circuit.encode_injective","lean4","VALID","RequestProject/Kant/CodeMovie.lean","223","L0;","L0;","elaborated and checked by the Lean kernel","L1;S43;obj.Kant.CodeMovie.Circuit.encode_injective","L1;S45;claim.Kant.CodeMovie.Circuit.encode_injective","L0;","O4;4;kindS12;lean4-kernel6;digestS64;c67b4fcde9033332dbbad1cca480e045b84de2994ca8270c8d0a0bee0364359f8;locationS34;RequestProject/Kant/CodeMovie.lean8;evidenceS15;MACHINE_CHECKED","RequestProject","O7;13;source_systemS5;lean411;source_fileS34;RequestProject/Kant/CodeMovie.lean13;source_formatS4;text11;imported_atI+0;14;transformed_atI+223;15;transformationsL0;13;parent_objectS0;","372c9b8a9597a2f2a9237be715a1d4852f13dcd233ae154c22b087e6bc6281df"
"proof.Kant.Codec.Envelope.mk.inj","Kant.Codec.Envelope.mk.inj","lean4","VALID","RequestProject/Kant/Codec/Exchange.lean","0","L0;","L0;","elaborated and checked by the Lean kernel","L1;S30;obj.Kant.Codec.Envelope.mk.inj","L1;S32;claim.Kant.Codec.Envelope.mk.inj","L0;","O4;4;kindS12;lean4-kernel6;digestS64;d6ef1af31eb460113c6e74c21d15e64669f25847c93e6e5f5f55bd5f4ed950fc8;locationS39;RequestProject/Kant/Codec/Exchange.lean8;evidenceS15;MACHINE_CHECKED","RequestProject","O7;13;source_systemS5;lean411;source_fileS39;RequestProject/Kant/Codec/Exchange.lean13;source_formatS4;text11;imported_atI+0;14;transformed_atI+0;15;transformationsL0;13;parent_objectS0;","593026dbdc200d7a4ad6721b99d95c5d71c37d004b831934ee31833bec5b3d97"
"proof.Kant.Dasl.mkCid_lt","Kant.Dasl.mkCid_lt","lean4","VALID","RequestProject/Kant/Dasl.lean","128","L0;","L0;","elaborated and checked by the Lean kernel","L1;S22;obj.Kant.Dasl.mkCid_lt","L1;S24;claim.Kant.Dasl.mkCid_lt","L0;","O4;4;kindS12;lean4-kernel6;digestS64;253dbc44f77f6403abac87d088ade9ec90dffeef34b477016e63bf536292bbe28;locationS29;RequestProject/Kant/Dasl.lean8;evidenceS15;MACHINE_CHECKED","RequestProject","O7;13;source_systemS5;lean411;source_fileS29;RequestProject/Kant/Dasl.lean13;source_formatS4;text11;imported_atI+0;14;transformed_atI+128;15;transformationsL0;13;parent_objectS0;","d6273d2d92352a091c4fec6f5f66e826312323c83edd740387293fcdcacb11a0"
"proof.Kant.Dom.DomObj.mk.injEq","Kant.Dom.DomObj.mk.injEq","lean4","VALID","RequestProject/Kant/Domain/Model.lean","0","L1;S15;obj.Kant.Dom.Id","L0;","elaborated and checked by the Lean kernel","L1;S28;obj.Kant.Dom.DomObj.mk.injEq","L1;S30;claim.Kant.Dom.DomObj.mk.injEq","L1;S17;proof.Kant.Dom.Id","O4;4;kindS12;lean4-kernel6;digestS64;6a567b0d1f135a22e0ce13399e4d85b115e60f51e171f874fd67cad213beef9b8;locationS37;RequestProject/Kant/Domain/Model.lean8;evidenceS15;MACHINE_CHECKED","RequestProject","O7;13;source_systemS5;lean411;source_fileS37;RequestProject/Kant/Domain/Model.lean13;source_formatS4;text11;imported_atI+0;14;transformed_atI+0;15;transformationsL0;13;parent_objectS0;","a6eec12cab48e2bd557741092821a09a712efee74d028677ccf2b88ac0b6f4d4"
"proof.Kant.Dom.no_proofs_unproven","Kant.Dom.no_proofs_unproven","lean4","VALID","RequestProject/Kant/Domain/Ledger.lean","123","L1;S21;obj.Kant.Dom.Coverage","L0;","elaborated and checked by the Lean kernel","L1;S31;obj.Kant.Dom.no_proofs_unproven","L1;S33;claim.Kant.Dom.no_proofs_unproven","L1;S23;proof.Kant.Dom.Coverage","O4;4;kindS12;lean4-kernel6;digestS64;1fe1e3072058494eda813226e2fa13218a838fa5dcb0cacce6588560d2e68d378;locationS38;RequestProject/Kant/Domain/Ledger.lean8;evidenceS15;MACHINE_CHECKED","RequestProject","O7;13;source_systemS5;lean411;source_fileS38;RequestProject/Kant/Domain/Ledger.lean13;source_formatS4;text11;imported_atI+0;14;transformed_atI+123;15;transformationsL0;13;parent_objectS0;","59d96786f7535758a22283badcd343ebe9882cb6d1a6d23e45e3bc28260ebcd1"
"proof.Kant.Dom.cellsText.eq_1","Kant.Dom.cellsText.eq_1","lean4","VALID","RequestProject/Kant/Domain/Table.lean","0","L0;","L0;","elaborated and checked by the Lean kernel","L1;S27;obj.Kant.Dom.cellsText.eq_1","L1;S29;claim.Kant.Dom.cellsText.eq_1","L0;","O4;4;kindS12;lean4-kernel6;digestS64;5dc27bd62fde730f0ce4cf937087519c0ce0cde4ad768cb5b54b1852cbb1dfc28;locationS37;RequestProject/Kant/Domain/Table.lean8;evidenceS15;MACHINE_CHECKED","RequestProject","O7;13;source_systemS5;lean411;source_fileS37;RequestProject/Kant/Domain/Table.lean13;source_formatS4;text11;imported_atI+0;14;transformed_atI+0;15;transformationsL0;13;parent_objectS0;","29841a42e2a221b5faf0c78d1466a4b2bf5d2294d05a81afd727ca020991802c"
"proof.Kant.Diagnostics.Log.add.eq_1","Kant.Diagnostics.Log.add.eq_1","lean4","VALID","RequestProject/Kant/Diagnostics.lean","0","L0;","L0;","elaborated and checked by the Lean kernel","L1;S33;obj.Kant.Diagnostics.Log.add.eq_1","L1;S35;claim.Kant.Diagnostics.Log.add.eq_1","L0;","O4;4;kindS12;lean4-kernel6;digestS64;1cfd81c36829831c86ad1bb170bff5536cfe2caf22e5e11ac43fbdd0c5511e498;locationS36;RequestProject/Kant/Diagnostics.lean8;evidenceS15;MACHINE_CHECKED","RequestProject","O7;13;source_systemS5;lean411;source_fileS36;RequestProject/Kant/Diagnostics.lean13;source_formatS4;text11;imported_atI+0;14;transformed_atI+0;15;transformationsL0;13;parent_objectS0;","d0f12eabd15ddef2b4842d7a3bc06fa5a3ef818f3e0eae8c284a96a76a918dbf"
"proof.Kant.Codec.Obj.hash_eq_of_eq","Kant.Codec.Obj.hash_eq_of_eq","lean4","VALID","RequestProject/Kant/Codec/Model.lean","547","L1;S18;obj.Kant.Codec.Obj","L0;","elaborated and checked by the Lean kernel","L1;S32;obj.Kant.Codec.Obj.hash_eq_of_eq","L1;S34;claim.Kant.Codec.Obj.hash_eq_of_eq","L1;S20;proof.Kant.Codec.Obj","O4;4;kindS12;lean4-kernel6;digestS64;23a90b5aea68f43c9f4c3537658817afe2599d2e069663ee4f605e166e3ff0e98;locationS36;RequestProject/Kant/Codec/Model.lean8;evidenceS15;MACHINE_CHECKED","RequestProject","O7;13;source_systemS5;lean411;source_fileS36;RequestProject/Kant/Codec/Model.lean13;source_formatS4;text11;imported_atI+0;14;transformed_atI+547;15;transformationsL0;13;parent_objectS0;","1f6166f3fb555f44e8959a06507cccf7e8c7898c623b7caa6a535d3bba5e02dd"
"proof.Kant.Codec.MinProfile.mk.inj","Kant.Codec.MinProfile.mk.inj","lean4","VALID","RequestProject/Kant/Codec/Model.lean","0","L1;S19;obj.Kant.Codec.Outp","L0;","elaborated and checked by the Lean kernel","L1;S32;obj.Kant.Codec.MinProfile.mk.inj","L1;S34;claim.Kant.Codec.MinProfile.mk.inj","L1;S21;proof.Kant.Codec.Outp","O4;4;kindS12;lean4-kernel6;digestS64;2ae406e823cb748e63ba75b774e1a5991b24b25c054a1b042db75613012857b78;locationS36;RequestProject/Kant/Codec/Model.lean8;evidenceS15;MACHINE_CHECKED","RequestProject","O7;13;source_systemS5;lean411;source_fileS36;RequestProject/Kant/Codec/Model.lean13;source_formatS4;text11;imported_atI+0;14;transformed_atI+0;15;transformationsL0;13;parent_objectS0;","f1a9f9d0c7166814fb90cbee4967e6c7c060aa538e05c9fa65a9fec1c831792d"
"proof.Kant.Rendezvous.parseAddrField_addrField","Kant.Rendezvous.parseAddrField_addrField","lean4","VALID","RequestProject/Kant/Rendezvous.lean","97","L1;S35;obj.Kant.Rendezvous.Address.casesOn","L0;","elaborated and checked by the Lean kernel","L1;S44;obj.Kant.Rendezvous.parseAddrField_addrField","L1;S46;claim.Kant.Rendezvous.parseAddrField_addrField","L1;S37;proof.Kant.Rendezvous.Address.casesOn","O4;4;kindS12;lean4-kernel6;digestS64;431cd96221a67d5078edc5e1a8e7982b231706e38c73bc92753f23afcb13e0a58;locationS35;RequestProject/Kant/Rendezvous.lean8;evidenceS15;MACHINE_CHECKED","RequestProject","O7;13;source_systemS5;lean411;source_fileS35;RequestProject/Kant/Rendezvous.lean13;source_formatS4;text11;imported_atI+0;14;transformed_atI+97;15;transformationsL0;13;parent_objectS0;","d09f650ec6ebbe5d3b1e0bc0c5578cba0820975105118997d61464f6a01aecf4"
"proof.Kant.Codec.ipdlRefKey.eq_1","Kant.Codec.ipdlRefKey.eq_1","lean4","VALID","RequestProject/Kant/Codec/Ipdl.lean","0","L0;","L0;","elaborated and checked by the Lean kernel","L1;S30;obj.Kant.Codec.ipdlRefKey.eq_1","L1;S32;claim.Kant.Codec.ipdlRefKey.eq_1","L0;","O4;4;kindS12;lean4-kernel6;digestS64;242d5c63a96683fe34b763677e7e1ae1785f17b541d40178d1b48671afe33e5b8;locationS35;RequestProject/Kant/Codec/Ipdl.lean8;evidenceS15;MACHINE_CHECKED","RequestProject","O7;13;source_systemS5;lean411;source_fileS35;RequestProject/Kant/Codec/Ipdl.lean13;source_formatS4;text11;imported_atI+0;14;transformed_atI+0;15;transformationsL0;13;parent_objectS0;","786a76b4b6b1d222c12b0e2deca0b5058c4f92dd5a23759c294db83a283f517f"
"proof.Kant.Codec.Obj.ofVal.eq_2","Kant.Codec.Obj.ofVal.eq_2","lean4","VALID","RequestProject/Kant/Codec/Model.lean","0","L2;S18;obj.Kant.Codec.ObjS19;obj.Kant.Codec.Outp","L0;","elaborated and checked by the Lean kernel","L1;S29;obj.Kant.Codec.Obj.ofVal.eq_2","L1;S31;claim.Kant.Codec.Obj.ofVal.eq_2","L2;S20;proof.Kant.Codec.ObjS21;proof.Kant.Codec.Outp","O4;4;kindS12;lean4-kernel6;digestS64;7de560a9d42931952453856f68a4a10283b0f1d491c3431f27a3a9172ad7450c8;locationS36;RequestProject/Kant/Codec/Model.lean8;evidenceS15;MACHINE_CHECKED","RequestProject","O7;13;source_systemS5;lean411;source_fileS36;RequestProject/Kant/Codec/Model.lean13;source_formatS4;text11;imported_atI+0;14;transformed_atI+0;15;transformationsL0;13;parent_objectS0;","56959a84cffdd627a528c8257cf0ff5424d40fb83959488d8eb39cb3bb7651ba"
"proof.Kant.Dom.hash_shared","Kant.Dom.hash_shared","lean4","VALID","RequestProject/Kant/Domain/Emit.lean","170","L1;S23;obj.Kant.Dom.parse_emit","L0;","elaborated and checked by the Lean kernel","L1;S24;obj.Kant.Dom.hash_shared","L1;S26;claim.Kant.Dom.hash_shared","L1;S25;proof.Kant.Dom.parse_emit","O4;4;kindS12;lean4-kernel6;digestS64;5dd13cd8a47d31f3f2b4bb011560b5ec68337cece096da41d2db619ac4a583828;locationS36;RequestProject/Kant/Domain/Emit.lean8;evidenceS15;MACHINE_CHECKED","RequestProject","O7;13;source_systemS5;lean411;source_fileS36;RequestProject/Kant/Domain/Emit.lean13;source_formatS4;text11;imported_atI+0;14;transformed_atI+170;15;transformationsL0;13;parent_objectS0;","36357f5f8d60c11f0925c4a77bae55ac77e46c004f3caa850e954c19f5dda512"
"proof.Kant.Codec.yVal.eq_def","Kant.Codec.yVal.eq_def","lean4","VALID","RequestProject/Kant/Codec/Yaml.lean","0","L1;S25;obj.Kant.Codec.readQuoted","L0;","elaborated and checked by the Lean kernel","L1;S26;obj.Kant.Codec.yVal.eq_def","L1;S28;claim.Kant.Codec.yVal.eq_def","L1;S27;proof.Kant.Codec.readQuoted","O4;4;kindS12;lean4-kernel6;digestS64;dd6b01046ea743fa2f4989a765d28f19f377e0991eb409a44514a3314f3bd4eb8;locationS35;RequestProject/Kant/Codec/Yaml.lean8;evidenceS15;MACHINE_CHECKED","RequestProject","O7;13;source_systemS5;lean411;source_fileS35;RequestProject/Kant/Codec/Yaml.lean13;source_formatS4;text11;imported_atI+0;14;transformed_atI+0;15;transformationsL0;13;parent_objectS0;","2d00a8d6787ff9454dc4492ef3636742235f5e84ff3b81ff8e10d27b7738c5fc"
"proof.Kant.Codec.readStr_encStr","Kant.Codec.readStr_encStr","lean4","VALID","RequestProject/Kant/Codec/Val.lean","194","L1;S30;obj.Kant.Codec.readStr.match_1","L0;","elaborated and checked by the Lean kernel","L1;S29;obj.Kant.Codec.readStr_encStr","L1;S31;claim.Kant.Codec.readStr_encStr","L1;S32;proof.Kant.Codec.readStr.match_1","O4;4;kindS12;lean4-kernel6;digestS64;020d87d17bc8cda3b26e526d6fe930246f1a9dba571558d9da0a6a30041069928;locationS34;RequestProject/Kant/Codec/Val.lean8;evidenceS15;MACHINE_CHECKED","RequestProject","O7;13;source_systemS5;lean411;source_fileS34;RequestProject/Kant/Codec/Val.lean13;source_formatS4;text11;imported_atI+0;14;transformed_atI+194;15;transformationsL0;13;parent_objectS0;","544810e1a4f3b5c89421f60883e5017b8ba8ad1c36a22d2e06a4a565e8c686e1"
"proof.Kant.Codec.minimal_roundTrip","Kant.Codec.minimal_roundTrip","lean4","VALID","RequestProject/Kant/Codec/Model.lean","593","L2;S18;obj.Kant.Codec.ObjS19;obj.Kant.Codec.Outp","L0;","elaborated and checked by the Lean kernel","L1;S32;obj.Kant.Codec.minimal_roundTrip","L1;S34;claim.Kant.Codec.minimal_roundTrip","L2;S20;proof.Kant.Codec.ObjS21;proof.Kant.Codec.Outp","O4;4;kindS12;lean4-kernel6;digestS64;9c71f8642dfdd0aafaf57176f21bf1b91465e8e75270a99c139e5f465f4ba3a38;locationS36;RequestProject/Kant/Codec/Model.lean8;evidenceS15;MACHINE_CHECKED","RequestProject","O7;13;source_systemS5;lean411;source_fileS36;RequestProject/Kant/Codec/Model.lean13;source_formatS4;text11;imported_atI+0;14;transformed_atI+593;15;transformationsL0;13;parent_objectS0;","c7912d5bbe160b208a5a1eb50140c19339289f4ef38b4d86a4644fbdc5822179"
"proof.Kant.Feed.row_copy_roundTrip","Kant.Feed.row_copy_roundTrip","lean4","VALID","RequestProject/Kant/Feed.lean","121","L1;S27;obj.Kant.Clipboard.Copyable","L0;","elaborated and checked by the Lean kernel","L1;S32;obj.Kant.Feed.row_copy_roundTrip","L1;S34;claim.Kant.Feed.row_copy_roundTrip","L1;S29;proof.Kant.Clipboard.Copyable","O4;4;kindS12;lean4-kernel6;digestS64;aaa4cf94e4d99993d71874032f3ece6839fbbb619212999d234a92dd2f58824a8;locationS29;RequestProject/Kant/Feed.lean8;evidenceS15;MACHINE_CHECKED","RequestProject","O7;13;source_systemS5;lean411;source_fileS29;RequestProject/Kant/Feed.lean13;source_formatS4;text11;imported_atI+0;14;transformed_atI+121;15;transformationsL0;13;parent_objectS0;","8551a0b056c6b6888b97484bf0eaed6b92732c103a94b5ce837e27b321a3ea31"
"proof.Kant.Onboarding.camera_off_after_stop","Kant.Onboarding.camera_off_after_stop","lean4","VALID","RequestProject/Kant/Onboarding.lean","163","L0;","L0;","elaborated and checked by the Lean kernel","L1;S41;obj.Kant.Onboarding.camera_off_after_stop","L1;S43;claim.Kant.Onboarding.camera_off_after_stop","L0;","O4;4;kindS12;lean4-kernel6;digestS64;066dba93f2a88a05b929e1b854355a56ceb27d25751f900791c31a8da91b9d608;locationS35;RequestProject/Kant/Onboarding.lean8;evidenceS15;MACHINE_CHECKED","RequestProject","O7;13;source_systemS5;lean411;source_fileS35;RequestProject/Kant/Onboarding.lean13;source_formatS4;text11;imported_atI+0;14;transformed_atI+163;15;transformationsL0;13;parent_objectS0;","57a1570c0be4672ef5c2fb6018536671a2f97e839afacc28479b2987ac1a06eb"
"proof.Kant.Wasm.Encode.cmpOpcode.eq_3","Kant.Wasm.Encode.cmpOpcode.eq_3","lean4","VALID","RequestProject/Wasm/Decode.lean","0","L0;","L0;","elaborated and checked by the Lean kernel","L1;S35;obj.Kant.Wasm.Encode.cmpOpcode.eq_3","L1;S37;claim.Kant.Wasm.Encode.cmpOpcode.eq_3","L0;","O4;4;kindS12;lean4-kernel6;digestS64;15cfb2ceb00acf6965fda28ce93e32b65b2ecb5a5d64f6838754b9accb0f71508;locationS31;RequestProject/Wasm/Decode.lean8;evidenceS15;MACHINE_CHECKED","RequestProject","O7;13;source_systemS5;lean411;source_fileS31;RequestProject/Wasm/Decode.lean13;source_formatS4;text11;imported_atI+0;14;transformed_atI+0;15;transformationsL0;13;parent_objectS0;","19d18cab31d5adbdfac16e30049f5e5afd86932c4bd0933716b470d4704b4254"
"proof.Kant.Codec.diffList.eq_4","Kant.Codec.diffList.eq_4","lean4","VALID","RequestProject/Kant/Codec/Reconcile.lean","0","L1;S22;obj.Kant.Codec.yamlEnc","L0;","elaborated and checked by the Lean kernel","L1;S28;obj.Kant.Codec.diffList.eq_4","L1;S30;claim.Kant.Codec.diffList.eq_4","L1;S24;proof.Kant.Codec.yamlEnc","O4;4;kindS12;lean4-kernel6;digestS64;39ad71383b4818253447a70c41ccc69e90e06e21cab6952f5d7e47529a7e57208;locationS40;RequestProject/Kant/Codec/Reconcile.lean8;evidenceS15;MACHINE_CHECKED","RequestProject","O7;13;source_systemS5;lean411;source_fileS40;RequestProject/Kant/Codec/Reconcile.lean13;source_formatS4;text11;imported_atI+0;14;transformed_atI+0;15;transformationsL0;13;parent_objectS0;","9b565f795c95b236422f50ef8d131009920ae0c1259f62909df0734165f715e3"
"proof.Kant.Codec.Val.int.sizeOf_spec","Kant.Codec.Val.int.sizeOf_spec","lean4","VALID","RequestProject/Kant/Codec/Val.lean","0","L0;","L0;","elaborated and checked by the Lean kernel","L1;S34;obj.Kant.Codec.Val.int.sizeOf_spec","L1;S36;claim.Kant.Codec.Val.int.sizeOf_spec","L0;","O4;4;kindS12;lean4-kernel6;digestS64;555731680f881f342b640b876f7c77e3400d3d29ea47e04a3f0c40a7113d0f218;locationS34;RequestProject/Kant/Codec/Val.lean8;evidenceS15;MACHINE_CHECKED","RequestProject","O7;13;source_systemS5;lean411;source_fileS34;RequestProject/Kant/Codec/Val.lean13;source_formatS4;text11;imported_atI+0;14;transformed_atI+0;15;transformationsL0;13;parent_objectS0;","d9744840b093d35e0f0d2e1f6403fc510d9776e1a96602b8762c1362adf50c2b"
"proof.Kant.Rendezvous.Roster.merge_perm","Kant.Rendezvous.Roster.merge_perm","lean4","VALID","RequestProject/Kant/Rendezvous.lean","229","L0;","L0;","elaborated and checked by the Lean kernel","L1;S37;obj.Kant.Rendezvous.Roster.merge_perm","L1;S39;claim.Kant.Rendezvous.Roster.merge_perm","L0;","O4;4;kindS12;lean4-kernel6;digestS64;014afd5855b92ce8d90d646caf503b773b66aa2236638e624fd59a05043bf6a18;locationS35;RequestProject/Kant/Rendezvous.lean8;evidenceS15;MACHINE_CHECKED","RequestProject","O7;13;source_systemS5;lean411;source_fileS35;RequestProject/Kant/Rendezvous.lean13;source_formatS4;text11;imported_atI+0;14;transformed_atI+229;15;transformationsL0;13;parent_objectS0;","aa7cc3f515d34edcf859d8b4e3811a3f1531507ada9b2762cd585ac8234c1245"
"proof.Kant.Codec.readNatAux.eq_1","Kant.Codec.readNatAux.eq_1","lean4","VALID","RequestProject/Kant/Codec/Val.lean","0","L0;","L0;","elaborated and checked by the Lean kernel","L1;S30;obj.Kant.Codec.readNatAux.eq_1","L1;S32;claim.Kant.Codec.readNatAux.eq_1","L0;","O4;4;kindS12;lean4-kernel6;digestS64;0ccd092f6053c7af22351f711758160056fcf8676bfdd605604dfca62ea30a4e8;locationS34;RequestProject/Kant/Codec/Val.lean8;evidenceS15;MACHINE_CHECKED","RequestProject","O7;13;source_systemS5;lean411;source_fileS34;RequestProject/Kant/Codec/Val.lean13;source_formatS4;text11;imported_atI+0;14;transformed_atI+0;15;transformationsL0;13;parent_objectS0;","f3606bb841ff84bbaa60882af38a11a8353e17e9d14aeaa10c43a4447c50e10e"
"proof.Kant.Dom.Rel.references.sizeOf_spec","Kant.Dom.Rel.references.sizeOf_spec","lean4","VALID","RequestProject/Kant/Domain/Model.lean","0","L0;","L0;","elaborated and checked by the Lean kernel","L1;S39;obj.Kant.Dom.Rel.references.sizeOf_spec","L1;S41;claim.Kant.Dom.Rel.references.sizeOf_spec","L0;","O4;4;kindS12;lean4-kernel6;digestS64;b6305d9e367094ae51bbf2b8404c8391c98ff69acf21d3e88a1a7d95f2eb5d4b8;locationS37;RequestProject/Kant/Domain/Model.lean8;evidenceS15;MACHINE_CHECKED","RequestProject","O7;13;source_systemS5;lean411;source_fileS37;RequestProject/Kant/Domain/Model.lean13;source_formatS4;text11;imported_atI+0;14;transformed_atI+0;15;transformationsL0;13;parent_objectS0;","f7fbc82ca1a2d26e1709878435d827513338e265a4736b28a4451e7f56c46f8b"
"proof.Kant.Wasm.Expr.bin.sizeOf_spec","Kant.Wasm.Expr.bin.sizeOf_spec","lean4","VALID","RequestProject/Wasm/Syntax.lean","0","L0;","L0;","elaborated and checked by the Lean kernel","L1;S34;obj.Kant.Wasm.Expr.bin.sizeOf_spec","L1;S36;claim.Kant.Wasm.Expr.bin.sizeOf_spec","L0;","O4;4;kindS12;lean4-kernel6;digestS64;a3c611ccd627282d84bfecb41b099f46d4f7129587a3ddff47668076f8d429508;locationS31;RequestProject/Wasm/Syntax.lean8;evidenceS15;MACHINE_CHECKED","RequestProject","O7;13;source_systemS5;lean411;source_fileS31;RequestProject/Wasm/Syntax.lean13;source_formatS4;text11;imported_atI+0;14;transformed_atI+0;15;transformationsL0;13;parent_objectS0;","499469a4118a314239bef412a0bef025094006ce909265bcbda2bd17cf70bd9f"
"proof.Kant.Dom.Relation.toVal.eq_1","Kant.Dom.Relation.toVal.eq_1","lean4","VALID","RequestProject/Kant/Domain/Model.lean","0","L0;","L0;","elaborated and checked by the Lean kernel","L1;S32;obj.Kant.Dom.Relation.toVal.eq_1","L1;S34;claim.Kant.Dom.Relation.toVal.eq_1","L0;","O4;4;kindS12;lean4-kernel6;digestS64;0e3e5439d1e8cbf9da27acf18484dc9adce866562066f65bd75029768a0e7ac48;locationS37;RequestProject/Kant/Domain/Model.lean8;evidenceS15;MACHINE_CHECKED","RequestProject","O7;13;source_systemS5;lean411;source_fileS37;RequestProject/Kant/Domain/Model.lean13;source_formatS4;text11;imported_atI+0;14;transformed_atI+0;15;transformationsL0;13;parent_objectS0;","5dbf89c13df911f7bf9b782ca013d75432d00b46a20ae03da38160cd6e134d1a"
"proof.Kant.Cli.splitCh_joinSp","Kant.Cli.splitCh_joinSp","lean4","VALID","RequestProject/Kant/Cli.lean","122","L1;S25;obj.Kant.SiteCard.splitCh","L0;","elaborated and checked by the Lean kernel","L1;S27;obj.Kant.Cli.splitCh_joinSp","L1;S29;claim.Kant.Cli.splitCh_joinSp","L1;S27;proof.Kant.SiteCard.splitCh","O4;4;kindS12;lean4-kernel6;digestS64;d7d24afeff940d7b6a84fe44347c02ecdd39c6561502115d14973db1c4812f6e8;locationS28;RequestProject/Kant/Cli.lean8;evidenceS15;MACHINE_CHECKED","RequestProject","O7;13;source_systemS5;lean411;source_fileS28;RequestProject/Kant/Cli.lean13;source_formatS4;text11;imported_atI+0;14;transformed_atI+122;15;transformationsL0;13;parent_objectS0;","43c143eaad4bd277913c3d66473240446aea50c3bf9f12dd6be6aeaf535e752a"
"proof.Kant.SiteCard.cardSvg.eq_1","Kant.SiteCard.cardSvg.eq_1","lean4","VALID","RequestProject/Kant/SiteCard.lean","0","L1;S27;obj.Kant.SiteCard.cardParts","L0;","elaborated and checked by the Lean kernel","L1;S30;obj.Kant.SiteCard.cardSvg.eq_1","L1;S32;claim.Kant.SiteCard.cardSvg.eq_1","L1;S29;proof.Kant.SiteCard.cardParts","O4;4;kindS12;lean4-kernel6;digestS64;86eb2f598c263df29c0d717a405cddd9611800e46cc55a9c2acfbccbbc57482b8;locationS33;RequestProject/Kant/SiteCard.lean8;evidenceS15;MACHINE_CHECKED","RequestProject","O7;13;source_systemS5;lean411;source_fileS33;RequestProject/Kant/SiteCard.lean13;source_formatS4;text11;imported_atI+0;14;transformed_atI+0;15;transformationsL0;13;parent_objectS0;","7e54a3f71f59c97b5f9c81e7e8513cb890a18baf03662ac11f2e815eda54e77e"
"proof.Kant.Feed.timeline_flatten","Kant.Feed.timeline_flatten","lean4","VALID","RequestProject/Kant/Feed.lean","300","L0;","L0;","elaborated and checked by the Lean kernel","L1;S30;obj.Kant.Feed.timeline_flatten","L1;S32;claim.Kant.Feed.timeline_flatten","L0;","O4;4;kindS12;lean4-kernel6;digestS64;ee83c48734f940ff86266f2ed2655dcc337f46ee81e6b0f90754b7f6bc37b3ee8;locationS29;RequestProject/Kant/Feed.lean8;evidenceS15;MACHINE_CHECKED","RequestProject","O7;13;source_systemS5;lean411;source_fileS29;RequestProject/Kant/Feed.lean13;source_formatS4;text11;imported_atI+0;14;transformed_atI+300;15;transformationsL0;13;parent_objectS0;","a3fc5f5d5d1f75a6fe70df9f76f8ce29b6a20c82b9740ee06044b85204f59063"
"proof.Kant.Codec.embed.eq_3","Kant.Codec.embed.eq_3","lean4","VALID","RequestProject/Kant/Codec/Ipdl.lean","0","L1;S19;obj.Kant.Codec.Ipdl","L0;","elaborated and checked by the Lean kernel","L1;S25;obj.Kant.Codec.embed.eq_3","L1;S27;claim.Kant.Codec.embed.eq_3","L1;S21;proof.Kant.Codec.Ipdl","O4;4;kindS12;lean4-kernel6;digestS64;27cfaafb63d8f45efcb631edabd88b9d3a4b0b0ff0d72c007cfb52217f0596078;locationS35;RequestProject/Kant/Codec/Ipdl.lean8;evidenceS15;MACHINE_CHECKED","RequestProject","O7;13;source_systemS5;lean411;source_fileS35;RequestProject/Kant/Codec/Ipdl.lean13;source_formatS4;text11;imported_atI+0;14;transformed_atI+0;15;transformationsL0;13;parent_objectS0;","525be1a2d25731d88b1da23f7664865ba1719ae84f96f8de477d9e4a129bc6e1"
"proof.Kant.Join.mem_joinFields","Kant.Join.mem_joinFields","lean4","VALID","RequestProject/Kant/Join.lean","97","L0;","L0;","elaborated and checked by the Lean kernel","L1;S28;obj.Kant.Join.mem_joinFields","L1;S30;claim.Kant.Join.mem_joinFields","L0;","O4;4;kindS12;lean4-kernel6;digestS64;56c3ce3eac13837e3c7167da2728f3d9122e09f4bb0a3dbce62208b3a534914f8;locationS29;RequestProject/Kant/Join.lean8;evidenceS15;MACHINE_CHECKED","RequestProject","O7;13;source_systemS5;lean411;source_fileS29;RequestProject/Kant/Join.lean13;source_formatS4;text11;imported_atI+0;14;transformed_atI+97;15;transformationsL0;13;parent_objectS0;","6b38969dc501bc7b3a4b5bfed2f51df8127862304ee97d81619ee6a9163e9cfe"
"proof.Kant.Wasm.Expr.exec_compile","Kant.Wasm.Expr.exec_compile","lean4","VALID","RequestProject/Wasm/Semantics.lean","88","L0;","L0;","elaborated and checked by the Lean kernel","L1;S31;obj.Kant.Wasm.Expr.exec_compile","L1;S33;claim.Kant.Wasm.Expr.exec_compile","L0;","O4;4;kindS12;lean4-kernel6;digestS64;0041b701da14824af7ed9f3330370a2193b85ba4b57c419483f22a5ef7dca1638;locationS34;RequestProject/Wasm/Semantics.lean8;evidenceS15;MACHINE_CHECKED","RequestProject","O7;13;source_systemS5;lean411;source_fileS34;RequestProject/Wasm/Semantics.lean13;source_formatS4;text11;imported_atI+0;14;transformed_atI+88;15;transformationsL0;13;parent_objectS0;","6c787387d7de65718f733bd10b0a11befc147dda615c924b62220d8c1bd20598"
"proof.Kant.Codec.Tests.refs_survive","Kant.Codec.Tests.refs_survive","lean4","VALID","RequestProject/Kant/Codec/Tests.lean","162","L1;S19;obj.Kant.Codec.Ipdl","L0;","elaborated and checked by the Lean kernel","L1;S33;obj.Kant.Codec.Tests.refs_survive","L1;S35;claim.Kant.Codec.Tests.refs_survive","L1;S21;proof.Kant.Codec.Ipdl","O4;4;kindS12;lean4-kernel6;digestS64;38b7b2c05f2a8801616051bf23e4d6beb2b3750f18aaac7bf65017e10f4682388;locationS36;RequestProject/Kant/Codec/Tests.lean8;evidenceS15;MACHINE_CHECKED","RequestProject","O7;13;source_systemS5;lean411;source_fileS36;RequestProject/Kant/Codec/Tests.lean13;source_formatS4;text11;imported_atI+0;14;transformed_atI+162;15;transformationsL0;13;parent_objectS0;","d8cfc580f6db941e58caba496bc2f0f1d7faa683bb55de78610d2915125d414b"
"proof.Kant.Dom.refusal_recorded","Kant.Dom.refusal_recorded","lean4","VALID","RequestProject/Kant/Domain/Policy.lean","144","L1;S15;obj.Kant.Dom.Id","L0;","elaborated and checked by the Lean kernel","L1;S29;obj.Kant.Dom.refusal_recorded","L1;S31;claim.Kant.Dom.refusal_recorded","L1;S17;proof.Kant.Dom.Id","O4;4;kindS12;lean4-kernel6;digestS64;3d8ec48ed7963593413956ec77168800ab65b70b9a4277ad831366f468144a228;locationS38;RequestProject/Kant/Domain/Policy.lean8;evidenceS15;MACHINE_CHECKED","RequestProject","O7;13;source_systemS5;lean411;source_fileS38;RequestProject/Kant/Domain/Policy.lean13;source_formatS4;text11;imported_atI+0;14;transformed_atI+144;15;transformationsL0;13;parent_objectS0;","9afe5d16cf57c0ec41a62eef26bcc2bf950fb472100328d219a7473507722425"
"proof.Kant.Rendezvous.copyInvite.eq_1","Kant.Rendezvous.copyInvite.eq_1","lean4","VALID","RequestProject/Kant/Rendezvous.lean","0","L1;S28;obj.Kant.Rendezvous.ofInvite","L0;","elaborated and checked by the Lean kernel","L1;S35;obj.Kant.Rendezvous.copyInvite.eq_1","L1;S37;claim.Kant.Rendezvous.copyInvite.eq_1","L1;S30;proof.Kant.Rendezvous.ofInvite","O4;4;kindS12;lean4-kernel6;digestS64;389b1c27dea643ed713163f247a929c6ac2440ef23357a17868a2c2848d27ca88;locationS35;RequestProject/Kant/Rendezvous.lean8;evidenceS15;MACHINE_CHECKED","RequestProject","O7;13;source_systemS5;lean411;source_fileS35;RequestProject/Kant/Rendezvous.lean13;source_formatS4;text11;imported_atI+0;14;transformed_atI+0;15;transformationsL0;13;parent_objectS0;","d8f827b22b74f642ce39d0dec0a24b059cd63815bfa4623c4c8d821b6488ab7f"
"proof.Kant.SiteCard.FieldOk.noLeadingSpace","Kant.SiteCard.FieldOk.noLeadingSpace","lean4","VALID","RequestProject/Kant/SiteCard.lean","152","L0;","L0;","elaborated and checked by the Lean kernel","L1;S40;obj.Kant.SiteCard.FieldOk.noLeadingSpace","L1;S42;claim.Kant.SiteCard.FieldOk.noLeadingSpace","L0;","O4;4;kindS12;lean4-kernel6;digestS64;07d777318805fcc86a30d4aa9bdeec534648377aff17d1ca069d5da061244fbd8;locationS33;RequestProject/Kant/SiteCard.lean8;evidenceS15;MACHINE_CHECKED","RequestProject","O7;13;source_systemS5;lean411;source_fileS33;RequestProject/Kant/SiteCard.lean13;source_formatS4;text11;imported_atI+0;14;transformed_atI+152;15;transformationsL0;13;parent_objectS0;","86e1b39d8cf5e5f53c8986e05adf88128dad18984452baef16e6caf8d027c90c"
"proof.Kant.Dom.parse_emit","Kant.Dom.parse_emit","lean4","VALID","RequestProject/Kant/Domain/Emit.lean","156","L1;S26;obj.Kant.Codec.Fmt.casesOn","L0;","elaborated and checked by the Lean kernel","L1;S23;obj.Kant.Dom.parse_emit","L1;S25;claim.Kant.Dom.parse_emit","L1;S28;proof.Kant.Codec.Fmt.casesOn","O4;4;kindS12;lean4-kernel6;digestS64;6fe92736697bade270495ed46be227c17f9e1f35e279a60cce699d3b236847438;locationS36;RequestProject/Kant/Domain/Emit.lean8;evidenceS15;MACHINE_CHECKED","RequestProject","O7;13;source_systemS5;lean411;source_fileS36;RequestProject/Kant/Domain/Emit.lean13;source_formatS4;text11;imported_atI+0;14;transformed_atI+156;15;transformationsL0;13;parent_objectS0;","a2b0621b10b267e569e72b4e1540f6f2f6946996183fa53ffa5144e84e4641cc"
"proof.Kant.Uucp.mem_absorb_iff","Kant.Uucp.mem_absorb_iff","lean4","VALID","RequestProject/Kant/Uucp.lean","346","L1;S25;obj.Kant.Uucp.absorb_cons","L0;","elaborated and checked by the Lean kernel","L1;S28;obj.Kant.Uucp.mem_absorb_iff","L1;S30;claim.Kant.Uucp.mem_absorb_iff","L1;S27;proof.Kant.Uucp.absorb_cons","O4;4;kindS12;lean4-kernel6;digestS64;d17c025a61d7d1caecbfaacabebfe0890b6dad393b50eeb4bdb863eb0d58b91b8;locationS29;RequestProject/Kant/Uucp.lean8;evidenceS15;MACHINE_CHECKED","RequestProject","O7;13;source_systemS5;lean411;source_fileS29;RequestProject/Kant/Uucp.lean13;source_formatS4;text11;imported_atI+0;14;transformed_atI+346;15;transformationsL0;13;parent_objectS0;","505df1f369bd0e271d13b90fa6450384bebe9fde1f16f6ed8b5f8afabcca91ca"
"proof.Kant.Codec.encInt.eq_1","Kant.Codec.encInt.eq_1","lean4","VALID","RequestProject/Kant/Codec/Val.lean","0","L0;","L0;","elaborated and checked by the Lean kernel","L1;S26;obj.Kant.Codec.encInt.eq_1","L1;S28;claim.Kant.Codec.encInt.eq_1","L0;","O4;4;kindS12;lean4-kernel6;digestS64;2519f236f9f73250d1a34ec8d288aa37cc1292efd6300326a38d768297fa76958;locationS34;RequestProject/Kant/Codec/Val.lean8;evidenceS15;MACHINE_CHECKED","RequestProject","O7;13;source_systemS5;lean411;source_fileS34;RequestProject/Kant/Codec/Val.lean13;source_formatS4;text11;imported_atI+0;14;transformed_atI+0;15;transformationsL0;13;parent_objectS0;","d2158881242bbb8f105913be49f5449c81b3361ddab55ab552d127ee25ac7242"
"proof.Kant.Codec.xVal.eq_2","Kant.Codec.xVal.eq_2","lean4","VALID","RequestProject/Kant/Codec/RawText.lean","0","L1;S24;obj.Kant.Codec.xIntClose","L0;","elaborated and checked by the Lean kernel","L1;S24;obj.Kant.Codec.xVal.eq_2","L1;S26;claim.Kant.Codec.xVal.eq_2","L1;S26;proof.Kant.Codec.xIntClose","O4;4;kindS12;lean4-kernel6;digestS64;3808ee4d380dcc77fd429f8c63178170d54a21ab744c6e150d5a8aba62a218868;locationS38;RequestProject/Kant/Codec/RawText.lean8;evidenceS15;MACHINE_CHECKED","RequestProject","O7;13;source_systemS5;lean411;source_fileS38;RequestProject/Kant/Codec/RawText.lean13;source_formatS4;text11;imported_atI+0;14;transformed_atI+0;15;transformationsL0;13;parent_objectS0;","5f939acf56a62dc33ff68279d9b15e10b8a084caa06049290b3ace8c3b0ae076"
"proof.Kant.Dom.catalog_proofs","Kant.Dom.catalog_proofs","lean4","VALID","RequestProject/Kant/Domain/Catalog.lean","225","L0;","L0;","elaborated and checked by the Lean kernel","L1;S27;obj.Kant.Dom.catalog_proofs","L1;S29;claim.Kant.Dom.catalog_proofs","L0;","O4;4;kindS12;lean4-kernel6;digestS64;b2f5bd6878e58b97c9f6b840a4029dc8a4b0351a3628b84df13209bc210090468;locationS39;RequestProject/Kant/Domain/Catalog.lean8;evidenceS15;MACHINE_CHECKED","RequestProject","O7;13;source_systemS5;lean411;source_fileS39;RequestProject/Kant/Domain/Catalog.lean13;source_formatS4;text11;imported_atI+0;14;transformed_atI+225;15;transformationsL0;13;parent_objectS0;","1bb68966601a03f48f30bd679305e957a381ed3ed70e3afa579492a033b2345d"
"proof.Kant.Feed.paginate_length_pos","Kant.Feed.paginate_length_pos","lean4","VALID","RequestProject/Kant/Feed.lean","179","L0;","L0;","elaborated and checked by the Lean kernel","L1;S33;obj.Kant.Feed.paginate_length_pos","L1;S35;claim.Kant.Feed.paginate_length_pos","L0;","O4;4;kindS12;lean4-kernel6;digestS64;432d2264f774e5a4dfae73e25b78cfd747119be5a7be50aebc3c93e4db04ed198;locationS29;RequestProject/Kant/Feed.lean8;evidenceS15;MACHINE_CHECKED","RequestProject","O7;13;source_systemS5;lean411;source_fileS29;RequestProject/Kant/Feed.lean13;source_formatS4;text11;imported_atI+0;14;transformed_atI+179;15;transformationsL0;13;parent_objectS0;","232336aa1bb4aa7788e1e664cff28a54ad4686eed559d5bd8e9d19de8aa1199a"
"proof.Kant.Clipboard.isAscii_receiptOf_witness","Kant.Clipboard.isAscii_receiptOf_witness","lean4","VALID","RequestProject/Kant/Clipboard.lean","326","L2;S34;obj.Kant.Clipboard.Receipt.witnessS21;obj.Kant.Bytes.digest","L0;","elaborated and checked by the Lean kernel","L1;S44;obj.Kant.Clipboard.isAscii_receiptOf_witness","L1;S46;claim.Kant.Clipboard.isAscii_receiptOf_witness","L2;S36;proof.Kant.Clipboard.Receipt.witnessS23;proof.Kant.Bytes.digest","O4;4;kindS12;lean4-kernel6;digestS64;ab6853ff3e191c6b44347eaf205e1734075e202b58003b6939b19f09d3ce3faa8;locationS34;RequestProject/Kant/Clipboard.lean8;evidenceS15;MACHINE_CHECKED","RequestProject","O7;13;source_systemS5;lean411;source_fileS34;RequestProject/Kant/Clipboard.lean13;source_formatS4;text11;imported_atI+0;14;transformed_atI+326;15;transformationsL0;13;parent_objectS0;","792c162ef1205ebbc3151606d2fdc4883e714db8b2dec7e189c35e952d39c72e"
"proof.Kant.Codec.Ipdl.bool.injEq","Kant.Codec.Ipdl.bool.injEq","lean4","VALID","RequestProject/Kant/Codec/Ipdl.lean","0","L1;S19;obj.Kant.Codec.Ipdl","L0;","elaborated and checked by the Lean kernel","L1;S30;obj.Kant.Codec.Ipdl.bool.injEq","L1;S32;claim.Kant.Codec.Ipdl.bool.injEq","L1;S21;proof.Kant.Codec.Ipdl","O4;4;kindS12;lean4-kernel6;digestS64;2e8b34a4fb034afcb451a6b055b60d334888a867862d2f921d15f7672c822a418;locationS35;RequestProject/Kant/Codec/Ipdl.lean8;evidenceS15;MACHINE_CHECKED","RequestProject","O7;13;source_systemS5;lean411;source_fileS35;RequestProject/Kant/Codec/Ipdl.lean13;source_formatS4;text11;imported_atI+0;14;transformed_atI+0;15;transformationsL0;13;parent_objectS0;","9ffff6aa32fafc56eb687251195f4af93a63b71d2c3cd190f3712e02d7a2d0b3"
"proof.Kant.Wasm.Kernel.cidTypeE.eq_1","Kant.Wasm.Kernel.cidTypeE.eq_1","lean4","VALID","RequestProject/Wasm/KernelSpec.lean","0","L0;","L0;","elaborated and checked by the Lean kernel","L1;S34;obj.Kant.Wasm.Kernel.cidTypeE.eq_1","L1;S36;claim.Kant.Wasm.Kernel.cidTypeE.eq_1","L0;","O4;4;kindS12;lean4-kernel6;digestS64;9c5983a9d42fd364b070e085dc3eb2674e1e813ac1a9382a9cf729315f75caad8;locationS35;RequestProject/Wasm/KernelSpec.lean8;evidenceS15;MACHINE_CHECKED","RequestProject","O7;13;source_systemS5;lean411;source_fileS35;RequestProject/Wasm/KernelSpec.lean13;source_formatS4;text11;imported_atI+0;14;transformed_atI+0;15;transformationsL0;13;parent_objectS0;","3ba1c52cbef6d11ad7ee20047e0bb23dd4f1245fc64453d4b9cca9f521e60d77"
"proof.Kant.Diagnostics.joinLines.eq_3","Kant.Diagnostics.joinLines.eq_3","lean4","VALID","RequestProject/Kant/Diagnostics.lean","0","L0;","L0;","elaborated and checked by the Lean kernel","L1;S35;obj.Kant.Diagnostics.joinLines.eq_3","L1;S37;claim.Kant.Diagnostics.joinLines.eq_3","L0;","O4;4;kindS12;lean4-kernel6;digestS64;5680b29af7cee9e9240e6bc1e8e8668ac118c9eb03e45253f1e31547db4c93bc8;locationS36;RequestProject/Kant/Diagnostics.lean8;evidenceS15;MACHINE_CHECKED","RequestProject","O7;13;source_systemS5;lean411;source_fileS36;RequestProject/Kant/Diagnostics.lean13;source_formatS4;text11;imported_atI+0;14;transformed_atI+0;15;transformationsL0;13;parent_objectS0;","3e63fe82e940765db090547b0a046eaa59930a416beb7277e8ddb335e5be3444"
"proof.Kant.Codec.xFields_roundTrip","Kant.Codec.xFields_roundTrip","lean4","VALID","RequestProject/Kant/Codec/Xml.lean","328","L0;","L0;","elaborated and checked by the Lean kernel","L1;S32;obj.Kant.Codec.xFields_roundTrip","L1;S34;claim.Kant.Codec.xFields_roundTrip","L0;","O4;4;kindS12;lean4-kernel6;digestS64;dd4859b2562456eeb9d21b5d80beada1cfd124c0ba2a95b4834a80405651e10f8;locationS34;RequestProject/Kant/Codec/Xml.lean8;evidenceS15;MACHINE_CHECKED","RequestProject","O7;13;source_systemS5;lean411;source_fileS34;RequestProject/Kant/Codec/Xml.lean13;source_formatS4;text11;imported_atI+0;14;transformed_atI+328;15;transformationsL0;13;parent_objectS0;","97fef97b01be78d22da8f958ed7b78c596b53062f6cb0a6c4a09accb1132b85f"
"proof.Kant.Sneakernet.Channel.irohBlob.sizeOf_spec","Kant.Sneakernet.Channel.irohBlob.sizeOf_spec","lean4","VALID","RequestProject/Kant/Sneakernet.lean","0","L0;","L0;","elaborated and checked by the Lean kernel","L1;S48;obj.Kant.Sneakernet.Channel.irohBlob.sizeOf_spec","L1;S50;claim.Kant.Sneakernet.Channel.irohBlob.sizeOf_spec","L0;","O4;4;kindS12;lean4-kernel6;digestS64;c598c4bf0e6fc4c92f67504a0a873286b3aac1c344e9a2438e38b0dbcba01d008;locationS35;RequestProject/Kant/Sneakernet.lean8;evidenceS15;MACHINE_CHECKED","RequestProject","O7;13;source_systemS5;lean411;source_fileS35;RequestProject/Kant/Sneakernet.lean13;source_formatS4;text11;imported_atI+0;14;transformed_atI+0;15;transformationsL0;13;parent_objectS0;","ded3bf2746642b3d3c1a0cea6c8649bacbb003978700f7b7db1be98fcd8212b4"
"proof.Kant.Sync.syncAll.eq_1","Kant.Sync.syncAll.eq_1","lean4","VALID","RequestProject/Kant/Sync.lean","0","L0;","L0;","elaborated and checked by the Lean kernel","L1;S26;obj.Kant.Sync.syncAll.eq_1","L1;S28;claim.Kant.Sync.syncAll.eq_1","L0;","O4;4;kindS12;lean4-kernel6;digestS64;76514094f0f739ed75c3d0e55b5defeef85f2cab3062ead7f881d94e4b497d108;locationS29;RequestProject/Kant/Sync.lean8;evidenceS15;MACHINE_CHECKED","RequestProject","O7;13;source_systemS5;lean411;source_fileS29;RequestProject/Kant/Sync.lean13;source_formatS4;text11;imported_atI+0;14;transformed_atI+0;15;transformationsL0;13;parent_objectS0;","4dc52c115e11bc675410422bdac6f944c2afffe4c051da2d474baa05f6cc0f0a"
"proof.Kant.Dom.danglingRefs_sound","Kant.Dom.danglingRefs_sound","lean4","VALID","RequestProject/Kant/Domain/Package.lean","233","L1;S15;obj.Kant.Dom.Id","L0;","elaborated and checked by the Lean kernel","L1;S31;obj.Kant.Dom.danglingRefs_sound","L1;S33;claim.Kant.Dom.danglingRefs_sound","L1;S17;proof.Kant.Dom.Id","O4;4;kindS12;lean4-kernel6;digestS64;40f3dd3dc7e3d8efb27e96b270fcc9b4b53c22e2a163f839c857e9cd44e301768;locationS39;RequestProject/Kant/Domain/Package.lean8;evidenceS15;MACHINE_CHECKED","RequestProject","O7;13;source_systemS5;lean411;source_fileS39;RequestProject/Kant/Domain/Package.lean13;source_formatS4;text11;imported_atI+0;14;transformed_atI+233;15;transformationsL0;13;parent_objectS0;","27a032d7f582f8c7b276dba6c845c3641151ce9c7096ba0d8e6a24a84a07012a"
"proof.Kant.Cli.roomPath.eq_1","Kant.Cli.roomPath.eq_1","lean4","VALID","RequestProject/Kant/Cli.lean","0","L0;","L0;","elaborated and checked by the Lean kernel","L1;S26;obj.Kant.Cli.roomPath.eq_1","L1;S28;claim.Kant.Cli.roomPath.eq_1","L0;","O4;4;kindS12;lean4-kernel6;digestS64;e259b9e81fc54c13fe21bef20dbb1b4cfc9fe429fd31e9c183cd0c057f5762c28;locationS28;RequestProject/Kant/Cli.lean8;evidenceS15;MACHINE_CHECKED","RequestProject","O7;13;source_systemS5;lean411;source_fileS28;RequestProject/Kant/Cli.lean13;source_formatS4;text11;imported_atI+0;14;transformed_atI+0;15;transformationsL0;13;parent_objectS0;","be3e558f6846209124656ef1299e007e52c82208a823dd2bb783b509cc08dd18"
"proof.Kant.Sheaf.DaslType.enumList_getElem?_ctorIdx_eq","Kant.Sheaf.DaslType.enumList_getElem?_ctorIdx_eq","lean4","VALID","RequestProject/Kant/Sheaf.lean","0","L0;","L0;","elaborated and checked by the Lean kernel","L1;S52;obj.Kant.Sheaf.DaslType.enumList_getElem?_ctorIdx_eq","L1;S54;claim.Kant.Sheaf.DaslType.enumList_getElem?_ctorIdx_eq","L0;","O4;4;kindS12;lean4-kernel6;digestS64;3fd44b0abb25f713703af942698ffa34aaa01d1ed2ab1571c3f35808e89552ea8;locationS30;RequestProject/Kant/Sheaf.lean8;evidenceS15;MACHINE_CHECKED","RequestProject","O7;13;source_systemS5;lean411;source_fileS30;RequestProject/Kant/Sheaf.lean13;source_formatS4;text11;imported_atI+0;14;transformed_atI+0;15;transformationsL0;13;parent_objectS0;","6dbb45ba917b6a1ca3f1429afe156fcf489bb6893cf5da42179246aef4606df5"
"proof.Kant.Erdfa.unescape.eq_2","Kant.Erdfa.unescape.eq_2","lean4","VALID","RequestProject/Kant/Erdfa.lean","0","L0;","L0;","elaborated and checked by the Lean kernel","L1;S28;obj.Kant.Erdfa.unescape.eq_2","L1;S30;claim.Kant.Erdfa.unescape.eq_2","L0;","O4;4;kindS12;lean4-kernel6;digestS64;dc8e3f960970141a0a85134fb186895921a1e6dade77084c208a1f51f1c1ef038;locationS30;RequestProject/Kant/Erdfa.lean8;evidenceS15;MACHINE_CHECKED","RequestProject","O7;13;source_systemS5;lean411;source_fileS30;RequestProject/Kant/Erdfa.lean13;source_formatS4;text11;imported_atI+0;14;transformed_atI+0;15;transformationsL0;13;parent_objectS0;","c677ce926482e063e9fdbca1ff69f910e70d2375fde0afc90085e0a1f58173f6"
"proof.Kant.Dasl.tenfoldCoords_valid","Kant.Dasl.tenfoldCoords_valid","lean4","VALID","RequestProject/Kant/Dasl.lean","305","L0;","L0;","elaborated and checked by the Lean kernel","L1;S33;obj.Kant.Dasl.tenfoldCoords_valid","L1;S35;claim.Kant.Dasl.tenfoldCoords_valid","L0;","O4;4;kindS12;lean4-kernel6;digestS64;9674b2e7007bd9f11b6b4d6a41e4fe161acf40743a0a8bd77d1542001513db048;locationS29;RequestProject/Kant/Dasl.lean8;evidenceS15;MACHINE_CHECKED","RequestProject","O7;13;source_systemS5;lean411;source_fileS29;RequestProject/Kant/Dasl.lean13;source_formatS4;text11;imported_atI+0;14;transformed_atI+305;15;transformationsL0;13;parent_objectS0;","9243d1cd8558824d81247a8d097e476a9b33d940e750ca07a945e9b180212ca4"
"proof.Kant.Dom.Coverage.proven.sizeOf_spec","Kant.Dom.Coverage.proven.sizeOf_spec","lean4","VALID","RequestProject/Kant/Domain/Model.lean","0","L1;S21;obj.Kant.Dom.Coverage","L0;","elaborated and checked by the Lean kernel","L1;S40;obj.Kant.Dom.Coverage.proven.sizeOf_spec","L1;S42;claim.Kant.Dom.Coverage.proven.sizeOf_spec","L1;S23;proof.Kant.Dom.Coverage","O4;4;kindS12;lean4-kernel6;digestS64;a1a943b4df10b188439504c243da87ab969b4c7fc03d258ed850abe54af01d318;locationS37;RequestProject/Kant/Domain/Model.lean8;evidenceS15;MACHINE_CHECKED","RequestProject","O7;13;source_systemS5;lean411;source_fileS37;RequestProject/Kant/Domain/Model.lean13;source_formatS4;text11;imported_atI+0;14;transformed_atI+0;15;transformationsL0;13;parent_objectS0;","33a8a4330b2e8dec5171b748d6f2924f94cc10d11d4a5072db3a106be062b8d5"
"proof.Kant.Codec.Outp.mk.inj","Kant.Codec.Outp.mk.inj","lean4","VALID","RequestProject/Kant/Codec/Model.lean","0","L1;S19;obj.Kant.Codec.Outp","L0;","elaborated and checked by the Lean kernel","L1;S26;obj.Kant.Codec.Outp.mk.inj","L1;S28;claim.Kant.Codec.Outp.mk.inj","L1;S21;proof.Kant.Codec.Outp","O4;4;kindS12;lean4-kernel6;digestS64;2c85e3dee94aeb8c9eff2d213196263f23e344ebdc59edaea1a64ef6d523e7298;locationS36;RequestProject/Kant/Codec/Model.lean8;evidenceS15;MACHINE_CHECKED","RequestProject","O7;13;source_systemS5;lean411;source_fileS36;RequestProject/Kant/Codec/Model.lean13;source_formatS4;text11;imported_atI+0;14;transformed_atI+0;15;transformationsL0;13;parent_objectS0;","fd863ace1cccddb2ce8773abc5d8ff6504597d3038659a8c3c9ec22f2b23ac3f"
"proof.Kant.Handoff.Move.pasteIn.sizeOf_spec","Kant.Handoff.Move.pasteIn.sizeOf_spec","lean4","VALID","RequestProject/Kant/Handoff.lean","0","L0;","L0;","elaborated and checked by the Lean kernel","L1;S41;obj.Kant.Handoff.Move.pasteIn.sizeOf_spec","L1;S43;claim.Kant.Handoff.Move.pasteIn.sizeOf_spec","L0;","O4;4;kindS12;lean4-kernel6;digestS64;8fe2e0fa5967642c912f3a094f036adf6e58df19b348b1d2f7dd09522e8947058;locationS32;RequestProject/Kant/Handoff.lean8;evidenceS15;MACHINE_CHECKED","RequestProject","O7;13;source_systemS5;lean411;source_fileS32;RequestProject/Kant/Handoff.lean13;source_formatS4;text11;imported_atI+0;14;transformed_atI+0;15;transformationsL0;13;parent_objectS0;","4b3b7f5e850d75e6d1ce7af5d24fc7d91fd1d586c371b5801c8316a1c9aea473"
"proof.Kant.Codec.csvField.eq_1","Kant.Codec.csvField.eq_1","lean4","VALID","RequestProject/Kant/Codec/Csv.lean","0","L0;","L0;","elaborated and checked by the Lean kernel","L1;S28;obj.Kant.Codec.csvField.eq_1","L1;S30;claim.Kant.Codec.csvField.eq_1","L0;","O4;4;kindS12;lean4-kernel6;digestS64;677347a7e2f19e12fafc2fb8c9b9b07122f3042eef5e3c5c9e7164995a5ef4838;locationS34;RequestProject/Kant/Codec/Csv.lean8;evidenceS15;MACHINE_CHECKED","RequestProject","O7;13;source_systemS5;lean411;source_fileS34;RequestProject/Kant/Codec/Csv.lean13;source_formatS4;text11;imported_atI+0;14;transformed_atI+0;15;transformationsL0;13;parent_objectS0;","3ca5a7aa7715a5a5068b8a8e301049f29c252f79b9d4387ffdb87e6ac6dfdd4c"
"proof.Kant.Rendezvous.parseAddrField.eq_1","Kant.Rendezvous.parseAddrField.eq_1","lean4","VALID","RequestProject/Kant/Rendezvous.lean","0","L0;","L0;","elaborated and checked by the Lean kernel","L1;S39;obj.Kant.Rendezvous.parseAddrField.eq_1","L1;S41;claim.Kant.Rendezvous.parseAddrField.eq_1","L0;","O4;4;kindS12;lean4-kernel6;digestS64;9a2335b5e9507856fe4b5e39fc51ce69b00a8c91d6d45430f9c7fb366d6792c38;locationS35;RequestProject/Kant/Rendezvous.lean8;evidenceS15;MACHINE_CHECKED","RequestProject","O7;13;source_systemS5;lean411;source_fileS35;RequestProject/Kant/Rendezvous.lean13;source_formatS4;text11;imported_atI+0;14;transformed_atI+0;15;transformationsL0;13;parent_objectS0;","804ce7bde23b4e6c923ec7d05afdf48fc6fc87d2754d4e7234574bcca030e995"
"proof.Kant.Join.allCode_encode","Kant.Join.allCode_encode","lean4","VALID","RequestProject/Kant/Join.lean","114","L1;S28;obj.Kant.Join.mem_joinFields","L0;","elaborated and checked by the Lean kernel","L1;S28;obj.Kant.Join.allCode_encode","L1;S30;claim.Kant.Join.allCode_encode","L1;S30;proof.Kant.Join.mem_joinFields","O4;4;kindS12;lean4-kernel6;digestS64;8b19fce43f23c468f83910b489093a4ff9c284826df62b7ee4bc7baf2d4795dd8;locationS29;RequestProject/Kant/Join.lean8;evidenceS15;MACHINE_CHECKED","RequestProject","O7;13;source_systemS5;lean411;source_fileS29;RequestProject/Kant/Join.lean13;source_formatS4;text11;imported_atI+0;14;transformed_atI+114;15;transformationsL0;13;parent_objectS0;","dbbbbe52467760df75368deae779565cf3267dfec327c625bd38767821a2e522"
"proof.Kant.CardDebug.Code.page.inj","Kant.CardDebug.Code.page.inj","lean4","VALID","RequestProject/Kant/CardDebug.lean","0","L1;S40;obj.Kant.CardDebug.Code.page.noConfusion","L0;","elaborated and checked by the Lean kernel","L1;S32;obj.Kant.CardDebug.Code.page.inj","L1;S34;claim.Kant.CardDebug.Code.page.inj","L1;S42;proof.Kant.CardDebug.Code.page.noConfusion","O4;4;kindS12;lean4-kernel6;digestS64;b534b250666bdc9c87b200b613d25c2fa4ad7760b9b69246388ff2583a1a6a818;locationS34;RequestProject/Kant/CardDebug.lean8;evidenceS15;MACHINE_CHECKED","RequestProject","O7;13;source_systemS5;lean411;source_fileS34;RequestProject/Kant/CardDebug.lean13;source_formatS4;text11;imported_atI+0;14;transformed_atI+0;15;transformationsL0;13;parent_objectS0;","f3b55bdcfe849a069125daf4673729d9695097d2ce59bd20f6cc0905dcd2f0f3"
"proof.Kant.Diagnostics.Event.Wire.detail","Kant.Diagnostics.Event.Wire.detail","lean4","VALID","RequestProject/Kant/Diagnostics.lean","162","L0;","L0;","elaborated and checked by the Lean kernel","L1;S38;obj.Kant.Diagnostics.Event.Wire.detail","L1;S40;claim.Kant.Diagnostics.Event.Wire.detail","L0;","O4;4;kindS12;lean4-kernel6;digestS64;d37b5d39596d7f7ceee1da046571c14fa322cd5a3e47637e6b3381b28c8704998;locationS36;RequestProject/Kant/Diagnostics.lean8;evidenceS15;MACHINE_CHECKED","RequestProject","O7;13;source_systemS5;lean411;source_fileS36;RequestProject/Kant/Diagnostics.lean13;source_formatS4;text11;imported_atI+0;14;transformed_atI+162;15;transformationsL0;13;parent_objectS0;","2b3cd9b71677c408a94028dfc5ca255bd64feee1874781aef3f8651d31e29581"
"proof.Kant.Dom.Wf.proofsNodup","Kant.Dom.Wf.proofsNodup","lean4","VALID","RequestProject/Kant/Domain/Ledger.lean","295","L1;S15;obj.Kant.Dom.Id","L0;","elaborated and checked by the Lean kernel","L1;S27;obj.Kant.Dom.Wf.proofsNodup","L1;S29;claim.Kant.Dom.Wf.proofsNodup","L1;S17;proof.Kant.Dom.Id","O4;4;kindS12;lean4-kernel6;digestS64;8dd69787bdaed5adc3ae7f04648805ba9292de747b71e9d370fd17effd736c188;locationS38;RequestProject/Kant/Domain/Ledger.lean8;evidenceS15;MACHINE_CHECKED","RequestProject","O7;13;source_systemS5;lean411;source_fileS38;RequestProject/Kant/Domain/Ledger.lean13;source_formatS4;text11;imported_atI+0;14;transformed_atI+295;15;transformationsL0;13;parent_objectS0;","8ca0959b1476d48bb21acbebd0f3d5d887b9ea62e39e9e31ac115794882692fe"
"proof.Kant.CardDebug.pair_not_connectable_of_card_right","Kant.CardDebug.pair_not_connectable_of_card_right","lean4","VALID","RequestProject/Kant/CardDebug.lean","224","L0;","L0;","elaborated and checked by the Lean kernel","L1;S53;obj.Kant.CardDebug.pair_not_connectable_of_card_right","L1;S55;claim.Kant.CardDebug.pair_not_connectable_of_card_right","L0;","O4;4;kindS12;lean4-kernel6;digestS64;09583d2974f4e6945a1a7bb0ebca673f0d642522631d1c3e4e1d8f6c23f451a18;locationS34;RequestProject/Kant/CardDebug.lean8;evidenceS15;MACHINE_CHECKED","RequestProject","O7;13;source_systemS5;lean411;source_fileS34;RequestProject/Kant/CardDebug.lean13;source_formatS4;text11;imported_atI+0;14;transformed_atI+224;15;transformationsL0;13;parent_objectS0;","6e2e8f1c3f86add88bb3136ce1d511ab56279df4a114287e383a99e6ca90b651"
"proof.Kant.Sneakernet.Channel.torrentPiece.sizeOf_spec","Kant.Sneakernet.Channel.torrentPiece.sizeOf_spec","lean4","VALID","RequestProject/Kant/Sneakernet.lean","0","L0;","L0;","elaborated and checked by the Lean kernel","L1;S52;obj.Kant.Sneakernet.Channel.torrentPiece.sizeOf_spec","L1;S54;claim.Kant.Sneakernet.Channel.torrentPiece.sizeOf_spec","L0;","O4;4;kindS12;lean4-kernel6;digestS64;d27de652abdcf072b2acd59c35d88cd5774bbac77b0456ec607c93848606fd4f8;locationS35;RequestProject/Kant/Sneakernet.lean8;evidenceS15;MACHINE_CHECKED","RequestProject","O7;13;source_systemS5;lean411;source_fileS35;RequestProject/Kant/Sneakernet.lean13;source_formatS4;text11;imported_atI+0;14;transformed_atI+0;15;transformationsL0;13;parent_objectS0;","7a48c895eb67affe455add6749d4a7a18829b705567224b8d8b3211da79f795b"
"proof.Kant.Rendezvous.Announce.Wire.peer","Kant.Rendezvous.Announce.Wire.peer","lean4","VALID","RequestProject/Kant/Rendezvous.lean","138","L0;","L0;","elaborated and checked by the Lean kernel","L1;S38;obj.Kant.Rendezvous.Announce.Wire.peer","L1;S40;claim.Kant.Rendezvous.Announce.Wire.peer","L0;","O4;4;kindS12;lean4-kernel6;digestS64;50be9ab3190d4523b39cf5b8ad348ed8768340b34f57371546ee35a1460031d28;locationS35;RequestProject/Kant/Rendezvous.lean8;evidenceS15;MACHINE_CHECKED","RequestProject","O7;13;source_systemS5;lean411;source_fileS35;RequestProject/Kant/Rendezvous.lean13;source_formatS4;text11;imported_atI+0;14;transformed_atI+138;15;transformationsL0;13;parent_objectS0;","9fa01348a809280f28b4c771cb16fa2c8b0e88ab73f886156f19bea62fee7032"
"proof.Kant.Codec.recoverFields.eq_1","Kant.Codec.recoverFields.eq_1","lean4","VALID","RequestProject/Kant/Codec/Ipdl.lean","0","L1;S19;obj.Kant.Codec.Ipdl","L0;","elaborated and checked by the Lean kernel","L1;S33;obj.Kant.Codec.recoverFields.eq_1","L1;S35;claim.Kant.Codec.recoverFields.eq_1","L1;S21;proof.Kant.Codec.Ipdl","O4;4;kindS12;lean4-kernel6;digestS64;f9778a5d0d394f5671fac99f21ddad99877045e264ffa0905b69f268797545538;locationS35;RequestProject/Kant/Codec/Ipdl.lean8;evidenceS15;MACHINE_CHECKED","RequestProject","O7;13;source_systemS5;lean411;source_fileS35;RequestProject/Kant/Codec/Ipdl.lean13;source_formatS4;text11;imported_atI+0;14;transformed_atI+0;15;transformationsL0;13;parent_objectS0;","de62d1ad7e5aefcb243d3d4b7a27e688e3928c9e34ef22d1d6322ccbd273408e"
"proof.Kant.Codec.xList.eq_def","Kant.Codec.xList.eq_def","lean4","VALID","RequestProject/Kant/Codec/Xml.lean","0","L1;S25;obj.Kant.Codec.xListClose","L0;","elaborated and checked by the Lean kernel","L1;S27;obj.Kant.Codec.xList.eq_def","L1;S29;claim.Kant.Codec.xList.eq_def","L1;S27;proof.Kant.Codec.xListClose","O4;4;kindS12;lean4-kernel6;digestS64;b0c1d4d9542c9e18d6831b0de49b2437eab33921cc74c16e4bf293c642a25b558;locationS34;RequestProject/Kant/Codec/Xml.lean8;evidenceS15;MACHINE_CHECKED","RequestProject","O7;13;source_systemS5;lean411;source_fileS34;RequestProject/Kant/Codec/Xml.lean13;source_formatS4;text11;imported_atI+0;14;transformed_atI+0;15;transformationsL0;13;parent_objectS0;","e4def251c1e2593a535509d46800726df11a7ed0cdf8bf948c669d088d7036c7"
"proof.Kant.Diagnostics.newline_not_mem_encode","Kant.Diagnostics.newline_not_mem_encode","lean4","VALID","RequestProject/Kant/Diagnostics.lean","332","L0;","L0;","elaborated and checked by the Lean kernel","L1;S43;obj.Kant.Diagnostics.newline_not_mem_encode","L1;S45;claim.Kant.Diagnostics.newline_not_mem_encode","L0;","O4;4;kindS12;lean4-kernel6;digestS64;669829c501d62284ef267e9afbd12e1ba09191e2c4b21542fa41c0e9767e91d18;locationS36;RequestProject/Kant/Diagnostics.lean8;evidenceS15;MACHINE_CHECKED","RequestProject","O7;13;source_systemS5;lean411;source_fileS36;RequestProject/Kant/Diagnostics.lean13;source_formatS4;text11;imported_atI+0;14;transformed_atI+332;15;transformationsL0;13;parent_objectS0;","d44b24047fb87a6afd33e981f8dd1afd147b2484555a8b04afd0da5631e22397"
"proof.Kant.Dom.Coverage.unproven.sizeOf_spec","Kant.Dom.Coverage.unproven.sizeOf_spec","lean4","VALID","RequestProject/Kant/Domain/Model.lean","0","L1;S21;obj.Kant.Dom.Coverage","L0;","elaborated and checked by the Lean kernel","L1;S42;obj.Kant.Dom.Coverage.unproven.sizeOf_spec","L1;S44;claim.Kant.Dom.Coverage.unproven.sizeOf_spec","L1;S23;proof.Kant.Dom.Coverage","O4;4;kindS12;lean4-kernel6;digestS64;c4ea35039640184e77cd292188ee96117bfb630dae2a7648cd438e2ee792638b8;locationS37;RequestProject/Kant/Domain/Model.lean8;evidenceS15;MACHINE_CHECKED","RequestProject","O7;13;source_systemS5;lean411;source_fileS37;RequestProject/Kant/Domain/Model.lean13;source_formatS4;text11;imported_atI+0;14;transformed_atI+0;15;transformationsL0;13;parent_objectS0;","920bf7316d89b130fe92f452ea5ae6f3ef4f827a3c11237653cf2f496fcba0b9"
"proof.Kant.Codec.Status.unknown.sizeOf_spec","Kant.Codec.Status.unknown.sizeOf_spec","lean4","VALID","RequestProject/Kant/Codec/Model.lean","0","L0;","L0;","elaborated and checked by the Lean kernel","L1;S41;obj.Kant.Codec.Status.unknown.sizeOf_spec","L1;S43;claim.Kant.Codec.Status.unknown.sizeOf_spec","L0;","O4;4;kindS12;lean4-kernel6;digestS64;8384df5a9b27af5896f57a05ac759b4bd80380a4b86a263ec197352fc4705b318;locationS36;RequestProject/Kant/Codec/Model.lean8;evidenceS15;MACHINE_CHECKED","RequestProject","O7;13;source_systemS5;lean411;source_fileS36;RequestProject/Kant/Codec/Model.lean13;source_formatS4;text11;imported_atI+0;14;transformed_atI+0;15;transformationsL0;13;parent_objectS0;","c4af3829a983da504a0acfb2f4f2fa83bec8653abd3413364b94764ff57a8f69"
"proof.Kant.Uucp.Carrier.capacity_pos","Kant.Uucp.Carrier.capacity_pos","lean4","VALID","RequestProject/Kant/Uucp.lean","80","L0;","L0;","elaborated and checked by the Lean kernel","L1;S34;obj.Kant.Uucp.Carrier.capacity_pos","L1;S36;claim.Kant.Uucp.Carrier.capacity_pos","L0;","O4;4;kindS12;lean4-kernel6;digestS64;775122acd0492939431df63725dd3ba2a75fd1b97d77146bd362e41e74853aac8;locationS29;RequestProject/Kant/Uucp.lean8;evidenceS15;MACHINE_CHECKED","RequestProject","O7;13;source_systemS5;lean411;source_fileS29;RequestProject/Kant/Uucp.lean13;source_formatS4;text11;imported_atI+0;14;transformed_atI+80;15;transformationsL0;13;parent_objectS0;","58cf8145b707d518d7b96ec2de514fbbc4646be59e282cde81f4740346552001"
"proof.Kant.Diagnostics.Report.mk.injEq","Kant.Diagnostics.Report.mk.injEq","lean4","VALID","RequestProject/Kant/Diagnostics.lean","0","L0;","L0;","elaborated and checked by the Lean kernel","L1;S36;obj.Kant.Diagnostics.Report.mk.injEq","L1;S38;claim.Kant.Diagnostics.Report.mk.injEq","L0;","O4;4;kindS12;lean4-kernel6;digestS64;e72579feabdbc195744592003d3da29e6c83e5378462e3e7e352e0025e31a0e88;locationS36;RequestProject/Kant/Diagnostics.lean8;evidenceS15;MACHINE_CHECKED","RequestProject","O7;13;source_systemS5;lean411;source_fileS36;RequestProject/Kant/Diagnostics.lean13;source_formatS4;text11;imported_atI+0;14;transformed_atI+0;15;transformationsL0;13;parent_objectS0;","73d7c76895e8f4ef003cbf539ade397cbdde3aa47724d3157b1f1048f2e39da2"
"proof.Kant.Dasl.harmonicSlide_valid","Kant.Dasl.harmonicSlide_valid","lean4","VALID","RequestProject/Kant/Dasl.lean","320","L0;","L0;","elaborated and checked by the Lean kernel","L1;S33;obj.Kant.Dasl.harmonicSlide_valid","L1;S35;claim.Kant.Dasl.harmonicSlide_valid","L0;","O4;4;kindS12;lean4-kernel6;digestS64;f30fca91c3a1ecb1801a27778f4abdb207db4c74d5f61ff39e40ef5e2133b31c8;locationS29;RequestProject/Kant/Dasl.lean8;evidenceS15;MACHINE_CHECKED","RequestProject","O7;13;source_systemS5;lean411;source_fileS29;RequestProject/Kant/Dasl.lean13;source_formatS4;text11;imported_atI+0;14;transformed_atI+320;15;transformationsL0;13;parent_objectS0;","83f0367f9b376de68b6a6b6dcc727669bdced651f8b5a9a07345bea879120aa3"
"proof.Kant.Handoff.codes_script_isAscii","Kant.Handoff.codes_script_isAscii","lean4","VALID","RequestProject/Kant/Handoff.lean","105","L0;","L0;","elaborated and checked by the Lean kernel","L1;S37;obj.Kant.Handoff.codes_script_isAscii","L1;S39;claim.Kant.Handoff.codes_script_isAscii","L0;","O4;4;kindS12;lean4-kernel6;digestS64;8629930593618d68b34c409e6f7d783b184a9c924fc8dcc2c18699fdd470249d8;locationS32;RequestProject/Kant/Handoff.lean8;evidenceS15;MACHINE_CHECKED","RequestProject","O7;13;source_systemS5;lean411;source_fileS32;RequestProject/Kant/Handoff.lean13;source_formatS4;text11;imported_atI+0;14;transformed_atI+105;15;transformationsL0;13;parent_objectS0;","b45784fec0e59ed2011a4c8941b57225f051d5a0eec793ec6d9df30ac15464bf"
"proof.Kant.Cli.Cmd.open.inj","Kant.Cli.Cmd.open.inj","lean4","VALID","RequestProject/Kant/Cli.lean","0","L0;","L0;","elaborated and checked by the Lean kernel","L1;S25;obj.Kant.Cli.Cmd.open.inj","L1;S27;claim.Kant.Cli.Cmd.open.inj","L0;","O4;4;kindS12;lean4-kernel6;digestS64;f21928faa7dfe39d3d4bbc0be42a4342a07bd97ef7101d7b907fccdab6da7f888;locationS28;RequestProject/Kant/Cli.lean8;evidenceS15;MACHINE_CHECKED","RequestProject","O7;13;source_systemS5;lean411;source_fileS28;RequestProject/Kant/Cli.lean13;source_formatS4;text11;imported_atI+0;14;transformed_atI+0;15;transformationsL0;13;parent_objectS0;","eeed43b16a2dae5e9e2071aed1a78951bd965904c9794f78717d611d1cc3736b"
"proof.Kant.Codec.readCsvCell.eq_2","Kant.Codec.readCsvCell.eq_2","lean4","VALID","RequestProject/Kant/Codec/Csv.lean","0","L0;","L0;","elaborated and checked by the Lean kernel","L1;S31;obj.Kant.Codec.readCsvCell.eq_2","L1;S33;claim.Kant.Codec.readCsvCell.eq_2","L0;","O4;4;kindS12;lean4-kernel6;digestS64;91974e3311e7b2bc7f1f5089f85bab2763bbdbb563989632cd97cb2be64646dd8;locationS34;RequestProject/Kant/Codec/Csv.lean8;evidenceS15;MACHINE_CHECKED","RequestProject","O7;13;source_systemS5;lean411;source_fileS34;RequestProject/Kant/Codec/Csv.lean13;source_formatS4;text11;imported_atI+0;14;transformed_atI+0;15;transformationsL0;13;parent_objectS0;","b90e7aadd13eb630adb5879d06c0dfc39ddf8ddc0c395956f4056e7c7867f269"
"proof.Kant.Uucp.Carrier.capacity.eq_1","Kant.Uucp.Carrier.capacity.eq_1","lean4","VALID","RequestProject/Kant/Uucp.lean","0","L0;","L0;","elaborated and checked by the Lean kernel","L1;S35;obj.Kant.Uucp.Carrier.capacity.eq_1","L1;S37;claim.Kant.Uucp.Carrier.capacity.eq_1","L0;","O4;4;kindS12;lean4-kernel6;digestS64;7b6550432ef4143f614944426f195b1ccf2140e09fdcd505131836bd61d4a6628;locationS29;RequestProject/Kant/Uucp.lean8;evidenceS15;MACHINE_CHECKED","RequestProject","O7;13;source_systemS5;lean411;source_fileS29;RequestProject/Kant/Uucp.lean13;source_formatS4;text11;imported_atI+0;14;transformed_atI+0;15;transformationsL0;13;parent_objectS0;","589fcdd537b12f90950a30ae5bce5c73410943cf632349d60d6450e228598eb9"
"proof.Kant.Sneakernet.frames_seq","Kant.Sneakernet.frames_seq","lean4","VALID","RequestProject/Kant/Sneakernet.lean","152","L0;","L0;","elaborated and checked by the Lean kernel","L1;S30;obj.Kant.Sneakernet.frames_seq","L1;S32;claim.Kant.Sneakernet.frames_seq","L0;","O4;4;kindS12;lean4-kernel6;digestS64;0fea89c60c38a29d6e12c7014458adfed370cb9a7db114c7884d26514e9919308;locationS35;RequestProject/Kant/Sneakernet.lean8;evidenceS15;MACHINE_CHECKED","RequestProject","O7;13;source_systemS5;lean411;source_fileS35;RequestProject/Kant/Sneakernet.lean13;source_formatS4;text11;imported_atI+0;14;transformed_atI+152;15;transformationsL0;13;parent_objectS0;","86cc1b11670db7fa31cac338475bc9dda8a5cb728990eeb412cd1f5571250917"
"proof.Kant.CardDebug.Warning.relativePicture.sizeOf_spec","Kant.CardDebug.Warning.relativePicture.sizeOf_spec","lean4","VALID","RequestProject/Kant/CardDebug.lean","0","L0;","L0;","elaborated and checked by the Lean kernel","L1;S54;obj.Kant.CardDebug.Warning.relativePicture.sizeOf_spec","L1;S56;claim.Kant.CardDebug.Warning.relativePicture.sizeOf_spec","L0;","O4;4;kindS12;lean4-kernel6;digestS64;4e2f5438c9c4ab3d50ce306b749ac02a88a696a496a6ef57e1f46e140dc7c7448;locationS34;RequestProject/Kant/CardDebug.lean8;evidenceS15;MACHINE_CHECKED","RequestProject","O7;13;source_systemS5;lean411;source_fileS34;RequestProject/Kant/CardDebug.lean13;source_formatS4;text11;imported_atI+0;14;transformed_atI+0;15;transformationsL0;13;parent_objectS0;","8e2a3f1f5532c29cfd5d430ec2b6258f491d269c679748c26386fcbbffd3d935"
"proof.Kant.Sneakernet.Channel.stegoPng.sizeOf_spec","Kant.Sneakernet.Channel.stegoPng.sizeOf_spec","lean4","VALID","RequestProject/Kant/Sneakernet.lean","0","L0;","L0;","elaborated and checked by the Lean kernel","L1;S48;obj.Kant.Sneakernet.Channel.stegoPng.sizeOf_spec","L1;S50;claim.Kant.Sneakernet.Channel.stegoPng.sizeOf_spec","L0;","O4;4;kindS12;lean4-kernel6;digestS64;055e903d92fab10db0ffcdd0d85e902ad75e697ecedb2fc7e9ab1365052211e48;locationS35;RequestProject/Kant/Sneakernet.lean8;evidenceS15;MACHINE_CHECKED","RequestProject","O7;13;source_systemS5;lean411;source_fileS35;RequestProject/Kant/Sneakernet.lean13;source_formatS4;text11;imported_atI+0;14;transformed_atI+0;15;transformationsL0;13;parent_objectS0;","9a08627ceeb2c028c4391f74c97ee88ba4f8788c0f253e6ebc3f1d66731cc151"
"proof.Kant.Dom.formatReport.eq_1","Kant.Dom.formatReport.eq_1","lean4","VALID","RequestProject/Kant/Domain/Emit.lean","0","L0;","L0;","elaborated and checked by the Lean kernel","L1;S30;obj.Kant.Dom.formatReport.eq_1","L1;S32;claim.Kant.Dom.formatReport.eq_1","L0;","O4;4;kindS12;lean4-kernel6;digestS64;3914aed7ab13714532b9ca83d552831e09ebb897dd3b3baf60093dff2f2b26908;locationS36;RequestProject/Kant/Domain/Emit.lean8;evidenceS15;MACHINE_CHECKED","RequestProject","O7;13;source_systemS5;lean411;source_fileS36;RequestProject/Kant/Domain/Emit.lean13;source_formatS4;text11;imported_atI+0;14;transformed_atI+0;15;transformationsL0;13;parent_objectS0;","1bb800a499f5a9715b9a8b542ee6627efe665b81cee54f8b57cd8c0b88eabc98"
"proof.Kant.Codec.import_export","Kant.Codec.import_export","lean4","VALID","RequestProject/Kant/Codec/Exchange.lean","256","L1;S18;obj.Kant.Codec.Obj","L0;","elaborated and checked by the Lean kernel","L1;S28;obj.Kant.Codec.import_export","L1;S30;claim.Kant.Codec.import_export","L1;S20;proof.Kant.Codec.Obj","O4;4;kindS12;lean4-kernel6;digestS64;dda91174140fdc62bbd8e9acd829037923d5dc907ba845ec7589751a541711ab8;locationS39;RequestProject/Kant/Codec/Exchange.lean8;evidenceS15;MACHINE_CHECKED","RequestProject","O7;13;source_systemS5;lean411;source_fileS39;RequestProject/Kant/Codec/Exchange.lean13;source_formatS4;text11;imported_atI+0;14;transformed_atI+256;15;transformationsL0;13;parent_objectS0;","bf4d0952d4da209ae62826ec79bf04fdb918143dc33011d4c6513934bd40fbb7"
"proof.Kant.Codec.Val.brecOn_1.eq","Kant.Codec.Val.brecOn_1.eq","lean4","VALID","RequestProject/Kant/Codec/Val.lean","0","L0;","L0;","elaborated and checked by the Lean kernel","L1;S30;obj.Kant.Codec.Val.brecOn_1.eq","L1;S32;claim.Kant.Codec.Val.brecOn_1.eq","L0;","O4;4;kindS12;lean4-kernel6;digestS64;515b52ca6e6f3e0685a2b3f5207f4a85eb34d8682a1c60c06300bfa8af9586278;locationS34;RequestProject/Kant/Codec/Val.lean8;evidenceS15;MACHINE_CHECKED","RequestProject","O7;13;source_systemS5;lean411;source_fileS34;RequestProject/Kant/Codec/Val.lean13;source_formatS4;text11;imported_atI+0;14;transformed_atI+0;15;transformationsL0;13;parent_objectS0;","f8f18a2856b8ff272aa2df9afb563bd458b5a97de3ebf6cdd88e8813523349fa"
"proof.Kant.Codec.compareObj_symm","Kant.Codec.compareObj_symm","lean4","VALID","RequestProject/Kant/Codec/Reconcile.lean","243","L1;S18;obj.Kant.Codec.Obj","L0;","elaborated and checked by the Lean kernel","L1;S30;obj.Kant.Codec.compareObj_symm","L1;S32;claim.Kant.Codec.compareObj_symm","L1;S20;proof.Kant.Codec.Obj","O4;4;kindS12;lean4-kernel6;digestS64;7a4357207ce42c663369219d7f9b172d9c5a5397d95bcd906f61e6b2f7fbe55f8;locationS40;RequestProject/Kant/Codec/Reconcile.lean8;evidenceS15;MACHINE_CHECKED","RequestProject","O7;13;source_systemS5;lean411;source_fileS40;RequestProject/Kant/Codec/Reconcile.lean13;source_formatS4;text11;imported_atI+0;14;transformed_atI+243;15;transformationsL0;13;parent_objectS0;","c4a53d9bd2a5f131cc5f7a3c72bb839ec342124ff4f2c88bf608c816b6e669f8"
"proof.Kant.Erdfa.unescape.eq_1","Kant.Erdfa.unescape.eq_1","lean4","VALID","RequestProject/Kant/Erdfa.lean","0","L0;","L0;","elaborated and checked by the Lean kernel","L1;S28;obj.Kant.Erdfa.unescape.eq_1","L1;S30;claim.Kant.Erdfa.unescape.eq_1","L0;","O4;4;kindS12;lean4-kernel6;digestS64;db1ee83218ebeb708bbf4e89ebe203235fca3ab2bbdae096493ac95597af48c98;locationS30;RequestProject/Kant/Erdfa.lean8;evidenceS15;MACHINE_CHECKED","RequestProject","O7;13;source_systemS5;lean411;source_fileS30;RequestProject/Kant/Erdfa.lean13;source_formatS4;text11;imported_atI+0;14;transformed_atI+0;15;transformationsL0;13;parent_objectS0;","ed621f53a7ef6cce6fbf3429bc2e48a1995d4d7b55bb3068b37d376b21b664bb"
"proof.Kant.ShareLog.isAscii_joinLines","Kant.ShareLog.isAscii_joinLines","lean4","VALID","RequestProject/Kant/ShareLog.lean","87","L0;","L0;","elaborated and checked by the Lean kernel","L1;S35;obj.Kant.ShareLog.isAscii_joinLines","L1;S37;claim.Kant.ShareLog.isAscii_joinLines","L0;","O4;4;kindS12;lean4-kernel6;digestS64;27b6582048a9254ed49d4f1a358664d9d599324f3404dcc8da8264404d5458d38;locationS33;RequestProject/Kant/ShareLog.lean8;evidenceS15;MACHINE_CHECKED","RequestProject","O7;13;source_systemS5;lean411;source_fileS33;RequestProject/Kant/ShareLog.lean13;source_formatS4;text11;imported_atI+0;14;transformed_atI+87;15;transformationsL0;13;parent_objectS0;","5143a50480223c6a7453657f808034ad05eb1af44223bd24dab1c53626828667"
"proof.Kant.Clipboard.Receipt.mk.inj","Kant.Clipboard.Receipt.mk.inj","lean4","VALID","RequestProject/Kant/Clipboard.lean","0","L0;","L0;","elaborated and checked by the Lean kernel","L1;S33;obj.Kant.Clipboard.Receipt.mk.inj","L1;S35;claim.Kant.Clipboard.Receipt.mk.inj","L0;","O4;4;kindS12;lean4-kernel6;digestS64;44c7d8b203275a40a04ab4475b621c9350b7e8c496f34af2ebeecc48e836e8cd8;locationS34;RequestProject/Kant/Clipboard.lean8;evidenceS15;MACHINE_CHECKED","RequestProject","O7;13;source_systemS5;lean411;source_fileS34;RequestProject/Kant/Clipboard.lean13;source_formatS4;text11;imported_atI+0;14;transformed_atI+0;15;transformationsL0;13;parent_objectS0;","9eea42d7b5d85655cdcfb6c738385d223b24d6234a84796fc3572e48cedbba3c"
"proof.Kant.Pipeline.natsToBlob_blobToNats","Kant.Pipeline.natsToBlob_blobToNats","lean4","VALID","RequestProject/Kant/Pipeline.lean","40","L0;","L0;","elaborated and checked by the Lean kernel","L1;S39;obj.Kant.Pipeline.natsToBlob_blobToNats","L1;S41;claim.Kant.Pipeline.natsToBlob_blobToNats","L0;","O4;4;kindS12;lean4-kernel6;digestS64;1a36bbd8baa8f3c7bb952fea89412e50a578f7a5b18753055a8436ec460896c68;locationS33;RequestProject/Kant/Pipeline.lean8;evidenceS15;MACHINE_CHECKED","RequestProject","O7;13;source_systemS5;lean411;source_fileS33;RequestProject/Kant/Pipeline.lean13;source_formatS4;text11;imported_atI+0;14;transformed_atI+40;15;transformationsL0;13;parent_objectS0;","bef7c1961f15579c49879522d195e47f1128e3f7f1598762dcf83a982208c5c5"
"proof.Kant.Dom.Evidence.ofVal_toVal","Kant.Dom.Evidence.ofVal_toVal","lean4","VALID","RequestProject/Kant/Domain/Model.lean","497","L1;S15;obj.Kant.Dom.Id","L0;","elaborated and checked by the Lean kernel","L1;S33;obj.Kant.Dom.Evidence.ofVal_toVal","L1;S35;claim.Kant.Dom.Evidence.ofVal_toVal","L1;S17;proof.Kant.Dom.Id","O4;4;kindS12;lean4-kernel6;digestS64;5a59e79cc4c4bc6c31ad630ecf2e6013bb43b46e57049282f25201a714a46ee18;locationS37;RequestProject/Kant/Domain/Model.lean8;evidenceS15;MACHINE_CHECKED","RequestProject","O7;13;source_systemS5;lean411;source_fileS37;RequestProject/Kant/Domain/Model.lean13;source_formatS4;text11;imported_atI+0;14;transformed_atI+497;15;transformationsL0;13;parent_objectS0;","6da596907fe939ec425829a3b290ec4f7870587eb91254f20aab649277be6055"
"proof.Kant.Feed.newest_perm","Kant.Feed.newest_perm","lean4","VALID","RequestProject/Kant/Feed.lean","269","L0;","L0;","elaborated and checked by the Lean kernel","L1;S25;obj.Kant.Feed.newest_perm","L1;S27;claim.Kant.Feed.newest_perm","L0;","O4;4;kindS12;lean4-kernel6;digestS64;22461815b42110effe5f06a211f8a79078f6a3d8d1cbee056f67b5558bc65e9e8;locationS29;RequestProject/Kant/Feed.lean8;evidenceS15;MACHINE_CHECKED","RequestProject","O7;13;source_systemS5;lean411;source_fileS29;RequestProject/Kant/Feed.lean13;source_formatS4;text11;imported_atI+0;14;transformed_atI+269;15;transformationsL0;13;parent_objectS0;","ffe8963a767cdd27553433cbf96eed047ec98573a5e6be6d5a9c3f7b8f94d74a"
"proof.Kant.Codec.stripPrefix.eq_3","Kant.Codec.stripPrefix.eq_3","lean4","VALID","RequestProject/Kant/Codec/Xml.lean","0","L0;","L0;","elaborated and checked by the Lean kernel","L1;S31;obj.Kant.Codec.stripPrefix.eq_3","L1;S33;claim.Kant.Codec.stripPrefix.eq_3","L0;","O4;4;kindS12;lean4-kernel6;digestS64;11f4983e430f2d5f5766a7b2df49e358b3d4e5438b1ca4ed528b68362241dfae8;locationS34;RequestProject/Kant/Codec/Xml.lean8;evidenceS15;MACHINE_CHECKED","RequestProject","O7;13;source_systemS5;lean411;source_fileS34;RequestProject/Kant/Codec/Xml.lean13;source_formatS4;text11;imported_atI+0;14;transformed_atI+0;15;transformationsL0;13;parent_objectS0;","f2503dbea0ee80c75f541c446791c4b4d2abc4ebc4fff2ada9978544e97f891a"
"proof.Kant.Cli.say.eq_1","Kant.Cli.say.eq_1","lean4","VALID","RequestProject/Kant/Cli.lean","0","L1;S26;obj.Kant.Cli.Client.secret","L0;","elaborated and checked by the Lean kernel","L1;S21;obj.Kant.Cli.say.eq_1","L1;S23;claim.Kant.Cli.say.eq_1","L1;S28;proof.Kant.Cli.Client.secret","O4;4;kindS12;lean4-kernel6;digestS64;145d42b17786fa6981c05ae653beb10ac653422b61f42dd32f46d10740a1b0ac8;locationS28;RequestProject/Kant/Cli.lean8;evidenceS15;MACHINE_CHECKED","RequestProject","O7;13;source_systemS5;lean411;source_fileS28;RequestProject/Kant/Cli.lean13;source_formatS4;text11;imported_atI+0;14;transformed_atI+0;15;transformationsL0;13;parent_objectS0;","11b45c562e225065d87c1c3e982f6d125e31a6152fbab2ffed8dfbfe6d0ff22c"
"proof.Kant.Join.isBlank.eq_1","Kant.Join.isBlank.eq_1","lean4","VALID","RequestProject/Kant/Join.lean","0","L0;","L0;","elaborated and checked by the Lean kernel","L1;S26;obj.Kant.Join.isBlank.eq_1","L1;S28;claim.Kant.Join.isBlank.eq_1","L0;","O4;4;kindS12;lean4-kernel6;digestS64;05a0bf60669694e61ffb7bae1798aa058debedf881769cc8e0294e39b392acaf8;locationS29;RequestProject/Kant/Join.lean8;evidenceS15;MACHINE_CHECKED","RequestProject","O7;13;source_systemS5;lean411;source_fileS29;RequestProject/Kant/Join.lean13;source_formatS4;text11;imported_atI+0;14;transformed_atI+0;15;transformationsL0;13;parent_objectS0;","5a8368f78d452d629f9f967307f56ea548836cf77dee539c311b36965e42325f"
"proof.Kant.Codec.detect_text_of_unrecognised","Kant.Codec.detect_text_of_unrecognised","lean4","VALID","RequestProject/Kant/Codec/RawText.lean","143","L1;S21;obj.Kant.Codec.detect","L0;","elaborated and checked by the Lean kernel","L1;S42;obj.Kant.Codec.detect_text_of_unrecognised","L1;S44;claim.Kant.Codec.detect_text_of_unrecognised","L1;S23;proof.Kant.Codec.detect","O4;4;kindS12;lean4-kernel6;digestS64;ffd32ff3bd2e3f050ded85349d9c008a2ff9fdede9b78babc66302b46fdf9db88;locationS38;RequestProject/Kant/Codec/RawText.lean8;evidenceS15;MACHINE_CHECKED","RequestProject","O7;13;source_systemS5;lean411;source_fileS38;RequestProject/Kant/Codec/RawText.lean13;source_formatS4;text11;imported_atI+0;14;transformed_atI+143;15;transformationsL0;13;parent_objectS0;","9f01d93baf20f8dbdcdf9b84d4c9aee864803744e5d5900188a82a855caa120e"
"proof.Kant.PlainText.parseMeta.eq_1","Kant.PlainText.parseMeta.eq_1","lean4","VALID","RequestProject/Kant/PlainText.lean","0","L1;S28;obj.Kant.PlainText.parseMeta","L0;","elaborated and checked by the Lean kernel","L1;S33;obj.Kant.PlainText.parseMeta.eq_1","L1;S35;claim.Kant.PlainText.parseMeta.eq_1","L1;S30;proof.Kant.PlainText.parseMeta","O4;4;kindS12;lean4-kernel6;digestS64;c9312559ec57138318f5be918fb91dcc9880b8b56fabeb39d039184d56acaaba8;locationS34;RequestProject/Kant/PlainText.lean8;evidenceS15;MACHINE_CHECKED","RequestProject","O7;13;source_systemS5;lean411;source_fileS34;RequestProject/Kant/PlainText.lean13;source_formatS4;text11;imported_atI+0;14;transformed_atI+0;15;transformationsL0;13;parent_objectS0;","96e029751437d44ae32aafeadefa235df9df3cab0dd607646d1af35cf5cd7977"
"proof.Kant.Codec.Ipdl.ref.inj","Kant.Codec.Ipdl.ref.inj","lean4","VALID","RequestProject/Kant/Codec/Ipdl.lean","0","L1;S19;obj.Kant.Codec.Ipdl","L0;","elaborated and checked by the Lean kernel","L1;S27;obj.Kant.Codec.Ipdl.ref.inj","L1;S29;claim.Kant.Codec.Ipdl.ref.inj","L1;S21;proof.Kant.Codec.Ipdl","O4;4;kindS12;lean4-kernel6;digestS64;eb8ecbcf1cf6c09237e5108265f0faad44163ff7d7ed3f18194d640a8b2aa38b8;locationS35;RequestProject/Kant/Codec/Ipdl.lean8;evidenceS15;MACHINE_CHECKED","RequestProject","O7;13;source_systemS5;lean411;source_fileS35;RequestProject/Kant/Codec/Ipdl.lean13;source_formatS4;text11;imported_atI+0;14;transformed_atI+0;15;transformationsL0;13;parent_objectS0;","0fb1cfc3c3d25d6e1c41f4fbeb1fcd51276ff624f59c47681da727ebb3a27f4b"
"proof.Kant.Onboarding.step.eq_1","Kant.Onboarding.step.eq_1","lean4","VALID","RequestProject/Kant/Onboarding.lean","0","L0;","L0;","elaborated and checked by the Lean kernel","L1;S29;obj.Kant.Onboarding.step.eq_1","L1;S31;claim.Kant.Onboarding.step.eq_1","L0;","O4;4;kindS12;lean4-kernel6;digestS64;caf199d59b91f0ccc4dea8a38f2e404b01afd41cc1be64423a3a64f84fcb3f198;locationS35;RequestProject/Kant/Onboarding.lean8;evidenceS15;MACHINE_CHECKED","RequestProject","O7;13;source_systemS5;lean411;source_fileS35;RequestProject/Kant/Onboarding.lean13;source_formatS4;text11;imported_atI+0;14;transformed_atI+0;15;transformationsL0;13;parent_objectS0;","e9b1511f0ceceeee13429614869656f12949229bfacbe6a8a4d94bb407efae2b"
"proof.Kant.Codec.Ipdl.ref.injEq","Kant.Codec.Ipdl.ref.injEq","lean4","VALID","RequestProject/Kant/Codec/Ipdl.lean","0","L1;S19;obj.Kant.Codec.Ipdl","L0;","elaborated and checked by the Lean kernel","L1;S29;obj.Kant.Codec.Ipdl.ref.injEq","L1;S31;claim.Kant.Codec.Ipdl.ref.injEq","L1;S21;proof.Kant.Codec.Ipdl","O4;4;kindS12;lean4-kernel6;digestS64;dd75939827ea93a03b76fe6484baa62f219a8239b6dc18d6bbfd18a9407becdd8;locationS35;RequestProject/Kant/Codec/Ipdl.lean8;evidenceS15;MACHINE_CHECKED","RequestProject","O7;13;source_systemS5;lean411;source_fileS35;RequestProject/Kant/Codec/Ipdl.lean13;source_formatS4;text11;imported_atI+0;14;transformed_atI+0;15;transformationsL0;13;parent_objectS0;","af15c99f0ca20780b3453720f30e8d436ff553507aa11a86b1e2be54ee7f1ec9"
"proof.Kant.Clipboard.decodeList.eq_2","Kant.Clipboard.decodeList.eq_2","lean4","VALID","RequestProject/Kant/Clipboard.lean","0","L0;","L0;","elaborated and checked by the Lean kernel","L1;S34;obj.Kant.Clipboard.decodeList.eq_2","L1;S36;claim.Kant.Clipboard.decodeList.eq_2","L0;","O4;4;kindS12;lean4-kernel6;digestS64;bc786427ce52be5860f118cb47c89ca745dc3fafe231ca0e9a241983c535bb258;locationS34;RequestProject/Kant/Clipboard.lean8;evidenceS15;MACHINE_CHECKED","RequestProject","O7;13;source_systemS5;lean411;source_fileS34;RequestProject/Kant/Clipboard.lean13;source_formatS4;text11;imported_atI+0;14;transformed_atI+0;15;transformationsL0;13;parent_objectS0;","85b3157e5a0ab9559c523514f6c21b02ed4c3f09f694fdafdd251bcc0c23f5dc"
"proof.Kant.Sync.Feed.mk.inj","Kant.Sync.Feed.mk.inj","lean4","VALID","RequestProject/Kant/Sync.lean","0","L0;","L0;","elaborated and checked by the Lean kernel","L1;S25;obj.Kant.Sync.Feed.mk.inj","L1;S27;claim.Kant.Sync.Feed.mk.inj","L0;","O4;4;kindS12;lean4-kernel6;digestS64;d134aa932450861f84895eb9d0d54cdca62cbad02dcc7ca934f78e5d4acf419e8;locationS29;RequestProject/Kant/Sync.lean8;evidenceS15;MACHINE_CHECKED","RequestProject","O7;13;source_systemS5;lean411;source_fileS29;RequestProject/Kant/Sync.lean13;source_formatS4;text11;imported_atI+0;14;transformed_atI+0;15;transformationsL0;13;parent_objectS0;","ed7664db25e7c84eea7c0d0741f74b31b4251539ef5f6cc804a5d1d40794c0ab"
"proof.Kant.Sheaf.Encoding.prime.eq_2","Kant.Sheaf.Encoding.prime.eq_2","lean4","VALID","RequestProject/Kant/Sheaf.lean","0","L0;","L0;","elaborated and checked by the Lean kernel","L1;S34;obj.Kant.Sheaf.Encoding.prime.eq_2","L1;S36;claim.Kant.Sheaf.Encoding.prime.eq_2","L0;","O4;4;kindS12;lean4-kernel6;digestS64;bb3d3403b3f12a53f69ce2602cb0cc90e1dcc3ff9481225918ca4b22fd1a60968;locationS30;RequestProject/Kant/Sheaf.lean8;evidenceS15;MACHINE_CHECKED","RequestProject","O7;13;source_systemS5;lean411;source_fileS30;RequestProject/Kant/Sheaf.lean13;source_formatS4;text11;imported_atI+0;14;transformed_atI+0;15;transformationsL0;13;parent_objectS0;","1b7bffe9616c4b4b774ea09e75ff90b82f8c3beaa9974db1e7ed8c3153f09b9e"
"proof.Kant.PlainText.parseEntry.eq_1","Kant.PlainText.parseEntry.eq_1","lean4","VALID","RequestProject/Kant/PlainText.lean","0","L1;S25;obj.Kant.SiteCard.breakAt","L0;","elaborated and checked by the Lean kernel","L1;S34;obj.Kant.PlainText.parseEntry.eq_1","L1;S36;claim.Kant.PlainText.parseEntry.eq_1","L1;S27;proof.Kant.SiteCard.breakAt","O4;4;kindS12;lean4-kernel6;digestS64;42913b3b4b450eb9c48db509ffbfaecad7d4200d35ca6f4348638a56706d765c8;locationS34;RequestProject/Kant/PlainText.lean8;evidenceS15;MACHINE_CHECKED","RequestProject","O7;13;source_systemS5;lean411;source_fileS34;RequestProject/Kant/PlainText.lean13;source_formatS4;text11;imported_atI+0;14;transformed_atI+0;15;transformationsL0;13;parent_objectS0;","06fbebedd98c74dbd351f690d6d9d788e7a6fbf715e058818da953a34255472e"
"proof.Kant.Dom.Decl.mk.inj","Kant.Dom.Decl.mk.inj","lean4","VALID","RequestProject/Kant/Domain/Catalog.lean","0","L0;","L0;","elaborated and checked by the Lean kernel","L1;S24;obj.Kant.Dom.Decl.mk.inj","L1;S26;claim.Kant.Dom.Decl.mk.inj","L0;","O4;4;kindS12;lean4-kernel6;digestS64;8a030535c19942b8d2a11f6af35fbe0b7697217d4609f92adbc92eb40aae82c58;locationS39;RequestProject/Kant/Domain/Catalog.lean8;evidenceS15;MACHINE_CHECKED","RequestProject","O7;13;source_systemS5;lean411;source_fileS39;RequestProject/Kant/Domain/Catalog.lean13;source_formatS4;text11;imported_atI+0;14;transformed_atI+0;15;transformationsL0;13;parent_objectS0;","9353cefb81ec2d35684b387056f4a6b26814cbff106b742f26015a564bbafbac"
"proof.Kant.Dom.PStatus.unknown.sizeOf_spec","Kant.Dom.PStatus.unknown.sizeOf_spec","lean4","VALID","RequestProject/Kant/Domain/Model.lean","0","L0;","L0;","elaborated and checked by the Lean kernel","L1;S40;obj.Kant.Dom.PStatus.unknown.sizeOf_spec","L1;S42;claim.Kant.Dom.PStatus.unknown.sizeOf_spec","L0;","O4;4;kindS12;lean4-kernel6;digestS64;4267ad8e49c30b1382c804c40848ef60fd6a21fd86e008391cb193c638d24e068;locationS37;RequestProject/Kant/Domain/Model.lean8;evidenceS15;MACHINE_CHECKED","RequestProject","O7;13;source_systemS5;lean411;source_fileS37;RequestProject/Kant/Domain/Model.lean13;source_formatS4;text11;imported_atI+0;14;transformed_atI+0;15;transformationsL0;13;parent_objectS0;","c15c265dd73d8f32882536e86e463395387ca7969556ceacf6a18d4747b9c70f"
"proof.Kant.Dom.Decl.ofVal.eq_1","Kant.Dom.Decl.ofVal.eq_1","lean4","VALID","RequestProject/Kant/Domain/Catalog.lean","0","L1;S15;obj.Kant.Dom.Id","L0;","elaborated and checked by the Lean kernel","L1;S28;obj.Kant.Dom.Decl.ofVal.eq_1","L1;S30;claim.Kant.Dom.Decl.ofVal.eq_1","L1;S17;proof.Kant.Dom.Id","O4;4;kindS12;lean4-kernel6;digestS64;29c40b4b3c39ef4820bf23b31f0ac65728278b43cc994cdef3430f5bad2e40358;locationS39;RequestProject/Kant/Domain/Catalog.lean8;evidenceS15;MACHINE_CHECKED","RequestProject","O7;13;source_systemS5;lean411;source_fileS39;RequestProject/Kant/Domain/Catalog.lean13;source_formatS4;text11;imported_atI+0;14;transformed_atI+0;15;transformationsL0;13;parent_objectS0;","75d62f8af0524d27c0f28dc8347595c494d704b4f245ccad97af24c83587204a"
"proof.Kant.Repost.pasteCard_postCard","Kant.Repost.pasteCard_postCard","lean4","VALID","RequestProject/Kant/Repost.lean","205","L2;S27;obj.Kant.Clipboard.CopyableS24;obj.Kant.Repost.readCard","L0;","elaborated and checked by the Lean kernel","L1;S34;obj.Kant.Repost.pasteCard_postCard","L1;S36;claim.Kant.Repost.pasteCard_postCard","L2;S29;proof.Kant.Clipboard.CopyableS26;proof.Kant.Repost.readCard","O4;4;kindS12;lean4-kernel6;digestS64;544aa393082d57647a51f1de9e89f697c5fa0f87d7f934caef4a8de59b64a75d8;locationS31;RequestProject/Kant/Repost.lean8;evidenceS15;MACHINE_CHECKED","RequestProject","O7;13;source_systemS5;lean411;source_fileS31;RequestProject/Kant/Repost.lean13;source_formatS4;text11;imported_atI+0;14;transformed_atI+205;15;transformationsL0;13;parent_objectS0;","ae54eb7c0e0664b45e09a1cd25b854171110fc243c6ea3fa380a01ba5670115d"
"proof.Kant.Codec.yamlEnc_head","Kant.Codec.yamlEnc_head","lean4","VALID","RequestProject/Kant/Codec/Yaml.lean","322","L1;S22;obj.Kant.Codec.yamlEnc","L0;","elaborated and checked by the Lean kernel","L1;S27;obj.Kant.Codec.yamlEnc_head","L1;S29;claim.Kant.Codec.yamlEnc_head","L1;S24;proof.Kant.Codec.yamlEnc","O4;4;kindS12;lean4-kernel6;digestS64;435642e54958d94e7de2be369ccefd752f111fc130675790f993e50788d3601f8;locationS35;RequestProject/Kant/Codec/Yaml.lean8;evidenceS15;MACHINE_CHECKED","RequestProject","O7;13;source_systemS5;lean411;source_fileS35;RequestProject/Kant/Codec/Yaml.lean13;source_formatS4;text11;imported_atI+0;14;transformed_atI+322;15;transformationsL0;13;parent_objectS0;","dd18a3c69632bf2a74d5535a48332dad1a84fb284e9e12e4d1744bbba3ac6fe7"
"proof.Kant.Codec.openEnvelope.eq_1","Kant.Codec.openEnvelope.eq_1","lean4","VALID","RequestProject/Kant/Codec/Exchange.lean","0","L1;S18;obj.Kant.Codec.Obj","L0;","elaborated and checked by the Lean kernel","L1;S32;obj.Kant.Codec.openEnvelope.eq_1","L1;S34;claim.Kant.Codec.openEnvelope.eq_1","L1;S20;proof.Kant.Codec.Obj","O4;4;kindS12;lean4-kernel6;digestS64;d67bd237b7c68f0ec8161047c3d3652dc202b0bdd20b4480f536d0068b9d2a178;locationS39;RequestProject/Kant/Codec/Exchange.lean8;evidenceS15;MACHINE_CHECKED","RequestProject","O7;13;source_systemS5;lean411;source_fileS39;RequestProject/Kant/Codec/Exchange.lean13;source_formatS4;text11;imported_atI+0;14;transformed_atI+0;15;transformationsL0;13;parent_objectS0;","621e9bb9b9ca09c5d559f4b9183f14823e466ec16b591c7f3f39c46daf6ef33c"
"proof.Kant.Codec.rowsVal.eq_4","Kant.Codec.rowsVal.eq_4","lean4","VALID","RequestProject/Kant/Codec/Csv.lean","0","L0;","L0;","elaborated and checked by the Lean kernel","L1;S27;obj.Kant.Codec.rowsVal.eq_4","L1;S29;claim.Kant.Codec.rowsVal.eq_4","L0;","O4;4;kindS12;lean4-kernel6;digestS64;73d926a384b2519b1081bf0ee432ae9c579b9301fdb49571ca5ad61fac560e5a8;locationS34;RequestProject/Kant/Codec/Csv.lean8;evidenceS15;MACHINE_CHECKED","RequestProject","O7;13;source_systemS5;lean411;source_fileS34;RequestProject/Kant/Codec/Csv.lean13;source_formatS4;text11;imported_atI+0;14;transformed_atI+0;15;transformationsL0;13;parent_objectS0;","97d4f2be6b6f6f0140d9a0a08be56bce4444f819e3e5889b14602118078880e8"
"proof.Kant.Diagnostics.Event.mk.inj","Kant.Diagnostics.Event.mk.inj","lean4","VALID","RequestProject/Kant/Diagnostics.lean","0","L0;","L0;","elaborated and checked by the Lean kernel","L1;S33;obj.Kant.Diagnostics.Event.mk.inj","L1;S35;claim.Kant.Diagnostics.Event.mk.inj","L0;","O4;4;kindS12;lean4-kernel6;digestS64;8a08d41875c952253baed4bfa83c9cca7b5e60ab4ad238ab06433a0406e09a188;locationS36;RequestProject/Kant/Diagnostics.lean8;evidenceS15;MACHINE_CHECKED","RequestProject","O7;13;source_systemS5;lean411;source_fileS36;RequestProject/Kant/Diagnostics.lean13;source_formatS4;text11;imported_atI+0;14;transformed_atI+0;15;transformationsL0;13;parent_objectS0;","84a127a11e82f3ad40be7ada3471e53a41f86d8aa02ec387ad73f0ca7d773714"
"proof.Kant.Uucp.uucp_path","Kant.Uucp.uucp_path","lean4","VALID","RequestProject/Kant/Uucp.lean","591","L0;","L0;","elaborated and checked by the Lean kernel","L1;S23;obj.Kant.Uucp.uucp_path","L1;S25;claim.Kant.Uucp.uucp_path","L0;","O4;4;kindS12;lean4-kernel6;digestS64;283dc21938afd8ad60cbdedc20bd823a245cb5b71fcefadfdc69112d56ea778c8;locationS29;RequestProject/Kant/Uucp.lean8;evidenceS15;MACHINE_CHECKED","RequestProject","O7;13;source_systemS5;lean411;source_fileS29;RequestProject/Kant/Uucp.lean13;source_formatS4;text11;imported_atI+0;14;transformed_atI+591;15;transformationsL0;13;parent_objectS0;","c5f4fa60004a9bc0455dc446bbea16e30dcdd2ba0ce9d9067da569be54470c29"
"proof.Kant.Wasm.Leb128.ulebDec.eq_2","Kant.Wasm.Leb128.ulebDec.eq_2","lean4","VALID","RequestProject/Wasm/Leb128.lean","0","L0;","L0;","elaborated and checked by the Lean kernel","L1;S33;obj.Kant.Wasm.Leb128.ulebDec.eq_2","L1;S35;claim.Kant.Wasm.Leb128.ulebDec.eq_2","L0;","O4;4;kindS12;lean4-kernel6;digestS64;37ad509de4612cb60961f81f5477b57504d48f33b3003c485cbbb198fd37785f8;locationS31;RequestProject/Wasm/Leb128.lean8;evidenceS15;MACHINE_CHECKED","RequestProject","O7;13;source_systemS5;lean411;source_fileS31;RequestProject/Wasm/Leb128.lean13;source_formatS4;text11;imported_atI+0;14;transformed_atI+0;15;transformationsL0;13;parent_objectS0;","4e7452db6cd1e37e0099fc18d8d27ea122747f4fd9e43f78a65af1171e07581b"
"proof.Kant.Codec.listOf.eq_1","Kant.Codec.listOf.eq_1","lean4","VALID","RequestProject/Kant/Codec/Model.lean","0","L0;","L0;","elaborated and checked by the Lean kernel","L1;S26;obj.Kant.Codec.listOf.eq_1","L1;S28;claim.Kant.Codec.listOf.eq_1","L0;","O4;4;kindS12;lean4-kernel6;digestS64;9f4029e76b5cdfaa8bc7f31b659395e5a18cc5ff282b2b5016a3f3b05b5c3b338;locationS36;RequestProject/Kant/Codec/Model.lean8;evidenceS15;MACHINE_CHECKED","RequestProject","O7;13;source_systemS5;lean411;source_fileS36;RequestProject/Kant/Codec/Model.lean13;source_formatS4;text11;imported_atI+0;14;transformed_atI+0;15;transformationsL0;13;parent_objectS0;","277ec32145291371f3003282d8b1277eb6882a8232e3b88badb732327db7ac98"
"proof.Kant.Cli.reqOfArgv.eq_1","Kant.Cli.reqOfArgv.eq_1","lean4","VALID","RequestProject/Kant/Cli.lean","0","L2;S16;obj.Kant.Cli.ReqS22;obj.Kant.Cli.reqOfArgv","L0;","elaborated and checked by the Lean kernel","L1;S27;obj.Kant.Cli.reqOfArgv.eq_1","L1;S29;claim.Kant.Cli.reqOfArgv.eq_1","L2;S18;proof.Kant.Cli.ReqS24;proof.Kant.Cli.reqOfArgv","O4;4;kindS12;lean4-kernel6;digestS64;513baf5425f72fc46b704d0d70fecdcb2e7209c9f83b78f224e4a9be7de89cc18;locationS28;RequestProject/Kant/Cli.lean8;evidenceS15;MACHINE_CHECKED","RequestProject","O7;13;source_systemS5;lean411;source_fileS28;RequestProject/Kant/Cli.lean13;source_formatS4;text11;imported_atI+0;14;transformed_atI+0;15;transformationsL0;13;parent_objectS0;","63781910c1fddc29230398e63fd17a96f81f2b8e3a5b564304d96871e2b7cd30"
"proof.Kant.Join.isCodeChar_not_blank","Kant.Join.isCodeChar_not_blank","lean4","VALID","RequestProject/Kant/Join.lean","70","L0;","L0;","elaborated and checked by the Lean kernel","L1;S34;obj.Kant.Join.isCodeChar_not_blank","L1;S36;claim.Kant.Join.isCodeChar_not_blank","L0;","O4;4;kindS12;lean4-kernel6;digestS64;2728d90d0e62495490860bea3db5a7df628ec056bdc4ffae943482ad00060ab18;locationS29;RequestProject/Kant/Join.lean8;evidenceS15;MACHINE_CHECKED","RequestProject","O7;13;source_systemS5;lean411;source_fileS29;RequestProject/Kant/Join.lean13;source_formatS4;text11;imported_atI+0;14;transformed_atI+70;15;transformationsL0;13;parent_objectS0;","bd76213a45a3dd125f508dd310f619d541587bbf9fe2f8cc6e9f3ea4ce211c8f"
"proof.Kant.Codec.cross_format","Kant.Codec.cross_format","lean4","VALID","RequestProject/Kant/Codec/Exchange.lean","383","L1;S18;obj.Kant.Codec.Obj","L0;","elaborated and checked by the Lean kernel","L1;S27;obj.Kant.Codec.cross_format","L1;S29;claim.Kant.Codec.cross_format","L1;S20;proof.Kant.Codec.Obj","O4;4;kindS12;lean4-kernel6;digestS64;7bd610eed96da4c11afc58038069c81a6d308fcd7bf37f6b467d9c8f7e80864c8;locationS39;RequestProject/Kant/Codec/Exchange.lean8;evidenceS15;MACHINE_CHECKED","RequestProject","O7;13;source_systemS5;lean411;source_fileS39;RequestProject/Kant/Codec/Exchange.lean13;source_formatS4;text11;imported_atI+0;14;transformed_atI+383;15;transformationsL0;13;parent_objectS0;","ad9881215d1fa44566a874046cc354c2a69e39a9e0dd653fc771ea451caaf73c"
"proof.Kant.Dom.Event.nothing.sizeOf_spec","Kant.Dom.Event.nothing.sizeOf_spec","lean4","VALID","RequestProject/Kant/Domain/Policy.lean","0","L0;","L0;","elaborated and checked by the Lean kernel","L1;S38;obj.Kant.Dom.Event.nothing.sizeOf_spec","L1;S40;claim.Kant.Dom.Event.nothing.sizeOf_spec","L0;","O4;4;kindS12;lean4-kernel6;digestS64;6e96ee9e1b1056381de912b91ddf71cb567ebd51a345185e921ff8ceb0642df18;locationS38;RequestProject/Kant/Domain/Policy.lean8;evidenceS15;MACHINE_CHECKED","RequestProject","O7;13;source_systemS5;lean411;source_fileS38;RequestProject/Kant/Domain/Policy.lean13;source_formatS4;text11;imported_atI+0;14;transformed_atI+0;15;transformationsL0;13;parent_objectS0;","aa88fbe28c8922fc845e30cf930d722f357ec949b3e031626b77c6765e250f15"
"proof.Kant.Onboarding.Screen.welcome.sizeOf_spec","Kant.Onboarding.Screen.welcome.sizeOf_spec","lean4","VALID","RequestProject/Kant/Onboarding.lean","0","L0;","L0;","elaborated and checked by the Lean kernel","L1;S46;obj.Kant.Onboarding.Screen.welcome.sizeOf_spec","L1;S48;claim.Kant.Onboarding.Screen.welcome.sizeOf_spec","L0;","O4;4;kindS12;lean4-kernel6;digestS64;a5c376cb45d9f7df13379326c79f1a6c8a4d816577f9728534c78e786cc914128;locationS35;RequestProject/Kant/Onboarding.lean8;evidenceS15;MACHINE_CHECKED","RequestProject","O7;13;source_systemS5;lean411;source_fileS35;RequestProject/Kant/Onboarding.lean13;source_formatS4;text11;imported_atI+0;14;transformed_atI+0;15;transformationsL0;13;parent_objectS0;","673e45f173c05d197d6b3a9a53d805d6ce36d7adfcd45d539e5ef260fde41090"
"proof.Kant.Codec.Ipdl.brecOn.eq","Kant.Codec.Ipdl.brecOn.eq","lean4","VALID","RequestProject/Kant/Codec/Ipdl.lean","0","L2;S19;obj.Kant.Codec.IpdlS27;obj.Kant.Codec.Ipdl.below_2","L0;","elaborated and checked by the Lean kernel","L1;S29;obj.Kant.Codec.Ipdl.brecOn.eq","L1;S31;claim.Kant.Codec.Ipdl.brecOn.eq","L2;S21;proof.Kant.Codec.IpdlS29;proof.Kant.Codec.Ipdl.below_2","O4;4;kindS12;lean4-kernel6;digestS64;fac83d948b7d25e6580be0e82c18bb351e3300af8ee883d8eef56649405e854f8;locationS35;RequestProject/Kant/Codec/Ipdl.lean8;evidenceS15;MACHINE_CHECKED","RequestProject","O7;13;source_systemS5;lean411;source_fileS35;RequestProject/Kant/Codec/Ipdl.lean13;source_formatS4;text11;imported_atI+0;14;transformed_atI+0;15;transformationsL0;13;parent_objectS0;","2ae4ffa165afab15409800d56a9e8df228b66d1830b92f0f4a256f5a7d5e07ec"
"proof.Kant.Codec.yamlEnc.eq_5","Kant.Codec.yamlEnc.eq_5","lean4","VALID","RequestProject/Kant/Codec/Yaml.lean","0","L1;S22;obj.Kant.Codec.yamlEnc","L0;","elaborated and checked by the Lean kernel","L1;S27;obj.Kant.Codec.yamlEnc.eq_5","L1;S29;claim.Kant.Codec.yamlEnc.eq_5","L1;S24;proof.Kant.Codec.yamlEnc","O4;4;kindS12;lean4-kernel6;digestS64;807c0f420e2c50c746e95227a9ec94f0d71e2e35eef0d47dbf508e8d55f1feae8;locationS35;RequestProject/Kant/Codec/Yaml.lean8;evidenceS15;MACHINE_CHECKED","RequestProject","O7;13;source_systemS5;lean411;source_fileS35;RequestProject/Kant/Codec/Yaml.lean13;source_formatS4;text11;imported_atI+0;14;transformed_atI+0;15;transformationsL0;13;parent_objectS0;","14a673dcfe0e95d5b8b876f0c25933b2166317c9d2ccab0fef2867e64aa9c86c"
"proof.Kant.Codec.Prov.ofVal_toVal","Kant.Codec.Prov.ofVal_toVal","lean4","VALID","RequestProject/Kant/Codec/Model.lean","354","L0;","L0;","elaborated and checked by the Lean kernel","L1;S31;obj.Kant.Codec.Prov.ofVal_toVal","L1;S33;claim.Kant.Codec.Prov.ofVal_toVal","L0;","O4;4;kindS12;lean4-kernel6;digestS64;966b1cb538ada487361d58992f485df025350a18bd38c67df4fc330834000f5e8;locationS36;RequestProject/Kant/Codec/Model.lean8;evidenceS15;MACHINE_CHECKED","RequestProject","O7;13;source_systemS5;lean411;source_fileS36;RequestProject/Kant/Codec/Model.lean13;source_formatS4;text11;imported_atI+0;14;transformed_atI+354;15;transformationsL0;13;parent_objectS0;","a775ca47b83d2f23c5efb10bbfb39e9012fc8ec33f37d909dc44117c33c57df6"
"proof.Kant.Cli.accept_printMsg_of_not_mem","Kant.Cli.accept_printMsg_of_not_mem","lean4","VALID","RequestProject/Kant/Cli.lean","640","L1;S33;obj.Kant.Relay.instDecidableEqMsg","L0;","elaborated and checked by the Lean kernel","L1;S39;obj.Kant.Cli.accept_printMsg_of_not_mem","L1;S41;claim.Kant.Cli.accept_printMsg_of_not_mem","L1;S35;proof.Kant.Relay.instDecidableEqMsg","O4;4;kindS12;lean4-kernel6;digestS64;e99a7e0de40b5b07d7e0a8b8aeff1a00aef6e7094967df85668cb11ea40fe6368;locationS28;RequestProject/Kant/Cli.lean8;evidenceS15;MACHINE_CHECKED","RequestProject","O7;13;source_systemS5;lean411;source_fileS28;RequestProject/Kant/Cli.lean13;source_formatS4;text11;imported_atI+0;14;transformed_atI+640;15;transformationsL0;13;parent_objectS0;","2c018bc7fffde6fb0272eb8a460a20c8cb147244b5f829a1173d87e84a852f6e"
"proof.Kant.Cli.link_page_static","Kant.Cli.link_page_static","lean4","VALID","RequestProject/Kant/Cli.lean","487","L0;","L0;","elaborated and checked by the Lean kernel","L1;S29;obj.Kant.Cli.link_page_static","L1;S31;claim.Kant.Cli.link_page_static","L0;","O4;4;kindS12;lean4-kernel6;digestS64;17e3a5ecd6f17b142b59104a2e071b03570cc3d7bba58b4eb0cd8732f073f33d8;locationS28;RequestProject/Kant/Cli.lean8;evidenceS15;MACHINE_CHECKED","RequestProject","O7;13;source_systemS5;lean411;source_fileS28;RequestProject/Kant/Cli.lean13;source_formatS4;text11;imported_atI+0;14;transformed_atI+487;15;transformationsL0;13;parent_objectS0;","0b9be57f7fdaf9202e11f533a8d684b369076373b28bb7c64813733928591bd9"
"proof.Kant.Join.deblank_of_blankFree","Kant.Join.deblank_of_blankFree","lean4","VALID","RequestProject/Kant/Join.lean","171","L0;","L0;","elaborated and checked by the Lean kernel","L1;S34;obj.Kant.Join.deblank_of_blankFree","L1;S36;claim.Kant.Join.deblank_of_blankFree","L0;","O4;4;kindS12;lean4-kernel6;digestS64;986bf9d5da72da79e187b211145c5b267a9434ef0a3dffe75c90f61d7747c39c8;locationS29;RequestProject/Kant/Join.lean8;evidenceS15;MACHINE_CHECKED","RequestProject","O7;13;source_systemS5;lean411;source_fileS29;RequestProject/Kant/Join.lean13;source_formatS4;text11;imported_atI+0;14;transformed_atI+171;15;transformationsL0;13;parent_objectS0;","06d789edfb6d192513e4439047a1ce62e0ec1f8f18e86a5ff2533400f6a5539c"
"proof.Kant.Uucp.absorb_cons","Kant.Uucp.absorb_cons","lean4","VALID","RequestProject/Kant/Uucp.lean","343","L0;","L0;","elaborated and checked by the Lean kernel","L1;S25;obj.Kant.Uucp.absorb_cons","L1;S27;claim.Kant.Uucp.absorb_cons","L0;","O4;4;kindS12;lean4-kernel6;digestS64;4b86d0b50f68598b3cfe67f06436e9146a9072e222cb0449bbc2b175dbe8840a8;locationS29;RequestProject/Kant/Uucp.lean8;evidenceS15;MACHINE_CHECKED","RequestProject","O7;13;source_systemS5;lean411;source_fileS29;RequestProject/Kant/Uucp.lean13;source_formatS4;text11;imported_atI+0;14;transformed_atI+343;15;transformationsL0;13;parent_objectS0;","472acaeb021a0ee8dc42d106838cfdcb9616d49723f25bae720b7447465a3911"
"proof.Kant.Codec.digitVal_digitChar","Kant.Codec.digitVal_digitChar","lean4","VALID","RequestProject/Kant/Codec/Val.lean","96","L0;","L0;","elaborated and checked by the Lean kernel","L1;S33;obj.Kant.Codec.digitVal_digitChar","L1;S35;claim.Kant.Codec.digitVal_digitChar","L0;","O4;4;kindS12;lean4-kernel6;digestS64;fd7549a599657545ca94365817dec522f89bb17a9063d3fbdc6ad998c610b8208;locationS34;RequestProject/Kant/Codec/Val.lean8;evidenceS15;MACHINE_CHECKED","RequestProject","O7;13;source_systemS5;lean411;source_fileS34;RequestProject/Kant/Codec/Val.lean13;source_formatS4;text11;imported_atI+0;14;transformed_atI+96;15;transformationsL0;13;parent_objectS0;","52307bc657c13d8a9ca2b3d66744ef3dc09ab25c4682c124122fbca16c463ad7"
"proof.Kant.Diagnostics.Report.Wire.events","Kant.Diagnostics.Report.Wire.events","lean4","VALID","RequestProject/Kant/Diagnostics.lean","545","L0;","L0;","elaborated and checked by the Lean kernel","L1;S39;obj.Kant.Diagnostics.Report.Wire.events","L1;S41;claim.Kant.Diagnostics.Report.Wire.events","L0;","O4;4;kindS12;lean4-kernel6;digestS64;1994672f4558b112cbfc505e422145159a19fd36c3cce7ac3a70c37328aba1af8;locationS36;RequestProject/Kant/Diagnostics.lean8;evidenceS15;MACHINE_CHECKED","RequestProject","O7;13;source_systemS5;lean411;source_fileS36;RequestProject/Kant/Diagnostics.lean13;source_formatS4;text11;imported_atI+0;14;transformed_atI+545;15;transformationsL0;13;parent_objectS0;","8ac3b1de12429cc300756789adb983306b3231cdd08e19a9e649dd2fc6f6e116"
"proof.Kant.Dom.Domain.toVal_injective","Kant.Dom.Domain.toVal_injective","lean4","VALID","RequestProject/Kant/Domain/Model.lean","632","L0;","L0;","elaborated and checked by the Lean kernel","L1;S35;obj.Kant.Dom.Domain.toVal_injective","L1;S37;claim.Kant.Dom.Domain.toVal_injective","L0;","O4;4;kindS12;lean4-kernel6;digestS64;00328491db4d8f7251b98e3582ebd2d5b1a545550d2e0b08f8ab8c6be72449338;locationS37;RequestProject/Kant/Domain/Model.lean8;evidenceS15;MACHINE_CHECKED","RequestProject","O7;13;source_systemS5;lean411;source_fileS37;RequestProject/Kant/Domain/Model.lean13;source_formatS4;text11;imported_atI+0;14;transformed_atI+632;15;transformationsL0;13;parent_objectS0;","6bbb03f6e3d9bf41b580bc7dfefb40de62fe430ede9e733be9949dd4868869d8"
"proof.Kant.Dasl.mergeCids_zero","Kant.Dasl.mergeCids_zero","lean4","VALID","RequestProject/Kant/Dasl.lean","357","L0;","L0;","elaborated and checked by the Lean kernel","L1;S28;obj.Kant.Dasl.mergeCids_zero","L1;S30;claim.Kant.Dasl.mergeCids_zero","L0;","O4;4;kindS12;lean4-kernel6;digestS64;38c8ee3eb776a2af74a74be72fb7950c4b2b5980bf51c1f9bcd48ac5565f940e8;locationS29;RequestProject/Kant/Dasl.lean8;evidenceS15;MACHINE_CHECKED","RequestProject","O7;13;source_systemS5;lean411;source_fileS29;RequestProject/Kant/Dasl.lean13;source_formatS4;text11;imported_atI+0;14;transformed_atI+357;15;transformationsL0;13;parent_objectS0;","3bec4b9b922ad6ecb1cbf760760febcff617f8f7d7732c72dea9ce0b396f76d5"
"proof.Kant.Wasm.Kernel.eval_dual47E","Kant.Wasm.Kernel.eval_dual47E","lean4","VALID","RequestProject/Wasm/KernelSpec.lean","299","L0;","L0;","elaborated and checked by the Lean kernel","L1;S33;obj.Kant.Wasm.Kernel.eval_dual47E","L1;S35;claim.Kant.Wasm.Kernel.eval_dual47E","L0;","O4;4;kindS12;lean4-kernel6;digestS64;df40a43c4d2d56fcbd328293c15883a36f103d2cf13af4d21f9d8f9c373469f18;locationS35;RequestProject/Wasm/KernelSpec.lean8;evidenceS15;MACHINE_CHECKED","RequestProject","O7;13;source_systemS5;lean411;source_fileS35;RequestProject/Wasm/KernelSpec.lean13;source_formatS4;text11;imported_atI+0;14;transformed_atI+299;15;transformationsL0;13;parent_objectS0;","76095af78bcad70917b2290519a1dd065517f470fa9cd9c3a497b28856bcd5c0"
"proof.Kant.PlainText.Meta.Wf.title","Kant.PlainText.Meta.Wf.title","lean4","VALID","RequestProject/Kant/PlainText.lean","102","L0;","L0;","elaborated and checked by the Lean kernel","L1;S32;obj.Kant.PlainText.Meta.Wf.title","L1;S34;claim.Kant.PlainText.Meta.Wf.title","L0;","O4;4;kindS12;lean4-kernel6;digestS64;fde5a508b9b288b6f6ee6d4b974613e174ea99ef83a0e1a4956e8f66712a09d78;locationS34;RequestProject/Kant/PlainText.lean8;evidenceS15;MACHINE_CHECKED","RequestProject","O7;13;source_systemS5;lean411;source_fileS34;RequestProject/Kant/PlainText.lean13;source_formatS4;text11;imported_atI+0;14;transformed_atI+102;15;transformationsL0;13;parent_objectS0;","e136f4337a917154cabb351e1cef2f67731ffa7b803f26fa2c90808cad68da0d"
"proof.Kant.Codec.splitLines.eq_1","Kant.Codec.splitLines.eq_1","lean4","VALID","RequestProject/Kant/Codec/RawText.lean","0","L0;","L0;","elaborated and checked by the Lean kernel","L1;S30;obj.Kant.Codec.splitLines.eq_1","L1;S32;claim.Kant.Codec.splitLines.eq_1","L0;","O4;4;kindS12;lean4-kernel6;digestS64;8f17e47989719083216a3b9fa8d1e600e7cbea3a339cdfc9756f2f3b23e53d468;locationS38;RequestProject/Kant/Codec/RawText.lean8;evidenceS15;MACHINE_CHECKED","RequestProject","O7;13;source_systemS5;lean411;source_fileS38;RequestProject/Kant/Codec/RawText.lean13;source_formatS4;text11;imported_atI+0;14;transformed_atI+0;15;transformationsL0;13;parent_objectS0;","a13a5b5a9d472bf4b20a0fcd0607abc744572aa8ac467adaff695b66f411b8ad"
"proof.Kant.Dom.RepairRecord.mk.sizeOf_spec","Kant.Dom.RepairRecord.mk.sizeOf_spec","lean4","VALID","RequestProject/Kant/Domain/Policy.lean","0","L0;","L0;","elaborated and checked by the Lean kernel","L1;S40;obj.Kant.Dom.RepairRecord.mk.sizeOf_spec","L1;S42;claim.Kant.Dom.RepairRecord.mk.sizeOf_spec","L0;","O4;4;kindS12;lean4-kernel6;digestS64;5555da6bd6b49741c29979f28a539a72f12124d1228f01635595f556734e939c8;locationS38;RequestProject/Kant/Domain/Policy.lean8;evidenceS15;MACHINE_CHECKED","RequestProject","O7;13;source_systemS5;lean411;source_fileS38;RequestProject/Kant/Domain/Policy.lean13;source_formatS4;text11;imported_atI+0;14;transformed_atI+0;15;transformationsL0;13;parent_objectS0;","4c301df06d6347d7026c8618e9d9ade4fea6e3c5aaca37fd58077c325c4ffe8a"
"proof.Kant.Sneakernet.Channel.socialVideo.sizeOf_spec","Kant.Sneakernet.Channel.socialVideo.sizeOf_spec","lean4","VALID","RequestProject/Kant/Sneakernet.lean","0","L0;","L0;","elaborated and checked by the Lean kernel","L1;S51;obj.Kant.Sneakernet.Channel.socialVideo.sizeOf_spec","L1;S53;claim.Kant.Sneakernet.Channel.socialVideo.sizeOf_spec","L0;","O4;4;kindS12;lean4-kernel6;digestS64;e27f411ee0ad11e9bd03e1d03581b6f6d097575213dd14c34d750e158fef65d08;locationS35;RequestProject/Kant/Sneakernet.lean8;evidenceS15;MACHINE_CHECKED","RequestProject","O7;13;source_systemS5;lean411;source_fileS35;RequestProject/Kant/Sneakernet.lean13;source_formatS4;text11;imported_atI+0;14;transformed_atI+0;15;transformationsL0;13;parent_objectS0;","3d6b0248bf34cc9cb1666c9e78e5eedfe939238e5ae2f4a2bbb73d0b7762b9e5"
"proof.Kant.Wasm.Decode.stackStep.eq_1","Kant.Wasm.Decode.stackStep.eq_1","lean4","VALID","RequestProject/Wasm/Decode.lean","0","L0;","L0;","elaborated and checked by the Lean kernel","L1;S35;obj.Kant.Wasm.Decode.stackStep.eq_1","L1;S37;claim.Kant.Wasm.Decode.stackStep.eq_1","L0;","O4;4;kindS12;lean4-kernel6;digestS64;0f726450ff7bd07d9dd0399ce61084866424a76a61abf0671232cf148c4d27e88;locationS31;RequestProject/Wasm/Decode.lean8;evidenceS15;MACHINE_CHECKED","RequestProject","O7;13;source_systemS5;lean411;source_fileS31;RequestProject/Wasm/Decode.lean13;source_formatS4;text11;imported_atI+0;14;transformed_atI+0;15;transformationsL0;13;parent_objectS0;","76b7390b4f9f4db323ad013875ff21905b1cbadab7bb19f916f605a269fdd156"
"proof.Kant.Codec.projectFields.eq_2","Kant.Codec.projectFields.eq_2","lean4","VALID","RequestProject/Kant/Codec/Ipdl.lean","0","L1;S19;obj.Kant.Codec.Ipdl","L0;","elaborated and checked by the Lean kernel","L1;S33;obj.Kant.Codec.projectFields.eq_2","L1;S35;claim.Kant.Codec.projectFields.eq_2","L1;S21;proof.Kant.Codec.Ipdl","O4;4;kindS12;lean4-kernel6;digestS64;13202d62ea025d7905922516952142da8d9fe36a7b4ce95b675c7738d5bc73048;locationS35;RequestProject/Kant/Codec/Ipdl.lean8;evidenceS15;MACHINE_CHECKED","RequestProject","O7;13;source_systemS5;lean411;source_fileS35;RequestProject/Kant/Codec/Ipdl.lean13;source_formatS4;text11;imported_atI+0;14;transformed_atI+0;15;transformationsL0;13;parent_objectS0;","1d51d8360bbc70b0e43f2efcdf8b043373974d633d03d6b69b381ab2936b37b9"
"proof.Kant.Dom.step.eq_2","Kant.Dom.step.eq_2","lean4","VALID","RequestProject/Kant/Domain/Policy.lean","0","L1;S15;obj.Kant.Dom.Id","L0;","elaborated and checked by the Lean kernel","L1;S22;obj.Kant.Dom.step.eq_2","L1;S24;claim.Kant.Dom.step.eq_2","L1;S17;proof.Kant.Dom.Id","O4;4;kindS12;lean4-kernel6;digestS64;4c4edec959b4cd5acf843e35d018a591e4e984f4bfbb2f9c923f9b2365d050fb8;locationS38;RequestProject/Kant/Domain/Policy.lean8;evidenceS15;MACHINE_CHECKED","RequestProject","O7;13;source_systemS5;lean411;source_fileS38;RequestProject/Kant/Domain/Policy.lean13;source_formatS4;text11;imported_atI+0;14;transformed_atI+0;15;transformationsL0;13;parent_objectS0;","bf363a56798a3f40b85fd4ca91a3a3b38dac81111a380b26a5254a074933d399"
"proof.Kant.Codec.Ipdl.int.injEq","Kant.Codec.Ipdl.int.injEq","lean4","VALID","RequestProject/Kant/Codec/Ipdl.lean","0","L1;S19;obj.Kant.Codec.Ipdl","L0;","elaborated and checked by the Lean kernel","L1;S29;obj.Kant.Codec.Ipdl.int.injEq","L1;S31;claim.Kant.Codec.Ipdl.int.injEq","L1;S21;proof.Kant.Codec.Ipdl","O4;4;kindS12;lean4-kernel6;digestS64;7215dd73ab3b55e80a23ec57b8f7390f4a0e9639b3aaac865227b26aba06df658;locationS35;RequestProject/Kant/Codec/Ipdl.lean8;evidenceS15;MACHINE_CHECKED","RequestProject","O7;13;source_systemS5;lean411;source_fileS35;RequestProject/Kant/Codec/Ipdl.lean13;source_formatS4;text11;imported_atI+0;14;transformed_atI+0;15;transformationsL0;13;parent_objectS0;","2f1451a1266739eb87c5956085a65d085695ac7b51ff05714bc6a5e4393c880e"
"proof.Kant.Dom.cellsText_ne_nil","Kant.Dom.cellsText_ne_nil","lean4","VALID","RequestProject/Kant/Domain/Table.lean","140","L0;","L0;","elaborated and checked by the Lean kernel","L1;S29;obj.Kant.Dom.cellsText_ne_nil","L1;S31;claim.Kant.Dom.cellsText_ne_nil","L0;","O4;4;kindS12;lean4-kernel6;digestS64;40517b7fcad7252afaf9e3841f794219c585f012e8d83914f399638096fc424b8;locationS37;RequestProject/Kant/Domain/Table.lean8;evidenceS15;MACHINE_CHECKED","RequestProject","O7;13;source_systemS5;lean411;source_fileS37;RequestProject/Kant/Domain/Table.lean13;source_formatS4;text11;imported_atI+0;14;transformed_atI+140;15;transformationsL0;13;parent_objectS0;","46855f253be505726344fb5a1393b4958e0e90957b86d4ecc3ed03fcfd55e98f"
"proof.Kant.Dom.csvField_length","Kant.Dom.csvField_length","lean4","VALID","RequestProject/Kant/Domain/Table.lean","65","L0;","L0;","elaborated and checked by the Lean kernel","L1;S28;obj.Kant.Dom.csvField_length","L1;S30;claim.Kant.Dom.csvField_length","L0;","O4;4;kindS12;lean4-kernel6;digestS64;3be55a729822b84286a5a0a043c22dd13ae37f597115062c8201309b71619a038;locationS37;RequestProject/Kant/Domain/Table.lean8;evidenceS15;MACHINE_CHECKED","RequestProject","O7;13;source_systemS5;lean411;source_fileS37;RequestProject/Kant/Domain/Table.lean13;source_formatS4;text11;imported_atI+0;14;transformed_atI+65;15;transformationsL0;13;parent_objectS0;","ffc919bd94399ee288955a90bd05ce65f833fef87b55ca1c60822e488b21c19f"
"proof.Kant.Connectivity.diagnose_two_browsers_no_relay","Kant.Connectivity.diagnose_two_browsers_no_relay","lean4","VALID","RequestProject/Kant/Connectivity.lean","253","L1;S36;obj.Kant.Connectivity.Client.browser","L0;","elaborated and checked by the Lean kernel","L1;S52;obj.Kant.Connectivity.diagnose_two_browsers_no_relay","L1;S54;claim.Kant.Connectivity.diagnose_two_browsers_no_relay","L1;S38;proof.Kant.Connectivity.Client.browser","O4;4;kindS12;lean4-kernel6;digestS64;19dce92d8b197bc1337f6a70d1887e028f43aa10e6ea766b7de53de85955da948;locationS37;RequestProject/Kant/Connectivity.lean8;evidenceS15;MACHINE_CHECKED","RequestProject","O7;13;source_systemS5;lean411;source_fileS37;RequestProject/Kant/Connectivity.lean13;source_formatS4;text11;imported_atI+0;14;transformed_atI+253;15;transformationsL0;13;parent_objectS0;","d41cbba7eed1a1572d0d9a25692d2fd4b2df56c33a3c70dd84b0ca8488bd555a"
"proof.Kant.Wasm.Encode.funcPayload.eq_1","Kant.Wasm.Encode.funcPayload.eq_1","lean4","VALID","RequestProject/Wasm/Decode.lean","0","L0;","L0;","elaborated and checked by the Lean kernel","L1;S37;obj.Kant.Wasm.Encode.funcPayload.eq_1","L1;S39;claim.Kant.Wasm.Encode.funcPayload.eq_1","L0;","O4;4;kindS12;lean4-kernel6;digestS64;f100f13affce119836b407d6bbe0a93fd9b267d5b6d82b66b896ac3f902ecd558;locationS31;RequestProject/Wasm/Decode.lean8;evidenceS15;MACHINE_CHECKED","RequestProject","O7;13;source_systemS5;lean411;source_fileS31;RequestProject/Wasm/Decode.lean13;source_formatS4;text11;imported_atI+0;14;transformed_atI+0;15;transformationsL0;13;parent_objectS0;","00af635544a7f584e950f5a35457e4a764880fc2a33ff18aaaef63b195a125ad"
"proof.Kant.Dom.relationsTable.eq_1","Kant.Dom.relationsTable.eq_1","lean4","VALID","RequestProject/Kant/Domain/Table.lean","0","L2;S27;obj.Kant.Dom.relationsTableS24;obj.Kant.Dom.relationRow","L0;","elaborated and checked by the Lean kernel","L1;S32;obj.Kant.Dom.relationsTable.eq_1","L1;S34;claim.Kant.Dom.relationsTable.eq_1","L2;S29;proof.Kant.Dom.relationsTableS26;proof.Kant.Dom.relationRow","O4;4;kindS12;lean4-kernel6;digestS64;0316e368377598710dd2945f09afc372d405ece8acfc08334fe333dc98f4df5c8;locationS37;RequestProject/Kant/Domain/Table.lean8;evidenceS15;MACHINE_CHECKED","RequestProject","O7;13;source_systemS5;lean411;source_fileS37;RequestProject/Kant/Domain/Table.lean13;source_formatS4;text11;imported_atI+0;14;transformed_atI+0;15;transformationsL0;13;parent_objectS0;","f24546f111b0449208da9997444edf55d85e4aff052ca5cccabb4e61416c9f0f"
"proof.Kant.Wasm.BinOp.ofNat_ctorIdx","Kant.Wasm.BinOp.ofNat_ctorIdx","lean4","VALID","RequestProject/Wasm/Syntax.lean","0","L0;","L0;","elaborated and checked by the Lean kernel","L1;S33;obj.Kant.Wasm.BinOp.ofNat_ctorIdx","L1;S35;claim.Kant.Wasm.BinOp.ofNat_ctorIdx","L0;","O4;4;kindS12;lean4-kernel6;digestS64;bcd1a8a7febb14cb187496e9e1cfca7c2991c060de8f51798b3b6e1c5f3d41d28;locationS31;RequestProject/Wasm/Syntax.lean8;evidenceS15;MACHINE_CHECKED","RequestProject","O7;13;source_systemS5;lean411;source_fileS31;RequestProject/Wasm/Syntax.lean13;source_formatS4;text11;imported_atI+0;14;transformed_atI+0;15;transformationsL0;13;parent_objectS0;","7ce4cd17153bafed3b75753e61860a0a8ce68a6a5b0b61e7db158269ed58a784"
"proof.Kant.Wasm.Module.mk.injEq","Kant.Wasm.Module.mk.injEq","lean4","VALID","RequestProject/Wasm/Syntax.lean","0","L0;","L0;","elaborated and checked by the Lean kernel","L1;S29;obj.Kant.Wasm.Module.mk.injEq","L1;S31;claim.Kant.Wasm.Module.mk.injEq","L0;","O4;4;kindS12;lean4-kernel6;digestS64;21410eec4057aad256d5e876b115142998c37879deb0e19cb844831f6906055b8;locationS31;RequestProject/Wasm/Syntax.lean8;evidenceS15;MACHINE_CHECKED","RequestProject","O7;13;source_systemS5;lean411;source_fileS31;RequestProject/Wasm/Syntax.lean13;source_formatS4;text11;imported_atI+0;14;transformed_atI+0;15;transformationsL0;13;parent_objectS0;","08ffed5abe4a3e12bc05396639cc2835ce5ad6e27ffa1fcc6eff885f4dcd5e6f"
"proof.Kant.CodeMovie.Circuit.const.sizeOf_spec","Kant.CodeMovie.Circuit.const.sizeOf_spec","lean4","VALID","RequestProject/Kant/CodeMovie.lean","0","L0;","L0;","elaborated and checked by the Lean kernel","L1;S44;obj.Kant.CodeMovie.Circuit.const.sizeOf_spec","L1;S46;claim.Kant.CodeMovie.Circuit.const.sizeOf_spec","L0;","O4;4;kindS12;lean4-kernel6;digestS64;66cf9864e720d8d0f7c101e2d47560b762ddbc3cf28af9a6d9cf37b5ce96fe958;locationS34;RequestProject/Kant/CodeMovie.lean8;evidenceS15;MACHINE_CHECKED","RequestProject","O7;13;source_systemS5;lean411;source_fileS34;RequestProject/Kant/CodeMovie.lean13;source_formatS4;text11;imported_atI+0;14;transformed_atI+0;15;transformationsL0;13;parent_objectS0;","f470ae38f73d413ef9095ba8b4143f51dfd5213803c22a58d2a49f85f7db18eb"
"proof.Kant.CardDebug.pair_same_card","Kant.CardDebug.pair_same_card","lean4","VALID","RequestProject/Kant/CardDebug.lean","235","L0;","L0;","elaborated and checked by the Lean kernel","L1;S33;obj.Kant.CardDebug.pair_same_card","L1;S35;claim.Kant.CardDebug.pair_same_card","L0;","O4;4;kindS12;lean4-kernel6;digestS64;a1acde290e6525e847e872461a9d57e74b723d208f2a1a36b02d96034b7a4fdd8;locationS34;RequestProject/Kant/CardDebug.lean8;evidenceS15;MACHINE_CHECKED","RequestProject","O7;13;source_systemS5;lean411;source_fileS34;RequestProject/Kant/CardDebug.lean13;source_formatS4;text11;imported_atI+0;14;transformed_atI+235;15;transformationsL0;13;parent_objectS0;","81d3e7de2dc3d9dcac69a6c5dc7af7ef351422f75b2e8bc2140a507ac43cfcd5"
