"object_id","kind","name","truth_status","claim","inputs","parameters","transformations","outputs","claim_refs","evidence_refs","proof_refs","error_refs","value","provenance","canonical_hash"
"obj.Kant.Codec.instInhabitedImportReport.default","def","Kant.Codec.instInhabitedImportReport.default","ASSERTED","Kant.Codec.ImportReport","L1;S31;obj.Kant.Codec.instInhabitedFmt","O0;","L0;","L0;","L0;","L0;","L0;","L0;","S23;Kant.Codec.ImportReport","O7;13;source_systemS5;lean411;source_fileS39;RequestProject/Kant/Codec/Exchange.lean13;source_formatS4;text11;imported_atI+0;14;transformed_atI+197;15;transformationsL0;13;parent_objectS0;","2ed30fd37dade4c6682f2223087203e9712fa36709199900fc4d5f2964bc5923"
"obj.Kant.Rendezvous.Announce.noConfusionType","def","Kant.Rendezvous.Announce.noConfusionType","ASSERTED","Sort u → Kant.Rendezvous.Announce → Kant.Rendezvous.Announce → Sort u","L1;S28;obj.Kant.Rendezvous.Announce","O0;","L0;","L0;","L0;","L0;","L0;","L0;","S69;Sort u → Kant.Rendezvous.Announce → Kant.Rendezvous.Announce → Sort u","O7;13;source_systemS5;lean411;source_fileS35;RequestProject/Kant/Rendezvous.lean13;source_formatS4;text11;imported_atI+0;14;transformed_atI+0;15;transformationsL0;13;parent_objectS0;","f3a39d4f8d4bd75fc1f34be4493605b4944133a6bd485605bf408c7d681011ba"
"obj.Kant.Rendezvous.Announce","inductive","Kant.Rendezvous.Announce","ASSERTED","Type","L0;","O0;","L0;","L0;","L0;","L0;","L0;","L0;","S4;Type","O7;13;source_systemS5;lean411;source_fileS35;RequestProject/Kant/Rendezvous.lean13;source_formatS4;text11;imported_atI+0;14;transformed_atI+125;15;transformationsL0;13;parent_objectS0;","db5e19f6a7f5519f45b4407df57f404c3af0a6c62ff84dc5922467df0bc57ef2"
"obj.Kant.Cli.Loaded.invitation.injEq","theorem","Kant.Cli.Loaded.invitation.injEq","PROVEN","∀ (i i_1 : Kant.Rendezvous.Invite),   Eq (Eq (Kant.Cli.Loaded.invitation i) (Kant.Cli.Loaded.invitation i_1)) (Eq i i_1)","L0;","O0;","L0;","L0;","L1;S38;claim.Kant.Cli.Loaded.invitation.injEq","L0;","L1;S38;proof.Kant.Cli.Loaded.invitation.injEq","L0;","S120;∀ (i i_1 : Kant.Rendezvous.Invite),   Eq (Eq (Kant.Cli.Loaded.invitation i) (Kant.Cli.Loaded.invitation i_1)) (Eq i i_1)","O7;13;source_systemS5;lean411;source_fileS28;RequestProject/Kant/Cli.lean13;source_formatS4;text11;imported_atI+0;14;transformed_atI+0;15;transformationsL0;13;parent_objectS0;","5595b112abcac8c255cb21f173449035e845413344dcd14cfed15bbcb6f92aef"
"obj.Kant.Codec.rowsFields.match_1","def","Kant.Codec.rowsFields.match_1","ASSERTED","(motive : List (Prod (List Char) Kant.Codec.Val) → Sort u_1) →   (x : List (Prod (List Char) Kant.Codec.Val)) →     (Unit → motive List.nil) →       ((k : List Char) →           (v : Kant.Codec.Val) →             (fs : List (Prod (List Char) Kant.Codec.Val)) →               motive (List.cons { fst := k, snd := v } fs)) →         motive x","L0;","O0;","L0;","L0;","L0;","L0;","L0;","L0;","S339;(motive : List (Prod (List Char) Kant.Codec.Val) → Sort u_1) →   (x : List (Prod (List Char) Kant.Codec.Val)) →     (Unit → motive List.nil) →       ((k : List Char) →           (v : Kant.Codec.Val) →             (fs : List (Prod (List Char) Kant.Codec.Val)) →               motive (List.cons { fst := k, snd := v } fs)) →         motive x","O7;13;source_systemS5;lean411;source_fileS34;RequestProject/Kant/Codec/Csv.lean13;source_formatS4;text11;imported_atI+0;14;transformed_atI+0;15;transformationsL0;13;parent_objectS0;","e20f2c5426d04267b1451bb3244b8a7c97e6cb9d6d7765cdd4c3b1f4196069b2"
"obj.Kant.Diagnostics.parseHeader.match_5","def","Kant.Diagnostics.parseHeader.match_5","ASSERTED","(motive : Option Kant.Clipboard.Envelope → Sort u_1) →   (x : Option Kant.Clipboard.Envelope) →     ((e : Kant.Clipboard.Envelope) → motive (Option.some e)) →       (Unit → motive Option.none) → motive x","L0;","O0;","L0;","L0;","L0;","L0;","L0;","L0;","S203;(motive : Option Kant.Clipboard.Envelope → Sort u_1) →   (x : Option Kant.Clipboard.Envelope) →     ((e : Kant.Clipboard.Envelope) → motive (Option.some e)) →       (Unit → motive Option.none) → motive x","O7;13;source_systemS5;lean411;source_fileS36;RequestProject/Kant/Diagnostics.lean13;source_formatS4;text11;imported_atI+0;14;transformed_atI+0;15;transformationsL0;13;parent_objectS0;","bbab9321f54dc99aed96963040133e956c22433a91829f3480648a4cbe46ba6f"
"obj.Kant.Dom.Evidence.mk.noConfusion","def","Kant.Dom.Evidence.mk.noConfusion","ASSERTED","{P : Sort u} →   {id : Kant.Dom.Id} →     {kind : List Char} →       {objectRef : Kant.Dom.Id} →         {description location : List Char} →           {id' : Kant.Dom.Id} →             {kind' : List Char} →               {objectRef' : Kant.Dom.Id} →                 {description' location' : List Char} →                   Eq                       { id := id, kind := kind, objectRef := objectRef, description := description,                         location := location }                       { id := id', kind := kind', objectRef := objectRef',                         description := description', location := location' } →                     (Eq id id' →                         Eq kind kind' →                           Eq objectRef objectRef' →                             Eq description description' → Eq location location' → P) →                       P","L0;","O0;","L0;","L0;","L0;","L0;","L0;","L0;","S863;{P : Sort u} →   {id : Kant.Dom.Id} →     {kind : List Char} →       {objectRef : Kant.Dom.Id} →         {description location : List Char} →           {id' : Kant.Dom.Id} →             {kind' : List Char} →               {objectRef' : Kant.Dom.Id} →                 {description' location' : List Char} →                   Eq                       { id := id, kind := kind, objectRef := objectRef, description := description,                         location := location }                       { id := id', kind := kind', objectRef := objectRef',                         description := description', location := location' } →                     (Eq id id' →                         Eq kind kind' →                           Eq objectRef objectRef' →                             Eq description description' → Eq location location' → P) →                       P","O7;13;source_systemS5;lean411;source_fileS37;RequestProject/Kant/Domain/Model.lean13;source_formatS4;text11;imported_atI+0;14;transformed_atI+467;15;transformationsL0;13;parent_objectS0;","be34c550a8f5ed85ebcce0319ff83c52b9c03a9d6603514f6906e846520700fc"
"obj.Kant.Codec.resolve.eq_1","theorem","Kant.Codec.resolve.eq_1","PROVEN","∀ (a b : Kant.Codec.Obj),   Eq (Kant.Codec.resolve Kant.Codec.Strategy.preferSource a b) (Option.some a)","L0;","O0;","L0;","L0;","L1;S29;claim.Kant.Codec.resolve.eq_1","L0;","L1;S29;proof.Kant.Codec.resolve.eq_1","L0;","S104;∀ (a b : Kant.Codec.Obj),   Eq (Kant.Codec.resolve Kant.Codec.Strategy.preferSource a b) (Option.some a)","O7;13;source_systemS5;lean411;source_fileS40;RequestProject/Kant/Codec/Reconcile.lean13;source_formatS4;text11;imported_atI+0;14;transformed_atI+0;15;transformationsL0;13;parent_objectS0;","5a1aa55cb344f05f6941f059c9982d347547151e97b68c1d4b0cb79473a9bf22"
"obj.Kant.Codec.Inp.ofVal_toVal","theorem","Kant.Codec.Inp.ofVal_toVal","PROVEN","∀ (i : Kant.Codec.Inp), Eq (Kant.Codec.Inp.ofVal i.toVal) (Option.some i)","L1;S21;obj.Kant.Codec.optVal","O0;","L0;","L0;","L1;S32;claim.Kant.Codec.Inp.ofVal_toVal","L0;","L1;S32;proof.Kant.Codec.Inp.ofVal_toVal","L0;","S73;∀ (i : Kant.Codec.Inp), Eq (Kant.Codec.Inp.ofVal i.toVal) (Option.some i)","O7;13;source_systemS5;lean411;source_fileS36;RequestProject/Kant/Codec/Model.lean13;source_formatS4;text11;imported_atI+0;14;transformed_atI+439;15;transformationsL0;13;parent_objectS0;","3bb7df5208ffbe1f4b2ca2cbf288121487a8f647aa9b8b1d8c26cd427e15f772"
"obj.Kant.SiteCard.chatText.eq_1","theorem","Kant.SiteCard.chatText.eq_1","PROVEN","∀ (k : Kant.SiteCard.Card),   Eq (Kant.SiteCard.chatText k)     (instHAppendOfAppend.hAppend k.caption       (List.cons '\n'         (instHAppendOfAppend.hAppend k.url (List.cons '\n' (Kant.SiteCard.cardLine k)))))","L0;","O0;","L0;","L0;","L1;S33;claim.Kant.SiteCard.chatText.eq_1","L0;","L1;S33;proof.Kant.SiteCard.chatText.eq_1","L0;","S214;∀ (k : Kant.SiteCard.Card),   Eq (Kant.SiteCard.chatText k)     (instHAppendOfAppend.hAppend k.caption       (List.cons '\n'         (instHAppendOfAppend.hAppend k.url (List.cons '\n' (Kant.SiteCard.cardLine k)))))","O7;13;source_systemS5;lean411;source_fileS33;RequestProject/Kant/SiteCard.lean13;source_formatS4;text11;imported_atI+0;14;transformed_atI+0;15;transformationsL0;13;parent_objectS0;","b1034aa09a5921d2214429a24da019fd2e5d0736b0e4708c671c71271b31b157"
"obj.Kant.Wasm.Expr.wfb","def","Kant.Wasm.Expr.wfb","ASSERTED","Nat → Kant.Wasm.Expr → Bool","L2;S24;obj.Kant.Wasm.Expr.belowS19;obj.Kant.Wasm.BinOp","O0;","L0;","L0;","L0;","L0;","L0;","L0;","S27;Nat → Kant.Wasm.Expr → Bool","O7;13;source_systemS5;lean411;source_fileS31;RequestProject/Wasm/Syntax.lean13;source_formatS4;text11;imported_atI+0;14;transformed_atI+82;15;transformationsL0;13;parent_objectS0;","50932547351aa442abcd14df1c720675f465164b448e85ac87fd19dc0a35e21f"
"obj.Kant.Onboarding.Progress.mk.inj","theorem","Kant.Onboarding.Progress.mk.inj","PROVEN","∀ {gotIn sharedIt saidHello gotIn_1 sharedIt_1 saidHello_1 : Bool},   Eq { gotIn := gotIn, sharedIt := sharedIt, saidHello := saidHello }       { gotIn := gotIn_1, sharedIt := sharedIt_1, saidHello := saidHello_1 } →     And (Eq gotIn gotIn_1) (And (Eq sharedIt sharedIt_1) (Eq saidHello saidHello_1))","L0;","O0;","L0;","L0;","L1;S37;claim.Kant.Onboarding.Progress.mk.inj","L0;","L1;S37;proof.Kant.Onboarding.Progress.mk.inj","L0;","S301;∀ {gotIn sharedIt saidHello gotIn_1 sharedIt_1 saidHello_1 : Bool},   Eq { gotIn := gotIn, sharedIt := sharedIt, saidHello := saidHello }       { gotIn := gotIn_1, sharedIt := sharedIt_1, saidHello := saidHello_1 } →     And (Eq gotIn gotIn_1) (And (Eq sharedIt sharedIt_1) (Eq saidHello saidHello_1))","O7;13;source_systemS5;lean411;source_fileS35;RequestProject/Kant/Onboarding.lean13;source_formatS4;text11;imported_atI+0;14;transformed_atI+0;15;transformationsL0;13;parent_objectS0;","532a35a5011a5f4d4a6dc555f841ca5a3cce0d913437c11f9c7ddec1a2926f8c"
"obj.Kant.Strip.strip_fits_social","theorem","Kant.Strip.strip_fits_social","PROVEN","∀ {t : Kant.Meme.Template},   instLENat.le (List.length t.carrier) Kant.Sneakernet.socialLimit →     ∀ (limit : Nat) (e : Kant.Clipboard.Envelope) (c : Kant.Stego.Carrier),       List.instMembership.mem (Kant.Strip.strip t limit e) c →         instLENat.le (List.length c) (instHMul.hMul (instHMul.hMul 5 1024) 1024)","L0;","O0;","L0;","L0;","L1;S34;claim.Kant.Strip.strip_fits_social","L0;","L1;S34;proof.Kant.Strip.strip_fits_social","L0;","S316;∀ {t : Kant.Meme.Template},   instLENat.le (List.length t.carrier) Kant.Sneakernet.socialLimit →     ∀ (limit : Nat) (e : Kant.Clipboard.Envelope) (c : Kant.Stego.Carrier),       List.instMembership.mem (Kant.Strip.strip t limit e) c →         instLENat.le (List.length c) (instHMul.hMul (instHMul.hMul 5 1024) 1024)","O7;13;source_systemS5;lean411;source_fileS30;RequestProject/Kant/Strip.lean13;source_formatS4;text11;imported_atI+0;14;transformed_atI+150;15;transformationsL0;13;parent_objectS0;","75ece58819feca62f495191566a2e935fff1adc0f148adbc3ef42f097ee00c6f"
"obj.Kant.Handoff.Move.needsServer","def","Kant.Handoff.Move.needsServer","ASSERTED","Kant.Handoff.Move → Bool","L0;","O0;","L0;","L0;","L0;","L0;","L0;","L0;","S24;Kant.Handoff.Move → Bool","O7;13;source_systemS5;lean411;source_fileS32;RequestProject/Kant/Handoff.lean13;source_formatS4;text11;imported_atI+0;14;transformed_atI+43;15;transformationsL0;13;parent_objectS0;","11c683c15a801ea179f3b6d77b85fbf6f407a0c2f13d1aa3b1a540b56959d368"
"obj.Kant.Uucp.Carrier.ctorIdx","def","Kant.Uucp.Carrier.ctorIdx","ASSERTED","Kant.Uucp.Carrier → Nat","L0;","O0;","L0;","L0;","L0;","L0;","L0;","L0;","S23;Kant.Uucp.Carrier → Nat","O7;13;source_systemS5;lean411;source_fileS29;RequestProject/Kant/Uucp.lean13;source_formatS4;text11;imported_atI+0;14;transformed_atI+0;15;transformationsL0;13;parent_objectS0;","4988b05a3f5ada12df578dc8b17748bd50bde72e15b4be8487b55a763467a7ff"
"obj.Kant.Wasm.Decode.RawInstr","inductive","Kant.Wasm.Decode.RawInstr","ASSERTED","Type","L0;","O0;","L0;","L0;","L0;","L0;","L0;","L0;","S4;Type","O7;13;source_systemS5;lean411;source_fileS31;RequestProject/Wasm/Decode.lean13;source_formatS4;text11;imported_atI+0;14;transformed_atI+41;15;transformationsL0;13;parent_objectS0;","c8d04ed518d7ec41d81610c77447b35e258b3568004022fb80fb56dc0498a398"
"obj.Kant.Sheaf.DaslType.ctorElimType","def","Kant.Sheaf.DaslType.ctorElimType","ASSERTED","{motive : Kant.Sheaf.DaslType → Sort u} → Nat → Sort (max 1 u)","L0;","O0;","L0;","L0;","L0;","L0;","L0;","L0;","S62;{motive : Kant.Sheaf.DaslType → Sort u} → Nat → Sort (max 1 u)","O7;13;source_systemS5;lean411;source_fileS30;RequestProject/Kant/Sheaf.lean13;source_formatS4;text11;imported_atI+0;14;transformed_atI+0;15;transformationsL0;13;parent_objectS0;","5028daa48fa6bc60fb8df75dd9a7797b2b973887fa16c5e65dd1c0880374f581"
"obj.Kant.Onboarding.State.recOn","def","Kant.Onboarding.State.recOn","ASSERTED","{motive : Kant.Onboarding.State → Sort u} →   (t : Kant.Onboarding.State) →     ((screen : Kant.Onboarding.Screen) →         (camera inRoom hushed : Bool) →           (progress : Kant.Onboarding.Progress) →             motive               { screen := screen, camera := camera, inRoom := inRoom, hushed := hushed,                 progress := progress }) →       motive t","L0;","O0;","L0;","L0;","L0;","L0;","L0;","L0;","S370;{motive : Kant.Onboarding.State → Sort u} →   (t : Kant.Onboarding.State) →     ((screen : Kant.Onboarding.Screen) →         (camera inRoom hushed : Bool) →           (progress : Kant.Onboarding.Progress) →             motive               { screen := screen, camera := camera, inRoom := inRoom, hushed := hushed,                 progress := progress }) →       motive t","O7;13;source_systemS5;lean411;source_fileS35;RequestProject/Kant/Onboarding.lean13;source_formatS4;text11;imported_atI+0;14;transformed_atI+111;15;transformationsL0;13;parent_objectS0;","30366cadcf1a1c577f3c15dfcf0fb184b98c1615c19000f510f481efca78eca2"
"obj.Kant.Dom.Truth.recOn","def","Kant.Dom.Truth.recOn","ASSERTED","{motive : Kant.Dom.Truth → Sort u} →   (t : Kant.Dom.Truth) →     motive Kant.Dom.Truth.proven →       motive Kant.Dom.Truth.derived →         motive Kant.Dom.Truth.verified →           motive Kant.Dom.Truth.asserted →             motive Kant.Dom.Truth.imported →               motive Kant.Dom.Truth.inferred →                 motive Kant.Dom.Truth.unresolved →                   motive Kant.Dom.Truth.contradicted → motive Kant.Dom.Truth.invalid → motive t","L0;","O0;","L0;","L0;","L0;","L0;","L0;","L0;","S457;{motive : Kant.Dom.Truth → Sort u} →   (t : Kant.Dom.Truth) →     motive Kant.Dom.Truth.proven →       motive Kant.Dom.Truth.derived →         motive Kant.Dom.Truth.verified →           motive Kant.Dom.Truth.asserted →             motive Kant.Dom.Truth.imported →               motive Kant.Dom.Truth.inferred →                 motive Kant.Dom.Truth.unresolved →                   motive Kant.Dom.Truth.contradicted → motive Kant.Dom.Truth.invalid → motive t","O7;13;source_systemS5;lean411;source_fileS37;RequestProject/Kant/Domain/Model.lean13;source_formatS4;text11;imported_atI+0;14;transformed_atI+46;15;transformationsL0;13;parent_objectS0;","d5238d80b21f02705b6478519f3ed6135c9c3190f25443f6d4b1c6f5bb7a5719"
"obj.Kant.Rendezvous.Invite.relay","def","Kant.Rendezvous.Invite.relay","ASSERTED","Kant.Rendezvous.Invite → List Char","L0;","O0;","L0;","L0;","L0;","L0;","L0;","L0;","S34;Kant.Rendezvous.Invite → List Char","O7;13;source_systemS5;lean411;source_fileS35;RequestProject/Kant/Rendezvous.lean13;source_formatS4;text11;imported_atI+0;14;transformed_atI+441;15;transformationsL0;13;parent_objectS0;","6ee793cb9d1beb69f6337ecde0f2b4a62da2fcbffb4b811384b5931f4f45c700"
"obj.Kant.Onboarding.start","def","Kant.Onboarding.start","ASSERTED","Kant.Onboarding.State","L0;","O0;","L0;","L0;","L0;","L0;","L0;","L0;","S21;Kant.Onboarding.State","O7;13;source_systemS5;lean411;source_fileS35;RequestProject/Kant/Onboarding.lean13;source_formatS4;text11;imported_atI+0;14;transformed_atI+125;15;transformationsL0;13;parent_objectS0;","b06ba7c23f9a52573f877572b7b4638476e8ad111c24f8fd48b42db69a416c2a"
"obj.Kant.Dom.LedgerRow.truth","def","Kant.Dom.LedgerRow.truth","ASSERTED","Kant.Dom.LedgerRow → Kant.Dom.Truth","L0;","O0;","L0;","L0;","L0;","L0;","L0;","L0;","S35;Kant.Dom.LedgerRow → Kant.Dom.Truth","O7;13;source_systemS5;lean411;source_fileS38;RequestProject/Kant/Domain/Ledger.lean13;source_formatS4;text11;imported_atI+0;14;transformed_atI+141;15;transformationsL0;13;parent_objectS0;","6d8f55bc515d25f919c06688f65216d61bbc52ec711bd9f38d22e428698bd090"
"obj.Kant.Codec.Val.list.injEq","theorem","Kant.Codec.Val.list.injEq","PROVEN","∀ (xs xs_1 : List Kant.Codec.Val),   Eq (Eq (Kant.Codec.Val.list xs) (Kant.Codec.Val.list xs_1)) (Eq xs xs_1)","L0;","O0;","L0;","L0;","L1;S31;claim.Kant.Codec.Val.list.injEq","L0;","L1;S31;proof.Kant.Codec.Val.list.injEq","L0;","S109;∀ (xs xs_1 : List Kant.Codec.Val),   Eq (Eq (Kant.Codec.Val.list xs) (Kant.Codec.Val.list xs_1)) (Eq xs xs_1)","O7;13;source_systemS5;lean411;source_fileS34;RequestProject/Kant/Codec/Val.lean13;source_formatS4;text11;imported_atI+0;14;transformed_atI+0;15;transformationsL0;13;parent_objectS0;","a895a6e4dc7795fdff32969a6604765aa519130377ed0877fbe9c4b78c93bad4"
"obj.Kant.Clipboard.tagBundle","def","Kant.Clipboard.tagBundle","ASSERTED","Kant.Bytes.Blob","L0;","O0;","L0;","L0;","L0;","L0;","L0;","L0;","S15;Kant.Bytes.Blob","O7;13;source_systemS5;lean411;source_fileS34;RequestProject/Kant/Clipboard.lean13;source_formatS4;text11;imported_atI+0;14;transformed_atI+235;15;transformationsL0;13;parent_objectS0;","2e2cc9ff76720c13505f83532dcf4f50b44bfe466a2e1a99b2242421a27f41d6"
"obj.Kant.Sheaf.Encoding.stego.sizeOf_spec","theorem","Kant.Sheaf.Encoding.stego.sizeOf_spec","PROVEN","Eq (Kant.Sheaf.Encoding._sizeOf_inst.sizeOf Kant.Sheaf.Encoding.stego) 1","L0;","O0;","L0;","L0;","L1;S43;claim.Kant.Sheaf.Encoding.stego.sizeOf_spec","L0;","L1;S43;proof.Kant.Sheaf.Encoding.stego.sizeOf_spec","L0;","S72;Eq (Kant.Sheaf.Encoding._sizeOf_inst.sizeOf Kant.Sheaf.Encoding.stego) 1","O7;13;source_systemS5;lean411;source_fileS30;RequestProject/Kant/Sheaf.lean13;source_formatS4;text11;imported_atI+0;14;transformed_atI+0;15;transformationsL0;13;parent_objectS0;","9abd584d8368324f37826a96e9668eac072c406d0c849615689575805d3f49f2"
"obj.Kant.Wasm.Decode.VType.recOn","def","Kant.Wasm.Decode.VType.recOn","ASSERTED","{motive : Kant.Wasm.Decode.VType → Sort u} →   (t : Kant.Wasm.Decode.VType) →     motive Kant.Wasm.Decode.VType.i32 → motive Kant.Wasm.Decode.VType.i64 → motive t","L0;","O0;","L0;","L0;","L0;","L0;","L0;","L0;","S162;{motive : Kant.Wasm.Decode.VType → Sort u} →   (t : Kant.Wasm.Decode.VType) →     motive Kant.Wasm.Decode.VType.i32 → motive Kant.Wasm.Decode.VType.i64 → motive t","O7;13;source_systemS5;lean411;source_fileS31;RequestProject/Wasm/Decode.lean13;source_formatS4;text11;imported_atI+0;14;transformed_atI+566;15;transformationsL0;13;parent_objectS0;","8b8f9f6e0dbea66ed90302df71c082814b4a73b8227cc6a80c1f016f239e341b"
"obj.Kant.Paste.id","def","Kant.Paste.id","ASSERTED","Kant.Paste → List Char","L0;","O0;","L0;","L0;","L0;","L0;","L0;","L0;","S22;Kant.Paste → List Char","O7;13;source_systemS5;lean411;source_fileS30;RequestProject/Kant/Paste.lean13;source_formatS4;text11;imported_atI+0;14;transformed_atI+38;15;transformationsL0;13;parent_objectS0;","a5328878b57f20bb1a8cf8673da80600cf7c6945fdbe5061d2f387fba8676e16"
"obj.Kant.Dom.DomObj.evidenceRefs","def","Kant.Dom.DomObj.evidenceRefs","ASSERTED","Kant.Dom.DomObj → List Kant.Dom.Id","L0;","O0;","L0;","L0;","L0;","L0;","L0;","L0;","S34;Kant.Dom.DomObj → List Kant.Dom.Id","O7;13;source_systemS5;lean411;source_fileS37;RequestProject/Kant/Domain/Model.lean13;source_formatS4;text11;imported_atI+0;14;transformed_atI+302;15;transformationsL0;13;parent_objectS0;","30bd185d3fb058b40230e41d7a7214c78ace7ba5326f69daa83a1750a7a94a5d"
"obj.Kant.Codec.Loss.ctorElimType","def","Kant.Codec.Loss.ctorElimType","ASSERTED","{motive : Kant.Codec.Loss → Sort u} → Nat → Sort (max 1 u)","L0;","O0;","L0;","L0;","L0;","L0;","L0;","L0;","S58;{motive : Kant.Codec.Loss → Sort u} → Nat → Sort (max 1 u)","O7;13;source_systemS5;lean411;source_fileS36;RequestProject/Kant/Codec/Model.lean13;source_formatS4;text11;imported_atI+0;14;transformed_atI+0;15;transformationsL0;13;parent_objectS0;","3d344928cb8170ea1c7968bdf04baef52bf21720957b2524cf6f2ef3c975c9ef"
"obj.Kant.SiteCard.chatMsg","def","Kant.SiteCard.chatMsg","ASSERTED","List Char → List Char → Nat → Kant.SiteCard.Card → Kant.Relay.Msg","L0;","O0;","L0;","L0;","L0;","L0;","L0;","L0;","S65;List Char → List Char → Nat → Kant.SiteCard.Card → Kant.Relay.Msg","O7;13;source_systemS5;lean411;source_fileS33;RequestProject/Kant/SiteCard.lean13;source_formatS4;text11;imported_atI+0;14;transformed_atI+656;15;transformationsL0;13;parent_objectS0;","30e0c005b8c0c64c6253d9003c99d4bf7a787277816fd0923dc977ddf9c22fa5"
"obj.Kant.Cli.Method.toCtorIdx","def","Kant.Cli.Method.toCtorIdx","ASSERTED","Kant.Cli.Method → Nat","L0;","O0;","L0;","L0;","L0;","L0;","L0;","L0;","S21;Kant.Cli.Method → Nat","O7;13;source_systemS5;lean411;source_fileS28;RequestProject/Kant/Cli.lean13;source_formatS4;text11;imported_atI+0;14;transformed_atI+0;15;transformationsL0;13;parent_objectS0;","1062f5f99f9756b626fa938cf5030179ddc3ff292545c5b015a74359f3d08e13"
"obj.Kant.Uucp.bag_fits_qr","theorem","Kant.Uucp.bag_fits_qr","PROVEN","∀ {ms : List Kant.Relay.Msg},   instLENat.le (List.map List.length (Kant.Uucp.ofBag ms).fields).sum 1450 →     instLENat.le ms.length 40 →       instLENat.le (Kant.Uucp.packBag ms).length Kant.Uucp.Carrier.qr.capacity","L0;","O0;","L0;","L0;","L1;S27;claim.Kant.Uucp.bag_fits_qr","L0;","L1;S27;proof.Kant.Uucp.bag_fits_qr","L0;","S217;∀ {ms : List Kant.Relay.Msg},   instLENat.le (List.map List.length (Kant.Uucp.ofBag ms).fields).sum 1450 →     instLENat.le ms.length 40 →       instLENat.le (Kant.Uucp.packBag ms).length Kant.Uucp.Carrier.qr.capacity","O7;13;source_systemS5;lean411;source_fileS29;RequestProject/Kant/Uucp.lean13;source_formatS4;text11;imported_atI+0;14;transformed_atI+174;15;transformationsL0;13;parent_objectS0;","7c8b66ef8bec769006cffa3d300d913b58e846071c66e3365484d8937a6fe391"
"obj.Kant.Codec.Outp.toVal.eq_1","theorem","Kant.Codec.Outp.toVal.eq_1","PROVEN","∀ (o : Kant.Codec.Outp),   Eq o.toVal     (Kant.Codec.Val.obj       (List.cons { fst := ""id"".toList, snd := Kant.Codec.Val.str o.id }         (List.cons { fst := ""name"".toList, snd := Kant.Codec.Val.str o.name }           (List.cons { fst := ""type"".toList, snd := Kant.Codec.Val.str o.type }             (List.cons { fst := ""value"".toList, snd := o.value }               (List.cons { fst := ""encoding"".toList, snd := Kant.Codec.Val.str o.encoding }                 (List.cons { fst := ""claims"".toList, snd := Kant.Codec.Val.list o.claims }                   (List.cons { fst := ""certificate"".toList, snd := o.certificate }                     (List.cons                       { fst := ""provenance"".toList,                         snd := Kant.Codec.optVal Kant.Codec.Prov.toVal o.provenance }                       List.nil)))))))))","L2;S22;obj.Kant.Codec.Outp.idS21;obj.Kant.Codec.optVal","O0;","L0;","L0;","L1;S32;claim.Kant.Codec.Outp.toVal.eq_1","L0;","L1;S32;proof.Kant.Codec.Outp.toVal.eq_1","L0;","S831;∀ (o : Kant.Codec.Outp),   Eq o.toVal     (Kant.Codec.Val.obj       (List.cons { fst := ""id"".toList, snd := Kant.Codec.Val.str o.id }         (List.cons { fst := ""name"".toList, snd := Kant.Codec.Val.str o.name }           (List.cons { fst := ""type"".toList, snd := Kant.Codec.Val.str o.type }             (List.cons { fst := ""value"".toList, snd := o.value }               (List.cons { fst := ""encoding"".toList, snd := Kant.Codec.Val.str o.encoding }                 (List.cons { fst := ""claims"".toList, snd := Kant.Codec.Val.list o.claims }                   (List.cons { fst := ""certificate"".toList, snd := o.certificate }                     (List.cons                       { fst := ""provenance"".toList,                         snd := Kant.Codec.optVal Kant.Codec.Prov.toVal o.provenance }                       List.nil)))))))))","O7;13;source_systemS5;lean411;source_fileS36;RequestProject/Kant/Codec/Model.lean13;source_formatS4;text11;imported_atI+0;14;transformed_atI+0;15;transformationsL0;13;parent_objectS0;","522f02f56623baeeac2c016bb83ec9e1818c235c148b527091101de4145bdda3"
"obj.Kant.Codec.Obj.version","def","Kant.Codec.Obj.version","ASSERTED","Kant.Codec.Obj → List Char","L0;","O0;","L0;","L0;","L0;","L0;","L0;","L0;","S26;Kant.Codec.Obj → List Char","O7;13;source_systemS5;lean411;source_fileS36;RequestProject/Kant/Codec/Model.lean13;source_formatS4;text11;imported_atI+0;14;transformed_atI+455;15;transformationsL0;13;parent_objectS0;","e180e8736065cd572975cdd605e6c70c3abebeefcaa23c9d2977eb38ea463aa2"
"obj.Kant.Codec.xmlEnc","def","Kant.Codec.xmlEnc","ASSERTED","Kant.Codec.Val → List Char","L3;S25;obj.Kant.Codec.Val.brecOnS23;obj.Kant.Codec.xStrOpenS26;obj.Kant.Codec.Val.below_1","O0;","L0;","L0;","L0;","L0;","L0;","L0;","S26;Kant.Codec.Val → List Char","O7;13;source_systemS5;lean411;source_fileS34;RequestProject/Kant/Codec/Xml.lean13;source_formatS4;text11;imported_atI+0;14;transformed_atI+168;15;transformationsL0;13;parent_objectS0;","00b70b1a71f9037a7bed3dc3c7ee803d18045728780e305ccb0ca73cde6b3faf"
"obj.Kant.Dom.Event.derivedBy.sizeOf_spec","theorem","Kant.Dom.Event.derivedBy.sizeOf_spec","PROVEN","∀ (proofId : Kant.Dom.Id),   Eq (Kant.Dom.Event._sizeOf_inst.sizeOf (Kant.Dom.Event.derivedBy proofId))     (instHAdd.hAdd 1 ((List._sizeOf_inst Char).sizeOf proofId))","L0;","O0;","L0;","L0;","L1;S42;claim.Kant.Dom.Event.derivedBy.sizeOf_spec","L0;","L1;S42;proof.Kant.Dom.Event.derivedBy.sizeOf_spec","L0;","S167;∀ (proofId : Kant.Dom.Id),   Eq (Kant.Dom.Event._sizeOf_inst.sizeOf (Kant.Dom.Event.derivedBy proofId))     (instHAdd.hAdd 1 ((List._sizeOf_inst Char).sizeOf proofId))","O7;13;source_systemS5;lean411;source_fileS38;RequestProject/Kant/Domain/Policy.lean13;source_formatS4;text11;imported_atI+0;14;transformed_atI+0;15;transformationsL0;13;parent_objectS0;","36e358ea00703f45ff1c1367eecaf7ba697e8f7dfe50c737d094cf58fecc991c"
"obj.Kant.Wasm.Decode.RawInstr.binop.sizeOf_spec","theorem","Kant.Wasm.Decode.RawInstr.binop.sizeOf_spec","PROVEN","∀ (op : Kant.Wasm.BinOp),   Eq (Kant.Wasm.Decode.RawInstr._sizeOf_inst.sizeOf (Kant.Wasm.Decode.RawInstr.binop op))     (instHAdd.hAdd 1 (Kant.Wasm.BinOp._sizeOf_inst.sizeOf op))","L2;S19;obj.Kant.Wasm.BinOpS29;obj.Kant.Wasm.Decode.RawInstr","O0;","L0;","L0;","L1;S49;claim.Kant.Wasm.Decode.RawInstr.binop.sizeOf_spec","L0;","L1;S49;proof.Kant.Wasm.Decode.RawInstr.binop.sizeOf_spec","L0;","S178;∀ (op : Kant.Wasm.BinOp),   Eq (Kant.Wasm.Decode.RawInstr._sizeOf_inst.sizeOf (Kant.Wasm.Decode.RawInstr.binop op))     (instHAdd.hAdd 1 (Kant.Wasm.BinOp._sizeOf_inst.sizeOf op))","O7;13;source_systemS5;lean411;source_fileS31;RequestProject/Wasm/Decode.lean13;source_formatS4;text11;imported_atI+0;14;transformed_atI+0;15;transformationsL0;13;parent_objectS0;","d6b0bef65b7ac535ec525545b131b5624d1e00bc5698cac7251250f027777f84"
"obj.Kant.Uucp.Carrier.toCtorIdx","def","Kant.Uucp.Carrier.toCtorIdx","ASSERTED","Kant.Uucp.Carrier → Nat","L1;S29;obj.Kant.Uucp.Carrier.ctorIdx","O0;","L0;","L0;","L0;","L0;","L0;","L0;","S23;Kant.Uucp.Carrier → Nat","O7;13;source_systemS5;lean411;source_fileS29;RequestProject/Kant/Uucp.lean13;source_formatS4;text11;imported_atI+0;14;transformed_atI+0;15;transformationsL0;13;parent_objectS0;","cd4f65cd0b86139819fdc8f96b513dd393366dc84c62ded62fa50ec0e89a4b21"
"obj.Kant.Codec.instInhabitedCompat","def","Kant.Codec.instInhabitedCompat","ASSERTED","Inhabited Kant.Codec.Compat","L0;","O0;","L0;","L0;","L0;","L0;","L0;","L0;","S27;Inhabited Kant.Codec.Compat","O7;13;source_systemS5;lean411;source_fileS39;RequestProject/Kant/Codec/Exchange.lean13;source_formatS4;text11;imported_atI+0;14;transformed_atI+266;15;transformationsL0;13;parent_objectS0;","f38b9f567dd9384cd749d75f8bd34f5fa1fcc66871d56f7211ce02e385586285"
"obj.Kant.Wasm.instInhabitedCmpOp.default","def","Kant.Wasm.instInhabitedCmpOp.default","ASSERTED","Kant.Wasm.CmpOp","L0;","O0;","L0;","L0;","L0;","L0;","L0;","L0;","S15;Kant.Wasm.CmpOp","O7;13;source_systemS5;lean411;source_fileS31;RequestProject/Wasm/Syntax.lean13;source_formatS4;text11;imported_atI+0;14;transformed_atI+33;15;transformationsL0;13;parent_objectS0;","71c479a71bea184048d0ef31fb6afd03c6c03ea01f2cfbc6f0efc2338bfb5209"
"obj.Kant.Codec.Val.brecOn","def","Kant.Codec.Val.brecOn","ASSERTED","{motive_1 : Kant.Codec.Val → Sort u} →   {motive_2 : List Kant.Codec.Val → Sort u} →     {motive_3 : List (Prod (List Char) Kant.Codec.Val) → Sort u} →       {motive_4 : Prod (List Char) Kant.Codec.Val → Sort u} →         (t : Kant.Codec.Val) →           ((t : Kant.Codec.Val) → t.below → motive_1 t) →             ((t : List Kant.Codec.Val) → Kant.Codec.Val.below_1 t → motive_2 t) →               ((t : List (Prod (List Char) Kant.Codec.Val)) →                   Kant.Codec.Val.below_2 t → motive_3 t) →                 ((t : Prod (List Char) Kant.Codec.Val) → Kant.Codec.Val.below_3 t → motive_4 t) →                   motive_1 t","L1;S26;obj.Kant.Codec.Val.below_1","O0;","L0;","L0;","L0;","L0;","L0;","L0;","S632;{motive_1 : Kant.Codec.Val → Sort u} →   {motive_2 : List Kant.Codec.Val → Sort u} →     {motive_3 : List (Prod (List Char) Kant.Codec.Val) → Sort u} →       {motive_4 : Prod (List Char) Kant.Codec.Val → Sort u} →         (t : Kant.Codec.Val) →           ((t : Kant.Codec.Val) → t.below → motive_1 t) →             ((t : List Kant.Codec.Val) → Kant.Codec.Val.below_1 t → motive_2 t) →               ((t : List (Prod (List Char) Kant.Codec.Val)) →                   Kant.Codec.Val.below_2 t → motive_3 t) →                 ((t : Prod (List Char) Kant.Codec.Val) → Kant.Codec.Val.below_3 t → motive_4 t) →                   motive_1 t","O7;13;source_systemS5;lean411;source_fileS34;RequestProject/Kant/Codec/Val.lean13;source_formatS4;text11;imported_atI+0;14;transformed_atI+34;15;transformationsL0;13;parent_objectS0;","428522932e1b43fa772db042d163011dad01e06490911c2474e903593cb66707"
"obj.Kant.Onboarding.screen_reachable","theorem","Kant.Onboarding.screen_reachable","PROVEN","∀ (t : Kant.Onboarding.Screen),   Exists fun e => Eq (Kant.Onboarding.step Kant.Onboarding.start e).screen t","L1;S25;obj.Kant.Onboarding.start","O0;","L0;","L0;","L1;S38;claim.Kant.Onboarding.screen_reachable","L0;","L1;S38;proof.Kant.Onboarding.screen_reachable","L0;","S108;∀ (t : Kant.Onboarding.Screen),   Exists fun e => Eq (Kant.Onboarding.step Kant.Onboarding.start e).screen t","O7;13;source_systemS5;lean411;source_fileS35;RequestProject/Kant/Onboarding.lean13;source_formatS4;text11;imported_atI+0;14;transformed_atI+222;15;transformationsL0;13;parent_objectS0;","6c4cb0ac7eeea4cb8c4f8f633d05fb484febe1241ecb37d1407b67ec0330d78e"
"obj.Kant.PlainText.joinCh.match_1","def","Kant.PlainText.joinCh.match_1","ASSERTED","(motive : List (List Char) → Sort u_1) →   (x : List (List Char)) →     (Unit → motive List.nil) →       ((l : List Char) → motive (List.cons l List.nil)) →         ((l : List Char) → (ls : List (List Char)) → motive (List.cons l ls)) → motive x","L0;","O0;","L0;","L0;","L0;","L0;","L0;","L0;","S245;(motive : List (List Char) → Sort u_1) →   (x : List (List Char)) →     (Unit → motive List.nil) →       ((l : List Char) → motive (List.cons l List.nil)) →         ((l : List Char) → (ls : List (List Char)) → motive (List.cons l ls)) → motive x","O7;13;source_systemS5;lean411;source_fileS34;RequestProject/Kant/PlainText.lean13;source_formatS4;text11;imported_atI+0;14;transformed_atI+0;15;transformationsL0;13;parent_objectS0;","2c1ae39532cabce3d500d8101370d9e0d591b4258bd84da98208016c084c6206"
"obj.Kant.Stego.fromBits_toBits","theorem","Kant.Stego.fromBits_toBits","PROVEN","∀ {bs : List Nat},   (∀ (v : Nat), List.instMembership.mem bs v → instLTNat.lt v 256) →     Eq (Kant.Stego.fromBits (Kant.Stego.toBits bs)) bs","L1;S32;obj.Kant.Stego.bitsByte_byteBits","O0;","L0;","L0;","L1;S32;claim.Kant.Stego.fromBits_toBits","L0;","L1;S32;proof.Kant.Stego.fromBits_toBits","L0;","S142;∀ {bs : List Nat},   (∀ (v : Nat), List.instMembership.mem bs v → instLTNat.lt v 256) →     Eq (Kant.Stego.fromBits (Kant.Stego.toBits bs)) bs","O7;13;source_systemS5;lean411;source_fileS30;RequestProject/Kant/Stego.lean13;source_formatS4;text11;imported_atI+0;14;transformed_atI+60;15;transformationsL0;13;parent_objectS0;","50f6c75d63d70956cc207f81bdcfad39d038004983cde6f0895b1734fb6e2733"
"obj.Kant.CodeMovie.Circuit.brecOn.eq","theorem","Kant.CodeMovie.Circuit.brecOn.eq","PROVEN","∀ {motive : Kant.CodeMovie.Circuit → Sort u} (t : Kant.CodeMovie.Circuit)   (F_1 : (t : Kant.CodeMovie.Circuit) → Kant.CodeMovie.Circuit.below t → motive t),   Eq (Kant.CodeMovie.Circuit.brecOn t F_1) (F_1 t (Kant.CodeMovie.Circuit.brecOn.go t F_1).2)","L1;S34;obj.Kant.CodeMovie.Circuit.casesOn","O0;","L0;","L0;","L1;S38;claim.Kant.CodeMovie.Circuit.brecOn.eq","L0;","L1;S38;proof.Kant.CodeMovie.Circuit.brecOn.eq","L0;","S251;∀ {motive : Kant.CodeMovie.Circuit → Sort u} (t : Kant.CodeMovie.Circuit)   (F_1 : (t : Kant.CodeMovie.Circuit) → Kant.CodeMovie.Circuit.below t → motive t),   Eq (Kant.CodeMovie.Circuit.brecOn t F_1) (F_1 t (Kant.CodeMovie.Circuit.brecOn.go t F_1).2)","O7;13;source_systemS5;lean411;source_fileS34;RequestProject/Kant/CodeMovie.lean13;source_formatS4;text11;imported_atI+0;14;transformed_atI+0;15;transformationsL0;13;parent_objectS0;","cd1a4a1c9560ce87e7f71ba364d8f57c0fd160b62fc719c5318f641bbf02f82a"
"obj.Kant.Codec.xEntryMid.eq_1","theorem","Kant.Codec.xEntryMid.eq_1","PROVEN","Eq Kant.Codec.xEntryMid (List.cons '\""' (List.cons '>' List.nil))","L0;","O0;","L0;","L0;","L1;S31;claim.Kant.Codec.xEntryMid.eq_1","L0;","L1;S31;proof.Kant.Codec.xEntryMid.eq_1","L0;","S65;Eq Kant.Codec.xEntryMid (List.cons '\""' (List.cons '>' List.nil))","O7;13;source_systemS5;lean411;source_fileS34;RequestProject/Kant/Codec/Xml.lean13;source_formatS4;text11;imported_atI+0;14;transformed_atI+0;15;transformationsL0;13;parent_objectS0;","a72912a76d74b5579e58ce10a139cf94ccd885e8805d5d9d9b677e0056604a5a"
"obj.Kant.Dom.idBlock","def","Kant.Dom.idBlock","ASSERTED","List Kant.Dom.Id → List Char","L0;","O0;","L0;","L0;","L0;","L0;","L0;","L0;","S28;List Kant.Dom.Id → List Char","O7;13;source_systemS5;lean411;source_fileS36;RequestProject/Kant/Domain/Emit.lean13;source_formatS4;text11;imported_atI+0;14;transformed_atI+53;15;transformationsL0;13;parent_objectS0;","f05c1db3d4cd234a52b324fd85a3a88d94fde72a49eadae44a8ffd6698402157"
"obj.Kant.SiteCard.Card.ctorIdx","def","Kant.SiteCard.Card.ctorIdx","ASSERTED","Kant.SiteCard.Card → Nat","L0;","O0;","L0;","L0;","L0;","L0;","L0;","L0;","S24;Kant.SiteCard.Card → Nat","O7;13;source_systemS5;lean411;source_fileS33;RequestProject/Kant/SiteCard.lean13;source_formatS4;text11;imported_atI+0;14;transformed_atI+0;15;transformationsL0;13;parent_objectS0;","ddb27a45effd531ed460e017f21a17717114d5f2579eadc8b3082b3b09fe4ecb"
"obj.Kant.Sheaf.instReprSection.repr","def","Kant.Sheaf.instReprSection.repr","ASSERTED","Kant.Sheaf.Section → Nat → Std.Format","L0;","O0;","L0;","L0;","L0;","L0;","L0;","L0;","S37;Kant.Sheaf.Section → Nat → Std.Format","O7;13;source_systemS5;lean411;source_fileS30;RequestProject/Kant/Sheaf.lean13;source_formatS4;text11;imported_atI+0;14;transformed_atI+153;15;transformationsL0;13;parent_objectS0;","f8e212ffa40a27f92e66b00cc4f846a6af0e170c969f8d63cac750153ad13250"
"obj.Kant.Dom.declCert","def","Kant.Dom.declCert","ASSERTED","Kant.Dom.Decl → Option Kant.Dom.Cert","L0;","O0;","L0;","L0;","L0;","L0;","L0;","L0;","S36;Kant.Dom.Decl → Option Kant.Dom.Cert","O7;13;source_systemS5;lean411;source_fileS39;RequestProject/Kant/Domain/Catalog.lean13;source_formatS4;text11;imported_atI+0;14;transformed_atI+120;15;transformationsL0;13;parent_objectS0;","92f542f63d65d14a7ea00a706764b0752261e9cb4103fe144219f57611fbe38f"
"obj.Kant.Diagnostics.Log.noConfusion","def","Kant.Diagnostics.Log.noConfusion","ASSERTED","{P : Sort u} → {t t' : Kant.Diagnostics.Log} → Eq t t' → Kant.Diagnostics.Log.noConfusionType P t t'","L0;","O0;","L0;","L0;","L0;","L0;","L0;","L0;","S100;{P : Sort u} → {t t' : Kant.Diagnostics.Log} → Eq t t' → Kant.Diagnostics.Log.noConfusionType P t t'","O7;13;source_systemS5;lean411;source_fileS36;RequestProject/Kant/Diagnostics.lean13;source_formatS4;text11;imported_atI+0;14;transformed_atI+203;15;transformationsL0;13;parent_objectS0;","12dd6c79e3fa345e63212702175ce909f9d21fa1dc914c28e7f146aa2d615653"
"obj.Kant.Cli.decAux.eq_1","theorem","Kant.Cli.decAux.eq_1","PROVEN","∀ (x : Nat), Eq (Kant.Cli.decAux 0 x) List.nil","L0;","O0;","L0;","L0;","L1;S26;claim.Kant.Cli.decAux.eq_1","L0;","L1;S26;proof.Kant.Cli.decAux.eq_1","L0;","S46;∀ (x : Nat), Eq (Kant.Cli.decAux 0 x) List.nil","O7;13;source_systemS5;lean411;source_fileS28;RequestProject/Kant/Cli.lean13;source_formatS4;text11;imported_atI+0;14;transformed_atI+0;15;transformationsL0;13;parent_objectS0;","dbe8e0a4eb2631d27d56351bf5a80a650a9b696a238050ac3272a74e27bcc70f"
"obj.Kant.Wasm.Module.wfb","def","Kant.Wasm.Module.wfb","ASSERTED","Kant.Wasm.Module → Bool","L1;S22;obj.Kant.Wasm.Expr.wfb","O0;","L0;","L0;","L0;","L0;","L0;","L0;","S23;Kant.Wasm.Module → Bool","O7;13;source_systemS5;lean411;source_fileS31;RequestProject/Wasm/Syntax.lean13;source_formatS4;text11;imported_atI+0;14;transformed_atI+140;15;transformationsL0;13;parent_objectS0;","4d65826fd8e9ff66a124701019c83a01916f0b0f124fc4a8fe05f4624270cd43"
"obj.Kant.Bytes.fnvOffset","def","Kant.Bytes.fnvOffset","ASSERTED","UInt64","L0;","O0;","L0;","L0;","L0;","L0;","L0;","L0;","S6;UInt64","O7;13;source_systemS5;lean411;source_fileS30;RequestProject/Kant/Bytes.lean13;source_formatS4;text11;imported_atI+0;14;transformed_atI+93;15;transformationsL0;13;parent_objectS0;","648bb4309d9d06b28cb3246b0ac08fe583a5695cd093ff4c0a2992763bb50d7f"
"obj.Kant.Codec.embed.eq_1","theorem","Kant.Codec.embed.eq_1","PROVEN","Eq (Kant.Codec.embed Kant.Codec.Val.null) Kant.Codec.Ipdl.null","L0;","O0;","L0;","L0;","L1;S27;claim.Kant.Codec.embed.eq_1","L0;","L1;S27;proof.Kant.Codec.embed.eq_1","L0;","S62;Eq (Kant.Codec.embed Kant.Codec.Val.null) Kant.Codec.Ipdl.null","O7;13;source_systemS5;lean411;source_fileS35;RequestProject/Kant/Codec/Ipdl.lean13;source_formatS4;text11;imported_atI+0;14;transformed_atI+0;15;transformationsL0;13;parent_objectS0;","651323d983e30974faf79163eb20cba7c6b4c927f47720da0e6e9e46cb27210d"
"obj.Kant.Diagnostics.instReprArea","def","Kant.Diagnostics.instReprArea","ASSERTED","Repr Kant.Diagnostics.Area","L0;","O0;","L0;","L0;","L0;","L0;","L0;","L0;","S26;Repr Kant.Diagnostics.Area","O7;13;source_systemS5;lean411;source_fileS36;RequestProject/Kant/Diagnostics.lean13;source_formatS4;text11;imported_atI+0;14;transformed_atI+109;15;transformationsL0;13;parent_objectS0;","37e5a510fe6b5b60c832574b6c88860369551be26430d96699f464cac3442309"
"obj.Kant.Dom.Schema.toVal.eq_1","theorem","Kant.Dom.Schema.toVal.eq_1","PROVEN","∀ (s : Kant.Dom.Schema),   Eq s.toVal     (Kant.Codec.Val.obj       (List.cons { fst := ""id"".toList, snd := Kant.Codec.Val.str s.id }         (List.cons { fst := ""name"".toList, snd := Kant.Codec.Val.str s.name }           (List.cons { fst := ""version"".toList, snd := Kant.Codec.Val.str s.version }             (List.cons { fst := ""location"".toList, snd := Kant.Codec.Val.str s.location }               List.nil)))))","L0;","O0;","L0;","L0;","L1;S32;claim.Kant.Dom.Schema.toVal.eq_1","L0;","L1;S32;proof.Kant.Dom.Schema.toVal.eq_1","L0;","S415;∀ (s : Kant.Dom.Schema),   Eq s.toVal     (Kant.Codec.Val.obj       (List.cons { fst := ""id"".toList, snd := Kant.Codec.Val.str s.id }         (List.cons { fst := ""name"".toList, snd := Kant.Codec.Val.str s.name }           (List.cons { fst := ""version"".toList, snd := Kant.Codec.Val.str s.version }             (List.cons { fst := ""location"".toList, snd := Kant.Codec.Val.str s.location }               List.nil)))))","O7;13;source_systemS5;lean411;source_fileS37;RequestProject/Kant/Domain/Model.lean13;source_formatS4;text11;imported_atI+0;14;transformed_atI+0;15;transformationsL0;13;parent_objectS0;","239fd6ab6d81e6cf3a8ed36cb57107645369e2afa1df62457f9d8857df86e52a"
"obj.Kant.Codec.readNumY_encNumY","theorem","Kant.Codec.readNumY_encNumY","PROVEN","∀ (n : Int) (rest : List Char),   Kant.Codec.NotDigit rest →     Eq (Kant.Codec.readNumY (instHAppendOfAppend.hAppend (Kant.Codec.encNumY n) rest))       (Option.some { fst := n, snd := rest })","L1;S23;obj.Kant.Codec.digitVal","O0;","L0;","L0;","L1;S33;claim.Kant.Codec.readNumY_encNumY","L0;","L1;S33;proof.Kant.Codec.readNumY_encNumY","L0;","S193;∀ (n : Int) (rest : List Char),   Kant.Codec.NotDigit rest →     Eq (Kant.Codec.readNumY (instHAppendOfAppend.hAppend (Kant.Codec.encNumY n) rest))       (Option.some { fst := n, snd := rest })","O7;13;source_systemS5;lean411;source_fileS35;RequestProject/Kant/Codec/Yaml.lean13;source_formatS4;text11;imported_atI+0;14;transformed_atI+166;15;transformationsL0;13;parent_objectS0;","a67f84274369262315e44ed95474cc88124d357bef1a8ae9cc845e727215763e"
"obj.Kant.Dom.scanVal.eq_1","theorem","Kant.Dom.scanVal.eq_1","PROVEN","∀ (ds : List Kant.Dom.Decl),   Eq (Kant.Dom.scanVal ds) (Kant.Codec.Val.list (List.map Kant.Dom.Decl.toVal ds))","L0;","O0;","L0;","L0;","L1;S27;claim.Kant.Dom.scanVal.eq_1","L0;","L1;S27;proof.Kant.Dom.scanVal.eq_1","L0;","S111;∀ (ds : List Kant.Dom.Decl),   Eq (Kant.Dom.scanVal ds) (Kant.Codec.Val.list (List.map Kant.Dom.Decl.toVal ds))","O7;13;source_systemS5;lean411;source_fileS39;RequestProject/Kant/Domain/Catalog.lean13;source_formatS4;text11;imported_atI+0;14;transformed_atI+0;15;transformationsL0;13;parent_objectS0;","70e49583ca584aa877c769422a3687730c60e6904e1b83062903b98f985034a1"
"obj.Kant.Codec.diffVal.eq_6","theorem","Kant.Codec.diffVal.eq_6","PROVEN","∀ (path : List Char) (fs gs : List (Prod (List Char) Kant.Codec.Val)),   Eq (Kant.Codec.diffVal path (Kant.Codec.Val.obj fs) (Kant.Codec.Val.obj gs))     (Kant.Codec.diffFields path fs gs)","L1;S29;obj.Kant.Codec.diffVal.eq_def","O0;","L0;","L0;","L1;S29;claim.Kant.Codec.diffVal.eq_6","L0;","L1;S29;proof.Kant.Codec.diffVal.eq_6","L0;","S188;∀ (path : List Char) (fs gs : List (Prod (List Char) Kant.Codec.Val)),   Eq (Kant.Codec.diffVal path (Kant.Codec.Val.obj fs) (Kant.Codec.Val.obj gs))     (Kant.Codec.diffFields path fs gs)","O7;13;source_systemS5;lean411;source_fileS40;RequestProject/Kant/Codec/Reconcile.lean13;source_formatS4;text11;imported_atI+0;14;transformed_atI+0;15;transformationsL0;13;parent_objectS0;","cf1e9f24983d6f34abcf3125e8ab9d87f1e6d2ad68979f72afb2e06188ac2885"
"obj.Kant.Onboarding.Event.say.elim","def","Kant.Onboarding.Event.say.elim","ASSERTED","{motive : Kant.Onboarding.Event → Sort u} →   (t : Kant.Onboarding.Event) → Eq t.ctorIdx 7 → motive Kant.Onboarding.Event.say → motive t","L1;S33;obj.Kant.Onboarding.Event.ctorIdx","O0;","L0;","L0;","L0;","L0;","L0;","L0;","S136;{motive : Kant.Onboarding.Event → Sort u} →   (t : Kant.Onboarding.Event) → Eq t.ctorIdx 7 → motive Kant.Onboarding.Event.say → motive t","O7;13;source_systemS5;lean411;source_fileS35;RequestProject/Kant/Onboarding.lean13;source_formatS4;text11;imported_atI+0;14;transformed_atI+80;15;transformationsL0;13;parent_objectS0;","d91539c69849e4b3de9f887ba7f9daa070b10d03e443a68116a627a98f0e22be"
"obj.Kant.Diagnostics.Log.record.eq_1","theorem","Kant.Diagnostics.Log.record.eq_1","PROVEN","∀ (l : Kant.Diagnostics.Log) (ms : Nat) (lv : Kant.Diagnostics.Level) (ar : Kant.Diagnostics.Area)   (text detail : List Char),   Eq (l.record ms lv ar text detail)     (l.add { seq := l.total, ms := ms, level := lv, area := ar, text := text, detail := detail })","L0;","O0;","L0;","L0;","L1;S38;claim.Kant.Diagnostics.Log.record.eq_1","L0;","L1;S38;proof.Kant.Diagnostics.Log.record.eq_1","L0;","S262;∀ (l : Kant.Diagnostics.Log) (ms : Nat) (lv : Kant.Diagnostics.Level) (ar : Kant.Diagnostics.Area)   (text detail : List Char),   Eq (l.record ms lv ar text detail)     (l.add { seq := l.total, ms := ms, level := lv, area := ar, text := text, detail := detail })","O7;13;source_systemS5;lean411;source_fileS36;RequestProject/Kant/Diagnostics.lean13;source_formatS4;text11;imported_atI+0;14;transformed_atI+0;15;transformationsL0;13;parent_objectS0;","394bed17eda8f04111499f0bd450711633dfdd2d590bf21b8ae327ed2fbf7bc0"
"obj.Kant.SiteCard.chatText_shows_url","theorem","Kant.SiteCard.chatText_shows_url","PROVEN","∀ (k : Kant.SiteCard.Card), k.url.IsInfix (Kant.SiteCard.chatText k)","L0;","O0;","L0;","L0;","L1;S38;claim.Kant.SiteCard.chatText_shows_url","L0;","L1;S38;proof.Kant.SiteCard.chatText_shows_url","L0;","S68;∀ (k : Kant.SiteCard.Card), k.url.IsInfix (Kant.SiteCard.chatText k)","O7;13;source_systemS5;lean411;source_fileS33;RequestProject/Kant/SiteCard.lean13;source_formatS4;text11;imported_atI+0;14;transformed_atI+705;15;transformationsL0;13;parent_objectS0;","8b036bbeb7b939c1a222db01269fcab6e1f00b2777cc422380aed06adc218098"
"obj.Kant.Repost.readCard_card","theorem","Kant.Repost.readCard_card","PROVEN","∀ {headline base : List Char},   Not (List.instMembership.mem base Kant.Clipboard.hash) →     ∀ (e : Kant.Clipboard.Envelope),       Eq (Kant.Repost.readCard (Kant.Repost.card headline base e)) (Option.some e)","L0;","O0;","L0;","L0;","L1;S31;claim.Kant.Repost.readCard_card","L0;","L1;S31;proof.Kant.Repost.readCard_card","L0;","S209;∀ {headline base : List Char},   Not (List.instMembership.mem base Kant.Clipboard.hash) →     ∀ (e : Kant.Clipboard.Envelope),       Eq (Kant.Repost.readCard (Kant.Repost.card headline base e)) (Option.some e)","O7;13;source_systemS5;lean411;source_fileS31;RequestProject/Kant/Repost.lean13;source_formatS4;text11;imported_atI+0;14;transformed_atI+176;15;transformationsL0;13;parent_objectS0;","029a6427a4e6d3ed62dba542145f45f2ea57b7bc96fecc9f2ea9cf784631b654"
"obj.Kant.Clipboard.Envelope.decodeAll.match_4","def","Kant.Clipboard.Envelope.decodeAll.match_4","ASSERTED","(motive : List (List Char) → Sort u_1) →   (x : List (List Char)) →     (Unit → motive List.nil) →       ((f : List Char) → (fs : List (List Char)) → motive (List.cons f fs)) → motive x","L0;","O0;","L0;","L0;","L0;","L0;","L0;","L0;","S185;(motive : List (List Char) → Sort u_1) →   (x : List (List Char)) →     (Unit → motive List.nil) →       ((f : List Char) → (fs : List (List Char)) → motive (List.cons f fs)) → motive x","O7;13;source_systemS5;lean411;source_fileS34;RequestProject/Kant/Clipboard.lean13;source_formatS4;text11;imported_atI+0;14;transformed_atI+0;15;transformationsL0;13;parent_objectS0;","a4bcdc6108f6d8376ecd01a50a68a30477f4113b1221424d65e9d9ecc4c74dba"
"obj.Kant.Strip.ofPaste","def","Kant.Strip.ofPaste","ASSERTED","Kant.Meme.Template → Nat → Kant.Paste → List Kant.Stego.Carrier","L0;","O0;","L0;","L0;","L0;","L0;","L0;","L0;","S63;Kant.Meme.Template → Nat → Kant.Paste → List Kant.Stego.Carrier","O7;13;source_systemS5;lean411;source_fileS30;RequestProject/Kant/Strip.lean13;source_formatS4;text11;imported_atI+0;14;transformed_atI+169;15;transformationsL0;13;parent_objectS0;","d9c557e0eb3816caa5d46e97d2b87125924ddd2065211f846557c7d6ff65842f"
"obj.Kant.Codec.MinProfile.mk.injEq","theorem","Kant.Codec.MinProfile.mk.injEq","PROVEN","∀ (id kind : List Char) (inputs : List Kant.Codec.Inp) (outputs : List Kant.Codec.Outp)   (status : Kant.Codec.Status) (errors : List Kant.Codec.Err)   (metadata : List (Prod (List Char) Kant.Codec.Val)) (id_1 kind_1 : List Char)   (inputs_1 : List Kant.Codec.Inp) (outputs_1 : List Kant.Codec.Outp) (status_1 : Kant.Codec.Status)   (errors_1 : List Kant.Codec.Err) (metadata_1 : List (Prod (List Char) Kant.Codec.Val)),   Eq     (Eq       { id := id, kind := kind, inputs := inputs, outputs := outputs, status := status,         errors := errors, metadata := metadata }       { id := id_1, kind := kind_1, inputs := inputs_1, outputs := outputs_1, status := status_1,         errors := errors_1, metadata := metadata_1 })     (And (Eq id id_1)       (And (Eq kind kind_1)         (And (Eq inputs inputs_1)           (And (Eq outputs outputs_1)             (And (Eq status status_1) (And (Eq errors errors_1) (Eq metadata metadata_1)))))))","L0;","O0;","L0;","L0;","L1;S36;claim.Kant.Codec.MinProfile.mk.injEq","L0;","L1;S36;proof.Kant.Codec.MinProfile.mk.injEq","L0;","S939;∀ (id kind : List Char) (inputs : List Kant.Codec.Inp) (outputs : List Kant.Codec.Outp)   (status : Kant.Codec.Status) (errors : List Kant.Codec.Err)   (metadata : List (Prod (List Char) Kant.Codec.Val)) (id_1 kind_1 : List Char)   (inputs_1 : List Kant.Codec.Inp) (outputs_1 : List Kant.Codec.Outp) (status_1 : Kant.Codec.Status)   (errors_1 : List Kant.Codec.Err) (metadata_1 : List (Prod (List Char) Kant.Codec.Val)),   Eq     (Eq       { id := id, kind := kind, inputs := inputs, outputs := outputs, status := status,         errors := errors, metadata := metadata }       { id := id_1, kind := kind_1, inputs := inputs_1, outputs := outputs_1, status := status_1,         errors := errors_1, metadata := metadata_1 })     (And (Eq id id_1)       (And (Eq kind kind_1)         (And (Eq inputs inputs_1)           (And (Eq outputs outputs_1)             (And (Eq status status_1) (And (Eq errors errors_1) (Eq metadata metadata_1)))))))","O7;13;source_systemS5;lean411;source_fileS36;RequestProject/Kant/Codec/Model.lean13;source_formatS4;text11;imported_atI+0;14;transformed_atI+0;15;transformationsL0;13;parent_objectS0;","e6a20bc148157947b939373fa21ee2bc53f09313d70acfa5f4bc536108b931fa"
"obj.Kant.Wasm.Kernel.hexDigit_toNat","theorem","Kant.Wasm.Kernel.hexDigit_toNat","PROVEN","∀ {n : Nat},   instLTNat.lt n 16 →     Eq (Kant.Bytes.hexDigit n).toNat       (ite (instLTNat.lt n 10) (instHAdd.hAdd 48 n) (instHAdd.hAdd 87 n))","L0;","O0;","L0;","L0;","L1;S37;claim.Kant.Wasm.Kernel.hexDigit_toNat","L0;","L1;S37;proof.Kant.Wasm.Kernel.hexDigit_toNat","L0;","S145;∀ {n : Nat},   instLTNat.lt n 16 →     Eq (Kant.Bytes.hexDigit n).toNat       (ite (instLTNat.lt n 10) (instHAdd.hAdd 48 n) (instHAdd.hAdd 87 n))","O7;13;source_systemS5;lean411;source_fileS35;RequestProject/Wasm/KernelSpec.lean13;source_formatS4;text11;imported_atI+0;14;transformed_atI+48;15;transformationsL0;13;parent_objectS0;","2a0db54cdfb1da4247acebec5158746567a0d9859107fe8c1dcfc0f46c61d6cf"
"obj.Kant.PlainText.lines_append","theorem","Kant.PlainText.lines_append","PROVEN","∀ (a b : List Char),   Eq (Kant.PlainText.lines (instHAppendOfAppend.hAppend a (List.cons '\n' b)))     (instHAppendOfAppend.hAppend (Kant.PlainText.lines a) (Kant.PlainText.lines b))","L0;","O0;","L0;","L0;","L1;S33;claim.Kant.PlainText.lines_append","L0;","L1;S33;proof.Kant.PlainText.lines_append","L0;","S183;∀ (a b : List Char),   Eq (Kant.PlainText.lines (instHAppendOfAppend.hAppend a (List.cons '\n' b)))     (instHAppendOfAppend.hAppend (Kant.PlainText.lines a) (Kant.PlainText.lines b))","O7;13;source_systemS5;lean411;source_fileS34;RequestProject/Kant/PlainText.lean13;source_formatS4;text11;imported_atI+0;14;transformed_atI+74;15;transformationsL0;13;parent_objectS0;","9345ff046e26690a07400e2a57295b15234540d86fe7958c88ca0f8bd297fc37"
"obj.Kant.Codec.Trans.ctorIdx","def","Kant.Codec.Trans.ctorIdx","ASSERTED","Kant.Codec.Trans → Nat","L0;","O0;","L0;","L0;","L0;","L0;","L0;","L0;","S22;Kant.Codec.Trans → Nat","O7;13;source_systemS5;lean411;source_fileS36;RequestProject/Kant/Codec/Model.lean13;source_formatS4;text11;imported_atI+0;14;transformed_atI+0;15;transformationsL0;13;parent_objectS0;","a078322ef6c02e6b36c2d464f9b1eae067816a4817bff3f1998bc0968b36b5a6"
"obj.Kant.Dom.proofsTable.eq_1","theorem","Kant.Dom.proofsTable.eq_1","PROVEN","∀ (d : Kant.Dom.Domain),   Eq (Kant.Dom.proofsTable d)     (Kant.Dom.tableText Kant.Dom.proofsHeader (List.map Kant.Dom.proofRow d.proofs))","L0;","O0;","L0;","L0;","L1;S31;claim.Kant.Dom.proofsTable.eq_1","L0;","L1;S31;proof.Kant.Dom.proofsTable.eq_1","L0;","S139;∀ (d : Kant.Dom.Domain),   Eq (Kant.Dom.proofsTable d)     (Kant.Dom.tableText Kant.Dom.proofsHeader (List.map Kant.Dom.proofRow d.proofs))","O7;13;source_systemS5;lean411;source_fileS37;RequestProject/Kant/Domain/Table.lean13;source_formatS4;text11;imported_atI+0;14;transformed_atI+0;15;transformationsL0;13;parent_objectS0;","bfa5f85276cd752dd83197786cc3037229c634bf25655c772c5d5c6135315dac"
"obj.Kant.CodeMovie.Snippet","def","Kant.CodeMovie.Snippet","ASSERTED","Type","L0;","O0;","L0;","L0;","L0;","L0;","L0;","L0;","S4;Type","O7;13;source_systemS5;lean411;source_fileS34;RequestProject/Kant/CodeMovie.lean13;source_formatS4;text11;imported_atI+0;14;transformed_atI+33;15;transformationsL0;13;parent_objectS0;","72e5ab673245584cb753047b7c334cdf1873f8ece9d62232e97ef431a7ecc245"
"obj.Kant.Dom.RepairRecord.noConfusionType","def","Kant.Dom.RepairRecord.noConfusionType","ASSERTED","Sort u → Kant.Dom.RepairRecord → Kant.Dom.RepairRecord → Sort u","L0;","O0;","L0;","L0;","L0;","L0;","L0;","L0;","S63;Sort u → Kant.Dom.RepairRecord → Kant.Dom.RepairRecord → Sort u","O7;13;source_systemS5;lean411;source_fileS38;RequestProject/Kant/Domain/Policy.lean13;source_formatS4;text11;imported_atI+0;14;transformed_atI+0;15;transformationsL0;13;parent_objectS0;","6f767f3e2d677a8da669c9dff9dece529aebd6a7161328af17be9a9f5b25aae4"
"obj.Kant.PlainText.metaOf","def","Kant.PlainText.metaOf","ASSERTED","List Char → Option Kant.PlainText.Meta","L0;","O0;","L0;","L0;","L0;","L0;","L0;","L0;","S38;List Char → Option Kant.PlainText.Meta","O7;13;source_systemS5;lean411;source_fileS34;RequestProject/Kant/PlainText.lean13;source_formatS4;text11;imported_atI+0;14;transformed_atI+256;15;transformationsL0;13;parent_objectS0;","ff34f814fa4025d145bcb657701fb6968558c410ca06681b2af044f2e3bbaf10"
"obj.Kant.Cli.Client.seq","def","Kant.Cli.Client.seq","ASSERTED","Kant.Cli.Client → Nat","L0;","O0;","L0;","L0;","L0;","L0;","L0;","L0;","S21;Kant.Cli.Client → Nat","O7;13;source_systemS5;lean411;source_fileS28;RequestProject/Kant/Cli.lean13;source_formatS4;text11;imported_atI+0;14;transformed_atI+323;15;transformationsL0;13;parent_objectS0;","fd47559391df264be7f07b00f5e7f710888f53932d0f19c16eeff6ec002fe9d6"
"obj.Kant.Relay.mem_transcript","theorem","Kant.Relay.mem_transcript","PROVEN","∀ {ms : List Kant.Relay.Msg} {x : Kant.Relay.Msg},   Iff (List.instMembership.mem (Kant.Relay.transcript ms) x) (List.instMembership.mem ms x)","L0;","O0;","L0;","L0;","L1;S31;claim.Kant.Relay.mem_transcript","L0;","L1;S31;proof.Kant.Relay.mem_transcript","L0;","S142;∀ {ms : List Kant.Relay.Msg} {x : Kant.Relay.Msg},   Iff (List.instMembership.mem (Kant.Relay.transcript ms) x) (List.instMembership.mem ms x)","O7;13;source_systemS5;lean411;source_fileS30;RequestProject/Kant/Relay.lean13;source_formatS4;text11;imported_atI+0;14;transformed_atI+372;15;transformationsL0;13;parent_objectS0;","de99aac21f25fd2c756019956f2eaf4f638063cb4245b3d2b976df2c7a8ea375"
"obj.Kant.SiteCard.splitCh_entry","theorem","Kant.SiteCard.splitCh_entry","PROVEN","∀ {k v rest : List Char},   Not (List.instMembership.mem k '\n') →     Not (List.instMembership.mem v '\n') →       Eq (Kant.SiteCard.splitCh '\n' (instHAppendOfAppend.hAppend (Kant.SiteCard.entry k v) rest))         (List.cons (instHAppendOfAppend.hAppend (instHAppendOfAppend.hAppend k "" = "".toList) v)           (Kant.SiteCard.splitCh '\n' rest))","L0;","O0;","L0;","L0;","L1;S33;claim.Kant.SiteCard.splitCh_entry","L0;","L1;S33;proof.Kant.SiteCard.splitCh_entry","L0;","S349;∀ {k v rest : List Char},   Not (List.instMembership.mem k '\n') →     Not (List.instMembership.mem v '\n') →       Eq (Kant.SiteCard.splitCh '\n' (instHAppendOfAppend.hAppend (Kant.SiteCard.entry k v) rest))         (List.cons (instHAppendOfAppend.hAppend (instHAppendOfAppend.hAppend k "" = "".toList) v)           (Kant.SiteCard.splitCh '\n' rest))","O7;13;source_systemS5;lean411;source_fileS33;RequestProject/Kant/SiteCard.lean13;source_formatS4;text11;imported_atI+0;14;transformed_atI+235;15;transformationsL0;13;parent_objectS0;","64d76f27bb6586b62a95d746d50d6059d62c66638da54a909b8494eddc494873"
"obj.Kant.Cli.say_eq_browserSay","theorem","Kant.Cli.say_eq_browserSay","PROVEN","∀ (sv : Kant.Relay.Server) (c : Kant.Cli.Client) (body : Kant.Bytes.Blob),   Eq (Kant.Cli.say sv c body) (Kant.Cli.browserSay sv c body)","L1;S23;obj.Kant.Cli.Client.seq","O0;","L0;","L0;","L1;S32;claim.Kant.Cli.say_eq_browserSay","L0;","L1;S32;proof.Kant.Cli.say_eq_browserSay","L0;","S136;∀ (sv : Kant.Relay.Server) (c : Kant.Cli.Client) (body : Kant.Bytes.Blob),   Eq (Kant.Cli.say sv c body) (Kant.Cli.browserSay sv c body)","O7;13;source_systemS5;lean411;source_fileS28;RequestProject/Kant/Cli.lean13;source_formatS4;text11;imported_atI+0;14;transformed_atI+376;15;transformationsL0;13;parent_objectS0;","a4e93b1883e26e18b357f9d9b63a6463087b6c0c978e4d6e7add32cabd74e489"
"obj.Kant.Wasm.Encode.name.eq_1","theorem","Kant.Wasm.Encode.name.eq_1","PROVEN","∀ (s : String),   Eq (Kant.Wasm.Encode.name s)     (instHAppendOfAppend.hAppend (Kant.Wasm.Leb128.uleb s.toUTF8.toList.length) s.toUTF8.toList)","L0;","O0;","L0;","L0;","L1;S32;claim.Kant.Wasm.Encode.name.eq_1","L0;","L1;S32;proof.Kant.Wasm.Encode.name.eq_1","L0;","S143;∀ (s : String),   Eq (Kant.Wasm.Encode.name s)     (instHAppendOfAppend.hAppend (Kant.Wasm.Leb128.uleb s.toUTF8.toList.length) s.toUTF8.toList)","O7;13;source_systemS5;lean411;source_fileS31;RequestProject/Wasm/Decode.lean13;source_formatS4;text11;imported_atI+0;14;transformed_atI+0;15;transformationsL0;13;parent_objectS0;","df3c07ae1c21a5197a8678b58f16ebde9f9ee7f330a4c38b1138a12dd4752350"
"obj.Kant.Wasm.Decode.typecheck_compile.match_1_1","def","Kant.Wasm.Decode.typecheck_compile.match_1_1","ASSERTED","∀ {arity : Nat}   (motive : (x : Kant.Wasm.Expr) → Kant.Wasm.Expr.Wf arity x → List Kant.Wasm.Decode.VType → Prop)   (x : Kant.Wasm.Expr) (x_1 : Kant.Wasm.Expr.Wf arity x) (x_2 : List Kant.Wasm.Decode.VType),   (∀ (n : Nat) (x : Kant.Wasm.Expr.Wf arity (Kant.Wasm.Expr.const n))       (s : List Kant.Wasm.Decode.VType), motive (Kant.Wasm.Expr.const n) x s) →     (∀ (i : Nat) (h : Kant.Wasm.Expr.Wf arity (Kant.Wasm.Expr.var i))         (s : List Kant.Wasm.Decode.VType), motive (Kant.Wasm.Expr.var i) h s) →       (∀ (op : Kant.Wasm.BinOp) (a b : Kant.Wasm.Expr)           (h : Kant.Wasm.Expr.Wf arity (Kant.Wasm.Expr.bin op a b))           (s : List Kant.Wasm.Decode.VType), motive (Kant.Wasm.Expr.bin op a b) h s) →         (∀ (op : Kant.Wasm.CmpOp) (a b : Kant.Wasm.Expr)             (h : Kant.Wasm.Expr.Wf arity (Kant.Wasm.Expr.cmp op a b))             (s : List Kant.Wasm.Decode.VType), motive (Kant.Wasm.Expr.cmp op a b) h s) →           motive x x_1 x_2","L2;S21;obj.Kant.Wasm.Expr.WfS19;obj.Kant.Wasm.BinOp","O0;","L0;","L0;","L0;","L0;","L0;","L0;","S961;∀ {arity : Nat}   (motive : (x : Kant.Wasm.Expr) → Kant.Wasm.Expr.Wf arity x → List Kant.Wasm.Decode.VType → Prop)   (x : Kant.Wasm.Expr) (x_1 : Kant.Wasm.Expr.Wf arity x) (x_2 : List Kant.Wasm.Decode.VType),   (∀ (n : Nat) (x : Kant.Wasm.Expr.Wf arity (Kant.Wasm.Expr.const n))       (s : List Kant.Wasm.Decode.VType), motive (Kant.Wasm.Expr.const n) x s) →     (∀ (i : Nat) (h : Kant.Wasm.Expr.Wf arity (Kant.Wasm.Expr.var i))         (s : List Kant.Wasm.Decode.VType), motive (Kant.Wasm.Expr.var i) h s) →       (∀ (op : Kant.Wasm.BinOp) (a b : Kant.Wasm.Expr)           (h : Kant.Wasm.Expr.Wf arity (Kant.Wasm.Expr.bin op a b))           (s : List Kant.Wasm.Decode.VType), motive (Kant.Wasm.Expr.bin op a b) h s) →         (∀ (op : Kant.Wasm.CmpOp) (a b : Kant.Wasm.Expr)             (h : Kant.Wasm.Expr.Wf arity (Kant.Wasm.Expr.cmp op a b))             (s : List Kant.Wasm.Decode.VType), motive (Kant.Wasm.Expr.cmp op a b) h s) →           motive x x_1 x_2","O7;13;source_systemS5;lean411;source_fileS31;RequestProject/Wasm/Decode.lean13;source_formatS4;text11;imported_atI+0;14;transformed_atI+0;15;transformationsL0;13;parent_objectS0;","5f59617d064897ed040b19338a548d12afd9f931d80c9017086adeba7a21559c"
"obj.Kant.Onboarding.step.eq_5","theorem","Kant.Onboarding.step.eq_5","PROVEN","∀ (s : Kant.Onboarding.State),   Eq (Kant.Onboarding.step s Kant.Onboarding.Event.startCamera)     { screen := Kant.Onboarding.Screen.scan, camera := Bool.true, inRoom := s.inRoom,       hushed := s.hushed, progress := s.progress }","L0;","O0;","L0;","L0;","L1;S31;claim.Kant.Onboarding.step.eq_5","L0;","L1;S31;proof.Kant.Onboarding.step.eq_5","L0;","S231;∀ (s : Kant.Onboarding.State),   Eq (Kant.Onboarding.step s Kant.Onboarding.Event.startCamera)     { screen := Kant.Onboarding.Screen.scan, camera := Bool.true, inRoom := s.inRoom,       hushed := s.hushed, progress := s.progress }","O7;13;source_systemS5;lean411;source_fileS35;RequestProject/Kant/Onboarding.lean13;source_formatS4;text11;imported_atI+0;14;transformed_atI+0;15;transformationsL0;13;parent_objectS0;","f0c8239d7128fa3d0d0661ad6a153362a148fb28821fb5f7877d6df79cc68a8c"
"obj.Kant.Sheaf.EigenSpace.hub.elim","def","Kant.Sheaf.EigenSpace.hub.elim","ASSERTED","{motive : Kant.Sheaf.EigenSpace → Sort u} →   (t : Kant.Sheaf.EigenSpace) → Eq t.ctorIdx 2 → motive Kant.Sheaf.EigenSpace.hub → motive t","L0;","O0;","L0;","L0;","L0;","L0;","L0;","L0;","S136;{motive : Kant.Sheaf.EigenSpace → Sort u} →   (t : Kant.Sheaf.EigenSpace) → Eq t.ctorIdx 2 → motive Kant.Sheaf.EigenSpace.hub → motive t","O7;13;source_systemS5;lean411;source_fileS30;RequestProject/Kant/Sheaf.lean13;source_formatS4;text11;imported_atI+0;14;transformed_atI+60;15;transformationsL0;13;parent_objectS0;","d47991e74ff69a12fbff756b9cda381d5d0f2fe0b3ddb32cd6ac6d21db3282d7"
"obj.Kant.Uucp.readMsgs.match_4","def","Kant.Uucp.readMsgs.match_4","ASSERTED","(motive : List Kant.Bytes.Blob → Sort u_1) →   (x : List Kant.Bytes.Blob) →     (Unit → motive List.nil) →       ((f : Kant.Bytes.Blob) → (fs : List Kant.Bytes.Blob) → motive (List.cons f fs)) → motive x","L0;","O0;","L0;","L0;","L0;","L0;","L0;","L0;","S203;(motive : List Kant.Bytes.Blob → Sort u_1) →   (x : List Kant.Bytes.Blob) →     (Unit → motive List.nil) →       ((f : Kant.Bytes.Blob) → (fs : List Kant.Bytes.Blob) → motive (List.cons f fs)) → motive x","O7;13;source_systemS5;lean411;source_fileS29;RequestProject/Kant/Uucp.lean13;source_formatS4;text11;imported_atI+0;14;transformed_atI+0;15;transformationsL0;13;parent_objectS0;","adb881f1afa124678e8585daa1a9f9d410725c383399fd8da5b1f973bcb8ffba"
"obj.Kant.Relay.parseMsg","def","Kant.Relay.parseMsg","ASSERTED","List Char → Option Kant.Relay.Msg","L0;","O0;","L0;","L0;","L0;","L0;","L0;","L0;","S33;List Char → Option Kant.Relay.Msg","O7;13;source_systemS5;lean411;source_fileS30;RequestProject/Kant/Relay.lean13;source_formatS4;text11;imported_atI+0;14;transformed_atI+103;15;transformationsL0;13;parent_objectS0;","9db1557136ecd21752f2a87b8b1991f444529e618f7ef2056ab9ccc44ed85662"
"obj.Kant.Wasm.Func.mk.injEq","theorem","Kant.Wasm.Func.mk.injEq","PROVEN","∀ (name : String) (arity : Nat) (body : Kant.Wasm.Expr) (name_1 : String) (arity_1 : Nat)   (body_1 : Kant.Wasm.Expr),   Eq     (Eq { name := name, arity := arity, body := body }       { name := name_1, arity := arity_1, body := body_1 })     (And (Eq name name_1) (And (Eq arity arity_1) (Eq body body_1)))","L0;","O0;","L0;","L0;","L1;S29;claim.Kant.Wasm.Func.mk.injEq","L0;","L1;S29;proof.Kant.Wasm.Func.mk.injEq","L0;","S307;∀ (name : String) (arity : Nat) (body : Kant.Wasm.Expr) (name_1 : String) (arity_1 : Nat)   (body_1 : Kant.Wasm.Expr),   Eq     (Eq { name := name, arity := arity, body := body }       { name := name_1, arity := arity_1, body := body_1 })     (And (Eq name name_1) (And (Eq arity arity_1) (Eq body body_1)))","O7;13;source_systemS5;lean411;source_fileS31;RequestProject/Wasm/Syntax.lean13;source_formatS4;text11;imported_atI+0;14;transformed_atI+0;15;transformationsL0;13;parent_objectS0;","9403694b7be6ab8bf6d171b77fb432d8035b1c4e4b02fe51d157f4a543b4a57e"
"obj.Kant.Codec.Compat.ctorIdx","def","Kant.Codec.Compat.ctorIdx","ASSERTED","Kant.Codec.Compat → Nat","L0;","O0;","L0;","L0;","L0;","L0;","L0;","L0;","S23;Kant.Codec.Compat → Nat","O7;13;source_systemS5;lean411;source_fileS39;RequestProject/Kant/Codec/Exchange.lean13;source_formatS4;text11;imported_atI+0;14;transformed_atI+0;15;transformationsL0;13;parent_objectS0;","a72772e853b3a1a61128bb8f7aa1b10156993b6daecf12800e1d9db821d1fd1b"
"obj.Kant.Diagnostics.instReprReport","def","Kant.Diagnostics.instReprReport","ASSERTED","Repr Kant.Diagnostics.Report","L1;S40;obj.Kant.Diagnostics.instReprReport.repr","O0;","L0;","L0;","L0;","L0;","L0;","L0;","S28;Repr Kant.Diagnostics.Report","O7;13;source_systemS5;lean411;source_fileS36;RequestProject/Kant/Diagnostics.lean13;source_formatS4;text11;imported_atI+0;14;transformed_atI+493;15;transformationsL0;13;parent_objectS0;","d29e5b5cf56d80cb2e3a5ad67dfbfc88b4aa5b90ebad3291ea9d63f6b942aace"
"obj.Kant.Diagnostics.ref","def","Kant.Diagnostics.ref","ASSERTED","List Char → List Char","L0;","O0;","L0;","L0;","L0;","L0;","L0;","L0;","S21;List Char → List Char","O7;13;source_systemS5;lean411;source_fileS36;RequestProject/Kant/Diagnostics.lean13;source_formatS4;text11;imported_atI+0;14;transformed_atI+465;15;transformationsL0;13;parent_objectS0;","bd23e74f9fa557ecf639ec60de84c96f45bea9b940cc9c8aa88a5b55049a7b8d"
"obj.Kant.CardDebug.Code.page.injEq","theorem","Kant.CardDebug.Code.page.injEq","PROVEN","∀ (addr addr_1 : List Char),   Eq (Eq (Kant.CardDebug.Code.page addr) (Kant.CardDebug.Code.page addr_1)) (Eq addr addr_1)","L0;","O0;","L0;","L0;","L1;S36;claim.Kant.CardDebug.Code.page.injEq","L0;","L1;S36;proof.Kant.CardDebug.Code.page.injEq","L0;","S121;∀ (addr addr_1 : List Char),   Eq (Eq (Kant.CardDebug.Code.page addr) (Kant.CardDebug.Code.page addr_1)) (Eq addr addr_1)","O7;13;source_systemS5;lean411;source_fileS34;RequestProject/Kant/CardDebug.lean13;source_formatS4;text11;imported_atI+0;14;transformed_atI+0;15;transformationsL0;13;parent_objectS0;","0cacfca1a5d695341f769583db3f91af79133ac93fc138c2acd5030f54b8c0fd"
"obj.Kant.Codec.readInt","def","Kant.Codec.readInt","ASSERTED","List Char → Option (Prod Int (List Char))","L0;","O0;","L0;","L0;","L0;","L0;","L0;","L0;","S41;List Char → Option (Prod Int (List Char))","O7;13;source_systemS5;lean411;source_fileS34;RequestProject/Kant/Codec/Val.lean13;source_formatS4;text11;imported_atI+0;14;transformed_atI+204;15;transformationsL0;13;parent_objectS0;","909ccc7fe70301d4c7840f886a71b75766ba60461ec460d2936ea900984a5dd5"
"obj.Kant.Demo.demoLog","def","Kant.Demo.demoLog","ASSERTED","Kant.Diagnostics.Log","L0;","O0;","L0;","L0;","L0;","L0;","L0;","L0;","S20;Kant.Diagnostics.Log","O7;13;source_systemS5;lean411;source_fileS29;RequestProject/Kant/Demo.lean13;source_formatS4;text11;imported_atI+0;14;transformed_atI+610;15;transformationsL0;13;parent_objectS0;","af1979d0992f0108dcaec8076325cfdb3762d2f70bb5532e430444d17ab53501"
"obj.Kant.Wasm.Kernel.daslPrefix","def","Kant.Wasm.Kernel.daslPrefix","ASSERTED","Nat","L0;","O0;","L0;","L0;","L0;","L0;","L0;","L0;","S3;Nat","O7;13;source_systemS5;lean411;source_fileS31;RequestProject/Wasm/Kernel.lean13;source_formatS4;text11;imported_atI+0;14;transformed_atI+28;15;transformationsL0;13;parent_objectS0;","1e2726e02018f21adba4f164a775fb5d38b2d26dd371a2d405f4d3355a0df397"
"obj.Kant.Codec.Trans.codec","def","Kant.Codec.Trans.codec","ASSERTED","Kant.Codec.Trans → Kant.Codec.Fmt","L0;","O0;","L0;","L0;","L0;","L0;","L0;","L0;","S33;Kant.Codec.Trans → Kant.Codec.Fmt","O7;13;source_systemS5;lean411;source_fileS36;RequestProject/Kant/Codec/Model.lean13;source_formatS4;text11;imported_atI+0;14;transformed_atI+281;15;transformationsL0;13;parent_objectS0;","a57867776e92a50a7c9c12b16472e2757bde4a1e1502c7acba5cd0ee7a74b8c7"
"obj.Kant.Codec.optVal","def","Kant.Codec.optVal","ASSERTED","{α : Type} → (α → Kant.Codec.Val) → Option α → Kant.Codec.Val","L0;","O0;","L0;","L0;","L0;","L0;","L0;","L0;","S61;{α : Type} → (α → Kant.Codec.Val) → Option α → Kant.Codec.Val","O7;13;source_systemS5;lean411;source_fileS36;RequestProject/Kant/Codec/Model.lean13;source_formatS4;text11;imported_atI+0;14;transformed_atI+194;15;transformationsL0;13;parent_objectS0;","c158b68f9f3cc2989525de016ba568dbc9e17899daa16446e6da447f48f9cb49"
"obj.Kant.Uucp.Site.serve_static","theorem","Kant.Uucp.Site.serve_static","PROVEN","∀ (s : Kant.Uucp.Site) (path : List Char), Eq (s.serve path).fst s","L0;","O0;","L0;","L0;","L1;S33;claim.Kant.Uucp.Site.serve_static","L0;","L1;S33;proof.Kant.Uucp.Site.serve_static","L0;","S66;∀ (s : Kant.Uucp.Site) (path : List Char), Eq (s.serve path).fst s","O7;13;source_systemS5;lean411;source_fileS29;RequestProject/Kant/Uucp.lean13;source_formatS4;text11;imported_atI+0;14;transformed_atI+731;15;transformationsL0;13;parent_objectS0;","1b578b7e2855e7546f60f3720b452cdfc8bffbfcd5319dcaae9c381d1a3ac9a5"
"obj.Kant.Clipboard.Copyable.recOn","def","Kant.Clipboard.Copyable.recOn","ASSERTED","{p : Kant.Paste} →   {motive : Kant.Clipboard.Copyable p → Sort u} →     (t : Kant.Clipboard.Copyable p) →       ((id : Kant.Text.IsAscii p.id) →           (title : Kant.Text.IsAscii p.title) →             (timestamp : Kant.Text.IsAscii p.timestamp) →               (replyTo : ∀ (s : List Char), Eq p.replyTo (Option.some s) → Kant.Text.IsAscii s) →                 motive ⋯) →         motive t","L1;S17;obj.Kant.Paste.id","O0;","L0;","L0;","L0;","L0;","L0;","L0;","S394;{p : Kant.Paste} →   {motive : Kant.Clipboard.Copyable p → Sort u} →     (t : Kant.Clipboard.Copyable p) →       ((id : Kant.Text.IsAscii p.id) →           (title : Kant.Text.IsAscii p.title) →             (timestamp : Kant.Text.IsAscii p.timestamp) →               (replyTo : ∀ (s : List Char), Eq p.replyTo (Option.some s) → Kant.Text.IsAscii s) →                 motive ⋯) →         motive t","O7;13;source_systemS5;lean411;source_fileS34;RequestProject/Kant/Clipboard.lean13;source_formatS4;text11;imported_atI+0;14;transformed_atI+162;15;transformationsL0;13;parent_objectS0;","595192d28f505afdb29303b42b703c4a14ffc82e67ebc5d70c530d3cfd6ce984"
"obj.Kant.Codec.compareObj","def","Kant.Codec.compareObj","ASSERTED","Kant.Codec.Obj → Kant.Codec.Obj → Kant.Codec.Verdict","L1;S23;obj.Kant.Codec.Obj.text","O0;","L0;","L0;","L0;","L0;","L0;","L0;","S52;Kant.Codec.Obj → Kant.Codec.Obj → Kant.Codec.Verdict","O7;13;source_systemS5;lean411;source_fileS40;RequestProject/Kant/Codec/Reconcile.lean13;source_formatS4;text11;imported_atI+0;14;transformed_atI+219;15;transformationsL0;13;parent_objectS0;","b8a57db7a330e4e4e319e9a2d49446b74ba5ea48a5762b0a087f02204767705d"
"obj.Kant.Dom.Rel.derives.elim","def","Kant.Dom.Rel.derives.elim","ASSERTED","{motive : Kant.Dom.Rel → Sort u} →   (t : Kant.Dom.Rel) → Eq t.ctorIdx 4 → motive Kant.Dom.Rel.derives → motive t","L0;","O0;","L0;","L0;","L0;","L0;","L0;","L0;","S113;{motive : Kant.Dom.Rel → Sort u} →   (t : Kant.Dom.Rel) → Eq t.ctorIdx 4 → motive Kant.Dom.Rel.derives → motive t","O7;13;source_systemS5;lean411;source_fileS37;RequestProject/Kant/Domain/Model.lean13;source_formatS4;text11;imported_atI+0;14;transformed_atI+68;15;transformationsL0;13;parent_objectS0;","7ec46429de64e958227131df5cc148cbcd9156003afb29563d3236df0f21ac39"
"obj.Kant.Onboarding.Task.recOn","def","Kant.Onboarding.Task.recOn","ASSERTED","{motive : Kant.Onboarding.Task → Sort u} →   (t : Kant.Onboarding.Task) →     motive Kant.Onboarding.Task.getIn →       motive Kant.Onboarding.Task.shareIt → motive Kant.Onboarding.Task.sayHello → motive t","L1;S24;obj.Kant.Onboarding.Task","O0;","L0;","L0;","L0;","L0;","L0;","L0;","S205;{motive : Kant.Onboarding.Task → Sort u} →   (t : Kant.Onboarding.Task) →     motive Kant.Onboarding.Task.getIn →       motive Kant.Onboarding.Task.shareIt → motive Kant.Onboarding.Task.sayHello → motive t","O7;13;source_systemS5;lean411;source_fileS35;RequestProject/Kant/Onboarding.lean13;source_formatS4;text11;imported_atI+0;14;transformed_atI+91;15;transformationsL0;13;parent_objectS0;","bbe7cc6ad1bf9280e104c334cf3c1603ff360d00f1f6b26646207e2a993fa009"
"obj.Kant.Codec.yamlEncFields.eq_1","theorem","Kant.Codec.yamlEncFields.eq_1","PROVEN","Eq (Kant.Codec.yamlEncFields List.nil) List.nil","L0;","O0;","L0;","L0;","L1;S35;claim.Kant.Codec.yamlEncFields.eq_1","L0;","L1;S35;proof.Kant.Codec.yamlEncFields.eq_1","L0;","S47;Eq (Kant.Codec.yamlEncFields List.nil) List.nil","O7;13;source_systemS5;lean411;source_fileS35;RequestProject/Kant/Codec/Yaml.lean13;source_formatS4;text11;imported_atI+0;14;transformed_atI+0;15;transformationsL0;13;parent_objectS0;","e35a7377324cf6013b04d5b65342d10e435cc959f85993dbb2cf8e29fd2076e8"
"obj.Kant.Dom.Truth.proven.elim","def","Kant.Dom.Truth.proven.elim","ASSERTED","{motive : Kant.Dom.Truth → Sort u} →   (t : Kant.Dom.Truth) → Eq t.ctorIdx 0 → motive Kant.Dom.Truth.proven → motive t","L0;","O0;","L0;","L0;","L0;","L0;","L0;","L0;","S118;{motive : Kant.Dom.Truth → Sort u} →   (t : Kant.Dom.Truth) → Eq t.ctorIdx 0 → motive Kant.Dom.Truth.proven → motive t","O7;13;source_systemS5;lean411;source_fileS37;RequestProject/Kant/Domain/Model.lean13;source_formatS4;text11;imported_atI+0;14;transformed_atI+50;15;transformationsL0;13;parent_objectS0;","324764ba1ee5762c85d370f62b0f52b79920a6ea2145fd1aecd1eb071c4b6295"
"obj.Kant.instReprPaste.repr","def","Kant.instReprPaste.repr","ASSERTED","Kant.Paste → Nat → Std.Format","L1;S17;obj.Kant.Paste.id","O0;","L0;","L0;","L0;","L0;","L0;","L0;","S29;Kant.Paste → Nat → Std.Format","O7;13;source_systemS5;lean411;source_fileS30;RequestProject/Kant/Paste.lean13;source_formatS4;text11;imported_atI+0;14;transformed_atI+47;15;transformationsL0;13;parent_objectS0;","d4d72e2ca0bb78bff07cd385146339fcfbd3672a81b0c6f51ea47b4771509592"
"obj.Kant.Dom.PStatus.ctorIdx","def","Kant.Dom.PStatus.ctorIdx","ASSERTED","Kant.Dom.PStatus → Nat","L0;","O0;","L0;","L0;","L0;","L0;","L0;","L0;","S22;Kant.Dom.PStatus → Nat","O7;13;source_systemS5;lean411;source_fileS37;RequestProject/Kant/Domain/Model.lean13;source_formatS4;text11;imported_atI+0;14;transformed_atI+0;15;transformationsL0;13;parent_objectS0;","e5627dd5dd81269efc23548388093341efb68bce4af8deb82b11215dcf391d2b"
"obj.Kant.Cli.Route.recOn","def","Kant.Cli.Route.recOn","ASSERTED","{motive : Kant.Cli.Route → Sort u} →   (t : Kant.Cli.Route) →     ((room : List Char) → (cursor : Nat) → motive { room := room, cursor := cursor }) → motive t","L0;","O0;","L0;","L0;","L0;","L0;","L0;","L0;","S158;{motive : Kant.Cli.Route → Sort u} →   (t : Kant.Cli.Route) →     ((room : List Char) → (cursor : Nat) → motive { room := room, cursor := cursor }) → motive t","O7;13;source_systemS5;lean411;source_fileS28;RequestProject/Kant/Cli.lean13;source_formatS4;text11;imported_atI+0;14;transformed_atI+236;15;transformationsL0;13;parent_objectS0;","888146c69d01bae76a227723b9737db40a4120d5684421ed231473fc2d5ec7ba"
"obj.Kant.Codec.Prov.mk.sizeOf_spec","theorem","Kant.Codec.Prov.mk.sizeOf_spec","PROVEN","∀ (sourceSystem sourceFile : List Char) (sourceFormat : Kant.Codec.Fmt)   (importedAt transformedAt : Nat) (transformations : List Kant.Codec.Trans) (parent : List Char),   Eq     (Kant.Codec.Prov._sizeOf_inst.sizeOf       { sourceSystem := sourceSystem, sourceFile := sourceFile, sourceFormat := sourceFormat,         importedAt := importedAt, transformedAt := transformedAt,         transformations := transformations, parent := parent })     (instHAdd.hAdd       (instHAdd.hAdd         (instHAdd.hAdd           (instHAdd.hAdd             (instHAdd.hAdd               (instHAdd.hAdd (instHAdd.hAdd 1 ((List._sizeOf_inst Char).sizeOf sourceSystem))                 ((List._sizeOf_inst Char).sizeOf sourceFile))               (Kant.Codec.Fmt._sizeOf_inst.sizeOf sourceFormat))             (instSizeOfNat.sizeOf importedAt))           (instSizeOfNat.sizeOf transformedAt))         ((List._sizeOf_inst Kant.Codec.Trans).sizeOf transformations))       ((List._sizeOf_inst Char).sizeOf parent))","L0;","O0;","L0;","L0;","L1;S36;claim.Kant.Codec.Prov.mk.sizeOf_spec","L0;","L1;S36;proof.Kant.Codec.Prov.mk.sizeOf_spec","L0;","S990;∀ (sourceSystem sourceFile : List Char) (sourceFormat : Kant.Codec.Fmt)   (importedAt transformedAt : Nat) (transformations : List Kant.Codec.Trans) (parent : List Char),   Eq     (Kant.Codec.Prov._sizeOf_inst.sizeOf       { sourceSystem := sourceSystem, sourceFile := sourceFile, sourceFormat := sourceFormat,         importedAt := importedAt, transformedAt := transformedAt,         transformations := transformations, parent := parent })     (instHAdd.hAdd       (instHAdd.hAdd         (instHAdd.hAdd           (instHAdd.hAdd             (instHAdd.hAdd               (instHAdd.hAdd (instHAdd.hAdd 1 ((List._sizeOf_inst Char).sizeOf sourceSystem))                 ((List._sizeOf_inst Char).sizeOf sourceFile))               (Kant.Codec.Fmt._sizeOf_inst.sizeOf sourceFormat))             (instSizeOfNat.sizeOf importedAt))           (instSizeOfNat.sizeOf transformedAt))         ((List._sizeOf_inst Kant.Codec.Trans).sizeOf transformations))       ((List._sizeOf_inst Char).sizeOf parent))","O7;13;source_systemS5;lean411;source_fileS36;RequestProject/Kant/Codec/Model.lean13;source_formatS4;text11;imported_atI+0;14;transformed_atI+0;15;transformationsL0;13;parent_objectS0;","6e8ad7a29c7eb2f3a0ad500cffb1a1b89b9037f3543cc379194e97abdd1f107e"
"obj.Kant.Wasm.Expr.wf_of_wfb","theorem","Kant.Wasm.Expr.wf_of_wfb","PROVEN","∀ {arity : Nat} {e : Kant.Wasm.Expr},   Eq (Kant.Wasm.Expr.wfb arity e) Bool.true → Kant.Wasm.Expr.Wf arity e","L4;S22;obj.Kant.Wasm.Expr.wfbS21;obj.Kant.Wasm.Expr.WfS24;obj.Kant.Wasm.Expr.belowS19;obj.Kant.Wasm.BinOp","O0;","L0;","L0;","L1;S30;claim.Kant.Wasm.Expr.wf_of_wfb","L0;","L1;S30;proof.Kant.Wasm.Expr.wf_of_wfb","L0;","S109;∀ {arity : Nat} {e : Kant.Wasm.Expr},   Eq (Kant.Wasm.Expr.wfb arity e) Bool.true → Kant.Wasm.Expr.Wf arity e","O7;13;source_systemS5;lean411;source_fileS31;RequestProject/Wasm/Syntax.lean13;source_formatS4;text11;imported_atI+0;14;transformed_atI+96;15;transformationsL0;13;parent_objectS0;","3c32f756529b4317ef51f807a3e2ae041e6dee34787a3a2d05bd039c4b04bffa"
"obj.Kant.Wasm.Decode.RawModule.mk.noConfusion","def","Kant.Wasm.Decode.RawModule.mk.noConfusion","ASSERTED","{P : Sort u} →   {arities funcIdx : List Nat} →     {exports : List (Prod Kant.Wasm.Decode.Bytes Nat)} →       {codes : List (List Kant.Wasm.Decode.RawInstr)} →         {arities' funcIdx' : List Nat} →           {exports' : List (Prod Kant.Wasm.Decode.Bytes Nat)} →             {codes' : List (List Kant.Wasm.Decode.RawInstr)} →               Eq { arities := arities, funcIdx := funcIdx, exports := exports, codes := codes }                   { arities := arities', funcIdx := funcIdx', exports := exports',                     codes := codes' } →                 (Eq arities arities' →                     Eq funcIdx funcIdx' → Eq exports exports' → Eq codes codes' → P) →                   P","L1;S29;obj.Kant.Wasm.Decode.RawInstr","O0;","L0;","L0;","L0;","L0;","L0;","L0;","S693;{P : Sort u} →   {arities funcIdx : List Nat} →     {exports : List (Prod Kant.Wasm.Decode.Bytes Nat)} →       {codes : List (List Kant.Wasm.Decode.RawInstr)} →         {arities' funcIdx' : List Nat} →           {exports' : List (Prod Kant.Wasm.Decode.Bytes Nat)} →             {codes' : List (List Kant.Wasm.Decode.RawInstr)} →               Eq { arities := arities, funcIdx := funcIdx, exports := exports, codes := codes }                   { arities := arities', funcIdx := funcIdx', exports := exports',                     codes := codes' } →                 (Eq arities arities' →                     Eq funcIdx funcIdx' → Eq exports exports' → Eq codes codes' → P) →                   P","O7;13;source_systemS5;lean411;source_fileS31;RequestProject/Wasm/Decode.lean13;source_formatS4;text11;imported_atI+0;14;transformed_atI+62;15;transformationsL0;13;parent_objectS0;","841e6cb483052131062ad4d191343b469bacf40287a44f7343bbf3e467b156b8"
"obj.Kant.Codec.Ipdl.below_3","def","Kant.Codec.Ipdl.below_3","ASSERTED","{motive_1 : Kant.Codec.Ipdl → Sort u} →   {motive_2 : List Kant.Codec.Ipdl → Sort u} →     {motive_3 : List (Prod (List Char) Kant.Codec.Ipdl) → Sort u} →       {motive_4 : Prod (List Char) Kant.Codec.Ipdl → Sort u} →         Prod (List Char) Kant.Codec.Ipdl → Sort (max 1 u)","L0;","O0;","L0;","L0;","L0;","L0;","L0;","L0;","S275;{motive_1 : Kant.Codec.Ipdl → Sort u} →   {motive_2 : List Kant.Codec.Ipdl → Sort u} →     {motive_3 : List (Prod (List Char) Kant.Codec.Ipdl) → Sort u} →       {motive_4 : Prod (List Char) Kant.Codec.Ipdl → Sort u} →         Prod (List Char) Kant.Codec.Ipdl → Sort (max 1 u)","O7;13;source_systemS5;lean411;source_fileS35;RequestProject/Kant/Codec/Ipdl.lean13;source_formatS4;text11;imported_atI+0;14;transformed_atI+37;15;transformationsL0;13;parent_objectS0;","b5ce5e5f19ac71b055f937338ad5cc736e30f450c77c99ce7981df84d69b0dd1"
"obj.Kant.Codec.xescChar.eq_1","theorem","Kant.Codec.xescChar.eq_1","PROVEN","∀ (c : Char),   Eq (Kant.Codec.xescChar c)     (ite (Eq c '&')       (List.cons '&' (List.cons 'a' (List.cons 'm' (List.cons 'p' (List.cons ';' List.nil)))))       (ite (Eq c '<') (List.cons '&' (List.cons 'l' (List.cons 't' (List.cons ';' List.nil))))         (ite (Eq c '>') (List.cons '&' (List.cons 'g' (List.cons 't' (List.cons ';' List.nil))))           (ite (Eq c '\""')             (List.cons '&'               (List.cons 'q'                 (List.cons 'u' (List.cons 'o' (List.cons 't' (List.cons ';' List.nil))))))             (ite (Eq c '\'')               (List.cons '&'                 (List.cons 'a'                   (List.cons 'p' (List.cons 'o' (List.cons 's' (List.cons ';' List.nil))))))               (List.cons c List.nil))))))","L0;","O0;","L0;","L0;","L1;S30;claim.Kant.Codec.xescChar.eq_1","L0;","L1;S30;proof.Kant.Codec.xescChar.eq_1","L0;","S747;∀ (c : Char),   Eq (Kant.Codec.xescChar c)     (ite (Eq c '&')       (List.cons '&' (List.cons 'a' (List.cons 'm' (List.cons 'p' (List.cons ';' List.nil)))))       (ite (Eq c '<') (List.cons '&' (List.cons 'l' (List.cons 't' (List.cons ';' List.nil))))         (ite (Eq c '>') (List.cons '&' (List.cons 'g' (List.cons 't' (List.cons ';' List.nil))))           (ite (Eq c '\""')             (List.cons '&'               (List.cons 'q'                 (List.cons 'u' (List.cons 'o' (List.cons 't' (List.cons ';' List.nil))))))             (ite (Eq c '\'')               (List.cons '&'                 (List.cons 'a'                   (List.cons 'p' (List.cons 'o' (List.cons 's' (List.cons ';' List.nil))))))               (List.cons c List.nil))))))","O7;13;source_systemS5;lean411;source_fileS34;RequestProject/Kant/Codec/Xml.lean13;source_formatS4;text11;imported_atI+0;14;transformed_atI+0;15;transformationsL0;13;parent_objectS0;","84f3e9af512996c76786abb9f6b3f77c5a6bc0fdfeda1e2d041ad6034ffba812"
"obj.Kant.Codec.xFields.match_1","def","Kant.Codec.xFields.match_1","ASSERTED","(motive : Option (Prod (List Char) (List Char)) → Sort u_1) →   (x : Option (Prod (List Char) (List Char))) →     ((k r1 : List Char) → motive (Option.some { fst := k, snd := r1 })) →       (Unit → motive Option.none) → motive x","L0;","O0;","L0;","L0;","L0;","L0;","L0;","L0;","S228;(motive : Option (Prod (List Char) (List Char)) → Sort u_1) →   (x : Option (Prod (List Char) (List Char))) →     ((k r1 : List Char) → motive (Option.some { fst := k, snd := r1 })) →       (Unit → motive Option.none) → motive x","O7;13;source_systemS5;lean411;source_fileS34;RequestProject/Kant/Codec/Xml.lean13;source_formatS4;text11;imported_atI+0;14;transformed_atI+0;15;transformationsL0;13;parent_objectS0;","cfb5b7bb2b76cdca4a625b28e873b0cde29e4e2bc5bc77fca01d56b5f9e0665f"
"obj.Kant.Diagnostics.tagLog.eq_1","theorem","Kant.Diagnostics.tagLog.eq_1","PROVEN","Eq Kant.Diagnostics.tagLog (Kant.Text.asciiBytes ""kzlog"".toList)","L0;","O0;","L0;","L0;","L1;S34;claim.Kant.Diagnostics.tagLog.eq_1","L0;","L1;S34;proof.Kant.Diagnostics.tagLog.eq_1","L0;","S64;Eq Kant.Diagnostics.tagLog (Kant.Text.asciiBytes ""kzlog"".toList)","O7;13;source_systemS5;lean411;source_fileS36;RequestProject/Kant/Diagnostics.lean13;source_formatS4;text11;imported_atI+0;14;transformed_atI+0;15;transformationsL0;13;parent_objectS0;","52aff53e2fd5152ced5af544b35c8a2f3f56afac8306b732d2d5387f75040b35"
"obj.Kant.Uucp.natToBytesBE_length_le","theorem","Kant.Uucp.natToBytesBE_length_le","PROVEN","∀ {k n : Nat},   instLTNat.lt n (instHPow.hPow 256 k) → instLENat.le (List.length (Kant.Text.natToBytesBE n)) k","L0;","O0;","L0;","L0;","L1;S38;claim.Kant.Uucp.natToBytesBE_length_le","L0;","L1;S38;proof.Kant.Uucp.natToBytesBE_length_le","L0;","S111;∀ {k n : Nat},   instLTNat.lt n (instHPow.hPow 256 k) → instLENat.le (List.length (Kant.Text.natToBytesBE n)) k","O7;13;source_systemS5;lean411;source_fileS29;RequestProject/Kant/Uucp.lean13;source_formatS4;text11;imported_atI+0;14;transformed_atI+253;15;transformationsL0;13;parent_objectS0;","77fc283c9274a2a22d65db6107fbaf357cfced8b16931724133f367b4ac1c307"
"obj.Kant.Rendezvous.best_congr","theorem","Kant.Rendezvous.best_congr","PROVEN","∀ {r₁ r₂ : Kant.Rendezvous.Roster},   Kant.Rendezvous.Coherent r₁ →     (∀ (x : Kant.Rendezvous.Announce),         Iff (List.instMembership.mem r₁ x) (List.instMembership.mem r₂ x)) →       ∀ (p : List Char), Eq (r₁.best p) (r₂.best p)","L2;S28;obj.Kant.Rendezvous.AnnounceS26;obj.Kant.Rendezvous.IsBest","O0;","L0;","L0;","L1;S32;claim.Kant.Rendezvous.best_congr","L0;","L1;S32;proof.Kant.Rendezvous.best_congr","L0;","S235;∀ {r₁ r₂ : Kant.Rendezvous.Roster},   Kant.Rendezvous.Coherent r₁ →     (∀ (x : Kant.Rendezvous.Announce),         Iff (List.instMembership.mem r₁ x) (List.instMembership.mem r₂ x)) →       ∀ (p : List Char), Eq (r₁.best p) (r₂.best p)","O7;13;source_systemS5;lean411;source_fileS35;RequestProject/Kant/Rendezvous.lean13;source_formatS4;text11;imported_atI+0;14;transformed_atI+387;15;transformationsL0;13;parent_objectS0;","76cfa81b912da88d2b9a3ef9dd8403a2df0ddc711b5999bf3fb51d9d1fe07044"
"obj.Kant.CodeMovie.Circuit.casesOn","def","Kant.CodeMovie.Circuit.casesOn","ASSERTED","{motive : Kant.CodeMovie.Circuit → Sort u} →   (t : Kant.CodeMovie.Circuit) →     ((i : Nat) → motive (Kant.CodeMovie.Circuit.inp i)) →       ((b : Bool) → motive (Kant.CodeMovie.Circuit.const b)) →         ((c : Kant.CodeMovie.Circuit) → motive c.not) →           ((c₁ c₂ : Kant.CodeMovie.Circuit) → motive (c₁.and c₂)) →             ((c₁ c₂ : Kant.CodeMovie.Circuit) → motive (c₁.or c₂)) → motive t","L0;","O0;","L0;","L0;","L0;","L0;","L0;","L0;","S400;{motive : Kant.CodeMovie.Circuit → Sort u} →   (t : Kant.CodeMovie.Circuit) →     ((i : Nat) → motive (Kant.CodeMovie.Circuit.inp i)) →       ((b : Bool) → motive (Kant.CodeMovie.Circuit.const b)) →         ((c : Kant.CodeMovie.Circuit) → motive c.not) →           ((c₁ c₂ : Kant.CodeMovie.Circuit) → motive (c₁.and c₂)) →             ((c₁ c₂ : Kant.CodeMovie.Circuit) → motive (c₁.or c₂)) → motive t","O7;13;source_systemS5;lean411;source_fileS34;RequestProject/Kant/CodeMovie.lean13;source_formatS4;text11;imported_atI+0;14;transformed_atI+155;15;transformationsL0;13;parent_objectS0;","338bc4c5207b5fbfd3ad8f9bc23db79cdf63d1122944f8050073937db641b072"
"obj.Kant.Wasm.Encode.binOpcode.eq_2","theorem","Kant.Wasm.Encode.binOpcode.eq_2","PROVEN","Eq (Kant.Wasm.Encode.binOpcode Kant.Wasm.BinOp.sub) 125","L0;","O0;","L0;","L0;","L1;S37;claim.Kant.Wasm.Encode.binOpcode.eq_2","L0;","L1;S37;proof.Kant.Wasm.Encode.binOpcode.eq_2","L0;","S55;Eq (Kant.Wasm.Encode.binOpcode Kant.Wasm.BinOp.sub) 125","O7;13;source_systemS5;lean411;source_fileS31;RequestProject/Wasm/Decode.lean13;source_formatS4;text11;imported_atI+0;14;transformed_atI+0;15;transformationsL0;13;parent_objectS0;","837467739ba19dc449758200cafeb93787665437ae44062af43216dbf63c399d"
"obj.Kant.Dom.Evid.noConfusion","def","Kant.Dom.Evid.noConfusion","ASSERTED","{P : Sort v✝} → {x y : Kant.Dom.Evid} → Eq x y → Kant.Dom.Evid.noConfusionType P x y","L0;","O0;","L0;","L0;","L0;","L0;","L0;","L0;","S84;{P : Sort v✝} → {x y : Kant.Dom.Evid} → Eq x y → Kant.Dom.Evid.noConfusionType P x y","O7;13;source_systemS5;lean411;source_fileS37;RequestProject/Kant/Domain/Model.lean13;source_formatS4;text11;imported_atI+0;14;transformed_atI+59;15;transformationsL0;13;parent_objectS0;","d700f8554d494e0ebefeeb4cb5b70d29d3528957bf02f8d8d0d6f9a156779173"
"obj.Kant.Codec.parseNatAll.match_1","def","Kant.Codec.parseNatAll.match_1","ASSERTED","(motive : Prod Nat (List Char) → Sort u_1) →   (x : Prod Nat (List Char)) →     ((n : Nat) → motive { fst := n, snd := List.nil }) →       ((x : Prod Nat (List Char)) → motive x) → motive x","L0;","O0;","L0;","L0;","L0;","L0;","L0;","L0;","S189;(motive : Prod Nat (List Char) → Sort u_1) →   (x : Prod Nat (List Char)) →     ((n : Nat) → motive { fst := n, snd := List.nil }) →       ((x : Prod Nat (List Char)) → motive x) → motive x","O7;13;source_systemS5;lean411;source_fileS34;RequestProject/Kant/Codec/Csv.lean13;source_formatS4;text11;imported_atI+0;14;transformed_atI+0;15;transformationsL0;13;parent_objectS0;","839b52d2c1b78212695ba9a8b8faee7514f53840eeeaad4cdc62b78943ce1ddf"
"obj.Kant.Feed.paginate","def","Kant.Feed.paginate","ASSERTED","{α : Type} → Nat → List α → List (List α)","L0;","O0;","L0;","L0;","L0;","L0;","L0;","L0;","S41;{α : Type} → Nat → List α → List (List α)","O7;13;source_systemS5;lean411;source_fileS29;RequestProject/Kant/Feed.lean13;source_formatS4;text11;imported_atI+0;14;transformed_atI+139;15;transformationsL0;13;parent_objectS0;","caaa310cb156ed9ba2e07444e62117c82b2d7f9316841041a09158c24080814e"
"obj.Kant.Credits.Ledger.spendLog","def","Kant.Credits.Ledger.spendLog","ASSERTED","Kant.Credits.Ledger → List (Prod Kant.Credits.Peer Nat)","L0;","O0;","L0;","L0;","L0;","L0;","L0;","L0;","S55;Kant.Credits.Ledger → List (Prod Kant.Credits.Peer Nat)","O7;13;source_systemS5;lean411;source_fileS32;RequestProject/Kant/Credits.lean13;source_formatS4;text11;imported_atI+0;14;transformed_atI+43;15;transformationsL0;13;parent_objectS0;","4e535436df64b4934124c12d2ebe1100dad91b1b7673481992346cdce72f7ae6"
"obj.Kant.Clipboard.decodeList.eq_1","theorem","Kant.Clipboard.decodeList.eq_1","PROVEN","Eq (Kant.Clipboard.decodeList List.nil) (Option.some List.nil)","L0;","O0;","L0;","L0;","L1;S36;claim.Kant.Clipboard.decodeList.eq_1","L0;","L1;S36;proof.Kant.Clipboard.decodeList.eq_1","L0;","S62;Eq (Kant.Clipboard.decodeList List.nil) (Option.some List.nil)","O7;13;source_systemS5;lean411;source_fileS34;RequestProject/Kant/Clipboard.lean13;source_formatS4;text11;imported_atI+0;14;transformed_atI+0;15;transformationsL0;13;parent_objectS0;","f88fc637197189936cf96d3d40b40eb0ff5e63e99186db9905269a60578b4cb6"
"obj.Kant.Diagnostics.parseReport","def","Kant.Diagnostics.parseReport","ASSERTED","List Char → Option Kant.Diagnostics.Report","L1;S40;obj.Kant.Diagnostics.parseEvents.match_3","O0;","L0;","L0;","L0;","L0;","L0;","L0;","S42;List Char → Option Kant.Diagnostics.Report","O7;13;source_systemS5;lean411;source_fileS36;RequestProject/Kant/Diagnostics.lean13;source_formatS4;text11;imported_atI+0;14;transformed_atI+556;15;transformationsL0;13;parent_objectS0;","20b90c07a3b999d7c058041dd67c5bccab22d726005375751d035eccf2b4681a"
"obj.Kant.Codec.xNull.eq_1","theorem","Kant.Codec.xNull.eq_1","PROVEN","Eq Kant.Codec.xNull   (List.cons '<'     (List.cons 'n'       (List.cons 'u' (List.cons 'l' (List.cons 'l' (List.cons '/' (List.cons '>' List.nil)))))))","L0;","O0;","L0;","L0;","L1;S27;claim.Kant.Codec.xNull.eq_1","L0;","L1;S27;proof.Kant.Codec.xNull.eq_1","L0;","S152;Eq Kant.Codec.xNull   (List.cons '<'     (List.cons 'n'       (List.cons 'u' (List.cons 'l' (List.cons 'l' (List.cons '/' (List.cons '>' List.nil)))))))","O7;13;source_systemS5;lean411;source_fileS34;RequestProject/Kant/Codec/Xml.lean13;source_formatS4;text11;imported_atI+0;14;transformed_atI+0;15;transformationsL0;13;parent_objectS0;","7420cba7359ae90fcdf36afbb415f76c596731b4b51faa553ae0e1e950174932"
"obj.Kant.Credits.Ledger.spend_valid","theorem","Kant.Credits.Ledger.spend_valid","PROVEN","∀ {L : Kant.Credits.Ledger},   L.valid →     ∀ {p : Kant.Credits.Peer} {c : Nat} {L' : Kant.Credits.Ledger},       Eq (L.spend p c) (Option.some L') → L'.valid","L1;S32;obj.Kant.Credits.Ledger.spendLog","O0;","L0;","L0;","L1;S37;claim.Kant.Credits.Ledger.spend_valid","L0;","L1;S37;proof.Kant.Credits.Ledger.spend_valid","L0;","S159;∀ {L : Kant.Credits.Ledger},   L.valid →     ∀ {p : Kant.Credits.Peer} {c : Nat} {L' : Kant.Credits.Ledger},       Eq (L.spend p c) (Option.some L') → L'.valid","O7;13;source_systemS5;lean411;source_fileS32;RequestProject/Kant/Credits.lean13;source_formatS4;text11;imported_atI+0;14;transformed_atI+139;15;transformationsL0;13;parent_objectS0;","7d6d1764a097d88eddec086bb62a5ac1ab80d1acde91b158f2f6460626fb55ab"
"obj.Kant.Strip.readParts.match_4","def","Kant.Strip.readParts.match_4","ASSERTED","(motive : List Kant.Stego.Carrier → Sort u_1) →   (x : List Kant.Stego.Carrier) →     (Unit → motive List.nil) →       ((c : Kant.Stego.Carrier) → (cs : List Kant.Stego.Carrier) → motive (List.cons c cs)) →         motive x","L0;","O0;","L0;","L0;","L0;","L0;","L0;","L0;","S223;(motive : List Kant.Stego.Carrier → Sort u_1) →   (x : List Kant.Stego.Carrier) →     (Unit → motive List.nil) →       ((c : Kant.Stego.Carrier) → (cs : List Kant.Stego.Carrier) → motive (List.cons c cs)) →         motive x","O7;13;source_systemS5;lean411;source_fileS30;RequestProject/Kant/Strip.lean13;source_formatS4;text11;imported_atI+0;14;transformed_atI+0;15;transformationsL0;13;parent_objectS0;","229928c2de590f8ab839b5309cd9fedded9a4a0239102fb44d8579b9a3f45b07"
"obj.Kant.Onboarding.back_goes_home","theorem","Kant.Onboarding.back_goes_home","PROVEN","∀ (s : Kant.Onboarding.State),   Eq (Kant.Onboarding.step s Kant.Onboarding.Event.back).screen Kant.Onboarding.Screen.welcome","L0;","O0;","L0;","L0;","L1;S36;claim.Kant.Onboarding.back_goes_home","L0;","L1;S36;proof.Kant.Onboarding.back_goes_home","L0;","S125;∀ (s : Kant.Onboarding.State),   Eq (Kant.Onboarding.step s Kant.Onboarding.Event.back).screen Kant.Onboarding.Screen.welcome","O7;13;source_systemS5;lean411;source_fileS35;RequestProject/Kant/Onboarding.lean13;source_formatS4;text11;imported_atI+0;14;transformed_atI+219;15;transformationsL0;13;parent_objectS0;","f4c762e6fef0ab67cb26421cb4c9c9348d06944219f01ced954f3296a201699a"
"obj.Kant.Codec.ImportReport.mk.inj","theorem","Kant.Codec.ImportReport.mk.inj","PROVEN","∀ {format : Kant.Codec.Fmt} {original : List Char} {object : Kant.Codec.Obj} {hash : List Char}   {errors : List Kant.Codec.Err} {format_1 : Kant.Codec.Fmt} {original_1 : List Char}   {object_1 : Kant.Codec.Obj} {hash_1 : List Char} {errors_1 : List Kant.Codec.Err},   Eq { format := format, original := original, object := object, hash := hash, errors := errors }       { format := format_1, original := original_1, object := object_1, hash := hash_1,         errors := errors_1 } →     And (Eq format format_1)       (And (Eq original original_1)         (And (Eq object object_1) (And (Eq hash hash_1) (Eq errors errors_1))))","L0;","O0;","L0;","L0;","L1;S36;claim.Kant.Codec.ImportReport.mk.inj","L0;","L1;S36;proof.Kant.Codec.ImportReport.mk.inj","L0;","S628;∀ {format : Kant.Codec.Fmt} {original : List Char} {object : Kant.Codec.Obj} {hash : List Char}   {errors : List Kant.Codec.Err} {format_1 : Kant.Codec.Fmt} {original_1 : List Char}   {object_1 : Kant.Codec.Obj} {hash_1 : List Char} {errors_1 : List Kant.Codec.Err},   Eq { format := format, original := original, object := object, hash := hash, errors := errors }       { format := format_1, original := original_1, object := object_1, hash := hash_1,         errors := errors_1 } →     And (Eq format format_1)       (And (Eq original original_1)         (And (Eq object object_1) (And (Eq hash hash_1) (Eq errors errors_1))))","O7;13;source_systemS5;lean411;source_fileS39;RequestProject/Kant/Codec/Exchange.lean13;source_formatS4;text11;imported_atI+0;14;transformed_atI+0;15;transformationsL0;13;parent_objectS0;","adf003c0005982aecfcc1095c8b5aa215820dcb19df44ba83913e4150a66b0ab"
"obj.Kant.Dom.instReprLedgerRow.repr","def","Kant.Dom.instReprLedgerRow.repr","ASSERTED","Kant.Dom.LedgerRow → Nat → Std.Format","L1;S28;obj.Kant.Dom.LedgerRow.truth","O0;","L0;","L0;","L0;","L0;","L0;","L0;","S37;Kant.Dom.LedgerRow → Nat → Std.Format","O7;13;source_systemS5;lean411;source_fileS38;RequestProject/Kant/Domain/Ledger.lean13;source_formatS4;text11;imported_atI+0;14;transformed_atI+148;15;transformationsL0;13;parent_objectS0;","c9fa211b804e5d28b96af17364f810ab83ea3d395bcf33ae7fcbc63bdfa5fc71"
"obj.Kant.Wasm.BinOp","inductive","Kant.Wasm.BinOp","ASSERTED","Type","L0;","O0;","L0;","L0;","L0;","L0;","L0;","L0;","S4;Type","O7;13;source_systemS5;lean411;source_fileS31;RequestProject/Wasm/Syntax.lean13;source_formatS4;text11;imported_atI+0;14;transformed_atI+25;15;transformationsL0;13;parent_objectS0;","550a0425c39956f41e98765d4e6e22d778fb1eeb940dd07a8fb836aedece7bdd"
"obj.Kant.Diagnostics.Area.ctorElim","def","Kant.Diagnostics.Area.ctorElim","ASSERTED","{motive : Kant.Diagnostics.Area → Sort u} →   (ctorIdx : Nat) →     (t : Kant.Diagnostics.Area) →       Eq ctorIdx t.ctorIdx → Kant.Diagnostics.Area.ctorElimType ctorIdx → motive t","L0;","O0;","L0;","L0;","L0;","L0;","L0;","L0;","S180;{motive : Kant.Diagnostics.Area → Sort u} →   (ctorIdx : Nat) →     (t : Kant.Diagnostics.Area) →       Eq ctorIdx t.ctorIdx → Kant.Diagnostics.Area.ctorElimType ctorIdx → motive t","O7;13;source_systemS5;lean411;source_fileS36;RequestProject/Kant/Diagnostics.lean13;source_formatS4;text11;imported_atI+0;14;transformed_atI+89;15;transformationsL0;13;parent_objectS0;","7dbae0051deec652fcc7c4682c9134852b02068d251e138cf3024ba0448997df"
"obj.Kant.Clipboard.fragment.eq_def","theorem","Kant.Clipboard.fragment.eq_def","PROVEN","∀ (u : List Char),   Eq (Kant.Clipboard.fragment u)     (Kant.Clipboard.fragment.match_1 (fun u => List Char) u (fun _ => List.nil) fun c cs =>       ite (Eq c Kant.Clipboard.hash) cs (Kant.Clipboard.fragment cs))","L0;","O0;","L0;","L0;","L1;S36;claim.Kant.Clipboard.fragment.eq_def","L0;","L1;S36;proof.Kant.Clipboard.fragment.eq_def","L0;","S213;∀ (u : List Char),   Eq (Kant.Clipboard.fragment u)     (Kant.Clipboard.fragment.match_1 (fun u => List Char) u (fun _ => List.nil) fun c cs =>       ite (Eq c Kant.Clipboard.hash) cs (Kant.Clipboard.fragment cs))","O7;13;source_systemS5;lean411;source_fileS34;RequestProject/Kant/Clipboard.lean13;source_formatS4;text11;imported_atI+0;14;transformed_atI+0;15;transformationsL0;13;parent_objectS0;","c0d9fb9408fce3a3143f340a10672148d176b464b5003da986c9391e0659258e"
"obj.Kant.Dom.instReprTruth.repr","def","Kant.Dom.instReprTruth.repr","ASSERTED","Kant.Dom.Truth → Nat → Std.Format","L0;","O0;","L0;","L0;","L0;","L0;","L0;","L0;","S33;Kant.Dom.Truth → Nat → Std.Format","O7;13;source_systemS5;lean411;source_fileS37;RequestProject/Kant/Domain/Model.lean13;source_formatS4;text11;imported_atI+0;14;transformed_atI+52;15;transformationsL0;13;parent_objectS0;","c52e766c1bf12b3a8aa641720f72ca1d853cee3f92eeaa04837fdaa897e50ac7"
"obj.Kant.Rendezvous.copyInvite","def","Kant.Rendezvous.copyInvite","ASSERTED","Kant.Rendezvous.Invite → List Char","L0;","O0;","L0;","L0;","L0;","L0;","L0;","L0;","S34;Kant.Rendezvous.Invite → List Char","O7;13;source_systemS5;lean411;source_fileS35;RequestProject/Kant/Rendezvous.lean13;source_formatS4;text11;imported_atI+0;14;transformed_atI+478;15;transformationsL0;13;parent_objectS0;","5b8488bcfb7417cfc8dc13cf2024965ca4e86b32b93f7af59765df9ceb232012"
"obj.Kant.Codec.Trans.outputHash","def","Kant.Codec.Trans.outputHash","ASSERTED","Kant.Codec.Trans → List Char","L0;","O0;","L0;","L0;","L0;","L0;","L0;","L0;","S28;Kant.Codec.Trans → List Char","O7;13;source_systemS5;lean411;source_fileS36;RequestProject/Kant/Codec/Model.lean13;source_formatS4;text11;imported_atI+0;14;transformed_atI+280;15;transformationsL0;13;parent_objectS0;","59291814b9d702f8c5d1f3c27da574ebd0a15363ad830e2663da6c2cb902d849"
"obj.Kant.PlainText.takeWhile_lines_render","theorem","Kant.PlainText.takeWhile_lines_render","PROVEN","∀ (body : List Char) (m : Kant.PlainText.Meta),   (∀ (l : List Char),       List.instMembership.mem (Kant.PlainText.lines body) l → Ne l Kant.PlainText.sigMark) →     Eq       (List.takeWhile (fun l => Decidable.decide (Ne l Kant.PlainText.sigMark))         (Kant.PlainText.lines (Kant.PlainText.render body m)))       (Kant.PlainText.lines body)","L0;","O0;","L0;","L0;","L1;S43;claim.Kant.PlainText.takeWhile_lines_render","L0;","L1;S43;proof.Kant.PlainText.takeWhile_lines_render","L0;","S346;∀ (body : List Char) (m : Kant.PlainText.Meta),   (∀ (l : List Char),       List.instMembership.mem (Kant.PlainText.lines body) l → Ne l Kant.PlainText.sigMark) →     Eq       (List.takeWhile (fun l => Decidable.decide (Ne l Kant.PlainText.sigMark))         (Kant.PlainText.lines (Kant.PlainText.render body m)))       (Kant.PlainText.lines body)","O7;13;source_systemS5;lean411;source_fileS34;RequestProject/Kant/PlainText.lean13;source_formatS4;text11;imported_atI+0;14;transformed_atI+290;15;transformationsL0;13;parent_objectS0;","dd6bcf97ff0d9e5416d2e380049210a74c6a7fb8ac1938face5f2a8881c4e6ed"
"obj.Kant.Cli.parseCurlLine_curlLine","theorem","Kant.Cli.parseCurlLine_curlLine","PROVEN","∀ {r : Kant.Cli.Req},   Not (List.instMembership.mem r.url ' ') →     Not (List.instMembership.mem r.body ' ') →       (Eq r.method Kant.Cli.Method.get → Eq r.body List.nil) →         Eq (Kant.Cli.parseCurlLine (Kant.Cli.curlLine r)) (Option.some r)","L1;S21;obj.Kant.Cli.curlLine","O0;","L0;","L0;","L1;S37;claim.Kant.Cli.parseCurlLine_curlLine","L0;","L1;S37;proof.Kant.Cli.parseCurlLine_curlLine","L0;","S249;∀ {r : Kant.Cli.Req},   Not (List.instMembership.mem r.url ' ') →     Not (List.instMembership.mem r.body ' ') →       (Eq r.method Kant.Cli.Method.get → Eq r.body List.nil) →         Eq (Kant.Cli.parseCurlLine (Kant.Cli.curlLine r)) (Option.some r)","O7;13;source_systemS5;lean411;source_fileS28;RequestProject/Kant/Cli.lean13;source_formatS4;text11;imported_atI+0;14;transformed_atI+217;15;transformationsL0;13;parent_objectS0;","dd6cc6456a77aea71396fd8414d3e2f495abfb1fd2b16ee562197be548fe1e52"
"obj.Kant.Dom.instInhabitedPStatus.default","def","Kant.Dom.instInhabitedPStatus.default","ASSERTED","Kant.Dom.PStatus","L0;","O0;","L0;","L0;","L0;","L0;","L0;","L0;","S16;Kant.Dom.PStatus","O7;13;source_systemS5;lean411;source_fileS37;RequestProject/Kant/Domain/Model.lean13;source_formatS4;text11;imported_atI+0;14;transformed_atI+57;15;transformationsL0;13;parent_objectS0;","323ca21bc4f3a29f936c4a996dc08e9c550cb83695619225fb94b9c4eb86f8a2"
"obj.Kant.Codec.esc.eq_1","theorem","Kant.Codec.esc.eq_1","PROVEN","∀ (s : List Char), Eq (Kant.Codec.esc s) (List.flatMap Kant.Codec.escChar s)","L0;","O0;","L0;","L0;","L1;S25;claim.Kant.Codec.esc.eq_1","L0;","L1;S25;proof.Kant.Codec.esc.eq_1","L0;","S76;∀ (s : List Char), Eq (Kant.Codec.esc s) (List.flatMap Kant.Codec.escChar s)","O7;13;source_systemS5;lean411;source_fileS35;RequestProject/Kant/Codec/Yaml.lean13;source_formatS4;text11;imported_atI+0;14;transformed_atI+0;15;transformationsL0;13;parent_objectS0;","50a90544d767aa7b29cd5ca844dcaf08090cb432241f64c15aafb26782e3cdce"
"obj.Kant.Codec.minOfVal.eq_2","theorem","Kant.Codec.minOfVal.eq_2","PROVEN","∀ (x : Kant.Codec.Val),   (∀ (fs : List (Prod (List Char) Kant.Codec.Val)), Eq x (Kant.Codec.Val.obj fs) → False) →     Eq (Kant.Codec.minOfVal x) Option.none","L0;","O0;","L0;","L0;","L1;S30;claim.Kant.Codec.minOfVal.eq_2","L0;","L1;S30;proof.Kant.Codec.minOfVal.eq_2","L0;","S158;∀ (x : Kant.Codec.Val),   (∀ (fs : List (Prod (List Char) Kant.Codec.Val)), Eq x (Kant.Codec.Val.obj fs) → False) →     Eq (Kant.Codec.minOfVal x) Option.none","O7;13;source_systemS5;lean411;source_fileS36;RequestProject/Kant/Codec/Model.lean13;source_formatS4;text11;imported_atI+0;14;transformed_atI+0;15;transformationsL0;13;parent_objectS0;","4ac198001d2eabf3c768fa99ce7398c0cbfb0bc6794ad48903a9502c2234e836"
"obj.Kant.Dasl.daslHex.eq_1","theorem","Kant.Dasl.daslHex.eq_1","PROVEN","∀ (c : Nat),   Eq (Kant.Dasl.daslHex c)     (List.cons '0'       (List.cons 'x'         (List.map           (fun i =>             Kant.Bytes.hexDigit               (instHMod.hMod (instHDiv.hDiv c (instHPow.hPow 16 (instHSub.hSub 15 i))) 16))           (List.range 16))))","L0;","O0;","L0;","L0;","L1;S28;claim.Kant.Dasl.daslHex.eq_1","L0;","L1;S28;proof.Kant.Dasl.daslHex.eq_1","L0;","S270;∀ (c : Nat),   Eq (Kant.Dasl.daslHex c)     (List.cons '0'       (List.cons 'x'         (List.map           (fun i =>             Kant.Bytes.hexDigit               (instHMod.hMod (instHDiv.hDiv c (instHPow.hPow 16 (instHSub.hSub 15 i))) 16))           (List.range 16))))","O7;13;source_systemS5;lean411;source_fileS29;RequestProject/Kant/Dasl.lean13;source_formatS4;text11;imported_atI+0;14;transformed_atI+0;15;transformationsL0;13;parent_objectS0;","23a42e0b7eeb4019da4f30c8a5cedb9e815480d612edbd73557629ee95d5e238"
"obj.Kant.Dom.tablesPackage","def","Kant.Dom.tablesPackage","ASSERTED","Kant.Dom.Domain → List Kant.Dom.File","L0;","O0;","L0;","L0;","L0;","L0;","L0;","L0;","S36;Kant.Dom.Domain → List Kant.Dom.File","O7;13;source_systemS5;lean411;source_fileS39;RequestProject/Kant/Domain/Package.lean13;source_formatS4;text11;imported_atI+0;14;transformed_atI+251;15;transformationsL0;13;parent_objectS0;","ad52eea22c441add7f7daa1f45220b4abf027663f99754f7f6bc1a69dc984924"
"obj.Kant.Dom.readCells.match_1","def","Kant.Dom.readCells.match_1","ASSERTED","(motive : Option (Prod (List Char) (Prod Char (List Char))) → Sort u_1) →   (x : Option (Prod (List Char) (Prod Char (List Char)))) →     ((v : List Char) →         (sep : Char) →           (r : List Char) → motive (Option.some { fst := v, snd := { fst := sep, snd := r } })) →       (Unit → motive Option.none) → motive x","L0;","O0;","L0;","L0;","L0;","L0;","L0;","L0;","S322;(motive : Option (Prod (List Char) (Prod Char (List Char))) → Sort u_1) →   (x : Option (Prod (List Char) (Prod Char (List Char)))) →     ((v : List Char) →         (sep : Char) →           (r : List Char) → motive (Option.some { fst := v, snd := { fst := sep, snd := r } })) →       (Unit → motive Option.none) → motive x","O7;13;source_systemS5;lean411;source_fileS37;RequestProject/Kant/Domain/Table.lean13;source_formatS4;text11;imported_atI+0;14;transformed_atI+0;15;transformationsL0;13;parent_objectS0;","2d758103c76dfe5cc4c0b823fb82d2977a3ae6062140367203a7256c81ff2f1d"
"obj.Kant.Codec.readNatAux.match_1","def","Kant.Codec.readNatAux.match_1","ASSERTED","(motive : Option Nat → Sort u_1) →   (x : Option Nat) → ((d : Nat) → motive (Option.some d)) → (Unit → motive Option.none) → motive x","L0;","O0;","L0;","L0;","L0;","L0;","L0;","L0;","S133;(motive : Option Nat → Sort u_1) →   (x : Option Nat) → ((d : Nat) → motive (Option.some d)) → (Unit → motive Option.none) → motive x","O7;13;source_systemS5;lean411;source_fileS34;RequestProject/Kant/Codec/Val.lean13;source_formatS4;text11;imported_atI+0;14;transformed_atI+0;15;transformationsL0;13;parent_objectS0;","232ef85b6acc62cc67bbea33436a307f8bb9461e3be433f2d11af3547dfff1f5"
"obj.Kant.Demo.storeA","def","Kant.Demo.storeA","ASSERTED","Kant.Store","L0;","O0;","L0;","L0;","L0;","L0;","L0;","L0;","S10;Kant.Store","O7;13;source_systemS5;lean411;source_fileS29;RequestProject/Kant/Demo.lean13;source_formatS4;text11;imported_atI+0;14;transformed_atI+102;15;transformationsL0;13;parent_objectS0;","8ec8cce772578b94c87bd6195289b58740502b2d674d22fa4396305af19f666d"
"obj.Kant.Dom.instReprLedgerRow","def","Kant.Dom.instReprLedgerRow","ASSERTED","Repr Kant.Dom.LedgerRow","L1;S35;obj.Kant.Dom.instReprLedgerRow.repr","O0;","L0;","L0;","L0;","L0;","L0;","L0;","S23;Repr Kant.Dom.LedgerRow","O7;13;source_systemS5;lean411;source_fileS38;RequestProject/Kant/Domain/Ledger.lean13;source_formatS4;text11;imported_atI+0;14;transformed_atI+148;15;transformationsL0;13;parent_objectS0;","d666d7946142ec78e41118970f42fe0b2104bbff2eee5b5e3c6cb97569dc38f1"
"obj.Kant.Feed.Row.mk.noConfusion","def","Kant.Feed.Row.mk.noConfusion","ASSERTED","{P : Sort u} →   {witness : List Char} →     {cid : Nat} →       {title body timestamp : List Char} →         {replyTo : Option (List Char)} →           {bytes : Nat} →             {copy witness' : List Char} →               {cid' : Nat} →                 {title' body' timestamp' : List Char} →                   {replyTo' : Option (List Char)} →                     {bytes' : Nat} →                       {copy' : List Char} →                         Eq                             { witness := witness, cid := cid, title := title, body := body,                               timestamp := timestamp, replyTo := replyTo, bytes := bytes,                               copy := copy }                             { witness := witness', cid := cid', title := title', body := body',                               timestamp := timestamp', replyTo := replyTo', bytes := bytes',                               copy := copy' } →                           (Eq witness witness' →                               Eq cid cid' →                                 Eq title title' →                                   Eq body body' →                                     Eq timestamp timestamp' →                                       Eq replyTo replyTo' → Eq bytes bytes' → Eq copy copy' → P) →                             P","L0;","O0;","L0;","L0;","L0;","L0;","L0;","L0;","S1303;{P : Sort u} →   {witness : List Char} →     {cid : Nat} →       {title body timestamp : List Char} →         {replyTo : Option (List Char)} →           {bytes : Nat} →             {copy witness' : List Char} →               {cid' : Nat} →                 {title' body' timestamp' : List Char} →                   {replyTo' : Option (List Char)} →                     {bytes' : Nat} →                       {copy' : List Char} →                         Eq                             { witness := witness, cid := cid, title := title, body := body,                               timestamp := timestamp, replyTo := replyTo, bytes := bytes,                               copy := copy }                             { witness := witness', cid := cid', title := title', body := body',                               timestamp := timestamp', replyTo := replyTo', bytes := bytes',                               copy := copy' } →                           (Eq witness witness' →                               Eq cid cid' →                                 Eq title title' →                                   Eq body body' →                                     Eq timestamp timestamp' →                                       Eq replyTo replyTo' → Eq bytes bytes' → Eq copy copy' → P) →                             P","O7;13;source_systemS5;lean411;source_fileS29;RequestProject/Kant/Feed.lean13;source_formatS4;text11;imported_atI+0;14;transformed_atI+48;15;transformationsL0;13;parent_objectS0;","6cad2db8bac1c214a8dfa5454a175657e22bd98e815c961a989d36c5598fc75d"
"obj.Kant.Credits.Ledger.serve_valid","theorem","Kant.Credits.Ledger.serve_valid","PROVEN","∀ {L : Kant.Credits.Ledger},   L.valid → ∀ (p : Kant.Credits.Peer) (bytes : Nat), (L.serve p bytes).valid","L1;S32;obj.Kant.Credits.Ledger.spendLog","O0;","L0;","L0;","L1;S37;claim.Kant.Credits.Ledger.serve_valid","L0;","L1;S37;proof.Kant.Credits.Ledger.serve_valid","L0;","S105;∀ {L : Kant.Credits.Ledger},   L.valid → ∀ (p : Kant.Credits.Peer) (bytes : Nat), (L.serve p bytes).valid","O7;13;source_systemS5;lean411;source_fileS32;RequestProject/Kant/Credits.lean13;source_formatS4;text11;imported_atI+0;14;transformed_atI+96;15;transformationsL0;13;parent_objectS0;","35c05bd2c04b86269bf948743312b8e14ede6e899511b1702ffefd04bc88336b"
"obj.Kant.Wasm.Leb128.uleb.induct","theorem","Kant.Wasm.Leb128.uleb.induct","PROVEN","∀ (motive : Nat → Prop),   (∀ (x : Nat), instLTNat.lt x 128 → motive x) →     (∀ (x : Nat), Not (instLTNat.lt x 128) → motive (instHDiv.hDiv x 128) → motive x) →       ∀ (n : Nat), motive n","L0;","O0;","L0;","L0;","L1;S34;claim.Kant.Wasm.Leb128.uleb.induct","L0;","L1;S34;proof.Kant.Wasm.Leb128.uleb.induct","L0;","S189;∀ (motive : Nat → Prop),   (∀ (x : Nat), instLTNat.lt x 128 → motive x) →     (∀ (x : Nat), Not (instLTNat.lt x 128) → motive (instHDiv.hDiv x 128) → motive x) →       ∀ (n : Nat), motive n","O7;13;source_systemS5;lean411;source_fileS31;RequestProject/Wasm/Leb128.lean13;source_formatS4;text11;imported_atI+0;14;transformed_atI+0;15;transformationsL0;13;parent_objectS0;","7cfccb48347e8e75464335c697060a626c5e4cb30965cb2f577f6153be73179c"
"obj.Kant.Codec.xmlEnc.eq_6","theorem","Kant.Codec.xmlEnc.eq_6","PROVEN","∀ (xs : List Kant.Codec.Val),   Eq (Kant.Codec.xmlEnc (Kant.Codec.Val.list xs))     (instHAppendOfAppend.hAppend Kant.Codec.xListOpen       (instHAppendOfAppend.hAppend (Kant.Codec.xmlEncList xs) Kant.Codec.xListClose))","L1;S21;obj.Kant.Codec.xmlEnc","O0;","L0;","L0;","L1;S28;claim.Kant.Codec.xmlEnc.eq_6","L0;","L1;S28;proof.Kant.Codec.xmlEnc.eq_6","L0;","S219;∀ (xs : List Kant.Codec.Val),   Eq (Kant.Codec.xmlEnc (Kant.Codec.Val.list xs))     (instHAppendOfAppend.hAppend Kant.Codec.xListOpen       (instHAppendOfAppend.hAppend (Kant.Codec.xmlEncList xs) Kant.Codec.xListClose))","O7;13;source_systemS5;lean411;source_fileS34;RequestProject/Kant/Codec/Xml.lean13;source_formatS4;text11;imported_atI+0;14;transformed_atI+0;15;transformationsL0;13;parent_objectS0;","21842ee2435a95d799d6b2bdc8a570ac43daf7d15719b8652936387d00d3030a"
"obj.Kant.Erdfa.unescape.eq_def","theorem","Kant.Erdfa.unescape.eq_def","PROVEN","∀ (x : List Char),   Eq (Kant.Erdfa.unescape x)     (Kant.Erdfa.unescape.match_1 (fun x => List Char) x (fun _ => List.nil)       (fun cs =>         ite           (Eq             ((List.cons 'a' (List.cons 'm' (List.cons 'p' (List.cons ';' List.nil)))).isPrefixOf cs)             Bool.true)           (List.cons '&' (Kant.Erdfa.unescape (List.drop 4 cs)))           (ite             (Eq ((List.cons 'l' (List.cons 't' (List.cons ';' List.nil))).isPrefixOf cs) Bool.true)             (List.cons '<' (Kant.Erdfa.unescape (List.drop 3 cs)))             (ite               (Eq ((List.cons 'g' (List.cons 't' (List.cons ';' List.nil))).isPrefixOf cs)                 Bool.true)               (List.cons '>' (Kant.Erdfa.unescape (List.drop 3 cs)))               (ite                 (Eq                   ((List.cons 'q'                         (List.cons 'u'                           (List.cons 'o' (List.cons 't' (List.cons ';' List.nil))))).isPrefixOf                     cs)                   Bool.true)                 (List.cons '\""' (Kant.Erdfa.unescape (List.drop 5 cs)))                 (List.cons '&' (Kant.Erdfa.unescape cs))))))       fun c cs => List.cons c (Kant.Erdfa.unescape cs))","L0;","O0;","L0;","L0;","L1;S32;claim.Kant.Erdfa.unescape.eq_def","L0;","L1;S32;proof.Kant.Erdfa.unescape.eq_def","L0;","S1191;∀ (x : List Char),   Eq (Kant.Erdfa.unescape x)     (Kant.Erdfa.unescape.match_1 (fun x => List Char) x (fun _ => List.nil)       (fun cs =>         ite           (Eq             ((List.cons 'a' (List.cons 'm' (List.cons 'p' (List.cons ';' List.nil)))).isPrefixOf cs)             Bool.true)           (List.cons '&' (Kant.Erdfa.unescape (List.drop 4 cs)))           (ite             (Eq ((List.cons 'l' (List.cons 't' (List.cons ';' List.nil))).isPrefixOf cs) Bool.true)             (List.cons '<' (Kant.Erdfa.unescape (List.drop 3 cs)))             (ite               (Eq ((List.cons 'g' (List.cons 't' (List.cons ';' List.nil))).isPrefixOf cs)                 Bool.true)               (List.cons '>' (Kant.Erdfa.unescape (List.drop 3 cs)))               (ite                 (Eq                   ((List.cons 'q'                         (List.cons 'u'                           (List.cons 'o' (List.cons 't' (List.cons ';' List.nil))))).isPrefixOf                     cs)                   Bool.true)                 (List.cons '\""' (Kant.Erdfa.unescape (List.drop 5 cs)))                 (List.cons '&' (Kant.Erdfa.unescape cs))))))       fun c cs => List.cons c (Kant.Erdfa.unescape cs))","O7;13;source_systemS5;lean411;source_fileS30;RequestProject/Kant/Erdfa.lean13;source_formatS4;text11;imported_atI+0;14;transformed_atI+0;15;transformationsL0;13;parent_objectS0;","e72e74ec79d47f92ac01a4649c093fcd652f28973f6a3dcc64e0f17287453e07"
"obj.Kant.Codec.Row.value","def","Kant.Codec.Row.value","ASSERTED","Kant.Codec.Row → List Char","L0;","O0;","L0;","L0;","L0;","L0;","L0;","L0;","S26;Kant.Codec.Row → List Char","O7;13;source_systemS5;lean411;source_fileS34;RequestProject/Kant/Codec/Csv.lean13;source_formatS4;text11;imported_atI+0;14;transformed_atI+48;15;transformationsL0;13;parent_objectS0;","16d97f68221bb1865abee34e568412c157ef5b9ba7dcd8a819f2a9a9b9de08b3"
"obj.Kant.Onboarding.speech","def","Kant.Onboarding.speech","ASSERTED","Kant.Onboarding.State → String","L0;","O0;","L0;","L0;","L0;","L0;","L0;","L0;","S30;Kant.Onboarding.State → String","O7;13;source_systemS5;lean411;source_fileS35;RequestProject/Kant/Onboarding.lean13;source_formatS4;text11;imported_atI+0;14;transformed_atI+291;15;transformationsL0;13;parent_objectS0;","18aacfd8bfa23f0b2f97ee79fd8c5110fb9a6be3d14eaf2912a28f94204ec81e"
"obj.Kant.Dom.LedgerRow.ctorIdx","def","Kant.Dom.LedgerRow.ctorIdx","ASSERTED","Kant.Dom.LedgerRow → Nat","L0;","O0;","L0;","L0;","L0;","L0;","L0;","L0;","S24;Kant.Dom.LedgerRow → Nat","O7;13;source_systemS5;lean411;source_fileS38;RequestProject/Kant/Domain/Ledger.lean13;source_formatS4;text11;imported_atI+0;14;transformed_atI+0;15;transformationsL0;13;parent_objectS0;","c2cf395ca7d79b806f038b55b05afb6351c68478756ff95e71163e4461ca4841"
"obj.Kant.Wasm.Leb128.ulebDec.match_1","def","Kant.Wasm.Leb128.ulebDec.match_1","ASSERTED","(motive : Option (Prod Nat (List UInt8)) → Sort u_1) →   (x : Option (Prod Nat (List UInt8))) →     ((n : Nat) → (rest : List UInt8) → motive (Option.some { fst := n, snd := rest })) →       (Unit → motive Option.none) → motive x","L0;","O0;","L0;","L0;","L0;","L0;","L0;","L0;","S229;(motive : Option (Prod Nat (List UInt8)) → Sort u_1) →   (x : Option (Prod Nat (List UInt8))) →     ((n : Nat) → (rest : List UInt8) → motive (Option.some { fst := n, snd := rest })) →       (Unit → motive Option.none) → motive x","O7;13;source_systemS5;lean411;source_fileS31;RequestProject/Wasm/Leb128.lean13;source_formatS4;text11;imported_atI+0;14;transformed_atI+0;15;transformationsL0;13;parent_objectS0;","1d41499b392aa5ec343e9b19531f8e7f81c445972cd12fb2d9e7670bef1a3d45"
"obj.Kant.Feed.Row.bytes","def","Kant.Feed.Row.bytes","ASSERTED","Kant.Feed.Row → Nat","L0;","O0;","L0;","L0;","L0;","L0;","L0;","L0;","S19;Kant.Feed.Row → Nat","O7;13;source_systemS5;lean411;source_fileS29;RequestProject/Kant/Feed.lean13;source_formatS4;text11;imported_atI+0;14;transformed_atI+62;15;transformationsL0;13;parent_objectS0;","547575b71a4bc65e6557f0e0e585889196dd9b5ce960e040fdd9adc106cf0523"
"obj.Kant.Codec.Val.below_1","def","Kant.Codec.Val.below_1","ASSERTED","{motive_1 : Kant.Codec.Val → Sort u} →   {motive_2 : List Kant.Codec.Val → Sort u} →     {motive_3 : List (Prod (List Char) Kant.Codec.Val) → Sort u} →       {motive_4 : Prod (List Char) Kant.Codec.Val → Sort u} → List Kant.Codec.Val → Sort (max 1 u)","L0;","O0;","L0;","L0;","L0;","L0;","L0;","L0;","S250;{motive_1 : Kant.Codec.Val → Sort u} →   {motive_2 : List Kant.Codec.Val → Sort u} →     {motive_3 : List (Prod (List Char) Kant.Codec.Val) → Sort u} →       {motive_4 : Prod (List Char) Kant.Codec.Val → Sort u} → List Kant.Codec.Val → Sort (max 1 u)","O7;13;source_systemS5;lean411;source_fileS34;RequestProject/Kant/Codec/Val.lean13;source_formatS4;text11;imported_atI+0;14;transformed_atI+34;15;transformationsL0;13;parent_objectS0;","b4920abb0f610a94b19c904665e4b3c7e368abfe51ffd07a6e485b10da6bed6d"
"obj.Kant.Dom.relationsTable_recovers","theorem","Kant.Dom.relationsTable_recovers","PROVEN","∀ (d : Kant.Dom.Domain),   Eq (Kant.Dom.relationsOfTable (Kant.Dom.relationsTable d)) (Option.some d.relations)","L1;S21;obj.Kant.Dom.mapM_map","O0;","L0;","L0;","L1;S38;claim.Kant.Dom.relationsTable_recovers","L0;","L1;S38;proof.Kant.Dom.relationsTable_recovers","L0;","S111;∀ (d : Kant.Dom.Domain),   Eq (Kant.Dom.relationsOfTable (Kant.Dom.relationsTable d)) (Option.some d.relations)","O7;13;source_systemS5;lean411;source_fileS37;RequestProject/Kant/Domain/Table.lean13;source_formatS4;text11;imported_atI+0;14;transformed_atI+430;15;transformationsL0;13;parent_objectS0;","250e92c9cea8371dfef926f8c020acda978bdd0626f2b927c5d687d9081519b4"
"obj.Kant.Codec.digitVal","def","Kant.Codec.digitVal","ASSERTED","Char → Option Nat","L0;","O0;","L0;","L0;","L0;","L0;","L0;","L0;","S17;Char → Option Nat","O7;13;source_systemS5;lean411;source_fileS34;RequestProject/Kant/Codec/Val.lean13;source_formatS4;text11;imported_atI+0;14;transformed_atI+89;15;transformationsL0;13;parent_objectS0;","d29c1780a5f2d1e515003251693cd582dc80c23b4b8f25efac7440f76e37069c"
"obj.Kant.Sync.Feed.ctorIdx","def","Kant.Sync.Feed.ctorIdx","ASSERTED","Kant.Sync.Feed → Nat","L0;","O0;","L0;","L0;","L0;","L0;","L0;","L0;","S20;Kant.Sync.Feed → Nat","O7;13;source_systemS5;lean411;source_fileS29;RequestProject/Kant/Sync.lean13;source_formatS4;text11;imported_atI+0;14;transformed_atI+0;15;transformationsL0;13;parent_objectS0;","ff58d29b1b4a1cfa8c2fcee85b8eb56d89eee7daf63f9a7ca2dd45cd5a6eb0ef"
"obj.Kant.Sync.has_sync_iff","theorem","Kant.Sync.has_sync_iff","PROVEN","∀ {st : Kant.Store} (ps : List Kant.Paste) (w : List Char),   Iff (Eq ((Kant.Sync.sync st ps).has w) Bool.true)     (Or (Eq (st.has w) Bool.true)       (Exists fun p => And (List.instMembership.mem ps p) (Eq p.witness w)))","L0;","O0;","L0;","L0;","L1;S28;claim.Kant.Sync.has_sync_iff","L0;","L1;S28;proof.Kant.Sync.has_sync_iff","L0;","S222;∀ {st : Kant.Store} (ps : List Kant.Paste) (w : List Char),   Iff (Eq ((Kant.Sync.sync st ps).has w) Bool.true)     (Or (Eq (st.has w) Bool.true)       (Exists fun p => And (List.instMembership.mem ps p) (Eq p.witness w)))","O7;13;source_systemS5;lean411;source_fileS29;RequestProject/Kant/Sync.lean13;source_formatS4;text11;imported_atI+0;14;transformed_atI+111;15;transformationsL0;13;parent_objectS0;","9b4175970cdcb5851017135fc49731322d03bd795c866fbf98bec6230456666c"
"obj.Kant.Codec.canonBytes","def","Kant.Codec.canonBytes","ASSERTED","Kant.Codec.Val → Kant.Bytes.Blob","L0;","O0;","L0;","L0;","L0;","L0;","L0;","L0;","S32;Kant.Codec.Val → Kant.Bytes.Blob","O7;13;source_systemS5;lean411;source_fileS34;RequestProject/Kant/Codec/Val.lean13;source_formatS4;text11;imported_atI+0;14;transformed_atI+435;15;transformationsL0;13;parent_objectS0;","cc1f262bccd8c41b4a8f6e718091c9987a25e4b107ac936185920ea9c4f43a9e"
"obj.Kant.Diagnostics.parseLog","def","Kant.Diagnostics.parseLog","ASSERTED","List Char → Option (List Kant.Diagnostics.Event)","L0;","O0;","L0;","L0;","L0;","L0;","L0;","L0;","S48;List Char → Option (List Kant.Diagnostics.Event)","O7;13;source_systemS5;lean411;source_fileS36;RequestProject/Kant/Diagnostics.lean13;source_formatS4;text11;imported_atI+0;14;transformed_atI+394;15;transformationsL0;13;parent_objectS0;","26e61a1b12fea713776ab80aad8d1f7046cc8df965f014599d763e1d265f6f36"
"obj.Kant.Onboarding.Event.createRoom.elim","def","Kant.Onboarding.Event.createRoom.elim","ASSERTED","{motive : Kant.Onboarding.Event → Sort u} →   (t : Kant.Onboarding.Event) → Eq t.ctorIdx 2 → motive Kant.Onboarding.Event.createRoom → motive t","L1;S33;obj.Kant.Onboarding.Event.ctorIdx","O0;","L0;","L0;","L0;","L0;","L0;","L0;","S143;{motive : Kant.Onboarding.Event → Sort u} →   (t : Kant.Onboarding.Event) → Eq t.ctorIdx 2 → motive Kant.Onboarding.Event.createRoom → motive t","O7;13;source_systemS5;lean411;source_fileS35;RequestProject/Kant/Onboarding.lean13;source_formatS4;text11;imported_atI+0;14;transformed_atI+70;15;transformationsL0;13;parent_objectS0;","7d6213d38fc821b1d2aae04ea68a01fe411f7a337ec1f243c45350da222b23d0"
"obj.Kant.CodeMovie.Circuit.tokens.eq_3","theorem","Kant.CodeMovie.Circuit.tokens.eq_3","PROVEN","∀ (a : Kant.CodeMovie.Circuit),   Eq a.not.tokens (instHAppendOfAppend.hAppend a.tokens (List.cons 2 List.nil))","L0;","O0;","L0;","L0;","L1;S40;claim.Kant.CodeMovie.Circuit.tokens.eq_3","L0;","L1;S40;proof.Kant.CodeMovie.Circuit.tokens.eq_3","L0;","S111;∀ (a : Kant.CodeMovie.Circuit),   Eq a.not.tokens (instHAppendOfAppend.hAppend a.tokens (List.cons 2 List.nil))","O7;13;source_systemS5;lean411;source_fileS34;RequestProject/Kant/CodeMovie.lean13;source_formatS4;text11;imported_atI+0;14;transformed_atI+0;15;transformationsL0;13;parent_objectS0;","747b4d3045a5cc2c7ac237feafee702f18e071b64e6fd7ca0b7b22dbb239ae6d"
"obj.Kant.Dom.Summary.ctorIdx","def","Kant.Dom.Summary.ctorIdx","ASSERTED","Kant.Dom.Summary → Nat","L0;","O0;","L0;","L0;","L0;","L0;","L0;","L0;","S22;Kant.Dom.Summary → Nat","O7;13;source_systemS5;lean411;source_fileS38;RequestProject/Kant/Domain/Ledger.lean13;source_formatS4;text11;imported_atI+0;14;transformed_atI+0;15;transformationsL0;13;parent_objectS0;","30bf96613c8d34e5397c68a378ac74028c9cd6025a149e5f40b509f47b05c0bc"
"obj.Kant.PlainText.Meta.Wf.posted","theorem","Kant.PlainText.Meta.Wf.posted","PROVEN","∀ {m : Kant.PlainText.Meta}, m.Wf → Kant.SiteCard.FieldOk m.posted","L0;","O0;","L0;","L0;","L1;S35;claim.Kant.PlainText.Meta.Wf.posted","L0;","L1;S35;proof.Kant.PlainText.Meta.Wf.posted","L0;","S66;∀ {m : Kant.PlainText.Meta}, m.Wf → Kant.SiteCard.FieldOk m.posted","O7;13;source_systemS5;lean411;source_fileS34;RequestProject/Kant/PlainText.lean13;source_formatS4;text11;imported_atI+0;14;transformed_atI+108;15;transformationsL0;13;parent_objectS0;","6e3859d2dc3f4eec8966b9abea236e5f8552a257b3ff11724002e8b4ede604c5"
"obj.Kant.Codec.Status.valid.elim","def","Kant.Codec.Status.valid.elim","ASSERTED","{motive : Kant.Codec.Status → Sort u} →   (t : Kant.Codec.Status) → Eq t.ctorIdx 2 → motive Kant.Codec.Status.valid → motive t","L0;","O0;","L0;","L0;","L0;","L0;","L0;","L0;","S126;{motive : Kant.Codec.Status → Sort u} →   (t : Kant.Codec.Status) → Eq t.ctorIdx 2 → motive Kant.Codec.Status.valid → motive t","O7;13;source_systemS5;lean411;source_fileS36;RequestProject/Kant/Codec/Model.lean13;source_formatS4;text11;imported_atI+0;14;transformed_atI+43;15;transformationsL0;13;parent_objectS0;","83eebf967e43efbbdd606ef3a0861cb03c4a981752ff9ac1430d3bb88f3e1396"
"obj.Kant.Clipboard.pasteReceipt_copyReceipt","theorem","Kant.Clipboard.pasteReceipt_copyReceipt","PROVEN","∀ {r : Kant.Clipboard.Receipt},   Kant.Text.IsAscii r.witness →     Eq (Kant.Clipboard.pasteReceipt (Kant.Clipboard.copyReceipt r)) (Option.some r)","L0;","O0;","L0;","L0;","L1;S45;claim.Kant.Clipboard.pasteReceipt_copyReceipt","L0;","L1;S45;proof.Kant.Clipboard.pasteReceipt_copyReceipt","L0;","S147;∀ {r : Kant.Clipboard.Receipt},   Kant.Text.IsAscii r.witness →     Eq (Kant.Clipboard.pasteReceipt (Kant.Clipboard.copyReceipt r)) (Option.some r)","O7;13;source_systemS5;lean411;source_fileS34;RequestProject/Kant/Clipboard.lean13;source_formatS4;text11;imported_atI+0;14;transformed_atI+318;15;transformationsL0;13;parent_objectS0;","f1dd64c846adebeac44a3c0b14462a0580564306749f8eccdba339b20c8d23a7"
"obj.Kant.Dom.instDecidableEqEvent.decEq","def","Kant.Dom.instDecidableEqEvent.decEq","ASSERTED","(x x_1 : Kant.Dom.Event) → Decidable (Eq x x_1)","L0;","O0;","L0;","L0;","L0;","L0;","L0;","L0;","S47;(x x_1 : Kant.Dom.Event) → Decidable (Eq x x_1)","O7;13;source_systemS5;lean411;source_fileS38;RequestProject/Kant/Domain/Policy.lean13;source_formatS4;text11;imported_atI+0;14;transformed_atI+50;15;transformationsL0;13;parent_objectS0;","dd5e9c9357ab33156504ee9b5f939b9aa56b25b49a74be87858b54650577208c"
"obj.Kant.Codec.readQuoted_esc","theorem","Kant.Codec.readQuoted_esc","PROVEN","∀ (s rest : List Char),   Eq (Kant.Codec.readQuoted (instHAppendOfAppend.hAppend (Kant.Codec.esc s) (List.cons '\""' rest)))     (Option.some { fst := s, snd := rest })","L0;","O0;","L0;","L0;","L1;S31;claim.Kant.Codec.readQuoted_esc","L0;","L1;S31;proof.Kant.Codec.readQuoted_esc","L0;","S167;∀ (s rest : List Char),   Eq (Kant.Codec.readQuoted (instHAppendOfAppend.hAppend (Kant.Codec.esc s) (List.cons '\""' rest)))     (Option.some { fst := s, snd := rest })","O7;13;source_systemS5;lean411;source_fileS35;RequestProject/Kant/Codec/Yaml.lean13;source_formatS4;text11;imported_atI+0;14;transformed_atI+65;15;transformationsL0;13;parent_objectS0;","54e74bf11c49eec925eaae8a6b9a2efe0a2586155e88647bf7af7c4503295740"
"obj.Kant.Codec.Status.error.sizeOf_spec","theorem","Kant.Codec.Status.error.sizeOf_spec","PROVEN","Eq (Kant.Codec.Status._sizeOf_inst.sizeOf Kant.Codec.Status.error) 1","L0;","O0;","L0;","L0;","L1;S41;claim.Kant.Codec.Status.error.sizeOf_spec","L0;","L1;S41;proof.Kant.Codec.Status.error.sizeOf_spec","L0;","S68;Eq (Kant.Codec.Status._sizeOf_inst.sizeOf Kant.Codec.Status.error) 1","O7;13;source_systemS5;lean411;source_fileS36;RequestProject/Kant/Codec/Model.lean13;source_formatS4;text11;imported_atI+0;14;transformed_atI+0;15;transformationsL0;13;parent_objectS0;","0d003a90a2bcaf1bcd67822d4dd259b870e5e3b03006f86135e96d50a48a397e"
"obj.Kant.CardDebug.instDecidableEqCode","def","Kant.CardDebug.instDecidableEqCode","ASSERTED","DecidableEq Kant.CardDebug.Code","L0;","O0;","L0;","L0;","L0;","L0;","L0;","L0;","S31;DecidableEq Kant.CardDebug.Code","O7;13;source_systemS5;lean411;source_fileS34;RequestProject/Kant/CardDebug.lean13;source_formatS4;text11;imported_atI+0;14;transformed_atI+97;15;transformationsL0;13;parent_objectS0;","a246015aed2eba8683cab388d688ded9174383e4021d62a0b546f4140adc7573"
"obj.Kant.Codec.ipdlAnnotKey.eq_1","theorem","Kant.Codec.ipdlAnnotKey.eq_1","PROVEN","Eq Kant.Codec.ipdlAnnotKey ""$ipdl.annotation"".toList","L0;","O0;","L0;","L0;","L1;S34;claim.Kant.Codec.ipdlAnnotKey.eq_1","L0;","L1;S34;proof.Kant.Codec.ipdlAnnotKey.eq_1","L0;","S52;Eq Kant.Codec.ipdlAnnotKey ""$ipdl.annotation"".toList","O7;13;source_systemS5;lean411;source_fileS35;RequestProject/Kant/Codec/Ipdl.lean13;source_formatS4;text11;imported_atI+0;14;transformed_atI+0;15;transformationsL0;13;parent_objectS0;","f894a6f46eb3ef29f0489afd49972e7609525969eee2f783c198fce2139692d0"
"obj.Kant.Onboarding.Task","inductive","Kant.Onboarding.Task","ASSERTED","Type","L0;","O0;","L0;","L0;","L0;","L0;","L0;","L0;","S4;Type","O7;13;source_systemS5;lean411;source_fileS35;RequestProject/Kant/Onboarding.lean13;source_formatS4;text11;imported_atI+0;14;transformed_atI+91;15;transformationsL0;13;parent_objectS0;","0d7185080ec4a70f6588560b49bab36cbe746f6d2138e8159bb52b98fb0ef3f2"
"obj.Kant.Diagnostics.joinLines","def","Kant.Diagnostics.joinLines","ASSERTED","List (List Char) → List Char","L0;","O0;","L0;","L0;","L0;","L0;","L0;","L0;","S28;List (List Char) → List Char","O7;13;source_systemS5;lean411;source_fileS36;RequestProject/Kant/Diagnostics.lean13;source_formatS4;text11;imported_atI+0;14;transformed_atI+300;15;transformationsL0;13;parent_objectS0;","7da8e8f0733657b5ad7652a385080c32f9bfd0e01fcab6af2bfce515a18be09c"
"obj.Kant.CodeMovie.Circuit.noConfusionType","def","Kant.CodeMovie.Circuit.noConfusionType","ASSERTED","Sort u → Kant.CodeMovie.Circuit → Kant.CodeMovie.Circuit → Sort u","L1;S34;obj.Kant.CodeMovie.Circuit.casesOn","O0;","L0;","L0;","L0;","L0;","L0;","L0;","S65;Sort u → Kant.CodeMovie.Circuit → Kant.CodeMovie.Circuit → Sort u","O7;13;source_systemS5;lean411;source_fileS34;RequestProject/Kant/CodeMovie.lean13;source_formatS4;text11;imported_atI+0;14;transformed_atI+0;15;transformationsL0;13;parent_objectS0;","61efcb6c8009b7d021c37da7eb5a89731257db0729dac6de4128ce41c81bf401"
"obj.Kant.Text.isAscii_sep","theorem","Kant.Text.isAscii_sep","PROVEN","instLTNat.lt Kant.Text.sep.toNat 128","L0;","O0;","L0;","L0;","L1;S27;claim.Kant.Text.isAscii_sep","L0;","L1;S27;proof.Kant.Text.isAscii_sep","L0;","S36;instLTNat.lt Kant.Text.sep.toNat 128","O7;13;source_systemS5;lean411;source_fileS29;RequestProject/Kant/Text.lean13;source_formatS4;text11;imported_atI+0;14;transformed_atI+233;15;transformationsL0;13;parent_objectS0;","ad4306e6d1ca147ae9aba3a1f5c801edaeb99f9e1b37f5542bb13816184fa247"
"obj.Kant.Dom.instInhabitedProofRec.default","def","Kant.Dom.instInhabitedProofRec.default","ASSERTED","Kant.Dom.ProofRec","L0;","O0;","L0;","L0;","L0;","L0;","L0;","L0;","S17;Kant.Dom.ProofRec","O7;13;source_systemS5;lean411;source_fileS37;RequestProject/Kant/Domain/Model.lean13;source_formatS4;text11;imported_atI+0;14;transformed_atI+388;15;transformationsL0;13;parent_objectS0;","bc89c24ca454bca81cbd3a364f35dcbba5016b92edadb04e807a253b2c05e7e1"
"obj.Kant.Dasl.reflect59_period","theorem","Kant.Dasl.reflect59_period","PROVEN","∀ {o : Kant.Dasl.Orbifold}, o.valid → Eq (Kant.Dasl.reflect59 o 59) o","L0;","O0;","L0;","L0;","L1;S32;claim.Kant.Dasl.reflect59_period","L0;","L1;S32;proof.Kant.Dasl.reflect59_period","L0;","S69;∀ {o : Kant.Dasl.Orbifold}, o.valid → Eq (Kant.Dasl.reflect59 o 59) o","O7;13;source_systemS5;lean411;source_fileS29;RequestProject/Kant/Dasl.lean13;source_formatS4;text11;imported_atI+0;14;transformed_atI+253;15;transformationsL0;13;parent_objectS0;","899df191eb110c049d94131425d7cc979c4ade07f21dc2f256f8d91f9b25e6b5"
"obj.Kant.Codec.Outp.ofVal.eq_1","theorem","Kant.Codec.Outp.ofVal.eq_1","PROVEN","∀ (fs : List (Prod (List Char) Kant.Codec.Val)),   Eq (Kant.Codec.Outp.ofVal (Kant.Codec.Val.obj fs)) do     let id ← Kant.Codec.getStr fs ""id"".toList     let name ← Kant.Codec.getStr fs ""name"".toList     let type ← Kant.Codec.getStr fs ""type"".toList     let value ← Kant.Codec.getVal fs ""value"".toList     let encoding ← Kant.Codec.getStr fs ""encoding"".toList     let claims ← Kant.Codec.getList fs ""claims"".toList     let certificate ← Kant.Codec.getVal fs ""certificate"".toList     let provenance ←       (Kant.Codec.getVal fs ""provenance"".toList).bind (Kant.Codec.optOf Kant.Codec.Prov.ofVal)     instAlternativeOption.pure         { id := id, name := name, type := type, value := value, encoding := encoding,           claims := claims, certificate := certificate, provenance := provenance }","L0;","O0;","L0;","L0;","L1;S32;claim.Kant.Codec.Outp.ofVal.eq_1","L0;","L1;S32;proof.Kant.Codec.Outp.ofVal.eq_1","L0;","S795;∀ (fs : List (Prod (List Char) Kant.Codec.Val)),   Eq (Kant.Codec.Outp.ofVal (Kant.Codec.Val.obj fs)) do     let id ← Kant.Codec.getStr fs ""id"".toList     let name ← Kant.Codec.getStr fs ""name"".toList     let type ← Kant.Codec.getStr fs ""type"".toList     let value ← Kant.Codec.getVal fs ""value"".toList     let encoding ← Kant.Codec.getStr fs ""encoding"".toList     let claims ← Kant.Codec.getList fs ""claims"".toList     let certificate ← Kant.Codec.getVal fs ""certificate"".toList     let provenance ←       (Kant.Codec.getVal fs ""provenance"".toList).bind (Kant.Codec.optOf Kant.Codec.Prov.ofVal)     instAlternativeOption.pure         { id := id, name := name, type := type, value := value, encoding := encoding,           claims := claims, certificate := certificate, provenance := provenance }","O7;13;source_systemS5;lean411;source_fileS36;RequestProject/Kant/Codec/Model.lean13;source_formatS4;text11;imported_atI+0;14;transformed_atI+0;15;transformationsL0;13;parent_objectS0;","d8d106e1d56817de9eacf7d59a1517498ddbad88022f3b383da09126987c9ef3"
"obj.Kant.Wasm.Expr.eval.eq_def","theorem","Kant.Wasm.Expr.eval.eq_def","PROVEN","∀ (locals : List UInt64) (x : Kant.Wasm.Expr),   Eq (Kant.Wasm.Expr.eval locals x)     (Kant.Wasm.Expr.eval.match_1 (fun x => Option UInt64) x (fun n => Option.some (UInt64.ofNat n))       (fun i => List.instGetElem?NatLtLength.getElem? locals i)       (fun op a b => do         let x ← Kant.Wasm.Expr.eval locals a         let y ← Kant.Wasm.Expr.eval locals b         op.apply x y)       fun op a b => do       let x ← Kant.Wasm.Expr.eval locals a       let y ← Kant.Wasm.Expr.eval locals b       instAlternativeOption.pure (op.apply x y))","L2;S19;obj.Kant.Wasm.BinOpS24;obj.Kant.Wasm.Expr.below","O0;","L0;","L0;","L1;S32;claim.Kant.Wasm.Expr.eval.eq_def","L0;","L1;S32;proof.Kant.Wasm.Expr.eval.eq_def","L0;","S540;∀ (locals : List UInt64) (x : Kant.Wasm.Expr),   Eq (Kant.Wasm.Expr.eval locals x)     (Kant.Wasm.Expr.eval.match_1 (fun x => Option UInt64) x (fun n => Option.some (UInt64.ofNat n))       (fun i => List.instGetElem?NatLtLength.getElem? locals i)       (fun op a b => do         let x ← Kant.Wasm.Expr.eval locals a         let y ← Kant.Wasm.Expr.eval locals b         op.apply x y)       fun op a b => do       let x ← Kant.Wasm.Expr.eval locals a       let y ← Kant.Wasm.Expr.eval locals b       instAlternativeOption.pure (op.apply x y))","O7;13;source_systemS5;lean411;source_fileS34;RequestProject/Wasm/Semantics.lean13;source_formatS4;text11;imported_atI+0;14;transformed_atI+0;15;transformationsL0;13;parent_objectS0;","fce1845bb23a61e1f2d8edae576eee26bb51a363bc81191bd14d1486a3a07e70"
"obj.Kant.Handoff.run_mem","theorem","Kant.Handoff.run_mem","PROVEN","∀ {a b : Kant.Uucp.Node},   a.Wired →     b.Wired →       ∀ (x : Kant.Relay.Msg),         Iff (List.instMembership.mem (Kant.Handoff.run a b).fst.spool x)           (List.instMembership.mem (Kant.Handoff.run a b).snd.spool x)","L3;S24;obj.Kant.Uucp.Node.WiredS32;obj.Kant.Uucp.Node.mem_paste_iffS29;obj.Kant.Relay.mem_transcript","O0;","L0;","L0;","L1;S26;claim.Kant.Handoff.run_mem","L0;","L1;S26;proof.Kant.Handoff.run_mem","L0;","S225;∀ {a b : Kant.Uucp.Node},   a.Wired →     b.Wired →       ∀ (x : Kant.Relay.Msg),         Iff (List.instMembership.mem (Kant.Handoff.run a b).fst.spool x)           (List.instMembership.mem (Kant.Handoff.run a b).snd.spool x)","O7;13;source_systemS5;lean411;source_fileS32;RequestProject/Kant/Handoff.lean13;source_formatS4;text11;imported_atI+0;14;transformed_atI+144;15;transformationsL0;13;parent_objectS0;","484a3bec39e58dbf8570ad86047ce90c20376c56e9db72853b1bfc95bc92b212"
"obj.Kant.Codec.Inp.encoding","def","Kant.Codec.Inp.encoding","ASSERTED","Kant.Codec.Inp → List Char","L0;","O0;","L0;","L0;","L0;","L0;","L0;","L0;","S26;Kant.Codec.Inp → List Char","O7;13;source_systemS5;lean411;source_fileS36;RequestProject/Kant/Codec/Model.lean13;source_formatS4;text11;imported_atI+0;14;transformed_atI+367;15;transformationsL0;13;parent_objectS0;","c1b85ac987856f4188ea9178f530ebd6a9f211d11ae21e3b5ff2b82552517640"
"obj.Kant.Wasm.Expr.const.sizeOf_spec","theorem","Kant.Wasm.Expr.const.sizeOf_spec","PROVEN","∀ (n : Nat),   Eq (Kant.Wasm.Expr._sizeOf_inst.sizeOf (Kant.Wasm.Expr.const n))     (instHAdd.hAdd 1 (instSizeOfNat.sizeOf n))","L0;","O0;","L0;","L0;","L1;S38;claim.Kant.Wasm.Expr.const.sizeOf_spec","L0;","L1;S38;proof.Kant.Wasm.Expr.const.sizeOf_spec","L0;","S126;∀ (n : Nat),   Eq (Kant.Wasm.Expr._sizeOf_inst.sizeOf (Kant.Wasm.Expr.const n))     (instHAdd.hAdd 1 (instSizeOfNat.sizeOf n))","O7;13;source_systemS5;lean411;source_fileS31;RequestProject/Wasm/Syntax.lean13;source_formatS4;text11;imported_atI+0;14;transformed_atI+0;15;transformationsL0;13;parent_objectS0;","f13330d822a21eabd579d5b4d213e258b0fe2aecc74c505126b4b0ccc9b15c1e"
"obj.Kant.Uucp.isAscii_packBag","theorem","Kant.Uucp.isAscii_packBag","PROVEN","∀ (ms : List Kant.Relay.Msg), Kant.Text.IsAscii (Kant.Uucp.packBag ms)","L0;","O0;","L0;","L0;","L1;S31;claim.Kant.Uucp.isAscii_packBag","L0;","L1;S31;proof.Kant.Uucp.isAscii_packBag","L0;","S70;∀ (ms : List Kant.Relay.Msg), Kant.Text.IsAscii (Kant.Uucp.packBag ms)","O7;13;source_systemS5;lean411;source_fileS29;RequestProject/Kant/Uucp.lean13;source_formatS4;text11;imported_atI+0;14;transformed_atI+133;15;transformationsL0;13;parent_objectS0;","134eedd423fa6e3d2a06cbb7a320cc0a0ccfdede68e443af165a0ac713d2497c"
"obj.Kant.Codec.csvHeader.eq_1","theorem","Kant.Codec.csvHeader.eq_1","PROVEN","Eq Kant.Codec.csvHeader   (List.cons 'o' ""bject_id,object_type,field,value,value_type,parent_id\n"".toList)","L0;","O0;","L0;","L0;","L1;S31;claim.Kant.Codec.csvHeader.eq_1","L0;","L1;S31;proof.Kant.Codec.csvHeader.eq_1","L0;","S106;Eq Kant.Codec.csvHeader   (List.cons 'o' ""bject_id,object_type,field,value,value_type,parent_id\n"".toList)","O7;13;source_systemS5;lean411;source_fileS38;RequestProject/Kant/Codec/RawText.lean13;source_formatS4;text11;imported_atI+0;14;transformed_atI+0;15;transformationsL0;13;parent_objectS0;","c3cef6a30af6a483a465f27ca64b7f800de097c8839564c939b98cdf5db69746"
"obj.Kant.Wasm.Kernel.fnvOffsetE.eq_1","theorem","Kant.Wasm.Kernel.fnvOffsetE.eq_1","PROVEN","Eq Kant.Wasm.Kernel.fnvOffsetE   (((Kant.Wasm.Expr.const 2).mul (Kant.Wasm.Expr.const 7347990519673328018)).add     (Kant.Wasm.Expr.const 1))","L0;","O0;","L0;","L0;","L1;S38;claim.Kant.Wasm.Kernel.fnvOffsetE.eq_1","L0;","L1;S38;proof.Kant.Wasm.Kernel.fnvOffsetE.eq_1","L0;","S141;Eq Kant.Wasm.Kernel.fnvOffsetE   (((Kant.Wasm.Expr.const 2).mul (Kant.Wasm.Expr.const 7347990519673328018)).add     (Kant.Wasm.Expr.const 1))","O7;13;source_systemS5;lean411;source_fileS35;RequestProject/Wasm/KernelSpec.lean13;source_formatS4;text11;imported_atI+0;14;transformed_atI+0;15;transformationsL0;13;parent_objectS0;","07c29572be63662ed6e8a72abac96821a8ce90ec519fc608c31d4e728ea325fb"
"obj.Kant.Handoff.Move.recOn","def","Kant.Handoff.Move.recOn","ASSERTED","{motive : Kant.Handoff.Move → Sort u} →   (t : Kant.Handoff.Move) →     ((code : List Char) → motive (Kant.Handoff.Move.copyOut code)) →       motive Kant.Handoff.Move.pasteIn → motive t","L0;","O0;","L0;","L0;","L0;","L0;","L0;","L0;","S186;{motive : Kant.Handoff.Move → Sort u} →   (t : Kant.Handoff.Move) →     ((code : List Char) → motive (Kant.Handoff.Move.copyOut code)) →       motive Kant.Handoff.Move.pasteIn → motive t","O7;13;source_systemS5;lean411;source_fileS32;RequestProject/Kant/Handoff.lean13;source_formatS4;text11;imported_atI+0;14;transformed_atI+34;15;transformationsL0;13;parent_objectS0;","d39b9da3c0c2f0c40430bfb3781299d7826273854b3da2ca20843775f7d4701d"
"obj.Kant.Diagnostics.Event.casesOn","def","Kant.Diagnostics.Event.casesOn","ASSERTED","{motive : Kant.Diagnostics.Event → Sort u} →   (t : Kant.Diagnostics.Event) →     ((seq ms : Nat) →         (level : Kant.Diagnostics.Level) →           (area : Kant.Diagnostics.Area) →             (text detail : List Char) →               motive                 { seq := seq, ms := ms, level := level, area := area, text := text,                   detail := detail }) →       motive t","L0;","O0;","L0;","L0;","L0;","L0;","L0;","L0;","S385;{motive : Kant.Diagnostics.Event → Sort u} →   (t : Kant.Diagnostics.Event) →     ((seq ms : Nat) →         (level : Kant.Diagnostics.Level) →           (area : Kant.Diagnostics.Area) →             (text detail : List Char) →               motive                 { seq := seq, ms := ms, level := level, area := area, text := text,                   detail := detail }) →       motive t","O7;13;source_systemS5;lean411;source_fileS36;RequestProject/Kant/Diagnostics.lean13;source_formatS4;text11;imported_atI+0;14;transformed_atI+141;15;transformationsL0;13;parent_objectS0;","c0833d078eeab9219671ad615f048c0e10698f00dec7889b229af178f48eb268"
"obj.Kant.Codec.Ipdl.annot.noConfusion","def","Kant.Codec.Ipdl.annot.noConfusion","ASSERTED","{P : Sort u} →   {key note : List Char} →     {body : Kant.Codec.Ipdl} →       {key' note' : List Char} →         {body' : Kant.Codec.Ipdl} →           Eq (Kant.Codec.Ipdl.annot key note body) (Kant.Codec.Ipdl.annot key' note' body') →             (Eq key key' → Eq note note' → Eq body body' → P) → P","L0;","O0;","L0;","L0;","L0;","L0;","L0;","L0;","S301;{P : Sort u} →   {key note : List Char} →     {body : Kant.Codec.Ipdl} →       {key' note' : List Char} →         {body' : Kant.Codec.Ipdl} →           Eq (Kant.Codec.Ipdl.annot key note body) (Kant.Codec.Ipdl.annot key' note' body') →             (Eq key key' → Eq note note' → Eq body body' → P) → P","O7;13;source_systemS5;lean411;source_fileS35;RequestProject/Kant/Codec/Ipdl.lean13;source_formatS4;text11;imported_atI+0;14;transformed_atI+47;15;transformationsL0;13;parent_objectS0;","46388aee157e3759fb919a508c637736ae4b52c64b3cf2b30cfa472a3f6fdb90"
"obj.Kant.Dom.ProofRec.recOn","def","Kant.Dom.ProofRec.recOn","ASSERTED","{motive : Kant.Dom.ProofRec → Sort u} →   (t : Kant.Dom.ProofRec) →     ((id : Kant.Dom.Id) →         (name kind sourceFile sourceLoc : List Char) →           (inputRefs assumptions : List Kant.Dom.Id) →             (procedure : List Char) →               (outputRefs claimRefs dependsOn : List Kant.Dom.Id) →                 (status : Kant.Dom.PStatus) →                   (certificate : Option Kant.Dom.Cert) →                     (source : List Char) →                       (provenance : Option Kant.Codec.Prov) →                         motive                           { id := id, name := name, kind := kind, sourceFile := sourceFile,                             sourceLoc := sourceLoc, inputRefs := inputRefs,                             assumptions := assumptions, procedure := procedure,                             outputRefs := outputRefs, claimRefs := claimRefs,                             dependsOn := dependsOn, status := status, certificate := certificate,                             source := source, provenance := provenance }) →       motive t","L0;","O0;","L0;","L0;","L0;","L0;","L0;","L0;","S1063;{motive : Kant.Dom.ProofRec → Sort u} →   (t : Kant.Dom.ProofRec) →     ((id : Kant.Dom.Id) →         (name kind sourceFile sourceLoc : List Char) →           (inputRefs assumptions : List Kant.Dom.Id) →             (procedure : List Char) →               (outputRefs claimRefs dependsOn : List Kant.Dom.Id) →                 (status : Kant.Dom.PStatus) →                   (certificate : Option Kant.Dom.Cert) →                     (source : List Char) →                       (provenance : Option Kant.Codec.Prov) →                         motive                           { id := id, name := name, kind := kind, sourceFile := sourceFile,                             sourceLoc := sourceLoc, inputRefs := inputRefs,                             assumptions := assumptions, procedure := procedure,                             outputRefs := outputRefs, claimRefs := claimRefs,                             dependsOn := dependsOn, status := status, certificate := certificate,                             source := source, provenance := provenance }) →       motive t","O7;13;source_systemS5;lean411;source_fileS37;RequestProject/Kant/Domain/Model.lean13;source_formatS4;text11;imported_atI+0;14;transformed_atI+354;15;transformationsL0;13;parent_objectS0;","3638b608b1912e1cb1137e7fe28238ff0e11f3da9d861e4acd99f93b8838eead"
"obj.Kant.Wasm.Decode.RawInstr.ctorElimType","def","Kant.Wasm.Decode.RawInstr.ctorElimType","ASSERTED","{motive : Kant.Wasm.Decode.RawInstr → Sort u} → Nat → Sort (max 1 u)","L2;S29;obj.Kant.Wasm.Decode.RawInstrS19;obj.Kant.Wasm.BinOp","O0;","L0;","L0;","L0;","L0;","L0;","L0;","S68;{motive : Kant.Wasm.Decode.RawInstr → Sort u} → Nat → Sort (max 1 u)","O7;13;source_systemS5;lean411;source_fileS31;RequestProject/Wasm/Decode.lean13;source_formatS4;text11;imported_atI+0;14;transformed_atI+0;15;transformationsL0;13;parent_objectS0;","fb3ef25a1200230a688d6fad3fdc17c59a41b46b0cfd2ccc0d931557d909d927"
"obj.Kant.Diagnostics.Log.recOn","def","Kant.Diagnostics.Log.recOn","ASSERTED","{motive : Kant.Diagnostics.Log → Sort u} →   (t : Kant.Diagnostics.Log) →     ((cap : Nat) →         (events : List Kant.Diagnostics.Event) →           (dropped : Nat) → motive { cap := cap, events := events, dropped := dropped }) →       motive t","L0;","O0;","L0;","L0;","L0;","L0;","L0;","L0;","S247;{motive : Kant.Diagnostics.Log → Sort u} →   (t : Kant.Diagnostics.Log) →     ((cap : Nat) →         (events : List Kant.Diagnostics.Event) →           (dropped : Nat) → motive { cap := cap, events := events, dropped := dropped }) →       motive t","O7;13;source_systemS5;lean411;source_fileS36;RequestProject/Kant/Diagnostics.lean13;source_formatS4;text11;imported_atI+0;14;transformed_atI+203;15;transformationsL0;13;parent_objectS0;","48ea036078ffea8fb8f2b2f8c07432bc72c712726ca873059795cad0341bc8d2"
"obj.Kant.Uucp.Node.mem_paste_iff","theorem","Kant.Uucp.Node.mem_paste_iff","PROVEN","∀ {n : Kant.Uucp.Node} {s : List Char} {x : Kant.Relay.Msg},   Iff (List.instMembership.mem (n.paste s).spool x)     (Or (List.instMembership.mem n.spool x)       (Exists fun ms =>         And (Eq (Kant.Uucp.openBag s) (Option.some ms)) (List.instMembership.mem ms x)))","L0;","O0;","L0;","L0;","L1;S34;claim.Kant.Uucp.Node.mem_paste_iff","L0;","L1;S34;proof.Kant.Uucp.Node.mem_paste_iff","L0;","S269;∀ {n : Kant.Uucp.Node} {s : List Char} {x : Kant.Relay.Msg},   Iff (List.instMembership.mem (n.paste s).spool x)     (Or (List.instMembership.mem n.spool x)       (Exists fun ms =>         And (Eq (Kant.Uucp.openBag s) (Option.some ms)) (List.instMembership.mem ms x)))","O7;13;source_systemS5;lean411;source_fileS29;RequestProject/Kant/Uucp.lean13;source_formatS4;text11;imported_atI+0;14;transformed_atI+414;15;transformationsL0;13;parent_objectS0;","ff94149d7d3d2be845b15f85ac5a9a53e5bf3f8fe979c1b687f144f0ba62b221"
"obj.Kant.Codec.project.eq_5","theorem","Kant.Codec.project.eq_5","PROVEN","∀ (a : List Kant.Codec.Ipdl),   Eq (Kant.Codec.project (Kant.Codec.Ipdl.list a)) (Kant.Codec.Val.list (Kant.Codec.projectList a))","L0;","O0;","L0;","L0;","L1;S29;claim.Kant.Codec.project.eq_5","L0;","L1;S29;proof.Kant.Codec.project.eq_5","L0;","S129;∀ (a : List Kant.Codec.Ipdl),   Eq (Kant.Codec.project (Kant.Codec.Ipdl.list a)) (Kant.Codec.Val.list (Kant.Codec.projectList a))","O7;13;source_systemS5;lean411;source_fileS35;RequestProject/Kant/Codec/Ipdl.lean13;source_formatS4;text11;imported_atI+0;14;transformed_atI+0;15;transformationsL0;13;parent_objectS0;","2f12d6bd199c3c485422a3fc5ff71723f25dbfe3b02bf296fd2e15e2842ca341"
"obj.Kant.Rendezvous.IsBest","inductive","Kant.Rendezvous.IsBest","ASSERTED","Kant.Rendezvous.Roster → List Char → Kant.Rendezvous.Announce → Prop","L1;S28;obj.Kant.Rendezvous.Announce","O0;","L0;","L0;","L0;","L0;","L0;","L0;","S68;Kant.Rendezvous.Roster → List Char → Kant.Rendezvous.Announce → Prop","O7;13;source_systemS5;lean411;source_fileS35;RequestProject/Kant/Rendezvous.lean13;source_formatS4;text11;imported_atI+0;14;transformed_atI+344;15;transformationsL0;13;parent_objectS0;","d89215957c18c9d093b36bf9fb044d9b7b15367bcdcb312629afd352f3b9e2e1"
"obj.Kant.Sheaf.Encoding.ctorElim","def","Kant.Sheaf.Encoding.ctorElim","ASSERTED","{motive : Kant.Sheaf.Encoding → Sort u} →   (ctorIdx : Nat) →     (t : Kant.Sheaf.Encoding) →       Eq ctorIdx t.ctorIdx → Kant.Sheaf.Encoding.ctorElimType ctorIdx → motive t","L0;","O0;","L0;","L0;","L0;","L0;","L0;","L0;","S174;{motive : Kant.Sheaf.Encoding → Sort u} →   (ctorIdx : Nat) →     (t : Kant.Sheaf.Encoding) →       Eq ctorIdx t.ctorIdx → Kant.Sheaf.Encoding.ctorElimType ctorIdx → motive t","O7;13;source_systemS5;lean411;source_fileS30;RequestProject/Kant/Sheaf.lean13;source_formatS4;text11;imported_atI+0;14;transformed_atI+84;15;transformationsL0;13;parent_objectS0;","d3971057fa1573dd9a8e43b10386400a347eb6558a0079374294aeba990e6904"
"obj.Kant.InviteCard.Dress.caption","def","Kant.InviteCard.Dress.caption","ASSERTED","Kant.InviteCard.Dress → List Char","L0;","O0;","L0;","L0;","L0;","L0;","L0;","L0;","S33;Kant.InviteCard.Dress → List Char","O7;13;source_systemS5;lean411;source_fileS35;RequestProject/Kant/InviteCard.lean13;source_formatS4;text11;imported_atI+0;14;transformed_atI+127;15;transformationsL0;13;parent_objectS0;","b25a6d5ea63f7256e10cbe6336376ac996b02d427476e838a30c8fe672832dfb"
"obj.Kant.Dom.Relation.ofVal_toVal","theorem","Kant.Dom.Relation.ofVal_toVal","PROVEN","∀ (r : Kant.Dom.Relation), Eq (Kant.Dom.Relation.ofVal r.toVal) (Option.some r)","L0;","O0;","L0;","L0;","L1;S35;claim.Kant.Dom.Relation.ofVal_toVal","L0;","L1;S35;proof.Kant.Dom.Relation.ofVal_toVal","L0;","S79;∀ (r : Kant.Dom.Relation), Eq (Kant.Dom.Relation.ofVal r.toVal) (Option.some r)","O7;13;source_systemS5;lean411;source_fileS37;RequestProject/Kant/Domain/Model.lean13;source_formatS4;text11;imported_atI+0;14;transformed_atI+525;15;transformationsL0;13;parent_objectS0;","0cff1f0fead67829af9e4c4705ad0496d96b76fea57bd3933429aff34ce34710"
"obj.Kant.Codec.Obj.inputs","def","Kant.Codec.Obj.inputs","ASSERTED","Kant.Codec.Obj → List Kant.Codec.Inp","L0;","O0;","L0;","L0;","L0;","L0;","L0;","L0;","S36;Kant.Codec.Obj → List Kant.Codec.Inp","O7;13;source_systemS5;lean411;source_fileS36;RequestProject/Kant/Codec/Model.lean13;source_formatS4;text11;imported_atI+0;14;transformed_atI+457;15;transformationsL0;13;parent_objectS0;","3b3a09008f294f15dac2587ff272261a5fcb2c8bb7cc499f090ae8cd6e837154"
"obj.Kant.Wasm.Decode.secDec.match_7","def","Kant.Wasm.Decode.secDec.match_7","ASSERTED","(motive : Option (Prod Nat (List UInt8)) → Sort u_1) →   (x : Option (Prod Nat (List UInt8))) →     (Unit → motive Option.none) →       ((sz : Nat) → (bs : List UInt8) → motive (Option.some { fst := sz, snd := bs })) → motive x","L0;","O0;","L0;","L0;","L0;","L0;","L0;","L0;","S227;(motive : Option (Prod Nat (List UInt8)) → Sort u_1) →   (x : Option (Prod Nat (List UInt8))) →     (Unit → motive Option.none) →       ((sz : Nat) → (bs : List UInt8) → motive (Option.some { fst := sz, snd := bs })) → motive x","O7;13;source_systemS5;lean411;source_fileS31;RequestProject/Wasm/Decode.lean13;source_formatS4;text11;imported_atI+0;14;transformed_atI+0;15;transformationsL0;13;parent_objectS0;","cf151109961f01d08f5fa4e2e0d0eee36f4c7282bd3671d6a1d217a18aa5d9c9"
"obj.Kant.Feed.Row.recOn","def","Kant.Feed.Row.recOn","ASSERTED","{motive : Kant.Feed.Row → Sort u} →   (t : Kant.Feed.Row) →     ((witness : List Char) →         (cid : Nat) →           (title body timestamp : List Char) →             (replyTo : Option (List Char)) →               (bytes : Nat) →                 (copy : List Char) →                   motive                     { witness := witness, cid := cid, title := title, body := body,                       timestamp := timestamp, replyTo := replyTo, bytes := bytes, copy := copy }) →       motive t","L0;","O0;","L0;","L0;","L0;","L0;","L0;","L0;","S493;{motive : Kant.Feed.Row → Sort u} →   (t : Kant.Feed.Row) →     ((witness : List Char) →         (cid : Nat) →           (title body timestamp : List Char) →             (replyTo : Option (List Char)) →               (bytes : Nat) →                 (copy : List Char) →                   motive                     { witness := witness, cid := cid, title := title, body := body,                       timestamp := timestamp, replyTo := replyTo, bytes := bytes, copy := copy }) →       motive t","O7;13;source_systemS5;lean411;source_fileS29;RequestProject/Kant/Feed.lean13;source_formatS4;text11;imported_atI+0;14;transformed_atI+46;15;transformationsL0;13;parent_objectS0;","5cb2b4dea3e896804c190b03845b35f36a89f782f8a24746a77d922aa2da8099"
"obj.Kant.Feed.page","def","Kant.Feed.page","ASSERTED","{α : Type} → Nat → Nat → List α → List α","L0;","O0;","L0;","L0;","L0;","L0;","L0;","L0;","S40;{α : Type} → Nat → Nat → List α → List α","O7;13;source_systemS5;lean411;source_fileS29;RequestProject/Kant/Feed.lean13;source_formatS4;text11;imported_atI+0;14;transformed_atI+196;15;transformationsL0;13;parent_objectS0;","f929e79707c237abd2a269d60aaee748ab3309b98295cdd1bd05e82c355a97be"
"obj.Kant.Codec.instInhabitedEnvelope","def","Kant.Codec.instInhabitedEnvelope","ASSERTED","Inhabited Kant.Codec.Envelope","L0;","O0;","L0;","L0;","L0;","L0;","L0;","L0;","S29;Inhabited Kant.Codec.Envelope","O7;13;source_systemS5;lean411;source_fileS39;RequestProject/Kant/Codec/Exchange.lean13;source_formatS4;text11;imported_atI+0;14;transformed_atI+139;15;transformationsL0;13;parent_objectS0;","d32c30b03dd67f777457a24bb9d55c240648a2af16f2d79d0a35ccd36afc2c4a"
"obj.Kant.Wasm.exec_append","theorem","Kant.Wasm.exec_append","PROVEN","∀ (locals : List UInt64) (is js : List Kant.Wasm.Instr) (st : List UInt64),   Eq (Kant.Wasm.exec locals (instHAppendOfAppend.hAppend is js) st)     ((Kant.Wasm.exec locals is st).bind (Kant.Wasm.exec locals js))","L1;S26;obj.Kant.Wasm.exec.match_1","O0;","L0;","L0;","L1;S27;claim.Kant.Wasm.exec_append","L0;","L1;S27;proof.Kant.Wasm.exec_append","L0;","S211;∀ (locals : List UInt64) (is js : List Kant.Wasm.Instr) (st : List UInt64),   Eq (Kant.Wasm.exec locals (instHAppendOfAppend.hAppend is js) st)     ((Kant.Wasm.exec locals is st).bind (Kant.Wasm.exec locals js))","O7;13;source_systemS5;lean411;source_fileS34;RequestProject/Wasm/Semantics.lean13;source_formatS4;text11;imported_atI+0;14;transformed_atI+63;15;transformationsL0;13;parent_objectS0;","18ea94951da9b3d333c9ec48e608e110b34aeacd98df9c11644bb284eb70a55e"
"obj.Kant.Dasl.Orbifold.ctorIdx","def","Kant.Dasl.Orbifold.ctorIdx","ASSERTED","Kant.Dasl.Orbifold → Nat","L0;","O0;","L0;","L0;","L0;","L0;","L0;","L0;","S24;Kant.Dasl.Orbifold → Nat","O7;13;source_systemS5;lean411;source_fileS29;RequestProject/Kant/Dasl.lean13;source_formatS4;text11;imported_atI+0;14;transformed_atI+0;15;transformationsL0;13;parent_objectS0;","0f8cc34520a12230089db30d38eadd3bbabcae66ad8f1c962a9799d9d2ea5ba1"
"obj.Kant.Wasm.Expr.compile.eq_def","theorem","Kant.Wasm.Expr.compile.eq_def","PROVEN","∀ (x : Kant.Wasm.Expr),   Eq x.compile     (Kant.Wasm.instReprExpr.repr.match_1 (fun x => List Kant.Wasm.Instr) x       (fun n => List.cons (Kant.Wasm.Instr.i64const n) List.nil)       (fun i => List.cons (Kant.Wasm.Instr.localGet i) List.nil)       (fun op a b =>         instHAppendOfAppend.hAppend (instHAppendOfAppend.hAppend a.compile b.compile)           (List.cons (Kant.Wasm.Instr.binop op) List.nil))       fun op a b =>       instHAppendOfAppend.hAppend (instHAppendOfAppend.hAppend a.compile b.compile)         (List.cons (Kant.Wasm.Instr.cmpop op) (List.cons Kant.Wasm.Instr.extendU List.nil)))","L2;S19;obj.Kant.Wasm.BinOpS24;obj.Kant.Wasm.Expr.below","O0;","L0;","L0;","L1;S35;claim.Kant.Wasm.Expr.compile.eq_def","L0;","L1;S35;proof.Kant.Wasm.Expr.compile.eq_def","L0;","S606;∀ (x : Kant.Wasm.Expr),   Eq x.compile     (Kant.Wasm.instReprExpr.repr.match_1 (fun x => List Kant.Wasm.Instr) x       (fun n => List.cons (Kant.Wasm.Instr.i64const n) List.nil)       (fun i => List.cons (Kant.Wasm.Instr.localGet i) List.nil)       (fun op a b =>         instHAppendOfAppend.hAppend (instHAppendOfAppend.hAppend a.compile b.compile)           (List.cons (Kant.Wasm.Instr.binop op) List.nil))       fun op a b =>       instHAppendOfAppend.hAppend (instHAppendOfAppend.hAppend a.compile b.compile)         (List.cons (Kant.Wasm.Instr.cmpop op) (List.cons Kant.Wasm.Instr.extendU List.nil)))","O7;13;source_systemS5;lean411;source_fileS34;RequestProject/Wasm/Semantics.lean13;source_formatS4;text11;imported_atI+0;14;transformed_atI+0;15;transformationsL0;13;parent_objectS0;","aa6264549db824c939fc0bc12b27821e3e018407b5983deb9ccd04cd29bc73f0"
"obj.Kant.Wasm.instDecidableEqCmpOp","def","Kant.Wasm.instDecidableEqCmpOp","ASSERTED","DecidableEq Kant.Wasm.CmpOp","L0;","O0;","L0;","L0;","L0;","L0;","L0;","L0;","S27;DecidableEq Kant.Wasm.CmpOp","O7;13;source_systemS5;lean411;source_fileS31;RequestProject/Wasm/Syntax.lean13;source_formatS4;text11;imported_atI+0;14;transformed_atI+33;15;transformationsL0;13;parent_objectS0;","6097a0fef9089e0f71957a20340e6f4cbf937c3076bcf95522702f59b7017612"
"obj.Kant.Dom.catalog_wf","theorem","Kant.Dom.catalog_wf","PROVEN","∀ {ds : List Kant.Dom.Decl},   (List.map Kant.Dom.Decl.name ds).Nodup →     Kant.Dom.Closed ds → ∀ (cid desc : List Char), Kant.Dom.Wf (Kant.Dom.catalog cid desc ds)","L1;S21;obj.Kant.Dom.declCert","O0;","L0;","L0;","L1;S25;claim.Kant.Dom.catalog_wf","L0;","L1;S25;proof.Kant.Dom.catalog_wf","L0;","S165;∀ {ds : List Kant.Dom.Decl},   (List.map Kant.Dom.Decl.name ds).Nodup →     Kant.Dom.Closed ds → ∀ (cid desc : List Char), Kant.Dom.Wf (Kant.Dom.catalog cid desc ds)","O7;13;source_systemS5;lean411;source_fileS39;RequestProject/Kant/Domain/Catalog.lean13;source_formatS4;text11;imported_atI+0;14;transformed_atI+287;15;transformationsL0;13;parent_objectS0;","60a007da1faa7005b86219916f3bf1c26c58842e687e860f394cb3a209a0f16c"
"obj.Kant.Meme.payload_lt_256","theorem","Kant.Meme.payload_lt_256","PROVEN","∀ (e : Kant.Clipboard.Envelope) (v : Nat),   List.instMembership.mem (Kant.Meme.payload e) v → instLTNat.lt v 256","L2;S21;obj.Kant.Meme.payloadS23;obj.Kant.Text.charCodes","O0;","L0;","L0;","L1;S30;claim.Kant.Meme.payload_lt_256","L0;","L1;S30;proof.Kant.Meme.payload_lt_256","L0;","S113;∀ (e : Kant.Clipboard.Envelope) (v : Nat),   List.instMembership.mem (Kant.Meme.payload e) v → instLTNat.lt v 256","O7;13;source_systemS5;lean411;source_fileS29;RequestProject/Kant/Meme.lean13;source_formatS4;text11;imported_atI+0;14;transformed_atI+96;15;transformationsL0;13;parent_objectS0;","fbb61f5bae56ca49be880f01e11cd266eb9baa82049f21c361fe1db1537b6500"
"obj.Kant.Dom.traversal_round_trip","theorem","Kant.Dom.traversal_round_trip","PROVEN","∀ {d : Kant.Dom.Domain},   Kant.Dom.Wf d →     ∀ {o : Kant.Dom.DomObj},       List.instMembership.mem d.objects o →         Eq o.truth Kant.Dom.Truth.proven →           Exists fun p =>             And (List.instMembership.mem d.proofs p)               (And (Eq p.status Kant.Dom.PStatus.valid)                 (And (List.instMembership.mem p.outputRefs o.id)                   (And (Eq (Kant.Dom.findObj d o.id) (Option.some o))                     (List.instMembership.mem o.proofRefs p.id))))","L0;","O0;","L0;","L0;","L1;S35;claim.Kant.Dom.traversal_round_trip","L0;","L1;S35;proof.Kant.Dom.traversal_round_trip","L0;","S494;∀ {d : Kant.Dom.Domain},   Kant.Dom.Wf d →     ∀ {o : Kant.Dom.DomObj},       List.instMembership.mem d.objects o →         Eq o.truth Kant.Dom.Truth.proven →           Exists fun p =>             And (List.instMembership.mem d.proofs p)               (And (Eq p.status Kant.Dom.PStatus.valid)                 (And (List.instMembership.mem p.outputRefs o.id)                   (And (Eq (Kant.Dom.findObj d o.id) (Option.some o))                     (List.instMembership.mem o.proofRefs p.id))))","O7;13;source_systemS5;lean411;source_fileS38;RequestProject/Kant/Domain/Ledger.lean13;source_formatS4;text11;imported_atI+0;14;transformed_atI+364;15;transformationsL0;13;parent_objectS0;","eb69f39096f2a95342a9fa2249a345500060efee9efe72f10770b285a4954fee"
"obj.Kant.Store.ctorIdx","def","Kant.Store.ctorIdx","ASSERTED","Kant.Store → Nat","L0;","O0;","L0;","L0;","L0;","L0;","L0;","L0;","S16;Kant.Store → Nat","O7;13;source_systemS5;lean411;source_fileS30;RequestProject/Kant/Paste.lean13;source_formatS4;text11;imported_atI+0;14;transformed_atI+0;15;transformationsL0;13;parent_objectS0;","40f31e93d0a15e596769598e5be7c48edc7e6e404af4adeba28f61db455eb560"
"obj.Kant.Sheaf.DaslType.enumList_nodup","theorem","Kant.Sheaf.DaslType.enumList_nodup","PROVEN","Kant.Sheaf.DaslType.enumList.Nodup","L0;","O0;","L0;","L0;","L1;S40;claim.Kant.Sheaf.DaslType.enumList_nodup","L0;","L1;S40;proof.Kant.Sheaf.DaslType.enumList_nodup","L0;","S34;Kant.Sheaf.DaslType.enumList.Nodup","O7;13;source_systemS5;lean411;source_fileS30;RequestProject/Kant/Sheaf.lean13;source_formatS4;text11;imported_atI+0;14;transformed_atI+0;15;transformationsL0;13;parent_objectS0;","4816841018d50e78499b822e02ef581baa54ee1554a8e37e2cc0eb040db8b7a1"
"obj.Kant.Rendezvous.addrField.eq_1","theorem","Kant.Rendezvous.addrField.eq_1","PROVEN","∀ (a : Kant.Rendezvous.Address),   Eq (Kant.Rendezvous.addrField a)     (List.cons (Kant.Rendezvous.sourceCode a.transport) (Kant.Text.asciiBytes a.locator))","L0;","O0;","L0;","L0;","L1;S36;claim.Kant.Rendezvous.addrField.eq_1","L0;","L1;S36;proof.Kant.Rendezvous.addrField.eq_1","L0;","S157;∀ (a : Kant.Rendezvous.Address),   Eq (Kant.Rendezvous.addrField a)     (List.cons (Kant.Rendezvous.sourceCode a.transport) (Kant.Text.asciiBytes a.locator))","O7;13;source_systemS5;lean411;source_fileS35;RequestProject/Kant/Rendezvous.lean13;source_formatS4;text11;imported_atI+0;14;transformed_atI+0;15;transformationsL0;13;parent_objectS0;","ac66c5bf15fbf4973f4025626ce37db4b8c168e1da50a795cae65c9ecbb37602"
"obj.Kant.Codec.Difference.right","def","Kant.Codec.Difference.right","ASSERTED","Kant.Codec.Difference → List Char","L0;","O0;","L0;","L0;","L0;","L0;","L0;","L0;","S33;Kant.Codec.Difference → List Char","O7;13;source_systemS5;lean411;source_fileS40;RequestProject/Kant/Codec/Reconcile.lean13;source_formatS4;text11;imported_atI+0;14;transformed_atI+42;15;transformationsL0;13;parent_objectS0;","f0b725aebac2d11418a96966bddbb467aa59130e91a4b5e2f4357b0ee00d12b5"
"obj.Kant.Diagnostics.Report.ctorIdx","def","Kant.Diagnostics.Report.ctorIdx","ASSERTED","Kant.Diagnostics.Report → Nat","L0;","O0;","L0;","L0;","L0;","L0;","L0;","L0;","S29;Kant.Diagnostics.Report → Nat","O7;13;source_systemS5;lean411;source_fileS36;RequestProject/Kant/Diagnostics.lean13;source_formatS4;text11;imported_atI+0;14;transformed_atI+0;15;transformationsL0;13;parent_objectS0;","895c3b0e485624955938b19156d5ae1a8bfd05897d76ec37056a812b0fbab9ac"
"obj.Kant.Dasl.monsterOrder_eq","theorem","Kant.Dasl.monsterOrder_eq","PROVEN","Eq Kant.Dasl.monsterOrder 808017424794512875886459904961710757005754368000000000","L0;","O0;","L0;","L0;","L1;S31;claim.Kant.Dasl.monsterOrder_eq","L0;","L1;S31;proof.Kant.Dasl.monsterOrder_eq","L0;","S80;Eq Kant.Dasl.monsterOrder 808017424794512875886459904961710757005754368000000000","O7;13;source_systemS5;lean411;source_fileS29;RequestProject/Kant/Dasl.lean13;source_formatS4;text11;imported_atI+0;14;transformed_atI+66;15;transformationsL0;13;parent_objectS0;","1537a1c97b404ef944028ff0a3b50a76544e59f4f9e237f36b0b258c542803f0"
"obj.Kant.Codec.Severity.ofName","def","Kant.Codec.Severity.ofName","ASSERTED","List Char → Option Kant.Codec.Severity","L0;","O0;","L0;","L0;","L0;","L0;","L0;","L0;","S38;List Char → Option Kant.Codec.Severity","O7;13;source_systemS5;lean411;source_fileS36;RequestProject/Kant/Codec/Model.lean13;source_formatS4;text11;imported_atI+0;14;transformed_atI+105;15;transformationsL0;13;parent_objectS0;","ea80d4c207402a4abbbb7e765745bd65c9895a7dae790fc40d10c03175955f1f"
"obj.Kant.Clipboard.toPaste","def","Kant.Clipboard.toPaste","ASSERTED","Kant.Clipboard.Envelope → Option Kant.Paste","L0;","O0;","L0;","L0;","L0;","L0;","L0;","L0;","S43;Kant.Clipboard.Envelope → Option Kant.Paste","O7;13;source_systemS5;lean411;source_fileS34;RequestProject/Kant/Clipboard.lean13;source_formatS4;text11;imported_atI+0;14;transformed_atI+148;15;transformationsL0;13;parent_objectS0;","99e1d81cb436ded4045a698c39b4896761291eb2b213c2f2f1b159b07fb479d5"
"obj.Kant.Dasl.tenfoldCoords_length","theorem","Kant.Dasl.tenfoldCoords_length","PROVEN","Eq Kant.Dasl.tenfoldCoords.length 11","L0;","O0;","L0;","L0;","L1;S36;claim.Kant.Dasl.tenfoldCoords_length","L0;","L1;S36;proof.Kant.Dasl.tenfoldCoords_length","L0;","S36;Eq Kant.Dasl.tenfoldCoords.length 11","O7;13;source_systemS5;lean411;source_fileS29;RequestProject/Kant/Dasl.lean13;source_formatS4;text11;imported_atI+0;14;transformed_atI+302;15;transformationsL0;13;parent_objectS0;","49c082dc7b08ad2e93e71bda1811d521b55008327d8cc7c8a874e2f6dcc32d3b"
"obj.Kant.Dom.LedgerRow.casesOn","def","Kant.Dom.LedgerRow.casesOn","ASSERTED","{motive : Kant.Dom.LedgerRow → Sort u} →   (t : Kant.Dom.LedgerRow) →     ((objectId claimId proofId : Kant.Dom.Id) →         (truth : Kant.Dom.Truth) →           (proofStatus : Option Kant.Dom.PStatus) →             (coverage : Kant.Dom.Coverage) →               (objectHash : List Char) →                 motive                   { objectId := objectId, claimId := claimId, proofId := proofId, truth := truth,                     proofStatus := proofStatus, coverage := coverage, objectHash := objectHash }) →       motive t","L0;","O0;","L0;","L0;","L0;","L0;","L0;","L0;","S526;{motive : Kant.Dom.LedgerRow → Sort u} →   (t : Kant.Dom.LedgerRow) →     ((objectId claimId proofId : Kant.Dom.Id) →         (truth : Kant.Dom.Truth) →           (proofStatus : Option Kant.Dom.PStatus) →             (coverage : Kant.Dom.Coverage) →               (objectHash : List Char) →                 motive                   { objectId := objectId, claimId := claimId, proofId := proofId, truth := truth,                     proofStatus := proofStatus, coverage := coverage, objectHash := objectHash }) →       motive t","O7;13;source_systemS5;lean411;source_fileS38;RequestProject/Kant/Domain/Ledger.lean13;source_formatS4;text11;imported_atI+0;14;transformed_atI+132;15;transformationsL0;13;parent_objectS0;","0cbf19f2890e712097330bc251dffcfbaaedce4945d241062e05ccc044957e21"
"obj.Kant.Wasm.Module.mk.sizeOf_spec","theorem","Kant.Wasm.Module.mk.sizeOf_spec","PROVEN","∀ (funcs : List Kant.Wasm.Func),   Eq (Kant.Wasm.Module._sizeOf_inst.sizeOf { funcs := funcs })     (instHAdd.hAdd 1 ((List._sizeOf_inst Kant.Wasm.Func).sizeOf funcs))","L0;","O0;","L0;","L0;","L1;S37;claim.Kant.Wasm.Module.mk.sizeOf_spec","L0;","L1;S37;proof.Kant.Wasm.Module.mk.sizeOf_spec","L0;","S167;∀ (funcs : List Kant.Wasm.Func),   Eq (Kant.Wasm.Module._sizeOf_inst.sizeOf { funcs := funcs })     (instHAdd.hAdd 1 ((List._sizeOf_inst Kant.Wasm.Func).sizeOf funcs))","O7;13;source_systemS5;lean411;source_fileS31;RequestProject/Wasm/Syntax.lean13;source_formatS4;text11;imported_atI+0;14;transformed_atI+0;15;transformationsL0;13;parent_objectS0;","1c373619440bb44748eb459d81d665b4d62f0d96ca72ae05d32f5d34b93c4cb2"
"obj.Kant.Wasm.Instr.localGet.injEq","theorem","Kant.Wasm.Instr.localGet.injEq","PROVEN","∀ (i i_1 : Nat), Eq (Eq (Kant.Wasm.Instr.localGet i) (Kant.Wasm.Instr.localGet i_1)) (Eq i i_1)","L0;","O0;","L0;","L0;","L1;S36;claim.Kant.Wasm.Instr.localGet.injEq","L0;","L1;S36;proof.Kant.Wasm.Instr.localGet.injEq","L0;","S95;∀ (i i_1 : Nat), Eq (Eq (Kant.Wasm.Instr.localGet i) (Kant.Wasm.Instr.localGet i_1)) (Eq i i_1)","O7;13;source_systemS5;lean411;source_fileS31;RequestProject/Wasm/Syntax.lean13;source_formatS4;text11;imported_atI+0;14;transformed_atI+0;15;transformationsL0;13;parent_objectS0;","9080c36aea34bb7b6fcebb66b6e3c5985edb7fa67f9d2fa133ce9e91e5c3772e"
"obj.Kant.Dom.derived_input","theorem","Kant.Dom.derived_input","PROVEN","∀ {d : Kant.Dom.Domain} {p : Kant.Dom.ProofRec},   List.instMembership.mem d.proofs p →     ∀ {i : Kant.Dom.Id},       List.instMembership.mem p.inputRefs i →         List.instMembership.mem (Kant.Dom.derivedRelations d)           { source := i, kind := Kant.Dom.Rel.inputTo, target := p.id }","L0;","O0;","L0;","L0;","L1;S28;claim.Kant.Dom.derived_input","L0;","L1;S28;proof.Kant.Dom.derived_input","L0;","S292;∀ {d : Kant.Dom.Domain} {p : Kant.Dom.ProofRec},   List.instMembership.mem d.proofs p →     ∀ {i : Kant.Dom.Id},       List.instMembership.mem p.inputRefs i →         List.instMembership.mem (Kant.Dom.derivedRelations d)           { source := i, kind := Kant.Dom.Rel.inputTo, target := p.id }","O7;13;source_systemS5;lean411;source_fileS38;RequestProject/Kant/Domain/Ledger.lean13;source_formatS4;text11;imported_atI+0;14;transformed_atI+409;15;transformationsL0;13;parent_objectS0;","782a7651de52edba90f4e0f45d56c5fd11e6d4da947f95542ab6cdd1eea2f557"
"obj.Kant.Codec.yamlEncFields.eq_3","theorem","Kant.Codec.yamlEncFields.eq_3","PROVEN","∀ (k : List Char) (v : Kant.Codec.Val) (fs : List (Prod (List Char) Kant.Codec.Val)),   (Eq fs List.nil → False) →     Eq (Kant.Codec.yamlEncFields (List.cons { fst := k, snd := v } fs))       (instHAppendOfAppend.hAppend         (List.cons '\""'           (instHAppendOfAppend.hAppend (Kant.Codec.esc k)             (List.cons '\""' (List.cons ':' (List.cons ' ' (Kant.Codec.yamlEnc v))))))         (List.cons ',' (List.cons ' ' (Kant.Codec.yamlEncFields fs))))","L1;S35;obj.Kant.Codec.yamlEncFields.eq_def","O0;","L0;","L0;","L1;S35;claim.Kant.Codec.yamlEncFields.eq_3","L0;","L1;S35;proof.Kant.Codec.yamlEncFields.eq_3","L0;","S460;∀ (k : List Char) (v : Kant.Codec.Val) (fs : List (Prod (List Char) Kant.Codec.Val)),   (Eq fs List.nil → False) →     Eq (Kant.Codec.yamlEncFields (List.cons { fst := k, snd := v } fs))       (instHAppendOfAppend.hAppend         (List.cons '\""'           (instHAppendOfAppend.hAppend (Kant.Codec.esc k)             (List.cons '\""' (List.cons ':' (List.cons ' ' (Kant.Codec.yamlEnc v))))))         (List.cons ',' (List.cons ' ' (Kant.Codec.yamlEncFields fs))))","O7;13;source_systemS5;lean411;source_fileS35;RequestProject/Kant/Codec/Yaml.lean13;source_formatS4;text11;imported_atI+0;14;transformed_atI+0;15;transformationsL0;13;parent_objectS0;","5022b0bd7b24694b30ed6e2ba7a7a188d7125a4272fb646190fa22d9aa7d4b5e"
"obj.Kant.Codec.Level.ctorIdx","def","Kant.Codec.Level.ctorIdx","ASSERTED","Kant.Codec.Level → Nat","L1;S28;obj.Kant.Codec.Level.casesOn","O0;","L0;","L0;","L0;","L0;","L0;","L0;","S22;Kant.Codec.Level → Nat","O7;13;source_systemS5;lean411;source_fileS39;RequestProject/Kant/Codec/Exchange.lean13;source_formatS4;text11;imported_atI+0;14;transformed_atI+0;15;transformationsL0;13;parent_objectS0;","7c7c97bdb35d33b0177ce1452bc36fc3cc64c92a9eda939ec6701cd1e26c94d1"
"obj.Kant.Dom.danglingRefs","def","Kant.Dom.danglingRefs","ASSERTED","Kant.Dom.Domain → List (Prod Kant.Dom.Id Kant.Dom.Id)","L0;","O0;","L0;","L0;","L0;","L0;","L0;","L0;","S53;Kant.Dom.Domain → List (Prod Kant.Dom.Id Kant.Dom.Id)","O7;13;source_systemS5;lean411;source_fileS39;RequestProject/Kant/Domain/Package.lean13;source_formatS4;text11;imported_atI+0;14;transformed_atI+78;15;transformationsL0;13;parent_objectS0;","64b4e2a225bb224a6742e77336a423e5d27455f4537e179c8cc498fe23929887"
"obj.Kant.Cli.instReprClient","def","Kant.Cli.instReprClient","ASSERTED","Repr Kant.Cli.Client","L0;","O0;","L0;","L0;","L0;","L0;","L0;","L0;","S20;Repr Kant.Cli.Client","O7;13;source_systemS5;lean411;source_fileS28;RequestProject/Kant/Cli.lean13;source_formatS4;text11;imported_atI+0;14;transformed_atI+328;15;transformationsL0;13;parent_objectS0;","514d667edfe70b099d74a050b4a0ca263f575c72b058acc3803b7691ac3e8160"
"obj.Kant.ShareLog.logPaste","def","Kant.ShareLog.logPaste","ASSERTED","List Char → List Char → Kant.Diagnostics.Report → Kant.Paste","L0;","O0;","L0;","L0;","L0;","L0;","L0;","L0;","S60;List Char → List Char → Kant.Diagnostics.Report → Kant.Paste","O7;13;source_systemS5;lean411;source_fileS33;RequestProject/Kant/ShareLog.lean13;source_formatS4;text11;imported_atI+0;14;transformed_atI+125;15;transformationsL0;13;parent_objectS0;","1342d74f3acb8eabcfb4a6e2d1f45a980af7e7f0a3601a5124d7eb390cce3abe"
"obj.Kant.Handoff.Move.ctorElimType","def","Kant.Handoff.Move.ctorElimType","ASSERTED","{motive : Kant.Handoff.Move → Sort u} → Nat → Sort (max 1 u)","L0;","O0;","L0;","L0;","L0;","L0;","L0;","L0;","S60;{motive : Kant.Handoff.Move → Sort u} → Nat → Sort (max 1 u)","O7;13;source_systemS5;lean411;source_fileS32;RequestProject/Kant/Handoff.lean13;source_formatS4;text11;imported_atI+0;14;transformed_atI+0;15;transformationsL0;13;parent_objectS0;","d45e8d4d7adb171dfbdd5e7e3f6c37fa017d37d8893f6dbfa0a42281d2bb48ec"
"obj.Kant.Codec.instInhabitedInp","def","Kant.Codec.instInhabitedInp","ASSERTED","Inhabited Kant.Codec.Inp","L0;","O0;","L0;","L0;","L0;","L0;","L0;","L0;","S24;Inhabited Kant.Codec.Inp","O7;13;source_systemS5;lean411;source_fileS36;RequestProject/Kant/Codec/Model.lean13;source_formatS4;text11;imported_atI+0;14;transformed_atI+371;15;transformationsL0;13;parent_objectS0;","94512a4b53986671fae9850defb6d72e09e2ff14c00e42ab2c36e07926e073e8"
"obj.Kant.Dom.Cert.ctorIdx","def","Kant.Dom.Cert.ctorIdx","ASSERTED","Kant.Dom.Cert → Nat","L0;","O0;","L0;","L0;","L0;","L0;","L0;","L0;","S19;Kant.Dom.Cert → Nat","O7;13;source_systemS5;lean411;source_fileS37;RequestProject/Kant/Domain/Model.lean13;source_formatS4;text11;imported_atI+0;14;transformed_atI+0;15;transformationsL0;13;parent_objectS0;","340d2e722b9b7ff6e9a46ba5ab4eec115bc934f0242fc758d170139c548d6463"
"obj.Kant.Dom.Rel.constrains.elim","def","Kant.Dom.Rel.constrains.elim","ASSERTED","{motive : Kant.Dom.Rel → Sort u} →   (t : Kant.Dom.Rel) → Eq t.ctorIdx 6 → motive Kant.Dom.Rel.constrains → motive t","L0;","O0;","L0;","L0;","L0;","L0;","L0;","L0;","S116;{motive : Kant.Dom.Rel → Sort u} →   (t : Kant.Dom.Rel) → Eq t.ctorIdx 6 → motive Kant.Dom.Rel.constrains → motive t","O7;13;source_systemS5;lean411;source_fileS37;RequestProject/Kant/Domain/Model.lean13;source_formatS4;text11;imported_atI+0;14;transformed_atI+68;15;transformationsL0;13;parent_objectS0;","f7719536cf6b39c5d56e17c774bdb0c21ddad847b1aa2e1701bbd11faf0d14a4"
"obj.Kant.Relay.acceptPeers.eq_1","theorem","Kant.Relay.acceptPeers.eq_1","PROVEN","∀ (r : Kant.Rendezvous.Roster) (ls : List (List Char)),   Eq (Kant.Relay.acceptPeers r ls) (r.merge (List.filterMap Kant.Rendezvous.parseAnnounce ls))","L1;S28;obj.Kant.Rendezvous.Announce","O0;","L0;","L0;","L1;S33;claim.Kant.Relay.acceptPeers.eq_1","L0;","L1;S33;proof.Kant.Relay.acceptPeers.eq_1","L0;","S150;∀ (r : Kant.Rendezvous.Roster) (ls : List (List Char)),   Eq (Kant.Relay.acceptPeers r ls) (r.merge (List.filterMap Kant.Rendezvous.parseAnnounce ls))","O7;13;source_systemS5;lean411;source_fileS30;RequestProject/Kant/Relay.lean13;source_formatS4;text11;imported_atI+0;14;transformed_atI+0;15;transformationsL0;13;parent_objectS0;","005e63ca01e9233f58beafe4f87bc2b4c3d4f2094a7e15c50bb162e122bfaaba"
"obj.Kant.Codec.Outp.noConfusionType","def","Kant.Codec.Outp.noConfusionType","ASSERTED","Sort u → Kant.Codec.Outp → Kant.Codec.Outp → Sort u","L0;","O0;","L0;","L0;","L0;","L0;","L0;","L0;","S51;Sort u → Kant.Codec.Outp → Kant.Codec.Outp → Sort u","O7;13;source_systemS5;lean411;source_fileS36;RequestProject/Kant/Codec/Model.lean13;source_formatS4;text11;imported_atI+0;14;transformed_atI+0;15;transformationsL0;13;parent_objectS0;","021c6ba06969f05b20419d382e50da78b54057782afc89c970c0ba90d01cf0f6"
"obj.Kant.Codec.instInhabitedDifference","def","Kant.Codec.instInhabitedDifference","ASSERTED","Inhabited Kant.Codec.Difference","L1;S46;obj.Kant.Codec.instInhabitedDifference.default","O0;","L0;","L0;","L0;","L0;","L0;","L0;","S31;Inhabited Kant.Codec.Difference","O7;13;source_systemS5;lean411;source_fileS40;RequestProject/Kant/Codec/Reconcile.lean13;source_formatS4;text11;imported_atI+0;14;transformed_atI+50;15;transformationsL0;13;parent_objectS0;","715c05b4d0502d02f7bf5c8d31c34d95bb183ae348c84ddc623591986d81226f"
"obj.Kant.CardDebug.Pairing.noMeetingPoint.sizeOf_spec","theorem","Kant.CardDebug.Pairing.noMeetingPoint.sizeOf_spec","PROVEN","Eq (Kant.CardDebug.Pairing._sizeOf_inst.sizeOf Kant.CardDebug.Pairing.noMeetingPoint) 1","L0;","O0;","L0;","L0;","L1;S55;claim.Kant.CardDebug.Pairing.noMeetingPoint.sizeOf_spec","L0;","L1;S55;proof.Kant.CardDebug.Pairing.noMeetingPoint.sizeOf_spec","L0;","S87;Eq (Kant.CardDebug.Pairing._sizeOf_inst.sizeOf Kant.CardDebug.Pairing.noMeetingPoint) 1","O7;13;source_systemS5;lean411;source_fileS34;RequestProject/Kant/CardDebug.lean13;source_formatS4;text11;imported_atI+0;14;transformed_atI+0;15;transformationsL0;13;parent_objectS0;","eb00be3287112af5482122b1df1573b2deb825a48243082f2e9d5e5ad8d3026c"
"obj.Kant.Diagnostics.parseEvents.match_3","def","Kant.Diagnostics.parseEvents.match_3","ASSERTED","(motive : List (List Char) → Sort u_1) →   (x : List (List Char)) →     (Unit → motive List.nil) →       ((s : List Char) → (ss : List (List Char)) → motive (List.cons s ss)) → motive x","L0;","O0;","L0;","L0;","L0;","L0;","L0;","L0;","S185;(motive : List (List Char) → Sort u_1) →   (x : List (List Char)) →     (Unit → motive List.nil) →       ((s : List Char) → (ss : List (List Char)) → motive (List.cons s ss)) → motive x","O7;13;source_systemS5;lean411;source_fileS36;RequestProject/Kant/Diagnostics.lean13;source_formatS4;text11;imported_atI+0;14;transformed_atI+0;15;transformationsL0;13;parent_objectS0;","2abe7792cedac96e45df83714d0cf831da2207f27c916e788fb0cf7a165e2c9b"
"obj.Kant.Codec.Inp.id","def","Kant.Codec.Inp.id","ASSERTED","Kant.Codec.Inp → List Char","L0;","O0;","L0;","L0;","L0;","L0;","L0;","L0;","S26;Kant.Codec.Inp → List Char","O7;13;source_systemS5;lean411;source_fileS36;RequestProject/Kant/Codec/Model.lean13;source_formatS4;text11;imported_atI+0;14;transformed_atI+363;15;transformationsL0;13;parent_objectS0;","0bb7713d98285572eecd131c60bcc1fd338b57b00b6cc75c468dc4c973cac377"
"obj.Kant.Codec.validSyntax.eq_1","theorem","Kant.Codec.validSyntax.eq_1","PROVEN","∀ (f : Kant.Codec.Fmt) (s : List Char),   Eq (Kant.Codec.validSyntax f s) (Kant.Codec.decodeVal f s).isSome","L0;","O0;","L0;","L0;","L1;S33;claim.Kant.Codec.validSyntax.eq_1","L0;","L1;S33;proof.Kant.Codec.validSyntax.eq_1","L0;","S107;∀ (f : Kant.Codec.Fmt) (s : List Char),   Eq (Kant.Codec.validSyntax f s) (Kant.Codec.decodeVal f s).isSome","O7;13;source_systemS5;lean411;source_fileS39;RequestProject/Kant/Codec/Exchange.lean13;source_formatS4;text11;imported_atI+0;14;transformed_atI+0;15;transformationsL0;13;parent_objectS0;","de3b55f57974507389443fd62bbcc158f1a612692dc8f1193b07e94a8dcaae3e"
"obj.Kant.Dasl.dual47_period","theorem","Kant.Dasl.dual47_period","PROVEN","∀ {o : Kant.Dasl.Orbifold}, o.valid → Eq (Kant.Dasl.dual47 o 47) o","L0;","O0;","L0;","L0;","L1;S29;claim.Kant.Dasl.dual47_period","L0;","L1;S29;proof.Kant.Dasl.dual47_period","L0;","S66;∀ {o : Kant.Dasl.Orbifold}, o.valid → Eq (Kant.Dasl.dual47 o 47) o","O7;13;source_systemS5;lean411;source_fileS29;RequestProject/Kant/Dasl.lean13;source_formatS4;text11;imported_atI+0;14;transformed_atI+257;15;transformationsL0;13;parent_objectS0;","ba47ceb7c38676f9710d2bc673ee2776b950229587564be3fbcc8204621e7680"
"obj.Kant.Relay.mem_accept_iff","theorem","Kant.Relay.mem_accept_iff","PROVEN","∀ {ms : List Kant.Relay.Msg} {l : List Char} {x : Kant.Relay.Msg},   Iff (List.instMembership.mem (Kant.Relay.accept ms l) x)     (Or (List.instMembership.mem ms x) (Eq (Kant.Relay.parseMsg l) (Option.some x)))","L1;S23;obj.Kant.Relay.parseMsg","O0;","L0;","L0;","L1;S31;claim.Kant.Relay.mem_accept_iff","L0;","L1;S31;proof.Kant.Relay.mem_accept_iff","L0;","S210;∀ {ms : List Kant.Relay.Msg} {l : List Char} {x : Kant.Relay.Msg},   Iff (List.instMembership.mem (Kant.Relay.accept ms l) x)     (Or (List.instMembership.mem ms x) (Eq (Kant.Relay.parseMsg l) (Option.some x)))","O7;13;source_systemS5;lean411;source_fileS30;RequestProject/Kant/Relay.lean13;source_formatS4;text11;imported_atI+0;14;transformed_atI+276;15;transformationsL0;13;parent_objectS0;","56e54f5546f090b956d9e52431c1923eee428ab5569c4c4b205251b88a6ca300"
"obj.Kant.Dom.Event.inferredBy.sizeOf_spec","theorem","Kant.Dom.Event.inferredBy.sizeOf_spec","PROVEN","∀ (how : List Char),   Eq (Kant.Dom.Event._sizeOf_inst.sizeOf (Kant.Dom.Event.inferredBy how))     (instHAdd.hAdd 1 ((List._sizeOf_inst Char).sizeOf how))","L0;","O0;","L0;","L0;","L1;S43;claim.Kant.Dom.Event.inferredBy.sizeOf_spec","L0;","L1;S43;proof.Kant.Dom.Event.inferredBy.sizeOf_spec","L0;","S154;∀ (how : List Char),   Eq (Kant.Dom.Event._sizeOf_inst.sizeOf (Kant.Dom.Event.inferredBy how))     (instHAdd.hAdd 1 ((List._sizeOf_inst Char).sizeOf how))","O7;13;source_systemS5;lean411;source_fileS38;RequestProject/Kant/Domain/Policy.lean13;source_formatS4;text11;imported_atI+0;14;transformed_atI+0;15;transformationsL0;13;parent_objectS0;","5f4a67e85dfa15a5b42701d2d6d30d5af46e4ca41adc3397ba6593b22e996a5c"
"obj.Kant.Clipboard.toReceipt.eq_1","theorem","Kant.Clipboard.toReceipt.eq_1","PROVEN","∀ (e : Kant.Clipboard.Envelope),   Eq (Kant.Clipboard.toReceipt e)     (ite (Ne e.tag Kant.Clipboard.tagReceipt) Option.none       (Kant.Clipboard.toReceipt.match_1 (fun x => Option Kant.Clipboard.Receipt) e.fields         (fun w c b k =>           Option.some             { witness := Kant.Text.asciiChars w, cid := Kant.Text.bytesBEToNat c,               bytes := Kant.Text.bytesBEToNat b, credits := Kant.Text.bytesBEToNat k })         fun x => Option.none))","L0;","O0;","L0;","L0;","L1;S35;claim.Kant.Clipboard.toReceipt.eq_1","L0;","L1;S35;proof.Kant.Clipboard.toReceipt.eq_1","L0;","S461;∀ (e : Kant.Clipboard.Envelope),   Eq (Kant.Clipboard.toReceipt e)     (ite (Ne e.tag Kant.Clipboard.tagReceipt) Option.none       (Kant.Clipboard.toReceipt.match_1 (fun x => Option Kant.Clipboard.Receipt) e.fields         (fun w c b k =>           Option.some             { witness := Kant.Text.asciiChars w, cid := Kant.Text.bytesBEToNat c,               bytes := Kant.Text.bytesBEToNat b, credits := Kant.Text.bytesBEToNat k })         fun x => Option.none))","O7;13;source_systemS5;lean411;source_fileS34;RequestProject/Kant/Clipboard.lean13;source_formatS4;text11;imported_atI+0;14;transformed_atI+0;15;transformationsL0;13;parent_objectS0;","6ee2f38cc2160d8683ce85ab1db5e4a903ebf9dd112cbc68283b32286f5acdcb"
"obj.Kant.Cli.pageOf.eq_2","theorem","Kant.Cli.pageOf.eq_2","PROVEN","∀ (c : Char) (cs : List Char),   Eq (Kant.Cli.pageOf (List.cons c cs))     (ite (Eq c Kant.Clipboard.hash) List.nil (List.cons c (Kant.Cli.pageOf cs)))","L0;","O0;","L0;","L0;","L1;S26;claim.Kant.Cli.pageOf.eq_2","L0;","L1;S26;proof.Kant.Cli.pageOf.eq_2","L0;","S151;∀ (c : Char) (cs : List Char),   Eq (Kant.Cli.pageOf (List.cons c cs))     (ite (Eq c Kant.Clipboard.hash) List.nil (List.cons c (Kant.Cli.pageOf cs)))","O7;13;source_systemS5;lean411;source_fileS28;RequestProject/Kant/Cli.lean13;source_formatS4;text11;imported_atI+0;14;transformed_atI+0;15;transformationsL0;13;parent_objectS0;","5c0b0c975fa29cf2045bda35b869ff45711f33164d9a007cda5b43c40d0ef7ff"
"obj.Kant.Diagnostics.Area.relay.sizeOf_spec","theorem","Kant.Diagnostics.Area.relay.sizeOf_spec","PROVEN","Eq (Kant.Diagnostics.Area._sizeOf_inst.sizeOf Kant.Diagnostics.Area.relay) 1","L0;","O0;","L0;","L0;","L1;S45;claim.Kant.Diagnostics.Area.relay.sizeOf_spec","L0;","L1;S45;proof.Kant.Diagnostics.Area.relay.sizeOf_spec","L0;","S76;Eq (Kant.Diagnostics.Area._sizeOf_inst.sizeOf Kant.Diagnostics.Area.relay) 1","O7;13;source_systemS5;lean411;source_fileS36;RequestProject/Kant/Diagnostics.lean13;source_formatS4;text11;imported_atI+0;14;transformed_atI+0;15;transformationsL0;13;parent_objectS0;","dc75c06118d652860e73c3b885b4be0980f1675d70fe1ec025fea24c988e6843"
"obj.Kant.Dom.proof_to_inputs","theorem","Kant.Dom.proof_to_inputs","PROVEN","∀ {d : Kant.Dom.Domain},   Kant.Dom.Wf d →     ∀ {p : Kant.Dom.ProofRec},       List.instMembership.mem d.proofs p →         ∀ {i : Kant.Dom.Id},           List.instMembership.mem p.inputRefs i →             Exists fun o => Eq (Kant.Dom.findObj d i) (Option.some o)","L0;","O0;","L0;","L0;","L1;S30;claim.Kant.Dom.proof_to_inputs","L0;","L1;S30;proof.Kant.Dom.proof_to_inputs","L0;","S265;∀ {d : Kant.Dom.Domain},   Kant.Dom.Wf d →     ∀ {p : Kant.Dom.ProofRec},       List.instMembership.mem d.proofs p →         ∀ {i : Kant.Dom.Id},           List.instMembership.mem p.inputRefs i →             Exists fun o => Eq (Kant.Dom.findObj d i) (Option.some o)","O7;13;source_systemS5;lean411;source_fileS38;RequestProject/Kant/Domain/Ledger.lean13;source_formatS4;text11;imported_atI+0;14;transformed_atI+352;15;transformationsL0;13;parent_objectS0;","c29b721c05c6a891c8fd2d95414cbb167c6a6c21a77410abef3a17a24ebacc20"
"obj.Kant.Erdfa.escape.eq_1","theorem","Kant.Erdfa.escape.eq_1","PROVEN","∀ (s : List Char), Eq (Kant.Erdfa.escape s) (List.flatMap Kant.Erdfa.escapeChar s)","L0;","O0;","L0;","L0;","L1;S28;claim.Kant.Erdfa.escape.eq_1","L0;","L1;S28;proof.Kant.Erdfa.escape.eq_1","L0;","S82;∀ (s : List Char), Eq (Kant.Erdfa.escape s) (List.flatMap Kant.Erdfa.escapeChar s)","O7;13;source_systemS5;lean411;source_fileS30;RequestProject/Kant/Erdfa.lean13;source_formatS4;text11;imported_atI+0;14;transformed_atI+0;15;transformationsL0;13;parent_objectS0;","0f4e2bb4f9d2d133d6e3c07da7c661e018fbba1e6d4a8f412c76f00f99816e5e"
"obj.Kant.Codec.Outp.id","def","Kant.Codec.Outp.id","ASSERTED","Kant.Codec.Outp → List Char","L0;","O0;","L0;","L0;","L0;","L0;","L0;","L0;","S27;Kant.Codec.Outp → List Char","O7;13;source_systemS5;lean411;source_fileS36;RequestProject/Kant/Codec/Model.lean13;source_formatS4;text11;imported_atI+0;14;transformed_atI+396;15;transformationsL0;13;parent_objectS0;","996ccf2bf7a843e8c217c90aa8949733761070e8e957bc2ef86e00abc81551f9"
"obj.Kant.Text.charCodes","def","Kant.Text.charCodes","ASSERTED","List Char → List Nat","L0;","O0;","L0;","L0;","L0;","L0;","L0;","L0;","S20;List Char → List Nat","O7;13;source_systemS5;lean411;source_fileS29;RequestProject/Kant/Text.lean13;source_formatS4;text11;imported_atI+0;14;transformed_atI+102;15;transformationsL0;13;parent_objectS0;","f06c1d2778e0329a87951fff52b5e62d9465cee0ba7080746c3718768b2ea807"
"obj.Kant.Diagnostics.Area.app.elim","def","Kant.Diagnostics.Area.app.elim","ASSERTED","{motive : Kant.Diagnostics.Area → Sort u} →   (t : Kant.Diagnostics.Area) → Eq t.ctorIdx 8 → motive Kant.Diagnostics.Area.app → motive t","L1;S34;obj.Kant.Diagnostics.Area.ctorElim","O0;","L0;","L0;","L0;","L0;","L0;","L0;","S136;{motive : Kant.Diagnostics.Area → Sort u} →   (t : Kant.Diagnostics.Area) → Eq t.ctorIdx 8 → motive Kant.Diagnostics.Area.app → motive t","O7;13;source_systemS5;lean411;source_fileS36;RequestProject/Kant/Diagnostics.lean13;source_formatS4;text11;imported_atI+0;14;transformed_atI+107;15;transformationsL0;13;parent_objectS0;","8500f374b23ff9b43b0233d2231744cfe94ff178c42325926718b8c2a90efb3d"
"obj.Kant.Connectivity.instDecidableEqReachability","def","Kant.Connectivity.instDecidableEqReachability","ASSERTED","DecidableEq Kant.Connectivity.Reachability","L0;","O0;","L0;","L0;","L0;","L0;","L0;","L0;","S42;DecidableEq Kant.Connectivity.Reachability","O7;13;source_systemS5;lean411;source_fileS37;RequestProject/Kant/Connectivity.lean13;source_formatS4;text11;imported_atI+0;14;transformed_atI+60;15;transformationsL0;13;parent_objectS0;","d0812b45616f018bef0b01469b64d388d9ce8f9975ccf751eae707a29364fdce"
"obj.Kant.Sync.instDecidableEqSource","def","Kant.Sync.instDecidableEqSource","ASSERTED","DecidableEq Kant.Sync.Source","L0;","O0;","L0;","L0;","L0;","L0;","L0;","L0;","S28;DecidableEq Kant.Sync.Source","O7;13;source_systemS5;lean411;source_fileS29;RequestProject/Kant/Sync.lean13;source_formatS4;text11;imported_atI+0;14;transformed_atI+39;15;transformationsL0;13;parent_objectS0;","c8b2c36da09fadb043eabcdf686526b392e0d879d575d3b609565042d462ad39"
"obj.Kant.Codec.digitVal.eq_6","theorem","Kant.Codec.digitVal.eq_6","PROVEN","Eq (Kant.Codec.digitVal '5') (Option.some 5)","L1;S23;obj.Kant.Codec.digitVal","O0;","L0;","L0;","L1;S30;claim.Kant.Codec.digitVal.eq_6","L0;","L1;S30;proof.Kant.Codec.digitVal.eq_6","L0;","S44;Eq (Kant.Codec.digitVal '5') (Option.some 5)","O7;13;source_systemS5;lean411;source_fileS35;RequestProject/Kant/Codec/Yaml.lean13;source_formatS4;text11;imported_atI+0;14;transformed_atI+0;15;transformationsL0;13;parent_objectS0;","664d3057d506a2bd3c895630119f073a13c09cd6a56c8b77636a7dbf02d27d74"
"obj.Kant.SiteCard.trimStart_cons_space","theorem","Kant.SiteCard.trimStart_cons_space","PROVEN","∀ {v : List Char}, Ne v.head? (Option.some ' ') → Eq (Kant.SiteCard.trimStart (List.cons ' ' v)) v","L0;","O0;","L0;","L0;","L1;S40;claim.Kant.SiteCard.trimStart_cons_space","L0;","L1;S40;proof.Kant.SiteCard.trimStart_cons_space","L0;","S98;∀ {v : List Char}, Ne v.head? (Option.some ' ') → Eq (Kant.SiteCard.trimStart (List.cons ' ' v)) v","O7;13;source_systemS5;lean411;source_fileS33;RequestProject/Kant/SiteCard.lean13;source_formatS4;text11;imported_atI+0;14;transformed_atI+202;15;transformationsL0;13;parent_objectS0;","f96053854e51f293779993b80640438821abc09b0c11ff693b00cdc2d678324e"
"obj.Kant.Codec.Err.resolution","def","Kant.Codec.Err.resolution","ASSERTED","Kant.Codec.Err → List Char","L0;","O0;","L0;","L0;","L0;","L0;","L0;","L0;","S26;Kant.Codec.Err → List Char","O7;13;source_systemS5;lean411;source_fileS36;RequestProject/Kant/Codec/Model.lean13;source_formatS4;text11;imported_atI+0;14;transformed_atI+232;15;transformationsL0;13;parent_objectS0;","8d2219fcf3eae10aa98c8c681d3394955c97962846a8fbacab2cd5e9f89c70e7"
"obj.Kant.Sneakernet.capacity_pos","theorem","Kant.Sneakernet.capacity_pos","PROVEN","∀ (c : Kant.Sneakernet.Channel), instLTNat.lt 0 c.capacity","L0;","O0;","L0;","L0;","L1;S34;claim.Kant.Sneakernet.capacity_pos","L0;","L1;S34;proof.Kant.Sneakernet.capacity_pos","L0;","S58;∀ (c : Kant.Sneakernet.Channel), instLTNat.lt 0 c.capacity","O7;13;source_systemS5;lean411;source_fileS35;RequestProject/Kant/Sneakernet.lean13;source_formatS4;text11;imported_atI+0;14;transformed_atI+62;15;transformationsL0;13;parent_objectS0;","0dce62ceb7d319a7f8ddf1c738023f248afb556c31c0022d9b48c6fab2aa1caa"
"obj.Kant.Sync.Source.torrent.elim","def","Kant.Sync.Source.torrent.elim","ASSERTED","{motive : Kant.Sync.Source → Sort u} →   (t : Kant.Sync.Source) → Eq t.ctorIdx 3 → motive Kant.Sync.Source.torrent → motive t","L0;","O0;","L0;","L0;","L0;","L0;","L0;","L0;","S125;{motive : Kant.Sync.Source → Sort u} →   (t : Kant.Sync.Source) → Eq t.ctorIdx 3 → motive Kant.Sync.Source.torrent → motive t","O7;13;source_systemS5;lean411;source_fileS29;RequestProject/Kant/Sync.lean13;source_formatS4;text11;imported_atI+0;14;transformed_atI+38;15;transformationsL0;13;parent_objectS0;","4ca3f8bd6668493efa761188aaef754976c232a01804b778fb8d04df529fa883"
"obj.Kant.Wasm.Decode.instrsDec_cons","theorem","Kant.Wasm.Decode.instrsDec_cons","PROVEN","∀ (i : Kant.Wasm.Instr) (tail : Kant.Wasm.Decode.Bytes),   Eq (Kant.Wasm.Decode.instrsDec (instHAppendOfAppend.hAppend (Kant.Wasm.Encode.instr i) tail))     (Kant.Wasm.Decode.instrsDec.match_1       (fun x => Option (Prod (List Kant.Wasm.Decode.RawInstr) Kant.Wasm.Decode.Bytes))       (Kant.Wasm.Decode.instrsDec tail)       (fun is r => Option.some { fst := List.cons (Kant.Wasm.Decode.toRaw i) is, snd := r })       fun _ => Option.none)","L2;S29;obj.Kant.Wasm.Decode.RawInstrS19;obj.Kant.Wasm.BinOp","O0;","L0;","L0;","L1;S37;claim.Kant.Wasm.Decode.instrsDec_cons","L0;","L1;S37;proof.Kant.Wasm.Decode.instrsDec_cons","L0;","S440;∀ (i : Kant.Wasm.Instr) (tail : Kant.Wasm.Decode.Bytes),   Eq (Kant.Wasm.Decode.instrsDec (instHAppendOfAppend.hAppend (Kant.Wasm.Encode.instr i) tail))     (Kant.Wasm.Decode.instrsDec.match_1       (fun x => Option (Prod (List Kant.Wasm.Decode.RawInstr) Kant.Wasm.Decode.Bytes))       (Kant.Wasm.Decode.instrsDec tail)       (fun is r => Option.some { fst := List.cons (Kant.Wasm.Decode.toRaw i) is, snd := r })       fun _ => Option.none)","O7;13;source_systemS5;lean411;source_fileS31;RequestProject/Wasm/Decode.lean13;source_formatS4;text11;imported_atI+0;14;transformed_atI+397;15;transformationsL0;13;parent_objectS0;","f16272bc33f4ffd6dda306a587ad2b91e73b3e457b7c1938b75b0f49a34366a3"
"obj.Kant.Uucp.Carrier.dm.sizeOf_spec","theorem","Kant.Uucp.Carrier.dm.sizeOf_spec","PROVEN","Eq (Kant.Uucp.Carrier._sizeOf_inst.sizeOf Kant.Uucp.Carrier.dm) 1","L0;","O0;","L0;","L0;","L1;S38;claim.Kant.Uucp.Carrier.dm.sizeOf_spec","L0;","L1;S38;proof.Kant.Uucp.Carrier.dm.sizeOf_spec","L0;","S65;Eq (Kant.Uucp.Carrier._sizeOf_inst.sizeOf Kant.Uucp.Carrier.dm) 1","O7;13;source_systemS5;lean411;source_fileS29;RequestProject/Kant/Uucp.lean13;source_formatS4;text11;imported_atI+0;14;transformed_atI+0;15;transformationsL0;13;parent_objectS0;","2a2842c8f8fefea65289a8e6538d3c5945f3a9d04e60cf0004b7b1818bd418b3"
"obj.Kant.Onboarding.qrText","def","Kant.Onboarding.qrText","ASSERTED","Kant.SiteCard.Config → Kant.InviteCard.Dress → Kant.Rendezvous.Invite → List Char","L0;","O0;","L0;","L0;","L0;","L0;","L0;","L0;","S81;Kant.SiteCard.Config → Kant.InviteCard.Dress → Kant.Rendezvous.Invite → List Char","O7;13;source_systemS5;lean411;source_fileS35;RequestProject/Kant/Onboarding.lean13;source_formatS4;text11;imported_atI+0;14;transformed_atI+231;15;transformationsL0;13;parent_objectS0;","0c7021c6568afab5accdf9834ecf896231f7393f54edb727b4b206de24c94dd4"
"obj.Kant.Codec.RoundTrips","def","Kant.Codec.RoundTrips","ASSERTED","Kant.Codec.Val → Prop","L0;","O0;","L0;","L0;","L0;","L0;","L0;","L0;","S21;Kant.Codec.Val → Prop","O7;13;source_systemS5;lean411;source_fileS34;RequestProject/Kant/Codec/Val.lean13;source_formatS4;text11;imported_atI+0;14;transformed_atI+313;15;transformationsL0;13;parent_objectS0;","3c5cd53d36e9801a40a710c0f2b330dd5eebe467d287b4fc89621b96d6b4750f"
"obj.Kant.Wasm.Instr.cmpop.elim","def","Kant.Wasm.Instr.cmpop.elim","ASSERTED","{motive : Kant.Wasm.Instr → Sort u} →   (t : Kant.Wasm.Instr) →     Eq t.ctorIdx 3 → ((op : Kant.Wasm.CmpOp) → motive (Kant.Wasm.Instr.cmpop op)) → motive t","L1;S27;obj.Kant.Wasm.Instr.ctorIdx","O0;","L0;","L0;","L0;","L0;","L0;","L0;","S156;{motive : Kant.Wasm.Instr → Sort u} →   (t : Kant.Wasm.Instr) →     Eq t.ctorIdx 3 → ((op : Kant.Wasm.CmpOp) → motive (Kant.Wasm.Instr.cmpop op)) → motive t","O7;13;source_systemS5;lean411;source_fileS31;RequestProject/Wasm/Syntax.lean13;source_formatS4;text11;imported_atI+0;14;transformed_atI+43;15;transformationsL0;13;parent_objectS0;","ff7a8e4632addc2d0a66bf71de372acad117bbbd86a3fff78d7dad2825dbf254"
"obj.Kant.Dom.resolved_revalidates","theorem","Kant.Dom.resolved_revalidates","PROVEN","∀ (objectId field raw : List Char) {n : Int},   Eq (Kant.Dom.readIntCell raw) (Option.some n) →     And (Eq (Kant.Dom.reconcileInt objectId field raw).repair Kant.Dom.Repair.stringToInteger)       (And         (Eq (Kant.Dom.reconcileInt objectId field raw).result (Option.some (Kant.Codec.Val.int n)))         (Eq (Kant.Dom.reconcileInt objectId field raw).status Kant.Dom.PStatus.valid))","L0;","O0;","L0;","L0;","L1;S35;claim.Kant.Dom.resolved_revalidates","L0;","L1;S35;proof.Kant.Dom.resolved_revalidates","L0;","S388;∀ (objectId field raw : List Char) {n : Int},   Eq (Kant.Dom.readIntCell raw) (Option.some n) →     And (Eq (Kant.Dom.reconcileInt objectId field raw).repair Kant.Dom.Repair.stringToInteger)       (And         (Eq (Kant.Dom.reconcileInt objectId field raw).result (Option.some (Kant.Codec.Val.int n)))         (Eq (Kant.Dom.reconcileInt objectId field raw).status Kant.Dom.PStatus.valid))","O7;13;source_systemS5;lean411;source_fileS38;RequestProject/Kant/Domain/Policy.lean13;source_formatS4;text11;imported_atI+0;14;transformed_atI+267;15;transformationsL0;13;parent_objectS0;","224ed972e36bd87acd25c4ddd124f7b5785e709d4eef64ace1f0750ce5b61077"
"obj.Kant.CodeMovie.rleEncode","def","Kant.CodeMovie.rleEncode","ASSERTED","Kant.CodeMovie.Snippet → List (Prod Nat Nat)","L1;S26;obj.Kant.CodeMovie.Snippet","O0;","L0;","L0;","L0;","L0;","L0;","L0;","S44;Kant.CodeMovie.Snippet → List (Prod Nat Nat)","O7;13;source_systemS5;lean411;source_fileS34;RequestProject/Kant/CodeMovie.lean13;source_formatS4;text11;imported_atI+0;14;transformed_atI+41;15;transformationsL0;13;parent_objectS0;","a8416f83c66effbf3ad983e313201484e7d7e94fc87bfcfde5fd82b746d7ba92"
"obj.Kant.Diagnostics.instReprReport.repr","def","Kant.Diagnostics.instReprReport.repr","ASSERTED","Kant.Diagnostics.Report → Nat → Std.Format","L0;","O0;","L0;","L0;","L0;","L0;","L0;","L0;","S42;Kant.Diagnostics.Report → Nat → Std.Format","O7;13;source_systemS5;lean411;source_fileS36;RequestProject/Kant/Diagnostics.lean13;source_formatS4;text11;imported_atI+0;14;transformed_atI+493;15;transformationsL0;13;parent_objectS0;","6d0b60969ddef2dca346b75df0dfb3bfcd1148e31bd6a9125f2aa34a8c7d7f55"
"obj.Kant.Clipboard.Envelope.noConfusionType","def","Kant.Clipboard.Envelope.noConfusionType","ASSERTED","Sort u → Kant.Clipboard.Envelope → Kant.Clipboard.Envelope → Sort u","L0;","O0;","L0;","L0;","L0;","L0;","L0;","L0;","S67;Sort u → Kant.Clipboard.Envelope → Kant.Clipboard.Envelope → Sort u","O7;13;source_systemS5;lean411;source_fileS34;RequestProject/Kant/Clipboard.lean13;source_formatS4;text11;imported_atI+0;14;transformed_atI+0;15;transformationsL0;13;parent_objectS0;","fea3ee36e252bdec876dfff4f2a64c4f9346e2878d9df032045ac7411c4d9b15"
"obj.Kant.SiteCard.Config.Wf.casesOn","def","Kant.SiteCard.Config.Wf.casesOn","ASSERTED","{c : Kant.SiteCard.Config} →   {motive : c.Wf → Sort u} →     (t : c.Wf) →       ((origin : Kant.SiteCard.FieldOk c.origin) →           (caption : Kant.SiteCard.FieldOk c.caption) →             (picture : Kant.SiteCard.FieldOk c.picture) →               (alt : Kant.SiteCard.FieldOk c.alt) →                 (noHash : Not (List.instMembership.mem c.origin Kant.Clipboard.hash)) →                   (ascii : Kant.Text.IsAscii c.origin) → motive ⋯) →         motive t","L0;","O0;","L0;","L0;","L0;","L0;","L0;","L0;","S465;{c : Kant.SiteCard.Config} →   {motive : c.Wf → Sort u} →     (t : c.Wf) →       ((origin : Kant.SiteCard.FieldOk c.origin) →           (caption : Kant.SiteCard.FieldOk c.caption) →             (picture : Kant.SiteCard.FieldOk c.picture) →               (alt : Kant.SiteCard.FieldOk c.alt) →                 (noHash : Not (List.instMembership.mem c.origin Kant.Clipboard.hash)) →                   (ascii : Kant.Text.IsAscii c.origin) → motive ⋯) →         motive t","O7;13;source_systemS5;lean411;source_fileS33;RequestProject/Kant/SiteCard.lean13;source_formatS4;text11;imported_atI+0;14;transformed_atI+154;15;transformationsL0;13;parent_objectS0;","e2d467f9326a9a0f140e40f33810f3b467857309176c2cdd39c3bb05ee41f312"
"obj.Kant.Codec.RowRoundTrips","def","Kant.Codec.RowRoundTrips","ASSERTED","Kant.Codec.Val → Prop","L0;","O0;","L0;","L0;","L0;","L0;","L0;","L0;","S21;Kant.Codec.Val → Prop","O7;13;source_systemS5;lean411;source_fileS34;RequestProject/Kant/Codec/Csv.lean13;source_formatS4;text11;imported_atI+0;14;transformed_atI+153;15;transformationsL0;13;parent_objectS0;","a7825d71195025872a1adfd8620ea404249f74349093b5054dea35796ecc7232"
"obj.Kant.Codec.instReprVal.repr","opaque","Kant.Codec.instReprVal.repr","ASSERTED","Kant.Codec.Val → Nat → Std.Format","L0;","O0;","L0;","L0;","L0;","L0;","L0;","L0;","S33;Kant.Codec.Val → Nat → Std.Format","O7;13;source_systemS5;lean411;source_fileS34;RequestProject/Kant/Codec/Val.lean13;source_formatS4;text11;imported_atI+0;14;transformed_atI+44;15;transformationsL0;13;parent_objectS0;","aa2714e894551c3f1c08895dd3fdf5dc522f9fc9965f5b05779e3bed5e793d22"
"obj.Kant.Cli.Loaded.bag.elim","def","Kant.Cli.Loaded.bag.elim","ASSERTED","{motive : Kant.Cli.Loaded → Sort u} →   (t : Kant.Cli.Loaded) →     Eq t.ctorIdx 1 → ((ms : List Kant.Relay.Msg) → motive (Kant.Cli.Loaded.bag ms)) → motive t","L0;","O0;","L0;","L0;","L0;","L0;","L0;","L0;","S158;{motive : Kant.Cli.Loaded → Sort u} →   (t : Kant.Cli.Loaded) →     Eq t.ctorIdx 1 → ((ms : List Kant.Relay.Msg) → motive (Kant.Cli.Loaded.bag ms)) → motive t","O7;13;source_systemS5;lean411;source_fileS28;RequestProject/Kant/Cli.lean13;source_formatS4;text11;imported_atI+0;14;transformed_atI+552;15;transformationsL0;13;parent_objectS0;","e2bb5a6206dd1d50b9e8319c592fd05306c35b221e6dca165cdf0a4801d2cdf9"
"obj.Kant.Codec.projectList.eq_def","theorem","Kant.Codec.projectList.eq_def","PROVEN","∀ (x : List Kant.Codec.Ipdl),   Eq (Kant.Codec.projectList x)     (Kant.Codec.projectList.match_1 (fun x => List Kant.Codec.Val) x (fun _ => List.nil) fun x xs =>       List.cons (Kant.Codec.project x) (Kant.Codec.projectList xs))","L2;S27;obj.Kant.Codec.Ipdl.below_3S28;obj.Kant.Codec.Ipdl.brecOn_1","O0;","L0;","L0;","L1;S35;claim.Kant.Codec.projectList.eq_def","L0;","L1;S35;proof.Kant.Codec.projectList.eq_def","L0;","S230;∀ (x : List Kant.Codec.Ipdl),   Eq (Kant.Codec.projectList x)     (Kant.Codec.projectList.match_1 (fun x => List Kant.Codec.Val) x (fun _ => List.nil) fun x xs =>       List.cons (Kant.Codec.project x) (Kant.Codec.projectList xs))","O7;13;source_systemS5;lean411;source_fileS35;RequestProject/Kant/Codec/Ipdl.lean13;source_formatS4;text11;imported_atI+0;14;transformed_atI+0;15;transformationsL0;13;parent_objectS0;","baf8c45d1b32da887e4c14d00d557b0b8186fbf66f4637ced9ca5aa4bcae5191"
"obj.Kant.Wasm.Expr.Wf.eq_1","theorem","Kant.Wasm.Expr.Wf.eq_1","PROVEN","∀ (arity a : Nat),   Eq (Kant.Wasm.Expr.Wf arity (Kant.Wasm.Expr.const a)) (instLTNat.lt a (instHPow.hPow 2 63))","L1;S21;obj.Kant.Wasm.Expr.Wf","O0;","L0;","L0;","L1;S28;claim.Kant.Wasm.Expr.Wf.eq_1","L0;","L1;S28;proof.Kant.Wasm.Expr.Wf.eq_1","L0;","S112;∀ (arity a : Nat),   Eq (Kant.Wasm.Expr.Wf arity (Kant.Wasm.Expr.const a)) (instLTNat.lt a (instHPow.hPow 2 63))","O7;13;source_systemS5;lean411;source_fileS31;RequestProject/Wasm/Syntax.lean13;source_formatS4;text11;imported_atI+0;14;transformed_atI+0;15;transformationsL0;13;parent_objectS0;","52b47a9c2e16b5820a162fb7478b396dab9d9e8dfa1b1cc4738ac88179d12b5f"
"obj.Kant.Dom.step.eq_6","theorem","Kant.Dom.step.eq_6","PROVEN","∀ (d : Kant.Dom.Domain) (objectId : Kant.Dom.Id) (t : Kant.Dom.Truth) (a : List Char),   Eq (Kant.Dom.step d objectId (Kant.Dom.Event.inferredBy a) t)     { fst := Kant.Dom.Truth.inferred, snd := Option.none }","L0;","O0;","L0;","L0;","L1;S24;claim.Kant.Dom.step.eq_6","L0;","L1;S24;proof.Kant.Dom.step.eq_6","L0;","S209;∀ (d : Kant.Dom.Domain) (objectId : Kant.Dom.Id) (t : Kant.Dom.Truth) (a : List Char),   Eq (Kant.Dom.step d objectId (Kant.Dom.Event.inferredBy a) t)     { fst := Kant.Dom.Truth.inferred, snd := Option.none }","O7;13;source_systemS5;lean411;source_fileS38;RequestProject/Kant/Domain/Policy.lean13;source_formatS4;text11;imported_atI+0;14;transformed_atI+0;15;transformationsL0;13;parent_objectS0;","adde70b4cf4b8339d5d8515227ba8b16836fa08b6b935bf373a4caf73aafc3c0"
"obj.Kant.Codec.readRows.eq_def","theorem","Kant.Codec.readRows.eq_def","PROVEN","∀ (x : Nat) (x_1 : List Char),   Eq (Kant.Codec.readRows x x_1)     (Kant.Codec.readRows.match_3 (fun x x_2 => Option (List Kant.Codec.Row)) x x_1       (fun x => Option.none) (fun n => Option.some List.nil) fun fuel s =>       Kant.Codec.readRows.match_1 (fun x => Option (List Kant.Codec.Row)) (Kant.Codec.readRow s)         (fun r s' => Option.map (fun rs => List.cons r rs) (Kant.Codec.readRows fuel s')) fun _ =>         Option.none)","L0;","O0;","L0;","L0;","L1;S32;claim.Kant.Codec.readRows.eq_def","L0;","L1;S32;proof.Kant.Codec.readRows.eq_def","L0;","S438;∀ (x : Nat) (x_1 : List Char),   Eq (Kant.Codec.readRows x x_1)     (Kant.Codec.readRows.match_3 (fun x x_2 => Option (List Kant.Codec.Row)) x x_1       (fun x => Option.none) (fun n => Option.some List.nil) fun fuel s =>       Kant.Codec.readRows.match_1 (fun x => Option (List Kant.Codec.Row)) (Kant.Codec.readRow s)         (fun r s' => Option.map (fun rs => List.cons r rs) (Kant.Codec.readRows fuel s')) fun _ =>         Option.none)","O7;13;source_systemS5;lean411;source_fileS34;RequestProject/Kant/Codec/Csv.lean13;source_formatS4;text11;imported_atI+0;14;transformed_atI+0;15;transformationsL0;13;parent_objectS0;","c8da8e35edb0083bf2ac823bb5ebcd18ec4b304a838795e1739ea38ffd665cbe"
"obj.Kant.Sync.Source.archiveOrg.elim","def","Kant.Sync.Source.archiveOrg.elim","ASSERTED","{motive : Kant.Sync.Source → Sort u} →   (t : Kant.Sync.Source) → Eq t.ctorIdx 4 → motive Kant.Sync.Source.archiveOrg → motive t","L0;","O0;","L0;","L0;","L0;","L0;","L0;","L0;","S128;{motive : Kant.Sync.Source → Sort u} →   (t : Kant.Sync.Source) → Eq t.ctorIdx 4 → motive Kant.Sync.Source.archiveOrg → motive t","O7;13;source_systemS5;lean411;source_fileS29;RequestProject/Kant/Sync.lean13;source_formatS4;text11;imported_atI+0;14;transformed_atI+38;15;transformationsL0;13;parent_objectS0;","2bf6cd50daf9cfd37e8fea586b3b19a0757cda18eec5dc797fb3f64232ec4a56"
"obj.Kant.Codec.pFields.eq_1","theorem","Kant.Codec.pFields.eq_1","PROVEN","∀ (x : Nat) (x_1 : List Char),   Eq (Kant.Codec.pFields x 0 x_1) (Option.some { fst := List.nil, snd := x_1 })","L0;","O0;","L0;","L0;","L1;S29;claim.Kant.Codec.pFields.eq_1","L0;","L1;S29;proof.Kant.Codec.pFields.eq_1","L0;","S110;∀ (x : Nat) (x_1 : List Char),   Eq (Kant.Codec.pFields x 0 x_1) (Option.some { fst := List.nil, snd := x_1 })","O7;13;source_systemS5;lean411;source_fileS34;RequestProject/Kant/Codec/Val.lean13;source_formatS4;text11;imported_atI+0;14;transformed_atI+0;15;transformationsL0;13;parent_objectS0;","f163279e267eb9551ebbbbbd7b4f511212e803dcedbaf6af5cf8f5e17853d86c"
"obj.Kant.Dom.csvTables_recover","theorem","Kant.Dom.csvTables_recover","PROVEN","∀ (d : Kant.Dom.Domain),   Eq     (Kant.Dom.domainOfTables (Kant.Dom.metaTable d) (Kant.Dom.objectsTable d)       (Kant.Dom.proofsTable d) (Kant.Dom.relationsTable d))     (Option.some d)","L3;S24;obj.Kant.Dom.Claim.toValS26;obj.Kant.Dom.proofsOfTableS36;obj.Kant.Dom.relationsTable_recovers","O0;","L0;","L0;","L1;S32;claim.Kant.Dom.csvTables_recover","L0;","L1;S32;proof.Kant.Dom.csvTables_recover","L0;","S187;∀ (d : Kant.Dom.Domain),   Eq     (Kant.Dom.domainOfTables (Kant.Dom.metaTable d) (Kant.Dom.objectsTable d)       (Kant.Dom.proofsTable d) (Kant.Dom.relationsTable d))     (Option.some d)","O7;13;source_systemS5;lean411;source_fileS37;RequestProject/Kant/Domain/Table.lean13;source_formatS4;text11;imported_atI+0;14;transformed_atI+470;15;transformationsL0;13;parent_objectS0;","eebc9965589b4f6b5a445139943217e8c39396360f8b150953fe7e814a01d8b6"
"obj.Kant.Uucp.route.match_1","def","Kant.Uucp.route.match_1","ASSERTED","(motive : List Kant.Uucp.Node → Sort u_1) →   (x : List Kant.Uucp.Node) →     (Unit → motive List.nil) →       ((hop : Kant.Uucp.Node) → (hops : List Kant.Uucp.Node) → motive (List.cons hop hops)) →         motive x","L0;","O0;","L0;","L0;","L0;","L0;","L0;","L0;","S215;(motive : List Kant.Uucp.Node → Sort u_1) →   (x : List Kant.Uucp.Node) →     (Unit → motive List.nil) →       ((hop : Kant.Uucp.Node) → (hops : List Kant.Uucp.Node) → motive (List.cons hop hops)) →         motive x","O7;13;source_systemS5;lean411;source_fileS29;RequestProject/Kant/Uucp.lean13;source_formatS4;text11;imported_atI+0;14;transformed_atI+0;15;transformationsL0;13;parent_objectS0;","e779b57cdbbd0a1a6c941dda468a524d129b3ce2cee2ca14b5af9b80432549c7"
"obj.Kant.SiteCard.parseQrPayload_qrPayload","theorem","Kant.SiteCard.parseQrPayload_qrPayload","PROVEN","∀ {c : Kant.SiteCard.Config},   c.Wf →     ∀ (e : Kant.Clipboard.Envelope),       Eq (Kant.SiteCard.parseQrPayload (Kant.SiteCard.qrPayload c e)) (Option.some e)","L0;","O0;","L0;","L0;","L1;S44;claim.Kant.SiteCard.parseQrPayload_qrPayload","L0;","L1;S44;proof.Kant.SiteCard.parseQrPayload_qrPayload","L0;","S161;∀ {c : Kant.SiteCard.Config},   c.Wf →     ∀ (e : Kant.Clipboard.Envelope),       Eq (Kant.SiteCard.parseQrPayload (Kant.SiteCard.qrPayload c e)) (Option.some e)","O7;13;source_systemS5;lean411;source_fileS33;RequestProject/Kant/SiteCard.lean13;source_formatS4;text11;imported_atI+0;14;transformed_atI+344;15;transformationsL0;13;parent_objectS0;","7b3dfc901f4aca1db91bc2915f21125a04702baca0e2450711ddd52c1fd72644"
"obj.Kant.Sync.syncAll","def","Kant.Sync.syncAll","ASSERTED","Kant.Store → List Kant.Sync.Feed → Kant.Store","L1;S22;obj.Kant.Sync.syncFeed","O0;","L0;","L0;","L0;","L0;","L0;","L0;","S45;Kant.Store → List Kant.Sync.Feed → Kant.Store","O7;13;source_systemS5;lean411;source_fileS29;RequestProject/Kant/Sync.lean13;source_formatS4;text11;imported_atI+0;14;transformed_atI+54;15;transformationsL0;13;parent_objectS0;","5c5debd55dacd88809e2619ec8dbdaab7aad3194f0f7730e5e07872504472471"
"obj.Kant.Dom.objectRow.eq_1","theorem","Kant.Dom.objectRow.eq_1","PROVEN","∀ (o : Kant.Dom.DomObj),   Eq (Kant.Dom.objectRow o)     (List.cons o.id       (List.cons o.kind         (List.cons o.name           (List.cons o.truth.name             (List.cons o.claim               (List.cons (Kant.Dom.encIds o.inputs)                 (List.cons (Kant.Dom.encFields o.parameters)                   (List.cons (Kant.Dom.encIds o.transformations)                     (List.cons (Kant.Dom.encIds o.outputs)                       (List.cons (Kant.Dom.encIds o.claimRefs)                         (List.cons (Kant.Dom.encIds o.evidenceRefs)                           (List.cons (Kant.Dom.encIds o.proofRefs)                             (List.cons (Kant.Dom.encIds o.errorRefs)                               (List.cons (Kant.Dom.encValue o.value)                                 (List.cons (Kant.Dom.encProv o.provenance)                                   (List.cons o.hash List.nil))))))))))))))))","L1;S32;obj.Kant.Dom.DomObj.evidenceRefs","O0;","L0;","L0;","L1;S29;claim.Kant.Dom.objectRow.eq_1","L0;","L1;S29;proof.Kant.Dom.objectRow.eq_1","L0;","S912;∀ (o : Kant.Dom.DomObj),   Eq (Kant.Dom.objectRow o)     (List.cons o.id       (List.cons o.kind         (List.cons o.name           (List.cons o.truth.name             (List.cons o.claim               (List.cons (Kant.Dom.encIds o.inputs)                 (List.cons (Kant.Dom.encFields o.parameters)                   (List.cons (Kant.Dom.encIds o.transformations)                     (List.cons (Kant.Dom.encIds o.outputs)                       (List.cons (Kant.Dom.encIds o.claimRefs)                         (List.cons (Kant.Dom.encIds o.evidenceRefs)                           (List.cons (Kant.Dom.encIds o.proofRefs)                             (List.cons (Kant.Dom.encIds o.errorRefs)                               (List.cons (Kant.Dom.encValue o.value)                                 (List.cons (Kant.Dom.encProv o.provenance)                                   (List.cons o.hash List.nil))))))))))))))))","O7;13;source_systemS5;lean411;source_fileS37;RequestProject/Kant/Domain/Table.lean13;source_formatS4;text11;imported_atI+0;14;transformed_atI+0;15;transformationsL0;13;parent_objectS0;","a185e9bf2f8545f2d3a5ca44d66f9f951a5a299327e274cc17ba3e62c323677f"
"obj.Kant.Codec.canonDecode_eq_none_of_head","theorem","Kant.Codec.canonDecode_eq_none_of_head","PROVEN","∀ {s : List Char} {c : Char} {t : List Char},   Eq s (List.cons c t) →     Ne c 'Z' →       Ne c 'T' →         Ne c 'F' →           Ne c 'I' → Ne c 'S' → Ne c 'L' → Ne c 'O' → Eq (Kant.Codec.canonDecode s) Option.none","L1;S22;obj.Kant.Codec.readInt","O0;","L0;","L0;","L1;S44;claim.Kant.Codec.canonDecode_eq_none_of_head","L0;","L1;S44;proof.Kant.Codec.canonDecode_eq_none_of_head","L0;","S217;∀ {s : List Char} {c : Char} {t : List Char},   Eq s (List.cons c t) →     Ne c 'Z' →       Ne c 'T' →         Ne c 'F' →           Ne c 'I' → Ne c 'S' → Ne c 'L' → Ne c 'O' → Eq (Kant.Codec.canonDecode s) Option.none","O7;13;source_systemS5;lean411;source_fileS38;RequestProject/Kant/Codec/RawText.lean13;source_formatS4;text11;imported_atI+0;14;transformed_atI+196;15;transformationsL0;13;parent_objectS0;","8b1f0e9d8c314317f44cf76668d9842c1179ad8f5a26cc3511cd1405b2a3cd5a"
"obj.Kant.Codec.xFalse.eq_1","theorem","Kant.Codec.xFalse.eq_1","PROVEN","Eq Kant.Codec.xFalse   (List.cons '<'     (List.cons 'b'       (List.cons 'o'         (List.cons 'o'           (List.cons 'l'             (List.cons '>'               (List.cons 'f'                 (List.cons 'a'                   (List.cons 'l'                     (List.cons 's'                       (List.cons 'e'                         (List.cons '<'                           (List.cons '/'                             (List.cons 'b'                               (List.cons 'o'                                 (List.cons 'o'                                   (List.cons 'l' (List.cons '>' List.nil))))))))))))))))))","L0;","O0;","L0;","L0;","L1;S28;claim.Kant.Codec.xFalse.eq_1","L0;","L1;S28;proof.Kant.Codec.xFalse.eq_1","L0;","S623;Eq Kant.Codec.xFalse   (List.cons '<'     (List.cons 'b'       (List.cons 'o'         (List.cons 'o'           (List.cons 'l'             (List.cons '>'               (List.cons 'f'                 (List.cons 'a'                   (List.cons 'l'                     (List.cons 's'                       (List.cons 'e'                         (List.cons '<'                           (List.cons '/'                             (List.cons 'b'                               (List.cons 'o'                                 (List.cons 'o'                                   (List.cons 'l' (List.cons '>' List.nil))))))))))))))))))","O7;13;source_systemS5;lean411;source_fileS34;RequestProject/Kant/Codec/Xml.lean13;source_formatS4;text11;imported_atI+0;14;transformed_atI+0;15;transformationsL0;13;parent_objectS0;","b60ac536549d613f3d026556799e711c43b91cdffc7347454c9646cbed0457a2"
"obj.Kant.CodeMovie.Circuit.run.eq_def","theorem","Kant.CodeMovie.Circuit.run.eq_def","PROVEN","∀ (x : List Nat) (x_1 : List Kant.CodeMovie.Circuit),   Eq (Kant.CodeMovie.Circuit.run x x_1)     (Kant.CodeMovie.Circuit.run.match_1 (fun x x_2 => Option (List Kant.CodeMovie.Circuit)) x x_1       (fun st => Option.some st)       (fun i rest st =>         Kant.CodeMovie.Circuit.run rest (List.cons (Kant.CodeMovie.Circuit.inp i) st))       (fun b rest st =>         Kant.CodeMovie.Circuit.run rest           (List.cons (Kant.CodeMovie.Circuit.const (instBEqOfDecidableEq.beq b 1)) st))       (fun rest c st => Kant.CodeMovie.Circuit.run rest (List.cons c.not st))       (fun rest c₂ c₁ st => Kant.CodeMovie.Circuit.run rest (List.cons (c₁.and c₂) st))       (fun rest c₂ c₁ st => Kant.CodeMovie.Circuit.run rest (List.cons (c₁.or c₂) st)) fun x x_2 =>       Option.none)","L0;","O0;","L0;","L0;","L1;S39;claim.Kant.CodeMovie.Circuit.run.eq_def","L0;","L1;S39;proof.Kant.CodeMovie.Circuit.run.eq_def","L0;","S772;∀ (x : List Nat) (x_1 : List Kant.CodeMovie.Circuit),   Eq (Kant.CodeMovie.Circuit.run x x_1)     (Kant.CodeMovie.Circuit.run.match_1 (fun x x_2 => Option (List Kant.CodeMovie.Circuit)) x x_1       (fun st => Option.some st)       (fun i rest st =>         Kant.CodeMovie.Circuit.run rest (List.cons (Kant.CodeMovie.Circuit.inp i) st))       (fun b rest st =>         Kant.CodeMovie.Circuit.run rest           (List.cons (Kant.CodeMovie.Circuit.const (instBEqOfDecidableEq.beq b 1)) st))       (fun rest c st => Kant.CodeMovie.Circuit.run rest (List.cons c.not st))       (fun rest c₂ c₁ st => Kant.CodeMovie.Circuit.run rest (List.cons (c₁.and c₂) st))       (fun rest c₂ c₁ st => Kant.CodeMovie.Circuit.run rest (List.cons (c₁.or c₂) st)) fun x x_2 =>       Option.none)","O7;13;source_systemS5;lean411;source_fileS34;RequestProject/Kant/CodeMovie.lean13;source_formatS4;text11;imported_atI+0;14;transformed_atI+0;15;transformationsL0;13;parent_objectS0;","61a009d826c1c7ac38084ebe0870351f51c997e6ee7eec0a80931be4168a266d"
"obj.Kant.Dom.exchange_canonicalizes","theorem","Kant.Dom.exchange_canonicalizes","PROVEN","∀ (d : Kant.Dom.Domain),   Eq (Kant.Dom.withDerivedRelations d).relations (Kant.Dom.derivedRelations d)","L0;","O0;","L0;","L0;","L1;S37;claim.Kant.Dom.exchange_canonicalizes","L0;","L1;S37;proof.Kant.Dom.exchange_canonicalizes","L0;","S103;∀ (d : Kant.Dom.Domain),   Eq (Kant.Dom.withDerivedRelations d).relations (Kant.Dom.derivedRelations d)","O7;13;source_systemS5;lean411;source_fileS39;RequestProject/Kant/Domain/Package.lean13;source_formatS4;text11;imported_atI+0;14;transformed_atI+302;15;transformationsL0;13;parent_objectS0;","76f116fabdf3988cd7fb366ebe5dc4cf5e21db3daba6673285de8f78fc89f0e5"
"obj.Kant.Cli.Cmd.curl.elim","def","Kant.Cli.Cmd.curl.elim","ASSERTED","{motive : Kant.Cli.Cmd → Sort u} →   (t : Kant.Cli.Cmd) → Eq t.ctorIdx 6 → motive Kant.Cli.Cmd.curl → motive t","L0;","O0;","L0;","L0;","L0;","L0;","L0;","L0;","S110;{motive : Kant.Cli.Cmd → Sort u} →   (t : Kant.Cli.Cmd) → Eq t.ctorIdx 6 → motive Kant.Cli.Cmd.curl → motive t","O7;13;source_systemS5;lean411;source_fileS28;RequestProject/Kant/Cli.lean13;source_formatS4;text11;imported_atI+0;14;transformed_atI+725;15;transformationsL0;13;parent_objectS0;","7038df792f454c3e987def44043e1b0174ff45b235e134387dc3ef1f5e350dab"
"obj.Kant.Wasm.Kernel.eval_hexHiE","theorem","Kant.Wasm.Kernel.eval_hexHiE","PROVEN","∀ (b : UInt64),   instLTNat.lt b.toNat 256 →     Eq       (Option.map UInt64.toNat (Kant.Wasm.Expr.eval (List.cons b List.nil) Kant.Wasm.Kernel.hexHiE))       (Option.some (Kant.Bytes.hexDigit (instHDiv.hDiv b.toNat 16)).toNat)","L0;","O0;","L0;","L0;","L1;S34;claim.Kant.Wasm.Kernel.eval_hexHiE","L0;","L1;S34;proof.Kant.Wasm.Kernel.eval_hexHiE","L0;","S227;∀ (b : UInt64),   instLTNat.lt b.toNat 256 →     Eq       (Option.map UInt64.toNat (Kant.Wasm.Expr.eval (List.cons b List.nil) Kant.Wasm.Kernel.hexHiE))       (Option.some (Kant.Bytes.hexDigit (instHDiv.hDiv b.toNat 16)).toNat)","O7;13;source_systemS5;lean411;source_fileS35;RequestProject/Wasm/KernelSpec.lean13;source_formatS4;text11;imported_atI+0;14;transformed_atI+70;15;transformationsL0;13;parent_objectS0;","8c220369c51b6cd60d82d1c4d9eb4ba9b8fea3f1143cac209b3cb6a2243023d3"
"obj.Kant.Wasm.Encode.cmpOpcode.eq_4","theorem","Kant.Wasm.Encode.cmpOpcode.eq_4","PROVEN","Eq (Kant.Wasm.Encode.cmpOpcode Kant.Wasm.CmpOp.gtu) 86","L0;","O0;","L0;","L0;","L1;S37;claim.Kant.Wasm.Encode.cmpOpcode.eq_4","L0;","L1;S37;proof.Kant.Wasm.Encode.cmpOpcode.eq_4","L0;","S54;Eq (Kant.Wasm.Encode.cmpOpcode Kant.Wasm.CmpOp.gtu) 86","O7;13;source_systemS5;lean411;source_fileS31;RequestProject/Wasm/Decode.lean13;source_formatS4;text11;imported_atI+0;14;transformed_atI+0;15;transformationsL0;13;parent_objectS0;","9039c9a90ac010c4a08a117f06348f97c527a08576479d6a971e99e10f2737bd"
"obj.Kant.Codec.Difference.casesOn","def","Kant.Codec.Difference.casesOn","ASSERTED","{motive : Kant.Codec.Difference → Sort u} →   (t : Kant.Codec.Difference) →     ((path left right kind : List Char) →         (severity : Kant.Codec.Severity) →           (explanation : List Char) →             motive               { path := path, left := left, right := right, kind := kind, severity := severity,                 explanation := explanation }) →       motive t","L0;","O0;","L0;","L0;","L0;","L0;","L0;","L0;","S376;{motive : Kant.Codec.Difference → Sort u} →   (t : Kant.Codec.Difference) →     ((path left right kind : List Char) →         (severity : Kant.Codec.Severity) →           (explanation : List Char) →             motive               { path := path, left := left, right := right, kind := kind, severity := severity,                 explanation := explanation }) →       motive t","O7;13;source_systemS5;lean411;source_fileS40;RequestProject/Kant/Codec/Reconcile.lean13;source_formatS4;text11;imported_atI+0;14;transformed_atI+35;15;transformationsL0;13;parent_objectS0;","ae92dee9273b4e0cc4cb9a455226f6b7cbcc7ce9261fa00a658d31be980b2ea5"
"obj.Kant.Sheaf.Encoding.enumList","def","Kant.Sheaf.Encoding.enumList","ASSERTED","List Kant.Sheaf.Encoding","L0;","O0;","L0;","L0;","L0;","L0;","L0;","L0;","S24;List Kant.Sheaf.Encoding","O7;13;source_systemS5;lean411;source_fileS30;RequestProject/Kant/Sheaf.lean13;source_formatS4;text11;imported_atI+0;14;transformed_atI+0;15;transformationsL0;13;parent_objectS0;","d8d31c9407ff22f994fc42788c6f5df6eb53d9b4f876e073f1be6bbc8985e070"
"obj.Kant.Codec.instInhabitedFmt","def","Kant.Codec.instInhabitedFmt","ASSERTED","Inhabited Kant.Codec.Fmt","L0;","O0;","L0;","L0;","L0;","L0;","L0;","L0;","S24;Inhabited Kant.Codec.Fmt","O7;13;source_systemS5;lean411;source_fileS36;RequestProject/Kant/Codec/Model.lean13;source_formatS4;text11;imported_atI+0;14;transformed_atI+54;15;transformationsL0;13;parent_objectS0;","c9c097f212127a6d4d31ddaf06b9995a86a62e03bdc41e8718705464ab3b1a74"
"obj.Kant.Dom.Event.assertedBy.noConfusion","def","Kant.Dom.Event.assertedBy.noConfusion","ASSERTED","{P : Sort u} →   {who who' : List Char} →     Eq (Kant.Dom.Event.assertedBy who) (Kant.Dom.Event.assertedBy who') → (Eq who who' → P) → P","L0;","O0;","L0;","L0;","L0;","L0;","L0;","L0;","S137;{P : Sort u} →   {who who' : List Char} →     Eq (Kant.Dom.Event.assertedBy who) (Kant.Dom.Event.assertedBy who') → (Eq who who' → P) → P","O7;13;source_systemS5;lean411;source_fileS38;RequestProject/Kant/Domain/Policy.lean13;source_formatS4;text11;imported_atI+0;14;transformed_atI+38;15;transformationsL0;13;parent_objectS0;","2800eff2f1cbb35447ef3da5066b6257ac581a2fbf04075adc599500e992daed"
"obj.Kant.Meme.payload","def","Kant.Meme.payload","ASSERTED","Kant.Clipboard.Envelope → List Nat","L1;S23;obj.Kant.Text.charCodes","O0;","L0;","L0;","L0;","L0;","L0;","L0;","S34;Kant.Clipboard.Envelope → List Nat","O7;13;source_systemS5;lean411;source_fileS29;RequestProject/Kant/Meme.lean13;source_formatS4;text11;imported_atI+0;14;transformed_atI+63;15;transformationsL0;13;parent_objectS0;","2dea9d7893737f9de9fc6435ed9772caeb0579567ea1405f2da8f996fc3508cc"
"obj.Kant.Dom.scanOfVal.match_1","def","Kant.Dom.scanOfVal.match_1","ASSERTED","(motive : Kant.Codec.Val → Sort u_1) →   (x : Kant.Codec.Val) →     ((xs : List Kant.Codec.Val) → motive (Kant.Codec.Val.list xs)) →       ((x : Kant.Codec.Val) → motive x) → motive x","L0;","O0;","L0;","L0;","L0;","L0;","L0;","L0;","S183;(motive : Kant.Codec.Val → Sort u_1) →   (x : Kant.Codec.Val) →     ((xs : List Kant.Codec.Val) → motive (Kant.Codec.Val.list xs)) →       ((x : Kant.Codec.Val) → motive x) → motive x","O7;13;source_systemS5;lean411;source_fileS39;RequestProject/Kant/Domain/Catalog.lean13;source_formatS4;text11;imported_atI+0;14;transformed_atI+0;15;transformationsL0;13;parent_objectS0;","d2ed43b2f01955692c741fd5ac5faba69afd2ee558a786d388f37b61d8d2e970"
"obj.Kant.Diagnostics.parseEvents.eq_def","theorem","Kant.Diagnostics.parseEvents.eq_def","PROVEN","∀ (x : List (List Char)),   Eq (Kant.Diagnostics.parseEvents x)     (Kant.Diagnostics.parseEvents.match_3 (fun x => Option (List Kant.Diagnostics.Event)) x       (fun _ => Option.some List.nil) fun s ss =>       Kant.Diagnostics.parseEvents.match_1 (fun x x_1 => Option (List Kant.Diagnostics.Event))         (Kant.Diagnostics.parseEvent s) (Kant.Diagnostics.parseEvents ss)         (fun e es => Option.some (List.cons e es)) fun x x_1 => Option.none)","L1;S40;obj.Kant.Diagnostics.parseEvents.match_3","O0;","L0;","L0;","L1;S41;claim.Kant.Diagnostics.parseEvents.eq_def","L0;","L1;S41;proof.Kant.Diagnostics.parseEvents.eq_def","L0;","S451;∀ (x : List (List Char)),   Eq (Kant.Diagnostics.parseEvents x)     (Kant.Diagnostics.parseEvents.match_3 (fun x => Option (List Kant.Diagnostics.Event)) x       (fun _ => Option.some List.nil) fun s ss =>       Kant.Diagnostics.parseEvents.match_1 (fun x x_1 => Option (List Kant.Diagnostics.Event))         (Kant.Diagnostics.parseEvent s) (Kant.Diagnostics.parseEvents ss)         (fun e es => Option.some (List.cons e es)) fun x x_1 => Option.none)","O7;13;source_systemS5;lean411;source_fileS36;RequestProject/Kant/Diagnostics.lean13;source_formatS4;text11;imported_atI+0;14;transformed_atI+0;15;transformationsL0;13;parent_objectS0;","f5c5f44facdecc8887c4651cbde28eb34d593a58a0f8f30ed254611ce3be6339"
"obj.Kant.Sheaf.Encoding.stego.elim","def","Kant.Sheaf.Encoding.stego.elim","ASSERTED","{motive : Kant.Sheaf.Encoding → Sort u} →   (t : Kant.Sheaf.Encoding) → Eq t.ctorIdx 7 → motive Kant.Sheaf.Encoding.stego → motive t","L1;S32;obj.Kant.Sheaf.Encoding.ctorElim","O0;","L0;","L0;","L0;","L0;","L0;","L0;","S132;{motive : Kant.Sheaf.Encoding → Sort u} →   (t : Kant.Sheaf.Encoding) → Eq t.ctorIdx 7 → motive Kant.Sheaf.Encoding.stego → motive t","O7;13;source_systemS5;lean411;source_fileS30;RequestProject/Kant/Sheaf.lean13;source_formatS4;text11;imported_atI+0;14;transformed_atI+86;15;transformationsL0;13;parent_objectS0;","6389a2e63530480c274e04ccfb7aa45fc4abdee94c17b89aee46b6954b7527ad"
"obj.Kant.Handoff.Step.mk.sizeOf_spec","theorem","Kant.Handoff.Step.mk.sizeOf_spec","PROVEN","∀ (number : Nat) (actor instruction : List Char) (move : Kant.Handoff.Move),   Eq     (Kant.Handoff.Step._sizeOf_inst.sizeOf       { number := number, actor := actor, instruction := instruction, move := move })     (instHAdd.hAdd       (instHAdd.hAdd         (instHAdd.hAdd (instHAdd.hAdd 1 (instSizeOfNat.sizeOf number))           ((List._sizeOf_inst Char).sizeOf actor))         ((List._sizeOf_inst Char).sizeOf instruction))       (Kant.Handoff.Move._sizeOf_inst.sizeOf move))","L0;","O0;","L0;","L0;","L1;S38;claim.Kant.Handoff.Step.mk.sizeOf_spec","L0;","L1;S38;proof.Kant.Handoff.Step.mk.sizeOf_spec","L0;","S479;∀ (number : Nat) (actor instruction : List Char) (move : Kant.Handoff.Move),   Eq     (Kant.Handoff.Step._sizeOf_inst.sizeOf       { number := number, actor := actor, instruction := instruction, move := move })     (instHAdd.hAdd       (instHAdd.hAdd         (instHAdd.hAdd (instHAdd.hAdd 1 (instSizeOfNat.sizeOf number))           ((List._sizeOf_inst Char).sizeOf actor))         ((List._sizeOf_inst Char).sizeOf instruction))       (Kant.Handoff.Move._sizeOf_inst.sizeOf move))","O7;13;source_systemS5;lean411;source_fileS32;RequestProject/Kant/Handoff.lean13;source_formatS4;text11;imported_atI+0;14;transformed_atI+0;15;transformationsL0;13;parent_objectS0;","9a182c63057ec0b1ddb0ddd5c358ef1e7ccb85e890bd9c83acb20b26ee45dbe0"
"obj.Kant.Wasm.exec.match_1","def","Kant.Wasm.exec.match_1","ASSERTED","(motive : Option (List UInt64) → Sort u_1) →   (x : Option (List UInt64)) →     ((st' : List UInt64) → motive (Option.some st')) → (Unit → motive Option.none) → motive x","L0;","O0;","L0;","L0;","L0;","L0;","L0;","L0;","S169;(motive : Option (List UInt64) → Sort u_1) →   (x : Option (List UInt64)) →     ((st' : List UInt64) → motive (Option.some st')) → (Unit → motive Option.none) → motive x","O7;13;source_systemS5;lean411;source_fileS34;RequestProject/Wasm/Semantics.lean13;source_formatS4;text11;imported_atI+0;14;transformed_atI+0;15;transformationsL0;13;parent_objectS0;","14e3988de62e106cd963daa490a5996f15a77a0f1777e2fa33e7742df89569cd"
"obj.Kant.Codec.digitsFold.eq_1","theorem","Kant.Codec.digitsFold.eq_1","PROVEN","∀ (acc : Nat), Eq (Kant.Codec.digitsFold acc List.nil) acc","L0;","O0;","L0;","L0;","L1;S32;claim.Kant.Codec.digitsFold.eq_1","L0;","L1;S32;proof.Kant.Codec.digitsFold.eq_1","L0;","S58;∀ (acc : Nat), Eq (Kant.Codec.digitsFold acc List.nil) acc","O7;13;source_systemS5;lean411;source_fileS34;RequestProject/Kant/Codec/Val.lean13;source_formatS4;text11;imported_atI+0;14;transformed_atI+0;15;transformationsL0;13;parent_objectS0;","16cffb2431242a10ab1cac2005ed00333f17dba6aee9cc0e737c43115e6bd7e1"
"obj.Kant.Onboarding.Event.ctorIdx","def","Kant.Onboarding.Event.ctorIdx","ASSERTED","Kant.Onboarding.Event → Nat","L0;","O0;","L0;","L0;","L0;","L0;","L0;","L0;","S27;Kant.Onboarding.Event → Nat","O7;13;source_systemS5;lean411;source_fileS35;RequestProject/Kant/Onboarding.lean13;source_formatS4;text11;imported_atI+0;14;transformed_atI+0;15;transformationsL0;13;parent_objectS0;","5b75e641c2a2265c1d8de488e64bcc9f3d0b46bfa15b62c2903a06521b4b3755"
"obj.Kant.Stego.bitsByte_byteBits","theorem","Kant.Stego.bitsByte_byteBits","PROVEN","∀ {n : Nat}, instLTNat.lt n 256 → Eq (Kant.Stego.bitsByte (Kant.Stego.byteBits n)) n","L0;","O0;","L0;","L0;","L1;S34;claim.Kant.Stego.bitsByte_byteBits","L0;","L1;S34;proof.Kant.Stego.bitsByte_byteBits","L0;","S84;∀ {n : Nat}, instLTNat.lt n 256 → Eq (Kant.Stego.bitsByte (Kant.Stego.byteBits n)) n","O7;13;source_systemS5;lean411;source_fileS30;RequestProject/Kant/Stego.lean13;source_formatS4;text11;imported_atI+0;14;transformed_atI+56;15;transformationsL0;13;parent_objectS0;","570011b5bff724352a48069c38756fe20d917be5c748af1792dbc27412b0b6e4"
"obj.Kant.Uucp.readParts_map","theorem","Kant.Uucp.readParts_map","PROVEN","∀ (fs : List Kant.Sneakernet.Frame),   Eq (Kant.Uucp.readParts (List.map (fun f => (Kant.Uucp.ofPart f).encode) fs)) (Option.some fs)","L0;","O0;","L0;","L0;","L1;S29;claim.Kant.Uucp.readParts_map","L0;","L1;S29;proof.Kant.Uucp.readParts_map","L0;","S133;∀ (fs : List Kant.Sneakernet.Frame),   Eq (Kant.Uucp.readParts (List.map (fun f => (Kant.Uucp.ofPart f).encode) fs)) (Option.some fs)","O7;13;source_systemS5;lean411;source_fileS29;RequestProject/Kant/Uucp.lean13;source_formatS4;text11;imported_atI+0;14;transformed_atI+228;15;transformationsL0;13;parent_objectS0;","8290722103bdca5e6488f46c41ff92f114bc979369c1dcc88ecb593023f2e40b"
"obj.Kant.Credits.Ledger.noConfusionType","def","Kant.Credits.Ledger.noConfusionType","ASSERTED","Sort u → Kant.Credits.Ledger → Kant.Credits.Ledger → Sort u","L0;","O0;","L0;","L0;","L0;","L0;","L0;","L0;","S59;Sort u → Kant.Credits.Ledger → Kant.Credits.Ledger → Sort u","O7;13;source_systemS5;lean411;source_fileS32;RequestProject/Kant/Credits.lean13;source_formatS4;text11;imported_atI+0;14;transformed_atI+0;15;transformationsL0;13;parent_objectS0;","3d1f7ea2ced07857843d189661ff6794ccc53ae625742dc5373bc48f878f9222"
"obj.Kant.Connectivity.instDecidableRelayUsable","def","Kant.Connectivity.instDecidableRelayUsable","ASSERTED","(r : Kant.Connectivity.Reachability) → Decidable (Kant.Connectivity.RelayUsable r)","L0;","O0;","L0;","L0;","L0;","L0;","L0;","L0;","S82;(r : Kant.Connectivity.Reachability) → Decidable (Kant.Connectivity.RelayUsable r)","O7;13;source_systemS5;lean411;source_fileS37;RequestProject/Kant/Connectivity.lean13;source_formatS4;text11;imported_atI+0;14;transformed_atI+88;15;transformationsL0;13;parent_objectS0;","035cc6637b0714c57007a44bf2d66bba765c6a8a7a85a8577a01958c1f709e9c"
"obj.Kant.Onboarding.Screen.ctorElim","def","Kant.Onboarding.Screen.ctorElim","ASSERTED","{motive : Kant.Onboarding.Screen → Sort u} →   (ctorIdx : Nat) →     (t : Kant.Onboarding.Screen) →       Eq ctorIdx t.ctorIdx → Kant.Onboarding.Screen.ctorElimType ctorIdx → motive t","L0;","O0;","L0;","L0;","L0;","L0;","L0;","L0;","S183;{motive : Kant.Onboarding.Screen → Sort u} →   (ctorIdx : Nat) →     (t : Kant.Onboarding.Screen) →       Eq ctorIdx t.ctorIdx → Kant.Onboarding.Screen.ctorElimType ctorIdx → motive t","O7;13;source_systemS5;lean411;source_fileS35;RequestProject/Kant/Onboarding.lean13;source_formatS4;text11;imported_atI+0;14;transformed_atI+46;15;transformationsL0;13;parent_objectS0;","570af94e5dba92cbb7171384442046386cf4da4d5a3500915622d4cc006e6efe"
"obj.Kant.Codec.readRowVal.match_1","def","Kant.Codec.readRowVal.match_1","ASSERTED","(motive : Option Nat → Sort u_1) →   (x : Option Nat) → ((n : Nat) → motive (Option.some n)) → (Unit → motive Option.none) → motive x","L0;","O0;","L0;","L0;","L0;","L0;","L0;","L0;","S133;(motive : Option Nat → Sort u_1) →   (x : Option Nat) → ((n : Nat) → motive (Option.some n)) → (Unit → motive Option.none) → motive x","O7;13;source_systemS5;lean411;source_fileS34;RequestProject/Kant/Codec/Csv.lean13;source_formatS4;text11;imported_atI+0;14;transformed_atI+0;15;transformationsL0;13;parent_objectS0;","7117ec7a2b9fd81bca30bc163e4654b8946ce2d246686ce1f310b9dd42611e8e"
"obj.Kant.Rendezvous.Address.mk.inj","theorem","Kant.Rendezvous.Address.mk.inj","PROVEN","∀ {transport : Kant.Sync.Source} {locator : List Char} {transport_1 : Kant.Sync.Source}   {locator_1 : List Char},   Eq { transport := transport, locator := locator }       { transport := transport_1, locator := locator_1 } →     And (Eq transport transport_1) (Eq locator locator_1)","L0;","O0;","L0;","L0;","L1;S36;claim.Kant.Rendezvous.Address.mk.inj","L0;","L1;S36;proof.Kant.Rendezvous.Address.mk.inj","L0;","S283;∀ {transport : Kant.Sync.Source} {locator : List Char} {transport_1 : Kant.Sync.Source}   {locator_1 : List Char},   Eq { transport := transport, locator := locator }       { transport := transport_1, locator := locator_1 } →     And (Eq transport transport_1) (Eq locator locator_1)","O7;13;source_systemS5;lean411;source_fileS35;RequestProject/Kant/Rendezvous.lean13;source_formatS4;text11;imported_atI+0;14;transformed_atI+0;15;transformationsL0;13;parent_objectS0;","6abab1adea88c3d35b5383661eb05530875fb2ae6d1c4a917c945b03440dc95e"
"obj.Kant.Wasm.Decode.RawInstr.localGet.sizeOf_spec","theorem","Kant.Wasm.Decode.RawInstr.localGet.sizeOf_spec","PROVEN","∀ (i : Nat),   Eq (Kant.Wasm.Decode.RawInstr._sizeOf_inst.sizeOf (Kant.Wasm.Decode.RawInstr.localGet i))     (instHAdd.hAdd 1 (instSizeOfNat.sizeOf i))","L1;S29;obj.Kant.Wasm.Decode.RawInstr","O0;","L0;","L0;","L1;S52;claim.Kant.Wasm.Decode.RawInstr.localGet.sizeOf_spec","L0;","L1;S52;proof.Kant.Wasm.Decode.RawInstr.localGet.sizeOf_spec","L0;","S151;∀ (i : Nat),   Eq (Kant.Wasm.Decode.RawInstr._sizeOf_inst.sizeOf (Kant.Wasm.Decode.RawInstr.localGet i))     (instHAdd.hAdd 1 (instSizeOfNat.sizeOf i))","O7;13;source_systemS5;lean411;source_fileS31;RequestProject/Wasm/Decode.lean13;source_formatS4;text11;imported_atI+0;14;transformed_atI+0;15;transformationsL0;13;parent_objectS0;","beab30a88f98eb7cd058ae355d70450719c2923bdef2fdea8da8f82beb2405b5"
"obj.Kant.Dom.Evidence.noConfusionType","def","Kant.Dom.Evidence.noConfusionType","ASSERTED","Sort u → Kant.Dom.Evidence → Kant.Dom.Evidence → Sort u","L0;","O0;","L0;","L0;","L0;","L0;","L0;","L0;","S55;Sort u → Kant.Dom.Evidence → Kant.Dom.Evidence → Sort u","O7;13;source_systemS5;lean411;source_fileS37;RequestProject/Kant/Domain/Model.lean13;source_formatS4;text11;imported_atI+0;14;transformed_atI+0;15;transformationsL0;13;parent_objectS0;","1676c349999c98a2d16a3da70fd9098d5f32cd54c975763ce7f103b6140a6827"
"obj.Kant.Codec.Val.ctorElim","def","Kant.Codec.Val.ctorElim","ASSERTED","{motive_1 : Kant.Codec.Val → Sort u} →   (ctorIdx : Nat) →     (t : Kant.Codec.Val) → Eq ctorIdx t.ctorIdx → Kant.Codec.Val.ctorElimType ctorIdx → motive_1 t","L0;","O0;","L0;","L0;","L0;","L0;","L0;","L0;","S157;{motive_1 : Kant.Codec.Val → Sort u} →   (ctorIdx : Nat) →     (t : Kant.Codec.Val) → Eq ctorIdx t.ctorIdx → Kant.Codec.Val.ctorElimType ctorIdx → motive_1 t","O7;13;source_systemS5;lean411;source_fileS34;RequestProject/Kant/Codec/Val.lean13;source_formatS4;text11;imported_atI+0;14;transformed_atI+34;15;transformationsL0;13;parent_objectS0;","0355094056c865fcf38bddfe72bc8abf3136f59369809082a0dde0f0d00a2e85"
"obj.Kant.Codec.Val.obj.inj","theorem","Kant.Codec.Val.obj.inj","PROVEN","∀ {fs fs_1 : List (Prod (List Char) Kant.Codec.Val)},   Eq (Kant.Codec.Val.obj fs) (Kant.Codec.Val.obj fs_1) → Eq fs fs_1","L0;","O0;","L0;","L0;","L1;S28;claim.Kant.Codec.Val.obj.inj","L0;","L1;S28;proof.Kant.Codec.Val.obj.inj","L0;","S121;∀ {fs fs_1 : List (Prod (List Char) Kant.Codec.Val)},   Eq (Kant.Codec.Val.obj fs) (Kant.Codec.Val.obj fs_1) → Eq fs fs_1","O7;13;source_systemS5;lean411;source_fileS34;RequestProject/Kant/Codec/Val.lean13;source_formatS4;text11;imported_atI+0;14;transformed_atI+0;15;transformationsL0;13;parent_objectS0;","992c0fcb064c32e9f46c2999d25fe82ef3999c5eb82450c31e1e81d4d84b6918"
"obj.Kant.Cli.Method.post.elim","def","Kant.Cli.Method.post.elim","ASSERTED","{motive : Kant.Cli.Method → Sort u} →   (t : Kant.Cli.Method) → Eq t.ctorIdx 1 → motive Kant.Cli.Method.post → motive t","L0;","O0;","L0;","L0;","L0;","L0;","L0;","L0;","S119;{motive : Kant.Cli.Method → Sort u} →   (t : Kant.Cli.Method) → Eq t.ctorIdx 1 → motive Kant.Cli.Method.post → motive t","O7;13;source_systemS5;lean411;source_fileS28;RequestProject/Kant/Cli.lean13;source_formatS4;text11;imported_atI+0;14;transformed_atI+146;15;transformationsL0;13;parent_objectS0;","1ac3cbd4ed5c3bcb0bf9f0c7a5088370843bc92b65343ab91bb4b8a4cf5345de"
"obj.Kant.Dasl.daslPrefix","def","Kant.Dasl.daslPrefix","ASSERTED","Nat","L0;","O0;","L0;","L0;","L0;","L0;","L0;","L0;","S3;Nat","O7;13;source_systemS5;lean411;source_fileS29;RequestProject/Kant/Dasl.lean13;source_formatS4;text11;imported_atI+0;14;transformed_atI+72;15;transformationsL0;13;parent_objectS0;","6ec938b04204208664e215e1c75f4a693af0c916d81a8ec0a24667f49d7633a3"
"obj.Kant.Dom.instReprRelation.repr","def","Kant.Dom.instReprRelation.repr","ASSERTED","Kant.Dom.Relation → Nat → Std.Format","L0;","O0;","L0;","L0;","L0;","L0;","L0;","L0;","S36;Kant.Dom.Relation → Nat → Std.Format","O7;13;source_systemS5;lean411;source_fileS37;RequestProject/Kant/Domain/Model.lean13;source_formatS4;text11;imported_atI+0;14;transformed_atI+509;15;transformationsL0;13;parent_objectS0;","a8497c697b72894a172709cd89a489ddf2bf4cca7c252d2448cecf209e780c17"
"obj.Kant.Wasm.BinOp.mul.elim","def","Kant.Wasm.BinOp.mul.elim","ASSERTED","{motive : Kant.Wasm.BinOp → Sort u} →   (t : Kant.Wasm.BinOp) → Eq t.ctorIdx 2 → motive Kant.Wasm.BinOp.mul → motive t","L1;S19;obj.Kant.Wasm.BinOp","O0;","L0;","L0;","L0;","L0;","L0;","L0;","S118;{motive : Kant.Wasm.BinOp → Sort u} →   (t : Kant.Wasm.BinOp) → Eq t.ctorIdx 2 → motive Kant.Wasm.BinOp.mul → motive t","O7;13;source_systemS5;lean411;source_fileS31;RequestProject/Wasm/Syntax.lean13;source_formatS4;text11;imported_atI+0;14;transformed_atI+27;15;transformationsL0;13;parent_objectS0;","af689b48e98bbaaaf30862cd52bec4c558b6525cdde6d3e420c995de0e80742f"
"obj.Kant.Dom.DomObj.report","def","Kant.Dom.DomObj.report","ASSERTED","Kant.Dom.DomObj → List Char","L3;S15;obj.Kant.Dom.kvS20;obj.Kant.Dom.idBlockS32;obj.Kant.Dom.DomObj.evidenceRefs","O0;","L0;","L0;","L0;","L0;","L0;","L0;","S27;Kant.Dom.DomObj → List Char","O7;13;source_systemS5;lean411;source_fileS36;RequestProject/Kant/Domain/Emit.lean13;source_formatS4;text11;imported_atI+0;14;transformed_atI+59;15;transformationsL0;13;parent_objectS0;","381ebb7d594ab79f69aa409f828d674486c82420f15e6525c3126ccaab2de5da"
"obj.Kant.Strip.toPaste","def","Kant.Strip.toPaste","ASSERTED","List Kant.Stego.Carrier → Option Kant.Paste","L1;S26;obj.Kant.Clipboard.toPaste","O0;","L0;","L0;","L0;","L0;","L0;","L0;","S43;List Kant.Stego.Carrier → Option Kant.Paste","O7;13;source_systemS5;lean411;source_fileS30;RequestProject/Kant/Strip.lean13;source_formatS4;text11;imported_atI+0;14;transformed_atI+181;15;transformationsL0;13;parent_objectS0;","30de6fe2596c13a4dda273621a0c710fbc53bf5487d08902cb279e94d1e3de2d"
"obj.Kant.CodeMovie.rleEncode.eq_def","theorem","Kant.CodeMovie.rleEncode.eq_def","PROVEN","∀ (x : Kant.CodeMovie.Snippet),   Eq (Kant.CodeMovie.rleEncode x)     (Kant.CodeMovie.rleEncode.match_3 (fun x => List (Prod Nat Nat)) x (fun _ => List.nil)       fun x xs =>       Kant.CodeMovie.rleEncode.match_1 (fun x => List (Prod Nat Nat)) (Kant.CodeMovie.rleEncode xs)         (fun _ => List.cons { fst := x, snd := 1 } List.nil) fun y n rest =>         ite (Eq x y) (List.cons { fst := y, snd := instHAdd.hAdd n 1 } rest)           (List.cons { fst := x, snd := 1 } (List.cons { fst := y, snd := n } rest)))","L2;S26;obj.Kant.CodeMovie.SnippetS28;obj.Kant.CodeMovie.rleEncode","O0;","L0;","L0;","L1;S37;claim.Kant.CodeMovie.rleEncode.eq_def","L0;","L1;S37;proof.Kant.CodeMovie.rleEncode.eq_def","L0;","S514;∀ (x : Kant.CodeMovie.Snippet),   Eq (Kant.CodeMovie.rleEncode x)     (Kant.CodeMovie.rleEncode.match_3 (fun x => List (Prod Nat Nat)) x (fun _ => List.nil)       fun x xs =>       Kant.CodeMovie.rleEncode.match_1 (fun x => List (Prod Nat Nat)) (Kant.CodeMovie.rleEncode xs)         (fun _ => List.cons { fst := x, snd := 1 } List.nil) fun y n rest =>         ite (Eq x y) (List.cons { fst := y, snd := instHAdd.hAdd n 1 } rest)           (List.cons { fst := x, snd := 1 } (List.cons { fst := y, snd := n } rest)))","O7;13;source_systemS5;lean411;source_fileS34;RequestProject/Kant/CodeMovie.lean13;source_formatS4;text11;imported_atI+0;14;transformed_atI+0;15;transformationsL0;13;parent_objectS0;","4ae17d5641812920c3711f95154f7adb60500d9eb930dfde96101097b7b165d9"
"obj.Kant.Codec.joinLines_splitLines","theorem","Kant.Codec.joinLines_splitLines","PROVEN","∀ (s : List Char), Eq (Kant.Codec.joinLines (Kant.Codec.splitLines s)) s","L0;","O0;","L0;","L0;","L1;S37;claim.Kant.Codec.joinLines_splitLines","L0;","L1;S37;proof.Kant.Codec.joinLines_splitLines","L0;","S72;∀ (s : List Char), Eq (Kant.Codec.joinLines (Kant.Codec.splitLines s)) s","O7;13;source_systemS5;lean411;source_fileS38;RequestProject/Kant/Codec/RawText.lean13;source_formatS4;text11;imported_atI+0;14;transformed_atI+63;15;transformationsL0;13;parent_objectS0;","8514efd4418039a07a208b96f07ac0737afdff19d5828c1eb2f6266bc9729f51"
"obj.Kant.Cli.curlLine","def","Kant.Cli.curlLine","ASSERTED","Kant.Cli.Req → List Char","L0;","O0;","L0;","L0;","L0;","L0;","L0;","L0;","S24;Kant.Cli.Req → List Char","O7;13;source_systemS5;lean411;source_fileS28;RequestProject/Kant/Cli.lean13;source_formatS4;text11;imported_atI+0;14;transformed_atI+197;15;transformationsL0;13;parent_objectS0;","634f663ae4026e50f734fc713c8dd7936fa9fc51fa92092e1957f2e669f6b8f1"
"obj.Kant.Feed.newest_sorted","theorem","Kant.Feed.newest_sorted","PROVEN","∀ (ps : List Kant.Paste),   List.Pairwise (fun a b => instLENat.le (Kant.Feed.timeKey b) (Kant.Feed.timeKey a))     (Kant.Feed.newest ps)","L0;","O0;","L0;","L0;","L1;S29;claim.Kant.Feed.newest_sorted","L0;","L1;S29;proof.Kant.Feed.newest_sorted","L0;","S137;∀ (ps : List Kant.Paste),   List.Pairwise (fun a b => instLENat.le (Kant.Feed.timeKey b) (Kant.Feed.timeKey a))     (Kant.Feed.newest ps)","O7;13;source_systemS5;lean411;source_fileS29;RequestProject/Kant/Feed.lean13;source_formatS4;text11;imported_atI+0;14;transformed_atI+280;15;transformationsL0;13;parent_objectS0;","b322b814ded7f14b66acadcbc288fae8335a5bdb687e7f017f717eecf4a0818e"
"obj.Kant.Dom.package_roundtrip_report_sound","theorem","Kant.Dom.package_roundtrip_report_sound","PROVEN","∀ (d : Kant.Dom.Domain) (r : Kant.Dom.FormatReport),   List.instMembership.mem (Kant.Dom.roundtripReport d) r →     And (Eq r.decoded Bool.true) (And (Eq r.matchesCanonical Bool.true) (Eq r.hash d.hash))","L0;","O0;","L0;","L0;","L1;S45;claim.Kant.Dom.package_roundtrip_report_sound","L0;","L1;S45;proof.Kant.Dom.package_roundtrip_report_sound","L0;","S203;∀ (d : Kant.Dom.Domain) (r : Kant.Dom.FormatReport),   List.instMembership.mem (Kant.Dom.roundtripReport d) r →     And (Eq r.decoded Bool.true) (And (Eq r.matchesCanonical Bool.true) (Eq r.hash d.hash))","O7;13;source_systemS5;lean411;source_fileS39;RequestProject/Kant/Domain/Package.lean13;source_formatS4;text11;imported_atI+0;14;transformed_atI+218;15;transformationsL0;13;parent_objectS0;","eba088d0e8f44b715b856fb6a9eef5b6ae7b9da788ce7323910bce45f7dd9ba8"
"obj.Kant.Dom.Event.recOn","def","Kant.Dom.Event.recOn","ASSERTED","{motive : Kant.Dom.Event → Sort u} →   (t : Kant.Dom.Event) →     ((proofId : Kant.Dom.Id) → motive (Kant.Dom.Event.validated proofId)) →       ((proofId : Kant.Dom.Id) → motive (Kant.Dom.Event.reproduced proofId)) →         ((proofId : Kant.Dom.Id) → motive (Kant.Dom.Event.derivedBy proofId)) →           ((who : List Char) → motive (Kant.Dom.Event.assertedBy who)) →             ((source : List Char) → motive (Kant.Dom.Event.importedFrom source)) →               ((how : List Char) → motive (Kant.Dom.Event.inferredBy how)) →                 ((proofId : Kant.Dom.Id) → motive (Kant.Dom.Event.contradiction proofId)) →                   ((proofId : Kant.Dom.Id) → motive (Kant.Dom.Event.invalidation proofId)) →                     motive Kant.Dom.Event.nothing → motive t","L0;","O0;","L0;","L0;","L0;","L0;","L0;","L0;","S775;{motive : Kant.Dom.Event → Sort u} →   (t : Kant.Dom.Event) →     ((proofId : Kant.Dom.Id) → motive (Kant.Dom.Event.validated proofId)) →       ((proofId : Kant.Dom.Id) → motive (Kant.Dom.Event.reproduced proofId)) →         ((proofId : Kant.Dom.Id) → motive (Kant.Dom.Event.derivedBy proofId)) →           ((who : List Char) → motive (Kant.Dom.Event.assertedBy who)) →             ((source : List Char) → motive (Kant.Dom.Event.importedFrom source)) →               ((how : List Char) → motive (Kant.Dom.Event.inferredBy how)) →                 ((proofId : Kant.Dom.Id) → motive (Kant.Dom.Event.contradiction proofId)) →                   ((proofId : Kant.Dom.Id) → motive (Kant.Dom.Event.invalidation proofId)) →                     motive Kant.Dom.Event.nothing → motive t","O7;13;source_systemS5;lean411;source_fileS38;RequestProject/Kant/Domain/Policy.lean13;source_formatS4;text11;imported_atI+0;14;transformed_atI+29;15;transformationsL0;13;parent_objectS0;","d48378a56945b9934cd8756360550560588d2fc18de544a9877870a94ce1cd36"
"obj.Kant.Wasm.Expr.Wf.eq_4","theorem","Kant.Wasm.Expr.Wf.eq_4","PROVEN","∀ (arity : Nat) (a : Kant.Wasm.CmpOp) (a_1 a_2 : Kant.Wasm.Expr),   Eq (Kant.Wasm.Expr.Wf arity (Kant.Wasm.Expr.cmp a a_1 a_2))     (And (Kant.Wasm.Expr.Wf arity a_1) (Kant.Wasm.Expr.Wf arity a_2))","L1;S21;obj.Kant.Wasm.Expr.Wf","O0;","L0;","L0;","L1;S28;claim.Kant.Wasm.Expr.Wf.eq_4","L0;","L1;S28;proof.Kant.Wasm.Expr.Wf.eq_4","L0;","S197;∀ (arity : Nat) (a : Kant.Wasm.CmpOp) (a_1 a_2 : Kant.Wasm.Expr),   Eq (Kant.Wasm.Expr.Wf arity (Kant.Wasm.Expr.cmp a a_1 a_2))     (And (Kant.Wasm.Expr.Wf arity a_1) (Kant.Wasm.Expr.Wf arity a_2))","O7;13;source_systemS5;lean411;source_fileS31;RequestProject/Wasm/Syntax.lean13;source_formatS4;text11;imported_atI+0;14;transformed_atI+0;15;transformationsL0;13;parent_objectS0;","d1db3a406effc3929ce81961e25d0015762113895060d0d4f7164dc4466d9bd7"
"obj.Kant.Dom.kv","def","Kant.Dom.kv","ASSERTED","List Char → List Char → List Char","L0;","O0;","L0;","L0;","L0;","L0;","L0;","L0;","S33;List Char → List Char → List Char","O7;13;source_systemS5;lean411;source_fileS36;RequestProject/Kant/Domain/Emit.lean13;source_formatS4;text11;imported_atI+0;14;transformed_atI+50;15;transformationsL0;13;parent_objectS0;","e78ff0384d4cd4e46bb0aa57efdc8817da9d5ab40a4fc9fa121f58a8b797eb4d"
"obj.Kant.Cli.postLine_curl_roundTrip","theorem","Kant.Cli.postLine_curl_roundTrip","PROVEN","∀ {c : Kant.Cli.Client} {line : List Char},   Not (List.instMembership.mem c.relay ' ') →     Not (List.instMembership.mem line ' ') →       Eq (Kant.Cli.parseCurlLine (Kant.Cli.curlLine (Kant.Cli.postLine c line)))         (Option.some (Kant.Cli.postLine c line))","L2;S21;obj.Kant.Cli.curlLineS35;obj.Kant.Cli.parseCurlLine_curlLine","O0;","L0;","L0;","L1;S38;claim.Kant.Cli.postLine_curl_roundTrip","L0;","L1;S38;proof.Kant.Cli.postLine_curl_roundTrip","L0;","S264;∀ {c : Kant.Cli.Client} {line : List Char},   Not (List.instMembership.mem c.relay ' ') →     Not (List.instMembership.mem line ' ') →       Eq (Kant.Cli.parseCurlLine (Kant.Cli.curlLine (Kant.Cli.postLine c line)))         (Option.some (Kant.Cli.postLine c line))","O7;13;source_systemS5;lean411;source_fileS28;RequestProject/Kant/Cli.lean13;source_formatS4;text11;imported_atI+0;14;transformed_atI+433;15;transformationsL0;13;parent_objectS0;","bd70dd8ace112ddfa199428e084c65f43fd5a1461676642dd63320cc77ad0252"
"obj.Kant.Wasm.Instr.ctorIdx","def","Kant.Wasm.Instr.ctorIdx","ASSERTED","Kant.Wasm.Instr → Nat","L1;S19;obj.Kant.Wasm.BinOp","O0;","L0;","L0;","L0;","L0;","L0;","L0;","S21;Kant.Wasm.Instr → Nat","O7;13;source_systemS5;lean411;source_fileS31;RequestProject/Wasm/Syntax.lean13;source_formatS4;text11;imported_atI+0;14;transformed_atI+0;15;transformationsL0;13;parent_objectS0;","db62d90e386511ed745950951398bc82d81fc1a233587acf566a880780fe4844"
"obj.Kant.Codec.Fmt.canonical.elim","def","Kant.Codec.Fmt.canonical.elim","ASSERTED","{motive : Kant.Codec.Fmt → Sort u} →   (t : Kant.Codec.Fmt) → Eq t.ctorIdx 0 → motive Kant.Codec.Fmt.canonical → motive t","L0;","O0;","L0;","L0;","L0;","L0;","L0;","L0;","S121;{motive : Kant.Codec.Fmt → Sort u} →   (t : Kant.Codec.Fmt) → Eq t.ctorIdx 0 → motive Kant.Codec.Fmt.canonical → motive t","O7;13;source_systemS5;lean411;source_fileS36;RequestProject/Kant/Codec/Model.lean13;source_formatS4;text11;imported_atI+0;14;transformed_atI+53;15;transformationsL0;13;parent_objectS0;","970c70a340f27bfc220a081906bec937cf748dbd7f20d1da449dc3f8974442f5"
"obj.Kant.Dom.step.eq_7","theorem","Kant.Dom.step.eq_7","PROVEN","∀ (d : Kant.Dom.Domain) (objectId : Kant.Dom.Id) (t : Kant.Dom.Truth) (a : Kant.Dom.Id),   Eq (Kant.Dom.step d objectId (Kant.Dom.Event.contradiction a) t)     { fst := Kant.Dom.Truth.contradicted,       snd :=         Option.some           (Kant.Dom.policyErr ""CONTRADICTION"".toList ""a proof record contradicts this value"".toList             objectId             (ite (Eq t Kant.Dom.Truth.proven) Kant.Codec.Severity.fatal               Kant.Codec.Severity.error)) }","L0;","O0;","L0;","L0;","L1;S24;claim.Kant.Dom.step.eq_7","L0;","L1;S24;proof.Kant.Dom.step.eq_7","L0;","S467;∀ (d : Kant.Dom.Domain) (objectId : Kant.Dom.Id) (t : Kant.Dom.Truth) (a : Kant.Dom.Id),   Eq (Kant.Dom.step d objectId (Kant.Dom.Event.contradiction a) t)     { fst := Kant.Dom.Truth.contradicted,       snd :=         Option.some           (Kant.Dom.policyErr ""CONTRADICTION"".toList ""a proof record contradicts this value"".toList             objectId             (ite (Eq t Kant.Dom.Truth.proven) Kant.Codec.Severity.fatal               Kant.Codec.Severity.error)) }","O7;13;source_systemS5;lean411;source_fileS38;RequestProject/Kant/Domain/Policy.lean13;source_formatS4;text11;imported_atI+0;14;transformed_atI+0;15;transformationsL0;13;parent_objectS0;","aaff588d88c59189e02fa7e4bb4a81e6744ea66572437063ceb67a90e80c20d0"
"obj.Kant.Sync.syncFeed","def","Kant.Sync.syncFeed","ASSERTED","Kant.Store → Kant.Sync.Feed → Kant.Store","L0;","O0;","L0;","L0;","L0;","L0;","L0;","L0;","S40;Kant.Store → Kant.Sync.Feed → Kant.Store","O7;13;source_systemS5;lean411;source_fileS29;RequestProject/Kant/Sync.lean13;source_formatS4;text11;imported_atI+0;14;transformed_atI+51;15;transformationsL0;13;parent_objectS0;","71ddfd34538b9b991fe8bb187c35bd068458cee581393513d08ae7e1209d4f00"
"obj.Kant.Onboarding.Screen.share.sizeOf_spec","theorem","Kant.Onboarding.Screen.share.sizeOf_spec","PROVEN","Eq (Kant.Onboarding.Screen._sizeOf_inst.sizeOf Kant.Onboarding.Screen.share) 1","L0;","O0;","L0;","L0;","L1;S46;claim.Kant.Onboarding.Screen.share.sizeOf_spec","L0;","L1;S46;proof.Kant.Onboarding.Screen.share.sizeOf_spec","L0;","S78;Eq (Kant.Onboarding.Screen._sizeOf_inst.sizeOf Kant.Onboarding.Screen.share) 1","O7;13;source_systemS5;lean411;source_fileS35;RequestProject/Kant/Onboarding.lean13;source_formatS4;text11;imported_atI+0;14;transformed_atI+0;15;transformationsL0;13;parent_objectS0;","a354c1ef49ce2605bedd12562d3df11215c6f477164c565fd2462673dc50d9ec"
"obj.Kant.Codec.Row.valueType","def","Kant.Codec.Row.valueType","ASSERTED","Kant.Codec.Row → List Char","L0;","O0;","L0;","L0;","L0;","L0;","L0;","L0;","S26;Kant.Codec.Row → List Char","O7;13;source_systemS5;lean411;source_fileS34;RequestProject/Kant/Codec/Csv.lean13;source_formatS4;text11;imported_atI+0;14;transformed_atI+50;15;transformationsL0;13;parent_objectS0;","9ad0e5ab7bd7ae89c6074ef7ef8fd02e693aee8edbdc9c3b788903f396cfd2f0"
"obj.Kant.Codec.Err.cause","def","Kant.Codec.Err.cause","ASSERTED","Kant.Codec.Err → List Char","L0;","O0;","L0;","L0;","L0;","L0;","L0;","L0;","S26;Kant.Codec.Err → List Char","O7;13;source_systemS5;lean411;source_fileS36;RequestProject/Kant/Codec/Model.lean13;source_formatS4;text11;imported_atI+0;14;transformed_atI+231;15;transformationsL0;13;parent_objectS0;","e0f7b44d80780b0fc0098ae439448d54870ddb256e049bbdb3c8f3769f04afb2"
"obj.Kant.Codec.recover","def","Kant.Codec.recover","ASSERTED","Kant.Codec.Val → Option Kant.Codec.Ipdl","L2;S25;obj.Kant.Codec.Val.brecOnS26;obj.Kant.Codec.Val.below_1","O0;","L0;","L0;","L0;","L0;","L0;","L0;","S39;Kant.Codec.Val → Option Kant.Codec.Ipdl","O7;13;source_systemS5;lean411;source_fileS35;RequestProject/Kant/Codec/Ipdl.lean13;source_formatS4;text11;imported_atI+0;14;transformed_atI+142;15;transformationsL0;13;parent_objectS0;","caefe504a71219671311b3b0dbd81c045120a056133e96c5f8efaf8d1990e1e2"
"obj.Kant.Codec.diffVal.eq_def","theorem","Kant.Codec.diffVal.eq_def","PROVEN","∀ (path : List Char) (x x_1 : Kant.Codec.Val),   Eq (Kant.Codec.diffVal path x x_1)     (Kant.Codec.diffVal.match_1 (fun x x_2 => List Kant.Codec.Difference) x x_1 (fun _ => List.nil)       (fun a b =>         ite (Eq a b) List.nil           (List.cons             (Kant.Codec.mkDiff path (Kant.Codec.yamlEnc (Kant.Codec.Val.bool a))               (Kant.Codec.yamlEnc (Kant.Codec.Val.bool b)) ""VALUE_MISMATCH"".toList)             List.nil))       (fun a b =>         ite (Eq a b) List.nil           (List.cons             (Kant.Codec.mkDiff path (Kant.Codec.yamlEnc (Kant.Codec.Val.int a))               (Kant.Codec.yamlEnc (Kant.Codec.Val.int b)) ""VALUE_MISMATCH"".toList)             List.nil))       (fun a b =>         ite (Eq a b) List.nil           (List.cons             (Kant.Codec.mkDiff path (Kant.Codec.yamlEnc (Kant.Codec.Val.str a))               (Kant.Codec.yamlEnc (Kant.Codec.Val.str b)) ""VALUE_MISMATCH"".toList)             List.nil))       (fun xs ys => Kant.Codec.diffList path 0 xs ys)       (fun fs gs => Kant.Codec.diffFields path fs gs) fun a b =>       List.cons         (Kant.Codec.mkDiff path (Kant.Codec.yamlEnc a) (Kant.Codec.yamlEnc b)           ""TYPE_MISMATCH"".toList)         List.nil)","L0;","O0;","L0;","L0;","L1;S31;claim.Kant.Codec.diffVal.eq_def","L0;","L1;S31;proof.Kant.Codec.diffVal.eq_def","L0;","S1215;∀ (path : List Char) (x x_1 : Kant.Codec.Val),   Eq (Kant.Codec.diffVal path x x_1)     (Kant.Codec.diffVal.match_1 (fun x x_2 => List Kant.Codec.Difference) x x_1 (fun _ => List.nil)       (fun a b =>         ite (Eq a b) List.nil           (List.cons             (Kant.Codec.mkDiff path (Kant.Codec.yamlEnc (Kant.Codec.Val.bool a))               (Kant.Codec.yamlEnc (Kant.Codec.Val.bool b)) ""VALUE_MISMATCH"".toList)             List.nil))       (fun a b =>         ite (Eq a b) List.nil           (List.cons             (Kant.Codec.mkDiff path (Kant.Codec.yamlEnc (Kant.Codec.Val.int a))               (Kant.Codec.yamlEnc (Kant.Codec.Val.int b)) ""VALUE_MISMATCH"".toList)             List.nil))       (fun a b =>         ite (Eq a b) List.nil           (List.cons             (Kant.Codec.mkDiff path (Kant.Codec.yamlEnc (Kant.Codec.Val.str a))               (Kant.Codec.yamlEnc (Kant.Codec.Val.str b)) ""VALUE_MISMATCH"".toList)             List.nil))       (fun xs ys => Kant.Codec.diffList path 0 xs ys)       (fun fs gs => Kant.Codec.diffFields path fs gs) fun a b =>       List.cons         (Kant.Codec.mkDiff path (Kant.Codec.yamlEnc a) (Kant.Codec.yamlEnc b)           ""TYPE_MISMATCH"".toList)         List.nil)","O7;13;source_systemS5;lean411;source_fileS40;RequestProject/Kant/Codec/Reconcile.lean13;source_formatS4;text11;imported_atI+0;14;transformed_atI+0;15;transformationsL0;13;parent_objectS0;","6dfee7a4b6bdef132c48a54c547c8790858971058f2fa9291f935479aac43656"
"obj.Kant.Uucp.Node.recOn","def","Kant.Uucp.Node.recOn","ASSERTED","{motive : Kant.Uucp.Node → Sort u} →   (t : Kant.Uucp.Node) →     ((name : List Char) →         (spool : List Kant.Relay.Msg) →           (clock : Nat) → motive { name := name, spool := spool, clock := clock }) →       motive t","L0;","O0;","L0;","L0;","L0;","L0;","L0;","L0;","S227;{motive : Kant.Uucp.Node → Sort u} →   (t : Kant.Uucp.Node) →     ((name : List Char) →         (spool : List Kant.Relay.Msg) →           (clock : Nat) → motive { name := name, spool := spool, clock := clock }) →       motive t","O7;13;source_systemS5;lean411;source_fileS29;RequestProject/Kant/Uucp.lean13;source_formatS4;text11;imported_atI+0;14;transformed_atI+361;15;transformationsL0;13;parent_objectS0;","87da437130bd5e5e90f95f80d1867891459a5b3160df73584c75f70dfac7026b"
"obj.Kant.Sheaf.EigenSpace.hub.sizeOf_spec","theorem","Kant.Sheaf.EigenSpace.hub.sizeOf_spec","PROVEN","Eq (Kant.Sheaf.EigenSpace._sizeOf_inst.sizeOf Kant.Sheaf.EigenSpace.hub) 1","L0;","O0;","L0;","L0;","L1;S43;claim.Kant.Sheaf.EigenSpace.hub.sizeOf_spec","L0;","L1;S43;proof.Kant.Sheaf.EigenSpace.hub.sizeOf_spec","L0;","S74;Eq (Kant.Sheaf.EigenSpace._sizeOf_inst.sizeOf Kant.Sheaf.EigenSpace.hub) 1","O7;13;source_systemS5;lean411;source_fileS30;RequestProject/Kant/Sheaf.lean13;source_formatS4;text11;imported_atI+0;14;transformed_atI+0;15;transformationsL0;13;parent_objectS0;","21cf89259953c43fe434a0b7229638bca503be6c38cbb4459bae58c55bff71c2"
"obj.Kant.Wasm.Expr.Wf","def","Kant.Wasm.Expr.Wf","ASSERTED","Nat → Kant.Wasm.Expr → Prop","L2;S24;obj.Kant.Wasm.Expr.belowS19;obj.Kant.Wasm.BinOp","O0;","L0;","L0;","L0;","L0;","L0;","L0;","S27;Nat → Kant.Wasm.Expr → Prop","O7;13;source_systemS5;lean411;source_fileS31;RequestProject/Wasm/Syntax.lean13;source_formatS4;text11;imported_atI+0;14;transformed_atI+69;15;transformationsL0;13;parent_objectS0;","09060cdd8bd4be359a3576c7d9144bb2942be6f0b56e5cdf6aaeb9caabf1319c"
"obj.Kant.Dom.readCellSep","def","Kant.Dom.readCellSep","ASSERTED","List Char → Option (Prod (List Char) (Prod Char (List Char)))","L0;","O0;","L0;","L0;","L0;","L0;","L0;","L0;","S61;List Char → Option (Prod (List Char) (Prod Char (List Char)))","O7;13;source_systemS5;lean411;source_fileS37;RequestProject/Kant/Domain/Table.lean13;source_formatS4;text11;imported_atI+0;14;transformed_atI+36;15;transformationsL0;13;parent_objectS0;","32b9cee5acdd9f026c2a651b63e121b57770fb8bc09d6f7c574ffbdc6ad28b7f"
"obj.Kant.Codec.RawDoc.encoding","def","Kant.Codec.RawDoc.encoding","ASSERTED","Kant.Codec.RawDoc → List Char","L0;","O0;","L0;","L0;","L0;","L0;","L0;","L0;","S29;Kant.Codec.RawDoc → List Char","O7;13;source_systemS5;lean411;source_fileS38;RequestProject/Kant/Codec/RawText.lean13;source_formatS4;text11;imported_atI+0;14;transformed_atI+102;15;transformationsL0;13;parent_objectS0;","6f16e7e4259360dbf9eff0799ac08d180d9bf4d228736449c9d9c6f978e14706"
"obj.Kant.Uucp.Node.Wired","def","Kant.Uucp.Node.Wired","ASSERTED","Kant.Uucp.Node → Prop","L0;","O0;","L0;","L0;","L0;","L0;","L0;","L0;","S21;Kant.Uucp.Node → Prop","O7;13;source_systemS5;lean411;source_fileS29;RequestProject/Kant/Uucp.lean13;source_formatS4;text11;imported_atI+0;14;transformed_atI+494;15;transformationsL0;13;parent_objectS0;","5f68c7f97547ebdd9a3c44624b28a3f25bcaf220578fd31fc2a8b355f2980534"
"obj.Kant.Codec.instInhabitedDifference.default","def","Kant.Codec.instInhabitedDifference.default","ASSERTED","Kant.Codec.Difference","L0;","O0;","L0;","L0;","L0;","L0;","L0;","L0;","S21;Kant.Codec.Difference","O7;13;source_systemS5;lean411;source_fileS40;RequestProject/Kant/Codec/Reconcile.lean13;source_formatS4;text11;imported_atI+0;14;transformed_atI+50;15;transformationsL0;13;parent_objectS0;","3789186a212c46201e1eab8a40b550130d9255aabf9a53064057d00dfc4994f9"
"obj.Kant.Codec.Ipdl.annot.injEq","theorem","Kant.Codec.Ipdl.annot.injEq","PROVEN","∀ (key note : List Char) (body : Kant.Codec.Ipdl) (key_1 note_1 : List Char)   (body_1 : Kant.Codec.Ipdl),   Eq (Eq (Kant.Codec.Ipdl.annot key note body) (Kant.Codec.Ipdl.annot key_1 note_1 body_1))     (And (Eq key key_1) (And (Eq note note_1) (Eq body body_1)))","L1;S37;obj.Kant.Codec.Ipdl.annot.noConfusion","O0;","L0;","L0;","L1;S33;claim.Kant.Codec.Ipdl.annot.injEq","L0;","L1;S33;proof.Kant.Codec.Ipdl.annot.injEq","L0;","S263;∀ (key note : List Char) (body : Kant.Codec.Ipdl) (key_1 note_1 : List Char)   (body_1 : Kant.Codec.Ipdl),   Eq (Eq (Kant.Codec.Ipdl.annot key note body) (Kant.Codec.Ipdl.annot key_1 note_1 body_1))     (And (Eq key key_1) (And (Eq note note_1) (Eq body body_1)))","O7;13;source_systemS5;lean411;source_fileS35;RequestProject/Kant/Codec/Ipdl.lean13;source_formatS4;text11;imported_atI+0;14;transformed_atI+0;15;transformationsL0;13;parent_objectS0;","b8d6818789b1044b5cd475e8d98978a84891ee4516433119858b808f3d1fc256"
"obj.Kant.Codec.Ipdl.brecOn_1","def","Kant.Codec.Ipdl.brecOn_1","ASSERTED","{motive_1 : Kant.Codec.Ipdl → Sort u} →   {motive_2 : List Kant.Codec.Ipdl → Sort u} →     {motive_3 : List (Prod (List Char) Kant.Codec.Ipdl) → Sort u} →       {motive_4 : Prod (List Char) Kant.Codec.Ipdl → Sort u} →         (t : List Kant.Codec.Ipdl) →           ((t : Kant.Codec.Ipdl) → t.below → motive_1 t) →             ((t : List Kant.Codec.Ipdl) → Kant.Codec.Ipdl.below_1 t → motive_2 t) →               ((t : List (Prod (List Char) Kant.Codec.Ipdl)) →                   Kant.Codec.Ipdl.below_2 t → motive_3 t) →                 ((t : Prod (List Char) Kant.Codec.Ipdl) → Kant.Codec.Ipdl.below_3 t → motive_4 t) →                   motive_2 t","L1;S27;obj.Kant.Codec.Ipdl.below_3","O0;","L0;","L0;","L0;","L0;","L0;","L0;","S649;{motive_1 : Kant.Codec.Ipdl → Sort u} →   {motive_2 : List Kant.Codec.Ipdl → Sort u} →     {motive_3 : List (Prod (List Char) Kant.Codec.Ipdl) → Sort u} →       {motive_4 : Prod (List Char) Kant.Codec.Ipdl → Sort u} →         (t : List Kant.Codec.Ipdl) →           ((t : Kant.Codec.Ipdl) → t.below → motive_1 t) →             ((t : List Kant.Codec.Ipdl) → Kant.Codec.Ipdl.below_1 t → motive_2 t) →               ((t : List (Prod (List Char) Kant.Codec.Ipdl)) →                   Kant.Codec.Ipdl.below_2 t → motive_3 t) →                 ((t : Prod (List Char) Kant.Codec.Ipdl) → Kant.Codec.Ipdl.below_3 t → motive_4 t) →                   motive_2 t","O7;13;source_systemS5;lean411;source_fileS35;RequestProject/Kant/Codec/Ipdl.lean13;source_formatS4;text11;imported_atI+0;14;transformed_atI+37;15;transformationsL0;13;parent_objectS0;","23466537e11cead9e9fbb219dbfc50b6164cc729b4e6e86ba9df411d96303ce8"
"obj.Kant.InviteCard.Dress.recOn","def","Kant.InviteCard.Dress.recOn","ASSERTED","{motive : Kant.InviteCard.Dress → Sort u} →   (t : Kant.InviteCard.Dress) →     ((caption icon alt : List Char) → motive { caption := caption, icon := icon, alt := alt }) →       motive t","L0;","O0;","L0;","L0;","L0;","L0;","L0;","L0;","S187;{motive : Kant.InviteCard.Dress → Sort u} →   (t : Kant.InviteCard.Dress) →     ((caption icon alt : List Char) → motive { caption := caption, icon := icon, alt := alt }) →       motive t","O7;13;source_systemS5;lean411;source_fileS35;RequestProject/Kant/InviteCard.lean13;source_formatS4;text11;imported_atI+0;14;transformed_atI+122;15;transformationsL0;13;parent_objectS0;","c8711c6c156da5c951fbda308848e23e00d01fabb15038635146f0cd2daa81a8"
"obj.Kant.Codec.xListClose.eq_1","theorem","Kant.Codec.xListClose.eq_1","PROVEN","Eq Kant.Codec.xListClose   (List.cons '<'     (List.cons '/'       (List.cons 'l' (List.cons 'i' (List.cons 's' (List.cons 't' (List.cons '>' List.nil)))))))","L0;","O0;","L0;","L0;","L1;S32;claim.Kant.Codec.xListClose.eq_1","L0;","L1;S32;proof.Kant.Codec.xListClose.eq_1","L0;","S157;Eq Kant.Codec.xListClose   (List.cons '<'     (List.cons '/'       (List.cons 'l' (List.cons 'i' (List.cons 's' (List.cons 't' (List.cons '>' List.nil)))))))","O7;13;source_systemS5;lean411;source_fileS34;RequestProject/Kant/Codec/Xml.lean13;source_formatS4;text11;imported_atI+0;14;transformed_atI+0;15;transformationsL0;13;parent_objectS0;","f1853110d35e54a27a38f1e3453df885c008a8e1208ce45c4e84e540c634c33f"
"obj.Kant.Codec.yamlDecode.match_1","def","Kant.Codec.yamlDecode.match_1","ASSERTED","(motive : Option (Prod Kant.Codec.Val (List Char)) → Sort u_1) →   (x : Option (Prod Kant.Codec.Val (List Char))) →     ((v : Kant.Codec.Val) → motive (Option.some { fst := v, snd := List.nil })) →       ((x : Option (Prod Kant.Codec.Val (List Char))) → motive x) → motive x","L0;","O0;","L0;","L0;","L0;","L0;","L0;","L0;","S274;(motive : Option (Prod Kant.Codec.Val (List Char)) → Sort u_1) →   (x : Option (Prod Kant.Codec.Val (List Char))) →     ((v : Kant.Codec.Val) → motive (Option.some { fst := v, snd := List.nil })) →       ((x : Option (Prod Kant.Codec.Val (List Char))) → motive x) → motive x","O7;13;source_systemS5;lean411;source_fileS35;RequestProject/Kant/Codec/Yaml.lean13;source_formatS4;text11;imported_atI+0;14;transformed_atI+0;15;transformationsL0;13;parent_objectS0;","80dfbd0d5dc607f590de157d0bd9227a8ecf6c9b431cafd70a7134e0b51ac97c"
"obj.Kant.Dom.step.eq_1","theorem","Kant.Dom.step.eq_1","PROVEN","∀ (d : Kant.Dom.Domain) (objectId : Kant.Dom.Id) (t : Kant.Dom.Truth) (a : Kant.Dom.Id),   Eq (Kant.Dom.step d objectId (Kant.Dom.Event.validated a) t)     (Kant.Dom.validates.match_1 (fun x => Prod Kant.Dom.Truth (Option Kant.Codec.Err))       (Kant.Dom.findProof d a)       (fun p =>         ite (Eq p.status Kant.Dom.PStatus.valid)           { fst := Kant.Dom.Truth.proven, snd := Option.none }           { fst := t,             snd :=               Option.some                 (Kant.Dom.policyErr ""UPGRADE_REFUSED"".toList                   ""the cited proof does not report VALID"".toList objectId                   Kant.Codec.Severity.warning) })       fun _ =>       { fst := t,         snd :=           Option.some             (Kant.Dom.policyErr ""UNRESOLVED_PROOF_REF"".toList               ""the cited proof is not in the catalog"".toList objectId Kant.Codec.Severity.error) })","L0;","O0;","L0;","L0;","L1;S24;claim.Kant.Dom.step.eq_1","L0;","L1;S24;proof.Kant.Dom.step.eq_1","L0;","S881;∀ (d : Kant.Dom.Domain) (objectId : Kant.Dom.Id) (t : Kant.Dom.Truth) (a : Kant.Dom.Id),   Eq (Kant.Dom.step d objectId (Kant.Dom.Event.validated a) t)     (Kant.Dom.validates.match_1 (fun x => Prod Kant.Dom.Truth (Option Kant.Codec.Err))       (Kant.Dom.findProof d a)       (fun p =>         ite (Eq p.status Kant.Dom.PStatus.valid)           { fst := Kant.Dom.Truth.proven, snd := Option.none }           { fst := t,             snd :=               Option.some                 (Kant.Dom.policyErr ""UPGRADE_REFUSED"".toList                   ""the cited proof does not report VALID"".toList objectId                   Kant.Codec.Severity.warning) })       fun _ =>       { fst := t,         snd :=           Option.some             (Kant.Dom.policyErr ""UNRESOLVED_PROOF_REF"".toList               ""the cited proof is not in the catalog"".toList objectId Kant.Codec.Severity.error) })","O7;13;source_systemS5;lean411;source_fileS38;RequestProject/Kant/Domain/Policy.lean13;source_formatS4;text11;imported_atI+0;14;transformed_atI+0;15;transformationsL0;13;parent_objectS0;","37e91e927bb9e4c990a89d651bcf642ee5a468a1031564e3816728f492a3a398"
"obj.Kant.Codec.yamlEncFields.eq_def","theorem","Kant.Codec.yamlEncFields.eq_def","PROVEN","∀ (x : List (Prod (List Char) Kant.Codec.Val)),   Eq (Kant.Codec.yamlEncFields x)     (Kant.Codec.yamlEncFields.match_1 (fun x => List Char) x (fun _ => List.nil)       (fun k v =>         List.cons '\""'           (instHAppendOfAppend.hAppend (Kant.Codec.esc k)             (List.cons '\""' (List.cons ':' (List.cons ' ' (Kant.Codec.yamlEnc v))))))       fun k v fs =>       instHAppendOfAppend.hAppend         (List.cons '\""'           (instHAppendOfAppend.hAppend (Kant.Codec.esc k)             (List.cons '\""' (List.cons ':' (List.cons ' ' (Kant.Codec.yamlEnc v))))))         (List.cons ',' (List.cons ' ' (Kant.Codec.yamlEncFields fs))))","L1;S26;obj.Kant.Codec.Val.below_1","O0;","L0;","L0;","L1;S37;claim.Kant.Codec.yamlEncFields.eq_def","L0;","L1;S37;proof.Kant.Codec.yamlEncFields.eq_def","L0;","S640;∀ (x : List (Prod (List Char) Kant.Codec.Val)),   Eq (Kant.Codec.yamlEncFields x)     (Kant.Codec.yamlEncFields.match_1 (fun x => List Char) x (fun _ => List.nil)       (fun k v =>         List.cons '\""'           (instHAppendOfAppend.hAppend (Kant.Codec.esc k)             (List.cons '\""' (List.cons ':' (List.cons ' ' (Kant.Codec.yamlEnc v))))))       fun k v fs =>       instHAppendOfAppend.hAppend         (List.cons '\""'           (instHAppendOfAppend.hAppend (Kant.Codec.esc k)             (List.cons '\""' (List.cons ':' (List.cons ' ' (Kant.Codec.yamlEnc v))))))         (List.cons ',' (List.cons ' ' (Kant.Codec.yamlEncFields fs))))","O7;13;source_systemS5;lean411;source_fileS35;RequestProject/Kant/Codec/Yaml.lean13;source_formatS4;text11;imported_atI+0;14;transformed_atI+0;15;transformationsL0;13;parent_objectS0;","92e827c112d725d2917bb0c6777830ad3c43cb833057374c1d530ffb18367b57"
"obj.Kant.Dom.Claim.toVal","def","Kant.Dom.Claim.toVal","ASSERTED","Kant.Dom.Claim → Kant.Codec.Val","L0;","O0;","L0;","L0;","L0;","L0;","L0;","L0;","S31;Kant.Dom.Claim → Kant.Codec.Val","O7;13;source_systemS5;lean411;source_fileS37;RequestProject/Kant/Domain/Model.lean13;source_formatS4;text11;imported_atI+0;14;transformed_atI+445;15;transformationsL0;13;parent_objectS0;","bd04f7c4f2ee5029ece615416444c19644d09839a06e5a8b20283e69dd482e48"
"obj.Kant.Uucp.Carrier.bio.elim","def","Kant.Uucp.Carrier.bio.elim","ASSERTED","{motive : Kant.Uucp.Carrier → Sort u} →   (t : Kant.Uucp.Carrier) → Eq t.ctorIdx 4 → motive Kant.Uucp.Carrier.bio → motive t","L1;S29;obj.Kant.Uucp.Carrier.ctorIdx","O0;","L0;","L0;","L0;","L0;","L0;","L0;","S124;{motive : Kant.Uucp.Carrier → Sort u} →   (t : Kant.Uucp.Carrier) → Eq t.ctorIdx 4 → motive Kant.Uucp.Carrier.bio → motive t","O7;13;source_systemS5;lean411;source_fileS29;RequestProject/Kant/Uucp.lean13;source_formatS4;text11;imported_atI+0;14;transformed_atI+68;15;transformationsL0;13;parent_objectS0;","cd04206032e9dbd630021f06c319fc09808c96a134be5dd8e628215c051b21cb"
"obj.Kant.Dom.encRecs.eq_1","theorem","Kant.Dom.encRecs.eq_1","PROVEN","∀ {α : Type} (f : α → Kant.Codec.Val) (xs : List α),   Eq (Kant.Dom.encRecs f xs) (Kant.Codec.canonEnc (Kant.Codec.Val.list (List.map f xs)))","L0;","O0;","L0;","L0;","L1;S27;claim.Kant.Dom.encRecs.eq_1","L0;","L1;S27;proof.Kant.Dom.encRecs.eq_1","L0;","S141;∀ {α : Type} (f : α → Kant.Codec.Val) (xs : List α),   Eq (Kant.Dom.encRecs f xs) (Kant.Codec.canonEnc (Kant.Codec.Val.list (List.map f xs)))","O7;13;source_systemS5;lean411;source_fileS37;RequestProject/Kant/Domain/Table.lean13;source_formatS4;text11;imported_atI+0;14;transformed_atI+0;15;transformationsL0;13;parent_objectS0;","069c4239e220ea7590eb985abbb634325f3c5c05f84aa6ef3146c96b8936568c"
"obj.Kant.Codec.RawDoc.confidence","def","Kant.Codec.RawDoc.confidence","ASSERTED","Kant.Codec.RawDoc → Nat","L0;","O0;","L0;","L0;","L0;","L0;","L0;","L0;","S23;Kant.Codec.RawDoc → Nat","O7;13;source_systemS5;lean411;source_fileS38;RequestProject/Kant/Codec/RawText.lean13;source_formatS4;text11;imported_atI+0;14;transformed_atI+108;15;transformationsL0;13;parent_objectS0;","446ff5cf04d81fddc6d427b0ee671772dc727c94e592b887913b9be860bc98ac"
"obj.Kant.Sheaf.instReprEncoding.repr.match_1","def","Kant.Sheaf.instReprEncoding.repr.match_1","ASSERTED","(motive : Kant.Sheaf.Encoding → Sort u_1) →   (x : Kant.Sheaf.Encoding) →     (Unit → motive Kant.Sheaf.Encoding.raw) →       (Unit → motive Kant.Sheaf.Encoding.base64) →         (Unit → motive Kant.Sheaf.Encoding.morse) →           (Unit → motive Kant.Sheaf.Encoding.split) →             (Unit → motive Kant.Sheaf.Encoding.qr) →               (Unit → motive Kant.Sheaf.Encoding.dtmf) →                 (Unit → motive Kant.Sheaf.Encoding.numbers) →                   (Unit → motive Kant.Sheaf.Encoding.stego) →                     (Unit → motive Kant.Sheaf.Encoding.ipfs) →                       (Unit → motive Kant.Sheaf.Encoding.dasl) → motive x","L0;","O0;","L0;","L0;","L0;","L0;","L0;","L0;","S647;(motive : Kant.Sheaf.Encoding → Sort u_1) →   (x : Kant.Sheaf.Encoding) →     (Unit → motive Kant.Sheaf.Encoding.raw) →       (Unit → motive Kant.Sheaf.Encoding.base64) →         (Unit → motive Kant.Sheaf.Encoding.morse) →           (Unit → motive Kant.Sheaf.Encoding.split) →             (Unit → motive Kant.Sheaf.Encoding.qr) →               (Unit → motive Kant.Sheaf.Encoding.dtmf) →                 (Unit → motive Kant.Sheaf.Encoding.numbers) →                   (Unit → motive Kant.Sheaf.Encoding.stego) →                     (Unit → motive Kant.Sheaf.Encoding.ipfs) →                       (Unit → motive Kant.Sheaf.Encoding.dasl) → motive x","O7;13;source_systemS5;lean411;source_fileS30;RequestProject/Kant/Sheaf.lean13;source_formatS4;text11;imported_atI+0;14;transformed_atI+0;15;transformationsL0;13;parent_objectS0;","5d1d5173664ad1b01b3a5ac7abc1dbcbb47c049cd0a0cab68f2acc185fb2ada1"
"obj.Kant.Wasm.Expr.below","def","Kant.Wasm.Expr.below","ASSERTED","{motive : Kant.Wasm.Expr → Sort u} → Kant.Wasm.Expr → Sort (max 1 u)","L1;S19;obj.Kant.Wasm.BinOp","O0;","L0;","L0;","L0;","L0;","L0;","L0;","S68;{motive : Kant.Wasm.Expr → Sort u} → Kant.Wasm.Expr → Sort (max 1 u)","O7;13;source_systemS5;lean411;source_fileS31;RequestProject/Wasm/Syntax.lean13;source_formatS4;text11;imported_atI+0;14;transformed_atI+49;15;transformationsL0;13;parent_objectS0;","149de1268b7d6b46c8237274f7d114a11cf12ed73215e788e2f48d9518f40493"
"obj.Kant.Cli.Resp.mk.noConfusion","def","Kant.Cli.Resp.mk.noConfusion","ASSERTED","{P : Sort u} →   {lines : List (List Char)} →     {cursor : Nat} →       {lines' : List (List Char)} →         {cursor' : Nat} →           Eq { lines := lines, cursor := cursor } { lines := lines', cursor := cursor' } →             (Eq lines lines' → Eq cursor cursor' → P) → P","L0;","O0;","L0;","L0;","L0;","L0;","L0;","L0;","S277;{P : Sort u} →   {lines : List (List Char)} →     {cursor : Nat} →       {lines' : List (List Char)} →         {cursor' : Nat} →           Eq { lines := lines, cursor := cursor } { lines := lines', cursor := cursor' } →             (Eq lines lines' → Eq cursor cursor' → P) → P","O7;13;source_systemS5;lean411;source_fileS28;RequestProject/Kant/Cli.lean13;source_formatS4;text11;imported_atI+0;14;transformed_atI+290;15;transformationsL0;13;parent_objectS0;","fa0978200b22e316d29a757afde217998a71943c7acee5d888ee473d0a60aaeb"
"obj.Kant.Credits.total","def","Kant.Credits.total","ASSERTED","List (Prod Kant.Credits.Peer Nat) → Nat","L0;","O0;","L0;","L0;","L0;","L0;","L0;","L0;","S39;List (Prod Kant.Credits.Peer Nat) → Nat","O7;13;source_systemS5;lean411;source_fileS32;RequestProject/Kant/Credits.lean13;source_formatS4;text11;imported_atI+0;14;transformed_atI+34;15;transformationsL0;13;parent_objectS0;","83a8fb9ace85590d06425d768a9278fa5bc6af0617a591cf2418f82c0e7e23bc"
"obj.Kant.Dom.Evid.recOn","def","Kant.Dom.Evid.recOn","ASSERTED","{motive : Kant.Dom.Evid → Sort u} →   (t : Kant.Dom.Evid) →     motive Kant.Dom.Evid.none →       motive Kant.Dom.Evid.stated →         motive Kant.Dom.Evid.machineChecked → motive Kant.Dom.Evid.reproduced → motive t","L0;","O0;","L0;","L0;","L0;","L0;","L0;","L0;","S216;{motive : Kant.Dom.Evid → Sort u} →   (t : Kant.Dom.Evid) →     motive Kant.Dom.Evid.none →       motive Kant.Dom.Evid.stated →         motive Kant.Dom.Evid.machineChecked → motive Kant.Dom.Evid.reproduced → motive t","O7;13;source_systemS5;lean411;source_fileS37;RequestProject/Kant/Domain/Model.lean13;source_formatS4;text11;imported_atI+0;14;transformed_atI+59;15;transformationsL0;13;parent_objectS0;","765d4683505bf9b54cf4b8a1655d263a744c247d3d98f5af05a660a6a5e240f4"
"obj.Kant.Codec.Level.casesOn","def","Kant.Codec.Level.casesOn","ASSERTED","{motive : Kant.Codec.Level → Sort u} →   (t : Kant.Codec.Level) →     motive Kant.Codec.Level.syntactic →       motive Kant.Codec.Level.structural →         motive Kant.Codec.Level.typed → motive Kant.Codec.Level.semantic → motive t","L0;","O0;","L0;","L0;","L0;","L0;","L0;","L0;","S232;{motive : Kant.Codec.Level → Sort u} →   (t : Kant.Codec.Level) →     motive Kant.Codec.Level.syntactic →       motive Kant.Codec.Level.structural →         motive Kant.Codec.Level.typed → motive Kant.Codec.Level.semantic → motive t","O7;13;source_systemS5;lean411;source_fileS39;RequestProject/Kant/Codec/Exchange.lean13;source_formatS4;text11;imported_atI+0;14;transformed_atI+287;15;transformationsL0;13;parent_objectS0;","3426f9764cb1443d6aeb6681803f9dba79acda55eb16745f204f8523372b6cfc"
"obj.Kant.Codec.Obj.text","def","Kant.Codec.Obj.text","ASSERTED","Kant.Codec.Obj → List Char","L0;","O0;","L0;","L0;","L0;","L0;","L0;","L0;","S26;Kant.Codec.Obj → List Char","O7;13;source_systemS5;lean411;source_fileS36;RequestProject/Kant/Codec/Model.lean13;source_formatS4;text11;imported_atI+0;14;transformed_atI+536;15;transformationsL0;13;parent_objectS0;","461e70f5daa9198c38329f445efaee278cdae293a2be00123ed537325e43643d"
"obj.Kant.Codec.Inp.toVal.eq_1","theorem","Kant.Codec.Inp.toVal.eq_1","PROVEN","∀ (i : Kant.Codec.Inp),   Eq i.toVal     (Kant.Codec.Val.obj       (List.cons { fst := ""id"".toList, snd := Kant.Codec.Val.str i.id }         (List.cons { fst := ""name"".toList, snd := Kant.Codec.Val.str i.name }           (List.cons { fst := ""type"".toList, snd := Kant.Codec.Val.str i.type }             (List.cons { fst := ""value"".toList, snd := i.value }               (List.cons { fst := ""encoding"".toList, snd := Kant.Codec.Val.str i.encoding }                 (List.cons { fst := ""units"".toList, snd := Kant.Codec.Val.str i.units }                   (List.cons                     { fst := ""constraints"".toList, snd := Kant.Codec.Val.list i.constraints }                     (List.cons                       { fst := ""provenance"".toList,                         snd := Kant.Codec.optVal Kant.Codec.Prov.toVal i.provenance }                       List.nil)))))))))","L3;S21;obj.Kant.Codec.Inp.idS27;obj.Kant.Codec.Inp.encodingS21;obj.Kant.Codec.optVal","O0;","L0;","L0;","L1;S31;claim.Kant.Codec.Inp.toVal.eq_1","L0;","L1;S31;proof.Kant.Codec.Inp.toVal.eq_1","L0;","S867;∀ (i : Kant.Codec.Inp),   Eq i.toVal     (Kant.Codec.Val.obj       (List.cons { fst := ""id"".toList, snd := Kant.Codec.Val.str i.id }         (List.cons { fst := ""name"".toList, snd := Kant.Codec.Val.str i.name }           (List.cons { fst := ""type"".toList, snd := Kant.Codec.Val.str i.type }             (List.cons { fst := ""value"".toList, snd := i.value }               (List.cons { fst := ""encoding"".toList, snd := Kant.Codec.Val.str i.encoding }                 (List.cons { fst := ""units"".toList, snd := Kant.Codec.Val.str i.units }                   (List.cons                     { fst := ""constraints"".toList, snd := Kant.Codec.Val.list i.constraints }                     (List.cons                       { fst := ""provenance"".toList,                         snd := Kant.Codec.optVal Kant.Codec.Prov.toVal i.provenance }                       List.nil)))))))))","O7;13;source_systemS5;lean411;source_fileS36;RequestProject/Kant/Codec/Model.lean13;source_formatS4;text11;imported_atI+0;14;transformed_atI+0;15;transformationsL0;13;parent_objectS0;","cc94e3da2afe73ae5804b5b2a00ae169f406fab0d87928c009daea05a522f4fb"
"obj.Kant.Dasl.decode_mkCid","theorem","Kant.Dasl.decode_mkCid","PROVEN","∀ (t p : Nat),   Eq (Kant.Dasl.decode (Kant.Dasl.mkCid t p))     (Option.some { fst := instHMod.hMod t 16, snd := instHMod.hMod p (instHPow.hPow 2 44) })","L1;S24;obj.Kant.Dasl.daslPrefix","O0;","L0;","L0;","L1;S28;claim.Kant.Dasl.decode_mkCid","L0;","L1;S28;proof.Kant.Dasl.decode_mkCid","L0;","S153;∀ (t p : Nat),   Eq (Kant.Dasl.decode (Kant.Dasl.mkCid t p))     (Option.some { fst := instHMod.hMod t 16, snd := instHMod.hMod p (instHPow.hPow 2 44) })","O7;13;source_systemS5;lean411;source_fileS29;RequestProject/Kant/Dasl.lean13;source_formatS4;text11;imported_atI+0;14;transformed_atI+114;15;transformationsL0;13;parent_objectS0;","2db27cd0dbc13b77d6ea513a6fb6cd448ce8a5c346ae71059d24e5fe8608baf2"
"obj.Kant.Connectivity.instDecidableEqReachability.decEq.match_1","def","Kant.Connectivity.instDecidableEqReachability.decEq.match_1","ASSERTED","(motive : Kant.Connectivity.Reachability → Kant.Connectivity.Reachability → Sort u_1) →   (x x_1 : Kant.Connectivity.Reachability) →     ((a : List Char) →         (a_1 : Bool) →           (a_2 : List Char) →             (a_3 : Bool) →               (b : List Char) →                 (b_1 : Bool) →                   (b_2 : List Char) →                     (b_3 : Bool) →                       motive                         { configured := a, configuredUp := a_1, origin := a_2,                           originIsRelay := a_3 }                         { configured := b, configuredUp := b_1, origin := b_2,                           originIsRelay := b_3 }) →       motive x x_1","L0;","O0;","L0;","L0;","L0;","L0;","L0;","L0;","S678;(motive : Kant.Connectivity.Reachability → Kant.Connectivity.Reachability → Sort u_1) →   (x x_1 : Kant.Connectivity.Reachability) →     ((a : List Char) →         (a_1 : Bool) →           (a_2 : List Char) →             (a_3 : Bool) →               (b : List Char) →                 (b_1 : Bool) →                   (b_2 : List Char) →                     (b_3 : Bool) →                       motive                         { configured := a, configuredUp := a_1, origin := a_2,                           originIsRelay := a_3 }                         { configured := b, configuredUp := b_1, origin := b_2,                           originIsRelay := b_3 }) →       motive x x_1","O7;13;source_systemS5;lean411;source_fileS37;RequestProject/Kant/Connectivity.lean13;source_formatS4;text11;imported_atI+0;14;transformed_atI+0;15;transformationsL0;13;parent_objectS0;","fff9712d849792faa3f60b37e76b0c45d2a99754c5a0f364388425077805d16f"
"obj.Kant.Relay.Msg.mk.injEq","theorem","Kant.Relay.Msg.mk.injEq","PROVEN","∀ (room sender : List Char) (seq : Nat) (body : Kant.Bytes.Blob) (room_1 sender_1 : List Char)   (seq_1 : Nat) (body_1 : Kant.Bytes.Blob),   Eq     (Eq { room := room, sender := sender, seq := seq, body := body }       { room := room_1, sender := sender_1, seq := seq_1, body := body_1 })     (And (Eq room room_1) (And (Eq sender sender_1) (And (Eq seq seq_1) (Eq body body_1))))","L0;","O0;","L0;","L0;","L1;S29;claim.Kant.Relay.Msg.mk.injEq","L0;","L1;S29;proof.Kant.Relay.Msg.mk.injEq","L0;","S380;∀ (room sender : List Char) (seq : Nat) (body : Kant.Bytes.Blob) (room_1 sender_1 : List Char)   (seq_1 : Nat) (body_1 : Kant.Bytes.Blob),   Eq     (Eq { room := room, sender := sender, seq := seq, body := body }       { room := room_1, sender := sender_1, seq := seq_1, body := body_1 })     (And (Eq room room_1) (And (Eq sender sender_1) (And (Eq seq seq_1) (Eq body body_1))))","O7;13;source_systemS5;lean411;source_fileS30;RequestProject/Kant/Relay.lean13;source_formatS4;text11;imported_atI+0;14;transformed_atI+0;15;transformationsL0;13;parent_objectS0;","06af0d2866b117ae0a500bc448a930f1872ff439e7764ca8c3437b27d27e440b"
"obj.Kant.Meme.caption","def","Kant.Meme.caption","ASSERTED","Kant.Meme.Template → Kant.Paste → List Char","L0;","O0;","L0;","L0;","L0;","L0;","L0;","L0;","S43;Kant.Meme.Template → Kant.Paste → List Char","O7;13;source_systemS5;lean411;source_fileS29;RequestProject/Kant/Meme.lean13;source_formatS4;text11;imported_atI+0;14;transformed_atI+250;15;transformationsL0;13;parent_objectS0;","bbe59c8cf53eebe1754345c43c3a64aec988fd4dd9589bbbe97df2840a150c88"
"obj.Kant.Codec.instDecidableEqFmt","def","Kant.Codec.instDecidableEqFmt","ASSERTED","DecidableEq Kant.Codec.Fmt","L0;","O0;","L0;","L0;","L0;","L0;","L0;","L0;","S26;DecidableEq Kant.Codec.Fmt","O7;13;source_systemS5;lean411;source_fileS36;RequestProject/Kant/Codec/Model.lean13;source_formatS4;text11;imported_atI+0;14;transformed_atI+54;15;transformationsL0;13;parent_objectS0;","675cca696df3ff0981bee0cc9bacaff627700e585bba38a36253337384d7d890"
"obj.Kant.Codec.ExportReport.noConfusion","def","Kant.Codec.ExportReport.noConfusion","ASSERTED","{P : Sort u} →   {t t' : Kant.Codec.ExportReport} → Eq t t' → Kant.Codec.ExportReport.noConfusionType P t t'","L0;","O0;","L0;","L0;","L0;","L0;","L0;","L0;","S108;{P : Sort u} →   {t t' : Kant.Codec.ExportReport} → Eq t t' → Kant.Codec.ExportReport.noConfusionType P t t'","O7;13;source_systemS5;lean411;source_fileS39;RequestProject/Kant/Codec/Exchange.lean13;source_formatS4;text11;imported_atI+0;14;transformed_atI+222;15;transformationsL0;13;parent_objectS0;","38c6a2c8c711a0d085a36198f5c4436bcdabba944fe3c0c606738a58feeafe91"
"obj.Kant.Dom.instInhabitedDecl.default","def","Kant.Dom.instInhabitedDecl.default","ASSERTED","Kant.Dom.Decl","L0;","O0;","L0;","L0;","L0;","L0;","L0;","L0;","S13;Kant.Dom.Decl","O7;13;source_systemS5;lean411;source_fileS39;RequestProject/Kant/Domain/Catalog.lean13;source_formatS4;text11;imported_atI+0;14;transformed_atI+57;15;transformationsL0;13;parent_objectS0;","1be2d183fd5f41febfab463a4c790d01691bd6ca744a9cb81bab99897883d93b"
"obj.Kant.Handoff.instDecidableEqMove.decEq","def","Kant.Handoff.instDecidableEqMove.decEq","ASSERTED","(x x_1 : Kant.Handoff.Move) → Decidable (Eq x x_1)","L0;","O0;","L0;","L0;","L0;","L0;","L0;","L0;","S50;(x x_1 : Kant.Handoff.Move) → Decidable (Eq x x_1)","O7;13;source_systemS5;lean411;source_fileS32;RequestProject/Kant/Handoff.lean13;source_formatS4;text11;imported_atI+0;14;transformed_atI+41;15;transformationsL0;13;parent_objectS0;","7810b8fed9eaca71539c42eff601f25e4cee872ac1ef19f35d7a55502656f060"
"obj.Kant.Store.get_put_eq","theorem","Kant.Store.get_put_eq","PROVEN","∀ {st : Kant.Store} {p : Kant.Paste},   Not (Eq (st.get p.witness).isSome Bool.true) → Eq ((st.put p).get p.witness) (Option.some p)","L0;","O0;","L0;","L0;","L1;S27;claim.Kant.Store.get_put_eq","L0;","L1;S27;proof.Kant.Store.get_put_eq","L0;","S132;∀ {st : Kant.Store} {p : Kant.Paste},   Not (Eq (st.get p.witness).isSome Bool.true) → Eq ((st.put p).get p.witness) (Option.some p)","O7;13;source_systemS5;lean411;source_fileS30;RequestProject/Kant/Paste.lean13;source_formatS4;text11;imported_atI+0;14;transformed_atI+132;15;transformationsL0;13;parent_objectS0;","d66bc7c856d02b2e9f5d8e721df79971fb77972e224d80e8938d7fdf4db64aab"
"obj.Kant.Diagnostics.Level.error.sizeOf_spec","theorem","Kant.Diagnostics.Level.error.sizeOf_spec","PROVEN","Eq (Kant.Diagnostics.Level._sizeOf_inst.sizeOf Kant.Diagnostics.Level.error) 1","L0;","O0;","L0;","L0;","L1;S46;claim.Kant.Diagnostics.Level.error.sizeOf_spec","L0;","L1;S46;proof.Kant.Diagnostics.Level.error.sizeOf_spec","L0;","S78;Eq (Kant.Diagnostics.Level._sizeOf_inst.sizeOf Kant.Diagnostics.Level.error) 1","O7;13;source_systemS5;lean411;source_fileS36;RequestProject/Kant/Diagnostics.lean13;source_formatS4;text11;imported_atI+0;14;transformed_atI+0;15;transformationsL0;13;parent_objectS0;","db41776e90f3e6612189755ace2aa15ef12a735fe0b7ef1b3d26db60ea8cf118"
"obj.Kant.SiteCard.splitCh_ne_nil","theorem","Kant.SiteCard.splitCh_ne_nil","PROVEN","∀ (d : Char) (s : List Char), Ne (Kant.SiteCard.splitCh d s) List.nil","L0;","O0;","L0;","L0;","L1;S34;claim.Kant.SiteCard.splitCh_ne_nil","L0;","L1;S34;proof.Kant.SiteCard.splitCh_ne_nil","L0;","S69;∀ (d : Char) (s : List Char), Ne (Kant.SiteCard.splitCh d s) List.nil","O7;13;source_systemS5;lean411;source_fileS33;RequestProject/Kant/SiteCard.lean13;source_formatS4;text11;imported_atI+0;14;transformed_atI+77;15;transformationsL0;13;parent_objectS0;","4dd7d0a2e193245e9e963e729cab78c17da6877bf37c27d89a2cbbf1f42e53cb"
"obj.Kant.Codec.Extract.noConfusionType","def","Kant.Codec.Extract.noConfusionType","ASSERTED","Sort u → Kant.Codec.Extract → Kant.Codec.Extract → Sort u","L0;","O0;","L0;","L0;","L0;","L0;","L0;","L0;","S57;Sort u → Kant.Codec.Extract → Kant.Codec.Extract → Sort u","O7;13;source_systemS5;lean411;source_fileS38;RequestProject/Kant/Codec/RawText.lean13;source_formatS4;text11;imported_atI+0;14;transformed_atI+0;15;transformationsL0;13;parent_objectS0;","14ddaa78d4c4647fd658d2d5c7f98c34b5745afb83c523dd0f9d87e4d2410bf2"
"obj.Kant.Codec.instReprLevel.repr.match_1","def","Kant.Codec.instReprLevel.repr.match_1","ASSERTED","(motive : Kant.Codec.Level → Sort u_1) →   (x : Kant.Codec.Level) →     (Unit → motive Kant.Codec.Level.syntactic) →       (Unit → motive Kant.Codec.Level.structural) →         (Unit → motive Kant.Codec.Level.typed) →           (Unit → motive Kant.Codec.Level.semantic) → motive x","L1;S28;obj.Kant.Codec.Level.casesOn","O0;","L0;","L0;","L0;","L0;","L0;","L0;","S280;(motive : Kant.Codec.Level → Sort u_1) →   (x : Kant.Codec.Level) →     (Unit → motive Kant.Codec.Level.syntactic) →       (Unit → motive Kant.Codec.Level.structural) →         (Unit → motive Kant.Codec.Level.typed) →           (Unit → motive Kant.Codec.Level.semantic) → motive x","O7;13;source_systemS5;lean411;source_fileS39;RequestProject/Kant/Codec/Exchange.lean13;source_formatS4;text11;imported_atI+0;14;transformed_atI+0;15;transformationsL0;13;parent_objectS0;","013178f1a52e5cd7264b166e2296125489d97bef304289f5c2896583a366c012"
"obj.Kant.Wasm.BinOp.apply.eq_4","theorem","Kant.Wasm.BinOp.apply.eq_4","PROVEN","∀ (x x_1 : UInt64),   Eq (Kant.Wasm.BinOp.divu.apply x x_1)     (ite (Eq x_1 0) Option.none (Option.some (instHDiv.hDiv x x_1)))","L0;","O0;","L0;","L0;","L1;S32;claim.Kant.Wasm.BinOp.apply.eq_4","L0;","L1;S32;proof.Kant.Wasm.BinOp.apply.eq_4","L0;","S128;∀ (x x_1 : UInt64),   Eq (Kant.Wasm.BinOp.divu.apply x x_1)     (ite (Eq x_1 0) Option.none (Option.some (instHDiv.hDiv x x_1)))","O7;13;source_systemS5;lean411;source_fileS34;RequestProject/Wasm/Semantics.lean13;source_formatS4;text11;imported_atI+0;14;transformed_atI+0;15;transformationsL0;13;parent_objectS0;","d3a42b2d3516a9418c58eb9ea74a60ded482e7e8fde5e563caefad78287c33c0"
"obj.Kant.Dom.mapM_map","theorem","Kant.Dom.mapM_map","PROVEN","∀ {α β : Type} {f : α → β} {g : β → Option α},   (∀ (a : α), Eq (g (f a)) (Option.some a)) →     ∀ (xs : List α), Eq (List.mapM g (List.map f xs)) (Option.some xs)","L0;","O0;","L0;","L0;","L1;S23;claim.Kant.Dom.mapM_map","L0;","L1;S23;proof.Kant.Dom.mapM_map","L0;","S163;∀ {α β : Type} {f : α → β} {g : β → Option α},   (∀ (a : α), Eq (g (f a)) (Option.some a)) →     ∀ (xs : List α), Eq (List.mapM g (List.map f xs)) (Option.some xs)","O7;13;source_systemS5;lean411;source_fileS37;RequestProject/Kant/Domain/Table.lean13;source_formatS4;text11;imported_atI+0;14;transformed_atI+292;15;transformationsL0;13;parent_objectS0;","7490e235bdcae9115b1c642bd7964d16c3ecb0341500d7e34740fb84b13a8418"
"obj.Kant.Dom.exchange_roundTrips","theorem","Kant.Dom.exchange_roundTrips","PROVEN","∀ (d : Kant.Dom.Domain), Eq (Kant.Dom.exchange d).snd Bool.true","L0;","O0;","L0;","L0;","L1;S34;claim.Kant.Dom.exchange_roundTrips","L0;","L1;S34;proof.Kant.Dom.exchange_roundTrips","L0;","S63;∀ (d : Kant.Dom.Domain), Eq (Kant.Dom.exchange d).snd Bool.true","O7;13;source_systemS5;lean411;source_fileS39;RequestProject/Kant/Domain/Package.lean13;source_formatS4;text11;imported_atI+0;14;transformed_atI+297;15;transformationsL0;13;parent_objectS0;","75a1224a8ae7525670bfadcce9ea36210869cf912422cbc8fd4c3770237e9683"
"obj.Kant.Dom.validates.match_3","def","Kant.Dom.validates.match_3","ASSERTED","(motive : Kant.Dom.Event → Sort u_1) →   (x : Kant.Dom.Event) →     ((i : Kant.Dom.Id) → motive (Kant.Dom.Event.validated i)) →       ((x : Kant.Dom.Event) → motive x) → motive x","L0;","O0;","L0;","L0;","L0;","L0;","L0;","L0;","S178;(motive : Kant.Dom.Event → Sort u_1) →   (x : Kant.Dom.Event) →     ((i : Kant.Dom.Id) → motive (Kant.Dom.Event.validated i)) →       ((x : Kant.Dom.Event) → motive x) → motive x","O7;13;source_systemS5;lean411;source_fileS38;RequestProject/Kant/Domain/Policy.lean13;source_formatS4;text11;imported_atI+0;14;transformed_atI+0;15;transformationsL0;13;parent_objectS0;","10e6b344851e07b31ae5ace54ca1d4104466763b6f65fbd9e0513e0cc6578226"
"obj.Kant.Demo.movie","def","Kant.Demo.movie","ASSERTED","Kant.CodeMovie.Movie","L1;S26;obj.Kant.CodeMovie.Snippet","O0;","L0;","L0;","L0;","L0;","L0;","L0;","S20;Kant.CodeMovie.Movie","O7;13;source_systemS5;lean411;source_fileS29;RequestProject/Kant/Demo.lean13;source_formatS4;text11;imported_atI+0;14;transformed_atI+283;15;transformationsL0;13;parent_objectS0;","9875a7d42e1b6141013890c847ff9f2e32b9e4dd3a5ea99b09841dc1b6af8188"
"obj.Kant.Wasm.Decode.instrDec.eq_2","theorem","Kant.Wasm.Decode.instrDec.eq_2","PROVEN","∀ (c : UInt8) (bs : List UInt8),   Eq (Kant.Wasm.Decode.instrDec (List.cons c bs))     (ite (Eq c 66)       (Kant.Wasm.Decode.instrDec.match_1         (fun x => Option (Prod Kant.Wasm.Decode.RawInstr Kant.Wasm.Decode.Bytes))         (Kant.Wasm.Leb128.slebDec bs)         (fun n r => Option.some { fst := Kant.Wasm.Decode.RawInstr.i64const n, snd := r }) fun _ =>         Option.none)       (ite (Eq c 32)         (Kant.Wasm.Decode.vecDec.match_1           (fun x => Option (Prod Kant.Wasm.Decode.RawInstr Kant.Wasm.Decode.Bytes))           (Kant.Wasm.Leb128.ulebDec bs)           (fun i r => Option.some { fst := Kant.Wasm.Decode.RawInstr.localGet i, snd := r })           fun _ => Option.none)         (ite (Eq c 173) (Option.some { fst := Kant.Wasm.Decode.RawInstr.extendU, snd := bs })           (Kant.Wasm.Decode.instrDec.match_5             (fun x => Option (Prod Kant.Wasm.Decode.RawInstr Kant.Wasm.Decode.Bytes))             (Kant.Wasm.Decode.binOpOf c)             (fun op => Option.some { fst := Kant.Wasm.Decode.RawInstr.binop op, snd := bs })             fun _ =>             Kant.Wasm.Decode.instrDec.match_3               (fun x => Option (Prod Kant.Wasm.Decode.RawInstr Kant.Wasm.Decode.Bytes))               (Kant.Wasm.Decode.cmpOpOf c)               (fun op => Option.some { fst := Kant.Wasm.Decode.RawInstr.cmpop op, snd := bs })               fun _ => Option.none))))","L2;S29;obj.Kant.Wasm.Decode.RawInstrS19;obj.Kant.Wasm.BinOp","O0;","L0;","L0;","L1;S36;claim.Kant.Wasm.Decode.instrDec.eq_2","L0;","L1;S36;proof.Kant.Wasm.Decode.instrDec.eq_2","L0;","S1385;∀ (c : UInt8) (bs : List UInt8),   Eq (Kant.Wasm.Decode.instrDec (List.cons c bs))     (ite (Eq c 66)       (Kant.Wasm.Decode.instrDec.match_1         (fun x => Option (Prod Kant.Wasm.Decode.RawInstr Kant.Wasm.Decode.Bytes))         (Kant.Wasm.Leb128.slebDec bs)         (fun n r => Option.some { fst := Kant.Wasm.Decode.RawInstr.i64const n, snd := r }) fun _ =>         Option.none)       (ite (Eq c 32)         (Kant.Wasm.Decode.vecDec.match_1           (fun x => Option (Prod Kant.Wasm.Decode.RawInstr Kant.Wasm.Decode.Bytes))           (Kant.Wasm.Leb128.ulebDec bs)           (fun i r => Option.some { fst := Kant.Wasm.Decode.RawInstr.localGet i, snd := r })           fun _ => Option.none)         (ite (Eq c 173) (Option.some { fst := Kant.Wasm.Decode.RawInstr.extendU, snd := bs })           (Kant.Wasm.Decode.instrDec.match_5             (fun x => Option (Prod Kant.Wasm.Decode.RawInstr Kant.Wasm.Decode.Bytes))             (Kant.Wasm.Decode.binOpOf c)             (fun op => Option.some { fst := Kant.Wasm.Decode.RawInstr.binop op, snd := bs })             fun _ =>             Kant.Wasm.Decode.instrDec.match_3               (fun x => Option (Prod Kant.Wasm.Decode.RawInstr Kant.Wasm.Decode.Bytes))               (Kant.Wasm.Decode.cmpOpOf c)               (fun op => Option.some { fst := Kant.Wasm.Decode.RawInstr.cmpop op, snd := bs })               fun _ => Option.none))))","O7;13;source_systemS5;lean411;source_fileS31;RequestProject/Wasm/Decode.lean13;source_formatS4;text11;imported_atI+0;14;transformed_atI+0;15;transformationsL0;13;parent_objectS0;","fb9f81bdec20762945bb3a2b870e6c16687c34de612ddde3d6c191143ec75fd0"
"obj.Kant.Uucp.stale_without_paste","theorem","Kant.Uucp.stale_without_paste","PROVEN","∀ (n : Kant.Uucp.Node), Eq (n.sneakernet List.nil).view n.view","L0;","O0;","L0;","L0;","L1;S35;claim.Kant.Uucp.stale_without_paste","L0;","L1;S35;proof.Kant.Uucp.stale_without_paste","L0;","S62;∀ (n : Kant.Uucp.Node), Eq (n.sneakernet List.nil).view n.view","O7;13;source_systemS5;lean411;source_fileS29;RequestProject/Kant/Uucp.lean13;source_formatS4;text11;imported_atI+0;14;transformed_atI+650;15;transformationsL0;13;parent_objectS0;","97612424ece54a722c39ebdb930ea69d6f5e2b2645f46e4c3b1dc622ed798d57"
"obj.Kant.Cli.space_not_mem_decNum","theorem","Kant.Cli.space_not_mem_decNum","PROVEN","∀ (n : Nat), Not (List.instMembership.mem (Kant.Cli.decNum n) ' ')","L0;","O0;","L0;","L0;","L1;S35;claim.Kant.Cli.space_not_mem_decNum","L0;","L1;S35;proof.Kant.Cli.space_not_mem_decNum","L0;","S66;∀ (n : Nat), Not (List.instMembership.mem (Kant.Cli.decNum n) ' ')","O7;13;source_systemS5;lean411;source_fileS28;RequestProject/Kant/Cli.lean13;source_formatS4;text11;imported_atI+0;14;transformed_atI+412;15;transformationsL0;13;parent_objectS0;","786a668e3b8373b243596597199d77cd0c8bf3c1e8a4631c7e0f82914a381827"
"obj.Kant.CardDebug.Pairing.noMeetingPoint.elim","def","Kant.CardDebug.Pairing.noMeetingPoint.elim","ASSERTED","{motive : Kant.CardDebug.Pairing → Sort u} →   (t : Kant.CardDebug.Pairing) →     Eq t.ctorIdx 5 → motive Kant.CardDebug.Pairing.noMeetingPoint → motive t","L0;","O0;","L0;","L0;","L0;","L0;","L0;","L0;","S154;{motive : Kant.CardDebug.Pairing → Sort u} →   (t : Kant.CardDebug.Pairing) →     Eq t.ctorIdx 5 → motive Kant.CardDebug.Pairing.noMeetingPoint → motive t","O7;13;source_systemS5;lean411;source_fileS34;RequestProject/Kant/CardDebug.lean13;source_formatS4;text11;imported_atI+0;14;transformed_atI+163;15;transformationsL0;13;parent_objectS0;","fb972f469fe67e4843ce16c3009eaea337c77a840b9b4ee6211c03e5ac7e5231"
"obj.Kant.Onboarding.Screen.noConfusionType","def","Kant.Onboarding.Screen.noConfusionType","ASSERTED","Sort v✝ → Kant.Onboarding.Screen → Kant.Onboarding.Screen → Sort v✝","L0;","O0;","L0;","L0;","L0;","L0;","L0;","L0;","S67;Sort v✝ → Kant.Onboarding.Screen → Kant.Onboarding.Screen → Sort v✝","O7;13;source_systemS5;lean411;source_fileS35;RequestProject/Kant/Onboarding.lean13;source_formatS4;text11;imported_atI+0;14;transformed_atI+0;15;transformationsL0;13;parent_objectS0;","af5c2fa3e94d58f6af3aaae630c70ba9aa1a9b606670d5505a8b8503843251c3"
"obj.Kant.Handoff.carry_idem","theorem","Kant.Handoff.carry_idem","PROVEN","∀ {p : Kant.Paste},   Kant.Clipboard.Copyable p →     ∀ (st : Kant.Store),       Eq         (Kant.Handoff.carry (Kant.Handoff.carry st (Kant.Clipboard.copyText p))           (Kant.Clipboard.copyText p))         (Kant.Handoff.carry st (Kant.Clipboard.copyText p))","L0;","O0;","L0;","L0;","L1;S29;claim.Kant.Handoff.carry_idem","L0;","L1;S29;proof.Kant.Handoff.carry_idem","L0;","S262;∀ {p : Kant.Paste},   Kant.Clipboard.Copyable p →     ∀ (st : Kant.Store),       Eq         (Kant.Handoff.carry (Kant.Handoff.carry st (Kant.Clipboard.copyText p))           (Kant.Clipboard.copyText p))         (Kant.Handoff.carry st (Kant.Clipboard.copyText p))","O7;13;source_systemS5;lean411;source_fileS32;RequestProject/Kant/Handoff.lean13;source_formatS4;text11;imported_atI+0;14;transformed_atI+277;15;transformationsL0;13;parent_objectS0;","cd2c05ef67ee3457d8f902f436fbe1a4dbf38a7f51f94aad101bdcdaa273593a"
"obj.Kant.PlainText.Meta.casesOn","def","Kant.PlainText.Meta.casesOn","ASSERTED","{motive : Kant.PlainText.Meta → Sort u} →   (t : Kant.PlainText.Meta) →     ((title link address posted : List Char) →         motive { title := title, link := link, address := address, posted := posted }) →       motive t","L0;","O0;","L0;","L0;","L0;","L0;","L0;","L0;","S222;{motive : Kant.PlainText.Meta → Sort u} →   (t : Kant.PlainText.Meta) →     ((title link address posted : List Char) →         motive { title := title, link := link, address := address, posted := posted }) →       motive t","O7;13;source_systemS5;lean411;source_fileS34;RequestProject/Kant/PlainText.lean13;source_formatS4;text11;imported_atI+0;14;transformed_atI+86;15;transformationsL0;13;parent_objectS0;","e04118bdf3e850359b30f05e36b43a928ab7a119043218a770cca3a012b9bc84"
"obj.Kant.Dom.proofsOfTable","def","Kant.Dom.proofsOfTable","ASSERTED","List Char → Option (List Kant.Dom.ProofRec)","L0;","O0;","L0;","L0;","L0;","L0;","L0;","L0;","S43;List Char → Option (List Kant.Dom.ProofRec)","O7;13;source_systemS5;lean411;source_fileS37;RequestProject/Kant/Domain/Table.lean13;source_formatS4;text11;imported_atI+0;14;transformed_atI+389;15;transformationsL0;13;parent_objectS0;","2554ce2adfffdfa7529e28861c7018a4e97d3bb89814a5f56f5b0fa1fa651722"
"obj.Kant.Codec.instInhabitedTrans","def","Kant.Codec.instInhabitedTrans","ASSERTED","Inhabited Kant.Codec.Trans","L0;","O0;","L0;","L0;","L0;","L0;","L0;","L0;","S26;Inhabited Kant.Codec.Trans","O7;13;source_systemS5;lean411;source_fileS36;RequestProject/Kant/Codec/Model.lean13;source_formatS4;text11;imported_atI+0;14;transformed_atI+286;15;transformationsL0;13;parent_objectS0;","231ab7ab43c6432a37645615e5c2418df2981d33164c37a43dd928c9c2085d87"
"obj.Kant.Handoff.instReprMove","def","Kant.Handoff.instReprMove","ASSERTED","Repr Kant.Handoff.Move","L0;","O0;","L0;","L0;","L0;","L0;","L0;","L0;","S22;Repr Kant.Handoff.Move","O7;13;source_systemS5;lean411;source_fileS32;RequestProject/Kant/Handoff.lean13;source_formatS4;text11;imported_atI+0;14;transformed_atI+41;15;transformationsL0;13;parent_objectS0;","1d84fe3d84c4b3122bd3037d1b847d0522f6070e0f8b096c3bcf0efe8988755f"
"obj.Kant.Diagnostics.Log.share","def","Kant.Diagnostics.Log.share","ASSERTED","List (List Char) → Kant.Diagnostics.Log → Kant.Diagnostics.Log","L0;","O0;","L0;","L0;","L0;","L0;","L0;","L0;","S62;List (List Char) → Kant.Diagnostics.Log → Kant.Diagnostics.Log","O7;13;source_systemS5;lean411;source_fileS36;RequestProject/Kant/Diagnostics.lean13;source_formatS4;text11;imported_atI+0;14;transformed_atI+432;15;transformationsL0;13;parent_objectS0;","3a5ecbd081f35b5b85df11108a4bb4d8f88d16f7197c1ff1cd58c505c3087c4e"
"obj.Kant.Codec.encStr","def","Kant.Codec.encStr","ASSERTED","List Char → List Char","L0;","O0;","L0;","L0;","L0;","L0;","L0;","L0;","S21;List Char → List Char","O7;13;source_systemS5;lean411;source_fileS34;RequestProject/Kant/Codec/Val.lean13;source_formatS4;text11;imported_atI+0;14;transformed_atI+184;15;transformationsL0;13;parent_objectS0;","851be6741256dec963b1e1cc70b25fc63547dff4703f9d1bd2b55923f2545918"
"obj.Kant.Onboarding.State.ctorIdx","def","Kant.Onboarding.State.ctorIdx","ASSERTED","Kant.Onboarding.State → Nat","L0;","O0;","L0;","L0;","L0;","L0;","L0;","L0;","S27;Kant.Onboarding.State → Nat","O7;13;source_systemS5;lean411;source_fileS35;RequestProject/Kant/Onboarding.lean13;source_formatS4;text11;imported_atI+0;14;transformed_atI+0;15;transformationsL0;13;parent_objectS0;","4530306d21844a8cb3beb1e56b071267d3dcaa5a2385b30a994253e607f784c5"
"obj.Kant.Codec.xStrOpen","def","Kant.Codec.xStrOpen","ASSERTED","List Char","L0;","O0;","L0;","L0;","L0;","L0;","L0;","L0;","S9;List Char","O7;13;source_systemS5;lean411;source_fileS34;RequestProject/Kant/Codec/Xml.lean13;source_formatS4;text11;imported_atI+0;14;transformed_atI+40;15;transformationsL0;13;parent_objectS0;","bf5640e99595c5404af3a4fe259ed4336950ba43adf44426305462e925505799"
"obj.Kant.Join.codePart_junk","theorem","Kant.Join.codePart_junk","PROVEN","∀ {pre x post : List Char},   Kant.Join.AllCode x →     Ne x List.nil →       Not (List.instMembership.mem post Kant.Clipboard.hash) →         Kant.Join.NoCode post →           Eq             (Kant.Join.codePart               (instHAppendOfAppend.hAppend pre                 (List.cons Kant.Clipboard.hash (instHAppendOfAppend.hAppend x post))))             x","L0;","O0;","L0;","L0;","L1;S29;claim.Kant.Join.codePart_junk","L0;","L1;S29;proof.Kant.Join.codePart_junk","L0;","S359;∀ {pre x post : List Char},   Kant.Join.AllCode x →     Ne x List.nil →       Not (List.instMembership.mem post Kant.Clipboard.hash) →         Kant.Join.NoCode post →           Eq             (Kant.Join.codePart               (instHAppendOfAppend.hAppend pre                 (List.cons Kant.Clipboard.hash (instHAppendOfAppend.hAppend x post))))             x","O7;13;source_systemS5;lean411;source_fileS29;RequestProject/Kant/Join.lean13;source_formatS4;text11;imported_atI+0;14;transformed_atI+267;15;transformationsL0;13;parent_objectS0;","00d740082cea7ee4d93f5a32ec30c3b76890395bbbd1d3a287fd2aa46aebc7d5"
"obj.Kant.Dom.Rel.decodes.elim","def","Kant.Dom.Rel.decodes.elim","ASSERTED","{motive : Kant.Dom.Rel → Sort u} →   (t : Kant.Dom.Rel) → Eq t.ctorIdx 12 → motive Kant.Dom.Rel.decodes → motive t","L0;","O0;","L0;","L0;","L0;","L0;","L0;","L0;","S114;{motive : Kant.Dom.Rel → Sort u} →   (t : Kant.Dom.Rel) → Eq t.ctorIdx 12 → motive Kant.Dom.Rel.decodes → motive t","O7;13;source_systemS5;lean411;source_fileS37;RequestProject/Kant/Domain/Model.lean13;source_formatS4;text11;imported_atI+0;14;transformed_atI+69;15;transformationsL0;13;parent_objectS0;","cbfbf87725fbf0afc1e4d98b10d59dac76c77bcd06abb9b53a448a85d786d832"
"obj.Kant.InviteCard.inviteCard_scan_room","theorem","Kant.InviteCard.inviteCard_scan_room","PROVEN","∀ {c : Kant.SiteCard.Config},   c.Wf →     ∀ {d : Kant.InviteCard.Dress} {i j : Kant.Rendezvous.Invite},       i.Wire →         Eq (Kant.InviteCard.parseInviteUrl (Kant.InviteCard.inviteCard c d i).url) (Option.some j) →           Eq j.room i.room","L0;","O0;","L0;","L0;","L1;S42;claim.Kant.InviteCard.inviteCard_scan_room","L0;","L1;S42;proof.Kant.InviteCard.inviteCard_scan_room","L0;","S247;∀ {c : Kant.SiteCard.Config},   c.Wf →     ∀ {d : Kant.InviteCard.Dress} {i j : Kant.Rendezvous.Invite},       i.Wire →         Eq (Kant.InviteCard.parseInviteUrl (Kant.InviteCard.inviteCard c d i).url) (Option.some j) →           Eq j.room i.room","O7;13;source_systemS5;lean411;source_fileS35;RequestProject/Kant/InviteCard.lean13;source_formatS4;text11;imported_atI+0;14;transformed_atI+230;15;transformationsL0;13;parent_objectS0;","d1734130e7ff21eb62d8c7cf40e77f28a9e03f0bf2c63ac9526e8090a4ca2146"
"obj.Kant.Dom.Tests.exDomain","def","Kant.Dom.Tests.exDomain","ASSERTED","Kant.Dom.Domain","L0;","O0;","L0;","L0;","L0;","L0;","L0;","L0;","S15;Kant.Dom.Domain","O7;13;source_systemS5;lean411;source_fileS37;RequestProject/Kant/Domain/Tests.lean13;source_formatS4;text11;imported_atI+0;14;transformed_atI+72;15;transformationsL0;13;parent_objectS0;","5a20ab8d23054897ee0182bc7c8cc534443a7a0df78a1add5eefa2b143c0ab7a"
"obj.Kant.Codec.Val.noConfusion","def","Kant.Codec.Val.noConfusion","ASSERTED","{P : Sort u} → {t t' : Kant.Codec.Val} → Eq t t' → Kant.Codec.Val.noConfusionType P t t'","L0;","O0;","L0;","L0;","L0;","L0;","L0;","L0;","S88;{P : Sort u} → {t t' : Kant.Codec.Val} → Eq t t' → Kant.Codec.Val.noConfusionType P t t'","O7;13;source_systemS5;lean411;source_fileS34;RequestProject/Kant/Codec/Val.lean13;source_formatS4;text11;imported_atI+0;14;transformed_atI+34;15;transformationsL0;13;parent_objectS0;","d6bef2536827b84d11c96960eb98e41a289449d0ca5238e7950562bcbe456194"
"obj.Kant.Dasl.harmonicPathCid","def","Kant.Dasl.harmonicPathCid","ASSERTED","Nat → Nat → Nat → Nat","L0;","O0;","L0;","L0;","L0;","L0;","L0;","L0;","S21;Nat → Nat → Nat → Nat","O7;13;source_systemS5;lean411;source_fileS29;RequestProject/Kant/Dasl.lean13;source_formatS4;text11;imported_atI+0;14;transformed_atI+165;15;transformationsL0;13;parent_objectS0;","98cb0e5040b230fb500fb2277f8962e8e31d889827e38dc93180f07c428ce2d6"
"obj.Kant.Wasm.Kernel.eval_reflect59E","theorem","Kant.Wasm.Kernel.eval_reflect59E","PROVEN","∀ (o : Kant.Dasl.Orbifold) (m k : UInt64),   Eq m.toNat o.m →     instLTNat.lt (instHAdd.hAdd o.m k.toNat) (instHPow.hPow 2 64) →       Eq         (Option.map UInt64.toNat           (Kant.Wasm.Expr.eval (List.cons m (List.cons k List.nil)) Kant.Wasm.Kernel.reflect59E))         (Option.some (Kant.Dasl.reflect59 o k.toNat).m)","L0;","O0;","L0;","L0;","L1;S38;claim.Kant.Wasm.Kernel.eval_reflect59E","L0;","L1;S38;proof.Kant.Wasm.Kernel.eval_reflect59E","L0;","S325;∀ (o : Kant.Dasl.Orbifold) (m k : UInt64),   Eq m.toNat o.m →     instLTNat.lt (instHAdd.hAdd o.m k.toNat) (instHPow.hPow 2 64) →       Eq         (Option.map UInt64.toNat           (Kant.Wasm.Expr.eval (List.cons m (List.cons k List.nil)) Kant.Wasm.Kernel.reflect59E))         (Option.some (Kant.Dasl.reflect59 o k.toNat).m)","O7;13;source_systemS5;lean411;source_fileS35;RequestProject/Wasm/KernelSpec.lean13;source_formatS4;text11;imported_atI+0;14;transformed_atI+289;15;transformationsL0;13;parent_objectS0;","f81e97a2bd6238e31d041a8cfaf9c24043359bdd32dcec297b0f983ef4418616"
