"proof_id","name","kind","status","source_file","source_location","input_refs","assumptions","procedure","output_refs","claim_refs","dependencies","certificate","source","provenance","canonical_hash"
"proof.Kant.Cli.Loaded.invitation.injEq","Kant.Cli.Loaded.invitation.injEq","lean4","VALID","RequestProject/Kant/Cli.lean","0","L0;","L0;","elaborated and checked by the Lean kernel","L1;S36;obj.Kant.Cli.Loaded.invitation.injEq","L1;S38;claim.Kant.Cli.Loaded.invitation.injEq","L0;","O4;4;kindS12;lean4-kernel6;digestS64;3943bff5a9dde3e39891a1df5c7fe454f0ea24dcaaadad71c1716f46ac45b36a8;locationS28;RequestProject/Kant/Cli.lean8;evidenceS15;MACHINE_CHECKED","RequestProject","O7;13;source_systemS5;lean411;source_fileS28;RequestProject/Kant/Cli.lean13;source_formatS4;text11;imported_atI+0;14;transformed_atI+0;15;transformationsL0;13;parent_objectS0;","f96d368764699aa11b53410aee1489ce4001db423596c6bba06472dc34a6ed68"
"proof.Kant.Codec.resolve.eq_1","Kant.Codec.resolve.eq_1","lean4","VALID","RequestProject/Kant/Codec/Reconcile.lean","0","L0;","L0;","elaborated and checked by the Lean kernel","L1;S27;obj.Kant.Codec.resolve.eq_1","L1;S29;claim.Kant.Codec.resolve.eq_1","L0;","O4;4;kindS12;lean4-kernel6;digestS64;b5443b733ee83a92ef0c5908a54479c161c4af01f322d0242f8fc5845c6fb5eb8;locationS40;RequestProject/Kant/Codec/Reconcile.lean8;evidenceS15;MACHINE_CHECKED","RequestProject","O7;13;source_systemS5;lean411;source_fileS40;RequestProject/Kant/Codec/Reconcile.lean13;source_formatS4;text11;imported_atI+0;14;transformed_atI+0;15;transformationsL0;13;parent_objectS0;","ae312d02b4fb6ff581f23b08c75d0c42fd9c4833e0357c0fbbbf82102f1321dc"
"proof.Kant.Codec.Inp.ofVal_toVal","Kant.Codec.Inp.ofVal_toVal","lean4","VALID","RequestProject/Kant/Codec/Model.lean","439","L1;S21;obj.Kant.Codec.optVal","L0;","elaborated and checked by the Lean kernel","L1;S30;obj.Kant.Codec.Inp.ofVal_toVal","L1;S32;claim.Kant.Codec.Inp.ofVal_toVal","L1;S23;proof.Kant.Codec.optVal","O4;4;kindS12;lean4-kernel6;digestS64;92a4c23a4a31a9c682b7c908b389378de4b191a7d2c1c1b00b9f4893005632af8;locationS36;RequestProject/Kant/Codec/Model.lean8;evidenceS15;MACHINE_CHECKED","RequestProject","O7;13;source_systemS5;lean411;source_fileS36;RequestProject/Kant/Codec/Model.lean13;source_formatS4;text11;imported_atI+0;14;transformed_atI+439;15;transformationsL0;13;parent_objectS0;","cbb9d812f8c23140c43a606a9544b8b33912584c911223e653103417c1f0f5d9"
"proof.Kant.SiteCard.chatText.eq_1","Kant.SiteCard.chatText.eq_1","lean4","VALID","RequestProject/Kant/SiteCard.lean","0","L0;","L0;","elaborated and checked by the Lean kernel","L1;S31;obj.Kant.SiteCard.chatText.eq_1","L1;S33;claim.Kant.SiteCard.chatText.eq_1","L0;","O4;4;kindS12;lean4-kernel6;digestS64;e1dc669e544244a133e21a043102809a6eec09d5057ba2c390b75c0499e05da48;locationS33;RequestProject/Kant/SiteCard.lean8;evidenceS15;MACHINE_CHECKED","RequestProject","O7;13;source_systemS5;lean411;source_fileS33;RequestProject/Kant/SiteCard.lean13;source_formatS4;text11;imported_atI+0;14;transformed_atI+0;15;transformationsL0;13;parent_objectS0;","3829b511dd01a6ab9b3439ee5490d2e89e12417f59e3a2f1d321949dc730972e"
"proof.Kant.Onboarding.Progress.mk.inj","Kant.Onboarding.Progress.mk.inj","lean4","VALID","RequestProject/Kant/Onboarding.lean","0","L0;","L0;","elaborated and checked by the Lean kernel","L1;S35;obj.Kant.Onboarding.Progress.mk.inj","L1;S37;claim.Kant.Onboarding.Progress.mk.inj","L0;","O4;4;kindS12;lean4-kernel6;digestS64;76e493862cb91adcc19115b561c107b72594ed887a317246c7754fe1c2c958698;locationS35;RequestProject/Kant/Onboarding.lean8;evidenceS15;MACHINE_CHECKED","RequestProject","O7;13;source_systemS5;lean411;source_fileS35;RequestProject/Kant/Onboarding.lean13;source_formatS4;text11;imported_atI+0;14;transformed_atI+0;15;transformationsL0;13;parent_objectS0;","874072dbfe8c33ac16ff3e4757a5ae2fe27c95af99c87ef258256988bd8f7af5"
"proof.Kant.Strip.strip_fits_social","Kant.Strip.strip_fits_social","lean4","VALID","RequestProject/Kant/Strip.lean","150","L0;","L0;","elaborated and checked by the Lean kernel","L1;S32;obj.Kant.Strip.strip_fits_social","L1;S34;claim.Kant.Strip.strip_fits_social","L0;","O4;4;kindS12;lean4-kernel6;digestS64;2d227ccddd37c9c7d5c96fde45609fc4feca9a7a698edbb54dfc425ed65264228;locationS30;RequestProject/Kant/Strip.lean8;evidenceS15;MACHINE_CHECKED","RequestProject","O7;13;source_systemS5;lean411;source_fileS30;RequestProject/Kant/Strip.lean13;source_formatS4;text11;imported_atI+0;14;transformed_atI+150;15;transformationsL0;13;parent_objectS0;","6ba1abb419e2d65db57f41a487761fea06bf1e752c36493779e556fac7347f44"
"proof.Kant.Codec.Val.list.injEq","Kant.Codec.Val.list.injEq","lean4","VALID","RequestProject/Kant/Codec/Val.lean","0","L0;","L0;","elaborated and checked by the Lean kernel","L1;S29;obj.Kant.Codec.Val.list.injEq","L1;S31;claim.Kant.Codec.Val.list.injEq","L0;","O4;4;kindS12;lean4-kernel6;digestS64;9850f3be2f9f899f6a88cb7d94286410f23cc0467ff18cf55b81e398aca13b8e8;locationS34;RequestProject/Kant/Codec/Val.lean8;evidenceS15;MACHINE_CHECKED","RequestProject","O7;13;source_systemS5;lean411;source_fileS34;RequestProject/Kant/Codec/Val.lean13;source_formatS4;text11;imported_atI+0;14;transformed_atI+0;15;transformationsL0;13;parent_objectS0;","c808f071ee7c0bacb1cdf2bee706fa9f94612db8a423fbd2a31665b13358d7c5"
"proof.Kant.Sheaf.Encoding.stego.sizeOf_spec","Kant.Sheaf.Encoding.stego.sizeOf_spec","lean4","VALID","RequestProject/Kant/Sheaf.lean","0","L0;","L0;","elaborated and checked by the Lean kernel","L1;S41;obj.Kant.Sheaf.Encoding.stego.sizeOf_spec","L1;S43;claim.Kant.Sheaf.Encoding.stego.sizeOf_spec","L0;","O4;4;kindS12;lean4-kernel6;digestS64;a3e2b703e6f349b8214e973cae2d3e4bab58c4042c19789e09289305fc5bb8b18;locationS30;RequestProject/Kant/Sheaf.lean8;evidenceS15;MACHINE_CHECKED","RequestProject","O7;13;source_systemS5;lean411;source_fileS30;RequestProject/Kant/Sheaf.lean13;source_formatS4;text11;imported_atI+0;14;transformed_atI+0;15;transformationsL0;13;parent_objectS0;","229dbf362c54ede4f96d0e23a1ad3bd74366ba4ee6e3eb8a907c80214163347d"
"proof.Kant.Uucp.bag_fits_qr","Kant.Uucp.bag_fits_qr","lean4","VALID","RequestProject/Kant/Uucp.lean","174","L0;","L0;","elaborated and checked by the Lean kernel","L1;S25;obj.Kant.Uucp.bag_fits_qr","L1;S27;claim.Kant.Uucp.bag_fits_qr","L0;","O4;4;kindS12;lean4-kernel6;digestS64;5e90672ba2877f5b0b849165328d493cc4ec4e61fcf4d1b11d2d56a80ade5cba8;locationS29;RequestProject/Kant/Uucp.lean8;evidenceS15;MACHINE_CHECKED","RequestProject","O7;13;source_systemS5;lean411;source_fileS29;RequestProject/Kant/Uucp.lean13;source_formatS4;text11;imported_atI+0;14;transformed_atI+174;15;transformationsL0;13;parent_objectS0;","5c8619013e971d88149801dc654dcdaba58847c9a7f2c4ceda829603a0109cf1"
"proof.Kant.Codec.Outp.toVal.eq_1","Kant.Codec.Outp.toVal.eq_1","lean4","VALID","RequestProject/Kant/Codec/Model.lean","0","L2;S22;obj.Kant.Codec.Outp.idS21;obj.Kant.Codec.optVal","L0;","elaborated and checked by the Lean kernel","L1;S30;obj.Kant.Codec.Outp.toVal.eq_1","L1;S32;claim.Kant.Codec.Outp.toVal.eq_1","L2;S24;proof.Kant.Codec.Outp.idS23;proof.Kant.Codec.optVal","O4;4;kindS12;lean4-kernel6;digestS64;7d4d89c1fd4dfc22f57d94ed97e7be2181324a40b4d9978cd6f9fade7a5275a38;locationS36;RequestProject/Kant/Codec/Model.lean8;evidenceS15;MACHINE_CHECKED","RequestProject","O7;13;source_systemS5;lean411;source_fileS36;RequestProject/Kant/Codec/Model.lean13;source_formatS4;text11;imported_atI+0;14;transformed_atI+0;15;transformationsL0;13;parent_objectS0;","45066ba39a21aeb78e5472c8548a52248da7e8137b67571d082daa8e93406f8a"
"proof.Kant.Dom.Event.derivedBy.sizeOf_spec","Kant.Dom.Event.derivedBy.sizeOf_spec","lean4","VALID","RequestProject/Kant/Domain/Policy.lean","0","L0;","L0;","elaborated and checked by the Lean kernel","L1;S40;obj.Kant.Dom.Event.derivedBy.sizeOf_spec","L1;S42;claim.Kant.Dom.Event.derivedBy.sizeOf_spec","L0;","O4;4;kindS12;lean4-kernel6;digestS64;6f31a358ece4407e1c093004c39d7a8d0916693589239a88d9a9165fd137855f8;locationS38;RequestProject/Kant/Domain/Policy.lean8;evidenceS15;MACHINE_CHECKED","RequestProject","O7;13;source_systemS5;lean411;source_fileS38;RequestProject/Kant/Domain/Policy.lean13;source_formatS4;text11;imported_atI+0;14;transformed_atI+0;15;transformationsL0;13;parent_objectS0;","48a2eff1de6602687c357c802c54d71b9801be727966ff4e215ccf0f0e9a0e81"
"proof.Kant.Wasm.Decode.RawInstr.binop.sizeOf_spec","Kant.Wasm.Decode.RawInstr.binop.sizeOf_spec","lean4","VALID","RequestProject/Wasm/Decode.lean","0","L2;S19;obj.Kant.Wasm.BinOpS29;obj.Kant.Wasm.Decode.RawInstr","L0;","elaborated and checked by the Lean kernel","L1;S47;obj.Kant.Wasm.Decode.RawInstr.binop.sizeOf_spec","L1;S49;claim.Kant.Wasm.Decode.RawInstr.binop.sizeOf_spec","L2;S21;proof.Kant.Wasm.BinOpS31;proof.Kant.Wasm.Decode.RawInstr","O4;4;kindS12;lean4-kernel6;digestS64;72ab14ee94c7ce9a784f73717fff6c614cfd4a97ac0ac0c47746f676a7a394938;locationS31;RequestProject/Wasm/Decode.lean8;evidenceS15;MACHINE_CHECKED","RequestProject","O7;13;source_systemS5;lean411;source_fileS31;RequestProject/Wasm/Decode.lean13;source_formatS4;text11;imported_atI+0;14;transformed_atI+0;15;transformationsL0;13;parent_objectS0;","74e1797e4c0cc75e3547d64db7c61d219e32bcd2e256d158f375f88cf9bf631b"
"proof.Kant.Onboarding.screen_reachable","Kant.Onboarding.screen_reachable","lean4","VALID","RequestProject/Kant/Onboarding.lean","222","L1;S25;obj.Kant.Onboarding.start","L0;","elaborated and checked by the Lean kernel","L1;S36;obj.Kant.Onboarding.screen_reachable","L1;S38;claim.Kant.Onboarding.screen_reachable","L1;S27;proof.Kant.Onboarding.start","O4;4;kindS12;lean4-kernel6;digestS64;abda5291298f2613de7212165bce6a8c1422e03a37a25f71421e3764747b14c28;locationS35;RequestProject/Kant/Onboarding.lean8;evidenceS15;MACHINE_CHECKED","RequestProject","O7;13;source_systemS5;lean411;source_fileS35;RequestProject/Kant/Onboarding.lean13;source_formatS4;text11;imported_atI+0;14;transformed_atI+222;15;transformationsL0;13;parent_objectS0;","a67da3eee2c4e4a07b95addc90d669832eb034ff79c04ca645077f1ed1dbc489"
"proof.Kant.Stego.fromBits_toBits","Kant.Stego.fromBits_toBits","lean4","VALID","RequestProject/Kant/Stego.lean","60","L1;S32;obj.Kant.Stego.bitsByte_byteBits","L0;","elaborated and checked by the Lean kernel","L1;S30;obj.Kant.Stego.fromBits_toBits","L1;S32;claim.Kant.Stego.fromBits_toBits","L1;S34;proof.Kant.Stego.bitsByte_byteBits","O4;4;kindS12;lean4-kernel6;digestS64;ed894b7bd189aedc1c0f964f8e6e50575fc8572b436a7ae27d5c72d9bfb07f8d8;locationS30;RequestProject/Kant/Stego.lean8;evidenceS15;MACHINE_CHECKED","RequestProject","O7;13;source_systemS5;lean411;source_fileS30;RequestProject/Kant/Stego.lean13;source_formatS4;text11;imported_atI+0;14;transformed_atI+60;15;transformationsL0;13;parent_objectS0;","59c47d0db80703be151c3ba0ce1469d13b0011845c080c98b516b65f06f427ab"
"proof.Kant.CodeMovie.Circuit.brecOn.eq","Kant.CodeMovie.Circuit.brecOn.eq","lean4","VALID","RequestProject/Kant/CodeMovie.lean","0","L1;S34;obj.Kant.CodeMovie.Circuit.casesOn","L0;","elaborated and checked by the Lean kernel","L1;S36;obj.Kant.CodeMovie.Circuit.brecOn.eq","L1;S38;claim.Kant.CodeMovie.Circuit.brecOn.eq","L1;S36;proof.Kant.CodeMovie.Circuit.casesOn","O4;4;kindS12;lean4-kernel6;digestS64;891f5e5c12ea711eb88ac34f53b3e141b2bcc6f7948521e4695b9e167b8e2c0f8;locationS34;RequestProject/Kant/CodeMovie.lean8;evidenceS15;MACHINE_CHECKED","RequestProject","O7;13;source_systemS5;lean411;source_fileS34;RequestProject/Kant/CodeMovie.lean13;source_formatS4;text11;imported_atI+0;14;transformed_atI+0;15;transformationsL0;13;parent_objectS0;","f17cc6985e7a25afdf13d04a058ad59c19344c149ec771d5f4bb21733cfa03c2"
"proof.Kant.Codec.xEntryMid.eq_1","Kant.Codec.xEntryMid.eq_1","lean4","VALID","RequestProject/Kant/Codec/Xml.lean","0","L0;","L0;","elaborated and checked by the Lean kernel","L1;S29;obj.Kant.Codec.xEntryMid.eq_1","L1;S31;claim.Kant.Codec.xEntryMid.eq_1","L0;","O4;4;kindS12;lean4-kernel6;digestS64;ac92f97a435ccc6d94eaa7f4a9b2c6cac433e3f7ee3cda27cc4d8f1fc3bb1b848;locationS34;RequestProject/Kant/Codec/Xml.lean8;evidenceS15;MACHINE_CHECKED","RequestProject","O7;13;source_systemS5;lean411;source_fileS34;RequestProject/Kant/Codec/Xml.lean13;source_formatS4;text11;imported_atI+0;14;transformed_atI+0;15;transformationsL0;13;parent_objectS0;","d4a811097f81461da5a048a327f631aaf63a9dd378b7ee37ca95f78e10b2e6c4"
"proof.Kant.Cli.decAux.eq_1","Kant.Cli.decAux.eq_1","lean4","VALID","RequestProject/Kant/Cli.lean","0","L0;","L0;","elaborated and checked by the Lean kernel","L1;S24;obj.Kant.Cli.decAux.eq_1","L1;S26;claim.Kant.Cli.decAux.eq_1","L0;","O4;4;kindS12;lean4-kernel6;digestS64;8fb1735beb8164995dccfa780c31211ab206d7c769e9bae304e8f5af05bfab6c8;locationS28;RequestProject/Kant/Cli.lean8;evidenceS15;MACHINE_CHECKED","RequestProject","O7;13;source_systemS5;lean411;source_fileS28;RequestProject/Kant/Cli.lean13;source_formatS4;text11;imported_atI+0;14;transformed_atI+0;15;transformationsL0;13;parent_objectS0;","e63174cda622cb65ed82e8cb41d02e12fcb6bab87c65cd3f810a3e0349dd96ec"
"proof.Kant.Codec.embed.eq_1","Kant.Codec.embed.eq_1","lean4","VALID","RequestProject/Kant/Codec/Ipdl.lean","0","L0;","L0;","elaborated and checked by the Lean kernel","L1;S25;obj.Kant.Codec.embed.eq_1","L1;S27;claim.Kant.Codec.embed.eq_1","L0;","O4;4;kindS12;lean4-kernel6;digestS64;d8a2444493a1d659e2ee8b255f6bf366ecd1f1fe26c28b33c13b1a2ac2ebb9c08;locationS35;RequestProject/Kant/Codec/Ipdl.lean8;evidenceS15;MACHINE_CHECKED","RequestProject","O7;13;source_systemS5;lean411;source_fileS35;RequestProject/Kant/Codec/Ipdl.lean13;source_formatS4;text11;imported_atI+0;14;transformed_atI+0;15;transformationsL0;13;parent_objectS0;","f18142a9eee98fa439a8eb50302b9e87c1acf594a49c83ea0909516aa889a5cd"
"proof.Kant.Dom.Schema.toVal.eq_1","Kant.Dom.Schema.toVal.eq_1","lean4","VALID","RequestProject/Kant/Domain/Model.lean","0","L0;","L0;","elaborated and checked by the Lean kernel","L1;S30;obj.Kant.Dom.Schema.toVal.eq_1","L1;S32;claim.Kant.Dom.Schema.toVal.eq_1","L0;","O4;4;kindS12;lean4-kernel6;digestS64;b2c5a8b5dbea5685df31e2f0312d5af6fbbafb7422332bcfdd935db9a9293cb88;locationS37;RequestProject/Kant/Domain/Model.lean8;evidenceS15;MACHINE_CHECKED","RequestProject","O7;13;source_systemS5;lean411;source_fileS37;RequestProject/Kant/Domain/Model.lean13;source_formatS4;text11;imported_atI+0;14;transformed_atI+0;15;transformationsL0;13;parent_objectS0;","6e60a6137210a26384ee3ad80f02d2002a5d3720c32c5da93e6a20a1d1ec5346"
"proof.Kant.Codec.readNumY_encNumY","Kant.Codec.readNumY_encNumY","lean4","VALID","RequestProject/Kant/Codec/Yaml.lean","166","L1;S23;obj.Kant.Codec.digitVal","L0;","elaborated and checked by the Lean kernel","L1;S31;obj.Kant.Codec.readNumY_encNumY","L1;S33;claim.Kant.Codec.readNumY_encNumY","L1;S25;proof.Kant.Codec.digitVal","O4;4;kindS12;lean4-kernel6;digestS64;bd208ffeb21e515e8ef4b49d863ae3b9d22773d91913576caf89cf449477d22f8;locationS35;RequestProject/Kant/Codec/Yaml.lean8;evidenceS15;MACHINE_CHECKED","RequestProject","O7;13;source_systemS5;lean411;source_fileS35;RequestProject/Kant/Codec/Yaml.lean13;source_formatS4;text11;imported_atI+0;14;transformed_atI+166;15;transformationsL0;13;parent_objectS0;","34df9c2c221814f6631a5bd201fa1cb9f4d2ee8bd9d7f33031b11f1dc14ee673"
"proof.Kant.Dom.scanVal.eq_1","Kant.Dom.scanVal.eq_1","lean4","VALID","RequestProject/Kant/Domain/Catalog.lean","0","L0;","L0;","elaborated and checked by the Lean kernel","L1;S25;obj.Kant.Dom.scanVal.eq_1","L1;S27;claim.Kant.Dom.scanVal.eq_1","L0;","O4;4;kindS12;lean4-kernel6;digestS64;c6f83ee6633079b007740180f0e0971f3fd9e5bf9f06a91eea7e3025e7240b558;locationS39;RequestProject/Kant/Domain/Catalog.lean8;evidenceS15;MACHINE_CHECKED","RequestProject","O7;13;source_systemS5;lean411;source_fileS39;RequestProject/Kant/Domain/Catalog.lean13;source_formatS4;text11;imported_atI+0;14;transformed_atI+0;15;transformationsL0;13;parent_objectS0;","a09bec871976830549b221c47e76f4c2468407390306f7ff359138db1be073bc"
"proof.Kant.Codec.diffVal.eq_6","Kant.Codec.diffVal.eq_6","lean4","VALID","RequestProject/Kant/Codec/Reconcile.lean","0","L1;S29;obj.Kant.Codec.diffVal.eq_def","L0;","elaborated and checked by the Lean kernel","L1;S27;obj.Kant.Codec.diffVal.eq_6","L1;S29;claim.Kant.Codec.diffVal.eq_6","L1;S31;proof.Kant.Codec.diffVal.eq_def","O4;4;kindS12;lean4-kernel6;digestS64;490ef36e4fb79706e5bd6eb2f95161451fae6efe7ccaf9088c0045d9eb00e08f8;locationS40;RequestProject/Kant/Codec/Reconcile.lean8;evidenceS15;MACHINE_CHECKED","RequestProject","O7;13;source_systemS5;lean411;source_fileS40;RequestProject/Kant/Codec/Reconcile.lean13;source_formatS4;text11;imported_atI+0;14;transformed_atI+0;15;transformationsL0;13;parent_objectS0;","46d8e32f3ecdda6203a8a7b7013ad5d5cc5c4600419f67fcb420b310526623ef"
"proof.Kant.Diagnostics.Log.record.eq_1","Kant.Diagnostics.Log.record.eq_1","lean4","VALID","RequestProject/Kant/Diagnostics.lean","0","L0;","L0;","elaborated and checked by the Lean kernel","L1;S36;obj.Kant.Diagnostics.Log.record.eq_1","L1;S38;claim.Kant.Diagnostics.Log.record.eq_1","L0;","O4;4;kindS12;lean4-kernel6;digestS64;08281f28e9aeb475b767964531993e360040f6ac9eb679fff390aaaf9c5dbc488;locationS36;RequestProject/Kant/Diagnostics.lean8;evidenceS15;MACHINE_CHECKED","RequestProject","O7;13;source_systemS5;lean411;source_fileS36;RequestProject/Kant/Diagnostics.lean13;source_formatS4;text11;imported_atI+0;14;transformed_atI+0;15;transformationsL0;13;parent_objectS0;","dd9bf02e8b391b515931a03cb79d1dde4b2707e128e6586b1f7efda943744af8"
"proof.Kant.SiteCard.chatText_shows_url","Kant.SiteCard.chatText_shows_url","lean4","VALID","RequestProject/Kant/SiteCard.lean","705","L0;","L0;","elaborated and checked by the Lean kernel","L1;S36;obj.Kant.SiteCard.chatText_shows_url","L1;S38;claim.Kant.SiteCard.chatText_shows_url","L0;","O4;4;kindS12;lean4-kernel6;digestS64;f18bacce0a6c2da694c30fcea770e53569ddbebc8b87b050a4afc0356e27e3978;locationS33;RequestProject/Kant/SiteCard.lean8;evidenceS15;MACHINE_CHECKED","RequestProject","O7;13;source_systemS5;lean411;source_fileS33;RequestProject/Kant/SiteCard.lean13;source_formatS4;text11;imported_atI+0;14;transformed_atI+705;15;transformationsL0;13;parent_objectS0;","d7e8cc9f8391cba2460e33b48226dcc540401682438f759ceb4867619ac793bf"
"proof.Kant.Repost.readCard_card","Kant.Repost.readCard_card","lean4","VALID","RequestProject/Kant/Repost.lean","176","L0;","L0;","elaborated and checked by the Lean kernel","L1;S29;obj.Kant.Repost.readCard_card","L1;S31;claim.Kant.Repost.readCard_card","L0;","O4;4;kindS12;lean4-kernel6;digestS64;f624fd0791f74b731e8805018bf83bcce9504294113db6954672217d7306709e8;locationS31;RequestProject/Kant/Repost.lean8;evidenceS15;MACHINE_CHECKED","RequestProject","O7;13;source_systemS5;lean411;source_fileS31;RequestProject/Kant/Repost.lean13;source_formatS4;text11;imported_atI+0;14;transformed_atI+176;15;transformationsL0;13;parent_objectS0;","825c259117e228821d7239c096100945efd062f033854a3cdf69ce798801a57f"
"proof.Kant.Codec.MinProfile.mk.injEq","Kant.Codec.MinProfile.mk.injEq","lean4","VALID","RequestProject/Kant/Codec/Model.lean","0","L0;","L0;","elaborated and checked by the Lean kernel","L1;S34;obj.Kant.Codec.MinProfile.mk.injEq","L1;S36;claim.Kant.Codec.MinProfile.mk.injEq","L0;","O4;4;kindS12;lean4-kernel6;digestS64;1945a65e36c4f6ca43ffef7357ee086993f26a98f513d09c3f3ba1eb4ce834f38;locationS36;RequestProject/Kant/Codec/Model.lean8;evidenceS15;MACHINE_CHECKED","RequestProject","O7;13;source_systemS5;lean411;source_fileS36;RequestProject/Kant/Codec/Model.lean13;source_formatS4;text11;imported_atI+0;14;transformed_atI+0;15;transformationsL0;13;parent_objectS0;","ac8d3db37847d269bcc3066d166401567ccd41334d2f9e83e6d9b2141dc4ec70"
"proof.Kant.Wasm.Kernel.hexDigit_toNat","Kant.Wasm.Kernel.hexDigit_toNat","lean4","VALID","RequestProject/Wasm/KernelSpec.lean","48","L0;","L0;","elaborated and checked by the Lean kernel","L1;S35;obj.Kant.Wasm.Kernel.hexDigit_toNat","L1;S37;claim.Kant.Wasm.Kernel.hexDigit_toNat","L0;","O4;4;kindS12;lean4-kernel6;digestS64;2ae1ce1a38eb00d439da9c7aff67af4f59ae9284b262adf6aac5c2d31711dda98;locationS35;RequestProject/Wasm/KernelSpec.lean8;evidenceS15;MACHINE_CHECKED","RequestProject","O7;13;source_systemS5;lean411;source_fileS35;RequestProject/Wasm/KernelSpec.lean13;source_formatS4;text11;imported_atI+0;14;transformed_atI+48;15;transformationsL0;13;parent_objectS0;","ef5cd78ef4e583529c6a616950038e755126daf12c4fd84c86aba40c450bbf6f"
"proof.Kant.PlainText.lines_append","Kant.PlainText.lines_append","lean4","VALID","RequestProject/Kant/PlainText.lean","74","L0;","L0;","elaborated and checked by the Lean kernel","L1;S31;obj.Kant.PlainText.lines_append","L1;S33;claim.Kant.PlainText.lines_append","L0;","O4;4;kindS12;lean4-kernel6;digestS64;e84842f8b70e49e690a06853f2bebf7db526bf1480eee9b026f0017d31998cbf8;locationS34;RequestProject/Kant/PlainText.lean8;evidenceS15;MACHINE_CHECKED","RequestProject","O7;13;source_systemS5;lean411;source_fileS34;RequestProject/Kant/PlainText.lean13;source_formatS4;text11;imported_atI+0;14;transformed_atI+74;15;transformationsL0;13;parent_objectS0;","ca8daa708d044c6fbef880dedfdba29c7384003a334a4a552aa4d00998524d02"
"proof.Kant.Dom.proofsTable.eq_1","Kant.Dom.proofsTable.eq_1","lean4","VALID","RequestProject/Kant/Domain/Table.lean","0","L0;","L0;","elaborated and checked by the Lean kernel","L1;S29;obj.Kant.Dom.proofsTable.eq_1","L1;S31;claim.Kant.Dom.proofsTable.eq_1","L0;","O4;4;kindS12;lean4-kernel6;digestS64;d4ad14a9e756524fe29b5d2d4110d088a9224619d2e4ed8d836f2921bf3b831e8;locationS37;RequestProject/Kant/Domain/Table.lean8;evidenceS15;MACHINE_CHECKED","RequestProject","O7;13;source_systemS5;lean411;source_fileS37;RequestProject/Kant/Domain/Table.lean13;source_formatS4;text11;imported_atI+0;14;transformed_atI+0;15;transformationsL0;13;parent_objectS0;","a9653892e8c127bc6002fc112b34de5f347b5638dc94b542f4f495c74fbaa6e5"
"proof.Kant.Relay.mem_transcript","Kant.Relay.mem_transcript","lean4","VALID","RequestProject/Kant/Relay.lean","372","L0;","L0;","elaborated and checked by the Lean kernel","L1;S29;obj.Kant.Relay.mem_transcript","L1;S31;claim.Kant.Relay.mem_transcript","L0;","O4;4;kindS12;lean4-kernel6;digestS64;15826b0ef6ce69d37581dca7b9e8c60c52e9f7152fd3cf71eaa7e50e8829b2028;locationS30;RequestProject/Kant/Relay.lean8;evidenceS15;MACHINE_CHECKED","RequestProject","O7;13;source_systemS5;lean411;source_fileS30;RequestProject/Kant/Relay.lean13;source_formatS4;text11;imported_atI+0;14;transformed_atI+372;15;transformationsL0;13;parent_objectS0;","e728c0ca909765ca65d9f456e527ec1dd090ab629a9e9de46e7fbb894171cf37"
"proof.Kant.SiteCard.splitCh_entry","Kant.SiteCard.splitCh_entry","lean4","VALID","RequestProject/Kant/SiteCard.lean","235","L0;","L0;","elaborated and checked by the Lean kernel","L1;S31;obj.Kant.SiteCard.splitCh_entry","L1;S33;claim.Kant.SiteCard.splitCh_entry","L0;","O4;4;kindS12;lean4-kernel6;digestS64;033bd3128a52aec91724909141ea99628829bcd0c9f54683238de23a394380d48;locationS33;RequestProject/Kant/SiteCard.lean8;evidenceS15;MACHINE_CHECKED","RequestProject","O7;13;source_systemS5;lean411;source_fileS33;RequestProject/Kant/SiteCard.lean13;source_formatS4;text11;imported_atI+0;14;transformed_atI+235;15;transformationsL0;13;parent_objectS0;","5e2baaba8c4970f04daa21bbbdc3c97340871973254147761cbec4eb64cdc1f9"
"proof.Kant.Cli.say_eq_browserSay","Kant.Cli.say_eq_browserSay","lean4","VALID","RequestProject/Kant/Cli.lean","376","L1;S23;obj.Kant.Cli.Client.seq","L0;","elaborated and checked by the Lean kernel","L1;S30;obj.Kant.Cli.say_eq_browserSay","L1;S32;claim.Kant.Cli.say_eq_browserSay","L1;S25;proof.Kant.Cli.Client.seq","O4;4;kindS12;lean4-kernel6;digestS64;2b72033036ac73dbf0b764399d6ceeccf11dd68d23f472d1e078345d730ef7ea8;locationS28;RequestProject/Kant/Cli.lean8;evidenceS15;MACHINE_CHECKED","RequestProject","O7;13;source_systemS5;lean411;source_fileS28;RequestProject/Kant/Cli.lean13;source_formatS4;text11;imported_atI+0;14;transformed_atI+376;15;transformationsL0;13;parent_objectS0;","8fbd614e8ebd8979e84d64ee937696c66dc0a4c5b7099bd34e6eaf468e0f1320"
"proof.Kant.Wasm.Encode.name.eq_1","Kant.Wasm.Encode.name.eq_1","lean4","VALID","RequestProject/Wasm/Decode.lean","0","L0;","L0;","elaborated and checked by the Lean kernel","L1;S30;obj.Kant.Wasm.Encode.name.eq_1","L1;S32;claim.Kant.Wasm.Encode.name.eq_1","L0;","O4;4;kindS12;lean4-kernel6;digestS64;c3a36e7c0b42de366bac3437c5bfb2451c125c45dcea2e2026a184263298f1778;locationS31;RequestProject/Wasm/Decode.lean8;evidenceS15;MACHINE_CHECKED","RequestProject","O7;13;source_systemS5;lean411;source_fileS31;RequestProject/Wasm/Decode.lean13;source_formatS4;text11;imported_atI+0;14;transformed_atI+0;15;transformationsL0;13;parent_objectS0;","7c9cf82ec9d46ff6b29f895fda2b3ab9d287f0007a700a706c028c98fe913bb3"
"proof.Kant.Onboarding.step.eq_5","Kant.Onboarding.step.eq_5","lean4","VALID","RequestProject/Kant/Onboarding.lean","0","L0;","L0;","elaborated and checked by the Lean kernel","L1;S29;obj.Kant.Onboarding.step.eq_5","L1;S31;claim.Kant.Onboarding.step.eq_5","L0;","O4;4;kindS12;lean4-kernel6;digestS64;fc43f709d70d02eb50f49e82d9502094a9b2c1e76f84d021da7d869b7eaa90528;locationS35;RequestProject/Kant/Onboarding.lean8;evidenceS15;MACHINE_CHECKED","RequestProject","O7;13;source_systemS5;lean411;source_fileS35;RequestProject/Kant/Onboarding.lean13;source_formatS4;text11;imported_atI+0;14;transformed_atI+0;15;transformationsL0;13;parent_objectS0;","9d4c514e9abedc9897b15ddee548f39b7ce5600a9646f09e6477e7192177cba1"
"proof.Kant.Wasm.Func.mk.injEq","Kant.Wasm.Func.mk.injEq","lean4","VALID","RequestProject/Wasm/Syntax.lean","0","L0;","L0;","elaborated and checked by the Lean kernel","L1;S27;obj.Kant.Wasm.Func.mk.injEq","L1;S29;claim.Kant.Wasm.Func.mk.injEq","L0;","O4;4;kindS12;lean4-kernel6;digestS64;19de4b3e68e578bf360a1dc03ed24b188b1c50c50a12a43576c9272fafe5a1668;locationS31;RequestProject/Wasm/Syntax.lean8;evidenceS15;MACHINE_CHECKED","RequestProject","O7;13;source_systemS5;lean411;source_fileS31;RequestProject/Wasm/Syntax.lean13;source_formatS4;text11;imported_atI+0;14;transformed_atI+0;15;transformationsL0;13;parent_objectS0;","a23557a879c0cafe4b9ee8571eda0ce1df249e406a1449b815a5b6f42afe691b"
"proof.Kant.CardDebug.Code.page.injEq","Kant.CardDebug.Code.page.injEq","lean4","VALID","RequestProject/Kant/CardDebug.lean","0","L0;","L0;","elaborated and checked by the Lean kernel","L1;S34;obj.Kant.CardDebug.Code.page.injEq","L1;S36;claim.Kant.CardDebug.Code.page.injEq","L0;","O4;4;kindS12;lean4-kernel6;digestS64;c60deb82296876b69ef0d497301b401d883b5468317f1c003094a8d6aeca116f8;locationS34;RequestProject/Kant/CardDebug.lean8;evidenceS15;MACHINE_CHECKED","RequestProject","O7;13;source_systemS5;lean411;source_fileS34;RequestProject/Kant/CardDebug.lean13;source_formatS4;text11;imported_atI+0;14;transformed_atI+0;15;transformationsL0;13;parent_objectS0;","562c6cf8764d0b287591b45fb2f3071b44589edc1a11220e83e1c701448ef681"
"proof.Kant.Uucp.Site.serve_static","Kant.Uucp.Site.serve_static","lean4","VALID","RequestProject/Kant/Uucp.lean","731","L0;","L0;","elaborated and checked by the Lean kernel","L1;S31;obj.Kant.Uucp.Site.serve_static","L1;S33;claim.Kant.Uucp.Site.serve_static","L0;","O4;4;kindS12;lean4-kernel6;digestS64;ba2dc51200edcfcb119a4687cb99ea34354d4839f73967217adc77e503af5a928;locationS29;RequestProject/Kant/Uucp.lean8;evidenceS15;MACHINE_CHECKED","RequestProject","O7;13;source_systemS5;lean411;source_fileS29;RequestProject/Kant/Uucp.lean13;source_formatS4;text11;imported_atI+0;14;transformed_atI+731;15;transformationsL0;13;parent_objectS0;","82f7224619053b059de225c8eba7da4231fd6a7e95b4737f8912f5459fd44c3c"
"proof.Kant.Codec.yamlEncFields.eq_1","Kant.Codec.yamlEncFields.eq_1","lean4","VALID","RequestProject/Kant/Codec/Yaml.lean","0","L0;","L0;","elaborated and checked by the Lean kernel","L1;S33;obj.Kant.Codec.yamlEncFields.eq_1","L1;S35;claim.Kant.Codec.yamlEncFields.eq_1","L0;","O4;4;kindS12;lean4-kernel6;digestS64;021e92d86c6ff62f09974ac8d023102cfbbc2a19762f3e7500270a2a61c0fe728;locationS35;RequestProject/Kant/Codec/Yaml.lean8;evidenceS15;MACHINE_CHECKED","RequestProject","O7;13;source_systemS5;lean411;source_fileS35;RequestProject/Kant/Codec/Yaml.lean13;source_formatS4;text11;imported_atI+0;14;transformed_atI+0;15;transformationsL0;13;parent_objectS0;","e6c2c23dc2c8d10809e172f33656f68b0b0be0e8be52200ec896388d49325011"
"proof.Kant.Codec.Prov.mk.sizeOf_spec","Kant.Codec.Prov.mk.sizeOf_spec","lean4","VALID","RequestProject/Kant/Codec/Model.lean","0","L0;","L0;","elaborated and checked by the Lean kernel","L1;S34;obj.Kant.Codec.Prov.mk.sizeOf_spec","L1;S36;claim.Kant.Codec.Prov.mk.sizeOf_spec","L0;","O4;4;kindS12;lean4-kernel6;digestS64;bf5b4aa6eb1ab9ed8d2ebcbaccbd7e8eabc87295d138dc370e1910e5fa4627608;locationS36;RequestProject/Kant/Codec/Model.lean8;evidenceS15;MACHINE_CHECKED","RequestProject","O7;13;source_systemS5;lean411;source_fileS36;RequestProject/Kant/Codec/Model.lean13;source_formatS4;text11;imported_atI+0;14;transformed_atI+0;15;transformationsL0;13;parent_objectS0;","1af10fb701922faa837ba2915bafe57dd45fad0683fbbe84f652f418756faa57"
"proof.Kant.Wasm.Expr.wf_of_wfb","Kant.Wasm.Expr.wf_of_wfb","lean4","VALID","RequestProject/Wasm/Syntax.lean","96","L4;S22;obj.Kant.Wasm.Expr.wfbS21;obj.Kant.Wasm.Expr.WfS24;obj.Kant.Wasm.Expr.belowS19;obj.Kant.Wasm.BinOp","L0;","elaborated and checked by the Lean kernel","L1;S28;obj.Kant.Wasm.Expr.wf_of_wfb","L1;S30;claim.Kant.Wasm.Expr.wf_of_wfb","L4;S24;proof.Kant.Wasm.Expr.wfbS23;proof.Kant.Wasm.Expr.WfS26;proof.Kant.Wasm.Expr.belowS21;proof.Kant.Wasm.BinOp","O4;4;kindS12;lean4-kernel6;digestS64;1ec80b8e8d39a8734faa4a3f7aa27bc86b10c3f6e566870d40442f1d5468db7a8;locationS31;RequestProject/Wasm/Syntax.lean8;evidenceS15;MACHINE_CHECKED","RequestProject","O7;13;source_systemS5;lean411;source_fileS31;RequestProject/Wasm/Syntax.lean13;source_formatS4;text11;imported_atI+0;14;transformed_atI+96;15;transformationsL0;13;parent_objectS0;","ba1c044165ff31b4d46f4127dfe7aa3706ce92801a8d8c7ad51c06024e84bdfd"
"proof.Kant.Codec.xescChar.eq_1","Kant.Codec.xescChar.eq_1","lean4","VALID","RequestProject/Kant/Codec/Xml.lean","0","L0;","L0;","elaborated and checked by the Lean kernel","L1;S28;obj.Kant.Codec.xescChar.eq_1","L1;S30;claim.Kant.Codec.xescChar.eq_1","L0;","O4;4;kindS12;lean4-kernel6;digestS64;6d682b368b132265c529eedcee48c6de1c25ec9b895de8afabcf07f480fdcaa08;locationS34;RequestProject/Kant/Codec/Xml.lean8;evidenceS15;MACHINE_CHECKED","RequestProject","O7;13;source_systemS5;lean411;source_fileS34;RequestProject/Kant/Codec/Xml.lean13;source_formatS4;text11;imported_atI+0;14;transformed_atI+0;15;transformationsL0;13;parent_objectS0;","ec981889b326c400a4c67d6ee2128e93f5eeae9c528e1b661237d0f9540eeff9"
"proof.Kant.Diagnostics.tagLog.eq_1","Kant.Diagnostics.tagLog.eq_1","lean4","VALID","RequestProject/Kant/Diagnostics.lean","0","L0;","L0;","elaborated and checked by the Lean kernel","L1;S32;obj.Kant.Diagnostics.tagLog.eq_1","L1;S34;claim.Kant.Diagnostics.tagLog.eq_1","L0;","O4;4;kindS12;lean4-kernel6;digestS64;4a04060507fbc13dd8090b100a2f4a2a7a1aecddcf17f2572839769ff6344f448;locationS36;RequestProject/Kant/Diagnostics.lean8;evidenceS15;MACHINE_CHECKED","RequestProject","O7;13;source_systemS5;lean411;source_fileS36;RequestProject/Kant/Diagnostics.lean13;source_formatS4;text11;imported_atI+0;14;transformed_atI+0;15;transformationsL0;13;parent_objectS0;","765c6e62275020aa90c02e033cb9709d8aa6c53dc4c93b44604c507eb511acb7"
"proof.Kant.Uucp.natToBytesBE_length_le","Kant.Uucp.natToBytesBE_length_le","lean4","VALID","RequestProject/Kant/Uucp.lean","253","L0;","L0;","elaborated and checked by the Lean kernel","L1;S36;obj.Kant.Uucp.natToBytesBE_length_le","L1;S38;claim.Kant.Uucp.natToBytesBE_length_le","L0;","O4;4;kindS12;lean4-kernel6;digestS64;5488b937427ce32c6b3aed8c228f492fde778cf260e024aef071714f32eac2798;locationS29;RequestProject/Kant/Uucp.lean8;evidenceS15;MACHINE_CHECKED","RequestProject","O7;13;source_systemS5;lean411;source_fileS29;RequestProject/Kant/Uucp.lean13;source_formatS4;text11;imported_atI+0;14;transformed_atI+253;15;transformationsL0;13;parent_objectS0;","944db111b03de78ca1ea4da3ec17016fbb9daa03d89a2bd215f0e89bfc5f3f35"
"proof.Kant.Rendezvous.best_congr","Kant.Rendezvous.best_congr","lean4","VALID","RequestProject/Kant/Rendezvous.lean","387","L2;S28;obj.Kant.Rendezvous.AnnounceS26;obj.Kant.Rendezvous.IsBest","L0;","elaborated and checked by the Lean kernel","L1;S30;obj.Kant.Rendezvous.best_congr","L1;S32;claim.Kant.Rendezvous.best_congr","L2;S30;proof.Kant.Rendezvous.AnnounceS28;proof.Kant.Rendezvous.IsBest","O4;4;kindS12;lean4-kernel6;digestS64;f6566676b239e5be6ddad911793591f53619fc5b3dec391817a12b15cb0dcca78;locationS35;RequestProject/Kant/Rendezvous.lean8;evidenceS15;MACHINE_CHECKED","RequestProject","O7;13;source_systemS5;lean411;source_fileS35;RequestProject/Kant/Rendezvous.lean13;source_formatS4;text11;imported_atI+0;14;transformed_atI+387;15;transformationsL0;13;parent_objectS0;","fee64c8d7bf0c7586416e50d81cc029bc09dee3723eb981ef5dbf268b53abce1"
"proof.Kant.Wasm.Encode.binOpcode.eq_2","Kant.Wasm.Encode.binOpcode.eq_2","lean4","VALID","RequestProject/Wasm/Decode.lean","0","L0;","L0;","elaborated and checked by the Lean kernel","L1;S35;obj.Kant.Wasm.Encode.binOpcode.eq_2","L1;S37;claim.Kant.Wasm.Encode.binOpcode.eq_2","L0;","O4;4;kindS12;lean4-kernel6;digestS64;f1b712bcde751e2334f4ec05a0327920e4b1e6e4a78d23a92efa95fb9ac271a68;locationS31;RequestProject/Wasm/Decode.lean8;evidenceS15;MACHINE_CHECKED","RequestProject","O7;13;source_systemS5;lean411;source_fileS31;RequestProject/Wasm/Decode.lean13;source_formatS4;text11;imported_atI+0;14;transformed_atI+0;15;transformationsL0;13;parent_objectS0;","31386c628cba08625a80d4bbf3115045a66d0ede4b2d201ce2895f330261587f"
"proof.Kant.Clipboard.decodeList.eq_1","Kant.Clipboard.decodeList.eq_1","lean4","VALID","RequestProject/Kant/Clipboard.lean","0","L0;","L0;","elaborated and checked by the Lean kernel","L1;S34;obj.Kant.Clipboard.decodeList.eq_1","L1;S36;claim.Kant.Clipboard.decodeList.eq_1","L0;","O4;4;kindS12;lean4-kernel6;digestS64;59df59fa2a7976b236767d9229997f050c0f670e7732284cfac5c2a01595591f8;locationS34;RequestProject/Kant/Clipboard.lean8;evidenceS15;MACHINE_CHECKED","RequestProject","O7;13;source_systemS5;lean411;source_fileS34;RequestProject/Kant/Clipboard.lean13;source_formatS4;text11;imported_atI+0;14;transformed_atI+0;15;transformationsL0;13;parent_objectS0;","47b780c654b3102383cc5bc0a7093990dd8785a805a58fc922be007e9faf5fb6"
"proof.Kant.Codec.xNull.eq_1","Kant.Codec.xNull.eq_1","lean4","VALID","RequestProject/Kant/Codec/Xml.lean","0","L0;","L0;","elaborated and checked by the Lean kernel","L1;S25;obj.Kant.Codec.xNull.eq_1","L1;S27;claim.Kant.Codec.xNull.eq_1","L0;","O4;4;kindS12;lean4-kernel6;digestS64;c3f5229127b34a9dfdafcf0b1381397ab936be2d31d764978cef1a1fe1a58c748;locationS34;RequestProject/Kant/Codec/Xml.lean8;evidenceS15;MACHINE_CHECKED","RequestProject","O7;13;source_systemS5;lean411;source_fileS34;RequestProject/Kant/Codec/Xml.lean13;source_formatS4;text11;imported_atI+0;14;transformed_atI+0;15;transformationsL0;13;parent_objectS0;","431e4eb73d301aa54b44aece0956f4b2b7f3f5b1a5bf46ff21034fc33628030c"
"proof.Kant.Credits.Ledger.spend_valid","Kant.Credits.Ledger.spend_valid","lean4","VALID","RequestProject/Kant/Credits.lean","139","L1;S32;obj.Kant.Credits.Ledger.spendLog","L0;","elaborated and checked by the Lean kernel","L1;S35;obj.Kant.Credits.Ledger.spend_valid","L1;S37;claim.Kant.Credits.Ledger.spend_valid","L1;S34;proof.Kant.Credits.Ledger.spendLog","O4;4;kindS12;lean4-kernel6;digestS64;f905bb0c298cf53576e3f03fe170f47a713a8c56e55d777fe34376f39aa67f748;locationS32;RequestProject/Kant/Credits.lean8;evidenceS15;MACHINE_CHECKED","RequestProject","O7;13;source_systemS5;lean411;source_fileS32;RequestProject/Kant/Credits.lean13;source_formatS4;text11;imported_atI+0;14;transformed_atI+139;15;transformationsL0;13;parent_objectS0;","ab58dcf2cf1d27c47ab9fef9f41d7237eba2a987aa085d6a12dea7f9f110a75d"
"proof.Kant.Onboarding.back_goes_home","Kant.Onboarding.back_goes_home","lean4","VALID","RequestProject/Kant/Onboarding.lean","219","L0;","L0;","elaborated and checked by the Lean kernel","L1;S34;obj.Kant.Onboarding.back_goes_home","L1;S36;claim.Kant.Onboarding.back_goes_home","L0;","O4;4;kindS12;lean4-kernel6;digestS64;f26f4f50849c8c9f2c1cf3c7ce99a990a7f0ec4dc379d4b53737690c65fa304e8;locationS35;RequestProject/Kant/Onboarding.lean8;evidenceS15;MACHINE_CHECKED","RequestProject","O7;13;source_systemS5;lean411;source_fileS35;RequestProject/Kant/Onboarding.lean13;source_formatS4;text11;imported_atI+0;14;transformed_atI+219;15;transformationsL0;13;parent_objectS0;","424889c912a6055391ec7209cc4b3b10fdc9548cc9aacad9701be3336e7acf96"
"proof.Kant.Codec.ImportReport.mk.inj","Kant.Codec.ImportReport.mk.inj","lean4","VALID","RequestProject/Kant/Codec/Exchange.lean","0","L0;","L0;","elaborated and checked by the Lean kernel","L1;S34;obj.Kant.Codec.ImportReport.mk.inj","L1;S36;claim.Kant.Codec.ImportReport.mk.inj","L0;","O4;4;kindS12;lean4-kernel6;digestS64;059c35882b42fa28a7dfd897a0d2fc4bb5f94004a8bbb5c2ba294d52dcbfc45d8;locationS39;RequestProject/Kant/Codec/Exchange.lean8;evidenceS15;MACHINE_CHECKED","RequestProject","O7;13;source_systemS5;lean411;source_fileS39;RequestProject/Kant/Codec/Exchange.lean13;source_formatS4;text11;imported_atI+0;14;transformed_atI+0;15;transformationsL0;13;parent_objectS0;","4fbcf81a49a9e6166fc635b333b477797f0fe869742efb1039fbc8e748108573"
"proof.Kant.Clipboard.fragment.eq_def","Kant.Clipboard.fragment.eq_def","lean4","VALID","RequestProject/Kant/Clipboard.lean","0","L0;","L0;","elaborated and checked by the Lean kernel","L1;S34;obj.Kant.Clipboard.fragment.eq_def","L1;S36;claim.Kant.Clipboard.fragment.eq_def","L0;","O4;4;kindS12;lean4-kernel6;digestS64;2af455491427676dfd73bc75d9b330de7c020d5df7538897d11fa270917b8f508;locationS34;RequestProject/Kant/Clipboard.lean8;evidenceS15;MACHINE_CHECKED","RequestProject","O7;13;source_systemS5;lean411;source_fileS34;RequestProject/Kant/Clipboard.lean13;source_formatS4;text11;imported_atI+0;14;transformed_atI+0;15;transformationsL0;13;parent_objectS0;","51b9db02e685c23e223274351d18cfb151ec2cf91fbb1b58c772cbd3a043d14b"
"proof.Kant.PlainText.takeWhile_lines_render","Kant.PlainText.takeWhile_lines_render","lean4","VALID","RequestProject/Kant/PlainText.lean","290","L0;","L0;","elaborated and checked by the Lean kernel","L1;S41;obj.Kant.PlainText.takeWhile_lines_render","L1;S43;claim.Kant.PlainText.takeWhile_lines_render","L0;","O4;4;kindS12;lean4-kernel6;digestS64;577b8cb75c0911048304013c836e1747253975ab06c3ff5a5196f5897543d51d8;locationS34;RequestProject/Kant/PlainText.lean8;evidenceS15;MACHINE_CHECKED","RequestProject","O7;13;source_systemS5;lean411;source_fileS34;RequestProject/Kant/PlainText.lean13;source_formatS4;text11;imported_atI+0;14;transformed_atI+290;15;transformationsL0;13;parent_objectS0;","fc79db20ae44910d228418b0a287a3dac5631063d44bb467c0e5e8588e2cb234"
"proof.Kant.Cli.parseCurlLine_curlLine","Kant.Cli.parseCurlLine_curlLine","lean4","VALID","RequestProject/Kant/Cli.lean","217","L1;S21;obj.Kant.Cli.curlLine","L0;","elaborated and checked by the Lean kernel","L1;S35;obj.Kant.Cli.parseCurlLine_curlLine","L1;S37;claim.Kant.Cli.parseCurlLine_curlLine","L1;S23;proof.Kant.Cli.curlLine","O4;4;kindS12;lean4-kernel6;digestS64;1bced807b551ba0c8e8fa21e5da143eb45749ea41b0a29b27bf23b2b628b63d98;locationS28;RequestProject/Kant/Cli.lean8;evidenceS15;MACHINE_CHECKED","RequestProject","O7;13;source_systemS5;lean411;source_fileS28;RequestProject/Kant/Cli.lean13;source_formatS4;text11;imported_atI+0;14;transformed_atI+217;15;transformationsL0;13;parent_objectS0;","cf21a11c219394842cfc69379950fed74573664223c577ea924d270fe530e2bd"
"proof.Kant.Codec.esc.eq_1","Kant.Codec.esc.eq_1","lean4","VALID","RequestProject/Kant/Codec/Yaml.lean","0","L0;","L0;","elaborated and checked by the Lean kernel","L1;S23;obj.Kant.Codec.esc.eq_1","L1;S25;claim.Kant.Codec.esc.eq_1","L0;","O4;4;kindS12;lean4-kernel6;digestS64;e6cdc6903219169db76f77689e0ccd2e06478a34ce70a90fa2a59c72592cced88;locationS35;RequestProject/Kant/Codec/Yaml.lean8;evidenceS15;MACHINE_CHECKED","RequestProject","O7;13;source_systemS5;lean411;source_fileS35;RequestProject/Kant/Codec/Yaml.lean13;source_formatS4;text11;imported_atI+0;14;transformed_atI+0;15;transformationsL0;13;parent_objectS0;","84c0acf41d9e6768914fa5e8f790234bcbdb57943d5bf96e698186269b9752d1"
"proof.Kant.Codec.minOfVal.eq_2","Kant.Codec.minOfVal.eq_2","lean4","VALID","RequestProject/Kant/Codec/Model.lean","0","L0;","L0;","elaborated and checked by the Lean kernel","L1;S28;obj.Kant.Codec.minOfVal.eq_2","L1;S30;claim.Kant.Codec.minOfVal.eq_2","L0;","O4;4;kindS12;lean4-kernel6;digestS64;58b1c9058387b89f586e66c6e2b4f2fc6ac880000bdd7a958bc5ebd5ae41fe328;locationS36;RequestProject/Kant/Codec/Model.lean8;evidenceS15;MACHINE_CHECKED","RequestProject","O7;13;source_systemS5;lean411;source_fileS36;RequestProject/Kant/Codec/Model.lean13;source_formatS4;text11;imported_atI+0;14;transformed_atI+0;15;transformationsL0;13;parent_objectS0;","5191903f09edf64635a5aeda9e1cb95975743430190b8f20564f5971401959b3"
"proof.Kant.Dasl.daslHex.eq_1","Kant.Dasl.daslHex.eq_1","lean4","VALID","RequestProject/Kant/Dasl.lean","0","L0;","L0;","elaborated and checked by the Lean kernel","L1;S26;obj.Kant.Dasl.daslHex.eq_1","L1;S28;claim.Kant.Dasl.daslHex.eq_1","L0;","O4;4;kindS12;lean4-kernel6;digestS64;2e3913412736e577de3f8a362ce5c7b0e3324f76b9039da55f671d7fbd8e1e668;locationS29;RequestProject/Kant/Dasl.lean8;evidenceS15;MACHINE_CHECKED","RequestProject","O7;13;source_systemS5;lean411;source_fileS29;RequestProject/Kant/Dasl.lean13;source_formatS4;text11;imported_atI+0;14;transformed_atI+0;15;transformationsL0;13;parent_objectS0;","dcfcadf81980fd05b09628a81e9b5dc2bd29cf607b96b03f563d52a8679afafc"
"proof.Kant.Credits.Ledger.serve_valid","Kant.Credits.Ledger.serve_valid","lean4","VALID","RequestProject/Kant/Credits.lean","96","L1;S32;obj.Kant.Credits.Ledger.spendLog","L0;","elaborated and checked by the Lean kernel","L1;S35;obj.Kant.Credits.Ledger.serve_valid","L1;S37;claim.Kant.Credits.Ledger.serve_valid","L1;S34;proof.Kant.Credits.Ledger.spendLog","O4;4;kindS12;lean4-kernel6;digestS64;07ce22d7119a6adccd098521a87c1f83cb82d2259c5b8e163d0c08136ecc008d8;locationS32;RequestProject/Kant/Credits.lean8;evidenceS15;MACHINE_CHECKED","RequestProject","O7;13;source_systemS5;lean411;source_fileS32;RequestProject/Kant/Credits.lean13;source_formatS4;text11;imported_atI+0;14;transformed_atI+96;15;transformationsL0;13;parent_objectS0;","f8d0df7a8c9fafc3afcdf04a5de5001074cd945d635a86a9cf14d51597ec4676"
"proof.Kant.Wasm.Leb128.uleb.induct","Kant.Wasm.Leb128.uleb.induct","lean4","VALID","RequestProject/Wasm/Leb128.lean","0","L0;","L0;","elaborated and checked by the Lean kernel","L1;S32;obj.Kant.Wasm.Leb128.uleb.induct","L1;S34;claim.Kant.Wasm.Leb128.uleb.induct","L0;","O4;4;kindS12;lean4-kernel6;digestS64;4d5d5d21f5f6850c769c10956e5f5fc767c09051804daf5a5288ece991b54b658;locationS31;RequestProject/Wasm/Leb128.lean8;evidenceS15;MACHINE_CHECKED","RequestProject","O7;13;source_systemS5;lean411;source_fileS31;RequestProject/Wasm/Leb128.lean13;source_formatS4;text11;imported_atI+0;14;transformed_atI+0;15;transformationsL0;13;parent_objectS0;","c90f1deeaf4e20e20edc9ae1b8ad1f45e9ebbe1cd4a52e5c25b5a088e2aa4bbf"
"proof.Kant.Codec.xmlEnc.eq_6","Kant.Codec.xmlEnc.eq_6","lean4","VALID","RequestProject/Kant/Codec/Xml.lean","0","L1;S21;obj.Kant.Codec.xmlEnc","L0;","elaborated and checked by the Lean kernel","L1;S26;obj.Kant.Codec.xmlEnc.eq_6","L1;S28;claim.Kant.Codec.xmlEnc.eq_6","L1;S23;proof.Kant.Codec.xmlEnc","O4;4;kindS12;lean4-kernel6;digestS64;cea3d23b9121414ef395fae6bd484fd5cb0da08ae9181378c1440aecafa020078;locationS34;RequestProject/Kant/Codec/Xml.lean8;evidenceS15;MACHINE_CHECKED","RequestProject","O7;13;source_systemS5;lean411;source_fileS34;RequestProject/Kant/Codec/Xml.lean13;source_formatS4;text11;imported_atI+0;14;transformed_atI+0;15;transformationsL0;13;parent_objectS0;","62c11ad6f51da3ce2e611294965b75e1c233357c86666668f53060dc852a5ffb"
"proof.Kant.Erdfa.unescape.eq_def","Kant.Erdfa.unescape.eq_def","lean4","VALID","RequestProject/Kant/Erdfa.lean","0","L0;","L0;","elaborated and checked by the Lean kernel","L1;S30;obj.Kant.Erdfa.unescape.eq_def","L1;S32;claim.Kant.Erdfa.unescape.eq_def","L0;","O4;4;kindS12;lean4-kernel6;digestS64;bebfa9d5d48ff95da34a4a5f55cc469e648711e87645be87e86e001631486f808;locationS30;RequestProject/Kant/Erdfa.lean8;evidenceS15;MACHINE_CHECKED","RequestProject","O7;13;source_systemS5;lean411;source_fileS30;RequestProject/Kant/Erdfa.lean13;source_formatS4;text11;imported_atI+0;14;transformed_atI+0;15;transformationsL0;13;parent_objectS0;","24ea72cfb75557bbe7aef4709ccd4328654c79a628fb84a1459fb4d7d50a038e"
"proof.Kant.Dom.relationsTable_recovers","Kant.Dom.relationsTable_recovers","lean4","VALID","RequestProject/Kant/Domain/Table.lean","430","L1;S21;obj.Kant.Dom.mapM_map","L0;","elaborated and checked by the Lean kernel","L1;S36;obj.Kant.Dom.relationsTable_recovers","L1;S38;claim.Kant.Dom.relationsTable_recovers","L1;S23;proof.Kant.Dom.mapM_map","O4;4;kindS12;lean4-kernel6;digestS64;adae4cc495c141cb0047677b3a72f5941f2fdb9a524824890ec971ef95a6f84a8;locationS37;RequestProject/Kant/Domain/Table.lean8;evidenceS15;MACHINE_CHECKED","RequestProject","O7;13;source_systemS5;lean411;source_fileS37;RequestProject/Kant/Domain/Table.lean13;source_formatS4;text11;imported_atI+0;14;transformed_atI+430;15;transformationsL0;13;parent_objectS0;","2575015d7cc625054756f5468c5c0082185de166ffbbb23fe26f215136c8c43c"
"proof.Kant.Sync.has_sync_iff","Kant.Sync.has_sync_iff","lean4","VALID","RequestProject/Kant/Sync.lean","111","L0;","L0;","elaborated and checked by the Lean kernel","L1;S26;obj.Kant.Sync.has_sync_iff","L1;S28;claim.Kant.Sync.has_sync_iff","L0;","O4;4;kindS12;lean4-kernel6;digestS64;85a252a5acb3db0134b29e4cc0792562379431b07544658b28b33aabce9ef0e48;locationS29;RequestProject/Kant/Sync.lean8;evidenceS15;MACHINE_CHECKED","RequestProject","O7;13;source_systemS5;lean411;source_fileS29;RequestProject/Kant/Sync.lean13;source_formatS4;text11;imported_atI+0;14;transformed_atI+111;15;transformationsL0;13;parent_objectS0;","e13c2ebe8bd6128dc910f867fbd50d4a3cc5a6021c93dbc71ce28c41ece03204"
"proof.Kant.CodeMovie.Circuit.tokens.eq_3","Kant.CodeMovie.Circuit.tokens.eq_3","lean4","VALID","RequestProject/Kant/CodeMovie.lean","0","L0;","L0;","elaborated and checked by the Lean kernel","L1;S38;obj.Kant.CodeMovie.Circuit.tokens.eq_3","L1;S40;claim.Kant.CodeMovie.Circuit.tokens.eq_3","L0;","O4;4;kindS12;lean4-kernel6;digestS64;60663153b80789f4e41f712cf10bdecbf78282d6d81cd312ba09f1171f0133218;locationS34;RequestProject/Kant/CodeMovie.lean8;evidenceS15;MACHINE_CHECKED","RequestProject","O7;13;source_systemS5;lean411;source_fileS34;RequestProject/Kant/CodeMovie.lean13;source_formatS4;text11;imported_atI+0;14;transformed_atI+0;15;transformationsL0;13;parent_objectS0;","b8a360466b1060ee87e5adde33fa070150cd2339ab257f48621d5908678985db"
"proof.Kant.PlainText.Meta.Wf.posted","Kant.PlainText.Meta.Wf.posted","lean4","VALID","RequestProject/Kant/PlainText.lean","108","L0;","L0;","elaborated and checked by the Lean kernel","L1;S33;obj.Kant.PlainText.Meta.Wf.posted","L1;S35;claim.Kant.PlainText.Meta.Wf.posted","L0;","O4;4;kindS12;lean4-kernel6;digestS64;bcce8531f8d843cc51f4493354daf0af12aaa8245c875c56dca8cca5f85ceab18;locationS34;RequestProject/Kant/PlainText.lean8;evidenceS15;MACHINE_CHECKED","RequestProject","O7;13;source_systemS5;lean411;source_fileS34;RequestProject/Kant/PlainText.lean13;source_formatS4;text11;imported_atI+0;14;transformed_atI+108;15;transformationsL0;13;parent_objectS0;","da1c2df0ec2b36ecd770e2938688e97f8990993771f8fed206ce400ee045efe5"
"proof.Kant.Clipboard.pasteReceipt_copyReceipt","Kant.Clipboard.pasteReceipt_copyReceipt","lean4","VALID","RequestProject/Kant/Clipboard.lean","318","L0;","L0;","elaborated and checked by the Lean kernel","L1;S43;obj.Kant.Clipboard.pasteReceipt_copyReceipt","L1;S45;claim.Kant.Clipboard.pasteReceipt_copyReceipt","L0;","O4;4;kindS12;lean4-kernel6;digestS64;23bc521243a19a15e43ebb45ca958b62d7fb94f9933194db2a128c29bb6438f08;locationS34;RequestProject/Kant/Clipboard.lean8;evidenceS15;MACHINE_CHECKED","RequestProject","O7;13;source_systemS5;lean411;source_fileS34;RequestProject/Kant/Clipboard.lean13;source_formatS4;text11;imported_atI+0;14;transformed_atI+318;15;transformationsL0;13;parent_objectS0;","7fa6db853c01b19d8ea994af0ae3c92afe1c2c6647fa40f77f74f8efafddae04"
"proof.Kant.Codec.readQuoted_esc","Kant.Codec.readQuoted_esc","lean4","VALID","RequestProject/Kant/Codec/Yaml.lean","65","L0;","L0;","elaborated and checked by the Lean kernel","L1;S29;obj.Kant.Codec.readQuoted_esc","L1;S31;claim.Kant.Codec.readQuoted_esc","L0;","O4;4;kindS12;lean4-kernel6;digestS64;dd99c2a3b69ee14c5f60e356394e7703cd78865ff8002822cccce6efe421c6518;locationS35;RequestProject/Kant/Codec/Yaml.lean8;evidenceS15;MACHINE_CHECKED","RequestProject","O7;13;source_systemS5;lean411;source_fileS35;RequestProject/Kant/Codec/Yaml.lean13;source_formatS4;text11;imported_atI+0;14;transformed_atI+65;15;transformationsL0;13;parent_objectS0;","30f657df3e6638c842e8f0c1f241a94b62843dfbccc7b4ce48977515d2008cd1"
"proof.Kant.Codec.Status.error.sizeOf_spec","Kant.Codec.Status.error.sizeOf_spec","lean4","VALID","RequestProject/Kant/Codec/Model.lean","0","L0;","L0;","elaborated and checked by the Lean kernel","L1;S39;obj.Kant.Codec.Status.error.sizeOf_spec","L1;S41;claim.Kant.Codec.Status.error.sizeOf_spec","L0;","O4;4;kindS12;lean4-kernel6;digestS64;509b90a2976db963addb910de19c92f00bfc213d4f8a510984e6f9447691df168;locationS36;RequestProject/Kant/Codec/Model.lean8;evidenceS15;MACHINE_CHECKED","RequestProject","O7;13;source_systemS5;lean411;source_fileS36;RequestProject/Kant/Codec/Model.lean13;source_formatS4;text11;imported_atI+0;14;transformed_atI+0;15;transformationsL0;13;parent_objectS0;","023f65ea243462ddacf77ba58a006b6a8bfb9610aa44b1b779ea1d32c37c0c44"
"proof.Kant.Codec.ipdlAnnotKey.eq_1","Kant.Codec.ipdlAnnotKey.eq_1","lean4","VALID","RequestProject/Kant/Codec/Ipdl.lean","0","L0;","L0;","elaborated and checked by the Lean kernel","L1;S32;obj.Kant.Codec.ipdlAnnotKey.eq_1","L1;S34;claim.Kant.Codec.ipdlAnnotKey.eq_1","L0;","O4;4;kindS12;lean4-kernel6;digestS64;3fa75eca2dd9c245542306982d68a452150725784d6b245f4631b344137c53ec8;locationS35;RequestProject/Kant/Codec/Ipdl.lean8;evidenceS15;MACHINE_CHECKED","RequestProject","O7;13;source_systemS5;lean411;source_fileS35;RequestProject/Kant/Codec/Ipdl.lean13;source_formatS4;text11;imported_atI+0;14;transformed_atI+0;15;transformationsL0;13;parent_objectS0;","1b8b197e0fdd18b45c5acacefef62d1733cbd7fef9b851faa2524fa0f972b35d"
"proof.Kant.Text.isAscii_sep","Kant.Text.isAscii_sep","lean4","VALID","RequestProject/Kant/Text.lean","233","L0;","L0;","elaborated and checked by the Lean kernel","L1;S25;obj.Kant.Text.isAscii_sep","L1;S27;claim.Kant.Text.isAscii_sep","L0;","O4;4;kindS12;lean4-kernel6;digestS64;d95efba53e8c4209b5e6ae5231e5d1f65fbd2c42fcd68623f067f9f2945d06908;locationS29;RequestProject/Kant/Text.lean8;evidenceS15;MACHINE_CHECKED","RequestProject","O7;13;source_systemS5;lean411;source_fileS29;RequestProject/Kant/Text.lean13;source_formatS4;text11;imported_atI+0;14;transformed_atI+233;15;transformationsL0;13;parent_objectS0;","91000fb51fc85043eea9f2966e573760c395d4404ae595492e88c8b140663866"
"proof.Kant.Dasl.reflect59_period","Kant.Dasl.reflect59_period","lean4","VALID","RequestProject/Kant/Dasl.lean","253","L0;","L0;","elaborated and checked by the Lean kernel","L1;S30;obj.Kant.Dasl.reflect59_period","L1;S32;claim.Kant.Dasl.reflect59_period","L0;","O4;4;kindS12;lean4-kernel6;digestS64;ab46451113aba9bca0d6a0b4db96fba76a4c9f206c0ebf068806dea5f85541298;locationS29;RequestProject/Kant/Dasl.lean8;evidenceS15;MACHINE_CHECKED","RequestProject","O7;13;source_systemS5;lean411;source_fileS29;RequestProject/Kant/Dasl.lean13;source_formatS4;text11;imported_atI+0;14;transformed_atI+253;15;transformationsL0;13;parent_objectS0;","50b80315849272cc7ac4fa88a6a51c8f7b3ff9b8934f771204c3d9acda85fb55"
"proof.Kant.Codec.Outp.ofVal.eq_1","Kant.Codec.Outp.ofVal.eq_1","lean4","VALID","RequestProject/Kant/Codec/Model.lean","0","L0;","L0;","elaborated and checked by the Lean kernel","L1;S30;obj.Kant.Codec.Outp.ofVal.eq_1","L1;S32;claim.Kant.Codec.Outp.ofVal.eq_1","L0;","O4;4;kindS12;lean4-kernel6;digestS64;ab1457109b6c9efbe9aa6c7a5c8a338ce851a8580d03bac9741f822a1aff18f28;locationS36;RequestProject/Kant/Codec/Model.lean8;evidenceS15;MACHINE_CHECKED","RequestProject","O7;13;source_systemS5;lean411;source_fileS36;RequestProject/Kant/Codec/Model.lean13;source_formatS4;text11;imported_atI+0;14;transformed_atI+0;15;transformationsL0;13;parent_objectS0;","961a7ad2e0d111d408ef3b5dd080b0a7b1857c12a6b6e33a6289bd24fc721a8d"
"proof.Kant.Wasm.Expr.eval.eq_def","Kant.Wasm.Expr.eval.eq_def","lean4","VALID","RequestProject/Wasm/Semantics.lean","0","L2;S19;obj.Kant.Wasm.BinOpS24;obj.Kant.Wasm.Expr.below","L0;","elaborated and checked by the Lean kernel","L1;S30;obj.Kant.Wasm.Expr.eval.eq_def","L1;S32;claim.Kant.Wasm.Expr.eval.eq_def","L2;S21;proof.Kant.Wasm.BinOpS26;proof.Kant.Wasm.Expr.below","O4;4;kindS12;lean4-kernel6;digestS64;1d87027698e393c1d96e4b0f5828f42ad367f5a3b7e7ae63bb5fa4ae19fbf5148;locationS34;RequestProject/Wasm/Semantics.lean8;evidenceS15;MACHINE_CHECKED","RequestProject","O7;13;source_systemS5;lean411;source_fileS34;RequestProject/Wasm/Semantics.lean13;source_formatS4;text11;imported_atI+0;14;transformed_atI+0;15;transformationsL0;13;parent_objectS0;","d065b5428a20e0ac99ec477563248abf4e2d00bd9a2661926f3888cd5b683aa5"
"proof.Kant.Handoff.run_mem","Kant.Handoff.run_mem","lean4","VALID","RequestProject/Kant/Handoff.lean","144","L3;S24;obj.Kant.Uucp.Node.WiredS32;obj.Kant.Uucp.Node.mem_paste_iffS29;obj.Kant.Relay.mem_transcript","L0;","elaborated and checked by the Lean kernel","L1;S24;obj.Kant.Handoff.run_mem","L1;S26;claim.Kant.Handoff.run_mem","L3;S26;proof.Kant.Uucp.Node.WiredS34;proof.Kant.Uucp.Node.mem_paste_iffS31;proof.Kant.Relay.mem_transcript","O4;4;kindS12;lean4-kernel6;digestS64;2083b251837955d9ecb5ab71339e5d8ee344ec404b1a87c350779565913d7bd88;locationS32;RequestProject/Kant/Handoff.lean8;evidenceS15;MACHINE_CHECKED","RequestProject","O7;13;source_systemS5;lean411;source_fileS32;RequestProject/Kant/Handoff.lean13;source_formatS4;text11;imported_atI+0;14;transformed_atI+144;15;transformationsL0;13;parent_objectS0;","8b7f0618aa4dbe6a9edea79e329670fd6b4a1e4999c320c407bd457fdc7a9f57"
"proof.Kant.Wasm.Expr.const.sizeOf_spec","Kant.Wasm.Expr.const.sizeOf_spec","lean4","VALID","RequestProject/Wasm/Syntax.lean","0","L0;","L0;","elaborated and checked by the Lean kernel","L1;S36;obj.Kant.Wasm.Expr.const.sizeOf_spec","L1;S38;claim.Kant.Wasm.Expr.const.sizeOf_spec","L0;","O4;4;kindS12;lean4-kernel6;digestS64;447f7f614a05ae6b7c92d78bf061715c6c24956099321799900370e58770da728;locationS31;RequestProject/Wasm/Syntax.lean8;evidenceS15;MACHINE_CHECKED","RequestProject","O7;13;source_systemS5;lean411;source_fileS31;RequestProject/Wasm/Syntax.lean13;source_formatS4;text11;imported_atI+0;14;transformed_atI+0;15;transformationsL0;13;parent_objectS0;","7cbf888c18580cc56fb551ba90f38fe27e9cc0b754ee4a3fd41a7c4209440a5c"
"proof.Kant.Uucp.isAscii_packBag","Kant.Uucp.isAscii_packBag","lean4","VALID","RequestProject/Kant/Uucp.lean","133","L0;","L0;","elaborated and checked by the Lean kernel","L1;S29;obj.Kant.Uucp.isAscii_packBag","L1;S31;claim.Kant.Uucp.isAscii_packBag","L0;","O4;4;kindS12;lean4-kernel6;digestS64;50b072551ceac286b5e7409e459878953c341d829e1b62786806523221af1c3f8;locationS29;RequestProject/Kant/Uucp.lean8;evidenceS15;MACHINE_CHECKED","RequestProject","O7;13;source_systemS5;lean411;source_fileS29;RequestProject/Kant/Uucp.lean13;source_formatS4;text11;imported_atI+0;14;transformed_atI+133;15;transformationsL0;13;parent_objectS0;","275babcb83d1e59b76a20702ba3b699822bc6fe673cdd6a12020375ed75b8c1e"
"proof.Kant.Codec.csvHeader.eq_1","Kant.Codec.csvHeader.eq_1","lean4","VALID","RequestProject/Kant/Codec/RawText.lean","0","L0;","L0;","elaborated and checked by the Lean kernel","L1;S29;obj.Kant.Codec.csvHeader.eq_1","L1;S31;claim.Kant.Codec.csvHeader.eq_1","L0;","O4;4;kindS12;lean4-kernel6;digestS64;1312fc5d3369b85635f2efd511559539085f442feaba8b90b8e58b83ab2dbaf38;locationS38;RequestProject/Kant/Codec/RawText.lean8;evidenceS15;MACHINE_CHECKED","RequestProject","O7;13;source_systemS5;lean411;source_fileS38;RequestProject/Kant/Codec/RawText.lean13;source_formatS4;text11;imported_atI+0;14;transformed_atI+0;15;transformationsL0;13;parent_objectS0;","18fb9637a00e37b65a08e651da612209230fd4146fc2d5d01ba8e1332d7149a3"
"proof.Kant.Wasm.Kernel.fnvOffsetE.eq_1","Kant.Wasm.Kernel.fnvOffsetE.eq_1","lean4","VALID","RequestProject/Wasm/KernelSpec.lean","0","L0;","L0;","elaborated and checked by the Lean kernel","L1;S36;obj.Kant.Wasm.Kernel.fnvOffsetE.eq_1","L1;S38;claim.Kant.Wasm.Kernel.fnvOffsetE.eq_1","L0;","O4;4;kindS12;lean4-kernel6;digestS64;dab84e33c427a5ef4d81335a9e9f1bdcd55b20793f45eb5546814238533459c28;locationS35;RequestProject/Wasm/KernelSpec.lean8;evidenceS15;MACHINE_CHECKED","RequestProject","O7;13;source_systemS5;lean411;source_fileS35;RequestProject/Wasm/KernelSpec.lean13;source_formatS4;text11;imported_atI+0;14;transformed_atI+0;15;transformationsL0;13;parent_objectS0;","83f690ad13dd73a76ed7e2f1e209b2a4d63cc4e369dcb9ad3b96efa15f4ffcaa"
"proof.Kant.Uucp.Node.mem_paste_iff","Kant.Uucp.Node.mem_paste_iff","lean4","VALID","RequestProject/Kant/Uucp.lean","414","L0;","L0;","elaborated and checked by the Lean kernel","L1;S32;obj.Kant.Uucp.Node.mem_paste_iff","L1;S34;claim.Kant.Uucp.Node.mem_paste_iff","L0;","O4;4;kindS12;lean4-kernel6;digestS64;3c10ef4005b3963014a5d0029ae4fe37e7c3d2f7b2fb871e02dbb1654a3a192d8;locationS29;RequestProject/Kant/Uucp.lean8;evidenceS15;MACHINE_CHECKED","RequestProject","O7;13;source_systemS5;lean411;source_fileS29;RequestProject/Kant/Uucp.lean13;source_formatS4;text11;imported_atI+0;14;transformed_atI+414;15;transformationsL0;13;parent_objectS0;","c8ae412103ee751ef27c81c543409561f7606626cf9dcbd8f999d314a892319b"
"proof.Kant.Codec.project.eq_5","Kant.Codec.project.eq_5","lean4","VALID","RequestProject/Kant/Codec/Ipdl.lean","0","L0;","L0;","elaborated and checked by the Lean kernel","L1;S27;obj.Kant.Codec.project.eq_5","L1;S29;claim.Kant.Codec.project.eq_5","L0;","O4;4;kindS12;lean4-kernel6;digestS64;3c6924dcadb6bdae723682f6fd3e7f55a140a47c48135218a9829b4198ac24078;locationS35;RequestProject/Kant/Codec/Ipdl.lean8;evidenceS15;MACHINE_CHECKED","RequestProject","O7;13;source_systemS5;lean411;source_fileS35;RequestProject/Kant/Codec/Ipdl.lean13;source_formatS4;text11;imported_atI+0;14;transformed_atI+0;15;transformationsL0;13;parent_objectS0;","f1fe61c889430900f748f13426060c6329d36f4129c443c6b2d565ab63f56b29"
"proof.Kant.Dom.Relation.ofVal_toVal","Kant.Dom.Relation.ofVal_toVal","lean4","VALID","RequestProject/Kant/Domain/Model.lean","525","L0;","L0;","elaborated and checked by the Lean kernel","L1;S33;obj.Kant.Dom.Relation.ofVal_toVal","L1;S35;claim.Kant.Dom.Relation.ofVal_toVal","L0;","O4;4;kindS12;lean4-kernel6;digestS64;11fab9da308dad19ddebc8530129a5f2ddfdf678c3acd443afdc1a4502cf75948;locationS37;RequestProject/Kant/Domain/Model.lean8;evidenceS15;MACHINE_CHECKED","RequestProject","O7;13;source_systemS5;lean411;source_fileS37;RequestProject/Kant/Domain/Model.lean13;source_formatS4;text11;imported_atI+0;14;transformed_atI+525;15;transformationsL0;13;parent_objectS0;","1459ecc11f958354e030c044baef7a57eabcb0e4e376545a250341ba780926dd"
"proof.Kant.Wasm.exec_append","Kant.Wasm.exec_append","lean4","VALID","RequestProject/Wasm/Semantics.lean","63","L1;S26;obj.Kant.Wasm.exec.match_1","L0;","elaborated and checked by the Lean kernel","L1;S25;obj.Kant.Wasm.exec_append","L1;S27;claim.Kant.Wasm.exec_append","L1;S28;proof.Kant.Wasm.exec.match_1","O4;4;kindS12;lean4-kernel6;digestS64;a21bf474f3a7eb2a3ab51f0021b7430913e80ef965015ad425efda116aca276b8;locationS34;RequestProject/Wasm/Semantics.lean8;evidenceS15;MACHINE_CHECKED","RequestProject","O7;13;source_systemS5;lean411;source_fileS34;RequestProject/Wasm/Semantics.lean13;source_formatS4;text11;imported_atI+0;14;transformed_atI+63;15;transformationsL0;13;parent_objectS0;","8e0dcde5885f27f728d37eb97fb1b704ecfddbc819a6985d75e361a93607d86a"
"proof.Kant.Wasm.Expr.compile.eq_def","Kant.Wasm.Expr.compile.eq_def","lean4","VALID","RequestProject/Wasm/Semantics.lean","0","L2;S19;obj.Kant.Wasm.BinOpS24;obj.Kant.Wasm.Expr.below","L0;","elaborated and checked by the Lean kernel","L1;S33;obj.Kant.Wasm.Expr.compile.eq_def","L1;S35;claim.Kant.Wasm.Expr.compile.eq_def","L2;S21;proof.Kant.Wasm.BinOpS26;proof.Kant.Wasm.Expr.below","O4;4;kindS12;lean4-kernel6;digestS64;1d91bbf797a6199c57087cbcf86e006355b37de1e301cdf2991cc90000fe3e718;locationS34;RequestProject/Wasm/Semantics.lean8;evidenceS15;MACHINE_CHECKED","RequestProject","O7;13;source_systemS5;lean411;source_fileS34;RequestProject/Wasm/Semantics.lean13;source_formatS4;text11;imported_atI+0;14;transformed_atI+0;15;transformationsL0;13;parent_objectS0;","886ca4b846ca0b02a635fc19021d8b158a1cec69247a311cb6d66ef32c1b55af"
"proof.Kant.Dom.catalog_wf","Kant.Dom.catalog_wf","lean4","VALID","RequestProject/Kant/Domain/Catalog.lean","287","L1;S21;obj.Kant.Dom.declCert","L0;","elaborated and checked by the Lean kernel","L1;S23;obj.Kant.Dom.catalog_wf","L1;S25;claim.Kant.Dom.catalog_wf","L1;S23;proof.Kant.Dom.declCert","O4;4;kindS12;lean4-kernel6;digestS64;b2c1de69ad5c99735a4ce16011e758f0a00c805feb07fa51224deee1dacb812e8;locationS39;RequestProject/Kant/Domain/Catalog.lean8;evidenceS15;MACHINE_CHECKED","RequestProject","O7;13;source_systemS5;lean411;source_fileS39;RequestProject/Kant/Domain/Catalog.lean13;source_formatS4;text11;imported_atI+0;14;transformed_atI+287;15;transformationsL0;13;parent_objectS0;","ddf0c030899d3fc07083835d540ef4c39ab13355512665065d0ecab76e0e9d09"
"proof.Kant.Meme.payload_lt_256","Kant.Meme.payload_lt_256","lean4","VALID","RequestProject/Kant/Meme.lean","96","L2;S21;obj.Kant.Meme.payloadS23;obj.Kant.Text.charCodes","L0;","elaborated and checked by the Lean kernel","L1;S28;obj.Kant.Meme.payload_lt_256","L1;S30;claim.Kant.Meme.payload_lt_256","L2;S23;proof.Kant.Meme.payloadS25;proof.Kant.Text.charCodes","O4;4;kindS12;lean4-kernel6;digestS64;271e531aca3c929cdb92e9a8256a1c57a5b8846709ac0c3e50f1669aa83977418;locationS29;RequestProject/Kant/Meme.lean8;evidenceS15;MACHINE_CHECKED","RequestProject","O7;13;source_systemS5;lean411;source_fileS29;RequestProject/Kant/Meme.lean13;source_formatS4;text11;imported_atI+0;14;transformed_atI+96;15;transformationsL0;13;parent_objectS0;","7a79cbc809ee7902ad96731b8b341e85dfc2ea30c915083cd6129de359f1b63f"
"proof.Kant.Dom.traversal_round_trip","Kant.Dom.traversal_round_trip","lean4","VALID","RequestProject/Kant/Domain/Ledger.lean","364","L0;","L0;","elaborated and checked by the Lean kernel","L1;S33;obj.Kant.Dom.traversal_round_trip","L1;S35;claim.Kant.Dom.traversal_round_trip","L0;","O4;4;kindS12;lean4-kernel6;digestS64;5ea5eb7a1d9b7f30a143e71e9d8779b7263fef8b924923e2fa04e69b5f913d998;locationS38;RequestProject/Kant/Domain/Ledger.lean8;evidenceS15;MACHINE_CHECKED","RequestProject","O7;13;source_systemS5;lean411;source_fileS38;RequestProject/Kant/Domain/Ledger.lean13;source_formatS4;text11;imported_atI+0;14;transformed_atI+364;15;transformationsL0;13;parent_objectS0;","be0e56c91f5a12dfe5b54e48adb665ccd33ffe7c2ce7e9c50b9226c3697205b2"
"proof.Kant.Sheaf.DaslType.enumList_nodup","Kant.Sheaf.DaslType.enumList_nodup","lean4","VALID","RequestProject/Kant/Sheaf.lean","0","L0;","L0;","elaborated and checked by the Lean kernel","L1;S38;obj.Kant.Sheaf.DaslType.enumList_nodup","L1;S40;claim.Kant.Sheaf.DaslType.enumList_nodup","L0;","O4;4;kindS12;lean4-kernel6;digestS64;d952fad1fb04f200e59a05bf877c7df3d042c8acad35cfa6b962f1f859aeb3198;locationS30;RequestProject/Kant/Sheaf.lean8;evidenceS15;MACHINE_CHECKED","RequestProject","O7;13;source_systemS5;lean411;source_fileS30;RequestProject/Kant/Sheaf.lean13;source_formatS4;text11;imported_atI+0;14;transformed_atI+0;15;transformationsL0;13;parent_objectS0;","7c8dd48857e1899864504336f325aeeb28dcb37236d1c3be5c60958eb038f191"
"proof.Kant.Rendezvous.addrField.eq_1","Kant.Rendezvous.addrField.eq_1","lean4","VALID","RequestProject/Kant/Rendezvous.lean","0","L0;","L0;","elaborated and checked by the Lean kernel","L1;S34;obj.Kant.Rendezvous.addrField.eq_1","L1;S36;claim.Kant.Rendezvous.addrField.eq_1","L0;","O4;4;kindS12;lean4-kernel6;digestS64;dc307b52f2c26eb665da2845c611e3bde9e4a6f3bf2085d8d3ea2799646be9a78;locationS35;RequestProject/Kant/Rendezvous.lean8;evidenceS15;MACHINE_CHECKED","RequestProject","O7;13;source_systemS5;lean411;source_fileS35;RequestProject/Kant/Rendezvous.lean13;source_formatS4;text11;imported_atI+0;14;transformed_atI+0;15;transformationsL0;13;parent_objectS0;","5c434b9c9be86e3e0f7a3f2475a4f8e15960af4ddaab7038d29f02d4b307bddb"
"proof.Kant.Dasl.monsterOrder_eq","Kant.Dasl.monsterOrder_eq","lean4","VALID","RequestProject/Kant/Dasl.lean","66","L0;","L0;","elaborated and checked by the Lean kernel","L1;S29;obj.Kant.Dasl.monsterOrder_eq","L1;S31;claim.Kant.Dasl.monsterOrder_eq","L0;","O4;4;kindS12;lean4-kernel6;digestS64;9c00609a682081c14cdb4ac7c9ddbbce46212c32c7cc929bdb9810394afc36a88;locationS29;RequestProject/Kant/Dasl.lean8;evidenceS15;MACHINE_CHECKED","RequestProject","O7;13;source_systemS5;lean411;source_fileS29;RequestProject/Kant/Dasl.lean13;source_formatS4;text11;imported_atI+0;14;transformed_atI+66;15;transformationsL0;13;parent_objectS0;","4154ccfbc871060d5d0f11794131908aaf2ca2b6cde619072aded2604e7d1404"
"proof.Kant.Dasl.tenfoldCoords_length","Kant.Dasl.tenfoldCoords_length","lean4","VALID","RequestProject/Kant/Dasl.lean","302","L0;","L0;","elaborated and checked by the Lean kernel","L1;S34;obj.Kant.Dasl.tenfoldCoords_length","L1;S36;claim.Kant.Dasl.tenfoldCoords_length","L0;","O4;4;kindS12;lean4-kernel6;digestS64;4e2d1f6d37b73a34dd63204559182ac7dc1f76af1f0f0b5a1806184bf088dd6d8;locationS29;RequestProject/Kant/Dasl.lean8;evidenceS15;MACHINE_CHECKED","RequestProject","O7;13;source_systemS5;lean411;source_fileS29;RequestProject/Kant/Dasl.lean13;source_formatS4;text11;imported_atI+0;14;transformed_atI+302;15;transformationsL0;13;parent_objectS0;","ad9d5f9745e411815b2cfccc0d8c5a5edc0298f69c91397b7deef2b0b60a1dd8"
"proof.Kant.Wasm.Module.mk.sizeOf_spec","Kant.Wasm.Module.mk.sizeOf_spec","lean4","VALID","RequestProject/Wasm/Syntax.lean","0","L0;","L0;","elaborated and checked by the Lean kernel","L1;S35;obj.Kant.Wasm.Module.mk.sizeOf_spec","L1;S37;claim.Kant.Wasm.Module.mk.sizeOf_spec","L0;","O4;4;kindS12;lean4-kernel6;digestS64;2bba758711c92ee84c58900b8b683617812cdc68082d419eb61cf607e741da958;locationS31;RequestProject/Wasm/Syntax.lean8;evidenceS15;MACHINE_CHECKED","RequestProject","O7;13;source_systemS5;lean411;source_fileS31;RequestProject/Wasm/Syntax.lean13;source_formatS4;text11;imported_atI+0;14;transformed_atI+0;15;transformationsL0;13;parent_objectS0;","8dc1247e5f244ce71080823508e66c2455ee58f2b5fcee2d885b6ab106d46cea"
"proof.Kant.Wasm.Instr.localGet.injEq","Kant.Wasm.Instr.localGet.injEq","lean4","VALID","RequestProject/Wasm/Syntax.lean","0","L0;","L0;","elaborated and checked by the Lean kernel","L1;S34;obj.Kant.Wasm.Instr.localGet.injEq","L1;S36;claim.Kant.Wasm.Instr.localGet.injEq","L0;","O4;4;kindS12;lean4-kernel6;digestS64;d7002809326c1c474f4e39d1f24405f069dc99eb84fe639d6725360a5daa60be8;locationS31;RequestProject/Wasm/Syntax.lean8;evidenceS15;MACHINE_CHECKED","RequestProject","O7;13;source_systemS5;lean411;source_fileS31;RequestProject/Wasm/Syntax.lean13;source_formatS4;text11;imported_atI+0;14;transformed_atI+0;15;transformationsL0;13;parent_objectS0;","12079bfe7cf24cc8b34f8552da7a386b60df3215e800f08ebb9feac170449fb1"
"proof.Kant.Dom.derived_input","Kant.Dom.derived_input","lean4","VALID","RequestProject/Kant/Domain/Ledger.lean","409","L0;","L0;","elaborated and checked by the Lean kernel","L1;S26;obj.Kant.Dom.derived_input","L1;S28;claim.Kant.Dom.derived_input","L0;","O4;4;kindS12;lean4-kernel6;digestS64;54553c7f6335f0b99297e0f42b72ba06c975d75ee0068de3541dd98eabc4c4308;locationS38;RequestProject/Kant/Domain/Ledger.lean8;evidenceS15;MACHINE_CHECKED","RequestProject","O7;13;source_systemS5;lean411;source_fileS38;RequestProject/Kant/Domain/Ledger.lean13;source_formatS4;text11;imported_atI+0;14;transformed_atI+409;15;transformationsL0;13;parent_objectS0;","9ed9bf59b320c3fae4af745fe8cd6eed9f3348e8130b72d48916982b24bb1c47"
"proof.Kant.Codec.yamlEncFields.eq_3","Kant.Codec.yamlEncFields.eq_3","lean4","VALID","RequestProject/Kant/Codec/Yaml.lean","0","L1;S35;obj.Kant.Codec.yamlEncFields.eq_def","L0;","elaborated and checked by the Lean kernel","L1;S33;obj.Kant.Codec.yamlEncFields.eq_3","L1;S35;claim.Kant.Codec.yamlEncFields.eq_3","L1;S37;proof.Kant.Codec.yamlEncFields.eq_def","O4;4;kindS12;lean4-kernel6;digestS64;ec1a2a61f69b9f7575475e3cd26001ee473fb3a1c12b18bf943cdb39a3b42d408;locationS35;RequestProject/Kant/Codec/Yaml.lean8;evidenceS15;MACHINE_CHECKED","RequestProject","O7;13;source_systemS5;lean411;source_fileS35;RequestProject/Kant/Codec/Yaml.lean13;source_formatS4;text11;imported_atI+0;14;transformed_atI+0;15;transformationsL0;13;parent_objectS0;","cbde11045398933c41bfa6c162bf3c3f9ec74d7d4f7229420df0b2f7f5e7cb45"
"proof.Kant.Relay.acceptPeers.eq_1","Kant.Relay.acceptPeers.eq_1","lean4","VALID","RequestProject/Kant/Relay.lean","0","L1;S28;obj.Kant.Rendezvous.Announce","L0;","elaborated and checked by the Lean kernel","L1;S31;obj.Kant.Relay.acceptPeers.eq_1","L1;S33;claim.Kant.Relay.acceptPeers.eq_1","L1;S30;proof.Kant.Rendezvous.Announce","O4;4;kindS12;lean4-kernel6;digestS64;dbfa1c224b025483f9acb7a754a235441d32a8a7685bb0f9e77425c0f4fec7728;locationS30;RequestProject/Kant/Relay.lean8;evidenceS15;MACHINE_CHECKED","RequestProject","O7;13;source_systemS5;lean411;source_fileS30;RequestProject/Kant/Relay.lean13;source_formatS4;text11;imported_atI+0;14;transformed_atI+0;15;transformationsL0;13;parent_objectS0;","e183a29f977021f188f416aaef757f5eb9d13614d1bad38b9ee691bc95ab11f8"
"proof.Kant.CardDebug.Pairing.noMeetingPoint.sizeOf_spec","Kant.CardDebug.Pairing.noMeetingPoint.sizeOf_spec","lean4","VALID","RequestProject/Kant/CardDebug.lean","0","L0;","L0;","elaborated and checked by the Lean kernel","L1;S53;obj.Kant.CardDebug.Pairing.noMeetingPoint.sizeOf_spec","L1;S55;claim.Kant.CardDebug.Pairing.noMeetingPoint.sizeOf_spec","L0;","O4;4;kindS12;lean4-kernel6;digestS64;ca112e95fe40021443b3f4ccbce1f6d74b4209ce532a469af61ad427c1ff6add8;locationS34;RequestProject/Kant/CardDebug.lean8;evidenceS15;MACHINE_CHECKED","RequestProject","O7;13;source_systemS5;lean411;source_fileS34;RequestProject/Kant/CardDebug.lean13;source_formatS4;text11;imported_atI+0;14;transformed_atI+0;15;transformationsL0;13;parent_objectS0;","7c42f41f4f99b13bca498c56823dd7c870631e57db6c81214c84b546fff2d32e"
"proof.Kant.Codec.validSyntax.eq_1","Kant.Codec.validSyntax.eq_1","lean4","VALID","RequestProject/Kant/Codec/Exchange.lean","0","L0;","L0;","elaborated and checked by the Lean kernel","L1;S31;obj.Kant.Codec.validSyntax.eq_1","L1;S33;claim.Kant.Codec.validSyntax.eq_1","L0;","O4;4;kindS12;lean4-kernel6;digestS64;2d7bbe1552b69a4dd5f1335fc653021e717fae8f20a86017c6d347d9eaf477208;locationS39;RequestProject/Kant/Codec/Exchange.lean8;evidenceS15;MACHINE_CHECKED","RequestProject","O7;13;source_systemS5;lean411;source_fileS39;RequestProject/Kant/Codec/Exchange.lean13;source_formatS4;text11;imported_atI+0;14;transformed_atI+0;15;transformationsL0;13;parent_objectS0;","b7ed910b97c5949b361b66111611453803dc22a162f063e147b8207c47092ffe"
"proof.Kant.Dasl.dual47_period","Kant.Dasl.dual47_period","lean4","VALID","RequestProject/Kant/Dasl.lean","257","L0;","L0;","elaborated and checked by the Lean kernel","L1;S27;obj.Kant.Dasl.dual47_period","L1;S29;claim.Kant.Dasl.dual47_period","L0;","O4;4;kindS12;lean4-kernel6;digestS64;3665b9633d1de14ccafbafe8bd6b0e0f4bb279ff92cc21d6fb741cfedc97f8d18;locationS29;RequestProject/Kant/Dasl.lean8;evidenceS15;MACHINE_CHECKED","RequestProject","O7;13;source_systemS5;lean411;source_fileS29;RequestProject/Kant/Dasl.lean13;source_formatS4;text11;imported_atI+0;14;transformed_atI+257;15;transformationsL0;13;parent_objectS0;","0078f8dde218e52aee397fde45efb54ddf35697dbff378e4b2ab95252d4b4987"
"proof.Kant.Relay.mem_accept_iff","Kant.Relay.mem_accept_iff","lean4","VALID","RequestProject/Kant/Relay.lean","276","L1;S23;obj.Kant.Relay.parseMsg","L0;","elaborated and checked by the Lean kernel","L1;S29;obj.Kant.Relay.mem_accept_iff","L1;S31;claim.Kant.Relay.mem_accept_iff","L1;S25;proof.Kant.Relay.parseMsg","O4;4;kindS12;lean4-kernel6;digestS64;13dcd2f77c70acf2626db605a56af0719d908976cb0505b4475b6240ea0f65bb8;locationS30;RequestProject/Kant/Relay.lean8;evidenceS15;MACHINE_CHECKED","RequestProject","O7;13;source_systemS5;lean411;source_fileS30;RequestProject/Kant/Relay.lean13;source_formatS4;text11;imported_atI+0;14;transformed_atI+276;15;transformationsL0;13;parent_objectS0;","8bdc1ee6cd2030bfa2c9f8a4c0362e6cd38d350b753573e5c2257516b43c2e12"
"proof.Kant.Dom.Event.inferredBy.sizeOf_spec","Kant.Dom.Event.inferredBy.sizeOf_spec","lean4","VALID","RequestProject/Kant/Domain/Policy.lean","0","L0;","L0;","elaborated and checked by the Lean kernel","L1;S41;obj.Kant.Dom.Event.inferredBy.sizeOf_spec","L1;S43;claim.Kant.Dom.Event.inferredBy.sizeOf_spec","L0;","O4;4;kindS12;lean4-kernel6;digestS64;7be06977429f87bedba2b30e4b20871dc1dd99525d16b748f4f14c686549196f8;locationS38;RequestProject/Kant/Domain/Policy.lean8;evidenceS15;MACHINE_CHECKED","RequestProject","O7;13;source_systemS5;lean411;source_fileS38;RequestProject/Kant/Domain/Policy.lean13;source_formatS4;text11;imported_atI+0;14;transformed_atI+0;15;transformationsL0;13;parent_objectS0;","28b522b0be00d9ed275a1d78144a1cda6a8aefbce9d7ce87ef398651da6b8c74"
"proof.Kant.Clipboard.toReceipt.eq_1","Kant.Clipboard.toReceipt.eq_1","lean4","VALID","RequestProject/Kant/Clipboard.lean","0","L0;","L0;","elaborated and checked by the Lean kernel","L1;S33;obj.Kant.Clipboard.toReceipt.eq_1","L1;S35;claim.Kant.Clipboard.toReceipt.eq_1","L0;","O4;4;kindS12;lean4-kernel6;digestS64;cb3ef81afff7162e623bcdf3e3cf66058bb81b4c693a74e08bd4d57b2d41e1ef8;locationS34;RequestProject/Kant/Clipboard.lean8;evidenceS15;MACHINE_CHECKED","RequestProject","O7;13;source_systemS5;lean411;source_fileS34;RequestProject/Kant/Clipboard.lean13;source_formatS4;text11;imported_atI+0;14;transformed_atI+0;15;transformationsL0;13;parent_objectS0;","9762d5bf468d7da5e47d1d3743f541d2774dc2b1128c863fb4420a6c980f84ec"
"proof.Kant.Cli.pageOf.eq_2","Kant.Cli.pageOf.eq_2","lean4","VALID","RequestProject/Kant/Cli.lean","0","L0;","L0;","elaborated and checked by the Lean kernel","L1;S24;obj.Kant.Cli.pageOf.eq_2","L1;S26;claim.Kant.Cli.pageOf.eq_2","L0;","O4;4;kindS12;lean4-kernel6;digestS64;4a9d91b4058180734913d70aea2e91e4590edd29beced3b1b6459b27bebf1f3a8;locationS28;RequestProject/Kant/Cli.lean8;evidenceS15;MACHINE_CHECKED","RequestProject","O7;13;source_systemS5;lean411;source_fileS28;RequestProject/Kant/Cli.lean13;source_formatS4;text11;imported_atI+0;14;transformed_atI+0;15;transformationsL0;13;parent_objectS0;","352037e6dedf55d83e0a93123ffb000b080b347b3fd729feb26fea36971a44b1"
"proof.Kant.Diagnostics.Area.relay.sizeOf_spec","Kant.Diagnostics.Area.relay.sizeOf_spec","lean4","VALID","RequestProject/Kant/Diagnostics.lean","0","L0;","L0;","elaborated and checked by the Lean kernel","L1;S43;obj.Kant.Diagnostics.Area.relay.sizeOf_spec","L1;S45;claim.Kant.Diagnostics.Area.relay.sizeOf_spec","L0;","O4;4;kindS12;lean4-kernel6;digestS64;e5be6c0f49e4a3ff7ee464975b63be4cd479e402c437262544bf81ca722182728;locationS36;RequestProject/Kant/Diagnostics.lean8;evidenceS15;MACHINE_CHECKED","RequestProject","O7;13;source_systemS5;lean411;source_fileS36;RequestProject/Kant/Diagnostics.lean13;source_formatS4;text11;imported_atI+0;14;transformed_atI+0;15;transformationsL0;13;parent_objectS0;","c982a3b3b000f0a10b8d11088452214e49abb1148f6caf7bae902cd507b3c5a8"
"proof.Kant.Dom.proof_to_inputs","Kant.Dom.proof_to_inputs","lean4","VALID","RequestProject/Kant/Domain/Ledger.lean","352","L0;","L0;","elaborated and checked by the Lean kernel","L1;S28;obj.Kant.Dom.proof_to_inputs","L1;S30;claim.Kant.Dom.proof_to_inputs","L0;","O4;4;kindS12;lean4-kernel6;digestS64;236e999b58de24ba9d5c4063b9c17285d5f897c6a7bd7fa06c4078795b2f67638;locationS38;RequestProject/Kant/Domain/Ledger.lean8;evidenceS15;MACHINE_CHECKED","RequestProject","O7;13;source_systemS5;lean411;source_fileS38;RequestProject/Kant/Domain/Ledger.lean13;source_formatS4;text11;imported_atI+0;14;transformed_atI+352;15;transformationsL0;13;parent_objectS0;","8a0dc1ce13a6242c5d7aa4e0cefb4a1f60a25aff551305d232206ae348870145"
"proof.Kant.Erdfa.escape.eq_1","Kant.Erdfa.escape.eq_1","lean4","VALID","RequestProject/Kant/Erdfa.lean","0","L0;","L0;","elaborated and checked by the Lean kernel","L1;S26;obj.Kant.Erdfa.escape.eq_1","L1;S28;claim.Kant.Erdfa.escape.eq_1","L0;","O4;4;kindS12;lean4-kernel6;digestS64;94fcd7fc9ee4c750728606926490a3870b15971d4dc40566c6a19cd4e13b4c158;locationS30;RequestProject/Kant/Erdfa.lean8;evidenceS15;MACHINE_CHECKED","RequestProject","O7;13;source_systemS5;lean411;source_fileS30;RequestProject/Kant/Erdfa.lean13;source_formatS4;text11;imported_atI+0;14;transformed_atI+0;15;transformationsL0;13;parent_objectS0;","0ae48f3c71d88784037e31c4be6ba977a72f42f9e13dc02a9cad9c1a68ac491d"
"proof.Kant.Codec.digitVal.eq_6","Kant.Codec.digitVal.eq_6","lean4","VALID","RequestProject/Kant/Codec/Yaml.lean","0","L1;S23;obj.Kant.Codec.digitVal","L0;","elaborated and checked by the Lean kernel","L1;S28;obj.Kant.Codec.digitVal.eq_6","L1;S30;claim.Kant.Codec.digitVal.eq_6","L1;S25;proof.Kant.Codec.digitVal","O4;4;kindS12;lean4-kernel6;digestS64;7d320b34bc192616270e98a2dd938ae9221e13f6a0989cb0db5958526c4bd5838;locationS35;RequestProject/Kant/Codec/Yaml.lean8;evidenceS15;MACHINE_CHECKED","RequestProject","O7;13;source_systemS5;lean411;source_fileS35;RequestProject/Kant/Codec/Yaml.lean13;source_formatS4;text11;imported_atI+0;14;transformed_atI+0;15;transformationsL0;13;parent_objectS0;","be411d83604a32714c904511b198dd4e6d0d1ca57baf41ebde14a8c6ea8344c8"
"proof.Kant.SiteCard.trimStart_cons_space","Kant.SiteCard.trimStart_cons_space","lean4","VALID","RequestProject/Kant/SiteCard.lean","202","L0;","L0;","elaborated and checked by the Lean kernel","L1;S38;obj.Kant.SiteCard.trimStart_cons_space","L1;S40;claim.Kant.SiteCard.trimStart_cons_space","L0;","O4;4;kindS12;lean4-kernel6;digestS64;4f0038e3ea7b91d9e99e94f78ab1c4362213e456cf61b6c7234453b9f980f16c8;locationS33;RequestProject/Kant/SiteCard.lean8;evidenceS15;MACHINE_CHECKED","RequestProject","O7;13;source_systemS5;lean411;source_fileS33;RequestProject/Kant/SiteCard.lean13;source_formatS4;text11;imported_atI+0;14;transformed_atI+202;15;transformationsL0;13;parent_objectS0;","8b02c95213f1578a2a787611135f276ddd37052978a25cc45380b77ea39b6527"
"proof.Kant.Sneakernet.capacity_pos","Kant.Sneakernet.capacity_pos","lean4","VALID","RequestProject/Kant/Sneakernet.lean","62","L0;","L0;","elaborated and checked by the Lean kernel","L1;S32;obj.Kant.Sneakernet.capacity_pos","L1;S34;claim.Kant.Sneakernet.capacity_pos","L0;","O4;4;kindS12;lean4-kernel6;digestS64;3a3d08b8efb16445381966006a04a8ae9611f10c2114774736c8a155ba4f67b88;locationS35;RequestProject/Kant/Sneakernet.lean8;evidenceS15;MACHINE_CHECKED","RequestProject","O7;13;source_systemS5;lean411;source_fileS35;RequestProject/Kant/Sneakernet.lean13;source_formatS4;text11;imported_atI+0;14;transformed_atI+62;15;transformationsL0;13;parent_objectS0;","eae5ca460fef5874dfadcfa5d7014dd7f239e93e12ab31fab6dfe84fca6eaadd"
"proof.Kant.Wasm.Decode.instrsDec_cons","Kant.Wasm.Decode.instrsDec_cons","lean4","VALID","RequestProject/Wasm/Decode.lean","397","L2;S29;obj.Kant.Wasm.Decode.RawInstrS19;obj.Kant.Wasm.BinOp","L0;","elaborated and checked by the Lean kernel","L1;S35;obj.Kant.Wasm.Decode.instrsDec_cons","L1;S37;claim.Kant.Wasm.Decode.instrsDec_cons","L2;S31;proof.Kant.Wasm.Decode.RawInstrS21;proof.Kant.Wasm.BinOp","O4;4;kindS12;lean4-kernel6;digestS64;b8eab0b5533d7c3cc30c28f455ab1e2331e48260d271aeb26209df2c6b9b9e518;locationS31;RequestProject/Wasm/Decode.lean8;evidenceS15;MACHINE_CHECKED","RequestProject","O7;13;source_systemS5;lean411;source_fileS31;RequestProject/Wasm/Decode.lean13;source_formatS4;text11;imported_atI+0;14;transformed_atI+397;15;transformationsL0;13;parent_objectS0;","20f7b2f47e57e8c81ec4df652a0497eb0bb368fbe95b2f0ef351673e503c3db1"
"proof.Kant.Uucp.Carrier.dm.sizeOf_spec","Kant.Uucp.Carrier.dm.sizeOf_spec","lean4","VALID","RequestProject/Kant/Uucp.lean","0","L0;","L0;","elaborated and checked by the Lean kernel","L1;S36;obj.Kant.Uucp.Carrier.dm.sizeOf_spec","L1;S38;claim.Kant.Uucp.Carrier.dm.sizeOf_spec","L0;","O4;4;kindS12;lean4-kernel6;digestS64;acbe81826f5b826723cbb0197637a42473ca320581c860addf52088f881b78ea8;locationS29;RequestProject/Kant/Uucp.lean8;evidenceS15;MACHINE_CHECKED","RequestProject","O7;13;source_systemS5;lean411;source_fileS29;RequestProject/Kant/Uucp.lean13;source_formatS4;text11;imported_atI+0;14;transformed_atI+0;15;transformationsL0;13;parent_objectS0;","8e504d978694db6b4a26fd11220e1ae84877b4e830da72b1d3396afcdb194bae"
"proof.Kant.Dom.resolved_revalidates","Kant.Dom.resolved_revalidates","lean4","VALID","RequestProject/Kant/Domain/Policy.lean","267","L0;","L0;","elaborated and checked by the Lean kernel","L1;S33;obj.Kant.Dom.resolved_revalidates","L1;S35;claim.Kant.Dom.resolved_revalidates","L0;","O4;4;kindS12;lean4-kernel6;digestS64;f7a858822b14ce293e796961ae81e266fd6e674bd263bfdf625beae806142fc48;locationS38;RequestProject/Kant/Domain/Policy.lean8;evidenceS15;MACHINE_CHECKED","RequestProject","O7;13;source_systemS5;lean411;source_fileS38;RequestProject/Kant/Domain/Policy.lean13;source_formatS4;text11;imported_atI+0;14;transformed_atI+267;15;transformationsL0;13;parent_objectS0;","dc0ea300a32ca1767ec8079893bd85c9e1deb6f3a8ce6390bf586d9c95cbbd63"
"proof.Kant.Codec.projectList.eq_def","Kant.Codec.projectList.eq_def","lean4","VALID","RequestProject/Kant/Codec/Ipdl.lean","0","L2;S27;obj.Kant.Codec.Ipdl.below_3S28;obj.Kant.Codec.Ipdl.brecOn_1","L0;","elaborated and checked by the Lean kernel","L1;S33;obj.Kant.Codec.projectList.eq_def","L1;S35;claim.Kant.Codec.projectList.eq_def","L2;S29;proof.Kant.Codec.Ipdl.below_3S30;proof.Kant.Codec.Ipdl.brecOn_1","O4;4;kindS12;lean4-kernel6;digestS64;526a70c319227fc36129d03fb1752c7c07e1e92a08476731048b4eef7b6a9af28;locationS35;RequestProject/Kant/Codec/Ipdl.lean8;evidenceS15;MACHINE_CHECKED","RequestProject","O7;13;source_systemS5;lean411;source_fileS35;RequestProject/Kant/Codec/Ipdl.lean13;source_formatS4;text11;imported_atI+0;14;transformed_atI+0;15;transformationsL0;13;parent_objectS0;","f7a306e4a222e0e0ed6336a1a3841f4350106d2ca3afb5a68d0c7ad2837d3f09"
"proof.Kant.Wasm.Expr.Wf.eq_1","Kant.Wasm.Expr.Wf.eq_1","lean4","VALID","RequestProject/Wasm/Syntax.lean","0","L1;S21;obj.Kant.Wasm.Expr.Wf","L0;","elaborated and checked by the Lean kernel","L1;S26;obj.Kant.Wasm.Expr.Wf.eq_1","L1;S28;claim.Kant.Wasm.Expr.Wf.eq_1","L1;S23;proof.Kant.Wasm.Expr.Wf","O4;4;kindS12;lean4-kernel6;digestS64;ba40b705fa5d6a7cc9317932f609277b6c7b461347e145d2e90d9d46a4f027998;locationS31;RequestProject/Wasm/Syntax.lean8;evidenceS15;MACHINE_CHECKED","RequestProject","O7;13;source_systemS5;lean411;source_fileS31;RequestProject/Wasm/Syntax.lean13;source_formatS4;text11;imported_atI+0;14;transformed_atI+0;15;transformationsL0;13;parent_objectS0;","4820e39cbcbd2dd02377c28d150539339e37bec03b5556d60477b9ca11f3f7b9"
"proof.Kant.Dom.step.eq_6","Kant.Dom.step.eq_6","lean4","VALID","RequestProject/Kant/Domain/Policy.lean","0","L0;","L0;","elaborated and checked by the Lean kernel","L1;S22;obj.Kant.Dom.step.eq_6","L1;S24;claim.Kant.Dom.step.eq_6","L0;","O4;4;kindS12;lean4-kernel6;digestS64;96edc11ccf65095de1e597a76c6084a656ad1253390fe79fe99c40f8ff4f42b08;locationS38;RequestProject/Kant/Domain/Policy.lean8;evidenceS15;MACHINE_CHECKED","RequestProject","O7;13;source_systemS5;lean411;source_fileS38;RequestProject/Kant/Domain/Policy.lean13;source_formatS4;text11;imported_atI+0;14;transformed_atI+0;15;transformationsL0;13;parent_objectS0;","3dba0b284754648eef4ecb299196914129b9a271860d54281b88c6c5e766445b"
"proof.Kant.Codec.readRows.eq_def","Kant.Codec.readRows.eq_def","lean4","VALID","RequestProject/Kant/Codec/Csv.lean","0","L0;","L0;","elaborated and checked by the Lean kernel","L1;S30;obj.Kant.Codec.readRows.eq_def","L1;S32;claim.Kant.Codec.readRows.eq_def","L0;","O4;4;kindS12;lean4-kernel6;digestS64;4e6ce523442f2db3677d1e7cd89fc80c9877b54e230ff9e119d0913203acacc28;locationS34;RequestProject/Kant/Codec/Csv.lean8;evidenceS15;MACHINE_CHECKED","RequestProject","O7;13;source_systemS5;lean411;source_fileS34;RequestProject/Kant/Codec/Csv.lean13;source_formatS4;text11;imported_atI+0;14;transformed_atI+0;15;transformationsL0;13;parent_objectS0;","6f833cebadc5599d21ec2de69c4e010ac647d7dbb336bbb78a1126c632cf95a4"
"proof.Kant.Codec.pFields.eq_1","Kant.Codec.pFields.eq_1","lean4","VALID","RequestProject/Kant/Codec/Val.lean","0","L0;","L0;","elaborated and checked by the Lean kernel","L1;S27;obj.Kant.Codec.pFields.eq_1","L1;S29;claim.Kant.Codec.pFields.eq_1","L0;","O4;4;kindS12;lean4-kernel6;digestS64;a79aa917626694f15d58df08a9797a2ae6f23e035cd4721bf5f37f34f916ac9c8;locationS34;RequestProject/Kant/Codec/Val.lean8;evidenceS15;MACHINE_CHECKED","RequestProject","O7;13;source_systemS5;lean411;source_fileS34;RequestProject/Kant/Codec/Val.lean13;source_formatS4;text11;imported_atI+0;14;transformed_atI+0;15;transformationsL0;13;parent_objectS0;","28a32d42f69a8fd1b616ce5dc132209e1f4e012a5182636b11dde37516e02b38"
"proof.Kant.Dom.csvTables_recover","Kant.Dom.csvTables_recover","lean4","VALID","RequestProject/Kant/Domain/Table.lean","470","L3;S24;obj.Kant.Dom.Claim.toValS26;obj.Kant.Dom.proofsOfTableS36;obj.Kant.Dom.relationsTable_recovers","L0;","elaborated and checked by the Lean kernel","L1;S30;obj.Kant.Dom.csvTables_recover","L1;S32;claim.Kant.Dom.csvTables_recover","L3;S26;proof.Kant.Dom.Claim.toValS28;proof.Kant.Dom.proofsOfTableS38;proof.Kant.Dom.relationsTable_recovers","O4;4;kindS12;lean4-kernel6;digestS64;e1e3c821a8fae50aad5822b3e6f96b410fb9d9ef7fcec6743520ed98740b71338;locationS37;RequestProject/Kant/Domain/Table.lean8;evidenceS15;MACHINE_CHECKED","RequestProject","O7;13;source_systemS5;lean411;source_fileS37;RequestProject/Kant/Domain/Table.lean13;source_formatS4;text11;imported_atI+0;14;transformed_atI+470;15;transformationsL0;13;parent_objectS0;","5132175e545e8e8eb9a8c1b3caa7b211493220df3595f408983578eca374280b"
"proof.Kant.SiteCard.parseQrPayload_qrPayload","Kant.SiteCard.parseQrPayload_qrPayload","lean4","VALID","RequestProject/Kant/SiteCard.lean","344","L0;","L0;","elaborated and checked by the Lean kernel","L1;S42;obj.Kant.SiteCard.parseQrPayload_qrPayload","L1;S44;claim.Kant.SiteCard.parseQrPayload_qrPayload","L0;","O4;4;kindS12;lean4-kernel6;digestS64;0c86150fb6e656eac9c7ff41b18a51191fd1950c30c76970622c51eb5847c67f8;locationS33;RequestProject/Kant/SiteCard.lean8;evidenceS15;MACHINE_CHECKED","RequestProject","O7;13;source_systemS5;lean411;source_fileS33;RequestProject/Kant/SiteCard.lean13;source_formatS4;text11;imported_atI+0;14;transformed_atI+344;15;transformationsL0;13;parent_objectS0;","d6294f1c6880bad53cdc63b083976d120bf31bdfe04c59cf5dfc141e75144b0c"
"proof.Kant.Dom.objectRow.eq_1","Kant.Dom.objectRow.eq_1","lean4","VALID","RequestProject/Kant/Domain/Table.lean","0","L1;S32;obj.Kant.Dom.DomObj.evidenceRefs","L0;","elaborated and checked by the Lean kernel","L1;S27;obj.Kant.Dom.objectRow.eq_1","L1;S29;claim.Kant.Dom.objectRow.eq_1","L1;S34;proof.Kant.Dom.DomObj.evidenceRefs","O4;4;kindS12;lean4-kernel6;digestS64;2b711cd64c5c4b29bef744c1fb843eaa52867f41bfed3d938de7491bc64ff20c8;locationS37;RequestProject/Kant/Domain/Table.lean8;evidenceS15;MACHINE_CHECKED","RequestProject","O7;13;source_systemS5;lean411;source_fileS37;RequestProject/Kant/Domain/Table.lean13;source_formatS4;text11;imported_atI+0;14;transformed_atI+0;15;transformationsL0;13;parent_objectS0;","948bf5a50ea3eede8c6616698cec46a1840d5a93578e5c9877825f34f64e705b"
"proof.Kant.Codec.canonDecode_eq_none_of_head","Kant.Codec.canonDecode_eq_none_of_head","lean4","VALID","RequestProject/Kant/Codec/RawText.lean","196","L1;S22;obj.Kant.Codec.readInt","L0;","elaborated and checked by the Lean kernel","L1;S42;obj.Kant.Codec.canonDecode_eq_none_of_head","L1;S44;claim.Kant.Codec.canonDecode_eq_none_of_head","L1;S24;proof.Kant.Codec.readInt","O4;4;kindS12;lean4-kernel6;digestS64;e08cbe852160af5ce894688d9f5c97cb59951432c91e9882482a6f82386da9898;locationS38;RequestProject/Kant/Codec/RawText.lean8;evidenceS15;MACHINE_CHECKED","RequestProject","O7;13;source_systemS5;lean411;source_fileS38;RequestProject/Kant/Codec/RawText.lean13;source_formatS4;text11;imported_atI+0;14;transformed_atI+196;15;transformationsL0;13;parent_objectS0;","aadf6b7660302bc6cbe3c4c006c82d9993f81078900669a06b90f4ab50875873"
"proof.Kant.Codec.xFalse.eq_1","Kant.Codec.xFalse.eq_1","lean4","VALID","RequestProject/Kant/Codec/Xml.lean","0","L0;","L0;","elaborated and checked by the Lean kernel","L1;S26;obj.Kant.Codec.xFalse.eq_1","L1;S28;claim.Kant.Codec.xFalse.eq_1","L0;","O4;4;kindS12;lean4-kernel6;digestS64;e0c08ce8681cfc10ac347ead922720434a6b3f06525075f67e1153653e8f37298;locationS34;RequestProject/Kant/Codec/Xml.lean8;evidenceS15;MACHINE_CHECKED","RequestProject","O7;13;source_systemS5;lean411;source_fileS34;RequestProject/Kant/Codec/Xml.lean13;source_formatS4;text11;imported_atI+0;14;transformed_atI+0;15;transformationsL0;13;parent_objectS0;","46835ff6cd61211996a013472e78bcc6c773755985c987734a6c7cee1de303a0"
"proof.Kant.CodeMovie.Circuit.run.eq_def","Kant.CodeMovie.Circuit.run.eq_def","lean4","VALID","RequestProject/Kant/CodeMovie.lean","0","L0;","L0;","elaborated and checked by the Lean kernel","L1;S37;obj.Kant.CodeMovie.Circuit.run.eq_def","L1;S39;claim.Kant.CodeMovie.Circuit.run.eq_def","L0;","O4;4;kindS12;lean4-kernel6;digestS64;4c3ab0d6420676a0decbf5ae31aae857639115c75e8a3ed6f03138f37f133c158;locationS34;RequestProject/Kant/CodeMovie.lean8;evidenceS15;MACHINE_CHECKED","RequestProject","O7;13;source_systemS5;lean411;source_fileS34;RequestProject/Kant/CodeMovie.lean13;source_formatS4;text11;imported_atI+0;14;transformed_atI+0;15;transformationsL0;13;parent_objectS0;","7164aeafba1c1dfde382bcf42d8f37ea56e8bed72acd829775ea45e53c2d5c04"
"proof.Kant.Dom.exchange_canonicalizes","Kant.Dom.exchange_canonicalizes","lean4","VALID","RequestProject/Kant/Domain/Package.lean","302","L0;","L0;","elaborated and checked by the Lean kernel","L1;S35;obj.Kant.Dom.exchange_canonicalizes","L1;S37;claim.Kant.Dom.exchange_canonicalizes","L0;","O4;4;kindS12;lean4-kernel6;digestS64;5156e78a14751c079febb61cec393ba05623758d8d7789fdedbff01d7841cd0e8;locationS39;RequestProject/Kant/Domain/Package.lean8;evidenceS15;MACHINE_CHECKED","RequestProject","O7;13;source_systemS5;lean411;source_fileS39;RequestProject/Kant/Domain/Package.lean13;source_formatS4;text11;imported_atI+0;14;transformed_atI+302;15;transformationsL0;13;parent_objectS0;","586ebf7a0b112879faf78c462ca1d7b6a7152f5fe838b733f3b9d6a5fd8e5470"
"proof.Kant.Wasm.Kernel.eval_hexHiE","Kant.Wasm.Kernel.eval_hexHiE","lean4","VALID","RequestProject/Wasm/KernelSpec.lean","70","L0;","L0;","elaborated and checked by the Lean kernel","L1;S32;obj.Kant.Wasm.Kernel.eval_hexHiE","L1;S34;claim.Kant.Wasm.Kernel.eval_hexHiE","L0;","O4;4;kindS12;lean4-kernel6;digestS64;32b88ff97ac21a97de91c63f20d6edd4b088dc3a4293a299cc129849f9cf84fe8;locationS35;RequestProject/Wasm/KernelSpec.lean8;evidenceS15;MACHINE_CHECKED","RequestProject","O7;13;source_systemS5;lean411;source_fileS35;RequestProject/Wasm/KernelSpec.lean13;source_formatS4;text11;imported_atI+0;14;transformed_atI+70;15;transformationsL0;13;parent_objectS0;","620883069f94042e31b789a5ea42e7b12e35170ae25e532864b5c4effd9fb52b"
"proof.Kant.Wasm.Encode.cmpOpcode.eq_4","Kant.Wasm.Encode.cmpOpcode.eq_4","lean4","VALID","RequestProject/Wasm/Decode.lean","0","L0;","L0;","elaborated and checked by the Lean kernel","L1;S35;obj.Kant.Wasm.Encode.cmpOpcode.eq_4","L1;S37;claim.Kant.Wasm.Encode.cmpOpcode.eq_4","L0;","O4;4;kindS12;lean4-kernel6;digestS64;5bc058039824cb4eaea8bcd8c8dafd813723df4249ff0ce8660442abaf2c569b8;locationS31;RequestProject/Wasm/Decode.lean8;evidenceS15;MACHINE_CHECKED","RequestProject","O7;13;source_systemS5;lean411;source_fileS31;RequestProject/Wasm/Decode.lean13;source_formatS4;text11;imported_atI+0;14;transformed_atI+0;15;transformationsL0;13;parent_objectS0;","f109cd562dda5a740d30437f80d9aeb79e315971862eb8ba0edb6a4f2b06537d"
"proof.Kant.Diagnostics.parseEvents.eq_def","Kant.Diagnostics.parseEvents.eq_def","lean4","VALID","RequestProject/Kant/Diagnostics.lean","0","L1;S40;obj.Kant.Diagnostics.parseEvents.match_3","L0;","elaborated and checked by the Lean kernel","L1;S39;obj.Kant.Diagnostics.parseEvents.eq_def","L1;S41;claim.Kant.Diagnostics.parseEvents.eq_def","L1;S42;proof.Kant.Diagnostics.parseEvents.match_3","O4;4;kindS12;lean4-kernel6;digestS64;1b735677d3a83ea3060af09ce21ee16cb97382b5478380b918c4b3880a1d3cba8;locationS36;RequestProject/Kant/Diagnostics.lean8;evidenceS15;MACHINE_CHECKED","RequestProject","O7;13;source_systemS5;lean411;source_fileS36;RequestProject/Kant/Diagnostics.lean13;source_formatS4;text11;imported_atI+0;14;transformed_atI+0;15;transformationsL0;13;parent_objectS0;","032c50b8b361b803592a2f842a9d42f0a3a822946b9d4d69f46b86a54cb3d056"
"proof.Kant.Handoff.Step.mk.sizeOf_spec","Kant.Handoff.Step.mk.sizeOf_spec","lean4","VALID","RequestProject/Kant/Handoff.lean","0","L0;","L0;","elaborated and checked by the Lean kernel","L1;S36;obj.Kant.Handoff.Step.mk.sizeOf_spec","L1;S38;claim.Kant.Handoff.Step.mk.sizeOf_spec","L0;","O4;4;kindS12;lean4-kernel6;digestS64;c9e8b25b7e43295ad568c287a18a8d09355be4cdf80314c46a7cd9c701d406fb8;locationS32;RequestProject/Kant/Handoff.lean8;evidenceS15;MACHINE_CHECKED","RequestProject","O7;13;source_systemS5;lean411;source_fileS32;RequestProject/Kant/Handoff.lean13;source_formatS4;text11;imported_atI+0;14;transformed_atI+0;15;transformationsL0;13;parent_objectS0;","a3b7654d3369338c8d042ddb12bec5ff33a726fdb0a86172609c632397f698e5"
"proof.Kant.Codec.digitsFold.eq_1","Kant.Codec.digitsFold.eq_1","lean4","VALID","RequestProject/Kant/Codec/Val.lean","0","L0;","L0;","elaborated and checked by the Lean kernel","L1;S30;obj.Kant.Codec.digitsFold.eq_1","L1;S32;claim.Kant.Codec.digitsFold.eq_1","L0;","O4;4;kindS12;lean4-kernel6;digestS64;c6486382cfb120e6940eec973c9921ed59717bc92efa6c287cace2eb4b7fb2778;locationS34;RequestProject/Kant/Codec/Val.lean8;evidenceS15;MACHINE_CHECKED","RequestProject","O7;13;source_systemS5;lean411;source_fileS34;RequestProject/Kant/Codec/Val.lean13;source_formatS4;text11;imported_atI+0;14;transformed_atI+0;15;transformationsL0;13;parent_objectS0;","daf410c60ffa080b5368886e501b5058f8cfa81799aec2b10c65d39a90fd087e"
"proof.Kant.Stego.bitsByte_byteBits","Kant.Stego.bitsByte_byteBits","lean4","VALID","RequestProject/Kant/Stego.lean","56","L0;","L0;","elaborated and checked by the Lean kernel","L1;S32;obj.Kant.Stego.bitsByte_byteBits","L1;S34;claim.Kant.Stego.bitsByte_byteBits","L0;","O4;4;kindS12;lean4-kernel6;digestS64;af997d5e072ea69311168f49b61b949041778c1c7b37418d6c2254ea794b58d28;locationS30;RequestProject/Kant/Stego.lean8;evidenceS15;MACHINE_CHECKED","RequestProject","O7;13;source_systemS5;lean411;source_fileS30;RequestProject/Kant/Stego.lean13;source_formatS4;text11;imported_atI+0;14;transformed_atI+56;15;transformationsL0;13;parent_objectS0;","a6f5340ddca0ec39e4b32418989e37e62bec06953628a4d30e11fb42b68fa480"
"proof.Kant.Uucp.readParts_map","Kant.Uucp.readParts_map","lean4","VALID","RequestProject/Kant/Uucp.lean","228","L0;","L0;","elaborated and checked by the Lean kernel","L1;S27;obj.Kant.Uucp.readParts_map","L1;S29;claim.Kant.Uucp.readParts_map","L0;","O4;4;kindS12;lean4-kernel6;digestS64;b6e80b2918f226058a83cfa9d18989b6dca6733dbd5310a737b9de14585200608;locationS29;RequestProject/Kant/Uucp.lean8;evidenceS15;MACHINE_CHECKED","RequestProject","O7;13;source_systemS5;lean411;source_fileS29;RequestProject/Kant/Uucp.lean13;source_formatS4;text11;imported_atI+0;14;transformed_atI+228;15;transformationsL0;13;parent_objectS0;","580791a2c8ee0bdc045570fcfb6e8a5fff548be8b79218a2d961f5a2e54bcba5"
"proof.Kant.Rendezvous.Address.mk.inj","Kant.Rendezvous.Address.mk.inj","lean4","VALID","RequestProject/Kant/Rendezvous.lean","0","L0;","L0;","elaborated and checked by the Lean kernel","L1;S34;obj.Kant.Rendezvous.Address.mk.inj","L1;S36;claim.Kant.Rendezvous.Address.mk.inj","L0;","O4;4;kindS12;lean4-kernel6;digestS64;976ad8eb0455d134c26a3319c2143117608f1f60910d3976662b745c228d0fa18;locationS35;RequestProject/Kant/Rendezvous.lean8;evidenceS15;MACHINE_CHECKED","RequestProject","O7;13;source_systemS5;lean411;source_fileS35;RequestProject/Kant/Rendezvous.lean13;source_formatS4;text11;imported_atI+0;14;transformed_atI+0;15;transformationsL0;13;parent_objectS0;","f9f0cb35e09b41cd61de6382e2e7822a0b5090028256e307b2e3798270569fe4"
"proof.Kant.Wasm.Decode.RawInstr.localGet.sizeOf_spec","Kant.Wasm.Decode.RawInstr.localGet.sizeOf_spec","lean4","VALID","RequestProject/Wasm/Decode.lean","0","L1;S29;obj.Kant.Wasm.Decode.RawInstr","L0;","elaborated and checked by the Lean kernel","L1;S50;obj.Kant.Wasm.Decode.RawInstr.localGet.sizeOf_spec","L1;S52;claim.Kant.Wasm.Decode.RawInstr.localGet.sizeOf_spec","L1;S31;proof.Kant.Wasm.Decode.RawInstr","O4;4;kindS12;lean4-kernel6;digestS64;57e648dc243212c0f2ac1c759d4b7b174f1fb6183528c8fe3b5fcaaccf6b8aad8;locationS31;RequestProject/Wasm/Decode.lean8;evidenceS15;MACHINE_CHECKED","RequestProject","O7;13;source_systemS5;lean411;source_fileS31;RequestProject/Wasm/Decode.lean13;source_formatS4;text11;imported_atI+0;14;transformed_atI+0;15;transformationsL0;13;parent_objectS0;","9e50cac0f77991e00e6e6993541f7c436754a1ecdcfdfc269cd5e2d1a2a4e609"
"proof.Kant.Codec.Val.obj.inj","Kant.Codec.Val.obj.inj","lean4","VALID","RequestProject/Kant/Codec/Val.lean","0","L0;","L0;","elaborated and checked by the Lean kernel","L1;S26;obj.Kant.Codec.Val.obj.inj","L1;S28;claim.Kant.Codec.Val.obj.inj","L0;","O4;4;kindS12;lean4-kernel6;digestS64;f4a2d1b80ca6250e35cab73dc2d01af905cdb77c5de8cd24b4e8a3a1edb2a6c78;locationS34;RequestProject/Kant/Codec/Val.lean8;evidenceS15;MACHINE_CHECKED","RequestProject","O7;13;source_systemS5;lean411;source_fileS34;RequestProject/Kant/Codec/Val.lean13;source_formatS4;text11;imported_atI+0;14;transformed_atI+0;15;transformationsL0;13;parent_objectS0;","18dbb929ef86443937922e2774fb1f463bbeb816d50b6c133b0a7235cba63620"
"proof.Kant.CodeMovie.rleEncode.eq_def","Kant.CodeMovie.rleEncode.eq_def","lean4","VALID","RequestProject/Kant/CodeMovie.lean","0","L2;S26;obj.Kant.CodeMovie.SnippetS28;obj.Kant.CodeMovie.rleEncode","L0;","elaborated and checked by the Lean kernel","L1;S35;obj.Kant.CodeMovie.rleEncode.eq_def","L1;S37;claim.Kant.CodeMovie.rleEncode.eq_def","L2;S28;proof.Kant.CodeMovie.SnippetS30;proof.Kant.CodeMovie.rleEncode","O4;4;kindS12;lean4-kernel6;digestS64;fe3d2af9cfadc6267838d60d72c1bfa5486410f9f2a3f930f7766799165f2d278;locationS34;RequestProject/Kant/CodeMovie.lean8;evidenceS15;MACHINE_CHECKED","RequestProject","O7;13;source_systemS5;lean411;source_fileS34;RequestProject/Kant/CodeMovie.lean13;source_formatS4;text11;imported_atI+0;14;transformed_atI+0;15;transformationsL0;13;parent_objectS0;","8302e6dd0b5d89eecba2f026edbe0c8134a3676669783dc8efbd94be314a365b"
"proof.Kant.Codec.joinLines_splitLines","Kant.Codec.joinLines_splitLines","lean4","VALID","RequestProject/Kant/Codec/RawText.lean","63","L0;","L0;","elaborated and checked by the Lean kernel","L1;S35;obj.Kant.Codec.joinLines_splitLines","L1;S37;claim.Kant.Codec.joinLines_splitLines","L0;","O4;4;kindS12;lean4-kernel6;digestS64;970754687e7f7e9c4bd73ce0dee3853b6f2976c36d541cdae13fdff7b1e9ddf18;locationS38;RequestProject/Kant/Codec/RawText.lean8;evidenceS15;MACHINE_CHECKED","RequestProject","O7;13;source_systemS5;lean411;source_fileS38;RequestProject/Kant/Codec/RawText.lean13;source_formatS4;text11;imported_atI+0;14;transformed_atI+63;15;transformationsL0;13;parent_objectS0;","83ed61e2b0e4a7c7ebba459134f4f594d23341c471061a6ddd90dc0a694f4cba"
"proof.Kant.Feed.newest_sorted","Kant.Feed.newest_sorted","lean4","VALID","RequestProject/Kant/Feed.lean","280","L0;","L0;","elaborated and checked by the Lean kernel","L1;S27;obj.Kant.Feed.newest_sorted","L1;S29;claim.Kant.Feed.newest_sorted","L0;","O4;4;kindS12;lean4-kernel6;digestS64;969cacb15fcbe9ed71c4eb9447bb0eb62275690294e3f1efe559fd7cd398b5608;locationS29;RequestProject/Kant/Feed.lean8;evidenceS15;MACHINE_CHECKED","RequestProject","O7;13;source_systemS5;lean411;source_fileS29;RequestProject/Kant/Feed.lean13;source_formatS4;text11;imported_atI+0;14;transformed_atI+280;15;transformationsL0;13;parent_objectS0;","bd3af77793af17d10aadf9034c0b9fce749c0491e53e264b8249c47704cd58c8"
"proof.Kant.Dom.package_roundtrip_report_sound","Kant.Dom.package_roundtrip_report_sound","lean4","VALID","RequestProject/Kant/Domain/Package.lean","218","L0;","L0;","elaborated and checked by the Lean kernel","L1;S43;obj.Kant.Dom.package_roundtrip_report_sound","L1;S45;claim.Kant.Dom.package_roundtrip_report_sound","L0;","O4;4;kindS12;lean4-kernel6;digestS64;60039810652c8cd679952d79644b1ff976c936746c0eafe45dab64dce85e760f8;locationS39;RequestProject/Kant/Domain/Package.lean8;evidenceS15;MACHINE_CHECKED","RequestProject","O7;13;source_systemS5;lean411;source_fileS39;RequestProject/Kant/Domain/Package.lean13;source_formatS4;text11;imported_atI+0;14;transformed_atI+218;15;transformationsL0;13;parent_objectS0;","9c01f40204c5acdfb26a1cf4c2172d5cc8fe31d34fcb14e5c0194dd000816562"
"proof.Kant.Wasm.Expr.Wf.eq_4","Kant.Wasm.Expr.Wf.eq_4","lean4","VALID","RequestProject/Wasm/Syntax.lean","0","L1;S21;obj.Kant.Wasm.Expr.Wf","L0;","elaborated and checked by the Lean kernel","L1;S26;obj.Kant.Wasm.Expr.Wf.eq_4","L1;S28;claim.Kant.Wasm.Expr.Wf.eq_4","L1;S23;proof.Kant.Wasm.Expr.Wf","O4;4;kindS12;lean4-kernel6;digestS64;357d3b462b1ed0b4e43e61890bfc9e6b317c38fa96cdb5327f5eeb90944f54e18;locationS31;RequestProject/Wasm/Syntax.lean8;evidenceS15;MACHINE_CHECKED","RequestProject","O7;13;source_systemS5;lean411;source_fileS31;RequestProject/Wasm/Syntax.lean13;source_formatS4;text11;imported_atI+0;14;transformed_atI+0;15;transformationsL0;13;parent_objectS0;","0ef4374af7a5e22671559b5dc17885a9c2222d7bc345f6e0f677a9861b828d63"
"proof.Kant.Cli.postLine_curl_roundTrip","Kant.Cli.postLine_curl_roundTrip","lean4","VALID","RequestProject/Kant/Cli.lean","433","L2;S21;obj.Kant.Cli.curlLineS35;obj.Kant.Cli.parseCurlLine_curlLine","L0;","elaborated and checked by the Lean kernel","L1;S36;obj.Kant.Cli.postLine_curl_roundTrip","L1;S38;claim.Kant.Cli.postLine_curl_roundTrip","L2;S23;proof.Kant.Cli.curlLineS37;proof.Kant.Cli.parseCurlLine_curlLine","O4;4;kindS12;lean4-kernel6;digestS64;d2dea0884a53f95ae3e3e4bad31ecac9042a67e4533bdfbc6e20002f44ee05538;locationS28;RequestProject/Kant/Cli.lean8;evidenceS15;MACHINE_CHECKED","RequestProject","O7;13;source_systemS5;lean411;source_fileS28;RequestProject/Kant/Cli.lean13;source_formatS4;text11;imported_atI+0;14;transformed_atI+433;15;transformationsL0;13;parent_objectS0;","1f98a093fc2bf839a0a37e4aaa6ac566d8a6e1f01a2320d347691e107780d300"
"proof.Kant.Dom.step.eq_7","Kant.Dom.step.eq_7","lean4","VALID","RequestProject/Kant/Domain/Policy.lean","0","L0;","L0;","elaborated and checked by the Lean kernel","L1;S22;obj.Kant.Dom.step.eq_7","L1;S24;claim.Kant.Dom.step.eq_7","L0;","O4;4;kindS12;lean4-kernel6;digestS64;793f21b41ef859438e32f377bd39bdb4efb8487023f00501d206527f4df205aa8;locationS38;RequestProject/Kant/Domain/Policy.lean8;evidenceS15;MACHINE_CHECKED","RequestProject","O7;13;source_systemS5;lean411;source_fileS38;RequestProject/Kant/Domain/Policy.lean13;source_formatS4;text11;imported_atI+0;14;transformed_atI+0;15;transformationsL0;13;parent_objectS0;","412de0baf0d2631e531be7c4084ba8d1fb8d6cb0a7f0e8f80cd3b160c186182b"
"proof.Kant.Onboarding.Screen.share.sizeOf_spec","Kant.Onboarding.Screen.share.sizeOf_spec","lean4","VALID","RequestProject/Kant/Onboarding.lean","0","L0;","L0;","elaborated and checked by the Lean kernel","L1;S44;obj.Kant.Onboarding.Screen.share.sizeOf_spec","L1;S46;claim.Kant.Onboarding.Screen.share.sizeOf_spec","L0;","O4;4;kindS12;lean4-kernel6;digestS64;076e2aee50798e0ffedbbe31dcc079bcec717b32eaf7fc755ea9cf9008748c228;locationS35;RequestProject/Kant/Onboarding.lean8;evidenceS15;MACHINE_CHECKED","RequestProject","O7;13;source_systemS5;lean411;source_fileS35;RequestProject/Kant/Onboarding.lean13;source_formatS4;text11;imported_atI+0;14;transformed_atI+0;15;transformationsL0;13;parent_objectS0;","c3fad36288223b14f62c68c6dcdce597e419904269b9f89ab4e8829b5332ef1d"
"proof.Kant.Codec.diffVal.eq_def","Kant.Codec.diffVal.eq_def","lean4","VALID","RequestProject/Kant/Codec/Reconcile.lean","0","L0;","L0;","elaborated and checked by the Lean kernel","L1;S29;obj.Kant.Codec.diffVal.eq_def","L1;S31;claim.Kant.Codec.diffVal.eq_def","L0;","O4;4;kindS12;lean4-kernel6;digestS64;9a46ad894664530b62bd8bfd4c885484327ed855385fc7f9a35934308c6bc5fa8;locationS40;RequestProject/Kant/Codec/Reconcile.lean8;evidenceS15;MACHINE_CHECKED","RequestProject","O7;13;source_systemS5;lean411;source_fileS40;RequestProject/Kant/Codec/Reconcile.lean13;source_formatS4;text11;imported_atI+0;14;transformed_atI+0;15;transformationsL0;13;parent_objectS0;","3c49cc1e1d694d72b1566e4bb0c3ee651c31206924b16c4cb253c572acad7b3f"
"proof.Kant.Sheaf.EigenSpace.hub.sizeOf_spec","Kant.Sheaf.EigenSpace.hub.sizeOf_spec","lean4","VALID","RequestProject/Kant/Sheaf.lean","0","L0;","L0;","elaborated and checked by the Lean kernel","L1;S41;obj.Kant.Sheaf.EigenSpace.hub.sizeOf_spec","L1;S43;claim.Kant.Sheaf.EigenSpace.hub.sizeOf_spec","L0;","O4;4;kindS12;lean4-kernel6;digestS64;5bdafec30c5ac011a860920c8e2bfa1e45a6a02e55defe2b2841ba9d3d6ae2388;locationS30;RequestProject/Kant/Sheaf.lean8;evidenceS15;MACHINE_CHECKED","RequestProject","O7;13;source_systemS5;lean411;source_fileS30;RequestProject/Kant/Sheaf.lean13;source_formatS4;text11;imported_atI+0;14;transformed_atI+0;15;transformationsL0;13;parent_objectS0;","ac6e9c0236d39c99ccce2d6548c547262fd06ef5e17992b35afde4df185f66c0"
"proof.Kant.Codec.Ipdl.annot.injEq","Kant.Codec.Ipdl.annot.injEq","lean4","VALID","RequestProject/Kant/Codec/Ipdl.lean","0","L1;S37;obj.Kant.Codec.Ipdl.annot.noConfusion","L0;","elaborated and checked by the Lean kernel","L1;S31;obj.Kant.Codec.Ipdl.annot.injEq","L1;S33;claim.Kant.Codec.Ipdl.annot.injEq","L1;S39;proof.Kant.Codec.Ipdl.annot.noConfusion","O4;4;kindS12;lean4-kernel6;digestS64;220e9711de2f17e66e1559dbd8237f95590dd0d9a073de180930491b75bacfdf8;locationS35;RequestProject/Kant/Codec/Ipdl.lean8;evidenceS15;MACHINE_CHECKED","RequestProject","O7;13;source_systemS5;lean411;source_fileS35;RequestProject/Kant/Codec/Ipdl.lean13;source_formatS4;text11;imported_atI+0;14;transformed_atI+0;15;transformationsL0;13;parent_objectS0;","ae5687e5e01dbadd405a50a99554c7faf29f87fd308f49171fb4533cf7288cb4"
"proof.Kant.Codec.xListClose.eq_1","Kant.Codec.xListClose.eq_1","lean4","VALID","RequestProject/Kant/Codec/Xml.lean","0","L0;","L0;","elaborated and checked by the Lean kernel","L1;S30;obj.Kant.Codec.xListClose.eq_1","L1;S32;claim.Kant.Codec.xListClose.eq_1","L0;","O4;4;kindS12;lean4-kernel6;digestS64;7c1c78e9b444cf744df33ed5cff24307f6a93c9f14344e5a29f1a925b41538ed8;locationS34;RequestProject/Kant/Codec/Xml.lean8;evidenceS15;MACHINE_CHECKED","RequestProject","O7;13;source_systemS5;lean411;source_fileS34;RequestProject/Kant/Codec/Xml.lean13;source_formatS4;text11;imported_atI+0;14;transformed_atI+0;15;transformationsL0;13;parent_objectS0;","58c5c48a485dd7ca3bfe7e27d8e5789ddf534ab1bc935d64bb1d8a7aa59c95b7"
"proof.Kant.Dom.step.eq_1","Kant.Dom.step.eq_1","lean4","VALID","RequestProject/Kant/Domain/Policy.lean","0","L0;","L0;","elaborated and checked by the Lean kernel","L1;S22;obj.Kant.Dom.step.eq_1","L1;S24;claim.Kant.Dom.step.eq_1","L0;","O4;4;kindS12;lean4-kernel6;digestS64;31b26bc8a0ca4ac71d54a5edc3363fd8dce56e24d235b945d6c535e210d8f8ce8;locationS38;RequestProject/Kant/Domain/Policy.lean8;evidenceS15;MACHINE_CHECKED","RequestProject","O7;13;source_systemS5;lean411;source_fileS38;RequestProject/Kant/Domain/Policy.lean13;source_formatS4;text11;imported_atI+0;14;transformed_atI+0;15;transformationsL0;13;parent_objectS0;","c0c499f46ced7a24bc65d5a46d841337f443c1958512fb4a506bf6ab95705a5d"
"proof.Kant.Codec.yamlEncFields.eq_def","Kant.Codec.yamlEncFields.eq_def","lean4","VALID","RequestProject/Kant/Codec/Yaml.lean","0","L1;S26;obj.Kant.Codec.Val.below_1","L0;","elaborated and checked by the Lean kernel","L1;S35;obj.Kant.Codec.yamlEncFields.eq_def","L1;S37;claim.Kant.Codec.yamlEncFields.eq_def","L1;S28;proof.Kant.Codec.Val.below_1","O4;4;kindS12;lean4-kernel6;digestS64;0f22600c6b6eeb3b5f4f387a0f96713cba83694cb13f3531253e0b8ff87ece2a8;locationS35;RequestProject/Kant/Codec/Yaml.lean8;evidenceS15;MACHINE_CHECKED","RequestProject","O7;13;source_systemS5;lean411;source_fileS35;RequestProject/Kant/Codec/Yaml.lean13;source_formatS4;text11;imported_atI+0;14;transformed_atI+0;15;transformationsL0;13;parent_objectS0;","0760da5a6e553491ce5b0417bdfc1acec5d621c80bfdf68b511a31ec8f3d23c8"
"proof.Kant.Dom.encRecs.eq_1","Kant.Dom.encRecs.eq_1","lean4","VALID","RequestProject/Kant/Domain/Table.lean","0","L0;","L0;","elaborated and checked by the Lean kernel","L1;S25;obj.Kant.Dom.encRecs.eq_1","L1;S27;claim.Kant.Dom.encRecs.eq_1","L0;","O4;4;kindS12;lean4-kernel6;digestS64;9125c59a43bd8d41aafaa8f95c72d756c80ac0a5e4ae84e3651d1a90a3ae16d88;locationS37;RequestProject/Kant/Domain/Table.lean8;evidenceS15;MACHINE_CHECKED","RequestProject","O7;13;source_systemS5;lean411;source_fileS37;RequestProject/Kant/Domain/Table.lean13;source_formatS4;text11;imported_atI+0;14;transformed_atI+0;15;transformationsL0;13;parent_objectS0;","df01a16680df65431fb664e5f8bbe9c052ea1a2113eb91c9db5f26aa11a685c6"
"proof.Kant.Codec.Inp.toVal.eq_1","Kant.Codec.Inp.toVal.eq_1","lean4","VALID","RequestProject/Kant/Codec/Model.lean","0","L3;S21;obj.Kant.Codec.Inp.idS27;obj.Kant.Codec.Inp.encodingS21;obj.Kant.Codec.optVal","L0;","elaborated and checked by the Lean kernel","L1;S29;obj.Kant.Codec.Inp.toVal.eq_1","L1;S31;claim.Kant.Codec.Inp.toVal.eq_1","L3;S23;proof.Kant.Codec.Inp.idS29;proof.Kant.Codec.Inp.encodingS23;proof.Kant.Codec.optVal","O4;4;kindS12;lean4-kernel6;digestS64;5597a4032a22e7729ca6df9129466ce97a8c21d0b3238f248848b178589b71938;locationS36;RequestProject/Kant/Codec/Model.lean8;evidenceS15;MACHINE_CHECKED","RequestProject","O7;13;source_systemS5;lean411;source_fileS36;RequestProject/Kant/Codec/Model.lean13;source_formatS4;text11;imported_atI+0;14;transformed_atI+0;15;transformationsL0;13;parent_objectS0;","9d7d88a9859fc426ac3dad918224cbb998773139e147db801493c65055d39293"
"proof.Kant.Dasl.decode_mkCid","Kant.Dasl.decode_mkCid","lean4","VALID","RequestProject/Kant/Dasl.lean","114","L1;S24;obj.Kant.Dasl.daslPrefix","L0;","elaborated and checked by the Lean kernel","L1;S26;obj.Kant.Dasl.decode_mkCid","L1;S28;claim.Kant.Dasl.decode_mkCid","L1;S26;proof.Kant.Dasl.daslPrefix","O4;4;kindS12;lean4-kernel6;digestS64;6e99a8ca72bda1e4d9998a1df42070dbd336c5ff5b3460f27f3698b4d03dd3118;locationS29;RequestProject/Kant/Dasl.lean8;evidenceS15;MACHINE_CHECKED","RequestProject","O7;13;source_systemS5;lean411;source_fileS29;RequestProject/Kant/Dasl.lean13;source_formatS4;text11;imported_atI+0;14;transformed_atI+114;15;transformationsL0;13;parent_objectS0;","839c1c39e1ff47a21f6309591101a3459110efd33de204dc7fe5c85303ff42ff"
"proof.Kant.Relay.Msg.mk.injEq","Kant.Relay.Msg.mk.injEq","lean4","VALID","RequestProject/Kant/Relay.lean","0","L0;","L0;","elaborated and checked by the Lean kernel","L1;S27;obj.Kant.Relay.Msg.mk.injEq","L1;S29;claim.Kant.Relay.Msg.mk.injEq","L0;","O4;4;kindS12;lean4-kernel6;digestS64;e9b055734d132035d0e62cd7fa68b29ebdae1b2924891ec7118af0ede758c9288;locationS30;RequestProject/Kant/Relay.lean8;evidenceS15;MACHINE_CHECKED","RequestProject","O7;13;source_systemS5;lean411;source_fileS30;RequestProject/Kant/Relay.lean13;source_formatS4;text11;imported_atI+0;14;transformed_atI+0;15;transformationsL0;13;parent_objectS0;","546cb4d9f2ec96cd4ae8702bf2e1d49a3bb4cbabd2235327e2cd3e96427f3d74"
"proof.Kant.Store.get_put_eq","Kant.Store.get_put_eq","lean4","VALID","RequestProject/Kant/Paste.lean","132","L0;","L0;","elaborated and checked by the Lean kernel","L1;S25;obj.Kant.Store.get_put_eq","L1;S27;claim.Kant.Store.get_put_eq","L0;","O4;4;kindS12;lean4-kernel6;digestS64;f92010fef273726fb037238ed1406fbc4a4e3342561c7ed9e9fd6abb3e843b1e8;locationS30;RequestProject/Kant/Paste.lean8;evidenceS15;MACHINE_CHECKED","RequestProject","O7;13;source_systemS5;lean411;source_fileS30;RequestProject/Kant/Paste.lean13;source_formatS4;text11;imported_atI+0;14;transformed_atI+132;15;transformationsL0;13;parent_objectS0;","b42d5860d5cbc7a5adb66644158de8125760d7a0cf1422bfc6909d5035a655ac"
"proof.Kant.Diagnostics.Level.error.sizeOf_spec","Kant.Diagnostics.Level.error.sizeOf_spec","lean4","VALID","RequestProject/Kant/Diagnostics.lean","0","L0;","L0;","elaborated and checked by the Lean kernel","L1;S44;obj.Kant.Diagnostics.Level.error.sizeOf_spec","L1;S46;claim.Kant.Diagnostics.Level.error.sizeOf_spec","L0;","O4;4;kindS12;lean4-kernel6;digestS64;1d8854459cc50ad077d31467a6696943b6f42b192ccba8f69f939049231f6ae98;locationS36;RequestProject/Kant/Diagnostics.lean8;evidenceS15;MACHINE_CHECKED","RequestProject","O7;13;source_systemS5;lean411;source_fileS36;RequestProject/Kant/Diagnostics.lean13;source_formatS4;text11;imported_atI+0;14;transformed_atI+0;15;transformationsL0;13;parent_objectS0;","9b2213cd9d76ce6ef58e4c2508271d01ab6a349cc4f05a0867a4accf860c861b"
"proof.Kant.SiteCard.splitCh_ne_nil","Kant.SiteCard.splitCh_ne_nil","lean4","VALID","RequestProject/Kant/SiteCard.lean","77","L0;","L0;","elaborated and checked by the Lean kernel","L1;S32;obj.Kant.SiteCard.splitCh_ne_nil","L1;S34;claim.Kant.SiteCard.splitCh_ne_nil","L0;","O4;4;kindS12;lean4-kernel6;digestS64;a12cdaadd8bfa82b3f2d2d58f573946407ef09ef6781abe9e4a3ce375507e25a8;locationS33;RequestProject/Kant/SiteCard.lean8;evidenceS15;MACHINE_CHECKED","RequestProject","O7;13;source_systemS5;lean411;source_fileS33;RequestProject/Kant/SiteCard.lean13;source_formatS4;text11;imported_atI+0;14;transformed_atI+77;15;transformationsL0;13;parent_objectS0;","4929db32c1702550a6e52dd04f6cec138213a1d45d5507166816282e1e90c0d9"
"proof.Kant.Wasm.BinOp.apply.eq_4","Kant.Wasm.BinOp.apply.eq_4","lean4","VALID","RequestProject/Wasm/Semantics.lean","0","L0;","L0;","elaborated and checked by the Lean kernel","L1;S30;obj.Kant.Wasm.BinOp.apply.eq_4","L1;S32;claim.Kant.Wasm.BinOp.apply.eq_4","L0;","O4;4;kindS12;lean4-kernel6;digestS64;d54e0942bdef9d9e2a44abfe2ed01fd50a760b533b96cb40221da37bd563c49f8;locationS34;RequestProject/Wasm/Semantics.lean8;evidenceS15;MACHINE_CHECKED","RequestProject","O7;13;source_systemS5;lean411;source_fileS34;RequestProject/Wasm/Semantics.lean13;source_formatS4;text11;imported_atI+0;14;transformed_atI+0;15;transformationsL0;13;parent_objectS0;","419d7840ecdf6a62c923918d4c3fff15e7c6abfbda0289bc9e5c857a2e7bf16f"
"proof.Kant.Dom.mapM_map","Kant.Dom.mapM_map","lean4","VALID","RequestProject/Kant/Domain/Table.lean","292","L0;","L0;","elaborated and checked by the Lean kernel","L1;S21;obj.Kant.Dom.mapM_map","L1;S23;claim.Kant.Dom.mapM_map","L0;","O4;4;kindS12;lean4-kernel6;digestS64;250bcd4845e10a21c490b7bdc5fc0c7e76af5147cde6db972bae09c79b7a20fc8;locationS37;RequestProject/Kant/Domain/Table.lean8;evidenceS15;MACHINE_CHECKED","RequestProject","O7;13;source_systemS5;lean411;source_fileS37;RequestProject/Kant/Domain/Table.lean13;source_formatS4;text11;imported_atI+0;14;transformed_atI+292;15;transformationsL0;13;parent_objectS0;","8301a194640586e37b3506f60d86e060d0b98b7d1738cf298a3e45f5f6c1d0a6"
"proof.Kant.Dom.exchange_roundTrips","Kant.Dom.exchange_roundTrips","lean4","VALID","RequestProject/Kant/Domain/Package.lean","297","L0;","L0;","elaborated and checked by the Lean kernel","L1;S32;obj.Kant.Dom.exchange_roundTrips","L1;S34;claim.Kant.Dom.exchange_roundTrips","L0;","O4;4;kindS12;lean4-kernel6;digestS64;b667584e9866a7e24bec36e1518e04d129c78cb0cce49a74419bfaa7a6f5e41b8;locationS39;RequestProject/Kant/Domain/Package.lean8;evidenceS15;MACHINE_CHECKED","RequestProject","O7;13;source_systemS5;lean411;source_fileS39;RequestProject/Kant/Domain/Package.lean13;source_formatS4;text11;imported_atI+0;14;transformed_atI+297;15;transformationsL0;13;parent_objectS0;","aa4d69a521344f485f533e9bc8cf3e2b850d457cd961d08ed96f46bfd671fd71"
"proof.Kant.Wasm.Decode.instrDec.eq_2","Kant.Wasm.Decode.instrDec.eq_2","lean4","VALID","RequestProject/Wasm/Decode.lean","0","L2;S29;obj.Kant.Wasm.Decode.RawInstrS19;obj.Kant.Wasm.BinOp","L0;","elaborated and checked by the Lean kernel","L1;S34;obj.Kant.Wasm.Decode.instrDec.eq_2","L1;S36;claim.Kant.Wasm.Decode.instrDec.eq_2","L2;S31;proof.Kant.Wasm.Decode.RawInstrS21;proof.Kant.Wasm.BinOp","O4;4;kindS12;lean4-kernel6;digestS64;78a3ac0fce21b8437746ee9fb7a993dca2bf1db732e5025157f6fcb0dac0adf28;locationS31;RequestProject/Wasm/Decode.lean8;evidenceS15;MACHINE_CHECKED","RequestProject","O7;13;source_systemS5;lean411;source_fileS31;RequestProject/Wasm/Decode.lean13;source_formatS4;text11;imported_atI+0;14;transformed_atI+0;15;transformationsL0;13;parent_objectS0;","d151ab519076ba1fd964393f27c189fc2967b60e72ab4565d23a325d79639ec2"
"proof.Kant.Uucp.stale_without_paste","Kant.Uucp.stale_without_paste","lean4","VALID","RequestProject/Kant/Uucp.lean","650","L0;","L0;","elaborated and checked by the Lean kernel","L1;S33;obj.Kant.Uucp.stale_without_paste","L1;S35;claim.Kant.Uucp.stale_without_paste","L0;","O4;4;kindS12;lean4-kernel6;digestS64;2c89df3ec84d5a5dda651b1a8be87ea60d125b2f22e4fec7d38de1121c7712588;locationS29;RequestProject/Kant/Uucp.lean8;evidenceS15;MACHINE_CHECKED","RequestProject","O7;13;source_systemS5;lean411;source_fileS29;RequestProject/Kant/Uucp.lean13;source_formatS4;text11;imported_atI+0;14;transformed_atI+650;15;transformationsL0;13;parent_objectS0;","f4418c67c466e03f3331fad2fb95277c42e603cfe4341a455587a2a7b204c582"
"proof.Kant.Cli.space_not_mem_decNum","Kant.Cli.space_not_mem_decNum","lean4","VALID","RequestProject/Kant/Cli.lean","412","L0;","L0;","elaborated and checked by the Lean kernel","L1;S33;obj.Kant.Cli.space_not_mem_decNum","L1;S35;claim.Kant.Cli.space_not_mem_decNum","L0;","O4;4;kindS12;lean4-kernel6;digestS64;bb84f120411c052bceaf8d92f92cba14f28a5c471203ab8135a194872c113af28;locationS28;RequestProject/Kant/Cli.lean8;evidenceS15;MACHINE_CHECKED","RequestProject","O7;13;source_systemS5;lean411;source_fileS28;RequestProject/Kant/Cli.lean13;source_formatS4;text11;imported_atI+0;14;transformed_atI+412;15;transformationsL0;13;parent_objectS0;","fa3aff53bc745f1e26b8d20426121f11752ce29798eb68b887d22bc768c7f32b"
"proof.Kant.Handoff.carry_idem","Kant.Handoff.carry_idem","lean4","VALID","RequestProject/Kant/Handoff.lean","277","L0;","L0;","elaborated and checked by the Lean kernel","L1;S27;obj.Kant.Handoff.carry_idem","L1;S29;claim.Kant.Handoff.carry_idem","L0;","O4;4;kindS12;lean4-kernel6;digestS64;81cffba6b21c65da6576b798b4cef21995fd37af92ff0758039cc76cb9f226978;locationS32;RequestProject/Kant/Handoff.lean8;evidenceS15;MACHINE_CHECKED","RequestProject","O7;13;source_systemS5;lean411;source_fileS32;RequestProject/Kant/Handoff.lean13;source_formatS4;text11;imported_atI+0;14;transformed_atI+277;15;transformationsL0;13;parent_objectS0;","7684c062c53b4000b815834539e0fcd3becc66d6aaa0d1e62d1a19e7f7ecad39"
"proof.Kant.Join.codePart_junk","Kant.Join.codePart_junk","lean4","VALID","RequestProject/Kant/Join.lean","267","L0;","L0;","elaborated and checked by the Lean kernel","L1;S27;obj.Kant.Join.codePart_junk","L1;S29;claim.Kant.Join.codePart_junk","L0;","O4;4;kindS12;lean4-kernel6;digestS64;98ffd0cbd55d1c02f331a36bbf66e19136391cf9106443acc857b91e43e457438;locationS29;RequestProject/Kant/Join.lean8;evidenceS15;MACHINE_CHECKED","RequestProject","O7;13;source_systemS5;lean411;source_fileS29;RequestProject/Kant/Join.lean13;source_formatS4;text11;imported_atI+0;14;transformed_atI+267;15;transformationsL0;13;parent_objectS0;","fe2df39433169178066b0b24fa7f049b63af110daf12f3be9560257785d97c61"
"proof.Kant.InviteCard.inviteCard_scan_room","Kant.InviteCard.inviteCard_scan_room","lean4","VALID","RequestProject/Kant/InviteCard.lean","230","L0;","L0;","elaborated and checked by the Lean kernel","L1;S40;obj.Kant.InviteCard.inviteCard_scan_room","L1;S42;claim.Kant.InviteCard.inviteCard_scan_room","L0;","O4;4;kindS12;lean4-kernel6;digestS64;d6123d035952efd8b1e23ed7493e16b783860fc3890d9fa2edcc369bf1b0dec18;locationS35;RequestProject/Kant/InviteCard.lean8;evidenceS15;MACHINE_CHECKED","RequestProject","O7;13;source_systemS5;lean411;source_fileS35;RequestProject/Kant/InviteCard.lean13;source_formatS4;text11;imported_atI+0;14;transformed_atI+230;15;transformationsL0;13;parent_objectS0;","6517645a8c978e9b1a046ee65e3f1698c768ad4e9d031821047686c9e728cd9e"
"proof.Kant.Wasm.Kernel.eval_reflect59E","Kant.Wasm.Kernel.eval_reflect59E","lean4","VALID","RequestProject/Wasm/KernelSpec.lean","289","L0;","L0;","elaborated and checked by the Lean kernel","L1;S36;obj.Kant.Wasm.Kernel.eval_reflect59E","L1;S38;claim.Kant.Wasm.Kernel.eval_reflect59E","L0;","O4;4;kindS12;lean4-kernel6;digestS64;6aaa30efb0640c9d09223d1f18af6866f46646e96c2d2127aa542e34667f24e88;locationS35;RequestProject/Wasm/KernelSpec.lean8;evidenceS15;MACHINE_CHECKED","RequestProject","O7;13;source_systemS5;lean411;source_fileS35;RequestProject/Wasm/KernelSpec.lean13;source_formatS4;text11;imported_atI+0;14;transformed_atI+289;15;transformationsL0;13;parent_objectS0;","bbff37f8a167e4cdc47734beb19b3aea055af223c7025fc72a9073c82f8510e4"
