"object_id","kind","name","truth_status","claim","inputs","parameters","transformations","outputs","claim_refs","evidence_refs","proof_refs","error_refs","value","provenance","canonical_hash"
"obj.Kant.Dom.citedProof","def","Kant.Dom.citedProof","ASSERTED","Kant.Dom.Domain → Kant.Dom.DomObj → Option Kant.Dom.ProofRec","L1;S31;obj.Kant.Dom.citedProof.match_1","O0;","L0;","L0;","L0;","L0;","L0;","L0;","S60;Kant.Dom.Domain → Kant.Dom.DomObj → Option Kant.Dom.ProofRec","O7;13;source_systemS5;lean411;source_fileS38;RequestProject/Kant/Domain/Ledger.lean13;source_formatS4;text11;imported_atI+0;14;transformed_atI+156;15;transformationsL0;13;parent_objectS0;","42d66408ddab48ec955b6afdb2f1cb6f3ba71814453eab627c57bddbc36fb165"
"obj.Kant.Onboarding.Event.startCamera.sizeOf_spec","theorem","Kant.Onboarding.Event.startCamera.sizeOf_spec","PROVEN","Eq (Kant.Onboarding.Event._sizeOf_inst.sizeOf Kant.Onboarding.Event.startCamera) 1","L0;","O0;","L0;","L0;","L1;S51;claim.Kant.Onboarding.Event.startCamera.sizeOf_spec","L0;","L1;S51;proof.Kant.Onboarding.Event.startCamera.sizeOf_spec","L0;","S82;Eq (Kant.Onboarding.Event._sizeOf_inst.sizeOf Kant.Onboarding.Event.startCamera) 1","O7;13;source_systemS5;lean411;source_fileS35;RequestProject/Kant/Onboarding.lean13;source_formatS4;text11;imported_atI+0;14;transformed_atI+0;15;transformationsL0;13;parent_objectS0;","d2a4c78d0af356adb2ddd7aac213d45a0764d39175ea2347bbb548ca0facb774"
"obj.Kant.Uucp.Node.mk.sizeOf_spec","theorem","Kant.Uucp.Node.mk.sizeOf_spec","PROVEN","∀ (name : List Char) (spool : List Kant.Relay.Msg) (clock : Nat),   Eq (Kant.Uucp.Node._sizeOf_inst.sizeOf { name := name, spool := spool, clock := clock })     (instHAdd.hAdd       (instHAdd.hAdd (instHAdd.hAdd 1 ((List._sizeOf_inst Char).sizeOf name))         ((List._sizeOf_inst Kant.Relay.Msg).sizeOf spool))       (instSizeOfNat.sizeOf clock))","L0;","O0;","L0;","L0;","L1;S35;claim.Kant.Uucp.Node.mk.sizeOf_spec","L0;","L1;S35;proof.Kant.Uucp.Node.mk.sizeOf_spec","L0;","S348;∀ (name : List Char) (spool : List Kant.Relay.Msg) (clock : Nat),   Eq (Kant.Uucp.Node._sizeOf_inst.sizeOf { name := name, spool := spool, clock := clock })     (instHAdd.hAdd       (instHAdd.hAdd (instHAdd.hAdd 1 ((List._sizeOf_inst Char).sizeOf name))         ((List._sizeOf_inst Kant.Relay.Msg).sizeOf spool))       (instSizeOfNat.sizeOf clock))","O7;13;source_systemS5;lean411;source_fileS29;RequestProject/Kant/Uucp.lean13;source_formatS4;text11;imported_atI+0;14;transformed_atI+0;15;transformationsL0;13;parent_objectS0;","b5664703f7d13e273a3b26792d876b9c8906b94808dc7a2d77c615941d9d99d2"
"obj.Kant.Dom.readCellSep.eq_2","theorem","Kant.Dom.readCellSep.eq_2","PROVEN","∀ (x : List Char),   (∀ (s : List Char), Eq x (List.cons '\""' s) → False) → Eq (Kant.Dom.readCellSep x) Option.none","L0;","O0;","L0;","L0;","L1;S31;claim.Kant.Dom.readCellSep.eq_2","L0;","L1;S31;proof.Kant.Dom.readCellSep.eq_2","L0;","S115;∀ (x : List Char),   (∀ (s : List Char), Eq x (List.cons '\""' s) → False) → Eq (Kant.Dom.readCellSep x) Option.none","O7;13;source_systemS5;lean411;source_fileS37;RequestProject/Kant/Domain/Table.lean13;source_formatS4;text11;imported_atI+0;14;transformed_atI+0;15;transformationsL0;13;parent_objectS0;","77d0ea0996885c0d1e560f2635beca9a51b6a6bc93a807a7d0af19bd1caa0834"
"obj.Kant.Codec.Obj.toVal.eq_1","theorem","Kant.Codec.Obj.toVal.eq_1","PROVEN","∀ (o : Kant.Codec.Obj),   Eq o.toVal     (Kant.Codec.Val.obj       (List.cons { fst := ""id"".toList, snd := Kant.Codec.Val.str o.id }         (List.cons { fst := ""version"".toList, snd := Kant.Codec.Val.str o.version }           (List.cons { fst := ""kind"".toList, snd := Kant.Codec.Val.str o.kind }             (List.cons               { fst := ""inputs"".toList,                 snd := Kant.Codec.Val.list (List.map Kant.Codec.Inp.toVal o.inputs) }               (List.cons { fst := ""assumptions"".toList, snd := Kant.Codec.Val.list o.assumptions }                 (List.cons { fst := ""parameters"".toList, snd := Kant.Codec.Val.obj o.parameters }                   (List.cons { fst := ""procedure"".toList, snd := Kant.Codec.Val.str o.procedure }                     (List.cons                       { fst := ""intermediate"".toList, snd := Kant.Codec.Val.list o.intermediate }                       (List.cons                         { fst := ""outputs"".toList,                           snd := Kant.Codec.Val.list (List.map Kant.Codec.Outp.toVal o.outputs) }                         (List.cons { fst := ""claims"".toList, snd := Kant.Codec.Val.list o.claims }                           (List.cons                             { fst := ""certificates"".toList,                               snd := Kant.Codec.Val.list o.certificates }                             (List.cons                               { fst := ""errors"".toList,                                 snd :=                                   Kant.Codec.Val.list (List.map Kant.Codec.Err.toVal o.errors) }                               (List.cons                                 { fst := ""warnings"".toList,                                   snd :=                                     Kant.Codec.Val.list (List.map Kant.Codec.Err.toVal o.warnings) }                                 (List.cons                                   { fst := ""provenance"".toList,                                     snd := Kant.Codec.optVal Kant.Codec.Prov.toVal o.provenance }                                   (List.cons                                     { fst := ""metadata"".toList,                                       snd := Kant.Codec.Val.obj o.metadata }                                     (List.cons                                       { fst := ""source_format"".toList,                                         snd := Kant.Codec.Val.str o.sourceFormat.name }                                       (List.cons                                         { fst := ""source_data"".toList,                                           snd := Kant.Codec.Val.str o.sourceData }                                         (List.cons                                           { fst := ""status"".toList,                                             snd := Kant.Codec.Val.str o.status.name }                                           (List.cons                                             { fst := ""extensions"".toList,                                               snd := Kant.Codec.Val.obj o.extensions }                                             List.nil))))))))))))))))))))","L4;S29;obj.Kant.Codec.Obj.parametersS31;obj.Kant.Codec.Obj.intermediateS18;obj.Kant.Codec.ErrS29;obj.Kant.Codec.Obj.extensions","O0;","L0;","L0;","L1;S31;claim.Kant.Codec.Obj.toVal.eq_1","L0;","L1;S31;proof.Kant.Codec.Obj.toVal.eq_1","L0;","S3087;∀ (o : Kant.Codec.Obj),   Eq o.toVal     (Kant.Codec.Val.obj       (List.cons { fst := ""id"".toList, snd := Kant.Codec.Val.str o.id }         (List.cons { fst := ""version"".toList, snd := Kant.Codec.Val.str o.version }           (List.cons { fst := ""kind"".toList, snd := Kant.Codec.Val.str o.kind }             (List.cons               { fst := ""inputs"".toList,                 snd := Kant.Codec.Val.list (List.map Kant.Codec.Inp.toVal o.inputs) }               (List.cons { fst := ""assumptions"".toList, snd := Kant.Codec.Val.list o.assumptions }                 (List.cons { fst := ""parameters"".toList, snd := Kant.Codec.Val.obj o.parameters }                   (List.cons { fst := ""procedure"".toList, snd := Kant.Codec.Val.str o.procedure }                     (List.cons                       { fst := ""intermediate"".toList, snd := Kant.Codec.Val.list o.intermediate }                       (List.cons                         { fst := ""outputs"".toList,                           snd := Kant.Codec.Val.list (List.map Kant.Codec.Outp.toVal o.outputs) }                         (List.cons { fst := ""claims"".toList, snd := Kant.Codec.Val.list o.claims }                           (List.cons                             { fst := ""certificates"".toList,                               snd := Kant.Codec.Val.list o.certificates }                             (List.cons                               { fst := ""errors"".toList,                                 snd :=                                   Kant.Codec.Val.list (List.map Kant.Codec.Err.toVal o.errors) }                               (List.cons                                 { fst := ""warnings"".toList,                                   snd :=                                     Kant.Codec.Val.list (List.map Kant.Codec.Err.toVal o.warnings) }                                 (List.cons                                   { fst := ""provenance"".toList,                                     snd := Kant.Codec.optVal Kant.Codec.Prov.toVal o.provenance }                                   (List.cons                                     { fst := ""metadata"".toList,                                       snd := Kant.Codec.Val.obj o.metadata }                                     (List.cons                                       { fst := ""source_format"".toList,                                         snd := Kant.Codec.Val.str o.sourceFormat.name }                                       (List.cons                                         { fst := ""source_data"".toList,                                           snd := Kant.Codec.Val.str o.sourceData }                                         (List.cons                                           { fst := ""status"".toList,                                             snd := Kant.Codec.Val.str o.status.name }                                           (List.cons                                             { fst := ""extensions"".toList,                                               snd := Kant.Codec.Val.obj o.extensions }                                             List.nil))))))))))))))))))))","O7;13;source_systemS5;lean411;source_fileS36;RequestProject/Kant/Codec/Model.lean13;source_formatS4;text11;imported_atI+0;14;transformed_atI+0;15;transformationsL0;13;parent_objectS0;","0768c0c345a21ec148699c447dacae1ede165742662c2efb2ed0b3ccc54e7548"
"obj.Kant.SiteCard.Config.mk.inj","theorem","Kant.SiteCard.Config.mk.inj","PROVEN","∀ {origin caption picture alt origin_1 caption_1 picture_1 alt_1 : List Char},   Eq { origin := origin, caption := caption, picture := picture, alt := alt }       { origin := origin_1, caption := caption_1, picture := picture_1, alt := alt_1 } →     And (Eq origin origin_1)       (And (Eq caption caption_1) (And (Eq picture picture_1) (Eq alt alt_1)))","L0;","O0;","L0;","L0;","L1;S33;claim.Kant.SiteCard.Config.mk.inj","L0;","L1;S33;proof.Kant.SiteCard.Config.mk.inj","L0;","S353;∀ {origin caption picture alt origin_1 caption_1 picture_1 alt_1 : List Char},   Eq { origin := origin, caption := caption, picture := picture, alt := alt }       { origin := origin_1, caption := caption_1, picture := picture_1, alt := alt_1 } →     And (Eq origin origin_1)       (And (Eq caption caption_1) (And (Eq picture picture_1) (Eq alt alt_1)))","O7;13;source_systemS5;lean411;source_fileS33;RequestProject/Kant/SiteCard.lean13;source_formatS4;text11;imported_atI+0;14;transformed_atI+0;15;transformationsL0;13;parent_objectS0;","9b95aa4d18c44d76e622f235be77ce2150d52850e64abd109903f0121d36d5bb"
"obj.Kant.Codec.canonEncList.eq_def","theorem","Kant.Codec.canonEncList.eq_def","PROVEN","∀ (x : List Kant.Codec.Val),   Eq (Kant.Codec.canonEncList x)     (Kant.Codec.canonEncList.match_1 (fun x => List Char) x (fun _ => List.nil) fun v vs =>       instHAppendOfAppend.hAppend (Kant.Codec.canonEnc v) (Kant.Codec.canonEncList vs))","L0;","O0;","L0;","L0;","L1;S36;claim.Kant.Codec.canonEncList.eq_def","L0;","L1;S36;proof.Kant.Codec.canonEncList.eq_def","L0;","S241;∀ (x : List Kant.Codec.Val),   Eq (Kant.Codec.canonEncList x)     (Kant.Codec.canonEncList.match_1 (fun x => List Char) x (fun _ => List.nil) fun v vs =>       instHAppendOfAppend.hAppend (Kant.Codec.canonEnc v) (Kant.Codec.canonEncList vs))","O7;13;source_systemS5;lean411;source_fileS34;RequestProject/Kant/Codec/Val.lean13;source_formatS4;text11;imported_atI+0;14;transformed_atI+0;15;transformationsL0;13;parent_objectS0;","e567dfc3715e88593199c489e589ddf68c293961c4a43f8b006f78b30d918558"
"obj.Kant.Wasm.Leb128.ulebDec_uleb","theorem","Kant.Wasm.Leb128.ulebDec_uleb","PROVEN","∀ (n : Nat) (rest : List UInt8),   Eq (Kant.Wasm.Leb128.ulebDec (instHAppendOfAppend.hAppend (Kant.Wasm.Leb128.uleb n) rest))     (Option.some { fst := n, snd := rest })","L0;","O0;","L0;","L0;","L1;S35;claim.Kant.Wasm.Leb128.ulebDec_uleb","L0;","L1;S35;proof.Kant.Wasm.Leb128.ulebDec_uleb","L0;","S169;∀ (n : Nat) (rest : List UInt8),   Eq (Kant.Wasm.Leb128.ulebDec (instHAppendOfAppend.hAppend (Kant.Wasm.Leb128.uleb n) rest))     (Option.some { fst := n, snd := rest })","O7;13;source_systemS5;lean411;source_fileS31;RequestProject/Wasm/Leb128.lean13;source_formatS4;text11;imported_atI+0;14;transformed_atI+49;15;transformationsL0;13;parent_objectS0;","417bba27c1b76d52493e3e6ef36a3eb596c2b70afd26bb941c5cfc4c56d138b7"
"obj.Kant.SiteCard.Config.Wf.ascii","theorem","Kant.SiteCard.Config.Wf.ascii","PROVEN","∀ {c : Kant.SiteCard.Config}, c.Wf → Kant.Text.IsAscii c.origin","L1;S31;obj.Kant.SiteCard.Config.origin","O0;","L0;","L0;","L1;S35;claim.Kant.SiteCard.Config.Wf.ascii","L0;","L1;S35;proof.Kant.SiteCard.Config.Wf.ascii","L0;","S63;∀ {c : Kant.SiteCard.Config}, c.Wf → Kant.Text.IsAscii c.origin","O7;13;source_systemS5;lean411;source_fileS33;RequestProject/Kant/SiteCard.lean13;source_formatS4;text11;imported_atI+0;14;transformed_atI+168;15;transformationsL0;13;parent_objectS0;","99a4cf17299fa59ce6052a99dd6ec1d799e67829c5a8d93239ebe535cfccbf9d"
"obj.Kant.Feed.replies","def","Kant.Feed.replies","ASSERTED","List Char → List Kant.Paste → List Kant.Paste","L0;","O0;","L0;","L0;","L0;","L0;","L0;","L0;","S45;List Char → List Kant.Paste → List Kant.Paste","O7;13;source_systemS5;lean411;source_fileS29;RequestProject/Kant/Feed.lean13;source_formatS4;text11;imported_atI+0;14;transformed_atI+233;15;transformationsL0;13;parent_objectS0;","bcf523c50bcf84fc0750d9f5afc478cf1fb8523cf8cc3422f7630f2fcfd3f975"
"obj.Kant.CardDebug.roomOf?","def","Kant.CardDebug.roomOf?","ASSERTED","Kant.CardDebug.Code → Option (List Char)","L0;","O0;","L0;","L0;","L0;","L0;","L0;","L0;","S40;Kant.CardDebug.Code → Option (List Char)","O7;13;source_systemS5;lean411;source_fileS34;RequestProject/Kant/CardDebug.lean13;source_formatS4;text11;imported_atI+0;14;transformed_atI+117;15;transformationsL0;13;parent_objectS0;","bfa61ff82ab3325d020b30a17472722a8cbd19d809d0ab0f43a4cddcf22e1ecc"
"obj.Kant.PlainText.Meta.mk.noConfusion","def","Kant.PlainText.Meta.mk.noConfusion","ASSERTED","{P : Sort u} →   {title link address posted title' link' address' posted' : List Char} →     Eq { title := title, link := link, address := address, posted := posted }         { title := title', link := link', address := address', posted := posted' } →       (Eq title title' → Eq link link' → Eq address address' → Eq posted posted' → P) → P","L0;","O0;","L0;","L0;","L0;","L0;","L0;","L0;","S341;{P : Sort u} →   {title link address posted title' link' address' posted' : List Char} →     Eq { title := title, link := link, address := address, posted := posted }         { title := title', link := link', address := address', posted := posted' } →       (Eq title title' → Eq link link' → Eq address address' → Eq posted posted' → P) → P","O7;13;source_systemS5;lean411;source_fileS34;RequestProject/Kant/PlainText.lean13;source_formatS4;text11;imported_atI+0;14;transformed_atI+87;15;transformationsL0;13;parent_objectS0;","7f5098223c8c92e330b68e06db4286200004bf0d4d0467495ce42993c2315a26"
"obj.Kant.Connectivity.Reachability.originIsRelay","def","Kant.Connectivity.Reachability.originIsRelay","ASSERTED","Kant.Connectivity.Reachability → Bool","L1;S34;obj.Kant.Connectivity.Reachability","O0;","L0;","L0;","L0;","L0;","L0;","L0;","S37;Kant.Connectivity.Reachability → Bool","O7;13;source_systemS5;lean411;source_fileS37;RequestProject/Kant/Connectivity.lean13;source_formatS4;text11;imported_atI+0;14;transformed_atI+59;15;transformationsL0;13;parent_objectS0;","bbfe781de90a11f6e1476e8a7dd3def1ace9ecb40deb0f307ebd64ee00ebfc2b"
"obj.Kant.Uucp.Carrier.ofNat","def","Kant.Uucp.Carrier.ofNat","ASSERTED","Nat → Kant.Uucp.Carrier","L0;","O0;","L0;","L0;","L0;","L0;","L0;","L0;","S23;Nat → Kant.Uucp.Carrier","O7;13;source_systemS5;lean411;source_fileS29;RequestProject/Kant/Uucp.lean13;source_formatS4;text11;imported_atI+0;14;transformed_atI+0;15;transformationsL0;13;parent_objectS0;","3d5f64c2dc08645a1414cd31debd97352262527ed731f9dc9d2145f22cb294a7"
"obj.Kant.Dom.Evid.ctorElimType","def","Kant.Dom.Evid.ctorElimType","ASSERTED","{motive : Kant.Dom.Evid → Sort u} → Nat → Sort (max 1 u)","L0;","O0;","L0;","L0;","L0;","L0;","L0;","L0;","S56;{motive : Kant.Dom.Evid → Sort u} → Nat → Sort (max 1 u)","O7;13;source_systemS5;lean411;source_fileS37;RequestProject/Kant/Domain/Model.lean13;source_formatS4;text11;imported_atI+0;14;transformed_atI+0;15;transformationsL0;13;parent_objectS0;","b1e2db17cc0600f71599a71fcf0c6914112ddfbdf028b6b5e0472344e4daa322"
"obj.Kant.Codec.Outp.casesOn","def","Kant.Codec.Outp.casesOn","ASSERTED","{motive : Kant.Codec.Outp → Sort u} →   (t : Kant.Codec.Outp) →     ((id name type : List Char) →         (value : Kant.Codec.Val) →           (encoding : List Char) →             (claims : List Kant.Codec.Val) →               (certificate : Kant.Codec.Val) →                 (provenance : Option Kant.Codec.Prov) →                   motive                     { id := id, name := name, type := type, value := value, encoding := encoding,                       claims := claims, certificate := certificate, provenance := provenance }) →       motive t","L0;","O0;","L0;","L0;","L0;","L0;","L0;","L0;","S551;{motive : Kant.Codec.Outp → Sort u} →   (t : Kant.Codec.Outp) →     ((id name type : List Char) →         (value : Kant.Codec.Val) →           (encoding : List Char) →             (claims : List Kant.Codec.Val) →               (certificate : Kant.Codec.Val) →                 (provenance : Option Kant.Codec.Prov) →                   motive                     { id := id, name := name, type := type, value := value, encoding := encoding,                       claims := claims, certificate := certificate, provenance := provenance }) →       motive t","O7;13;source_systemS5;lean411;source_fileS36;RequestProject/Kant/Codec/Model.lean13;source_formatS4;text11;imported_atI+0;14;transformed_atI+394;15;transformationsL0;13;parent_objectS0;","033477e68ee516f9cdf68a31861feef68ccdb2b8aa037b13c0e48ccf72ffebf0"
"obj.Kant.Dasl.rotate71.eq_1","theorem","Kant.Dasl.rotate71.eq_1","PROVEN","∀ (o : Kant.Dasl.Orbifold) (k : Nat),   Eq (Kant.Dasl.rotate71 o k) { l := instHMod.hMod (instHAdd.hAdd o.l k) 71, m := o.m, n := o.n }","L1;S22;obj.Kant.Dasl.rotate71","O0;","L0;","L0;","L1;S29;claim.Kant.Dasl.rotate71.eq_1","L0;","L1;S29;proof.Kant.Dasl.rotate71.eq_1","L0;","S135;∀ (o : Kant.Dasl.Orbifold) (k : Nat),   Eq (Kant.Dasl.rotate71 o k) { l := instHMod.hMod (instHAdd.hAdd o.l k) 71, m := o.m, n := o.n }","O7;13;source_systemS5;lean411;source_fileS29;RequestProject/Kant/Dasl.lean13;source_formatS4;text11;imported_atI+0;14;transformed_atI+0;15;transformationsL0;13;parent_objectS0;","643fc6b205b40c6e76dc3a3e6cc5a9612efde575ea59593097685b0d402008a3"
"obj.Kant.Cli.browserSay","def","Kant.Cli.browserSay","ASSERTED","Kant.Relay.Server → Kant.Cli.Client → Kant.Bytes.Blob → Prod Kant.Relay.Server Kant.Cli.Client","L0;","O0;","L0;","L0;","L0;","L0;","L0;","L0;","S94;Kant.Relay.Server → Kant.Cli.Client → Kant.Bytes.Blob → Prod Kant.Relay.Server Kant.Cli.Client","O7;13;source_systemS5;lean411;source_fileS28;RequestProject/Kant/Cli.lean13;source_formatS4;text11;imported_atI+0;14;transformed_atI+365;15;transformationsL0;13;parent_objectS0;","6a009bc427a632d5c04f5ea0c2b79e42cee1a3552e682f3f10347a2c8d34cf2c"
"obj.Kant.Wasm.Decode.VType","inductive","Kant.Wasm.Decode.VType","ASSERTED","Type","L0;","O0;","L0;","L0;","L0;","L0;","L0;","L0;","S4;Type","O7;13;source_systemS5;lean411;source_fileS31;RequestProject/Wasm/Decode.lean13;source_formatS4;text11;imported_atI+0;14;transformed_atI+566;15;transformationsL0;13;parent_objectS0;","d4c73f11e531f159fb6bd769c1799386d99c0fb22e27fd734ec16080f20907a0"
"obj.Kant.Cli.Loaded.ctorElim","def","Kant.Cli.Loaded.ctorElim","ASSERTED","{motive : Kant.Cli.Loaded → Sort u} →   (ctorIdx : Nat) →     (t : Kant.Cli.Loaded) → Eq ctorIdx t.ctorIdx → Kant.Cli.Loaded.ctorElimType ctorIdx → motive t","L1;S32;obj.Kant.Cli.Loaded.ctorElimType","O0;","L0;","L0;","L0;","L0;","L0;","L0;","S156;{motive : Kant.Cli.Loaded → Sort u} →   (ctorIdx : Nat) →     (t : Kant.Cli.Loaded) → Eq ctorIdx t.ctorIdx → Kant.Cli.Loaded.ctorElimType ctorIdx → motive t","O7;13;source_systemS5;lean411;source_fileS28;RequestProject/Kant/Cli.lean13;source_formatS4;text11;imported_atI+0;14;transformed_atI+548;15;transformationsL0;13;parent_objectS0;","57de952c064668e6b227eff2e99f05e95dfb63059b0a14a0cf54374a6561bb83"
"obj.Kant.Dom.Coverage.partiallyProven.elim","def","Kant.Dom.Coverage.partiallyProven.elim","ASSERTED","{motive : Kant.Dom.Coverage → Sort u} →   (t : Kant.Dom.Coverage) → Eq t.ctorIdx 1 → motive Kant.Dom.Coverage.partiallyProven → motive t","L0;","O0;","L0;","L0;","L0;","L0;","L0;","L0;","S136;{motive : Kant.Dom.Coverage → Sort u} →   (t : Kant.Dom.Coverage) → Eq t.ctorIdx 1 → motive Kant.Dom.Coverage.partiallyProven → motive t","O7;13;source_systemS5;lean411;source_fileS37;RequestProject/Kant/Domain/Model.lean13;source_formatS4;text11;imported_atI+0;14;transformed_atI+74;15;transformationsL0;13;parent_objectS0;","32e2b314f709d43cfc95ffabd98fd1e71c99cda4311792823f2cded42ff475cd"
"obj.Kant.Dom.FormatReport.mk.injEq","theorem","Kant.Dom.FormatReport.mk.injEq","PROVEN","∀ (fmt : Kant.Codec.Fmt) (bytes : Nat) (decoded matchesCanonical : Bool) (hash : List Char)   (fmt_1 : Kant.Codec.Fmt) (bytes_1 : Nat) (decoded_1 matchesCanonical_1 : Bool)   (hash_1 : List Char),   Eq     (Eq       { fmt := fmt, bytes := bytes, decoded := decoded, matchesCanonical := matchesCanonical,         hash := hash }       { fmt := fmt_1, bytes := bytes_1, decoded := decoded_1,         matchesCanonical := matchesCanonical_1, hash := hash_1 })     (And (Eq fmt fmt_1)       (And (Eq bytes bytes_1)         (And (Eq decoded decoded_1)           (And (Eq matchesCanonical matchesCanonical_1) (Eq hash hash_1)))))","L0;","O0;","L0;","L0;","L1;S36;claim.Kant.Dom.FormatReport.mk.injEq","L0;","L1;S36;proof.Kant.Dom.FormatReport.mk.injEq","L0;","S621;∀ (fmt : Kant.Codec.Fmt) (bytes : Nat) (decoded matchesCanonical : Bool) (hash : List Char)   (fmt_1 : Kant.Codec.Fmt) (bytes_1 : Nat) (decoded_1 matchesCanonical_1 : Bool)   (hash_1 : List Char),   Eq     (Eq       { fmt := fmt, bytes := bytes, decoded := decoded, matchesCanonical := matchesCanonical,         hash := hash }       { fmt := fmt_1, bytes := bytes_1, decoded := decoded_1,         matchesCanonical := matchesCanonical_1, hash := hash_1 })     (And (Eq fmt fmt_1)       (And (Eq bytes bytes_1)         (And (Eq decoded decoded_1)           (And (Eq matchesCanonical matchesCanonical_1) (Eq hash hash_1)))))","O7;13;source_systemS5;lean411;source_fileS36;RequestProject/Kant/Domain/Emit.lean13;source_formatS4;text11;imported_atI+0;14;transformed_atI+0;15;transformationsL0;13;parent_objectS0;","90e389967ff0a67b5906751d17f0f9402b65e06929ef0749b9409492d4534bde"
"obj.Kant.Dom.scanOfVal_scanVal","theorem","Kant.Dom.scanOfVal_scanVal","PROVEN","∀ (ds : List Kant.Dom.Decl), Eq (Kant.Dom.scanOfVal (Kant.Dom.scanVal ds)) (Option.some ds)","L2;S23;obj.Kant.Dom.Decl.ofValS29;obj.Kant.Dom.Decl.ofVal_toVal","O0;","L0;","L0;","L1;S32;claim.Kant.Dom.scanOfVal_scanVal","L0;","L1;S32;proof.Kant.Dom.scanOfVal_scanVal","L0;","S91;∀ (ds : List Kant.Dom.Decl), Eq (Kant.Dom.scanOfVal (Kant.Dom.scanVal ds)) (Option.some ds)","O7;13;source_systemS5;lean411;source_fileS39;RequestProject/Kant/Domain/Catalog.lean13;source_formatS4;text11;imported_atI+0;14;transformed_atI+190;15;transformationsL0;13;parent_objectS0;","3e29f160bcb9a194cb6e2d9cc5c74fd727f40264ad8f7ec23520d7b03ae3d8b5"
"obj.Kant.Dom.citedProof.eq_1","theorem","Kant.Dom.citedProof.eq_1","PROVEN","∀ (d : Kant.Dom.Domain) (o : Kant.Dom.DomObj),   Eq (Kant.Dom.citedProof d o)     (Kant.Dom.citedProof.match_1 (fun x => Option Kant.Dom.ProofRec)       (List.find? (fun p => instBEqOfDecidableEq.beq p.status Kant.Dom.PStatus.valid)         (Kant.Dom.proofsOf d o))       (fun p => Option.some p) fun _ => (Kant.Dom.proofsOf d o).head?)","L2;S23;obj.Kant.Dom.citedProofS31;obj.Kant.Dom.citedProof.match_1","O0;","L0;","L0;","L1;S30;claim.Kant.Dom.citedProof.eq_1","L0;","L1;S30;proof.Kant.Dom.citedProof.eq_1","L0;","S336;∀ (d : Kant.Dom.Domain) (o : Kant.Dom.DomObj),   Eq (Kant.Dom.citedProof d o)     (Kant.Dom.citedProof.match_1 (fun x => Option Kant.Dom.ProofRec)       (List.find? (fun p => instBEqOfDecidableEq.beq p.status Kant.Dom.PStatus.valid)         (Kant.Dom.proofsOf d o))       (fun p => Option.some p) fun _ => (Kant.Dom.proofsOf d o).head?)","O7;13;source_systemS5;lean411;source_fileS38;RequestProject/Kant/Domain/Ledger.lean13;source_formatS4;text11;imported_atI+0;14;transformed_atI+0;15;transformationsL0;13;parent_objectS0;","861b3c9886b2584bc3e27d72f4af3cd0cf2dc826ed5726b1d7b22441a14b9fa6"
"obj.Kant.Paste.title","def","Kant.Paste.title","ASSERTED","Kant.Paste → List Char","L0;","O0;","L0;","L0;","L0;","L0;","L0;","L0;","S22;Kant.Paste → List Char","O7;13;source_systemS5;lean411;source_fileS30;RequestProject/Kant/Paste.lean13;source_formatS4;text11;imported_atI+0;14;transformed_atI+40;15;transformationsL0;13;parent_objectS0;","b5043c6f2e1cd3edeb829435f0ccbe7260617c26ad381f77422644753509478c"
"obj.Kant.Dom.Decl.ofVal","def","Kant.Dom.Decl.ofVal","ASSERTED","Kant.Codec.Val → Option Kant.Dom.Decl","L0;","O0;","L0;","L0;","L0;","L0;","L0;","L0;","S37;Kant.Codec.Val → Option Kant.Dom.Decl","O7;13;source_systemS5;lean411;source_fileS39;RequestProject/Kant/Domain/Catalog.lean13;source_formatS4;text11;imported_atI+0;14;transformed_atI+164;15;transformationsL0;13;parent_objectS0;","1eca4d512c492b02e6f8016bdf68ed3db3bfcd51623ad4c48da9f73e31d1eb2f"
"obj.Kant.SiteCard.readCard.eq_1","theorem","Kant.SiteCard.readCard.eq_1","PROVEN","∀ (doc : List Char),   Eq (Kant.SiteCard.readCard doc)     (ite (Eq (Kant.SiteCard.cardMarker.isPrefixOf doc) Bool.true)       (Kant.SiteCard.readCardLine         (List.takeWhile (fun x => Decidable.decide (Ne x '\n'))           (List.drop Kant.SiteCard.cardMarker.length doc)))       Option.none)","L1;S30;obj.Kant.SiteCard.readCardLine","O0;","L0;","L0;","L1;S33;claim.Kant.SiteCard.readCard.eq_1","L0;","L1;S33;proof.Kant.SiteCard.readCard.eq_1","L0;","S297;∀ (doc : List Char),   Eq (Kant.SiteCard.readCard doc)     (ite (Eq (Kant.SiteCard.cardMarker.isPrefixOf doc) Bool.true)       (Kant.SiteCard.readCardLine         (List.takeWhile (fun x => Decidable.decide (Ne x '\n'))           (List.drop Kant.SiteCard.cardMarker.length doc)))       Option.none)","O7;13;source_systemS5;lean411;source_fileS33;RequestProject/Kant/SiteCard.lean13;source_formatS4;text11;imported_atI+0;14;transformed_atI+0;15;transformationsL0;13;parent_objectS0;","5bf960719d5e6052056be3dab3be444d5434dddbdfadd4f4adb843abd8f026df"
"obj.Kant.Onboarding.State.camera","def","Kant.Onboarding.State.camera","ASSERTED","Kant.Onboarding.State → Bool","L0;","O0;","L0;","L0;","L0;","L0;","L0;","L0;","S28;Kant.Onboarding.State → Bool","O7;13;source_systemS5;lean411;source_fileS35;RequestProject/Kant/Onboarding.lean13;source_formatS4;text11;imported_atI+0;14;transformed_atI+116;15;transformationsL0;13;parent_objectS0;","299347f153cb9b8a04e5ca03fb94d9f5206cb854ba3959142355258123afde8f"
"obj.Kant.Wasm.CmpOp.gtu.elim","def","Kant.Wasm.CmpOp.gtu.elim","ASSERTED","{motive : Kant.Wasm.CmpOp → Sort u} →   (t : Kant.Wasm.CmpOp) → Eq t.ctorIdx 3 → motive Kant.Wasm.CmpOp.gtu → motive t","L0;","O0;","L0;","L0;","L0;","L0;","L0;","L0;","S118;{motive : Kant.Wasm.CmpOp → Sort u} →   (t : Kant.Wasm.CmpOp) → Eq t.ctorIdx 3 → motive Kant.Wasm.CmpOp.gtu → motive t","O7;13;source_systemS5;lean411;source_fileS31;RequestProject/Wasm/Syntax.lean13;source_formatS4;text11;imported_atI+0;14;transformed_atI+32;15;transformationsL0;13;parent_objectS0;","07b0a6d3ade2a3f810b6b16090cf1313992d6ec8ce3e333eaaa657e21dc581f9"
"obj.Kant.Meme.ofPastes","def","Kant.Meme.ofPastes","ASSERTED","Kant.Meme.Template → List Kant.Paste → Kant.Stego.Carrier","L0;","O0;","L0;","L0;","L0;","L0;","L0;","L0;","S57;Kant.Meme.Template → List Kant.Paste → Kant.Stego.Carrier","O7;13;source_systemS5;lean411;source_fileS29;RequestProject/Kant/Meme.lean13;source_formatS4;text11;imported_atI+0;14;transformed_atI+225;15;transformationsL0;13;parent_objectS0;","13bbb4560a62e3d7dc04cd598686d304350bc83610b28d7d1f0b5495a84b716a"
"obj.Kant.Cli.Client.link.eq_1","theorem","Kant.Cli.Client.link.eq_1","PROVEN","∀ (cfg : Kant.SiteCard.Config) (c : Kant.Cli.Client),   Eq (Kant.Cli.Client.link cfg c) (Kant.InviteCard.inviteUrl cfg c.invite)","L0;","O0;","L0;","L0;","L1;S31;claim.Kant.Cli.Client.link.eq_1","L0;","L1;S31;proof.Kant.Cli.Client.link.eq_1","L0;","S128;∀ (cfg : Kant.SiteCard.Config) (c : Kant.Cli.Client),   Eq (Kant.Cli.Client.link cfg c) (Kant.InviteCard.inviteUrl cfg c.invite)","O7;13;source_systemS5;lean411;source_fileS28;RequestProject/Kant/Cli.lean13;source_formatS4;text11;imported_atI+0;14;transformed_atI+0;15;transformationsL0;13;parent_objectS0;","df82a33ebaed35b69a50936833144b999942eea54b8e26f878c0dabec509bf9b"
"obj.Kant.Wasm.BinOp.and.sizeOf_spec","theorem","Kant.Wasm.BinOp.and.sizeOf_spec","PROVEN","Eq (Kant.Wasm.BinOp._sizeOf_inst.sizeOf Kant.Wasm.BinOp.and) 1","L0;","O0;","L0;","L0;","L1;S37;claim.Kant.Wasm.BinOp.and.sizeOf_spec","L0;","L1;S37;proof.Kant.Wasm.BinOp.and.sizeOf_spec","L0;","S62;Eq (Kant.Wasm.BinOp._sizeOf_inst.sizeOf Kant.Wasm.BinOp.and) 1","O7;13;source_systemS5;lean411;source_fileS31;RequestProject/Wasm/Syntax.lean13;source_formatS4;text11;imported_atI+0;14;transformed_atI+0;15;transformationsL0;13;parent_objectS0;","1ec630df613b520b3605674998c294186072de7edbb8e73134b9f8c599902ebe"
"obj.Kant.CardDebug.codeOfEnvelope","def","Kant.CardDebug.codeOfEnvelope","ASSERTED","Kant.Clipboard.Envelope → Option Kant.CardDebug.Code","L0;","O0;","L0;","L0;","L0;","L0;","L0;","L0;","S52;Kant.Clipboard.Envelope → Option Kant.CardDebug.Code","O7;13;source_systemS5;lean411;source_fileS34;RequestProject/Kant/CardDebug.lean13;source_formatS4;text11;imported_atI+0;14;transformed_atI+99;15;transformationsL0;13;parent_objectS0;","6901cb07cdd7ebd13e77419e1e22dd9ea2a661e21a1c2aebdced796542874478"
"obj.Kant.Codec.diffVal","def","Kant.Codec.diffVal","ASSERTED","List Char → Kant.Codec.Val → Kant.Codec.Val → List Kant.Codec.Difference","L0;","O0;","L0;","L0;","L0;","L0;","L0;","L0;","S72;List Char → Kant.Codec.Val → Kant.Codec.Val → List Kant.Codec.Difference","O7;13;source_systemS5;lean411;source_fileS40;RequestProject/Kant/Codec/Reconcile.lean13;source_formatS4;text11;imported_atI+0;14;transformed_atI+59;15;transformationsL0;13;parent_objectS0;","465b024d8bbda74802a7248126c7184b947bf139c6f113a6c22e833b3c24dd39"
"obj.Kant.Dom.encProv","def","Kant.Dom.encProv","ASSERTED","Option Kant.Codec.Prov → List Char","L0;","O0;","L0;","L0;","L0;","L0;","L0;","L0;","S34;Option Kant.Codec.Prov → List Char","O7;13;source_systemS5;lean411;source_fileS37;RequestProject/Kant/Domain/Table.lean13;source_formatS4;text11;imported_atI+0;14;transformed_atI+259;15;transformationsL0;13;parent_objectS0;","f7ea55261416ebd818264880dc0e3feba57646845c599d26da5a9ff7bf552449"
"obj.Kant.Dom.instReprEvent","def","Kant.Dom.instReprEvent","ASSERTED","Repr Kant.Dom.Event","L0;","O0;","L0;","L0;","L0;","L0;","L0;","L0;","S19;Repr Kant.Dom.Event","O7;13;source_systemS5;lean411;source_fileS38;RequestProject/Kant/Domain/Policy.lean13;source_formatS4;text11;imported_atI+0;14;transformed_atI+50;15;transformationsL0;13;parent_objectS0;","69b579d351554f55ab1bb1d0e7af9762edb8a0c7c3a048af08023b2018c474bc"
"obj.Kant.Repost.instDecidableEqQuote.decEq","def","Kant.Repost.instDecidableEqQuote.decEq","ASSERTED","(x x_1 : Kant.Repost.Quote) → Decidable (Eq x x_1)","L0;","O0;","L0;","L0;","L0;","L0;","L0;","L0;","S50;(x x_1 : Kant.Repost.Quote) → Decidable (Eq x x_1)","O7;13;source_systemS5;lean411;source_fileS31;RequestProject/Kant/Repost.lean13;source_formatS4;text11;imported_atI+0;14;transformed_atI+58;15;transformationsL0;13;parent_objectS0;","a2856d847a8f0669e551bbccc5284bd664d635775bfe72eb396e780d3da54428"
"obj.Kant.Dom.relationsVal","def","Kant.Dom.relationsVal","ASSERTED","Kant.Dom.Domain → Kant.Codec.Val","L0;","O0;","L0;","L0;","L0;","L0;","L0;","L0;","S32;Kant.Dom.Domain → Kant.Codec.Val","O7;13;source_systemS5;lean411;source_fileS36;RequestProject/Kant/Domain/Emit.lean13;source_formatS4;text11;imported_atI+0;14;transformed_atI+209;15;transformationsL0;13;parent_objectS0;","040fae8fc432255e7810cc762f601cf9294970ba33963d302d75671771f58b4b"
"obj.Kant.Dom.objectsOfTable","def","Kant.Dom.objectsOfTable","ASSERTED","List Char → Option (List Kant.Dom.DomObj)","L0;","O0;","L0;","L0;","L0;","L0;","L0;","L0;","S41;List Char → Option (List Kant.Dom.DomObj)","O7;13;source_systemS5;lean411;source_fileS37;RequestProject/Kant/Domain/Table.lean13;source_formatS4;text11;imported_atI+0;14;transformed_atI+342;15;transformationsL0;13;parent_objectS0;","ebd3f6fb126417562e29f687963405c1717d1d44f29bc8f08cb6a50d459fbeab"
"obj.Kant.Codec.Tests.tLossyB","def","Kant.Codec.Tests.tLossyB","ASSERTED","Kant.Codec.Obj","L3;S29;obj.Kant.Codec.Obj.parametersS31;obj.Kant.Codec.Obj.intermediateS29;obj.Kant.Codec.Obj.extensions","O0;","L0;","L0;","L0;","L0;","L0;","L0;","S14;Kant.Codec.Obj","O7;13;source_systemS5;lean411;source_fileS36;RequestProject/Kant/Codec/Tests.lean13;source_formatS4;text11;imported_atI+0;14;transformed_atI+207;15;transformationsL0;13;parent_objectS0;","395e77960c4766a4e672547f3a6dc1975b86ae10f09d8d8a7bf12a787fee2d7d"
"obj.Kant.Cli.Method.noConfusion","def","Kant.Cli.Method.noConfusion","ASSERTED","{P : Sort v✝} → {x y : Kant.Cli.Method} → Eq x y → Kant.Cli.Method.noConfusionType P x y","L0;","O0;","L0;","L0;","L0;","L0;","L0;","L0;","S88;{P : Sort v✝} → {x y : Kant.Cli.Method} → Eq x y → Kant.Cli.Method.noConfusionType P x y","O7;13;source_systemS5;lean411;source_fileS28;RequestProject/Kant/Cli.lean13;source_formatS4;text11;imported_atI+0;14;transformed_atI+142;15;transformationsL0;13;parent_objectS0;","397d25fa2d65eac697741c973eb34f4934b6ff2a82341a506ff57d6066635723"
"obj.Kant.Cli.digitsValue_decNum","theorem","Kant.Cli.digitsValue_decNum","PROVEN","∀ (n : Nat), Eq (Kant.Text.digitsValue (Kant.Cli.decNum n)) n","L0;","O0;","L0;","L0;","L1;S33;claim.Kant.Cli.digitsValue_decNum","L0;","L1;S33;proof.Kant.Cli.digitsValue_decNum","L0;","S61;∀ (n : Nat), Eq (Kant.Text.digitsValue (Kant.Cli.decNum n)) n","O7;13;source_systemS5;lean411;source_fileS28;RequestProject/Kant/Cli.lean13;source_formatS4;text11;imported_atI+0;14;transformed_atI+110;15;transformationsL0;13;parent_objectS0;","39a120e6cd603cfb39ce8970c8e4f6385cd4129c5de85b69f97fcdf4bee76e26"
"obj.Kant.Codec.Trans.ofVal.eq_1","theorem","Kant.Codec.Trans.ofVal.eq_1","PROVEN","∀ (fs : List (Prod (List Char) Kant.Codec.Val)),   Eq (Kant.Codec.Trans.ofVal (Kant.Codec.Val.obj fs)) do     let id ← Kant.Codec.getStr fs ""id"".toList     let operation ← Kant.Codec.getStr fs ""operation"".toList     let source ← (Kant.Codec.getStr fs ""source"".toList).bind Kant.Codec.Fmt.ofName     let dest ← (Kant.Codec.getStr fs ""destination"".toList).bind Kant.Codec.Fmt.ofName     let inputHash ← Kant.Codec.getStr fs ""input_hash"".toList     let outputHash ← Kant.Codec.getStr fs ""output_hash"".toList     let codec ← (Kant.Codec.getStr fs ""codec"".toList).bind Kant.Codec.Fmt.ofName     let codecVersion ← Kant.Codec.getStr fs ""codec_version"".toList     let lossiness ← (Kant.Codec.getStr fs ""lossiness"".toList).bind Kant.Codec.Loss.ofName     let errors ←       (Kant.Codec.getList fs ""errors"".toList).bind (Kant.Codec.listOf Kant.Codec.Err.ofVal)     let warnings ←       (Kant.Codec.getList fs ""warnings"".toList).bind (Kant.Codec.listOf Kant.Codec.Err.ofVal)     instAlternativeOption.pure         { id := id, operation := operation, source := source, dest := dest, inputHash := inputHash,           outputHash := outputHash, codec := codec, codecVersion := codecVersion,           lossiness := lossiness, errors := errors, warnings := warnings }","L4;S19;obj.Kant.Codec.LossS26;obj.Kant.Codec.Loss.ofNameS18;obj.Kant.Codec.ErrS22;obj.Kant.Codec.getList","O0;","L0;","L0;","L1;S33;claim.Kant.Codec.Trans.ofVal.eq_1","L0;","L1;S33;proof.Kant.Codec.Trans.ofVal.eq_1","L0;","S1252;∀ (fs : List (Prod (List Char) Kant.Codec.Val)),   Eq (Kant.Codec.Trans.ofVal (Kant.Codec.Val.obj fs)) do     let id ← Kant.Codec.getStr fs ""id"".toList     let operation ← Kant.Codec.getStr fs ""operation"".toList     let source ← (Kant.Codec.getStr fs ""source"".toList).bind Kant.Codec.Fmt.ofName     let dest ← (Kant.Codec.getStr fs ""destination"".toList).bind Kant.Codec.Fmt.ofName     let inputHash ← Kant.Codec.getStr fs ""input_hash"".toList     let outputHash ← Kant.Codec.getStr fs ""output_hash"".toList     let codec ← (Kant.Codec.getStr fs ""codec"".toList).bind Kant.Codec.Fmt.ofName     let codecVersion ← Kant.Codec.getStr fs ""codec_version"".toList     let lossiness ← (Kant.Codec.getStr fs ""lossiness"".toList).bind Kant.Codec.Loss.ofName     let errors ←       (Kant.Codec.getList fs ""errors"".toList).bind (Kant.Codec.listOf Kant.Codec.Err.ofVal)     let warnings ←       (Kant.Codec.getList fs ""warnings"".toList).bind (Kant.Codec.listOf Kant.Codec.Err.ofVal)     instAlternativeOption.pure         { id := id, operation := operation, source := source, dest := dest, inputHash := inputHash,           outputHash := outputHash, codec := codec, codecVersion := codecVersion,           lossiness := lossiness, errors := errors, warnings := warnings }","O7;13;source_systemS5;lean411;source_fileS36;RequestProject/Kant/Codec/Model.lean13;source_formatS4;text11;imported_atI+0;14;transformed_atI+0;15;transformationsL0;13;parent_objectS0;","f4bfc1b4eedc97d2cc3c2e8c7731045d7b44359c9258abc40f0020cc3869475f"
"obj.Kant.Codec.diffFields.eq_4","theorem","Kant.Codec.diffFields.eq_4","PROVEN","∀ (path k : List Char) (x_2 : Kant.Codec.Val) (fs : List (Prod (List Char) Kant.Codec.Val))   (l : List Char) (y : Kant.Codec.Val) (gs : List (Prod (List Char) Kant.Codec.Val)),   Eq     (Kant.Codec.diffFields path (List.cons { fst := k, snd := x_2 } fs)       (List.cons { fst := l, snd := y } gs))     (ite (Eq k l)       (instHAppendOfAppend.hAppend         (Kant.Codec.diffVal (instHAppendOfAppend.hAppend path (List.cons '.' k)) x_2 y)         (Kant.Codec.diffFields path fs gs))       (List.cons         (Kant.Codec.mkDiff (instHAppendOfAppend.hAppend path (List.cons '.' k)) k l           ""KEY_MISMATCH"".toList)         (Kant.Codec.diffFields path fs gs)))","L1;S22;obj.Kant.Codec.diffVal","O0;","L0;","L0;","L1;S32;claim.Kant.Codec.diffFields.eq_4","L0;","L1;S32;proof.Kant.Codec.diffFields.eq_4","L0;","S663;∀ (path k : List Char) (x_2 : Kant.Codec.Val) (fs : List (Prod (List Char) Kant.Codec.Val))   (l : List Char) (y : Kant.Codec.Val) (gs : List (Prod (List Char) Kant.Codec.Val)),   Eq     (Kant.Codec.diffFields path (List.cons { fst := k, snd := x_2 } fs)       (List.cons { fst := l, snd := y } gs))     (ite (Eq k l)       (instHAppendOfAppend.hAppend         (Kant.Codec.diffVal (instHAppendOfAppend.hAppend path (List.cons '.' k)) x_2 y)         (Kant.Codec.diffFields path fs gs))       (List.cons         (Kant.Codec.mkDiff (instHAppendOfAppend.hAppend path (List.cons '.' k)) k l           ""KEY_MISMATCH"".toList)         (Kant.Codec.diffFields path fs gs)))","O7;13;source_systemS5;lean411;source_fileS40;RequestProject/Kant/Codec/Reconcile.lean13;source_formatS4;text11;imported_atI+0;14;transformed_atI+0;15;transformationsL0;13;parent_objectS0;","95a324814d12d516e6ee96e0344d62d9484bfeb7d46e9710def254c9c8713923"
"obj.Kant.CardDebug.Pairing","inductive","Kant.CardDebug.Pairing","ASSERTED","Type","L0;","O0;","L0;","L0;","L0;","L0;","L0;","L0;","S4;Type","O7;13;source_systemS5;lean411;source_fileS34;RequestProject/Kant/CardDebug.lean13;source_formatS4;text11;imported_atI+0;14;transformed_atI+151;15;transformationsL0;13;parent_objectS0;","5e6f79da75b2147512490b255b665c9262b23500db20652fdeb9afe6391395cc"
"obj.Kant.Codec.Compat.ctorElim","def","Kant.Codec.Compat.ctorElim","ASSERTED","{motive : Kant.Codec.Compat → Sort u} →   (ctorIdx : Nat) →     (t : Kant.Codec.Compat) →       Eq ctorIdx t.ctorIdx → Kant.Codec.Compat.ctorElimType ctorIdx → motive t","L0;","O0;","L0;","L0;","L0;","L0;","L0;","L0;","S168;{motive : Kant.Codec.Compat → Sort u} →   (ctorIdx : Nat) →     (t : Kant.Codec.Compat) →       Eq ctorIdx t.ctorIdx → Kant.Codec.Compat.ctorElimType ctorIdx → motive t","O7;13;source_systemS5;lean411;source_fileS39;RequestProject/Kant/Codec/Exchange.lean13;source_formatS4;text11;imported_atI+0;14;transformed_atI+263;15;transformationsL0;13;parent_objectS0;","0fa487299c3b29460a6b0f4f6d9f473917cb4ff18aa42040374839a6ff319b73"
"obj.Kant.Onboarding.instDecidableEqState.decEq","def","Kant.Onboarding.instDecidableEqState.decEq","ASSERTED","(x x_1 : Kant.Onboarding.State) → Decidable (Eq x x_1)","L0;","O0;","L0;","L0;","L0;","L0;","L0;","L0;","S54;(x x_1 : Kant.Onboarding.State) → Decidable (Eq x x_1)","O7;13;source_systemS5;lean411;source_fileS35;RequestProject/Kant/Onboarding.lean13;source_formatS4;text11;imported_atI+0;14;transformed_atI+123;15;transformationsL0;13;parent_objectS0;","3c664405395b4a51c654acfa89b7e41eb942ae49ed4c322b67a6af5405dfb328"
"obj.Kant.Codec.instInhabitedExtract","def","Kant.Codec.instInhabitedExtract","ASSERTED","Inhabited Kant.Codec.Extract","L0;","O0;","L0;","L0;","L0;","L0;","L0;","L0;","S28;Inhabited Kant.Codec.Extract","O7;13;source_systemS5;lean411;source_fileS38;RequestProject/Kant/Codec/RawText.lean13;source_formatS4;text11;imported_atI+0;14;transformed_atI+94;15;transformationsL0;13;parent_objectS0;","8ecbfee6236a113860863dcb0aa8922ba9fdae946e4dfd9e8312bd982bf74a11"
"obj.Kant.Dom.ProofRec.report.match_1","def","Kant.Dom.ProofRec.report.match_1","ASSERTED","(motive : Option Kant.Dom.Cert → Sort u_1) →   (x : Option Kant.Dom.Cert) →     (Unit → motive Option.none) → ((c : Kant.Dom.Cert) → motive (Option.some c)) → motive x","L0;","O0;","L0;","L0;","L0;","L0;","L0;","L0;","S167;(motive : Option Kant.Dom.Cert → Sort u_1) →   (x : Option Kant.Dom.Cert) →     (Unit → motive Option.none) → ((c : Kant.Dom.Cert) → motive (Option.some c)) → motive x","O7;13;source_systemS5;lean411;source_fileS36;RequestProject/Kant/Domain/Emit.lean13;source_formatS4;text11;imported_atI+0;14;transformed_atI+0;15;transformationsL0;13;parent_objectS0;","7ac9891a3ecdf1830f78339a16f7d9387f9b91b351f9c5e15b7331b77c2790e6"
"obj.Kant.Wasm.Expr.compile.eq_4","theorem","Kant.Wasm.Expr.compile.eq_4","PROVEN","∀ (a : Kant.Wasm.CmpOp) (a_1 a_2 : Kant.Wasm.Expr),   Eq (Kant.Wasm.Expr.cmp a a_1 a_2).compile     (instHAppendOfAppend.hAppend (instHAppendOfAppend.hAppend a_1.compile a_2.compile)       (List.cons (Kant.Wasm.Instr.cmpop a) (List.cons Kant.Wasm.Instr.extendU List.nil)))","L0;","O0;","L0;","L0;","L1;S33;claim.Kant.Wasm.Expr.compile.eq_4","L0;","L1;S33;proof.Kant.Wasm.Expr.compile.eq_4","L0;","S272;∀ (a : Kant.Wasm.CmpOp) (a_1 a_2 : Kant.Wasm.Expr),   Eq (Kant.Wasm.Expr.cmp a a_1 a_2).compile     (instHAppendOfAppend.hAppend (instHAppendOfAppend.hAppend a_1.compile a_2.compile)       (List.cons (Kant.Wasm.Instr.cmpop a) (List.cons Kant.Wasm.Instr.extendU List.nil)))","O7;13;source_systemS5;lean411;source_fileS34;RequestProject/Wasm/Semantics.lean13;source_formatS4;text11;imported_atI+0;14;transformed_atI+0;15;transformationsL0;13;parent_objectS0;","14e5a1bcdd10478dbb0ad3c42e6a3912b941d6dc8c997a670d44f4e06618693c"
"obj.Kant.Dom.Domain.ofVal.eq_1","theorem","Kant.Dom.Domain.ofVal.eq_1","PROVEN","∀ (fs : List (Prod (List Char) Kant.Codec.Val)),   Eq (Kant.Dom.Domain.ofVal (Kant.Codec.Val.obj fs)) do     let id ← Kant.Codec.getStr fs ""id"".toList     let name ← Kant.Codec.getStr fs ""name"".toList     let version ← Kant.Codec.getStr fs ""version"".toList     let description ← Kant.Codec.getStr fs ""description"".toList     let objects ←       (Kant.Codec.getList fs ""objects"".toList).bind (Kant.Codec.listOf Kant.Dom.DomObj.ofVal)     let relations ←       (Kant.Codec.getList fs ""relations"".toList).bind (Kant.Codec.listOf Kant.Dom.Relation.ofVal)     let proofs ←       (Kant.Codec.getList fs ""proofs"".toList).bind (Kant.Codec.listOf Kant.Dom.ProofRec.ofVal)     let claims ←       (Kant.Codec.getList fs ""claims"".toList).bind (Kant.Codec.listOf Kant.Dom.Claim.ofVal)     let evidence ←       (Kant.Codec.getList fs ""evidence"".toList).bind (Kant.Codec.listOf Kant.Dom.Evidence.ofVal)     let schemas ←       (Kant.Codec.getList fs ""schemas"".toList).bind (Kant.Codec.listOf Kant.Dom.Schema.ofVal)     let errors ←       (Kant.Codec.getList fs ""errors"".toList).bind (Kant.Codec.listOf Kant.Codec.Err.ofVal)     let provenance ←       (Kant.Codec.getList fs ""provenance"".toList).bind (Kant.Codec.listOf Kant.Codec.Prov.ofVal)     instAlternativeOption.pure         { id := id, name := name, version := version, description := description,           objects := objects, relations := relations, proofs := proofs, claims := claims,           evidence := evidence, schemas := schemas, errors := errors, provenance := provenance }","L2;S22;obj.Kant.Codec.getListS18;obj.Kant.Codec.Err","O0;","L0;","L0;","L1;S32;claim.Kant.Dom.Domain.ofVal.eq_1","L0;","L1;S32;proof.Kant.Dom.Domain.ofVal.eq_1","L0;","S1526;∀ (fs : List (Prod (List Char) Kant.Codec.Val)),   Eq (Kant.Dom.Domain.ofVal (Kant.Codec.Val.obj fs)) do     let id ← Kant.Codec.getStr fs ""id"".toList     let name ← Kant.Codec.getStr fs ""name"".toList     let version ← Kant.Codec.getStr fs ""version"".toList     let description ← Kant.Codec.getStr fs ""description"".toList     let objects ←       (Kant.Codec.getList fs ""objects"".toList).bind (Kant.Codec.listOf Kant.Dom.DomObj.ofVal)     let relations ←       (Kant.Codec.getList fs ""relations"".toList).bind (Kant.Codec.listOf Kant.Dom.Relation.ofVal)     let proofs ←       (Kant.Codec.getList fs ""proofs"".toList).bind (Kant.Codec.listOf Kant.Dom.ProofRec.ofVal)     let claims ←       (Kant.Codec.getList fs ""claims"".toList).bind (Kant.Codec.listOf Kant.Dom.Claim.ofVal)     let evidence ←       (Kant.Codec.getList fs ""evidence"".toList).bind (Kant.Codec.listOf Kant.Dom.Evidence.ofVal)     let schemas ←       (Kant.Codec.getList fs ""schemas"".toList).bind (Kant.Codec.listOf Kant.Dom.Schema.ofVal)     let errors ←       (Kant.Codec.getList fs ""errors"".toList).bind (Kant.Codec.listOf Kant.Codec.Err.ofVal)     let provenance ←       (Kant.Codec.getList fs ""provenance"".toList).bind (Kant.Codec.listOf Kant.Codec.Prov.ofVal)     instAlternativeOption.pure         { id := id, name := name, version := version, description := description,           objects := objects, relations := relations, proofs := proofs, claims := claims,           evidence := evidence, schemas := schemas, errors := errors, provenance := provenance }","O7;13;source_systemS5;lean411;source_fileS37;RequestProject/Kant/Domain/Model.lean13;source_formatS4;text11;imported_atI+0;14;transformed_atI+0;15;transformationsL0;13;parent_objectS0;","ea2f52d7aea3ba1164e0e6ab6c10d16ef84f8cf8d815fbe3ea6dd4bb1f163410"
"obj.Kant.Strip.readStrip_perm","theorem","Kant.Strip.readStrip_perm","PROVEN","∀ {t : Kant.Meme.Template} {limit : Nat} {e : Kant.Clipboard.Envelope}   {fs : List Kant.Sneakernet.Frame},   instLTNat.lt 0 limit →     (Kant.Sneakernet.frames limit (Kant.Text.asciiBytes e.encode)).Perm fs →       Kant.Strip.PartsFit t fs →         Eq (Kant.Strip.readStrip (List.map (Kant.Strip.still t) fs)) (Option.some e)","L1;S24;obj.Kant.Strip.readStrip","O0;","L0;","L0;","L1;S31;claim.Kant.Strip.readStrip_perm","L0;","L1;S31;proof.Kant.Strip.readStrip_perm","L0;","S327;∀ {t : Kant.Meme.Template} {limit : Nat} {e : Kant.Clipboard.Envelope}   {fs : List Kant.Sneakernet.Frame},   instLTNat.lt 0 limit →     (Kant.Sneakernet.frames limit (Kant.Text.asciiBytes e.encode)).Perm fs →       Kant.Strip.PartsFit t fs →         Eq (Kant.Strip.readStrip (List.map (Kant.Strip.still t) fs)) (Option.some e)","O7;13;source_systemS5;lean411;source_fileS30;RequestProject/Kant/Strip.lean13;source_formatS4;text11;imported_atI+0;14;transformed_atI+123;15;transformationsL0;13;parent_objectS0;","b00e635ecab9afcf156c5c1499f17164c2bec2db9bf80e8d5e9f7ebb4421b322"
"obj.Kant.Clipboard.Receipt.ctorIdx","def","Kant.Clipboard.Receipt.ctorIdx","ASSERTED","Kant.Clipboard.Receipt → Nat","L0;","O0;","L0;","L0;","L0;","L0;","L0;","L0;","S28;Kant.Clipboard.Receipt → Nat","O7;13;source_systemS5;lean411;source_fileS34;RequestProject/Kant/Clipboard.lean13;source_formatS4;text11;imported_atI+0;14;transformed_atI+0;15;transformationsL0;13;parent_objectS0;","c9a0ee0ba8f948a76583d1aa4f357da4047fc7fc7934c7ad558abc7363297f2a"
"obj.Kant.Codec.Loss.ofName_name","theorem","Kant.Codec.Loss.ofName_name","PROVEN","∀ (l : Kant.Codec.Loss), Eq (Kant.Codec.Loss.ofName l.name) (Option.some l)","L2;S19;obj.Kant.Codec.LossS26;obj.Kant.Codec.Loss.ofName","O0;","L0;","L0;","L1;S33;claim.Kant.Codec.Loss.ofName_name","L0;","L1;S33;proof.Kant.Codec.Loss.ofName_name","L0;","S75;∀ (l : Kant.Codec.Loss), Eq (Kant.Codec.Loss.ofName l.name) (Option.some l)","O7;13;source_systemS5;lean411;source_fileS36;RequestProject/Kant/Codec/Model.lean13;source_formatS4;text11;imported_atI+0;14;transformed_atI+155;15;transformationsL0;13;parent_objectS0;","941e0a26c4d8ed3bd54ef7e95c35fe80b6bdb74164769a99a853412dd8d69aae"
"obj.Kant.Wasm.Expr.add.eq_1","theorem","Kant.Wasm.Expr.add.eq_1","PROVEN","∀ (a b : Kant.Wasm.Expr), Eq (a.add b) (Kant.Wasm.Expr.bin Kant.Wasm.BinOp.add a b)","L0;","O0;","L0;","L0;","L1;S29;claim.Kant.Wasm.Expr.add.eq_1","L0;","L1;S29;proof.Kant.Wasm.Expr.add.eq_1","L0;","S83;∀ (a b : Kant.Wasm.Expr), Eq (a.add b) (Kant.Wasm.Expr.bin Kant.Wasm.BinOp.add a b)","O7;13;source_systemS5;lean411;source_fileS35;RequestProject/Wasm/KernelSpec.lean13;source_formatS4;text11;imported_atI+0;14;transformed_atI+0;15;transformationsL0;13;parent_objectS0;","8b3e32d2c3c1996e1db8214ad0d95fc1d947f4dcffbeb488103c7e7b47f182fb"
"obj.Kant.Diagnostics.Area.ingest.elim","def","Kant.Diagnostics.Area.ingest.elim","ASSERTED","{motive : Kant.Diagnostics.Area → Sort u} →   (t : Kant.Diagnostics.Area) → Eq t.ctorIdx 7 → motive Kant.Diagnostics.Area.ingest → motive t","L0;","O0;","L0;","L0;","L0;","L0;","L0;","L0;","S139;{motive : Kant.Diagnostics.Area → Sort u} →   (t : Kant.Diagnostics.Area) → Eq t.ctorIdx 7 → motive Kant.Diagnostics.Area.ingest → motive t","O7;13;source_systemS5;lean411;source_fileS36;RequestProject/Kant/Diagnostics.lean13;source_formatS4;text11;imported_atI+0;14;transformed_atI+105;15;transformationsL0;13;parent_objectS0;","b4e1f1d5092381698a682181aeb67f06da5015d0934c37732dcb4d04ba64c0c0"
"obj.Kant.Diagnostics.instReprArea.repr.match_1","def","Kant.Diagnostics.instReprArea.repr.match_1","ASSERTED","(motive : Kant.Diagnostics.Area → Sort u_1) →   (x : Kant.Diagnostics.Area) →     (Unit → motive Kant.Diagnostics.Area.config) →       (Unit → motive Kant.Diagnostics.Area.probe) →         (Unit → motive Kant.Diagnostics.Area.relay) →           (Unit → motive Kant.Diagnostics.Area.socket) →             (Unit → motive Kant.Diagnostics.Area.bus) →               (Unit → motive Kant.Diagnostics.Area.mesh) →                 (Unit → motive Kant.Diagnostics.Area.signal) →                   (Unit → motive Kant.Diagnostics.Area.ingest) →                     (Unit → motive Kant.Diagnostics.Area.app) → motive x","L1;S33;obj.Kant.Diagnostics.Area.casesOn","O0;","L0;","L0;","L0;","L0;","L0;","L0;","S607;(motive : Kant.Diagnostics.Area → Sort u_1) →   (x : Kant.Diagnostics.Area) →     (Unit → motive Kant.Diagnostics.Area.config) →       (Unit → motive Kant.Diagnostics.Area.probe) →         (Unit → motive Kant.Diagnostics.Area.relay) →           (Unit → motive Kant.Diagnostics.Area.socket) →             (Unit → motive Kant.Diagnostics.Area.bus) →               (Unit → motive Kant.Diagnostics.Area.mesh) →                 (Unit → motive Kant.Diagnostics.Area.signal) →                   (Unit → motive Kant.Diagnostics.Area.ingest) →                     (Unit → motive Kant.Diagnostics.Area.app) → motive x","O7;13;source_systemS5;lean411;source_fileS36;RequestProject/Kant/Diagnostics.lean13;source_formatS4;text11;imported_atI+0;14;transformed_atI+0;15;transformationsL0;13;parent_objectS0;","7c0205c9e3d752dcbee81b73cacf5b7738acf8e614769fea26e2fe62995a6e35"
"obj.Kant.Codec.Loss.ofNat","def","Kant.Codec.Loss.ofNat","ASSERTED","Nat → Kant.Codec.Loss","L1;S19;obj.Kant.Codec.Loss","O0;","L0;","L0;","L0;","L0;","L0;","L0;","S21;Nat → Kant.Codec.Loss","O7;13;source_systemS5;lean411;source_fileS36;RequestProject/Kant/Codec/Model.lean13;source_formatS4;text11;imported_atI+0;14;transformed_atI+0;15;transformationsL0;13;parent_objectS0;","a6402ae28e8086e0c070ffff0ec93b8be1842479ea4bd89e19f2c92e709d0ad9"
"obj.Kant.Dasl.bottCoords_valid","theorem","Kant.Dasl.bottCoords_valid","PROVEN","∀ (o : Kant.Dasl.Orbifold), List.instMembership.mem Kant.Dasl.bottCoords o → o.valid","L0;","O0;","L0;","L0;","L1;S32;claim.Kant.Dasl.bottCoords_valid","L0;","L1;S32;proof.Kant.Dasl.bottCoords_valid","L0;","S84;∀ (o : Kant.Dasl.Orbifold), List.instMembership.mem Kant.Dasl.bottCoords o → o.valid","O7;13;source_systemS5;lean411;source_fileS29;RequestProject/Kant/Dasl.lean13;source_formatS4;text11;imported_atI+0;14;transformed_atI+304;15;transformationsL0;13;parent_objectS0;","25338bc4c92e0719ac0a60542a1dc6be14abbf115e0f3f8387e8339e676c6a78"
"obj.Kant.Meme.toPastes","def","Kant.Meme.toPastes","ASSERTED","Kant.Stego.Carrier → Option (List Kant.Paste)","L0;","O0;","L0;","L0;","L0;","L0;","L0;","L0;","S45;Kant.Stego.Carrier → Option (List Kant.Paste)","O7;13;source_systemS5;lean411;source_fileS29;RequestProject/Kant/Meme.lean13;source_formatS4;text11;imported_atI+0;14;transformed_atI+230;15;transformationsL0;13;parent_objectS0;","5849a3c9a4f53933b3d5765e28a35858c28b495177bb16713535114f8e2c50a6"
"obj.Kant.Repost.memeToQuote","def","Kant.Repost.memeToQuote","ASSERTED","Kant.Stego.Carrier → Option Kant.Repost.Quote","L1;S23;obj.Kant.Repost.toQuote","O0;","L0;","L0;","L0;","L0;","L0;","L0;","S45;Kant.Stego.Carrier → Option Kant.Repost.Quote","O7;13;source_systemS5;lean411;source_fileS31;RequestProject/Kant/Repost.lean13;source_formatS4;text11;imported_atI+0;14;transformed_atI+137;15;transformationsL0;13;parent_objectS0;","fe3cb26d372e4843a4ceeca12f99efa05a8b2f9049e392094eccfc1d4119b626"
"obj.Kant.Sync.Source.toCtorIdx","def","Kant.Sync.Source.toCtorIdx","ASSERTED","Kant.Sync.Source → Nat","L1;S20;obj.Kant.Sync.Source","O0;","L0;","L0;","L0;","L0;","L0;","L0;","S22;Kant.Sync.Source → Nat","O7;13;source_systemS5;lean411;source_fileS29;RequestProject/Kant/Sync.lean13;source_formatS4;text11;imported_atI+0;14;transformed_atI+0;15;transformationsL0;13;parent_objectS0;","f38c69bb72519d4306e70ed2220eaa5096eab2d4fde51d69ba787783f9cdeaf6"
"obj.Kant.Onboarding.prompt_ne_empty","theorem","Kant.Onboarding.prompt_ne_empty","PROVEN","∀ (t : Kant.Onboarding.Task), Ne (Kant.Onboarding.prompt t) """"","L0;","O0;","L0;","L0;","L1;S37;claim.Kant.Onboarding.prompt_ne_empty","L0;","L1;S37;proof.Kant.Onboarding.prompt_ne_empty","L0;","S62;∀ (t : Kant.Onboarding.Task), Ne (Kant.Onboarding.prompt t) """"","O7;13;source_systemS5;lean411;source_fileS35;RequestProject/Kant/Onboarding.lean13;source_formatS4;text11;imported_atI+0;14;transformed_atI+294;15;transformationsL0;13;parent_objectS0;","9586b8bebe3790c8afcd8a6318e3a5231bbb419574cbda8e566fd52022a5bf39"
"obj.Kant.Codec.Err.location","def","Kant.Codec.Err.location","ASSERTED","Kant.Codec.Err → List Char","L1;S18;obj.Kant.Codec.Err","O0;","L0;","L0;","L0;","L0;","L0;","L0;","S26;Kant.Codec.Err → List Char","O7;13;source_systemS5;lean411;source_fileS36;RequestProject/Kant/Codec/Model.lean13;source_formatS4;text11;imported_atI+0;14;transformed_atI+224;15;transformationsL0;13;parent_objectS0;","abd0b99495a8fb8924b14a6f7dfd406ed6fc2f2f18ef740bf21025b7019f70a0"
"obj.Kant.Wasm.instInhabitedExpr.default","def","Kant.Wasm.instInhabitedExpr.default","ASSERTED","Kant.Wasm.Expr","L0;","O0;","L0;","L0;","L0;","L0;","L0;","L0;","S14;Kant.Wasm.Expr","O7;13;source_systemS5;lean411;source_fileS31;RequestProject/Wasm/Syntax.lean13;source_formatS4;text11;imported_atI+0;14;transformed_atI+58;15;transformationsL0;13;parent_objectS0;","70c6eee2ef23cdd096dedde55a3b8133f6c1decad96ec55675e93ab74aaa2a39"
"obj.Kant.Connectivity.Client.ctorIdx","def","Kant.Connectivity.Client.ctorIdx","ASSERTED","Kant.Connectivity.Client → Nat","L1;S28;obj.Kant.Connectivity.Client","O0;","L0;","L0;","L0;","L0;","L0;","L0;","S30;Kant.Connectivity.Client → Nat","O7;13;source_systemS5;lean411;source_fileS37;RequestProject/Kant/Connectivity.lean13;source_formatS4;text11;imported_atI+0;14;transformed_atI+0;15;transformationsL0;13;parent_objectS0;","76f130a6f3694d9f70b17c38a1ee2b4cc378d1039fe11add6c0d2c95bdb5cd9a"
"obj.Kant.Codec.Val.recOn","def","Kant.Codec.Val.recOn","ASSERTED","{motive_1 : Kant.Codec.Val → Sort u} →   {motive_2 : List Kant.Codec.Val → Sort u} →     {motive_3 : List (Prod (List Char) Kant.Codec.Val) → Sort u} →       {motive_4 : Prod (List Char) Kant.Codec.Val → Sort u} →         (t : Kant.Codec.Val) →           motive_1 Kant.Codec.Val.null →             ((b : Bool) → motive_1 (Kant.Codec.Val.bool b)) →               ((n : Int) → motive_1 (Kant.Codec.Val.int n)) →                 ((s : List Char) → motive_1 (Kant.Codec.Val.str s)) →                   ((xs : List Kant.Codec.Val) → motive_2 xs → motive_1 (Kant.Codec.Val.list xs)) →                     ((fs : List (Prod (List Char) Kant.Codec.Val)) →                         motive_3 fs → motive_1 (Kant.Codec.Val.obj fs)) →                       motive_2 List.nil →                         ((head : Kant.Codec.Val) →                             (tail : List Kant.Codec.Val) →                               motive_1 head → motive_2 tail → motive_2 (List.cons head tail)) →                           motive_3 List.nil →                             ((head : Prod (List Char) Kant.Codec.Val) →                                 (tail : List (Prod (List Char) Kant.Codec.Val)) →                                   motive_4 head → motive_3 tail → motive_3 (List.cons head tail)) →                               ((fst : List Char) →                                   (snd : Kant.Codec.Val) →                                     motive_1 snd → motive_4 { fst := fst, snd := snd }) →                                 motive_1 t","L0;","O0;","L0;","L0;","L0;","L0;","L0;","L0;","S1512;{motive_1 : Kant.Codec.Val → Sort u} →   {motive_2 : List Kant.Codec.Val → Sort u} →     {motive_3 : List (Prod (List Char) Kant.Codec.Val) → Sort u} →       {motive_4 : Prod (List Char) Kant.Codec.Val → Sort u} →         (t : Kant.Codec.Val) →           motive_1 Kant.Codec.Val.null →             ((b : Bool) → motive_1 (Kant.Codec.Val.bool b)) →               ((n : Int) → motive_1 (Kant.Codec.Val.int n)) →                 ((s : List Char) → motive_1 (Kant.Codec.Val.str s)) →                   ((xs : List Kant.Codec.Val) → motive_2 xs → motive_1 (Kant.Codec.Val.list xs)) →                     ((fs : List (Prod (List Char) Kant.Codec.Val)) →                         motive_3 fs → motive_1 (Kant.Codec.Val.obj fs)) →                       motive_2 List.nil →                         ((head : Kant.Codec.Val) →                             (tail : List Kant.Codec.Val) →                               motive_1 head → motive_2 tail → motive_2 (List.cons head tail)) →                           motive_3 List.nil →                             ((head : Prod (List Char) Kant.Codec.Val) →                                 (tail : List (Prod (List Char) Kant.Codec.Val)) →                                   motive_4 head → motive_3 tail → motive_3 (List.cons head tail)) →                               ((fst : List Char) →                                   (snd : Kant.Codec.Val) →                                     motive_1 snd → motive_4 { fst := fst, snd := snd }) →                                 motive_1 t","O7;13;source_systemS5;lean411;source_fileS34;RequestProject/Kant/Codec/Val.lean13;source_formatS4;text11;imported_atI+0;14;transformed_atI+34;15;transformationsL0;13;parent_objectS0;","a7bae315b6d8f984372e3a30abe602379d0331fb67830c1a301c6af17033c14d"
"obj.Kant.Codec.readInt.match_1","def","Kant.Codec.readInt.match_1","ASSERTED","(motive : List Char → Sort u_1) →   (x : List Char) →     ((cs : List Char) → motive (List.cons '-' cs)) →       ((cs : List Char) → motive (List.cons '+' cs)) → ((x : List Char) → motive x) → motive x","L0;","O0;","L0;","L0;","L0;","L0;","L0;","L0;","S201;(motive : List Char → Sort u_1) →   (x : List Char) →     ((cs : List Char) → motive (List.cons '-' cs)) →       ((cs : List Char) → motive (List.cons '+' cs)) → ((x : List Char) → motive x) → motive x","O7;13;source_systemS5;lean411;source_fileS34;RequestProject/Kant/Codec/Val.lean13;source_formatS4;text11;imported_atI+0;14;transformed_atI+0;15;transformationsL0;13;parent_objectS0;","8b085b270b3ec27c3b99854d13084787a02022e8dd932af293aca7f26d7b2d6d"
"obj.Kant.InviteCard.Dress.Wf.caption","theorem","Kant.InviteCard.Dress.Wf.caption","PROVEN","∀ {d : Kant.InviteCard.Dress}, d.Wf → Kant.Text.IsAscii d.caption","L0;","O0;","L0;","L0;","L1;S38;claim.Kant.InviteCard.Dress.Wf.caption","L0;","L1;S38;proof.Kant.InviteCard.Dress.Wf.caption","L0;","S65;∀ {d : Kant.InviteCard.Dress}, d.Wf → Kant.Text.IsAscii d.caption","O7;13;source_systemS5;lean411;source_fileS35;RequestProject/Kant/InviteCard.lean13;source_formatS4;text11;imported_atI+0;14;transformed_atI+137;15;transformationsL0;13;parent_objectS0;","6cc5ac853cb588a01cf2e98901a6875b0e54927c4222ea66ebabb5a92f3e9441"
"obj.Kant.Wasm.Decode.typecheck.match_1","def","Kant.Wasm.Decode.typecheck.match_1","ASSERTED","(motive : Option (List Kant.Wasm.Decode.VType) → Sort u_1) →   (x : Option (List Kant.Wasm.Decode.VType)) →     ((s' : List Kant.Wasm.Decode.VType) → motive (Option.some s')) →       (Unit → motive Option.none) → motive x","L1;S26;obj.Kant.Wasm.Decode.VType","O0;","L0;","L0;","L0;","L0;","L0;","L0;","S221;(motive : Option (List Kant.Wasm.Decode.VType) → Sort u_1) →   (x : Option (List Kant.Wasm.Decode.VType)) →     ((s' : List Kant.Wasm.Decode.VType) → motive (Option.some s')) →       (Unit → motive Option.none) → motive x","O7;13;source_systemS5;lean411;source_fileS31;RequestProject/Wasm/Decode.lean13;source_formatS4;text11;imported_atI+0;14;transformed_atI+0;15;transformationsL0;13;parent_objectS0;","b1c69d6b77715efc93ae2fd1cd87398fcb617aab89bac6aaea4398bcbabc890d"
"obj.Kant.SiteCard.readCardLine","def","Kant.SiteCard.readCardLine","ASSERTED","List Char → Option Kant.SiteCard.Card","L0;","O0;","L0;","L0;","L0;","L0;","L0;","L0;","S37;List Char → Option Kant.SiteCard.Card","O7;13;source_systemS5;lean411;source_fileS33;RequestProject/Kant/SiteCard.lean13;source_formatS4;text11;imported_atI+0;14;transformed_atI+423;15;transformationsL0;13;parent_objectS0;","8346304a05121a3d914f1b4ab068b97aa43d58df68767bd78d6b5edce472b1c4"
"obj.Kant.Relay.Server.fetch_since","theorem","Kant.Relay.Server.fetch_since","PROVEN","∀ (sv : Kant.Relay.Server) (room line : List Char),   Eq ((sv.post room line).fetch room (sv.lines room).length)     { fst := List.cons line List.nil, snd := instHAdd.hAdd (sv.lines room).length 1 }","L0;","O0;","L0;","L0;","L1;S35;claim.Kant.Relay.Server.fetch_since","L0;","L1;S35;proof.Kant.Relay.Server.fetch_since","L0;","S198;∀ (sv : Kant.Relay.Server) (room line : List Char),   Eq ((sv.post room line).fetch room (sv.lines room).length)     { fst := List.cons line List.nil, snd := instHAdd.hAdd (sv.lines room).length 1 }","O7;13;source_systemS5;lean411;source_fileS30;RequestProject/Kant/Relay.lean13;source_formatS4;text11;imported_atI+0;14;transformed_atI+226;15;transformationsL0;13;parent_objectS0;","7da794d79245b8e1e2f778ef022a67f63e456964c2d5f1fb8d850adf585b4650"
"obj.Kant.Dom.proofsOfTable.eq_1","theorem","Kant.Dom.proofsOfTable.eq_1","PROVEN","∀ (s : List Char),   Eq (Kant.Dom.proofsOfTable s)     (Kant.Dom.objectsOfTable.match_1 (fun x => Option (List Kant.Dom.ProofRec))       (Kant.Dom.readTable s) (fun fst rows => List.mapM Kant.Dom.proofOfRow rows) fun _ =>       Option.none)","L0;","O0;","L0;","L0;","L1;S33;claim.Kant.Dom.proofsOfTable.eq_1","L0;","L1;S33;proof.Kant.Dom.proofsOfTable.eq_1","L0;","S240;∀ (s : List Char),   Eq (Kant.Dom.proofsOfTable s)     (Kant.Dom.objectsOfTable.match_1 (fun x => Option (List Kant.Dom.ProofRec))       (Kant.Dom.readTable s) (fun fst rows => List.mapM Kant.Dom.proofOfRow rows) fun _ =>       Option.none)","O7;13;source_systemS5;lean411;source_fileS37;RequestProject/Kant/Domain/Table.lean13;source_formatS4;text11;imported_atI+0;14;transformed_atI+0;15;transformationsL0;13;parent_objectS0;","fe1f0492cedb7e1cf862205aceb3202765e8dc25084bb2127c5a1027c0d55fad"
"obj.Kant.Dom.Summary.mk.noConfusion","def","Kant.Dom.Summary.mk.noConfusion","ASSERTED","{P : Sort u} →   {objects proven partiallyProven unproven contradicted proofs validProofs objects' proven'       partiallyProven' unproven' contradicted' proofs' validProofs' : Nat} →     Eq         { objects := objects, proven := proven, partiallyProven := partiallyProven,           unproven := unproven, contradicted := contradicted, proofs := proofs,           validProofs := validProofs }         { objects := objects', proven := proven', partiallyProven := partiallyProven',           unproven := unproven', contradicted := contradicted', proofs := proofs',           validProofs := validProofs' } →       (Eq objects objects' →           Eq proven proven' →             Eq partiallyProven partiallyProven' →               Eq unproven unproven' →                 Eq contradicted contradicted' →                   Eq proofs proofs' → Eq validProofs validProofs' → P) →         P","L0;","O0;","L0;","L0;","L0;","L0;","L0;","L0;","S883;{P : Sort u} →   {objects proven partiallyProven unproven contradicted proofs validProofs objects' proven'       partiallyProven' unproven' contradicted' proofs' validProofs' : Nat} →     Eq         { objects := objects, proven := proven, partiallyProven := partiallyProven,           unproven := unproven, contradicted := contradicted, proofs := proofs,           validProofs := validProofs }         { objects := objects', proven := proven', partiallyProven := partiallyProven',           unproven := unproven', contradicted := contradicted', proofs := proofs',           validProofs := validProofs' } →       (Eq objects objects' →           Eq proven proven' →             Eq partiallyProven partiallyProven' →               Eq unproven unproven' →                 Eq contradicted contradicted' →                   Eq proofs proofs' → Eq validProofs validProofs' → P) →         P","O7;13;source_systemS5;lean411;source_fileS38;RequestProject/Kant/Domain/Ledger.lean13;source_formatS4;text11;imported_atI+0;14;transformed_atI+232;15;transformationsL0;13;parent_objectS0;","8efcff4ec6ec84a4e04fa24276241ea771017fed3034bb8a3f6f193bc1119fad"
"obj.Kant.Connectivity.Verdict.ctorElimType","def","Kant.Connectivity.Verdict.ctorElimType","ASSERTED","{motive : Kant.Connectivity.Verdict → Sort u} → Nat → Sort (max 1 u)","L0;","O0;","L0;","L0;","L0;","L0;","L0;","L0;","S68;{motive : Kant.Connectivity.Verdict → Sort u} → Nat → Sort (max 1 u)","O7;13;source_systemS5;lean411;source_fileS37;RequestProject/Kant/Connectivity.lean13;source_formatS4;text11;imported_atI+0;14;transformed_atI+0;15;transformationsL0;13;parent_objectS0;","84b46be9f399f2bed77dfecaab7762097cb4c5f4855ac418336aefc899f835c3"
"obj.Kant.Codec.instInhabitedVerdict","def","Kant.Codec.instInhabitedVerdict","ASSERTED","Inhabited Kant.Codec.Verdict","L0;","O0;","L0;","L0;","L0;","L0;","L0;","L0;","S28;Inhabited Kant.Codec.Verdict","O7;13;source_systemS5;lean411;source_fileS40;RequestProject/Kant/Codec/Reconcile.lean13;source_formatS4;text11;imported_atI+0;14;transformed_atI+200;15;transformationsL0;13;parent_objectS0;","41d6b649643870f5fcf3361fec13a7b2939a6b33e59c5d6f6829893506a447ac"
"obj.Kant.Onboarding.promptFor","def","Kant.Onboarding.promptFor","ASSERTED","Kant.Onboarding.State → String","L0;","O0;","L0;","L0;","L0;","L0;","L0;","L0;","S30;Kant.Onboarding.State → String","O7;13;source_systemS5;lean411;source_fileS35;RequestProject/Kant/Onboarding.lean13;source_formatS4;text11;imported_atI+0;14;transformed_atI+285;15;transformationsL0;13;parent_objectS0;","27ac3f9e02c25f3c3d70d434b67f66a7db953e132846c9ba5d244fc3b34d5a35"
"obj.Kant.Diagnostics.parseHeader.match_3","def","Kant.Diagnostics.parseHeader.match_3","ASSERTED","(motive : List Kant.Bytes.Blob → Sort u_1) →   (x : List Kant.Bytes.Blob) →     ((vc : UInt8) →         (rm rl : Kant.Bytes.Blob) →           motive (List.cons (List.cons vc List.nil) (List.cons rm (List.cons rl List.nil)))) →       ((x : List Kant.Bytes.Blob) → motive x) → motive x","L0;","O0;","L0;","L0;","L0;","L0;","L0;","L0;","S283;(motive : List Kant.Bytes.Blob → Sort u_1) →   (x : List Kant.Bytes.Blob) →     ((vc : UInt8) →         (rm rl : Kant.Bytes.Blob) →           motive (List.cons (List.cons vc List.nil) (List.cons rm (List.cons rl List.nil)))) →       ((x : List Kant.Bytes.Blob) → motive x) → motive x","O7;13;source_systemS5;lean411;source_fileS36;RequestProject/Kant/Diagnostics.lean13;source_formatS4;text11;imported_atI+0;14;transformed_atI+0;15;transformationsL0;13;parent_objectS0;","57e18bb0583bac168706c7db6b387c39ef4a289f8d5933f095fddd937be8b273"
"obj.Kant.Rendezvous.Invite.Wire.relay","theorem","Kant.Rendezvous.Invite.Wire.relay","PROVEN","∀ {i : Kant.Rendezvous.Invite}, i.Wire → Kant.Text.IsAscii i.relay","L0;","O0;","L0;","L0;","L1;S39;claim.Kant.Rendezvous.Invite.Wire.relay","L0;","L1;S39;proof.Kant.Rendezvous.Invite.Wire.relay","L0;","S66;∀ {i : Kant.Rendezvous.Invite}, i.Wire → Kant.Text.IsAscii i.relay","O7;13;source_systemS5;lean411;source_fileS35;RequestProject/Kant/Rendezvous.lean13;source_formatS4;text11;imported_atI+0;14;transformed_atI+456;15;transformationsL0;13;parent_objectS0;","649c818dd76640665b4330db7866c251806b67bca066a1c86cfc5eee42d86243"
"obj.Kant.Codec.Inp.noConfusionType","def","Kant.Codec.Inp.noConfusionType","ASSERTED","Sort u → Kant.Codec.Inp → Kant.Codec.Inp → Sort u","L0;","O0;","L0;","L0;","L0;","L0;","L0;","L0;","S49;Sort u → Kant.Codec.Inp → Kant.Codec.Inp → Sort u","O7;13;source_systemS5;lean411;source_fileS36;RequestProject/Kant/Codec/Model.lean13;source_formatS4;text11;imported_atI+0;14;transformed_atI+0;15;transformationsL0;13;parent_objectS0;","872bf8a95b5d6967f1dd9522177c773c65247e295c1aabf53a68034f6173fe6a"
"obj.Kant.Feed.Row.copy","def","Kant.Feed.Row.copy","ASSERTED","Kant.Feed.Row → List Char","L0;","O0;","L0;","L0;","L0;","L0;","L0;","L0;","S25;Kant.Feed.Row → List Char","O7;13;source_systemS5;lean411;source_fileS29;RequestProject/Kant/Feed.lean13;source_formatS4;text11;imported_atI+0;14;transformed_atI+65;15;transformationsL0;13;parent_objectS0;","f610b1bbb2b61a4305fbd6be028d26a8617e0659aa8a0891331dec1ef0b6df66"
"obj.Kant.Diagnostics.share_keeps","theorem","Kant.Diagnostics.share_keeps","PROVEN","∀ {secrets : List (List Char)} {l : Kant.Diagnostics.Log} {e : Kant.Diagnostics.Event},   List.instMembership.mem l.events e →     Eq (Kant.Diagnostics.Event.clean secrets e) Bool.true →       List.instMembership.mem (Kant.Diagnostics.Log.share secrets l).events e","L0;","O0;","L0;","L0;","L1;S34;claim.Kant.Diagnostics.share_keeps","L0;","L1;S34;proof.Kant.Diagnostics.share_keeps","L0;","S264;∀ {secrets : List (List Char)} {l : Kant.Diagnostics.Log} {e : Kant.Diagnostics.Event},   List.instMembership.mem l.events e →     Eq (Kant.Diagnostics.Event.clean secrets e) Bool.true →       List.instMembership.mem (Kant.Diagnostics.Log.share secrets l).events e","O7;13;source_systemS5;lean411;source_fileS36;RequestProject/Kant/Diagnostics.lean13;source_formatS4;text11;imported_atI+0;14;transformed_atI+459;15;transformationsL0;13;parent_objectS0;","53da37f9d6944fe4a7d3c42ef40206375115d55b05a369ea4f13750d0362488d"
"obj.Kant.Dom.readCellSep_csvField","theorem","Kant.Dom.readCellSep_csvField","PROVEN","∀ (sep : Char),   Ne sep '\""' →     ∀ (s rest : List Char),       Eq         (Kant.Dom.readCellSep           (instHAppendOfAppend.hAppend (Kant.Codec.csvField s) (List.cons sep rest)))         (Option.some { fst := s, snd := { fst := sep, snd := rest } })","L1;S23;obj.Kant.Codec.csvField","O0;","L0;","L0;","L1;S35;claim.Kant.Dom.readCellSep_csvField","L0;","L1;S35;proof.Kant.Dom.readCellSep_csvField","L0;","S255;∀ (sep : Char),   Ne sep '\""' →     ∀ (s rest : List Char),       Eq         (Kant.Dom.readCellSep           (instHAppendOfAppend.hAppend (Kant.Codec.csvField s) (List.cons sep rest)))         (Option.some { fst := s, snd := { fst := sep, snd := rest } })","O7;13;source_systemS5;lean411;source_fileS37;RequestProject/Kant/Domain/Table.lean13;source_formatS4;text11;imported_atI+0;14;transformed_atI+44;15;transformationsL0;13;parent_objectS0;","b887871bdbeb899db3eeaed31ee373a289d1119c5589d3e7481ac614298b111c"
"obj.Kant.Dom.relationOfRow_relationRow","theorem","Kant.Dom.relationOfRow_relationRow","PROVEN","∀ (r : Kant.Dom.Relation), Eq (Kant.Dom.relationOfRow (Kant.Dom.relationRow r)) (Option.some r)","L0;","O0;","L0;","L0;","L1;S40;claim.Kant.Dom.relationOfRow_relationRow","L0;","L1;S40;proof.Kant.Dom.relationOfRow_relationRow","L0;","S95;∀ (r : Kant.Dom.Relation), Eq (Kant.Dom.relationOfRow (Kant.Dom.relationRow r)) (Option.some r)","O7;13;source_systemS5;lean411;source_fileS37;RequestProject/Kant/Domain/Table.lean13;source_formatS4;text11;imported_atI+0;14;transformed_atI+415;15;transformationsL0;13;parent_objectS0;","59553e173644beb5405a2ed58ffe6a82c3d7620a27f8c8ef4eeee3e6f59819dc"
"obj.Kant.Codec.importReport_bytes","theorem","Kant.Codec.importReport_bytes","PROVEN","∀ (declared : Option Kant.Codec.Fmt) (s : List Char),   And (Eq (Kant.Codec.importReport declared s).original s)     (Eq (Kant.Codec.importReport declared s).object.sourceData s)","L0;","O0;","L0;","L0;","L1;S35;claim.Kant.Codec.importReport_bytes","L0;","L1;S35;proof.Kant.Codec.importReport_bytes","L0;","S178;∀ (declared : Option Kant.Codec.Fmt) (s : List Char),   And (Eq (Kant.Codec.importReport declared s).original s)     (Eq (Kant.Codec.importReport declared s).object.sourceData s)","O7;13;source_systemS5;lean411;source_fileS39;RequestProject/Kant/Codec/Exchange.lean13;source_formatS4;text11;imported_atI+0;14;transformed_atI+206;15;transformationsL0;13;parent_objectS0;","a265c0f96a8371df3fb2c3ceec31b70c0499b3adf1f1018dd36bd32439709e3a"
"obj.Kant.Codec.openEnvelope","def","Kant.Codec.openEnvelope","ASSERTED","Kant.Codec.Envelope → Option Kant.Codec.Obj","L1;S24;obj.Kant.Codec.decodeVal","O0;","L0;","L0;","L0;","L0;","L0;","L0;","S43;Kant.Codec.Envelope → Option Kant.Codec.Obj","O7;13;source_systemS5;lean411;source_fileS39;RequestProject/Kant/Codec/Exchange.lean13;source_formatS4;text11;imported_atI+0;14;transformed_atI+163;15;transformationsL0;13;parent_objectS0;","82f4fd3393680b5f6f64749f2121ce345bfb36f4b11c2a8d3fca0e677b8a5c42"
"obj.Kant.SiteCard.breakAt.eq_def","theorem","Kant.SiteCard.breakAt.eq_def","PROVEN","∀ (d : Char) (x : List Char),   Eq (Kant.SiteCard.breakAt d x)     (Kant.SiteCard.splitCh.match_3 (fun x => Option (Prod (List Char) (List Char))) x       (fun _ => Option.none) fun c cs =>       ite (Eq c d) (Option.some { fst := List.nil, snd := cs })         (Option.map (fun p => { fst := List.cons c p.fst, snd := p.snd })           (Kant.SiteCard.breakAt d cs)))","L0;","O0;","L0;","L0;","L1;S34;claim.Kant.SiteCard.breakAt.eq_def","L0;","L1;S34;proof.Kant.SiteCard.breakAt.eq_def","L0;","S368;∀ (d : Char) (x : List Char),   Eq (Kant.SiteCard.breakAt d x)     (Kant.SiteCard.splitCh.match_3 (fun x => Option (Prod (List Char) (List Char))) x       (fun _ => Option.none) fun c cs =>       ite (Eq c d) (Option.some { fst := List.nil, snd := cs })         (Option.map (fun p => { fst := List.cons c p.fst, snd := p.snd })           (Kant.SiteCard.breakAt d cs)))","O7;13;source_systemS5;lean411;source_fileS33;RequestProject/Kant/SiteCard.lean13;source_formatS4;text11;imported_atI+0;14;transformed_atI+0;15;transformationsL0;13;parent_objectS0;","3b0f1bbc3ea895429bb8a748c76fe985e4cf3146a8a12a14e372943b6ba03127"
"obj.Kant.Codec.stripPrefix_objClose_entry","theorem","Kant.Codec.stripPrefix_objClose_entry","PROVEN","∀ (k : List Char) (v : Kant.Codec.Val) (fs : List (Prod (List Char) Kant.Codec.Val))   (rest : List Char),   Eq     (Kant.Codec.stripPrefix Kant.Codec.xObjClose       (instHAppendOfAppend.hAppend (Kant.Codec.xmlEncFields (List.cons { fst := k, snd := v } fs))         rest))     Option.none","L0;","O0;","L0;","L0;","L1;S43;claim.Kant.Codec.stripPrefix_objClose_entry","L0;","L1;S43;proof.Kant.Codec.stripPrefix_objClose_entry","L0;","S290;∀ (k : List Char) (v : Kant.Codec.Val) (fs : List (Prod (List Char) Kant.Codec.Val))   (rest : List Char),   Eq     (Kant.Codec.stripPrefix Kant.Codec.xObjClose       (instHAppendOfAppend.hAppend (Kant.Codec.xmlEncFields (List.cons { fst := k, snd := v } fs))         rest))     Option.none","O7;13;source_systemS5;lean411;source_fileS34;RequestProject/Kant/Codec/Xml.lean13;source_formatS4;text11;imported_atI+0;14;transformed_atI+286;15;transformationsL0;13;parent_objectS0;","62bdce345bb9f054cda090df3b16700f46d50556616db7fa8e68f2e3b4f266b5"
"obj.Kant.Sheaf.DaslType.tag_lt","theorem","Kant.Sheaf.DaslType.tag_lt","PROVEN","∀ (t : Kant.Sheaf.DaslType), instLTNat.lt t.tag 16","L0;","O0;","L0;","L0;","L1;S32;claim.Kant.Sheaf.DaslType.tag_lt","L0;","L1;S32;proof.Kant.Sheaf.DaslType.tag_lt","L0;","S50;∀ (t : Kant.Sheaf.DaslType), instLTNat.lt t.tag 16","O7;13;source_systemS5;lean411;source_fileS30;RequestProject/Kant/Sheaf.lean13;source_formatS4;text11;imported_atI+0;14;transformed_atI+47;15;transformationsL0;13;parent_objectS0;","a331bc9b4cfdd3bcba770b696705876f9e5211c9ace7648ab0c9c530e1425e4d"
"obj.Kant.Dom.LedgerRow.mk.injEq","theorem","Kant.Dom.LedgerRow.mk.injEq","PROVEN","∀ (objectId claimId proofId : Kant.Dom.Id) (truth : Kant.Dom.Truth)   (proofStatus : Option Kant.Dom.PStatus) (coverage : Kant.Dom.Coverage) (objectHash : List Char)   (objectId_1 claimId_1 proofId_1 : Kant.Dom.Id) (truth_1 : Kant.Dom.Truth)   (proofStatus_1 : Option Kant.Dom.PStatus) (coverage_1 : Kant.Dom.Coverage)   (objectHash_1 : List Char),   Eq     (Eq       { objectId := objectId, claimId := claimId, proofId := proofId, truth := truth,         proofStatus := proofStatus, coverage := coverage, objectHash := objectHash }       { objectId := objectId_1, claimId := claimId_1, proofId := proofId_1, truth := truth_1,         proofStatus := proofStatus_1, coverage := coverage_1, objectHash := objectHash_1 })     (And (Eq objectId objectId_1)       (And (Eq claimId claimId_1)         (And (Eq proofId proofId_1)           (And (Eq truth truth_1)             (And (Eq proofStatus proofStatus_1)               (And (Eq coverage coverage_1) (Eq objectHash objectHash_1)))))))","L0;","O0;","L0;","L0;","L1;S33;claim.Kant.Dom.LedgerRow.mk.injEq","L0;","L1;S33;proof.Kant.Dom.LedgerRow.mk.injEq","L0;","S983;∀ (objectId claimId proofId : Kant.Dom.Id) (truth : Kant.Dom.Truth)   (proofStatus : Option Kant.Dom.PStatus) (coverage : Kant.Dom.Coverage) (objectHash : List Char)   (objectId_1 claimId_1 proofId_1 : Kant.Dom.Id) (truth_1 : Kant.Dom.Truth)   (proofStatus_1 : Option Kant.Dom.PStatus) (coverage_1 : Kant.Dom.Coverage)   (objectHash_1 : List Char),   Eq     (Eq       { objectId := objectId, claimId := claimId, proofId := proofId, truth := truth,         proofStatus := proofStatus, coverage := coverage, objectHash := objectHash }       { objectId := objectId_1, claimId := claimId_1, proofId := proofId_1, truth := truth_1,         proofStatus := proofStatus_1, coverage := coverage_1, objectHash := objectHash_1 })     (And (Eq objectId objectId_1)       (And (Eq claimId claimId_1)         (And (Eq proofId proofId_1)           (And (Eq truth truth_1)             (And (Eq proofStatus proofStatus_1)               (And (Eq coverage coverage_1) (Eq objectHash objectHash_1)))))))","O7;13;source_systemS5;lean411;source_fileS38;RequestProject/Kant/Domain/Ledger.lean13;source_formatS4;text11;imported_atI+0;14;transformed_atI+0;15;transformationsL0;13;parent_objectS0;","92eebecdd0a883b07dd07604d7cd0c935c72a25fe6cd214687aca7e1ed5c4219"
"obj.Kant.Dom.Domain.description","def","Kant.Dom.Domain.description","ASSERTED","Kant.Dom.Domain → List Char","L0;","O0;","L0;","L0;","L0;","L0;","L0;","L0;","S27;Kant.Dom.Domain → List Char","O7;13;source_systemS5;lean411;source_fileS37;RequestProject/Kant/Domain/Model.lean13;source_formatS4;text11;imported_atI+0;14;transformed_atI+572;15;transformationsL0;13;parent_objectS0;","f350bd796c6ec9a3b614244facb673309d3fd73818c15549bc0a139647a95be6"
"obj.Kant.Wasm.Decode.instrDec_instr","theorem","Kant.Wasm.Decode.instrDec_instr","PROVEN","∀ (i : Kant.Wasm.Instr) (rest : Kant.Wasm.Decode.Bytes),   Eq (Kant.Wasm.Decode.instrDec (instHAppendOfAppend.hAppend (Kant.Wasm.Encode.instr i) rest))     (Option.some { fst := Kant.Wasm.Decode.toRaw i, snd := rest })","L2;S25;obj.Kant.Wasm.Leb128.slebS33;obj.Kant.Wasm.Leb128.ulebDec_uleb","O0;","L0;","L0;","L1;S37;claim.Kant.Wasm.Decode.instrDec_instr","L0;","L1;S37;proof.Kant.Wasm.Decode.instrDec_instr","L0;","S218;∀ (i : Kant.Wasm.Instr) (rest : Kant.Wasm.Decode.Bytes),   Eq (Kant.Wasm.Decode.instrDec (instHAppendOfAppend.hAppend (Kant.Wasm.Encode.instr i) rest))     (Option.some { fst := Kant.Wasm.Decode.toRaw i, snd := rest })","O7;13;source_systemS5;lean411;source_fileS31;RequestProject/Wasm/Decode.lean13;source_formatS4;text11;imported_atI+0;14;transformed_atI+387;15;transformationsL0;13;parent_objectS0;","086287a1b6285cf0ee6dbbc47b6d68038d7a32b82ab690167d313c5a00ffe609"
"obj.Kant.Codec.Obj.noConfusion","def","Kant.Codec.Obj.noConfusion","ASSERTED","{P : Sort u} → {t t' : Kant.Codec.Obj} → Eq t t' → Kant.Codec.Obj.noConfusionType P t t'","L1;S18;obj.Kant.Codec.Err","O0;","L0;","L0;","L0;","L0;","L0;","L0;","S88;{P : Sort u} → {t t' : Kant.Codec.Obj} → Eq t t' → Kant.Codec.Obj.noConfusionType P t t'","O7;13;source_systemS5;lean411;source_fileS36;RequestProject/Kant/Codec/Model.lean13;source_formatS4;text11;imported_atI+0;14;transformed_atI+449;15;transformationsL0;13;parent_objectS0;","53e992c839ca18df99188f409d1ad25c7d8cb7da8d382fc525bcadce3f821cc2"
"obj.Kant.Wasm.Kernel.creditsForE","def","Kant.Wasm.Kernel.creditsForE","ASSERTED","Kant.Wasm.Expr","L0;","O0;","L0;","L0;","L0;","L0;","L0;","L0;","S14;Kant.Wasm.Expr","O7;13;source_systemS5;lean411;source_fileS31;RequestProject/Wasm/Kernel.lean13;source_formatS4;text11;imported_atI+0;14;transformed_atI+70;15;transformationsL0;13;parent_objectS0;","d371c7a5db991fbd6096d86a8cdb91fa934112febaf8be377472669814fcf274"
"obj.Kant.Diagnostics.Log.cap","def","Kant.Diagnostics.Log.cap","ASSERTED","Kant.Diagnostics.Log → Nat","L0;","O0;","L0;","L0;","L0;","L0;","L0;","L0;","S26;Kant.Diagnostics.Log → Nat","O7;13;source_systemS5;lean411;source_fileS36;RequestProject/Kant/Diagnostics.lean13;source_formatS4;text11;imported_atI+0;14;transformed_atI+207;15;transformationsL0;13;parent_objectS0;","2bd184b931867e020cd4b731341f260db16a239e9778aabc37c56fbb725049c7"
"obj.Kant.Diagnostics.verdictOfCode","def","Kant.Diagnostics.verdictOfCode","ASSERTED","UInt8 → Option Kant.Connectivity.Verdict","L0;","O0;","L0;","L0;","L0;","L0;","L0;","L0;","S40;UInt8 → Option Kant.Connectivity.Verdict","O7;13;source_systemS5;lean411;source_fileS36;RequestProject/Kant/Diagnostics.lean13;source_formatS4;text11;imported_atI+0;14;transformed_atI+504;15;transformationsL0;13;parent_objectS0;","39ee809c2ff6760621eaf86f11d00a4192ac538b43da99003198a569e11ee26b"
"obj.Kant.Meme.Template.mk.injEq","theorem","Kant.Meme.Template.mk.injEq","PROVEN","∀ (topText bottomText : List Char) (carrier : Kant.Stego.Carrier)   (topText_1 bottomText_1 : List Char) (carrier_1 : Kant.Stego.Carrier),   Eq     (Eq { topText := topText, bottomText := bottomText, carrier := carrier }       { topText := topText_1, bottomText := bottomText_1, carrier := carrier_1 })     (And (Eq topText topText_1) (And (Eq bottomText bottomText_1) (Eq carrier carrier_1)))","L0;","O0;","L0;","L0;","L1;S33;claim.Kant.Meme.Template.mk.injEq","L0;","L1;S33;proof.Kant.Meme.Template.mk.injEq","L0;","S393;∀ (topText bottomText : List Char) (carrier : Kant.Stego.Carrier)   (topText_1 bottomText_1 : List Char) (carrier_1 : Kant.Stego.Carrier),   Eq     (Eq { topText := topText, bottomText := bottomText, carrier := carrier }       { topText := topText_1, bottomText := bottomText_1, carrier := carrier_1 })     (And (Eq topText topText_1) (And (Eq bottomText bottomText_1) (Eq carrier carrier_1)))","O7;13;source_systemS5;lean411;source_fileS29;RequestProject/Kant/Meme.lean13;source_formatS4;text11;imported_atI+0;14;transformed_atI+0;15;transformationsL0;13;parent_objectS0;","d93b6f8858650c3a578b1a6d73f2b9edde6f438941a19efc219488bcda5fd5af"
"obj.Kant.SiteCard.Config.ctorIdx","def","Kant.SiteCard.Config.ctorIdx","ASSERTED","Kant.SiteCard.Config → Nat","L0;","O0;","L0;","L0;","L0;","L0;","L0;","L0;","S26;Kant.SiteCard.Config → Nat","O7;13;source_systemS5;lean411;source_fileS33;RequestProject/Kant/SiteCard.lean13;source_formatS4;text11;imported_atI+0;14;transformed_atI+0;15;transformationsL0;13;parent_objectS0;","e150c8b03a61f8b205d997a6d9726dad05b4d25000b289945d8e42caabd375bf"
"obj.Kant.Diagnostics.Event.area","def","Kant.Diagnostics.Event.area","ASSERTED","Kant.Diagnostics.Event → Kant.Diagnostics.Area","L0;","O0;","L0;","L0;","L0;","L0;","L0;","L0;","S46;Kant.Diagnostics.Event → Kant.Diagnostics.Area","O7;13;source_systemS5;lean411;source_fileS36;RequestProject/Kant/Diagnostics.lean13;source_formatS4;text11;imported_atI+0;14;transformed_atI+150;15;transformationsL0;13;parent_objectS0;","2d591e4d9ccf0fa05027a2e06a28f4e3f776c374573b63f65d68faa13ef02ca9"
"obj.Kant.Diagnostics.Log.casesOn","def","Kant.Diagnostics.Log.casesOn","ASSERTED","{motive : Kant.Diagnostics.Log → Sort u} →   (t : Kant.Diagnostics.Log) →     ((cap : Nat) →         (events : List Kant.Diagnostics.Event) →           (dropped : Nat) → motive { cap := cap, events := events, dropped := dropped }) →       motive t","L0;","O0;","L0;","L0;","L0;","L0;","L0;","L0;","S247;{motive : Kant.Diagnostics.Log → Sort u} →   (t : Kant.Diagnostics.Log) →     ((cap : Nat) →         (events : List Kant.Diagnostics.Event) →           (dropped : Nat) → motive { cap := cap, events := events, dropped := dropped }) →       motive t","O7;13;source_systemS5;lean411;source_fileS36;RequestProject/Kant/Diagnostics.lean13;source_formatS4;text11;imported_atI+0;14;transformed_atI+203;15;transformationsL0;13;parent_objectS0;","f438248ced13625bf926032153a41a286e24a18bd33610312d094c82a435829e"
"obj.Kant.Codec.yVal.match_5","def","Kant.Codec.yVal.match_5","ASSERTED","(motive : List Char → Sort u_1) →   (rest : List Char) →     ((r : List Char) → motive (List.cons 'u' (List.cons 'l' (List.cons 'l' r)))) →       ((x : List Char) → motive x) → motive rest","L0;","O0;","L0;","L0;","L0;","L0;","L0;","L0;","S188;(motive : List Char → Sort u_1) →   (rest : List Char) →     ((r : List Char) → motive (List.cons 'u' (List.cons 'l' (List.cons 'l' r)))) →       ((x : List Char) → motive x) → motive rest","O7;13;source_systemS5;lean411;source_fileS35;RequestProject/Kant/Codec/Yaml.lean13;source_formatS4;text11;imported_atI+0;14;transformed_atI+0;15;transformationsL0;13;parent_objectS0;","fdcccf7b23baba183e68cdbb0937697bd4ec977b3990921e51ab260267a12d31"
"obj.Kant.CodeMovie.ungodel","def","Kant.CodeMovie.ungodel","ASSERTED","Nat → Kant.CodeMovie.Snippet","L0;","O0;","L0;","L0;","L0;","L0;","L0;","L0;","S28;Nat → Kant.CodeMovie.Snippet","O7;13;source_systemS5;lean411;source_fileS34;RequestProject/Kant/CodeMovie.lean13;source_formatS4;text11;imported_atI+0;14;transformed_atI+101;15;transformationsL0;13;parent_objectS0;","6f68d4821d48146c916054e31b591fcfe0f617afa5e7dc12722207875525b695"
"obj.Kant.Wasm.Decode.typecheck_append","theorem","Kant.Wasm.Decode.typecheck_append","PROVEN","∀ (arity : Nat) (s : List Kant.Wasm.Decode.VType) (is js : List Kant.Wasm.Decode.RawInstr),   Eq (Kant.Wasm.Decode.typecheck arity s (instHAppendOfAppend.hAppend is js))     (Kant.Wasm.Decode.typecheck.match_1 (fun x => Option (List Kant.Wasm.Decode.VType))       (Kant.Wasm.Decode.typecheck arity s is) (fun s' => Kant.Wasm.Decode.typecheck arity s' js)       fun _ => Option.none)","L2;S26;obj.Kant.Wasm.Decode.VTypeS38;obj.Kant.Wasm.Decode.typecheck.match_1","O0;","L0;","L0;","L1;S39;claim.Kant.Wasm.Decode.typecheck_append","L0;","L1;S39;proof.Kant.Wasm.Decode.typecheck_append","L0;","S382;∀ (arity : Nat) (s : List Kant.Wasm.Decode.VType) (is js : List Kant.Wasm.Decode.RawInstr),   Eq (Kant.Wasm.Decode.typecheck arity s (instHAppendOfAppend.hAppend is js))     (Kant.Wasm.Decode.typecheck.match_1 (fun x => Option (List Kant.Wasm.Decode.VType))       (Kant.Wasm.Decode.typecheck arity s is) (fun s' => Kant.Wasm.Decode.typecheck arity s' js)       fun _ => Option.none)","O7;13;source_systemS5;lean411;source_fileS31;RequestProject/Wasm/Decode.lean13;source_formatS4;text11;imported_atI+0;14;transformed_atI+587;15;transformationsL0;13;parent_objectS0;","dfae26c5726e0104054349eefc114ad7ae1998c6166d32b2cfaf0aadaf6d2255"
"obj.Kant.Onboarding.Progress.mk.sizeOf_spec","theorem","Kant.Onboarding.Progress.mk.sizeOf_spec","PROVEN","∀ (gotIn sharedIt saidHello : Bool),   Eq     (Kant.Onboarding.Progress._sizeOf_inst.sizeOf       { gotIn := gotIn, sharedIt := sharedIt, saidHello := saidHello })     (instHAdd.hAdd       (instHAdd.hAdd (instHAdd.hAdd 1 (Bool._sizeOf_inst.sizeOf gotIn))         (Bool._sizeOf_inst.sizeOf sharedIt))       (Bool._sizeOf_inst.sizeOf saidHello))","L0;","O0;","L0;","L0;","L1;S45;claim.Kant.Onboarding.Progress.mk.sizeOf_spec","L0;","L1;S45;proof.Kant.Onboarding.Progress.mk.sizeOf_spec","L0;","S343;∀ (gotIn sharedIt saidHello : Bool),   Eq     (Kant.Onboarding.Progress._sizeOf_inst.sizeOf       { gotIn := gotIn, sharedIt := sharedIt, saidHello := saidHello })     (instHAdd.hAdd       (instHAdd.hAdd (instHAdd.hAdd 1 (Bool._sizeOf_inst.sizeOf gotIn))         (Bool._sizeOf_inst.sizeOf sharedIt))       (Bool._sizeOf_inst.sizeOf saidHello))","O7;13;source_systemS5;lean411;source_fileS35;RequestProject/Kant/Onboarding.lean13;source_formatS4;text11;imported_atI+0;14;transformed_atI+0;15;transformationsL0;13;parent_objectS0;","fc44088f9feed3e20f28a080d175ad9d1f3339edda218b8cbebe9d499f0655b7"
"obj.Kant.Sync.Source","inductive","Kant.Sync.Source","ASSERTED","Type","L0;","O0;","L0;","L0;","L0;","L0;","L0;","L0;","S4;Type","O7;13;source_systemS5;lean411;source_fileS29;RequestProject/Kant/Sync.lean13;source_formatS4;text11;imported_atI+0;14;transformed_atI+35;15;transformationsL0;13;parent_objectS0;","0972b4224ea0f331bc79017e73a2c06e4e5e9daaf87af3ebb5485ceeaacc34a8"
"obj.Kant.Connectivity.instDecidableEqClient.decEq","def","Kant.Connectivity.instDecidableEqClient.decEq","ASSERTED","(x x_1 : Kant.Connectivity.Client) → Decidable (Eq x x_1)","L2;S28;obj.Kant.Connectivity.ClientS34;obj.Kant.Connectivity.Reachability","O0;","L0;","L0;","L0;","L0;","L0;","L0;","S57;(x x_1 : Kant.Connectivity.Client) → Decidable (Eq x x_1)","O7;13;source_systemS5;lean411;source_fileS37;RequestProject/Kant/Connectivity.lean13;source_formatS4;text11;imported_atI+0;14;transformed_atI+104;15;transformationsL0;13;parent_objectS0;","456a2ca3667175412649ce09a23abda6d4bee9eda5a3cdb35ccbe85d64647da8"
"obj.Kant.Repost.toQuote","def","Kant.Repost.toQuote","ASSERTED","Kant.Clipboard.Envelope → Option Kant.Repost.Quote","L0;","O0;","L0;","L0;","L0;","L0;","L0;","L0;","S50;Kant.Clipboard.Envelope → Option Kant.Repost.Quote","O7;13;source_systemS5;lean411;source_fileS31;RequestProject/Kant/Repost.lean13;source_formatS4;text11;imported_atI+0;14;transformed_atI+69;15;transformationsL0;13;parent_objectS0;","7818480d6dfef48b14bfa102117b92489ace9d0b38ebcfd1319cbb28a874868e"
"obj.Kant.Dom.objectOfRow_objectRow","theorem","Kant.Dom.objectOfRow_objectRow","PROVEN","∀ (o : Kant.Dom.DomObj), Eq (Kant.Dom.objectOfRow (Kant.Dom.objectRow o)) (Option.some o)","L2;S20;obj.Kant.Dom.encProvS32;obj.Kant.Dom.decFields_encFields","O0;","L0;","L0;","L1;S36;claim.Kant.Dom.objectOfRow_objectRow","L0;","L1;S36;proof.Kant.Dom.objectOfRow_objectRow","L0;","S89;∀ (o : Kant.Dom.DomObj), Eq (Kant.Dom.objectOfRow (Kant.Dom.objectRow o)) (Option.some o)","O7;13;source_systemS5;lean411;source_fileS37;RequestProject/Kant/Domain/Table.lean13;source_formatS4;text11;imported_atI+0;14;transformed_atI+334;15;transformationsL0;13;parent_objectS0;","e14d984d77b55a78c5089c63e2cc00338d6788153884d69647eec1af9b278af1"
"obj.Kant.CodeMovie.Circuit.run.eq_5","theorem","Kant.CodeMovie.Circuit.run.eq_5","PROVEN","∀ (rest : List Nat) (c₂ c₁ : Kant.CodeMovie.Circuit) (st : List Kant.CodeMovie.Circuit),   Eq (Kant.CodeMovie.Circuit.run (List.cons 3 rest) (List.cons c₂ (List.cons c₁ st)))     (Kant.CodeMovie.Circuit.run rest (List.cons (c₁.and c₂) st))","L0;","O0;","L0;","L0;","L1;S37;claim.Kant.CodeMovie.Circuit.run.eq_5","L0;","L1;S37;proof.Kant.CodeMovie.Circuit.run.eq_5","L0;","S239;∀ (rest : List Nat) (c₂ c₁ : Kant.CodeMovie.Circuit) (st : List Kant.CodeMovie.Circuit),   Eq (Kant.CodeMovie.Circuit.run (List.cons 3 rest) (List.cons c₂ (List.cons c₁ st)))     (Kant.CodeMovie.Circuit.run rest (List.cons (c₁.and c₂) st))","O7;13;source_systemS5;lean411;source_fileS34;RequestProject/Kant/CodeMovie.lean13;source_formatS4;text11;imported_atI+0;14;transformed_atI+0;15;transformationsL0;13;parent_objectS0;","c6e458075bfa929c5881194651c3a9f72df6a838fba3483aae8ba6ad8b8b5c05"
"obj.Kant.Codec.diffList.eq_def","theorem","Kant.Codec.diffList.eq_def","PROVEN","∀ (path : List Char) (i : Nat) (x x_1 : List Kant.Codec.Val),   Eq (Kant.Codec.diffList path i x x_1)     (Kant.Codec.diffList.match_1 (fun x x_2 => List Kant.Codec.Difference) x x_1 (fun _ => List.nil)       (fun y ys =>         List.cons           (Kant.Codec.mkDiff             (instHAppendOfAppend.hAppend path (List.cons '[' (Kant.Codec.natDigits i))) List.nil             (Kant.Codec.yamlEnc y) ""MISSING_LEFT"".toList)           (Kant.Codec.diffList path (instHAdd.hAdd i 1) List.nil ys))       (fun x xs =>         List.cons           (Kant.Codec.mkDiff             (instHAppendOfAppend.hAppend path (List.cons '[' (Kant.Codec.natDigits i)))             (Kant.Codec.yamlEnc x) List.nil ""MISSING_RIGHT"".toList)           (Kant.Codec.diffList path (instHAdd.hAdd i 1) xs List.nil))       fun x xs y ys =>       instHAppendOfAppend.hAppend         (Kant.Codec.diffVal           (instHAppendOfAppend.hAppend path (List.cons '[' (Kant.Codec.natDigits i))) x y)         (Kant.Codec.diffList path (instHAdd.hAdd i 1) xs ys))","L1;S22;obj.Kant.Codec.diffVal","O0;","L0;","L0;","L1;S32;claim.Kant.Codec.diffList.eq_def","L0;","L1;S32;proof.Kant.Codec.diffList.eq_def","L0;","S1023;∀ (path : List Char) (i : Nat) (x x_1 : List Kant.Codec.Val),   Eq (Kant.Codec.diffList path i x x_1)     (Kant.Codec.diffList.match_1 (fun x x_2 => List Kant.Codec.Difference) x x_1 (fun _ => List.nil)       (fun y ys =>         List.cons           (Kant.Codec.mkDiff             (instHAppendOfAppend.hAppend path (List.cons '[' (Kant.Codec.natDigits i))) List.nil             (Kant.Codec.yamlEnc y) ""MISSING_LEFT"".toList)           (Kant.Codec.diffList path (instHAdd.hAdd i 1) List.nil ys))       (fun x xs =>         List.cons           (Kant.Codec.mkDiff             (instHAppendOfAppend.hAppend path (List.cons '[' (Kant.Codec.natDigits i)))             (Kant.Codec.yamlEnc x) List.nil ""MISSING_RIGHT"".toList)           (Kant.Codec.diffList path (instHAdd.hAdd i 1) xs List.nil))       fun x xs y ys =>       instHAppendOfAppend.hAppend         (Kant.Codec.diffVal           (instHAppendOfAppend.hAppend path (List.cons '[' (Kant.Codec.natDigits i))) x y)         (Kant.Codec.diffList path (instHAdd.hAdd i 1) xs ys))","O7;13;source_systemS5;lean411;source_fileS40;RequestProject/Kant/Codec/Reconcile.lean13;source_formatS4;text11;imported_atI+0;14;transformed_atI+0;15;transformationsL0;13;parent_objectS0;","109bd43bc4aefb2663f7e8c57ad255893f67fa5b4c982e406954d2a5928f1ae3"
"obj.Kant.Rendezvous.meet","def","Kant.Rendezvous.meet","ASSERTED","Kant.Rendezvous.Roster → Kant.Rendezvous.Invite → Prod (List Char) Kant.Rendezvous.Roster","L0;","O0;","L0;","L0;","L0;","L0;","L0;","L0;","S89;Kant.Rendezvous.Roster → Kant.Rendezvous.Invite → Prod (List Char) Kant.Rendezvous.Roster","O7;13;source_systemS5;lean411;source_fileS35;RequestProject/Kant/Rendezvous.lean13;source_formatS4;text11;imported_atI+0;14;transformed_atI+573;15;transformationsL0;13;parent_objectS0;","7d58ac6b484607640c11ecf9d6a57ee7b914b17d7122240abdaa59259804b50d"
"obj.Kant.Codec.Outp.certificate","def","Kant.Codec.Outp.certificate","ASSERTED","Kant.Codec.Outp → Kant.Codec.Val","L0;","O0;","L0;","L0;","L0;","L0;","L0;","L0;","S32;Kant.Codec.Outp → Kant.Codec.Val","O7;13;source_systemS5;lean411;source_fileS36;RequestProject/Kant/Codec/Model.lean13;source_formatS4;text11;imported_atI+0;14;transformed_atI+402;15;transformationsL0;13;parent_objectS0;","181a2afb91c5e76c8250c08c2e9f9abfaab7b211bbf64d8a3178565a1b9ffbed"
"obj.Kant.Join.codePart","def","Kant.Join.codePart","ASSERTED","List Char → List Char","L0;","O0;","L0;","L0;","L0;","L0;","L0;","L0;","S21;List Char → List Char","O7;13;source_systemS5;lean411;source_fileS29;RequestProject/Kant/Join.lean13;source_formatS4;text11;imported_atI+0;14;transformed_atI+217;15;transformationsL0;13;parent_objectS0;","2d958e60683c54be134049d62b580671da96e00e646e7fc0a2e205d122b231b3"
"obj.Kant.Dom.Repair.ofNat","def","Kant.Dom.Repair.ofNat","ASSERTED","Nat → Kant.Dom.Repair","L0;","O0;","L0;","L0;","L0;","L0;","L0;","L0;","S21;Nat → Kant.Dom.Repair","O7;13;source_systemS5;lean411;source_fileS38;RequestProject/Kant/Domain/Policy.lean13;source_formatS4;text11;imported_atI+0;14;transformed_atI+0;15;transformationsL0;13;parent_objectS0;","24308fa4c4d938c2a18dfb3978b8f64539842d53b261ead400c7614c44800c57"
"obj.Kant.Diagnostics.Area.bus.elim","def","Kant.Diagnostics.Area.bus.elim","ASSERTED","{motive : Kant.Diagnostics.Area → Sort u} →   (t : Kant.Diagnostics.Area) → Eq t.ctorIdx 4 → motive Kant.Diagnostics.Area.bus → motive t","L0;","O0;","L0;","L0;","L0;","L0;","L0;","L0;","S136;{motive : Kant.Diagnostics.Area → Sort u} →   (t : Kant.Diagnostics.Area) → Eq t.ctorIdx 4 → motive Kant.Diagnostics.Area.bus → motive t","O7;13;source_systemS5;lean411;source_fileS36;RequestProject/Kant/Diagnostics.lean13;source_formatS4;text11;imported_atI+0;14;transformed_atI+99;15;transformationsL0;13;parent_objectS0;","0a664715ab43a9414ad7708e47d83e8e06beacbf9b62f2934bf903f7f8424d40"
"obj.Kant.SiteCard.Config.Wf.caption","theorem","Kant.SiteCard.Config.Wf.caption","PROVEN","∀ {c : Kant.SiteCard.Config}, c.Wf → Kant.SiteCard.FieldOk c.caption","L0;","O0;","L0;","L0;","L1;S37;claim.Kant.SiteCard.Config.Wf.caption","L0;","L1;S37;proof.Kant.SiteCard.Config.Wf.caption","L0;","S68;∀ {c : Kant.SiteCard.Config}, c.Wf → Kant.SiteCard.FieldOk c.caption","O7;13;source_systemS5;lean411;source_fileS33;RequestProject/Kant/SiteCard.lean13;source_formatS4;text11;imported_atI+0;14;transformed_atI+160;15;transformationsL0;13;parent_objectS0;","89d901e1094d885ef92ca2d9cd6ef4d11a8dc4fad631b3e86981ab1f68d34fcb"
"obj.Kant.Sync.Source.ofNat_ctorIdx","theorem","Kant.Sync.Source.ofNat_ctorIdx","PROVEN","∀ (x : Kant.Sync.Source), Eq (Kant.Sync.Source.ofNat x.ctorIdx) x","L1;S20;obj.Kant.Sync.Source","O0;","L0;","L0;","L1;S36;claim.Kant.Sync.Source.ofNat_ctorIdx","L0;","L1;S36;proof.Kant.Sync.Source.ofNat_ctorIdx","L0;","S65;∀ (x : Kant.Sync.Source), Eq (Kant.Sync.Source.ofNat x.ctorIdx) x","O7;13;source_systemS5;lean411;source_fileS29;RequestProject/Kant/Sync.lean13;source_formatS4;text11;imported_atI+0;14;transformed_atI+0;15;transformationsL0;13;parent_objectS0;","3ef5eb66144584daeaae98f51b94af5d8896c7567710baa4be500d17754e1117"
"obj.Kant.CardDebug.explain_ne_nil","theorem","Kant.CardDebug.explain_ne_nil","PROVEN","∀ (p : Kant.CardDebug.Pairing), Ne (Kant.CardDebug.explain p) List.nil","L1;S26;obj.Kant.CardDebug.Pairing","O0;","L0;","L0;","L1;S35;claim.Kant.CardDebug.explain_ne_nil","L0;","L1;S35;proof.Kant.CardDebug.explain_ne_nil","L0;","S70;∀ (p : Kant.CardDebug.Pairing), Ne (Kant.CardDebug.explain p) List.nil","O7;13;source_systemS5;lean411;source_fileS34;RequestProject/Kant/CardDebug.lean13;source_formatS4;text11;imported_atI+0;14;transformed_atI+321;15;transformationsL0;13;parent_objectS0;","09746983f1e9bb64c2eca6db1061a89fa6462d7d3b16490a566fd1d4e10a6f95"
"obj.Kant.Wasm.BinOp.apply","def","Kant.Wasm.BinOp.apply","ASSERTED","Kant.Wasm.BinOp → UInt64 → UInt64 → Option UInt64","L0;","O0;","L0;","L0;","L0;","L0;","L0;","L0;","S49;Kant.Wasm.BinOp → UInt64 → UInt64 → Option UInt64","O7;13;source_systemS5;lean411;source_fileS34;RequestProject/Wasm/Semantics.lean13;source_formatS4;text11;imported_atI+0;14;transformed_atI+22;15;transformationsL0;13;parent_objectS0;","922a16759ae7c6c4beba7136ec55aa4f3bf09d78a9689dfa3306a41b50708ef5"
"obj.Kant.Onboarding.step.eq_3","theorem","Kant.Onboarding.step.eq_3","PROVEN","∀ (s : Kant.Onboarding.State),   Eq (Kant.Onboarding.step s Kant.Onboarding.Event.createRoom)     { screen := Kant.Onboarding.Screen.share, camera := Bool.false, inRoom := Bool.true,       hushed := s.hushed,       progress :=         have __src := s.progress;         { gotIn := Bool.true, sharedIt := __src.sharedIt, saidHello := __src.saidHello } }","L0;","O0;","L0;","L0;","L1;S31;claim.Kant.Onboarding.step.eq_3","L0;","L1;S31;proof.Kant.Onboarding.step.eq_3","L0;","S351;∀ (s : Kant.Onboarding.State),   Eq (Kant.Onboarding.step s Kant.Onboarding.Event.createRoom)     { screen := Kant.Onboarding.Screen.share, camera := Bool.false, inRoom := Bool.true,       hushed := s.hushed,       progress :=         have __src := s.progress;         { gotIn := Bool.true, sharedIt := __src.sharedIt, saidHello := __src.saidHello } }","O7;13;source_systemS5;lean411;source_fileS35;RequestProject/Kant/Onboarding.lean13;source_formatS4;text11;imported_atI+0;14;transformed_atI+0;15;transformationsL0;13;parent_objectS0;","bb8e61b6a44c23e1fd5454189e2e792e603631940969b0d37cc745f5883fb2d0"
"obj.Kant.Diagnostics.verdictOfCode_code","theorem","Kant.Diagnostics.verdictOfCode_code","PROVEN","∀ (v : Kant.Connectivity.Verdict),   Eq (Kant.Diagnostics.verdictOfCode (Kant.Diagnostics.verdictCode v)) (Option.some v)","L1;S34;obj.Kant.Diagnostics.verdictOfCode","O0;","L0;","L0;","L1;S41;claim.Kant.Diagnostics.verdictOfCode_code","L0;","L1;S41;proof.Kant.Diagnostics.verdictOfCode_code","L0;","S121;∀ (v : Kant.Connectivity.Verdict),   Eq (Kant.Diagnostics.verdictOfCode (Kant.Diagnostics.verdictCode v)) (Option.some v)","O7;13;source_systemS5;lean411;source_fileS36;RequestProject/Kant/Diagnostics.lean13;source_formatS4;text11;imported_atI+0;14;transformed_atI+514;15;transformationsL0;13;parent_objectS0;","d1f81bc26e3c6ddd6bcceeb50f8bd642d577752664c123b78108548154f193bc"
"obj.Kant.Sync.Feed.noConfusion","def","Kant.Sync.Feed.noConfusion","ASSERTED","{P : Sort u} → {t t' : Kant.Sync.Feed} → Eq t t' → Kant.Sync.Feed.noConfusionType P t t'","L1;S20;obj.Kant.Sync.Source","O0;","L0;","L0;","L0;","L0;","L0;","L0;","S88;{P : Sort u} → {t t' : Kant.Sync.Feed} → Eq t t' → Kant.Sync.Feed.noConfusionType P t t'","O7;13;source_systemS5;lean411;source_fileS29;RequestProject/Kant/Sync.lean13;source_formatS4;text11;imported_atI+0;14;transformed_atI+41;15;transformationsL0;13;parent_objectS0;","7764c2b774d86ecc4e8ca01d896e476fff47c0af2abf9752ea530603464bc6b5"
"obj.Kant.Diagnostics.toEvent.match_1","def","Kant.Diagnostics.toEvent.match_1","ASSERTED","(motive : Option Kant.Diagnostics.Level → Option Kant.Diagnostics.Area → Sort u_1) →   (x : Option Kant.Diagnostics.Level) →     (x_1 : Option Kant.Diagnostics.Area) →       ((l : Kant.Diagnostics.Level) →           (a : Kant.Diagnostics.Area) → motive (Option.some l) (Option.some a)) →         ((x : Option Kant.Diagnostics.Level) →             (x_2 : Option Kant.Diagnostics.Area) → motive x x_2) →           motive x x_1","L0;","O0;","L0;","L0;","L0;","L0;","L0;","L0;","S424;(motive : Option Kant.Diagnostics.Level → Option Kant.Diagnostics.Area → Sort u_1) →   (x : Option Kant.Diagnostics.Level) →     (x_1 : Option Kant.Diagnostics.Area) →       ((l : Kant.Diagnostics.Level) →           (a : Kant.Diagnostics.Area) → motive (Option.some l) (Option.some a)) →         ((x : Option Kant.Diagnostics.Level) →             (x_2 : Option Kant.Diagnostics.Area) → motive x x_2) →           motive x x_1","O7;13;source_systemS5;lean411;source_fileS36;RequestProject/Kant/Diagnostics.lean13;source_formatS4;text11;imported_atI+0;14;transformed_atI+0;15;transformationsL0;13;parent_objectS0;","7a5c06afbe4e18e1a7e240cbfd08881629742324ca3e667b1f562ce45b289680"
"obj.Kant.Codec.xmlEnc.eq_3","theorem","Kant.Codec.xmlEnc.eq_3","PROVEN","Eq (Kant.Codec.xmlEnc (Kant.Codec.Val.bool Bool.false)) Kant.Codec.xFalse","L0;","O0;","L0;","L0;","L1;S28;claim.Kant.Codec.xmlEnc.eq_3","L0;","L1;S28;proof.Kant.Codec.xmlEnc.eq_3","L0;","S73;Eq (Kant.Codec.xmlEnc (Kant.Codec.Val.bool Bool.false)) Kant.Codec.xFalse","O7;13;source_systemS5;lean411;source_fileS34;RequestProject/Kant/Codec/Xml.lean13;source_formatS4;text11;imported_atI+0;14;transformed_atI+0;15;transformationsL0;13;parent_objectS0;","b10ec4e65139944ff5219348c273714c7172d1c2d21da19503e8b57fe6b22992"
"obj.Kant.Wasm.Instr.binop.noConfusion","def","Kant.Wasm.Instr.binop.noConfusion","ASSERTED","{P : Sort u} →   {op op' : Kant.Wasm.BinOp} →     Eq (Kant.Wasm.Instr.binop op) (Kant.Wasm.Instr.binop op') → (Eq op op' → P) → P","L0;","O0;","L0;","L0;","L0;","L0;","L0;","L0;","S129;{P : Sort u} →   {op op' : Kant.Wasm.BinOp} →     Eq (Kant.Wasm.Instr.binop op) (Kant.Wasm.Instr.binop op') → (Eq op op' → P) → P","O7;13;source_systemS5;lean411;source_fileS31;RequestProject/Wasm/Syntax.lean13;source_formatS4;text11;imported_atI+0;14;transformed_atI+41;15;transformationsL0;13;parent_objectS0;","9056a1486c319ed0fa33cac923d587d3114999f6ffc7221616289f3c44d42019"
"obj.Kant.Relay.Msg.Wire.casesOn","def","Kant.Relay.Msg.Wire.casesOn","ASSERTED","{m : Kant.Relay.Msg} →   {motive : m.Wire → Sort u} →     (t : m.Wire) →       ((room : Kant.Text.IsAscii m.room) → (sender : Kant.Text.IsAscii m.sender) → motive ⋯) →         motive t","L1;S25;obj.Kant.Relay.Msg.sender","O0;","L0;","L0;","L0;","L0;","L0;","L0;","S184;{m : Kant.Relay.Msg} →   {motive : m.Wire → Sort u} →     (t : m.Wire) →       ((room : Kant.Text.IsAscii m.room) → (sender : Kant.Text.IsAscii m.sender) → motive ⋯) →         motive t","O7;13;source_systemS5;lean411;source_fileS30;RequestProject/Kant/Relay.lean13;source_formatS4;text11;imported_atI+0;14;transformed_atI+63;15;transformationsL0;13;parent_objectS0;","e783197e64e9c13c33d8256d6a1c77d77396e9055478effa743c85814f8adb55"
"obj.Kant.Codec.csvField","def","Kant.Codec.csvField","ASSERTED","List Char → List Char","L0;","O0;","L0;","L0;","L0;","L0;","L0;","L0;","S21;List Char → List Char","O7;13;source_systemS5;lean411;source_fileS34;RequestProject/Kant/Codec/Csv.lean13;source_formatS4;text11;imported_atI+0;14;transformed_atI+283;15;transformationsL0;13;parent_objectS0;","7dd260aad1f9ecca967b68528397822d522a8b994390946c84ff26c02576614f"
"obj.Kant.Credits.Ledger","inductive","Kant.Credits.Ledger","ASSERTED","Type","L0;","O0;","L0;","L0;","L0;","L0;","L0;","L0;","S4;Type","O7;13;source_systemS5;lean411;source_fileS32;RequestProject/Kant/Credits.lean13;source_formatS4;text11;imported_atI+0;14;transformed_atI+40;15;transformationsL0;13;parent_objectS0;","201c9f28d4d1c03203e54b2d0c3c8c85d9ba5d7bdf8dcc0c3adbda81645a53df"
"obj.Kant.InviteCard.Dress.mk.injEq","theorem","Kant.InviteCard.Dress.mk.injEq","PROVEN","∀ (caption icon alt caption_1 icon_1 alt_1 : List Char),   Eq     (Eq { caption := caption, icon := icon, alt := alt }       { caption := caption_1, icon := icon_1, alt := alt_1 })     (And (Eq caption caption_1) (And (Eq icon icon_1) (Eq alt alt_1)))","L0;","O0;","L0;","L0;","L1;S36;claim.Kant.InviteCard.Dress.mk.injEq","L0;","L1;S36;proof.Kant.InviteCard.Dress.mk.injEq","L0;","S251;∀ (caption icon alt caption_1 icon_1 alt_1 : List Char),   Eq     (Eq { caption := caption, icon := icon, alt := alt }       { caption := caption_1, icon := icon_1, alt := alt_1 })     (And (Eq caption caption_1) (And (Eq icon icon_1) (Eq alt alt_1)))","O7;13;source_systemS5;lean411;source_fileS35;RequestProject/Kant/InviteCard.lean13;source_formatS4;text11;imported_atI+0;14;transformed_atI+0;15;transformationsL0;13;parent_objectS0;","fcb060a12893b30fd080000421e704dc25e23613b4ab54ed02c7a286f5d77c5a"
"obj.Kant.Store.get_empty","theorem","Kant.Store.get_empty","PROVEN","∀ (w : List Char), Eq (Kant.Store.empty.get w) Option.none","L0;","O0;","L0;","L0;","L1;S26;claim.Kant.Store.get_empty","L0;","L1;S26;proof.Kant.Store.get_empty","L0;","S58;∀ (w : List Char), Eq (Kant.Store.empty.get w) Option.none","O7;13;source_systemS5;lean411;source_fileS30;RequestProject/Kant/Paste.lean13;source_formatS4;text11;imported_atI+0;14;transformed_atI+109;15;transformationsL0;13;parent_objectS0;","688f30256a3f74ceb6a253ba82b4272904e2fbdd9b924b38581829587e8a8b03"
"obj.Kant.Connectivity.instDecidableEqClient","def","Kant.Connectivity.instDecidableEqClient","ASSERTED","DecidableEq Kant.Connectivity.Client","L2;S28;obj.Kant.Connectivity.ClientS49;obj.Kant.Connectivity.instDecidableEqClient.decEq","O0;","L0;","L0;","L0;","L0;","L0;","L0;","S36;DecidableEq Kant.Connectivity.Client","O7;13;source_systemS5;lean411;source_fileS37;RequestProject/Kant/Connectivity.lean13;source_formatS4;text11;imported_atI+0;14;transformed_atI+104;15;transformationsL0;13;parent_objectS0;","cd2f666b56036c654826a4badaeecc42d9c25b748240d45f2cdc0d50decb14bc"
"obj.Kant.Handoff.run","def","Kant.Handoff.run","ASSERTED","Kant.Uucp.Node → Kant.Uucp.Node → Prod Kant.Uucp.Node Kant.Uucp.Node","L1;S24;obj.Kant.Uucp.Node.paste","O0;","L0;","L0;","L0;","L0;","L0;","L0;","S68;Kant.Uucp.Node → Kant.Uucp.Node → Prod Kant.Uucp.Node Kant.Uucp.Node","O7;13;source_systemS5;lean411;source_fileS32;RequestProject/Kant/Handoff.lean13;source_formatS4;text11;imported_atI+0;14;transformed_atI+116;15;transformationsL0;13;parent_objectS0;","26d43b81784170cc4a97bdd8c0bc237f1222940247cc3232640d9365735ab205"
"obj.Kant.Demo.demoFrames","def","Kant.Demo.demoFrames","ASSERTED","List Kant.Sneakernet.Frame","L0;","O0;","L0;","L0;","L0;","L0;","L0;","L0;","S26;List Kant.Sneakernet.Frame","O7;13;source_systemS5;lean411;source_fileS29;RequestProject/Kant/Demo.lean13;source_formatS4;text11;imported_atI+0;14;transformed_atI+77;15;transformationsL0;13;parent_objectS0;","dab3d5fc998637baeec54110d69b41fdffe190dd298205f4d3971310df4ca837"
"obj.Kant.Dom.instReprRepairRecord","def","Kant.Dom.instReprRepairRecord","ASSERTED","Repr Kant.Dom.RepairRecord","L0;","O0;","L0;","L0;","L0;","L0;","L0;","L0;","S26;Repr Kant.Dom.RepairRecord","O7;13;source_systemS5;lean411;source_fileS38;RequestProject/Kant/Domain/Policy.lean13;source_formatS4;text11;imported_atI+0;14;transformed_atI+223;15;transformationsL0;13;parent_objectS0;","f429f71d9015f4aafed2233a3bacaf8d920fbe49ac9a0d2483d110d962b8a807"
"obj.Kant.Dom.Repair.name","def","Kant.Dom.Repair.name","ASSERTED","Kant.Dom.Repair → List Char","L0;","O0;","L0;","L0;","L0;","L0;","L0;","L0;","S27;Kant.Dom.Repair → List Char","O7;13;source_systemS5;lean411;source_fileS38;RequestProject/Kant/Domain/Policy.lean13;source_formatS4;text11;imported_atI+0;14;transformed_atI+206;15;transformationsL0;13;parent_objectS0;","36b842825e294346a526932e13d28b4984cfe1a22b3a2068ab2dbc59b35465db"
"obj.Kant.Wasm.Decode.tag.eq_2","theorem","Kant.Wasm.Decode.tag.eq_2","PROVEN","∀ (b c : UInt8) (bs : List UInt8),   Eq (Kant.Wasm.Decode.tag b (List.cons c bs)) (ite (Eq c b) (Option.some bs) Option.none)","L0;","O0;","L0;","L0;","L1;S31;claim.Kant.Wasm.Decode.tag.eq_2","L0;","L1;S31;proof.Kant.Wasm.Decode.tag.eq_2","L0;","S125;∀ (b c : UInt8) (bs : List UInt8),   Eq (Kant.Wasm.Decode.tag b (List.cons c bs)) (ite (Eq c b) (Option.some bs) Option.none)","O7;13;source_systemS5;lean411;source_fileS31;RequestProject/Wasm/Decode.lean13;source_formatS4;text11;imported_atI+0;14;transformed_atI+0;15;transformationsL0;13;parent_objectS0;","82be0bab6a47ff7cacc8dcdf94fc90ef9109f69a50ec0ae21003f3001a54b845"
"obj.Kant.Sneakernet.Frame.payload","def","Kant.Sneakernet.Frame.payload","ASSERTED","Kant.Sneakernet.Frame → Kant.Bytes.Blob","L0;","O0;","L0;","L0;","L0;","L0;","L0;","L0;","S39;Kant.Sneakernet.Frame → Kant.Bytes.Blob","O7;13;source_systemS5;lean411;source_fileS35;RequestProject/Kant/Sneakernet.lean13;source_formatS4;text11;imported_atI+0;14;transformed_atI+135;15;transformationsL0;13;parent_objectS0;","e7ae5618056747e22946892b5bacc3bdb537349af2d39e3c405a6045e022e967"
"obj.Kant.Sync.Feed.mk.injEq","theorem","Kant.Sync.Feed.mk.injEq","PROVEN","∀ (source : Kant.Sync.Source) (blocks : List Kant.Paste) (source_1 : Kant.Sync.Source)   (blocks_1 : List Kant.Paste),   Eq (Eq { source := source, blocks := blocks } { source := source_1, blocks := blocks_1 })     (And (Eq source source_1) (Eq blocks blocks_1))","L1;S20;obj.Kant.Sync.Source","O0;","L0;","L0;","L1;S29;claim.Kant.Sync.Feed.mk.injEq","L0;","L1;S29;proof.Kant.Sync.Feed.mk.injEq","L0;","S262;∀ (source : Kant.Sync.Source) (blocks : List Kant.Paste) (source_1 : Kant.Sync.Source)   (blocks_1 : List Kant.Paste),   Eq (Eq { source := source, blocks := blocks } { source := source_1, blocks := blocks_1 })     (And (Eq source source_1) (Eq blocks blocks_1))","O7;13;source_systemS5;lean411;source_fileS29;RequestProject/Kant/Sync.lean13;source_formatS4;text11;imported_atI+0;14;transformed_atI+0;15;transformationsL0;13;parent_objectS0;","8a07b942a7ea2bfea25aaf288b3a345198181d31496e3280d00619431f8361d3"
"obj.Kant.Codec.Extract.mk.noConfusion","def","Kant.Codec.Extract.mk.noConfusion","ASSERTED","{P : Sort u} →   {kind : List Char} →     {offset length : Nat} →       {kind' : List Char} →         {offset' length' : Nat} →           Eq { kind := kind, offset := offset, length := length }               { kind := kind', offset := offset', length := length' } →             (Eq kind kind' → Eq offset offset' → Eq length length' → P) → P","L0;","O0;","L0;","L0;","L0;","L0;","L0;","L0;","S341;{P : Sort u} →   {kind : List Char} →     {offset length : Nat} →       {kind' : List Char} →         {offset' length' : Nat} →           Eq { kind := kind, offset := offset, length := length }               { kind := kind', offset := offset', length := length' } →             (Eq kind kind' → Eq offset offset' → Eq length length' → P) → P","O7;13;source_systemS5;lean411;source_fileS38;RequestProject/Kant/Codec/RawText.lean13;source_formatS4;text11;imported_atI+0;14;transformed_atI+87;15;transformationsL0;13;parent_objectS0;","d5b7c51a3647620ed2a0d3d3830808116d741f7283521f9830a5575ecc76bbfb"
"obj.Kant.Dasl.dual47_add","theorem","Kant.Dasl.dual47_add","PROVEN","∀ (o : Kant.Dasl.Orbifold) (j k : Nat),   Eq (Kant.Dasl.dual47 (Kant.Dasl.dual47 o j) k) (Kant.Dasl.dual47 o (instHAdd.hAdd j k))","L0;","O0;","L0;","L0;","L1;S26;claim.Kant.Dasl.dual47_add","L0;","L1;S26;proof.Kant.Dasl.dual47_add","L0;","S129;∀ (o : Kant.Dasl.Orbifold) (j k : Nat),   Eq (Kant.Dasl.dual47 (Kant.Dasl.dual47 o j) k) (Kant.Dasl.dual47 o (instHAdd.hAdd j k))","O7;13;source_systemS5;lean411;source_fileS29;RequestProject/Kant/Dasl.lean13;source_formatS4;text11;imported_atI+0;14;transformed_atI+243;15;transformationsL0;13;parent_objectS0;","f31cf5df569a9526950aeaa16093af59c07ce09dc937959836b742c82f99f30b"
"obj.Kant.Rendezvous.Invite.peer","def","Kant.Rendezvous.Invite.peer","ASSERTED","Kant.Rendezvous.Invite → List Char","L0;","O0;","L0;","L0;","L0;","L0;","L0;","L0;","S34;Kant.Rendezvous.Invite → List Char","O7;13;source_systemS5;lean411;source_fileS35;RequestProject/Kant/Rendezvous.lean13;source_formatS4;text11;imported_atI+0;14;transformed_atI+445;15;transformationsL0;13;parent_objectS0;","ab2d1f240daceb31d9c4d86ddfecb31e096835333cea8a8ba7a9b7c4257523c8"
"obj.Kant.Diagnostics.Event.detail","def","Kant.Diagnostics.Event.detail","ASSERTED","Kant.Diagnostics.Event → List Char","L0;","O0;","L0;","L0;","L0;","L0;","L0;","L0;","S34;Kant.Diagnostics.Event → List Char","O7;13;source_systemS5;lean411;source_fileS36;RequestProject/Kant/Diagnostics.lean13;source_formatS4;text11;imported_atI+0;14;transformed_atI+154;15;transformationsL0;13;parent_objectS0;","e662adbd2cfc885038c65bc5765e50fb313da362db4edf3e30b4d6806d628bb9"
"obj.Kant.Codec.csvDecode","def","Kant.Codec.csvDecode","ASSERTED","List Char → Option Kant.Codec.Val","L0;","O0;","L0;","L0;","L0;","L0;","L0;","L0;","S33;List Char → Option Kant.Codec.Val","O7;13;source_systemS5;lean411;source_fileS34;RequestProject/Kant/Codec/Csv.lean13;source_formatS4;text11;imported_atI+0;14;transformed_atI+425;15;transformationsL0;13;parent_objectS0;","4d8e07bcbf94352b45a9674f3fd2f9481d852b1dd5822b594e7493293519a876"
"obj.Kant.Dom.Relation.mk.injEq","theorem","Kant.Dom.Relation.mk.injEq","PROVEN","∀ (source : Kant.Dom.Id) (kind : Kant.Dom.Rel) (target source_1 : Kant.Dom.Id)   (kind_1 : Kant.Dom.Rel) (target_1 : Kant.Dom.Id),   Eq     (Eq { source := source, kind := kind, target := target }       { source := source_1, kind := kind_1, target := target_1 })     (And (Eq source source_1) (And (Eq kind kind_1) (Eq target target_1)))","L1;S36;obj.Kant.Dom.Relation.mk.noConfusion","O0;","L0;","L0;","L1;S32;claim.Kant.Dom.Relation.mk.injEq","L0;","L1;S32;proof.Kant.Dom.Relation.mk.injEq","L0;","S337;∀ (source : Kant.Dom.Id) (kind : Kant.Dom.Rel) (target source_1 : Kant.Dom.Id)   (kind_1 : Kant.Dom.Rel) (target_1 : Kant.Dom.Id),   Eq     (Eq { source := source, kind := kind, target := target }       { source := source_1, kind := kind_1, target := target_1 })     (And (Eq source source_1) (And (Eq kind kind_1) (Eq target target_1)))","O7;13;source_systemS5;lean411;source_fileS37;RequestProject/Kant/Domain/Model.lean13;source_formatS4;text11;imported_atI+0;14;transformed_atI+0;15;transformationsL0;13;parent_objectS0;","dc5d61d6519b184b6e16ad93bc1909b8c1823b3fb093f3b969426daff7063f06"
"obj.Kant.Codec.Obj.parameters","def","Kant.Codec.Obj.parameters","ASSERTED","Kant.Codec.Obj → List (Prod (List Char) Kant.Codec.Val)","L0;","O0;","L0;","L0;","L0;","L0;","L0;","L0;","S55;Kant.Codec.Obj → List (Prod (List Char) Kant.Codec.Val)","O7;13;source_systemS5;lean411;source_fileS36;RequestProject/Kant/Codec/Model.lean13;source_formatS4;text11;imported_atI+0;14;transformed_atI+459;15;transformationsL0;13;parent_objectS0;","5a0166f1b3d4b2a710434f07a89aad0c2c829d0560cb6a2580f2ca4eccfaf7aa"
"obj.Kant.Dom.ProofRec.ctorIdx","def","Kant.Dom.ProofRec.ctorIdx","ASSERTED","Kant.Dom.ProofRec → Nat","L0;","O0;","L0;","L0;","L0;","L0;","L0;","L0;","S23;Kant.Dom.ProofRec → Nat","O7;13;source_systemS5;lean411;source_fileS37;RequestProject/Kant/Domain/Model.lean13;source_formatS4;text11;imported_atI+0;14;transformed_atI+0;15;transformationsL0;13;parent_objectS0;","217cd6da55efd95ad1fe09628432f38db57914974ea949ace7652e3c46d5765f"
"obj.Kant.Codec.xEntryOpen","def","Kant.Codec.xEntryOpen","ASSERTED","List Char","L0;","O0;","L0;","L0;","L0;","L0;","L0;","L0;","S9;List Char","O7;13;source_systemS5;lean411;source_fileS34;RequestProject/Kant/Codec/Xml.lean13;source_formatS4;text11;imported_atI+0;14;transformed_atI+52;15;transformationsL0;13;parent_objectS0;","76c408951bf4ddaac6bee6f0cb77d25d7b970b5baa15460435adf5d1051f8e37"
"obj.Kant.Wasm.Encode.sec","def","Kant.Wasm.Encode.sec","ASSERTED","Nat → Kant.Wasm.Encode.Bytes → Kant.Wasm.Encode.Bytes","L0;","O0;","L0;","L0;","L0;","L0;","L0;","L0;","S53;Nat → Kant.Wasm.Encode.Bytes → Kant.Wasm.Encode.Bytes","O7;13;source_systemS5;lean411;source_fileS31;RequestProject/Wasm/Encode.lean13;source_formatS4;text11;imported_atI+0;14;transformed_atI+39;15;transformationsL0;13;parent_objectS0;","c078f3d643508e7889a9f536f8f5295b0357c4049e1d975e5b1e5a4d17579001"
"obj.Kant.Onboarding.instReprState.repr","def","Kant.Onboarding.instReprState.repr","ASSERTED","Kant.Onboarding.State → Nat → Std.Format","L1;S32;obj.Kant.Onboarding.State.camera","O0;","L0;","L0;","L0;","L0;","L0;","L0;","S40;Kant.Onboarding.State → Nat → Std.Format","O7;13;source_systemS5;lean411;source_fileS35;RequestProject/Kant/Onboarding.lean13;source_formatS4;text11;imported_atI+0;14;transformed_atI+123;15;transformationsL0;13;parent_objectS0;","45aac832b2b5984b3311caad2a4c4e087af512b60e18d3f1b6ae0a32e4cd8b4e"
"obj.Kant.Uucp.Carrier.qr.elim","def","Kant.Uucp.Carrier.qr.elim","ASSERTED","{motive : Kant.Uucp.Carrier → Sort u} →   (t : Kant.Uucp.Carrier) → Eq t.ctorIdx 2 → motive Kant.Uucp.Carrier.qr → motive t","L0;","O0;","L0;","L0;","L0;","L0;","L0;","L0;","S123;{motive : Kant.Uucp.Carrier → Sort u} →   (t : Kant.Uucp.Carrier) → Eq t.ctorIdx 2 → motive Kant.Uucp.Carrier.qr → motive t","O7;13;source_systemS5;lean411;source_fileS29;RequestProject/Kant/Uucp.lean13;source_formatS4;text11;imported_atI+0;14;transformed_atI+68;15;transformationsL0;13;parent_objectS0;","1e14bdd45204ed60ffd3d6285af5d6dbf2013d9df02c283e20cdb641ffa13a09"
"obj.Kant.Demo.memeTemplate","def","Kant.Demo.memeTemplate","ASSERTED","Kant.Meme.Template","L0;","O0;","L0;","L0;","L0;","L0;","L0;","L0;","S18;Kant.Meme.Template","O7;13;source_systemS5;lean411;source_fileS29;RequestProject/Kant/Demo.lean13;source_formatS4;text11;imported_atI+0;14;transformed_atI+181;15;transformationsL0;13;parent_objectS0;","8b0e1ad9f4259402c4a0a091dd34ed35e4f60d4985f5f9dcb0d48e47d031518f"
"obj.Kant.InviteCard.inviteCard_no_markup","theorem","Kant.InviteCard.inviteCard_no_markup","PROVEN","∀ (c : Kant.SiteCard.Config) (d : Kant.InviteCard.Dress) (i : Kant.Rendezvous.Invite),   And     (And (Not (List.instMembership.mem (Kant.Erdfa.escape d.caption) '<'))       (And (Not (List.instMembership.mem (Kant.Erdfa.escape d.caption) '>'))         (Not (List.instMembership.mem (Kant.Erdfa.escape d.caption) '\""'))))     (And       (And (Not (List.instMembership.mem (Kant.Erdfa.escape d.icon) '<'))         (And (Not (List.instMembership.mem (Kant.Erdfa.escape d.icon) '>'))           (Not (List.instMembership.mem (Kant.Erdfa.escape d.icon) '\""'))))       (And (Not (List.instMembership.mem (Kant.Erdfa.escape (Kant.InviteCard.inviteUrl c i)) '<'))         (And (Not (List.instMembership.mem (Kant.Erdfa.escape (Kant.InviteCard.inviteUrl c i)) '>'))           (Not             (List.instMembership.mem (Kant.Erdfa.escape (Kant.InviteCard.inviteUrl c i)) '\""')))))","L0;","O0;","L0;","L0;","L1;S42;claim.Kant.InviteCard.inviteCard_no_markup","L0;","L1;S42;proof.Kant.InviteCard.inviteCard_no_markup","L0;","S870;∀ (c : Kant.SiteCard.Config) (d : Kant.InviteCard.Dress) (i : Kant.Rendezvous.Invite),   And     (And (Not (List.instMembership.mem (Kant.Erdfa.escape d.caption) '<'))       (And (Not (List.instMembership.mem (Kant.Erdfa.escape d.caption) '>'))         (Not (List.instMembership.mem (Kant.Erdfa.escape d.caption) '\""'))))     (And       (And (Not (List.instMembership.mem (Kant.Erdfa.escape d.icon) '<'))         (And (Not (List.instMembership.mem (Kant.Erdfa.escape d.icon) '>'))           (Not (List.instMembership.mem (Kant.Erdfa.escape d.icon) '\""'))))       (And (Not (List.instMembership.mem (Kant.Erdfa.escape (Kant.InviteCard.inviteUrl c i)) '<'))         (And (Not (List.instMembership.mem (Kant.Erdfa.escape (Kant.InviteCard.inviteUrl c i)) '>'))           (Not             (List.instMembership.mem (Kant.Erdfa.escape (Kant.InviteCard.inviteUrl c i)) '\""')))))","O7;13;source_systemS5;lean411;source_fileS35;RequestProject/Kant/InviteCard.lean13;source_formatS4;text11;imported_atI+0;14;transformed_atI+196;15;transformationsL0;13;parent_objectS0;","74e4dbc2ddd91cf2adce6971adf2a78508188c150f2634041f932a2910e0edb7"
"obj.Kant.Codec.Err.sourceFormat","def","Kant.Codec.Err.sourceFormat","ASSERTED","Kant.Codec.Err → Kant.Codec.Fmt","L1;S18;obj.Kant.Codec.Err","O0;","L0;","L0;","L0;","L0;","L0;","L0;","S31;Kant.Codec.Err → Kant.Codec.Fmt","O7;13;source_systemS5;lean411;source_fileS36;RequestProject/Kant/Codec/Model.lean13;source_formatS4;text11;imported_atI+0;14;transformed_atI+228;15;transformationsL0;13;parent_objectS0;","8c6a77b48e1454a0041f84ac02f946fb46f29d52b450df26ee3a95ce0d822311"
"obj.Kant.Codec.Ipdl.int.noConfusion","def","Kant.Codec.Ipdl.int.noConfusion","ASSERTED","{P : Sort u} →   {n n' : Int} → Eq (Kant.Codec.Ipdl.int n) (Kant.Codec.Ipdl.int n') → (Eq n n' → P) → P","L0;","O0;","L0;","L0;","L0;","L0;","L0;","L0;","S103;{P : Sort u} →   {n n' : Int} → Eq (Kant.Codec.Ipdl.int n) (Kant.Codec.Ipdl.int n') → (Eq n n' → P) → P","O7;13;source_systemS5;lean411;source_fileS35;RequestProject/Kant/Codec/Ipdl.lean13;source_formatS4;text11;imported_atI+0;14;transformed_atI+42;15;transformationsL0;13;parent_objectS0;","99d15b87fd59ca4ea4bfb310f79bdea98eeea29ab493f688b071bfda418b5e13"
"obj.Kant.Cli.Client.recOn","def","Kant.Cli.Client.recOn","ASSERTED","{motive : Kant.Cli.Client → Sort u} →   (t : Kant.Cli.Client) →     ((self relay : List Char) →         (secret : Kant.Bytes.Blob) →           (seq cursor : Nat) →             (messages : List Kant.Relay.Msg) →               motive                 { self := self, relay := relay, secret := secret, seq := seq, cursor := cursor,                   messages := messages }) →       motive t","L0;","O0;","L0;","L0;","L0;","L0;","L0;","L0;","S386;{motive : Kant.Cli.Client → Sort u} →   (t : Kant.Cli.Client) →     ((self relay : List Char) →         (secret : Kant.Bytes.Blob) →           (seq cursor : Nat) →             (messages : List Kant.Relay.Msg) →               motive                 { self := self, relay := relay, secret := secret, seq := seq, cursor := cursor,                   messages := messages }) →       motive t","O7;13;source_systemS5;lean411;source_fileS28;RequestProject/Kant/Cli.lean13;source_formatS4;text11;imported_atI+0;14;transformed_atI+313;15;transformationsL0;13;parent_objectS0;","a5e86d795b83a5c127c9cdaee97aefae6cc3c3607e0ad5dbf7e976fca66b0a08"
"obj.Kant.Dom.citedProof.match_1","def","Kant.Dom.citedProof.match_1","ASSERTED","(motive : Option Kant.Dom.ProofRec → Sort u_1) →   (x : Option Kant.Dom.ProofRec) →     ((p : Kant.Dom.ProofRec) → motive (Option.some p)) → (Unit → motive Option.none) → motive x","L0;","O0;","L0;","L0;","L0;","L0;","L0;","L0;","S179;(motive : Option Kant.Dom.ProofRec → Sort u_1) →   (x : Option Kant.Dom.ProofRec) →     ((p : Kant.Dom.ProofRec) → motive (Option.some p)) → (Unit → motive Option.none) → motive x","O7;13;source_systemS5;lean411;source_fileS38;RequestProject/Kant/Domain/Ledger.lean13;source_formatS4;text11;imported_atI+0;14;transformed_atI+0;15;transformationsL0;13;parent_objectS0;","2a58ed1b2f217fac84a5322efb5cf3c74f94f04ed60c69caecff2414937b9075"
"obj.Kant.PlainText.metaTextOf.eq_1","theorem","Kant.PlainText.metaTextOf.eq_1","PROVEN","∀ (s : List Char),   Eq (Kant.PlainText.metaTextOf s)     (Kant.PlainText.joinCh '\n'       (List.drop 1         (List.dropWhile (fun l => Decidable.decide (Ne l Kant.PlainText.sigMark))           (Kant.PlainText.lines s))))","L0;","O0;","L0;","L0;","L1;S36;claim.Kant.PlainText.metaTextOf.eq_1","L0;","L1;S36;proof.Kant.PlainText.metaTextOf.eq_1","L0;","S224;∀ (s : List Char),   Eq (Kant.PlainText.metaTextOf s)     (Kant.PlainText.joinCh '\n'       (List.drop 1         (List.dropWhile (fun l => Decidable.decide (Ne l Kant.PlainText.sigMark))           (Kant.PlainText.lines s))))","O7;13;source_systemS5;lean411;source_fileS34;RequestProject/Kant/PlainText.lean13;source_formatS4;text11;imported_atI+0;14;transformed_atI+0;15;transformationsL0;13;parent_objectS0;","fa7d85e6bbe09e9e1825df1d580920215c93157dfa2b7778a5efd23b6a3dfd5b"
"obj.Kant.Codec.Verdict.equivalent.elim","def","Kant.Codec.Verdict.equivalent.elim","ASSERTED","{motive : Kant.Codec.Verdict → Sort u} →   (t : Kant.Codec.Verdict) → Eq t.ctorIdx 0 → motive Kant.Codec.Verdict.equivalent → motive t","L0;","O0;","L0;","L0;","L0;","L0;","L0;","L0;","S134;{motive : Kant.Codec.Verdict → Sort u} →   (t : Kant.Codec.Verdict) → Eq t.ctorIdx 0 → motive Kant.Codec.Verdict.equivalent → motive t","O7;13;source_systemS5;lean411;source_fileS40;RequestProject/Kant/Codec/Reconcile.lean13;source_formatS4;text11;imported_atI+0;14;transformed_atI+199;15;transformationsL0;13;parent_objectS0;","a64080378ab7d3f8fbbcd2f46758389b0d14b1c4116ce1d6e481eaa86501ef89"
"obj.Kant.Codec.yList.match_3","def","Kant.Codec.yList.match_3","ASSERTED","(motive : Option (Prod Kant.Codec.Val (List Char)) → Sort u_1) →   (x : Option (Prod Kant.Codec.Val (List Char))) →     ((v : Kant.Codec.Val) → (r : List Char) → motive (Option.some { fst := v, snd := r })) →       (Unit → motive Option.none) → motive x","L0;","O0;","L0;","L0;","L0;","L0;","L0;","L0;","S253;(motive : Option (Prod Kant.Codec.Val (List Char)) → Sort u_1) →   (x : Option (Prod Kant.Codec.Val (List Char))) →     ((v : Kant.Codec.Val) → (r : List Char) → motive (Option.some { fst := v, snd := r })) →       (Unit → motive Option.none) → motive x","O7;13;source_systemS5;lean411;source_fileS35;RequestProject/Kant/Codec/Yaml.lean13;source_formatS4;text11;imported_atI+0;14;transformed_atI+0;15;transformationsL0;13;parent_objectS0;","195e04381a3d2bb8278c50e5cd3f3b3b2665dc6bc8fa097ec7a3f2b42b3e9a01"
"obj.Kant.Relay.instDecidableEqMsg.decEq.match_1","def","Kant.Relay.instDecidableEqMsg.decEq.match_1","ASSERTED","(motive : Kant.Relay.Msg → Kant.Relay.Msg → Sort u_1) →   (x x_1 : Kant.Relay.Msg) →     ((a a_1 : List Char) →         (a_2 : Nat) →           (a_3 : Kant.Bytes.Blob) →             (b b_1 : List Char) →               (b_2 : Nat) →                 (b_3 : Kant.Bytes.Blob) →                   motive { room := a, sender := a_1, seq := a_2, body := a_3 }                     { room := b, sender := b_1, seq := b_2, body := b_3 }) →       motive x x_1","L0;","O0;","L0;","L0;","L0;","L0;","L0;","L0;","S448;(motive : Kant.Relay.Msg → Kant.Relay.Msg → Sort u_1) →   (x x_1 : Kant.Relay.Msg) →     ((a a_1 : List Char) →         (a_2 : Nat) →           (a_3 : Kant.Bytes.Blob) →             (b b_1 : List Char) →               (b_2 : Nat) →                 (b_3 : Kant.Bytes.Blob) →                   motive { room := a, sender := a_1, seq := a_2, body := a_3 }                     { room := b, sender := b_1, seq := b_2, body := b_3 }) →       motive x x_1","O7;13;source_systemS5;lean411;source_fileS30;RequestProject/Kant/Relay.lean13;source_formatS4;text11;imported_atI+0;14;transformed_atI+0;15;transformationsL0;13;parent_objectS0;","58928c5edf2a150213e32b591776dc35eaf9fff10a5dd68cd1699cad31b58eff"
"obj.Kant.Sneakernet.Channel.svg.elim","def","Kant.Sneakernet.Channel.svg.elim","ASSERTED","{motive : Kant.Sneakernet.Channel → Sort u} →   (t : Kant.Sneakernet.Channel) → Eq t.ctorIdx 6 → motive Kant.Sneakernet.Channel.svg → motive t","L0;","O0;","L0;","L0;","L0;","L0;","L0;","L0;","S142;{motive : Kant.Sneakernet.Channel → Sort u} →   (t : Kant.Sneakernet.Channel) → Eq t.ctorIdx 6 → motive Kant.Sneakernet.Channel.svg → motive t","O7;13;source_systemS5;lean411;source_fileS35;RequestProject/Kant/Sneakernet.lean13;source_formatS4;text11;imported_atI+0;14;transformed_atI+37;15;transformationsL0;13;parent_objectS0;","d3060bbae6a71c6aa585553496a7583da7e00075cb593634c893af4f3f1ffba7"
"obj.Kant.Codec.Obj.toVal_injective","theorem","Kant.Codec.Obj.toVal_injective","PROVEN","∀ {a b : Kant.Codec.Obj}, Eq a.toVal b.toVal → Eq a b","L0;","O0;","L0;","L0;","L1;S36;claim.Kant.Codec.Obj.toVal_injective","L0;","L1;S36;proof.Kant.Codec.Obj.toVal_injective","L0;","S53;∀ {a b : Kant.Codec.Obj}, Eq a.toVal b.toVal → Eq a b","O7;13;source_systemS5;lean411;source_fileS36;RequestProject/Kant/Codec/Model.lean13;source_formatS4;text11;imported_atI+0;14;transformed_atI+530;15;transformationsL0;13;parent_objectS0;","d1cd3b0a19bddb516bae20d8cf9a7256cbf3534944892c93959526d3afa2cec8"
"obj.Kant.Codec.Loss.ofName","def","Kant.Codec.Loss.ofName","ASSERTED","List Char → Option Kant.Codec.Loss","L1;S19;obj.Kant.Codec.Loss","O0;","L0;","L0;","L0;","L0;","L0;","L0;","S34;List Char → Option Kant.Codec.Loss","O7;13;source_systemS5;lean411;source_fileS36;RequestProject/Kant/Codec/Model.lean13;source_formatS4;text11;imported_atI+0;14;transformed_atI+147;15;transformationsL0;13;parent_objectS0;","1ad9f5ca7ef3b3d2bb1ea94d561b1505d4ab5a9787d4d8b48997be6ff4a42da7"
"obj.Kant.Uucp.Carrier.urlBar.sizeOf_spec","theorem","Kant.Uucp.Carrier.urlBar.sizeOf_spec","PROVEN","Eq (Kant.Uucp.Carrier._sizeOf_inst.sizeOf Kant.Uucp.Carrier.urlBar) 1","L0;","O0;","L0;","L0;","L1;S42;claim.Kant.Uucp.Carrier.urlBar.sizeOf_spec","L0;","L1;S42;proof.Kant.Uucp.Carrier.urlBar.sizeOf_spec","L0;","S69;Eq (Kant.Uucp.Carrier._sizeOf_inst.sizeOf Kant.Uucp.Carrier.urlBar) 1","O7;13;source_systemS5;lean411;source_fileS29;RequestProject/Kant/Uucp.lean13;source_formatS4;text11;imported_atI+0;14;transformed_atI+0;15;transformationsL0;13;parent_objectS0;","13a1ccbfb9df3f45024be84699cdb73210659f900104995f802a0b8872f2e7cc"
"obj.Kant.Onboarding.Screen.chat.elim","def","Kant.Onboarding.Screen.chat.elim","ASSERTED","{motive : Kant.Onboarding.Screen → Sort u} →   (t : Kant.Onboarding.Screen) → Eq t.ctorIdx 4 → motive Kant.Onboarding.Screen.chat → motive t","L0;","O0;","L0;","L0;","L0;","L0;","L0;","L0;","S140;{motive : Kant.Onboarding.Screen → Sort u} →   (t : Kant.Onboarding.Screen) → Eq t.ctorIdx 4 → motive Kant.Onboarding.Screen.chat → motive t","O7;13;source_systemS5;lean411;source_fileS35;RequestProject/Kant/Onboarding.lean13;source_formatS4;text11;imported_atI+0;14;transformed_atI+56;15;transformationsL0;13;parent_objectS0;","55ac5cca68306b7c8fa479dcea35400f6433809ff953c99af4be8a4a8781bced"
"obj.Kant.Cli.openRoom","def","Kant.Cli.openRoom","ASSERTED","List Char → List Char → Kant.Bytes.Blob → Kant.Cli.Client","L0;","O0;","L0;","L0;","L0;","L0;","L0;","L0;","S57;List Char → List Char → Kant.Bytes.Blob → Kant.Cli.Client","O7;13;source_systemS5;lean411;source_fileS28;RequestProject/Kant/Cli.lean13;source_formatS4;text11;imported_atI+0;14;transformed_atI+463;15;transformationsL0;13;parent_objectS0;","d816254571e8dbb22a2be78b751db76db3ba408d627c365c61f7eeebd590ab27"
"obj.Kant.Wasm.Encode.moduleBytes","def","Kant.Wasm.Encode.moduleBytes","ASSERTED","Kant.Wasm.Module → ByteArray","L0;","O0;","L0;","L0;","L0;","L0;","L0;","L0;","S28;Kant.Wasm.Module → ByteArray","O7;13;source_systemS5;lean411;source_fileS31;RequestProject/Wasm/Encode.lean13;source_formatS4;text11;imported_atI+0;14;transformed_atI+131;15;transformationsL0;13;parent_objectS0;","8c04d341bf1ea8168c3ddef1fc3dee0932d33b5dc26dc51880688f2f242b057b"
"obj.Kant.Wasm.Leb128.sleb","def","Kant.Wasm.Leb128.sleb","ASSERTED","Nat → List UInt8","L0;","O0;","L0;","L0;","L0;","L0;","L0;","L0;","S16;Nat → List UInt8","O7;13;source_systemS5;lean411;source_fileS31;RequestProject/Wasm/Leb128.lean13;source_formatS4;text11;imported_atI+0;14;transformed_atI+71;15;transformationsL0;13;parent_objectS0;","5cbcb89122f41672c54f0452d5ec78fdb42479ff55b0802c7dc1beb455bc1fb7"
"obj.Kant.Cli.Req.recOn","def","Kant.Cli.Req.recOn","ASSERTED","{motive : Kant.Cli.Req → Sort u} →   (t : Kant.Cli.Req) →     ((method : Kant.Cli.Method) →         (url body : List Char) → motive { method := method, url := url, body := body }) →       motive t","L0;","O0;","L0;","L0;","L0;","L0;","L0;","L0;","S196;{motive : Kant.Cli.Req → Sort u} →   (t : Kant.Cli.Req) →     ((method : Kant.Cli.Method) →         (url body : List Char) → motive { method := method, url := url, body := body }) →       motive t","O7;13;source_systemS5;lean411;source_fileS28;RequestProject/Kant/Cli.lean13;source_formatS4;text11;imported_atI+0;14;transformed_atI+150;15;transformationsL0;13;parent_objectS0;","6cd49414e1b933b9b7b2b8bad599af3689fcdc3cd0d34a33a20e0ac1d118bbb0"
"obj.Kant.Codec.optOf_optVal","theorem","Kant.Codec.optOf_optVal","PROVEN","∀ {α : Type} {f : α → Kant.Codec.Val} {g : Kant.Codec.Val → Option α},   (∀ (a : α), Exists fun fs => Eq (f a) (Kant.Codec.Val.obj fs)) →     (∀ (a : α), Eq (g (f a)) (Option.some a)) →       ∀ (p : Option α), Eq (Kant.Codec.optOf g (Kant.Codec.optVal f p)) (Option.some p)","L0;","O0;","L0;","L0;","L1;S29;claim.Kant.Codec.optOf_optVal","L0;","L1;S29;proof.Kant.Codec.optOf_optVal","L0;","S273;∀ {α : Type} {f : α → Kant.Codec.Val} {g : Kant.Codec.Val → Option α},   (∀ (a : α), Exists fun fs => Eq (f a) (Kant.Codec.Val.obj fs)) →     (∀ (a : α), Eq (g (f a)) (Option.some a)) →       ∀ (p : Option α), Eq (Kant.Codec.optOf g (Kant.Codec.optVal f p)) (Option.some p)","O7;13;source_systemS5;lean411;source_fileS36;RequestProject/Kant/Codec/Model.lean13;source_formatS4;text11;imported_atI+0;14;transformed_atI+427;15;transformationsL0;13;parent_objectS0;","aa31f61cf8049e20f1bc57d1f3b1e693c95e4945f4a94276c6fc91f46913d4c9"
"obj.Kant.Dom.step.eq_5","theorem","Kant.Dom.step.eq_5","PROVEN","∀ (d : Kant.Dom.Domain) (objectId : Kant.Dom.Id) (t : Kant.Dom.Truth) (a : List Char),   Eq (Kant.Dom.step d objectId (Kant.Dom.Event.importedFrom a) t)     { fst := Kant.Dom.Truth.imported, snd := Option.none }","L1;S18;obj.Kant.Codec.Err","O0;","L0;","L0;","L1;S24;claim.Kant.Dom.step.eq_5","L0;","L1;S24;proof.Kant.Dom.step.eq_5","L0;","S211;∀ (d : Kant.Dom.Domain) (objectId : Kant.Dom.Id) (t : Kant.Dom.Truth) (a : List Char),   Eq (Kant.Dom.step d objectId (Kant.Dom.Event.importedFrom a) t)     { fst := Kant.Dom.Truth.imported, snd := Option.none }","O7;13;source_systemS5;lean411;source_fileS38;RequestProject/Kant/Domain/Policy.lean13;source_formatS4;text11;imported_atI+0;14;transformed_atI+0;15;transformationsL0;13;parent_objectS0;","7f09b5e12045ce4b6f94e98ce36eaa10a0742c773776f181fa022cc7811ad916"
"obj.Kant.Wasm.Instr.binop.elim","def","Kant.Wasm.Instr.binop.elim","ASSERTED","{motive : Kant.Wasm.Instr → Sort u} →   (t : Kant.Wasm.Instr) →     Eq t.ctorIdx 2 → ((op : Kant.Wasm.BinOp) → motive (Kant.Wasm.Instr.binop op)) → motive t","L0;","O0;","L0;","L0;","L0;","L0;","L0;","L0;","S156;{motive : Kant.Wasm.Instr → Sort u} →   (t : Kant.Wasm.Instr) →     Eq t.ctorIdx 2 → ((op : Kant.Wasm.BinOp) → motive (Kant.Wasm.Instr.binop op)) → motive t","O7;13;source_systemS5;lean411;source_fileS31;RequestProject/Wasm/Syntax.lean13;source_formatS4;text11;imported_atI+0;14;transformed_atI+41;15;transformationsL0;13;parent_objectS0;","0169d7d376dbe1793f3f9dc29ac71e06a6ed7f6d45d7b9738230bc092fb4a600"
"obj.Kant.Diagnostics.Log.add_total","theorem","Kant.Diagnostics.Log.add_total","PROVEN","∀ (l : Kant.Diagnostics.Log) (e : Kant.Diagnostics.Event),   Eq (l.add e).total (instHAdd.hAdd l.total 1)","L1;S28;obj.Kant.Diagnostics.Log.cap","O0;","L0;","L0;","L1;S36;claim.Kant.Diagnostics.Log.add_total","L0;","L1;S36;proof.Kant.Diagnostics.Log.add_total","L0;","S105;∀ (l : Kant.Diagnostics.Log) (e : Kant.Diagnostics.Event),   Eq (l.add e).total (instHAdd.hAdd l.total 1)","O7;13;source_systemS5;lean411;source_fileS36;RequestProject/Kant/Diagnostics.lean13;source_formatS4;text11;imported_atI+0;14;transformed_atI+239;15;transformationsL0;13;parent_objectS0;","0df28dc6c290208f94be5efaeabb32c4ced4a7e4c9f454353cce36d8e933d20a"
"obj.Kant.Codec.xmlEncList.eq_2","theorem","Kant.Codec.xmlEncList.eq_2","PROVEN","∀ (v : Kant.Codec.Val) (vs : List Kant.Codec.Val),   Eq (Kant.Codec.xmlEncList (List.cons v vs))     (instHAppendOfAppend.hAppend (Kant.Codec.xmlEnc v) (Kant.Codec.xmlEncList vs))","L0;","O0;","L0;","L0;","L1;S32;claim.Kant.Codec.xmlEncList.eq_2","L0;","L1;S32;proof.Kant.Codec.xmlEncList.eq_2","L0;","S179;∀ (v : Kant.Codec.Val) (vs : List Kant.Codec.Val),   Eq (Kant.Codec.xmlEncList (List.cons v vs))     (instHAppendOfAppend.hAppend (Kant.Codec.xmlEnc v) (Kant.Codec.xmlEncList vs))","O7;13;source_systemS5;lean411;source_fileS34;RequestProject/Kant/Codec/Xml.lean13;source_formatS4;text11;imported_atI+0;14;transformed_atI+0;15;transformationsL0;13;parent_objectS0;","3ac3dad28ac0e7d26ee6cb6e1cc30ef5270f8a679a42dacc40f745c6219891ef"
"obj.Kant.Meme.payload_ascii","theorem","Kant.Meme.payload_ascii","PROVEN","∀ (e : Kant.Clipboard.Envelope),   Kant.Text.IsAscii (instHAppendOfAppend.hAppend Kant.Meme.magic e.encode)","L0;","O0;","L0;","L0;","L1;S29;claim.Kant.Meme.payload_ascii","L0;","L1;S29;proof.Kant.Meme.payload_ascii","L0;","S107;∀ (e : Kant.Clipboard.Envelope),   Kant.Text.IsAscii (instHAppendOfAppend.hAppend Kant.Meme.magic e.encode)","O7;13;source_systemS5;lean411;source_fileS29;RequestProject/Kant/Meme.lean13;source_formatS4;text11;imported_atI+0;14;transformed_atI+90;15;transformationsL0;13;parent_objectS0;","914b48b0e50e689811f94090476a403bd2125370a90e7fde90feee6642617751"
"obj.Kant.ShareLog.logTitle","def","Kant.ShareLog.logTitle","ASSERTED","List Char","L0;","O0;","L0;","L0;","L0;","L0;","L0;","L0;","S9;List Char","O7;13;source_systemS5;lean411;source_fileS33;RequestProject/Kant/ShareLog.lean13;source_formatS4;text11;imported_atI+0;14;transformed_atI+122;15;transformationsL0;13;parent_objectS0;","e0ca5fe5d8c7216a9952db4dbe37f41db7fe0a517feeec04e2da7f58f822fa37"
"obj.Kant.Wasm.Expr.eval.match_1","def","Kant.Wasm.Expr.eval.match_1","ASSERTED","(motive : Kant.Wasm.Expr → Sort u_1) →   (x : Kant.Wasm.Expr) →     ((n : Nat) → motive (Kant.Wasm.Expr.const n)) →       ((i : Nat) → motive (Kant.Wasm.Expr.var i)) →         ((op : Kant.Wasm.BinOp) → (a b : Kant.Wasm.Expr) → motive (Kant.Wasm.Expr.bin op a b)) →           ((op : Kant.Wasm.CmpOp) → (a b : Kant.Wasm.Expr) → motive (Kant.Wasm.Expr.cmp op a b)) →             motive x","L0;","O0;","L0;","L0;","L0;","L0;","L0;","L0;","S384;(motive : Kant.Wasm.Expr → Sort u_1) →   (x : Kant.Wasm.Expr) →     ((n : Nat) → motive (Kant.Wasm.Expr.const n)) →       ((i : Nat) → motive (Kant.Wasm.Expr.var i)) →         ((op : Kant.Wasm.BinOp) → (a b : Kant.Wasm.Expr) → motive (Kant.Wasm.Expr.bin op a b)) →           ((op : Kant.Wasm.CmpOp) → (a b : Kant.Wasm.Expr) → motive (Kant.Wasm.Expr.cmp op a b)) →             motive x","O7;13;source_systemS5;lean411;source_fileS34;RequestProject/Wasm/Semantics.lean13;source_formatS4;text11;imported_atI+0;14;transformed_atI+0;15;transformationsL0;13;parent_objectS0;","1d22d9aac8a358d9efa691e95e1962d60be53c645cea52531f2bb2418bb94df0"
"obj.Kant.Codec.xFields","def","Kant.Codec.xFields","ASSERTED","Nat → List Char → Option (Prod (List (Prod (List Char) Kant.Codec.Val)) (List Char))","L0;","O0;","L0;","L0;","L0;","L0;","L0;","L0;","S84;Nat → List Char → Option (Prod (List (Prod (List Char) Kant.Codec.Val)) (List Char))","O7;13;source_systemS5;lean411;source_fileS34;RequestProject/Kant/Codec/Xml.lean13;source_formatS4;text11;imported_atI+0;14;transformed_atI+236;15;transformationsL0;13;parent_objectS0;","2d2f084d48703ad9e65684c66d8f0e66e9091a87d48f99a3b9b24c0c14b59350"
"obj.Kant.Diagnostics.share_no_secret","theorem","Kant.Diagnostics.share_no_secret","PROVEN","∀ {secrets : List (List Char)} {l : Kant.Diagnostics.Log} {e : Kant.Diagnostics.Event},   List.instMembership.mem (Kant.Diagnostics.Log.share secrets l).events e →     ∀ {s : List Char},       List.instMembership.mem secrets s → And (Not (s.IsInfix e.text)) (Not (s.IsInfix e.detail))","L1;S33;obj.Kant.Diagnostics.Event.detail","O0;","L0;","L0;","L1;S38;claim.Kant.Diagnostics.share_no_secret","L0;","L1;S38;proof.Kant.Diagnostics.share_no_secret","L0;","S284;∀ {secrets : List (List Char)} {l : Kant.Diagnostics.Log} {e : Kant.Diagnostics.Event},   List.instMembership.mem (Kant.Diagnostics.Log.share secrets l).events e →     ∀ {s : List Char},       List.instMembership.mem secrets s → And (Not (s.IsInfix e.text)) (Not (s.IsInfix e.detail))","O7;13;source_systemS5;lean411;source_fileS36;RequestProject/Kant/Diagnostics.lean13;source_formatS4;text11;imported_atI+0;14;transformed_atI+442;15;transformationsL0;13;parent_objectS0;","71c2cf48271aa372b3ee2ec1ad286745d4e4e11cbbcfd7bc87c4ed05c942e30f"
"obj.Kant.Codec.ExportReport.ledger","def","Kant.Codec.ExportReport.ledger","ASSERTED","Kant.Codec.ExportReport → List Kant.Codec.Trans","L0;","O0;","L0;","L0;","L0;","L0;","L0;","L0;","S47;Kant.Codec.ExportReport → List Kant.Codec.Trans","O7;13;source_systemS5;lean411;source_fileS39;RequestProject/Kant/Codec/Exchange.lean13;source_formatS4;text11;imported_atI+0;14;transformed_atI+233;15;transformationsL0;13;parent_objectS0;","97909beddca81a1c0c54c5bcc29257cf15a88d1e76e57142152bc9e28246b9f5"
"obj.Kant.Codec.XRoundTrips","def","Kant.Codec.XRoundTrips","ASSERTED","Kant.Codec.Val → Prop","L0;","O0;","L0;","L0;","L0;","L0;","L0;","L0;","S21;Kant.Codec.Val → Prop","O7;13;source_systemS5;lean411;source_fileS34;RequestProject/Kant/Codec/Xml.lean13;source_formatS4;text11;imported_atI+0;14;transformed_atI+295;15;transformationsL0;13;parent_objectS0;","b873c256191f9bb952834045a08bcc160d6e62d7e90cfbcb9421f66eb028ea78"
"obj.Kant.Wasm.Decode.cmpOpOf.eq_1","theorem","Kant.Wasm.Decode.cmpOpOf.eq_1","PROVEN","∀ (b : UInt8),   Eq (Kant.Wasm.Decode.cmpOpOf b)     (ite (Eq b 81) (Option.some Kant.Wasm.CmpOp.eq)       (ite (Eq b 82) (Option.some Kant.Wasm.CmpOp.ne)         (ite (Eq b 84) (Option.some Kant.Wasm.CmpOp.ltu)           (ite (Eq b 86) (Option.some Kant.Wasm.CmpOp.gtu)             (ite (Eq b 88) (Option.some Kant.Wasm.CmpOp.leu)               (ite (Eq b 90) (Option.some Kant.Wasm.CmpOp.geu) Option.none))))))","L0;","O0;","L0;","L0;","L1;S35;claim.Kant.Wasm.Decode.cmpOpOf.eq_1","L0;","L1;S35;proof.Kant.Wasm.Decode.cmpOpOf.eq_1","L0;","S412;∀ (b : UInt8),   Eq (Kant.Wasm.Decode.cmpOpOf b)     (ite (Eq b 81) (Option.some Kant.Wasm.CmpOp.eq)       (ite (Eq b 82) (Option.some Kant.Wasm.CmpOp.ne)         (ite (Eq b 84) (Option.some Kant.Wasm.CmpOp.ltu)           (ite (Eq b 86) (Option.some Kant.Wasm.CmpOp.gtu)             (ite (Eq b 88) (Option.some Kant.Wasm.CmpOp.leu)               (ite (Eq b 90) (Option.some Kant.Wasm.CmpOp.geu) Option.none))))))","O7;13;source_systemS5;lean411;source_fileS31;RequestProject/Wasm/Decode.lean13;source_formatS4;text11;imported_atI+0;14;transformed_atI+0;15;transformationsL0;13;parent_objectS0;","9b4477d672ab38659ff24b51e14ac8120a8b3a2c50c7ef07cdde91a7cd106c64"
"obj.Kant.Codec.canonEncFields.eq_1","theorem","Kant.Codec.canonEncFields.eq_1","PROVEN","Eq (Kant.Codec.canonEncFields List.nil) List.nil","L0;","O0;","L0;","L0;","L1;S36;claim.Kant.Codec.canonEncFields.eq_1","L0;","L1;S36;proof.Kant.Codec.canonEncFields.eq_1","L0;","S48;Eq (Kant.Codec.canonEncFields List.nil) List.nil","O7;13;source_systemS5;lean411;source_fileS34;RequestProject/Kant/Codec/Val.lean13;source_formatS4;text11;imported_atI+0;14;transformed_atI+0;15;transformationsL0;13;parent_objectS0;","48d6e230662d26a54bda1d4a5d2bca020ddb219a84ba9cdf9e6da03391f5cdbc"
"obj.Kant.Repost.ofQuote","def","Kant.Repost.ofQuote","ASSERTED","Kant.Repost.Quote → Kant.Clipboard.Envelope","L0;","O0;","L0;","L0;","L0;","L0;","L0;","L0;","S43;Kant.Repost.Quote → Kant.Clipboard.Envelope","O7;13;source_systemS5;lean411;source_fileS31;RequestProject/Kant/Repost.lean13;source_formatS4;text11;imported_atI+0;14;transformed_atI+63;15;transformationsL0;13;parent_objectS0;","c39dd0cdb411d0059dff90bb6eda46aafadd4e51707be63ff80b34c8c0c5b504"
"obj.Kant.Feed.Row.body","def","Kant.Feed.Row.body","ASSERTED","Kant.Feed.Row → List Char","L0;","O0;","L0;","L0;","L0;","L0;","L0;","L0;","S25;Kant.Feed.Row → List Char","O7;13;source_systemS5;lean411;source_fileS29;RequestProject/Kant/Feed.lean13;source_formatS4;text11;imported_atI+0;14;transformed_atI+56;15;transformationsL0;13;parent_objectS0;","4c9309c37cb1ac333f37dbecd239de782404483a26bfda01bf9df60900236fb6"
"obj.Kant.Dom.getIds.eq_1","theorem","Kant.Dom.getIds.eq_1","PROVEN","∀ (fs : List (Prod (List Char) Kant.Codec.Val)) (k : List Char),   Eq (Kant.Dom.getIds fs k) ((Kant.Codec.getList fs k).bind (Kant.Codec.listOf Kant.Dom.idOfVal))","L1;S22;obj.Kant.Codec.getList","O0;","L0;","L0;","L1;S26;claim.Kant.Dom.getIds.eq_1","L0;","L1;S26;proof.Kant.Dom.getIds.eq_1","L0;","S162;∀ (fs : List (Prod (List Char) Kant.Codec.Val)) (k : List Char),   Eq (Kant.Dom.getIds fs k) ((Kant.Codec.getList fs k).bind (Kant.Codec.listOf Kant.Dom.idOfVal))","O7;13;source_systemS5;lean411;source_fileS37;RequestProject/Kant/Domain/Model.lean13;source_formatS4;text11;imported_atI+0;14;transformed_atI+0;15;transformationsL0;13;parent_objectS0;","32127006b4d4cd5c6cd85b051fd0049f38ebb4f33fee8392e9f3b166ebebfc45"
"obj.Kant.Meme.Template.bottomText","def","Kant.Meme.Template.bottomText","ASSERTED","Kant.Meme.Template → List Char","L0;","O0;","L0;","L0;","L0;","L0;","L0;","L0;","S30;Kant.Meme.Template → List Char","O7;13;source_systemS5;lean411;source_fileS29;RequestProject/Kant/Meme.lean13;source_formatS4;text11;imported_atI+0;14;transformed_atI+55;15;transformationsL0;13;parent_objectS0;","35781bb358de74361c63a3ae0bafda6901766ceb7ebbcc40685e414127f2b063"
"obj.Kant.Dom.ProofRec.ofVal_toVal","theorem","Kant.Dom.ProofRec.ofVal_toVal","PROVEN","∀ (p : Kant.Dom.ProofRec), Eq (Kant.Dom.ProofRec.ofVal p.toVal) (Option.some p)","L2;S21;obj.Kant.Codec.getValS22;obj.Kant.Codec.getList","O0;","L0;","L0;","L1;S35;claim.Kant.Dom.ProofRec.ofVal_toVal","L0;","L1;S35;proof.Kant.Dom.ProofRec.ofVal_toVal","L0;","S79;∀ (p : Kant.Dom.ProofRec), Eq (Kant.Dom.ProofRec.ofVal p.toVal) (Option.some p)","O7;13;source_systemS5;lean411;source_fileS37;RequestProject/Kant/Domain/Model.lean13;source_formatS4;text11;imported_atI+0;14;transformed_atI+424;15;transformationsL0;13;parent_objectS0;","e83643094a5011996fd1ccdd28afdb3ea9cbac601697c953831e7e3b168fd878"
"obj.Kant.Codec.Val.ctorElimType","def","Kant.Codec.Val.ctorElimType","ASSERTED","{motive_1 : Kant.Codec.Val → Sort u} → Nat → Sort (max 1 u)","L0;","O0;","L0;","L0;","L0;","L0;","L0;","L0;","S59;{motive_1 : Kant.Codec.Val → Sort u} → Nat → Sort (max 1 u)","O7;13;source_systemS5;lean411;source_fileS34;RequestProject/Kant/Codec/Val.lean13;source_formatS4;text11;imported_atI+0;14;transformed_atI+0;15;transformationsL0;13;parent_objectS0;","d07cfdc19dd239a4824a56d6b701ef2fe92fca31ea7a1e2ae200dd8b16013585"
"obj.Kant.Diagnostics.Area.config.elim","def","Kant.Diagnostics.Area.config.elim","ASSERTED","{motive : Kant.Diagnostics.Area → Sort u} →   (t : Kant.Diagnostics.Area) → Eq t.ctorIdx 0 → motive Kant.Diagnostics.Area.config → motive t","L0;","O0;","L0;","L0;","L0;","L0;","L0;","L0;","S139;{motive : Kant.Diagnostics.Area → Sort u} →   (t : Kant.Diagnostics.Area) → Eq t.ctorIdx 0 → motive Kant.Diagnostics.Area.config → motive t","O7;13;source_systemS5;lean411;source_fileS36;RequestProject/Kant/Diagnostics.lean13;source_formatS4;text11;imported_atI+0;14;transformed_atI+91;15;transformationsL0;13;parent_objectS0;","35ba3c2a9bca50fd734d6a3357085e3a0820186b4e0ba5378de471724e310504"
"obj.Kant.Handoff.Step.casesOn","def","Kant.Handoff.Step.casesOn","ASSERTED","{motive : Kant.Handoff.Step → Sort u} →   (t : Kant.Handoff.Step) →     ((number : Nat) →         (actor instruction : List Char) →           (move : Kant.Handoff.Move) →             motive { number := number, actor := actor, instruction := instruction, move := move }) →       motive t","L0;","O0;","L0;","L0;","L0;","L0;","L0;","L0;","S286;{motive : Kant.Handoff.Step → Sort u} →   (t : Kant.Handoff.Step) →     ((number : Nat) →         (actor instruction : List Char) →           (move : Kant.Handoff.Move) →             motive { number := number, actor := actor, instruction := instruction, move := move }) →       motive t","O7;13;source_systemS5;lean411;source_fileS32;RequestProject/Kant/Handoff.lean13;source_formatS4;text11;imported_atI+0;14;transformed_atI+56;15;transformationsL0;13;parent_objectS0;","051e24c34ab712904c7cb7e3c074e69b8712f887973f098e502b2873b140a529"
"obj.Kant.ShareLog.chatParts_fit_tweet","theorem","Kant.ShareLog.chatParts_fit_tweet","PROVEN","∀ {r : Kant.Diagnostics.Report},   instLTNat.lt (Kant.Sneakernet.chunk 100 (Kant.Text.asciiBytes (Kant.ShareLog.logText r))).length       (instHPow.hPow 256 3) →     ∀ (t : List Char),       List.instMembership.mem (Kant.ShareLog.chatParts 100 r) t →         instLENat.le t.length Kant.Uucp.Carrier.tweet.capacity","L0;","O0;","L0;","L0;","L1;S39;claim.Kant.ShareLog.chatParts_fit_tweet","L0;","L1;S39;proof.Kant.ShareLog.chatParts_fit_tweet","L0;","S313;∀ {r : Kant.Diagnostics.Report},   instLTNat.lt (Kant.Sneakernet.chunk 100 (Kant.Text.asciiBytes (Kant.ShareLog.logText r))).length       (instHPow.hPow 256 3) →     ∀ (t : List Char),       List.instMembership.mem (Kant.ShareLog.chatParts 100 r) t →         instLENat.le t.length Kant.Uucp.Carrier.tweet.capacity","O7;13;source_systemS5;lean411;source_fileS33;RequestProject/Kant/ShareLog.lean13;source_formatS4;text11;imported_atI+0;14;transformed_atI+245;15;transformationsL0;13;parent_objectS0;","ce35a1eea5faf5a08be477d8ea84ef2321d4bd7afb7916a6595af4d669f3cfe9"
"obj.Kant.Codec.projectList.eq_2","theorem","Kant.Codec.projectList.eq_2","PROVEN","∀ (x_1 : Kant.Codec.Ipdl) (xs : List Kant.Codec.Ipdl),   Eq (Kant.Codec.projectList (List.cons x_1 xs))     (List.cons (Kant.Codec.project x_1) (Kant.Codec.projectList xs))","L0;","O0;","L0;","L0;","L1;S33;claim.Kant.Codec.projectList.eq_2","L0;","L1;S33;proof.Kant.Codec.projectList.eq_2","L0;","S172;∀ (x_1 : Kant.Codec.Ipdl) (xs : List Kant.Codec.Ipdl),   Eq (Kant.Codec.projectList (List.cons x_1 xs))     (List.cons (Kant.Codec.project x_1) (Kant.Codec.projectList xs))","O7;13;source_systemS5;lean411;source_fileS35;RequestProject/Kant/Codec/Ipdl.lean13;source_formatS4;text11;imported_atI+0;14;transformed_atI+0;15;transformationsL0;13;parent_objectS0;","d0425704639ea7e183ff388a3842704e04ec406b5a15fd039bfea0fb72457660"
"obj.Kant.Connectivity.Reachability","inductive","Kant.Connectivity.Reachability","ASSERTED","Type","L0;","O0;","L0;","L0;","L0;","L0;","L0;","L0;","S4;Type","O7;13;source_systemS5;lean411;source_fileS37;RequestProject/Kant/Connectivity.lean13;source_formatS4;text11;imported_atI+0;14;transformed_atI+49;15;transformationsL0;13;parent_objectS0;","8004e32210eb1264e3f2330eb84fa087d439f48b3e943faabaa1ef33d0a087cd"
"obj.Kant.Dasl.Orbifold.mk.inj","theorem","Kant.Dasl.Orbifold.mk.inj","PROVEN","∀ {l m n l_1 m_1 n_1 : Nat},   Eq { l := l, m := m, n := n } { l := l_1, m := m_1, n := n_1 } →     And (Eq l l_1) (And (Eq m m_1) (Eq n n_1))","L0;","O0;","L0;","L0;","L1;S31;claim.Kant.Dasl.Orbifold.mk.inj","L0;","L1;S31;proof.Kant.Dasl.Orbifold.mk.inj","L0;","S142;∀ {l m n l_1 m_1 n_1 : Nat},   Eq { l := l, m := m, n := n } { l := l_1, m := m_1, n := n_1 } →     And (Eq l l_1) (And (Eq m m_1) (Eq n n_1))","O7;13;source_systemS5;lean411;source_fileS29;RequestProject/Kant/Dasl.lean13;source_formatS4;text11;imported_atI+0;14;transformed_atI+0;15;transformationsL0;13;parent_objectS0;","e628391e9a0ef51143dc2622b7feb58e0abe96450bdfd4d3c94482e46bf2e8e0"
"obj.Kant.Clipboard.parseOptField_optField","theorem","Kant.Clipboard.parseOptField_optField","PROVEN","∀ {o : Option (List Char)},   (∀ (s : List Char), Eq o (Option.some s) → Kant.Text.IsAscii s) →     Eq (Kant.Clipboard.parseOptField (Kant.Clipboard.optField o)) (Option.some o)","L0;","O0;","L0;","L0;","L1;S43;claim.Kant.Clipboard.parseOptField_optField","L0;","L1;S43;proof.Kant.Clipboard.parseOptField_optField","L0;","S177;∀ {o : Option (List Char)},   (∀ (s : List Char), Eq o (Option.some s) → Kant.Text.IsAscii s) →     Eq (Kant.Clipboard.parseOptField (Kant.Clipboard.optField o)) (Option.some o)","O7;13;source_systemS5;lean411;source_fileS34;RequestProject/Kant/Clipboard.lean13;source_formatS4;text11;imported_atI+0;14;transformed_atI+128;15;transformationsL0;13;parent_objectS0;","569a29a9969c340d1cf14c5d1b55e96a59dc9574a235a097751aebf4706642b4"
"obj.Kant.Codec.Strategy.ctorElim","def","Kant.Codec.Strategy.ctorElim","ASSERTED","{motive : Kant.Codec.Strategy → Sort u} →   (ctorIdx : Nat) →     (t : Kant.Codec.Strategy) →       Eq ctorIdx t.ctorIdx → Kant.Codec.Strategy.ctorElimType ctorIdx → motive t","L0;","O0;","L0;","L0;","L0;","L0;","L0;","L0;","S174;{motive : Kant.Codec.Strategy → Sort u} →   (ctorIdx : Nat) →     (t : Kant.Codec.Strategy) →       Eq ctorIdx t.ctorIdx → Kant.Codec.Strategy.ctorElimType ctorIdx → motive t","O7;13;source_systemS5;lean411;source_fileS40;RequestProject/Kant/Codec/Reconcile.lean13;source_formatS4;text11;imported_atI+0;14;transformed_atI+279;15;transformationsL0;13;parent_objectS0;","0ac0e48675ccc3520d736c2c1db20ad5c18e473f468228ac1ec08a5ac4b4caaf"
"obj.Kant.Codec.ipdlNoteKey.eq_1","theorem","Kant.Codec.ipdlNoteKey.eq_1","PROVEN","Eq Kant.Codec.ipdlNoteKey ""$ipdl.note"".toList","L0;","O0;","L0;","L0;","L1;S33;claim.Kant.Codec.ipdlNoteKey.eq_1","L0;","L1;S33;proof.Kant.Codec.ipdlNoteKey.eq_1","L0;","S45;Eq Kant.Codec.ipdlNoteKey ""$ipdl.note"".toList","O7;13;source_systemS5;lean411;source_fileS35;RequestProject/Kant/Codec/Ipdl.lean13;source_formatS4;text11;imported_atI+0;14;transformed_atI+0;15;transformationsL0;13;parent_objectS0;","58a8337831bc1abdf073188ca43f616aedf6c8af0f3bf097589db6fd43f4a1c4"
"obj.Kant.Diagnostics.joinLines.eq_2","theorem","Kant.Diagnostics.joinLines.eq_2","PROVEN","∀ (l : List Char), Eq (Kant.Diagnostics.joinLines (List.cons l List.nil)) l","L0;","O0;","L0;","L0;","L1;S37;claim.Kant.Diagnostics.joinLines.eq_2","L0;","L1;S37;proof.Kant.Diagnostics.joinLines.eq_2","L0;","S75;∀ (l : List Char), Eq (Kant.Diagnostics.joinLines (List.cons l List.nil)) l","O7;13;source_systemS5;lean411;source_fileS36;RequestProject/Kant/Diagnostics.lean13;source_formatS4;text11;imported_atI+0;14;transformed_atI+0;15;transformationsL0;13;parent_objectS0;","ad33fd35a170c0c1043b7a9fac1be4d6d918414f30f947fb351e254f7001c910"
"obj.Kant.Wasm.Decode.instrsDec.eq_1","theorem","Kant.Wasm.Decode.instrsDec.eq_1","PROVEN","Eq (Kant.Wasm.Decode.instrsDec List.nil) Option.none","L0;","O0;","L0;","L0;","L1;S37;claim.Kant.Wasm.Decode.instrsDec.eq_1","L0;","L1;S37;proof.Kant.Wasm.Decode.instrsDec.eq_1","L0;","S52;Eq (Kant.Wasm.Decode.instrsDec List.nil) Option.none","O7;13;source_systemS5;lean411;source_fileS31;RequestProject/Wasm/Decode.lean13;source_formatS4;text11;imported_atI+0;14;transformed_atI+0;15;transformationsL0;13;parent_objectS0;","34f728d58ab60964a6f74dfd4e6023174b0de3b67232dc0ae07cb645f2d7a53d"
"obj.Kant.SiteCard.Card.caption","def","Kant.SiteCard.Card.caption","ASSERTED","Kant.SiteCard.Card → List Char","L0;","O0;","L0;","L0;","L0;","L0;","L0;","L0;","S30;Kant.SiteCard.Card → List Char","O7;13;source_systemS5;lean411;source_fileS33;RequestProject/Kant/SiteCard.lean13;source_formatS4;text11;imported_atI+0;14;transformed_atI+379;15;transformationsL0;13;parent_objectS0;","ad837d33f94fc11dca379b146b778bb21d9fd7565fa96f5f7f972090fcfba074"
"obj.Kant.Uucp.instReprSite","def","Kant.Uucp.instReprSite","ASSERTED","Repr Kant.Uucp.Site","L1;S31;obj.Kant.Uucp.instReprSite.repr","O0;","L0;","L0;","L0;","L0;","L0;","L0;","S19;Repr Kant.Uucp.Site","O7;13;source_systemS5;lean411;source_fileS29;RequestProject/Kant/Uucp.lean13;source_formatS4;text11;imported_atI+0;14;transformed_atI+711;15;transformationsL0;13;parent_objectS0;","0c31075d6bccf8479dbc51b99383f3242f30489da5e72b8d88ece781f8ceec6a"
"obj.Kant.Dom.relationsOfTable","def","Kant.Dom.relationsOfTable","ASSERTED","List Char → Option (List Kant.Dom.Relation)","L0;","O0;","L0;","L0;","L0;","L0;","L0;","L0;","S43;List Char → Option (List Kant.Dom.Relation)","O7;13;source_systemS5;lean411;source_fileS37;RequestProject/Kant/Domain/Table.lean13;source_formatS4;text11;imported_atI+0;14;transformed_atI+424;15;transformationsL0;13;parent_objectS0;","c45ee1045ea098bb65acaacf318e773044dc6b46b0c3ae19e382918b4a1d18ee"
"obj.Kant.Dom.RepairRecord.recOn","def","Kant.Dom.RepairRecord.recOn","ASSERTED","{motive : Kant.Dom.RepairRecord → Sort u} →   (t : Kant.Dom.RepairRecord) →     ((error : Kant.Codec.Err) →         (repair : Kant.Dom.Repair) →           (result : Option Kant.Codec.Val) →             (status : Kant.Dom.PStatus) →               motive { error := error, repair := repair, result := result, status := status }) →       motive t","L1;S18;obj.Kant.Codec.Err","O0;","L0;","L0;","L0;","L0;","L0;","L0;","S343;{motive : Kant.Dom.RepairRecord → Sort u} →   (t : Kant.Dom.RepairRecord) →     ((error : Kant.Codec.Err) →         (repair : Kant.Dom.Repair) →           (result : Option Kant.Codec.Val) →             (status : Kant.Dom.PStatus) →               motive { error := error, repair := repair, result := result, status := status }) →       motive t","O7;13;source_systemS5;lean411;source_fileS38;RequestProject/Kant/Domain/Policy.lean13;source_formatS4;text11;imported_atI+0;14;transformed_atI+212;15;transformationsL0;13;parent_objectS0;","5d02034e1a1202e6ea3fde1d973f4f990901211973828d207a0b7899803f2133"
"obj.Kant.Text.joinFields.eq_1","theorem","Kant.Text.joinFields.eq_1","PROVEN","Eq (Kant.Text.joinFields List.nil) List.nil","L0;","O0;","L0;","L0;","L1;S31;claim.Kant.Text.joinFields.eq_1","L0;","L1;S31;proof.Kant.Text.joinFields.eq_1","L0;","S43;Eq (Kant.Text.joinFields List.nil) List.nil","O7;13;source_systemS5;lean411;source_fileS29;RequestProject/Kant/Text.lean13;source_formatS4;text11;imported_atI+0;14;transformed_atI+0;15;transformationsL0;13;parent_objectS0;","5d3aab03b08b527cf5b3cc2fda8274ef90f1cf8d15f2c0a2cfb9dcd5e7a29c95"
"obj.Kant.Diagnostics.Event.Wire.text","theorem","Kant.Diagnostics.Event.Wire.text","PROVEN","∀ {e : Kant.Diagnostics.Event}, e.Wire → Kant.Text.IsAscii e.text","L0;","O0;","L0;","L0;","L1;S38;claim.Kant.Diagnostics.Event.Wire.text","L0;","L1;S38;proof.Kant.Diagnostics.Event.Wire.text","L0;","S65;∀ {e : Kant.Diagnostics.Event}, e.Wire → Kant.Text.IsAscii e.text","O7;13;source_systemS5;lean411;source_fileS36;RequestProject/Kant/Diagnostics.lean13;source_formatS4;text11;imported_atI+0;14;transformed_atI+160;15;transformationsL0;13;parent_objectS0;","6e3e5cb675c91fc03b25fa31eb29446b4d0da30b4b05a26e382a97dda5511a49"
"obj.Kant.Dom.Coverage.ofName","def","Kant.Dom.Coverage.ofName","ASSERTED","List Char → Option Kant.Dom.Coverage","L0;","O0;","L0;","L0;","L0;","L0;","L0;","L0;","S36;List Char → Option Kant.Dom.Coverage","O7;13;source_systemS5;lean411;source_fileS37;RequestProject/Kant/Domain/Model.lean13;source_formatS4;text11;imported_atI+0;14;transformed_atI+205;15;transformationsL0;13;parent_objectS0;","bfc4182143b8cd6b0b9ac383eb5bb2f8e38deadea2351389ba63a7398a3cd9c6"
"obj.Kant.Codec.readRowFields.eq_1","theorem","Kant.Codec.readRowFields.eq_1","PROVEN","∀ (x : Nat) (x_1 : List Kant.Codec.Row),   Eq (Kant.Codec.readRowFields x 0 x_1) (Option.some { fst := List.nil, snd := x_1 })","L2;S36;obj.Kant.Codec.readRowFields.match_1S24;obj.Kant.Codec.Row.field","O0;","L0;","L0;","L1;S35;claim.Kant.Codec.readRowFields.eq_1","L0;","L1;S35;proof.Kant.Codec.readRowFields.eq_1","L0;","S126;∀ (x : Nat) (x_1 : List Kant.Codec.Row),   Eq (Kant.Codec.readRowFields x 0 x_1) (Option.some { fst := List.nil, snd := x_1 })","O7;13;source_systemS5;lean411;source_fileS34;RequestProject/Kant/Codec/Csv.lean13;source_formatS4;text11;imported_atI+0;14;transformed_atI+0;15;transformationsL0;13;parent_objectS0;","f6001afcf6e3c1a4b1e0d50504485d4f559b2ed793c753929803b027658b094d"
"obj.Kant.Stego.embed_preserves_high_bits","theorem","Kant.Stego.embed_preserves_high_bits","PROVEN","∀ (cs : Kant.Stego.Carrier) (bs : List Bool) (p : Prod Nat Nat),   List.instMembership.mem (List.zip (Kant.Stego.embedBits cs bs) cs) p →     Eq (instHDiv.hDiv p.fst 2) (instHDiv.hDiv p.snd 2)","L0;","O0;","L0;","L0;","L1;S42;claim.Kant.Stego.embed_preserves_high_bits","L0;","L1;S42;proof.Kant.Stego.embed_preserves_high_bits","L0;","S192;∀ (cs : Kant.Stego.Carrier) (bs : List Bool) (p : Prod Nat Nat),   List.instMembership.mem (List.zip (Kant.Stego.embedBits cs bs) cs) p →     Eq (instHDiv.hDiv p.fst 2) (instHDiv.hDiv p.snd 2)","O7;13;source_systemS5;lean411;source_fileS30;RequestProject/Kant/Stego.lean13;source_formatS4;text11;imported_atI+0;14;transformed_atI+121;15;transformationsL0;13;parent_objectS0;","9c675b9199d150c81f13abe6338e69930297fe1f7a920c5e0d84a11b69f03519"
"obj.Kant.Dom.domainOfTables.match_1","def","Kant.Dom.domainOfTables.match_1","ASSERTED","(motive : Option (Prod (List (List Char)) (List (List (List Char)))) → Sort u_1) →   (x : Option (Prod (List (List Char)) (List (List (List Char))))) →     ((fst : List (List Char)) →         (id name version description claims evidence schemas errors provenance _hash : List Char) →           motive             (Option.some               { fst := fst,                 snd :=                   List.cons                     (List.cons id                       (List.cons name                         (List.cons version                           (List.cons description                             (List.cons claims                               (List.cons evidence                                 (List.cons schemas                                   (List.cons errors                                     (List.cons provenance (List.cons _hash List.nil))))))))))                     List.nil })) →       ((x : Option (Prod (List (List Char)) (List (List (List Char))))) → motive x) → motive x","L0;","O0;","L0;","L0;","L0;","L0;","L0;","L0;","S991;(motive : Option (Prod (List (List Char)) (List (List (List Char)))) → Sort u_1) →   (x : Option (Prod (List (List Char)) (List (List (List Char))))) →     ((fst : List (List Char)) →         (id name version description claims evidence schemas errors provenance _hash : List Char) →           motive             (Option.some               { fst := fst,                 snd :=                   List.cons                     (List.cons id                       (List.cons name                         (List.cons version                           (List.cons description                             (List.cons claims                               (List.cons evidence                                 (List.cons schemas                                   (List.cons errors                                     (List.cons provenance (List.cons _hash List.nil))))))))))                     List.nil })) →       ((x : Option (Prod (List (List Char)) (List (List (List Char))))) → motive x) → motive x","O7;13;source_systemS5;lean411;source_fileS37;RequestProject/Kant/Domain/Table.lean13;source_formatS4;text11;imported_atI+0;14;transformed_atI+0;15;transformationsL0;13;parent_objectS0;","9d60155aff46c1b91f540ae82a14aeb689c6093a2f1252e30f805429e8b70ca0"
"obj.Kant.Dom.Relation.mk.noConfusion","def","Kant.Dom.Relation.mk.noConfusion","ASSERTED","{P : Sort u} →   {source : Kant.Dom.Id} →     {kind : Kant.Dom.Rel} →       {target source' : Kant.Dom.Id} →         {kind' : Kant.Dom.Rel} →           {target' : Kant.Dom.Id} →             Eq { source := source, kind := kind, target := target }                 { source := source', kind := kind', target := target' } →               (Eq source source' → Eq kind kind' → Eq target target' → P) → P","L0;","O0;","L0;","L0;","L0;","L0;","L0;","L0;","S397;{P : Sort u} →   {source : Kant.Dom.Id} →     {kind : Kant.Dom.Rel} →       {target source' : Kant.Dom.Id} →         {kind' : Kant.Dom.Rel} →           {target' : Kant.Dom.Id} →             Eq { source := source, kind := kind, target := target }                 { source := source', kind := kind', target := target' } →               (Eq source source' → Eq kind kind' → Eq target target' → P) → P","O7;13;source_systemS5;lean411;source_fileS37;RequestProject/Kant/Domain/Model.lean13;source_formatS4;text11;imported_atI+0;14;transformed_atI+502;15;transformationsL0;13;parent_objectS0;","031e85d4f99cd7c3387f551532acfa585269e7a066b973a99eecc888ed2c3e3e"
"obj.Kant.SiteCard.parseConfig_ignores_comment","theorem","Kant.SiteCard.parseConfig_ignores_comment","PROVEN","∀ {l s : List Char},   Not (List.instMembership.mem l '=') →     Not (List.instMembership.mem l '\n') →       Eq (Kant.SiteCard.parseConfig (instHAppendOfAppend.hAppend l (List.cons '\n' s)))         (Kant.SiteCard.parseConfig s)","L0;","O0;","L0;","L0;","L1;S47;claim.Kant.SiteCard.parseConfig_ignores_comment","L0;","L1;S47;proof.Kant.SiteCard.parseConfig_ignores_comment","L0;","S229;∀ {l s : List Char},   Not (List.instMembership.mem l '=') →     Not (List.instMembership.mem l '\n') →       Eq (Kant.SiteCard.parseConfig (instHAppendOfAppend.hAppend l (List.cons '\n' s)))         (Kant.SiteCard.parseConfig s)","O7;13;source_systemS5;lean411;source_fileS33;RequestProject/Kant/SiteCard.lean13;source_formatS4;text11;imported_atI+0;14;transformed_atI+276;15;transformationsL0;13;parent_objectS0;","b91e4c5dd756e8e6ac0d5ee64ce07101f0e6c142d2e6d2f8563bba660e767543"
"obj.Kant.CardDebug.Code.invite.injEq","theorem","Kant.CardDebug.Code.invite.injEq","PROVEN","∀ (i i_1 : Kant.Rendezvous.Invite),   Eq (Eq (Kant.CardDebug.Code.invite i) (Kant.CardDebug.Code.invite i_1)) (Eq i i_1)","L0;","O0;","L0;","L0;","L1;S38;claim.Kant.CardDebug.Code.invite.injEq","L0;","L1;S38;proof.Kant.CardDebug.Code.invite.injEq","L0;","S120;∀ (i i_1 : Kant.Rendezvous.Invite),   Eq (Eq (Kant.CardDebug.Code.invite i) (Kant.CardDebug.Code.invite i_1)) (Eq i i_1)","O7;13;source_systemS5;lean411;source_fileS34;RequestProject/Kant/CardDebug.lean13;source_formatS4;text11;imported_atI+0;14;transformed_atI+0;15;transformationsL0;13;parent_objectS0;","89c95893bedf76381ace6def6e6f5feb3979b8338639bf4ea14e9ced159bd6b1"
"obj.Kant.Codec.instInhabitedLevel","def","Kant.Codec.instInhabitedLevel","ASSERTED","Inhabited Kant.Codec.Level","L0;","O0;","L0;","L0;","L0;","L0;","L0;","L0;","S26;Inhabited Kant.Codec.Level","O7;13;source_systemS5;lean411;source_fileS39;RequestProject/Kant/Codec/Exchange.lean13;source_formatS4;text11;imported_atI+0;14;transformed_atI+290;15;transformationsL0;13;parent_objectS0;","639bfef8266e4d06f6ffd06922fdaab95d89110edc4edca0ae3fc58c4f38b253"
"obj.Kant.Wasm.Expr.eval.eq_1","theorem","Kant.Wasm.Expr.eval.eq_1","PROVEN","∀ (locals : List UInt64) (n : Nat),   Eq (Kant.Wasm.Expr.eval locals (Kant.Wasm.Expr.const n)) (Option.some (UInt64.ofNat n))","L0;","O0;","L0;","L0;","L1;S30;claim.Kant.Wasm.Expr.eval.eq_1","L0;","L1;S30;proof.Kant.Wasm.Expr.eval.eq_1","L0;","S125;∀ (locals : List UInt64) (n : Nat),   Eq (Kant.Wasm.Expr.eval locals (Kant.Wasm.Expr.const n)) (Option.some (UInt64.ofNat n))","O7;13;source_systemS5;lean411;source_fileS34;RequestProject/Wasm/Semantics.lean13;source_formatS4;text11;imported_atI+0;14;transformed_atI+0;15;transformationsL0;13;parent_objectS0;","fa5e56b8bfff9e007e4d2d6e1a5bba23331d19939b56425e52558d0baa01a4d1"
"obj.Kant.SiteCard.logo_area_bound","theorem","Kant.SiteCard.logo_area_bound","PROVEN","∀ (n : Nat),   instLENat.le     (instHMul.hMul 25 (instHMul.hMul (Kant.SiteCard.logoSide n) (Kant.SiteCard.logoSide n)))     (instHMul.hMul n n)","L0;","O0;","L0;","L0;","L1;S35;claim.Kant.SiteCard.logo_area_bound","L0;","L1;S35;proof.Kant.SiteCard.logo_area_bound","L0;","S144;∀ (n : Nat),   instLENat.le     (instHMul.hMul 25 (instHMul.hMul (Kant.SiteCard.logoSide n) (Kant.SiteCard.logoSide n)))     (instHMul.hMul n n)","O7;13;source_systemS5;lean411;source_fileS33;RequestProject/Kant/SiteCard.lean13;source_formatS4;text11;imported_atI+0;14;transformed_atI+515;15;transformationsL0;13;parent_objectS0;","003a8bd484a1aaf19cae0059e09603e63339f10d565dbb6bafe7f9deb54e5ab0"
"obj.Kant.Wasm.Kernel.eval_hexLoE","theorem","Kant.Wasm.Kernel.eval_hexLoE","PROVEN","∀ (b : UInt64),   Eq (Option.map UInt64.toNat (Kant.Wasm.Expr.eval (List.cons b List.nil) Kant.Wasm.Kernel.hexLoE))     (Option.some (Kant.Bytes.hexDigit (instHMod.hMod b.toNat 16)).toNat)","L1;S25;obj.Kant.Wasm.BinOp.apply","O0;","L0;","L0;","L1;S34;claim.Kant.Wasm.Kernel.eval_hexLoE","L0;","L1;S34;proof.Kant.Wasm.Kernel.eval_hexLoE","L0;","S188;∀ (b : UInt64),   Eq (Option.map UInt64.toNat (Kant.Wasm.Expr.eval (List.cons b List.nil) Kant.Wasm.Kernel.hexLoE))     (Option.some (Kant.Bytes.hexDigit (instHMod.hMod b.toNat 16)).toNat)","O7;13;source_systemS5;lean411;source_fileS35;RequestProject/Wasm/KernelSpec.lean13;source_formatS4;text11;imported_atI+0;14;transformed_atI+82;15;transformationsL0;13;parent_objectS0;","853391afb68d486c55e893c002fec51ff7349bc6173f1c6acec24183b559ba6d"
"obj.Kant.Dom.Relation.mk.inj","theorem","Kant.Dom.Relation.mk.inj","PROVEN","∀ {source : Kant.Dom.Id} {kind : Kant.Dom.Rel} {target source_1 : Kant.Dom.Id}   {kind_1 : Kant.Dom.Rel} {target_1 : Kant.Dom.Id},   Eq { source := source, kind := kind, target := target }       { source := source_1, kind := kind_1, target := target_1 } →     And (Eq source source_1) (And (Eq kind kind_1) (Eq target target_1))","L1;S36;obj.Kant.Dom.Relation.mk.noConfusion","O0;","L0;","L0;","L1;S30;claim.Kant.Dom.Relation.mk.inj","L0;","L1;S30;proof.Kant.Dom.Relation.mk.inj","L0;","S328;∀ {source : Kant.Dom.Id} {kind : Kant.Dom.Rel} {target source_1 : Kant.Dom.Id}   {kind_1 : Kant.Dom.Rel} {target_1 : Kant.Dom.Id},   Eq { source := source, kind := kind, target := target }       { source := source_1, kind := kind_1, target := target_1 } →     And (Eq source source_1) (And (Eq kind kind_1) (Eq target target_1))","O7;13;source_systemS5;lean411;source_fileS37;RequestProject/Kant/Domain/Model.lean13;source_formatS4;text11;imported_atI+0;14;transformed_atI+0;15;transformationsL0;13;parent_objectS0;","a49f31a224910a9e4f76da5ebc4ff78905e93d2181dbcaf0156df646ed5ff1eb"
"obj.Kant.Wasm.Encode.funcPayload","def","Kant.Wasm.Encode.funcPayload","ASSERTED","Kant.Wasm.Module → Kant.Wasm.Encode.Bytes","L0;","O0;","L0;","L0;","L0;","L0;","L0;","L0;","S41;Kant.Wasm.Module → Kant.Wasm.Encode.Bytes","O7;13;source_systemS5;lean411;source_fileS31;RequestProject/Wasm/Encode.lean13;source_formatS4;text11;imported_atI+0;14;transformed_atI+97;15;transformationsL0;13;parent_objectS0;","25d974eaa67c93d10abf67ef9d6a8acee34cd078853dfccb7ac983b06eb1f348"
"obj.Kant.Dom.Decl.ofVal_toVal","theorem","Kant.Dom.Decl.ofVal_toVal","PROVEN","∀ (d : Kant.Dom.Decl), Eq (Kant.Dom.Decl.ofVal d.toVal) (Option.some d)","L2;S23;obj.Kant.Dom.Decl.ofValS22;obj.Kant.Codec.getList","O0;","L0;","L0;","L1;S31;claim.Kant.Dom.Decl.ofVal_toVal","L0;","L1;S31;proof.Kant.Dom.Decl.ofVal_toVal","L0;","S71;∀ (d : Kant.Dom.Decl), Eq (Kant.Dom.Decl.ofVal d.toVal) (Option.some d)","O7;13;source_systemS5;lean411;source_fileS39;RequestProject/Kant/Domain/Catalog.lean13;source_formatS4;text11;imported_atI+0;14;transformed_atI+178;15;transformationsL0;13;parent_objectS0;","3b75e8dcc5e59235bc975b1a9d7729d20356af66bfb4e80fb26aecc16dbfce9c"
"obj.Kant.Codec.minOfVal","def","Kant.Codec.minOfVal","ASSERTED","Kant.Codec.Val → Option Kant.Codec.MinProfile","L2;S22;obj.Kant.Codec.getListS18;obj.Kant.Codec.Err","O0;","L0;","L0;","L0;","L0;","L0;","L0;","S45;Kant.Codec.Val → Option Kant.Codec.MinProfile","O7;13;source_systemS5;lean411;source_fileS36;RequestProject/Kant/Codec/Model.lean13;source_formatS4;text11;imported_atI+0;14;transformed_atI+575;15;transformationsL0;13;parent_objectS0;","c7bcd14754f06f636546c0c4cb3e28a83a32357c643752f99484a16257158c2e"
"obj.Kant.Handoff.Move.casesOn","def","Kant.Handoff.Move.casesOn","ASSERTED","{motive : Kant.Handoff.Move → Sort u} →   (t : Kant.Handoff.Move) →     ((code : List Char) → motive (Kant.Handoff.Move.copyOut code)) →       motive Kant.Handoff.Move.pasteIn → motive t","L0;","O0;","L0;","L0;","L0;","L0;","L0;","L0;","S186;{motive : Kant.Handoff.Move → Sort u} →   (t : Kant.Handoff.Move) →     ((code : List Char) → motive (Kant.Handoff.Move.copyOut code)) →       motive Kant.Handoff.Move.pasteIn → motive t","O7;13;source_systemS5;lean411;source_fileS32;RequestProject/Kant/Handoff.lean13;source_formatS4;text11;imported_atI+0;14;transformed_atI+34;15;transformationsL0;13;parent_objectS0;","b81ba57e58815f3c9881c14a288e468f5fc4015713d14982a9ace05e4147a295"
"obj.Kant.Onboarding.Event.back.sizeOf_spec","theorem","Kant.Onboarding.Event.back.sizeOf_spec","PROVEN","Eq (Kant.Onboarding.Event._sizeOf_inst.sizeOf Kant.Onboarding.Event.back) 1","L0;","O0;","L0;","L0;","L1;S44;claim.Kant.Onboarding.Event.back.sizeOf_spec","L0;","L1;S44;proof.Kant.Onboarding.Event.back.sizeOf_spec","L0;","S75;Eq (Kant.Onboarding.Event._sizeOf_inst.sizeOf Kant.Onboarding.Event.back) 1","O7;13;source_systemS5;lean411;source_fileS35;RequestProject/Kant/Onboarding.lean13;source_formatS4;text11;imported_atI+0;14;transformed_atI+0;15;transformationsL0;13;parent_objectS0;","fe5f961b8fdfe04a441309acf7edc29d1cf6a10fb28b30e4b7cfc010c5636737"
"obj.Kant.Feed.view","def","Kant.Feed.view","ASSERTED","Kant.Store → List Kant.Feed.Row","L0;","O0;","L0;","L0;","L0;","L0;","L0;","L0;","S31;Kant.Store → List Kant.Feed.Row","O7;13;source_systemS5;lean411;source_fileS29;RequestProject/Kant/Feed.lean13;source_formatS4;text11;imported_atI+0;14;transformed_atI+82;15;transformationsL0;13;parent_objectS0;","a8580febf9411db7975686be1be205c47f90947345e2c9edf7f093613992a48a"
"obj.Kant.Wasm.instReprExpr.repr","def","Kant.Wasm.instReprExpr.repr","ASSERTED","Kant.Wasm.Expr → Nat → Std.Format","L0;","O0;","L0;","L0;","L0;","L0;","L0;","L0;","S33;Kant.Wasm.Expr → Nat → Std.Format","O7;13;source_systemS5;lean411;source_fileS31;RequestProject/Wasm/Syntax.lean13;source_formatS4;text11;imported_atI+0;14;transformed_atI+58;15;transformationsL0;13;parent_objectS0;","943350eb6bbd20612f3fa6ca3ef8358ed80274353127af3b2754e74e713a6408"
"obj.Kant.Paste.cid_congr","theorem","Kant.Paste.cid_congr","PROVEN","∀ {p q : Kant.Paste}, Eq p.content q.content → Eq p.cid q.cid","L0;","O0;","L0;","L0;","L1;S26;claim.Kant.Paste.cid_congr","L0;","L1;S26;proof.Kant.Paste.cid_congr","L0;","S61;∀ {p q : Kant.Paste}, Eq p.content q.content → Eq p.cid q.cid","O7;13;source_systemS5;lean411;source_fileS30;RequestProject/Kant/Paste.lean13;source_formatS4;text11;imported_atI+0;14;transformed_atI+68;15;transformationsL0;13;parent_objectS0;","81efd4d63093462c9e4176591e61d6af50a3af2b845cef524bdc1c7e63a581f5"
"obj.Kant.Clipboard.toPaste.match_1","def","Kant.Clipboard.toPaste.match_1","ASSERTED","(motive : Option (Option (List Char)) → Sort u_1) →   (x : Option (Option (List Char))) →     (Unit → motive Option.none) → ((rep : Option (List Char)) → motive (Option.some rep)) → motive x","L0;","O0;","L0;","L0;","L0;","L0;","L0;","L0;","S190;(motive : Option (Option (List Char)) → Sort u_1) →   (x : Option (Option (List Char))) →     (Unit → motive Option.none) → ((rep : Option (List Char)) → motive (Option.some rep)) → motive x","O7;13;source_systemS5;lean411;source_fileS34;RequestProject/Kant/Clipboard.lean13;source_formatS4;text11;imported_atI+0;14;transformed_atI+0;15;transformationsL0;13;parent_objectS0;","31dd71846c00c72b68c0f6d3bb5937d8e04541889a265139768ee11cb40b08c6"
"obj.Kant.Codec.Loss","inductive","Kant.Codec.Loss","ASSERTED","Type","L0;","O0;","L0;","L0;","L0;","L0;","L0;","L0;","S4;Type","O7;13;source_systemS5;lean411;source_fileS36;RequestProject/Kant/Codec/Model.lean13;source_formatS4;text11;imported_atI+0;14;transformed_atI+56;15;transformationsL0;13;parent_objectS0;","f6380be981c4c2802abd4bec4d56e3b3808c19d4130f5066acad0d6e310fa899"
"obj.Kant.Cli.Cmd.room.sizeOf_spec","theorem","Kant.Cli.Cmd.room.sizeOf_spec","PROVEN","Eq (Kant.Cli.Cmd._sizeOf_inst.sizeOf Kant.Cli.Cmd.room) 1","L0;","O0;","L0;","L0;","L1;S35;claim.Kant.Cli.Cmd.room.sizeOf_spec","L0;","L1;S35;proof.Kant.Cli.Cmd.room.sizeOf_spec","L0;","S57;Eq (Kant.Cli.Cmd._sizeOf_inst.sizeOf Kant.Cli.Cmd.room) 1","O7;13;source_systemS5;lean411;source_fileS28;RequestProject/Kant/Cli.lean13;source_formatS4;text11;imported_atI+0;14;transformed_atI+0;15;transformationsL0;13;parent_objectS0;","435a1184583fab7b287b298ff6711438be390530079e55c10ef4983749c93bfe"
"obj.Kant.Diagnostics.Area.casesOn","def","Kant.Diagnostics.Area.casesOn","ASSERTED","{motive : Kant.Diagnostics.Area → Sort u} →   (t : Kant.Diagnostics.Area) →     motive Kant.Diagnostics.Area.config →       motive Kant.Diagnostics.Area.probe →         motive Kant.Diagnostics.Area.relay →           motive Kant.Diagnostics.Area.socket →             motive Kant.Diagnostics.Area.bus →               motive Kant.Diagnostics.Area.mesh →                 motive Kant.Diagnostics.Area.signal →                   motive Kant.Diagnostics.Area.ingest → motive Kant.Diagnostics.Area.app → motive t","L0;","O0;","L0;","L0;","L0;","L0;","L0;","L0;","S504;{motive : Kant.Diagnostics.Area → Sort u} →   (t : Kant.Diagnostics.Area) →     motive Kant.Diagnostics.Area.config →       motive Kant.Diagnostics.Area.probe →         motive Kant.Diagnostics.Area.relay →           motive Kant.Diagnostics.Area.socket →             motive Kant.Diagnostics.Area.bus →               motive Kant.Diagnostics.Area.mesh →                 motive Kant.Diagnostics.Area.signal →                   motive Kant.Diagnostics.Area.ingest → motive Kant.Diagnostics.Area.app → motive t","O7;13;source_systemS5;lean411;source_fileS36;RequestProject/Kant/Diagnostics.lean13;source_formatS4;text11;imported_atI+0;14;transformed_atI+89;15;transformationsL0;13;parent_objectS0;","0adda0187056a393d8e8f3276f0cf02019ffc5f8fb014f79aa61264ef866f9c6"
"obj.Kant.Codec.Fmt.text.sizeOf_spec","theorem","Kant.Codec.Fmt.text.sizeOf_spec","PROVEN","Eq (Kant.Codec.Fmt._sizeOf_inst.sizeOf Kant.Codec.Fmt.text) 1","L0;","O0;","L0;","L0;","L1;S37;claim.Kant.Codec.Fmt.text.sizeOf_spec","L0;","L1;S37;proof.Kant.Codec.Fmt.text.sizeOf_spec","L0;","S61;Eq (Kant.Codec.Fmt._sizeOf_inst.sizeOf Kant.Codec.Fmt.text) 1","O7;13;source_systemS5;lean411;source_fileS36;RequestProject/Kant/Codec/Model.lean13;source_formatS4;text11;imported_atI+0;14;transformed_atI+0;15;transformationsL0;13;parent_objectS0;","38b89e1974699f2391b3b3592c568380f0dd336e32eb81a949b386234d432286"
"obj.Kant.Codec.project_rebuild.match_1_1","def","Kant.Codec.project_rebuild.match_1_1","ASSERTED","∀ (motive : List (Prod (List Char) Kant.Codec.Ipdl) → Prop)   (fs : List (Prod (List Char) Kant.Codec.Ipdl)),   (∀ (a : Unit), motive List.nil) →     (∀ (k : List Char) (v : Kant.Codec.Ipdl), motive (List.cons { fst := k, snd := v } List.nil)) →       (∀ (a b : Prod (List Char) Kant.Codec.Ipdl), motive (List.cons a (List.cons b List.nil))) →         (∀ (k1 : List Char) (v1 : Kant.Codec.Ipdl) (k2 : List Char) (v2 : Kant.Codec.Ipdl)             (k3 : List Char) (v3 : Kant.Codec.Ipdl),             motive               (List.cons { fst := k1, snd := v1 }                 (List.cons { fst := k2, snd := v2 }                   (List.cons { fst := k3, snd := v3 } List.nil)))) →           (∀ (a b c d : Prod (List Char) Kant.Codec.Ipdl)               (rest : List (Prod (List Char) Kant.Codec.Ipdl)),               motive (List.cons a (List.cons b (List.cons c (List.cons d rest))))) →             motive fs","L0;","O0;","L0;","L0;","L0;","L0;","L0;","L0;","S906;∀ (motive : List (Prod (List Char) Kant.Codec.Ipdl) → Prop)   (fs : List (Prod (List Char) Kant.Codec.Ipdl)),   (∀ (a : Unit), motive List.nil) →     (∀ (k : List Char) (v : Kant.Codec.Ipdl), motive (List.cons { fst := k, snd := v } List.nil)) →       (∀ (a b : Prod (List Char) Kant.Codec.Ipdl), motive (List.cons a (List.cons b List.nil))) →         (∀ (k1 : List Char) (v1 : Kant.Codec.Ipdl) (k2 : List Char) (v2 : Kant.Codec.Ipdl)             (k3 : List Char) (v3 : Kant.Codec.Ipdl),             motive               (List.cons { fst := k1, snd := v1 }                 (List.cons { fst := k2, snd := v2 }                   (List.cons { fst := k3, snd := v3 } List.nil)))) →           (∀ (a b c d : Prod (List Char) Kant.Codec.Ipdl)               (rest : List (Prod (List Char) Kant.Codec.Ipdl)),               motive (List.cons a (List.cons b (List.cons c (List.cons d rest))))) →             motive fs","O7;13;source_systemS5;lean411;source_fileS35;RequestProject/Kant/Codec/Ipdl.lean13;source_formatS4;text11;imported_atI+0;14;transformed_atI+0;15;transformationsL0;13;parent_objectS0;","4fad58d9176e8f7fa8cbb87abf8786dc434f9c4e5a5c94b5c04ffa4bc97588f2"
"obj.Kant.Handoff.Move.copyOut.sizeOf_spec","theorem","Kant.Handoff.Move.copyOut.sizeOf_spec","PROVEN","∀ (code : List Char),   Eq (Kant.Handoff.Move._sizeOf_inst.sizeOf (Kant.Handoff.Move.copyOut code))     (instHAdd.hAdd 1 ((List._sizeOf_inst Char).sizeOf code))","L0;","O0;","L0;","L0;","L1;S43;claim.Kant.Handoff.Move.copyOut.sizeOf_spec","L0;","L1;S43;proof.Kant.Handoff.Move.copyOut.sizeOf_spec","L0;","S160;∀ (code : List Char),   Eq (Kant.Handoff.Move._sizeOf_inst.sizeOf (Kant.Handoff.Move.copyOut code))     (instHAdd.hAdd 1 ((List._sizeOf_inst Char).sizeOf code))","O7;13;source_systemS5;lean411;source_fileS32;RequestProject/Kant/Handoff.lean13;source_formatS4;text11;imported_atI+0;14;transformed_atI+0;15;transformationsL0;13;parent_objectS0;","c658661311b7dca65ee8b68d00bdc949ed2214e956376800590f8cc69fafc763"
"obj.Kant.Codec.readRowFields.match_1","def","Kant.Codec.readRowFields.match_1","ASSERTED","(motive : Nat → Nat → List Kant.Codec.Row → Sort u_1) →   (x x_1 : Nat) →     (x_2 : List Kant.Codec.Row) →       ((x : Nat) → (rs : List Kant.Codec.Row) → motive x 0 rs) →         ((x n : Nat) → motive x n.succ List.nil) →           ((fuel n : Nat) →               (r : Kant.Codec.Row) →                 (rs : List Kant.Codec.Row) → motive fuel n.succ (List.cons r rs)) →             motive x x_1 x_2","L0;","O0;","L0;","L0;","L0;","L0;","L0;","L0;","S401;(motive : Nat → Nat → List Kant.Codec.Row → Sort u_1) →   (x x_1 : Nat) →     (x_2 : List Kant.Codec.Row) →       ((x : Nat) → (rs : List Kant.Codec.Row) → motive x 0 rs) →         ((x n : Nat) → motive x n.succ List.nil) →           ((fuel n : Nat) →               (r : Kant.Codec.Row) →                 (rs : List Kant.Codec.Row) → motive fuel n.succ (List.cons r rs)) →             motive x x_1 x_2","O7;13;source_systemS5;lean411;source_fileS34;RequestProject/Kant/Codec/Csv.lean13;source_formatS4;text11;imported_atI+0;14;transformed_atI+0;15;transformationsL0;13;parent_objectS0;","774c9e5538dc00c202c4c25f9e67673d919b5258d5fcf4e464884afef4b0fb3f"
"obj.Kant.Sync.sync_cons","theorem","Kant.Sync.sync_cons","PROVEN","∀ (st : Kant.Store) (p : Kant.Paste) (ps : List Kant.Paste),   Eq (Kant.Sync.sync st (List.cons p ps)) (Kant.Sync.sync (st.put p) ps)","L0;","O0;","L0;","L0;","L1;S25;claim.Kant.Sync.sync_cons","L0;","L1;S25;proof.Kant.Sync.sync_cons","L0;","S133;∀ (st : Kant.Store) (p : Kant.Paste) (ps : List Kant.Paste),   Eq (Kant.Sync.sync st (List.cons p ps)) (Kant.Sync.sync (st.put p) ps)","O7;13;source_systemS5;lean411;source_fileS29;RequestProject/Kant/Sync.lean13;source_formatS4;text11;imported_atI+0;14;transformed_atI+59;15;transformationsL0;13;parent_objectS0;","ade79b6b1132ce81f5d75c782632d6eedb2d0116ab657ba31476846b30337de0"
"obj.Kant.Codec.Obj.intermediate","def","Kant.Codec.Obj.intermediate","ASSERTED","Kant.Codec.Obj → List Kant.Codec.Val","L0;","O0;","L0;","L0;","L0;","L0;","L0;","L0;","S36;Kant.Codec.Obj → List Kant.Codec.Val","O7;13;source_systemS5;lean411;source_fileS36;RequestProject/Kant/Codec/Model.lean13;source_formatS4;text11;imported_atI+0;14;transformed_atI+461;15;transformationsL0;13;parent_objectS0;","f9af4cbda11e7e7b03311ee694969e580fbc16e4d30227692f7d3f50357b9576"
"obj.Kant.Stego.fromBits","def","Kant.Stego.fromBits","ASSERTED","List Bool → List Nat","L0;","O0;","L0;","L0;","L0;","L0;","L0;","L0;","S20;List Bool → List Nat","O7;13;source_systemS5;lean411;source_fileS30;RequestProject/Kant/Stego.lean13;source_formatS4;text11;imported_atI+0;14;transformed_atI+46;15;transformationsL0;13;parent_objectS0;","95e30eb14398f3545e51454efea8c51f1bda386979e2cd6a5c7b01895d3f5645"
"obj.Kant.SiteCard.chatMsg.eq_1","theorem","Kant.SiteCard.chatMsg.eq_1","PROVEN","∀ (room sender : List Char) (seq : Nat) (k : Kant.SiteCard.Card),   Eq (Kant.SiteCard.chatMsg room sender seq k)     { room := room, sender := sender, seq := seq,       body := Kant.Text.asciiBytes (Kant.SiteCard.cardLine k) }","L0;","O0;","L0;","L0;","L1;S32;claim.Kant.SiteCard.chatMsg.eq_1","L0;","L1;S32;proof.Kant.SiteCard.chatMsg.eq_1","L0;","S226;∀ (room sender : List Char) (seq : Nat) (k : Kant.SiteCard.Card),   Eq (Kant.SiteCard.chatMsg room sender seq k)     { room := room, sender := sender, seq := seq,       body := Kant.Text.asciiBytes (Kant.SiteCard.cardLine k) }","O7;13;source_systemS5;lean411;source_fileS33;RequestProject/Kant/SiteCard.lean13;source_formatS4;text11;imported_atI+0;14;transformed_atI+0;15;transformationsL0;13;parent_objectS0;","12908fa2a38b9dba55bca1e6a476dbd5bd437ad8e47e3d94b137d4aaa2f7288f"
"obj.Kant.Codec.instInhabitedProv","def","Kant.Codec.instInhabitedProv","ASSERTED","Inhabited Kant.Codec.Prov","L0;","O0;","L0;","L0;","L0;","L0;","L0;","L0;","S25;Inhabited Kant.Codec.Prov","O7;13;source_systemS5;lean411;source_fileS36;RequestProject/Kant/Codec/Model.lean13;source_formatS4;text11;imported_atI+0;14;transformed_atI+330;15;transformationsL0;13;parent_objectS0;","879ef9b8ba743876b3b8726d7a6e4f998790893c3e9464f01980ac88708af213"
"obj.Kant.Wasm.Expr.Wf.eq_def","theorem","Kant.Wasm.Expr.Wf.eq_def","PROVEN","∀ (arity : Nat) (x : Kant.Wasm.Expr),   Eq (Kant.Wasm.Expr.Wf arity x)     (Kant.Wasm.instReprExpr.repr.match_1 (fun x => Prop) x       (fun n => instLTNat.lt n (instHPow.hPow 2 63)) (fun i => instLTNat.lt i arity)       (fun op a b =>         And (Kant.Wasm.Expr.Wf arity a)           (And (Kant.Wasm.Expr.Wf arity b)             (Or (Eq op Kant.Wasm.BinOp.divu) (Eq op Kant.Wasm.BinOp.remu) →               Exists fun k =>                 And (Eq b (Kant.Wasm.Expr.const k))                   (And (instLTNat.lt 0 k) (instLTNat.lt k (instHPow.hPow 2 63))))))       fun op a b => And (Kant.Wasm.Expr.Wf arity a) (Kant.Wasm.Expr.Wf arity b))","L0;","O0;","L0;","L0;","L1;S30;claim.Kant.Wasm.Expr.Wf.eq_def","L0;","L1;S30;proof.Kant.Wasm.Expr.Wf.eq_def","L0;","S641;∀ (arity : Nat) (x : Kant.Wasm.Expr),   Eq (Kant.Wasm.Expr.Wf arity x)     (Kant.Wasm.instReprExpr.repr.match_1 (fun x => Prop) x       (fun n => instLTNat.lt n (instHPow.hPow 2 63)) (fun i => instLTNat.lt i arity)       (fun op a b =>         And (Kant.Wasm.Expr.Wf arity a)           (And (Kant.Wasm.Expr.Wf arity b)             (Or (Eq op Kant.Wasm.BinOp.divu) (Eq op Kant.Wasm.BinOp.remu) →               Exists fun k =>                 And (Eq b (Kant.Wasm.Expr.const k))                   (And (instLTNat.lt 0 k) (instLTNat.lt k (instHPow.hPow 2 63))))))       fun op a b => And (Kant.Wasm.Expr.Wf arity a) (Kant.Wasm.Expr.Wf arity b))","O7;13;source_systemS5;lean411;source_fileS31;RequestProject/Wasm/Syntax.lean13;source_formatS4;text11;imported_atI+0;14;transformed_atI+0;15;transformationsL0;13;parent_objectS0;","b66176c0f73d5a531d3e5d7bce0b78402849b293b76bccc9a4d747716460ed26"
"obj.Kant.Dom.roundtripReport_sound","theorem","Kant.Dom.roundtripReport_sound","PROVEN","∀ (d : Kant.Dom.Domain) (r : Kant.Dom.FormatReport),   List.instMembership.mem (Kant.Dom.roundtripReport d) r →     And (Eq r.decoded Bool.true) (And (Eq r.matchesCanonical Bool.true) (Eq r.hash d.hash))","L0;","O0;","L0;","L0;","L1;S36;claim.Kant.Dom.roundtripReport_sound","L0;","L1;S36;proof.Kant.Dom.roundtripReport_sound","L0;","S203;∀ (d : Kant.Dom.Domain) (r : Kant.Dom.FormatReport),   List.instMembership.mem (Kant.Dom.roundtripReport d) r →     And (Eq r.decoded Bool.true) (And (Eq r.matchesCanonical Bool.true) (Eq r.hash d.hash))","O7;13;source_systemS5;lean411;source_fileS36;RequestProject/Kant/Domain/Emit.lean13;source_formatS4;text11;imported_atI+0;14;transformed_atI+283;15;transformationsL0;13;parent_objectS0;","8e44172c0bec7a58ab7e59cf43fee1632d8f21f3ba278c7629678599d25744a1"
"obj.Kant.Uucp.tagPart","def","Kant.Uucp.tagPart","ASSERTED","Kant.Bytes.Blob","L0;","O0;","L0;","L0;","L0;","L0;","L0;","L0;","S15;Kant.Bytes.Blob","O7;13;source_systemS5;lean411;source_fileS29;RequestProject/Kant/Uucp.lean13;source_formatS4;text11;imported_atI+0;14;transformed_atI+194;15;transformationsL0;13;parent_objectS0;","6886d35d529582f90d3c93d0d5a6e32684002d7507d8bf53001a48ee96968500"
"obj.Kant.Diagnostics.Log.total.eq_1","theorem","Kant.Diagnostics.Log.total.eq_1","PROVEN","∀ (l : Kant.Diagnostics.Log), Eq l.total (instHAdd.hAdd l.dropped l.events.length)","L0;","O0;","L0;","L0;","L1;S37;claim.Kant.Diagnostics.Log.total.eq_1","L0;","L1;S37;proof.Kant.Diagnostics.Log.total.eq_1","L0;","S82;∀ (l : Kant.Diagnostics.Log), Eq l.total (instHAdd.hAdd l.dropped l.events.length)","O7;13;source_systemS5;lean411;source_fileS36;RequestProject/Kant/Diagnostics.lean13;source_formatS4;text11;imported_atI+0;14;transformed_atI+0;15;transformationsL0;13;parent_objectS0;","9b3a36a37f144fc5887e0b1585e37122d35f57ff53ab1bb7b89db234483bfcf4"
"obj.Kant.Dom.RepairRecord.result","def","Kant.Dom.RepairRecord.result","ASSERTED","Kant.Dom.RepairRecord → Option Kant.Codec.Val","L0;","O0;","L0;","L0;","L0;","L0;","L0;","L0;","S45;Kant.Dom.RepairRecord → Option Kant.Codec.Val","O7;13;source_systemS5;lean411;source_fileS38;RequestProject/Kant/Domain/Policy.lean13;source_formatS4;text11;imported_atI+0;14;transformed_atI+220;15;transformationsL0;13;parent_objectS0;","b3ff7f6ea0cf3d4797465221f08165c43f90cbd7c393850d73f6c8a48b170a8a"
"obj.Kant.Codec.Tests.tNulls","def","Kant.Codec.Tests.tNulls","ASSERTED","Kant.Codec.Val","L0;","O0;","L0;","L0;","L0;","L0;","L0;","L0;","S14;Kant.Codec.Val","O7;13;source_systemS5;lean411;source_fileS36;RequestProject/Kant/Codec/Tests.lean13;source_formatS4;text11;imported_atI+0;14;transformed_atI+138;15;transformationsL0;13;parent_objectS0;","f80d7b01f6c37f97f5173907599c8674d90df9df45d801dda0b19a4f2430c33a"
"obj.Kant.Sheaf.Encoding.raw.sizeOf_spec","theorem","Kant.Sheaf.Encoding.raw.sizeOf_spec","PROVEN","Eq (Kant.Sheaf.Encoding._sizeOf_inst.sizeOf Kant.Sheaf.Encoding.raw) 1","L0;","O0;","L0;","L0;","L1;S41;claim.Kant.Sheaf.Encoding.raw.sizeOf_spec","L0;","L1;S41;proof.Kant.Sheaf.Encoding.raw.sizeOf_spec","L0;","S70;Eq (Kant.Sheaf.Encoding._sizeOf_inst.sizeOf Kant.Sheaf.Encoding.raw) 1","O7;13;source_systemS5;lean411;source_fileS30;RequestProject/Kant/Sheaf.lean13;source_formatS4;text11;imported_atI+0;14;transformed_atI+0;15;transformationsL0;13;parent_objectS0;","61d69444695b29984bbaa4d34e4a5f3b9da7c5df4fb3049e18970a20e6b7ddc1"
"obj.Kant.Dom.Domain.casesOn","def","Kant.Dom.Domain.casesOn","ASSERTED","{motive : Kant.Dom.Domain → Sort u} →   (t : Kant.Dom.Domain) →     ((id : Kant.Dom.Id) →         (name version description : List Char) →           (objects : List Kant.Dom.DomObj) →             (relations : List Kant.Dom.Relation) →               (proofs : List Kant.Dom.ProofRec) →                 (claims : List Kant.Dom.Claim) →                   (evidence : List Kant.Dom.Evidence) →                     (schemas : List Kant.Dom.Schema) →                       (errors : List Kant.Codec.Err) →                         (provenance : List Kant.Codec.Prov) →                           motive                             { id := id, name := name, version := version,                               description := description, objects := objects,                               relations := relations, proofs := proofs, claims := claims,                               evidence := evidence, schemas := schemas, errors := errors,                               provenance := provenance }) →       motive t","L1;S18;obj.Kant.Codec.Err","O0;","L0;","L0;","L0;","L0;","L0;","L0;","S1001;{motive : Kant.Dom.Domain → Sort u} →   (t : Kant.Dom.Domain) →     ((id : Kant.Dom.Id) →         (name version description : List Char) →           (objects : List Kant.Dom.DomObj) →             (relations : List Kant.Dom.Relation) →               (proofs : List Kant.Dom.ProofRec) →                 (claims : List Kant.Dom.Claim) →                   (evidence : List Kant.Dom.Evidence) →                     (schemas : List Kant.Dom.Schema) →                       (errors : List Kant.Codec.Err) →                         (provenance : List Kant.Codec.Prov) →                           motive                             { id := id, name := name, version := version,                               description := description, objects := objects,                               relations := relations, proofs := proofs, claims := claims,                               evidence := evidence, schemas := schemas, errors := errors,                               provenance := provenance }) →       motive t","O7;13;source_systemS5;lean411;source_fileS37;RequestProject/Kant/Domain/Model.lean13;source_formatS4;text11;imported_atI+0;14;transformed_atI+562;15;transformationsL0;13;parent_objectS0;","2ef578fb87c581a3f9038cfd3d55ca0018a2d0c077fe97398a4f30b1e92cb436"
"obj.Kant.Codec.readNatAux","def","Kant.Codec.readNatAux","ASSERTED","Nat → List Char → Option (Prod Nat (List Char))","L0;","O0;","L0;","L0;","L0;","L0;","L0;","L0;","S47;Nat → List Char → Option (Prod Nat (List Char))","O7;13;source_systemS5;lean411;source_fileS34;RequestProject/Kant/Codec/Val.lean13;source_formatS4;text11;imported_atI+0;14;transformed_atI+153;15;transformationsL0;13;parent_objectS0;","f27a34f068ebffa4392f5f18e2ba66d783fcdec8ef616dea90ef28384fe1295d"
"obj.Kant.Dom.Rel.proves.sizeOf_spec","theorem","Kant.Dom.Rel.proves.sizeOf_spec","PROVEN","Eq (Kant.Dom.Rel._sizeOf_inst.sizeOf Kant.Dom.Rel.proves) 1","L0;","O0;","L0;","L0;","L1;S37;claim.Kant.Dom.Rel.proves.sizeOf_spec","L0;","L1;S37;proof.Kant.Dom.Rel.proves.sizeOf_spec","L0;","S59;Eq (Kant.Dom.Rel._sizeOf_inst.sizeOf Kant.Dom.Rel.proves) 1","O7;13;source_systemS5;lean411;source_fileS37;RequestProject/Kant/Domain/Model.lean13;source_formatS4;text11;imported_atI+0;14;transformed_atI+0;15;transformationsL0;13;parent_objectS0;","ecdad3b0990c416af13819be5bc7935df52306e986dbe6447f22b6651761d837"
"obj.Kant.Codec.Tests.tDuplicate","def","Kant.Codec.Tests.tDuplicate","ASSERTED","Kant.Codec.Val","L0;","O0;","L0;","L0;","L0;","L0;","L0;","L0;","S14;Kant.Codec.Val","O7;13;source_systemS5;lean411;source_fileS36;RequestProject/Kant/Codec/Tests.lean13;source_formatS4;text11;imported_atI+0;14;transformed_atI+144;15;transformationsL0;13;parent_objectS0;","b115982afd7c701fa042e5adf05953dce0937ad91b371ba59efbc34c5bba46e2"
"obj.Kant.Uucp.Node.paste_nodup","theorem","Kant.Uucp.Node.paste_nodup","PROVEN","∀ {n : Kant.Uucp.Node}, n.spool.Nodup → ∀ (s : List Char), (n.paste s).spool.Nodup","L1;S24;obj.Kant.Uucp.Node.paste","O0;","L0;","L0;","L1;S32;claim.Kant.Uucp.Node.paste_nodup","L0;","L1;S32;proof.Kant.Uucp.Node.paste_nodup","L0;","S82;∀ {n : Kant.Uucp.Node}, n.spool.Nodup → ∀ (s : List Char), (n.paste s).spool.Nodup","O7;13;source_systemS5;lean411;source_fileS29;RequestProject/Kant/Uucp.lean13;source_formatS4;text11;imported_atI+0;14;transformed_atI+479;15;transformationsL0;13;parent_objectS0;","73cab024c9b8c669d1f5ecac3094a8a6973f14ce48e44163d8b33ecf49c2bed0"
"obj.Kant.Codec.Prov.importedAt","def","Kant.Codec.Prov.importedAt","ASSERTED","Kant.Codec.Prov → Nat","L0;","O0;","L0;","L0;","L0;","L0;","L0;","L0;","S21;Kant.Codec.Prov → Nat","O7;13;source_systemS5;lean411;source_fileS36;RequestProject/Kant/Codec/Model.lean13;source_formatS4;text11;imported_atI+0;14;transformed_atI+326;15;transformationsL0;13;parent_objectS0;","3f6bcd33178adddb42be336acc1bcdc00ec3220adc2cf53996100cdcf8acb69e"
"obj.Kant.Wasm.Func.Wf","def","Kant.Wasm.Func.Wf","ASSERTED","Kant.Wasm.Func → Prop","L0;","O0;","L0;","L0;","L0;","L0;","L0;","L0;","S21;Kant.Wasm.Func → Prop","O7;13;source_systemS5;lean411;source_fileS31;RequestProject/Wasm/Syntax.lean13;source_formatS4;text11;imported_atI+0;14;transformed_atI+130;15;transformationsL0;13;parent_objectS0;","438fef0cc976f0ae08489d008a1f76e9645807b1972d4558aa4731ea01f92c03"
"obj.Kant.Dom.instDecidableEqSchema","def","Kant.Dom.instDecidableEqSchema","ASSERTED","DecidableEq Kant.Dom.Schema","L0;","O0;","L0;","L0;","L0;","L0;","L0;","L0;","S27;DecidableEq Kant.Dom.Schema","O7;13;source_systemS5;lean411;source_fileS37;RequestProject/Kant/Domain/Model.lean13;source_formatS4;text11;imported_atI+0;14;transformed_atI+539;15;transformationsL0;13;parent_objectS0;","0e38f19835aa2ab767468cd31889c644a81d6cefd65228dd3a78b46e813818ea"
"obj.Kant.Codec.recover.eq_1","theorem","Kant.Codec.recover.eq_1","PROVEN","Eq (Kant.Codec.recover Kant.Codec.Val.null) (Option.some Kant.Codec.Ipdl.null)","L0;","O0;","L0;","L0;","L1;S29;claim.Kant.Codec.recover.eq_1","L0;","L1;S29;proof.Kant.Codec.recover.eq_1","L0;","S78;Eq (Kant.Codec.recover Kant.Codec.Val.null) (Option.some Kant.Codec.Ipdl.null)","O7;13;source_systemS5;lean411;source_fileS35;RequestProject/Kant/Codec/Ipdl.lean13;source_formatS4;text11;imported_atI+0;14;transformed_atI+0;15;transformationsL0;13;parent_objectS0;","04d92ec3f4d57ba4d2cea290d142d0972539c418665e7aca9542126fe6ddb3bd"
"obj.Kant.Onboarding.Screen.more.sizeOf_spec","theorem","Kant.Onboarding.Screen.more.sizeOf_spec","PROVEN","Eq (Kant.Onboarding.Screen._sizeOf_inst.sizeOf Kant.Onboarding.Screen.more) 1","L0;","O0;","L0;","L0;","L1;S45;claim.Kant.Onboarding.Screen.more.sizeOf_spec","L0;","L1;S45;proof.Kant.Onboarding.Screen.more.sizeOf_spec","L0;","S77;Eq (Kant.Onboarding.Screen._sizeOf_inst.sizeOf Kant.Onboarding.Screen.more) 1","O7;13;source_systemS5;lean411;source_fileS35;RequestProject/Kant/Onboarding.lean13;source_formatS4;text11;imported_atI+0;14;transformed_atI+0;15;transformationsL0;13;parent_objectS0;","4cee3508d92db2bad176e610c58d8e4ddaa69f840f4db0d46f733c522e4f7b67"
"obj.Kant.Codec.Row.field","def","Kant.Codec.Row.field","ASSERTED","Kant.Codec.Row → List Char","L0;","O0;","L0;","L0;","L0;","L0;","L0;","L0;","S26;Kant.Codec.Row → List Char","O7;13;source_systemS5;lean411;source_fileS34;RequestProject/Kant/Codec/Csv.lean13;source_formatS4;text11;imported_atI+0;14;transformed_atI+46;15;transformationsL0;13;parent_objectS0;","0e4fbed184f5d7447c82dcaa22eab94fc6f5e4bbffac19c272516fad959e38fd"
"obj.Kant.Dom.summary_total","theorem","Kant.Dom.summary_total","PROVEN","∀ (d : Kant.Dom.Domain),   Eq     (instHAdd.hAdd       (instHAdd.hAdd         (instHAdd.hAdd (Kant.Dom.summary d).proven (Kant.Dom.summary d).partiallyProven)         (Kant.Dom.summary d).unproven)       (Kant.Dom.summary d).contradicted)     (Kant.Dom.summary d).objects","L0;","O0;","L0;","L0;","L1;S28;claim.Kant.Dom.summary_total","L0;","L1;S28;proof.Kant.Dom.summary_total","L0;","S271;∀ (d : Kant.Dom.Domain),   Eq     (instHAdd.hAdd       (instHAdd.hAdd         (instHAdd.hAdd (Kant.Dom.summary d).proven (Kant.Dom.summary d).partiallyProven)         (Kant.Dom.summary d).unproven)       (Kant.Dom.summary d).contradicted)     (Kant.Dom.summary d).objects","O7;13;source_systemS5;lean411;source_fileS38;RequestProject/Kant/Domain/Ledger.lean13;source_formatS4;text11;imported_atI+0;14;transformed_atI+270;15;transformationsL0;13;parent_objectS0;","c33dfc2259b0774242aa6d82fcf03ffd632f184f1e9ed9dcaaacde169c1c8087"
"obj.Kant.Cli.Req.url","def","Kant.Cli.Req.url","ASSERTED","Kant.Cli.Req → List Char","L0;","O0;","L0;","L0;","L0;","L0;","L0;","L0;","S24;Kant.Cli.Req → List Char","O7;13;source_systemS5;lean411;source_fileS28;RequestProject/Kant/Cli.lean13;source_formatS4;text11;imported_atI+0;14;transformed_atI+155;15;transformationsL0;13;parent_objectS0;","772461924df30f2a1cca0f7014959c6ddffa59fb049564cc23672abcbd37fa4f"
"obj.Kant.Handoff.Step.noConfusionType","def","Kant.Handoff.Step.noConfusionType","ASSERTED","Sort u → Kant.Handoff.Step → Kant.Handoff.Step → Sort u","L1;S29;obj.Kant.Handoff.Step.casesOn","O0;","L0;","L0;","L0;","L0;","L0;","L0;","S55;Sort u → Kant.Handoff.Step → Kant.Handoff.Step → Sort u","O7;13;source_systemS5;lean411;source_fileS32;RequestProject/Kant/Handoff.lean13;source_formatS4;text11;imported_atI+0;14;transformed_atI+0;15;transformationsL0;13;parent_objectS0;","0add302caba5e91e843f7c29c4ae2509fb0dca8c48facaf80f499f6fe286aae3"
"obj.Kant.Erdfa.unescape.match_1","def","Kant.Erdfa.unescape.match_1","ASSERTED","(motive : List Char → Sort u_1) →   (x : List Char) →     (Unit → motive List.nil) →       ((cs : List Char) → motive (List.cons '&' cs)) →         ((c : Char) → (cs : List Char) → motive (List.cons c cs)) → motive x","L0;","O0;","L0;","L0;","L0;","L0;","L0;","L0;","S216;(motive : List Char → Sort u_1) →   (x : List Char) →     (Unit → motive List.nil) →       ((cs : List Char) → motive (List.cons '&' cs)) →         ((c : Char) → (cs : List Char) → motive (List.cons c cs)) → motive x","O7;13;source_systemS5;lean411;source_fileS30;RequestProject/Kant/Erdfa.lean13;source_formatS4;text11;imported_atI+0;14;transformed_atI+0;15;transformationsL0;13;parent_objectS0;","8a1c4d7f901a83b6d24fa7e256fa8df9a8e2f04976eb6770917995f8dbf7d5b3"
"obj.Kant.Onboarding.camera_off_after_back","theorem","Kant.Onboarding.camera_off_after_back","PROVEN","∀ (s : Kant.Onboarding.State),   Eq (Kant.Onboarding.step s Kant.Onboarding.Event.back).camera Bool.false","L1;S32;obj.Kant.Onboarding.State.camera","O0;","L0;","L0;","L1;S43;claim.Kant.Onboarding.camera_off_after_back","L0;","L1;S43;proof.Kant.Onboarding.camera_off_after_back","L0;","S105;∀ (s : Kant.Onboarding.State),   Eq (Kant.Onboarding.step s Kant.Onboarding.Event.back).camera Bool.false","O7;13;source_systemS5;lean411;source_fileS35;RequestProject/Kant/Onboarding.lean13;source_formatS4;text11;imported_atI+0;14;transformed_atI+166;15;transformationsL0;13;parent_objectS0;","8fe22eb3f43f36f7d366547a2caac12c4c2905b86431bd35f99042686577794a"
"obj.Kant.Codec.yamlEncFields_length_single","theorem","Kant.Codec.yamlEncFields_length_single","PROVEN","∀ (k : List Char) (v : Kant.Codec.Val),   Eq (Kant.Codec.yamlEncFields (List.cons { fst := k, snd := v } List.nil)).length     (instHAdd.hAdd (instHAdd.hAdd (Kant.Codec.esc k).length (Kant.Codec.yamlEnc v).length) 4)","L0;","O0;","L0;","L0;","L1;S44;claim.Kant.Codec.yamlEncFields_length_single","L0;","L1;S44;proof.Kant.Codec.yamlEncFields_length_single","L0;","S216;∀ (k : List Char) (v : Kant.Codec.Val),   Eq (Kant.Codec.yamlEncFields (List.cons { fst := k, snd := v } List.nil)).length     (instHAdd.hAdd (instHAdd.hAdd (Kant.Codec.esc k).length (Kant.Codec.yamlEnc v).length) 4)","O7;13;source_systemS5;lean411;source_fileS35;RequestProject/Kant/Codec/Yaml.lean13;source_formatS4;text11;imported_atI+0;14;transformed_atI+310;15;transformationsL0;13;parent_objectS0;","61126b3e8edae5116fbf2ed58c60b256aad9f0c18ffb7ab3a1aa299bf45100f8"
"obj.Kant.Codec.getList","def","Kant.Codec.getList","ASSERTED","List (Prod (List Char) Kant.Codec.Val) → List Char → Option (List Kant.Codec.Val)","L0;","O0;","L0;","L0;","L0;","L0;","L0;","L0;","S81;List (Prod (List Char) Kant.Codec.Val) → List Char → Option (List Kant.Codec.Val)","O7;13;source_systemS5;lean411;source_fileS36;RequestProject/Kant/Codec/Model.lean13;source_formatS4;text11;imported_atI+0;14;transformed_atI+185;15;transformationsL0;13;parent_objectS0;","7aac5b03cad5f0a43ec2d51b3d6cd86723c6dc424a983f1a7e277f577661023d"
"obj.Kant.Dom.Event.validated.elim","def","Kant.Dom.Event.validated.elim","ASSERTED","{motive : Kant.Dom.Event → Sort u} →   (t : Kant.Dom.Event) →     Eq t.ctorIdx 0 →       ((proofId : Kant.Dom.Id) → motive (Kant.Dom.Event.validated proofId)) → motive t","L0;","O0;","L0;","L0;","L0;","L0;","L0;","L0;","S169;{motive : Kant.Dom.Event → Sort u} →   (t : Kant.Dom.Event) →     Eq t.ctorIdx 0 →       ((proofId : Kant.Dom.Id) → motive (Kant.Dom.Event.validated proofId)) → motive t","O7;13;source_systemS5;lean411;source_fileS38;RequestProject/Kant/Domain/Policy.lean13;source_formatS4;text11;imported_atI+0;14;transformed_atI+32;15;transformationsL0;13;parent_objectS0;","8de1e8f89148c18ccb621f1181fe1a0f6968211a8bcca4c2d72a202fe19df225"
"obj.Kant.Repost.Quote.mk.sizeOf_spec","theorem","Kant.Repost.Quote.mk.sizeOf_spec","PROVEN","∀ (comment original : Kant.Paste),   Eq (Kant.Repost.Quote._sizeOf_inst.sizeOf { comment := comment, original := original })     (instHAdd.hAdd (instHAdd.hAdd 1 (Kant.Paste._sizeOf_inst.sizeOf comment))       (Kant.Paste._sizeOf_inst.sizeOf original))","L0;","O0;","L0;","L0;","L1;S38;claim.Kant.Repost.Quote.mk.sizeOf_spec","L0;","L1;S38;proof.Kant.Repost.Quote.mk.sizeOf_spec","L0;","S251;∀ (comment original : Kant.Paste),   Eq (Kant.Repost.Quote._sizeOf_inst.sizeOf { comment := comment, original := original })     (instHAdd.hAdd (instHAdd.hAdd 1 (Kant.Paste._sizeOf_inst.sizeOf comment))       (Kant.Paste._sizeOf_inst.sizeOf original))","O7;13;source_systemS5;lean411;source_fileS31;RequestProject/Kant/Repost.lean13;source_formatS4;text11;imported_atI+0;14;transformed_atI+0;15;transformationsL0;13;parent_objectS0;","841d5c0fc835e239928eb9e6739d79c669ec63adba6509dba6e5044716a41b18"
"obj.Kant.Dasl.instDecidableEqOrbifold","def","Kant.Dasl.instDecidableEqOrbifold","ASSERTED","DecidableEq Kant.Dasl.Orbifold","L0;","O0;","L0;","L0;","L0;","L0;","L0;","L0;","S30;DecidableEq Kant.Dasl.Orbifold","O7;13;source_systemS5;lean411;source_fileS29;RequestProject/Kant/Dasl.lean13;source_formatS4;text11;imported_atI+0;14;transformed_atI+194;15;transformationsL0;13;parent_objectS0;","253de41ef66c9341c830c8d607eae3ee7e3bb6f8e341341bac0b36f7824113c8"
"obj.Kant.Dom.instDecidableEqEvidence","def","Kant.Dom.instDecidableEqEvidence","ASSERTED","DecidableEq Kant.Dom.Evidence","L0;","O0;","L0;","L0;","L0;","L0;","L0;","L0;","S29;DecidableEq Kant.Dom.Evidence","O7;13;source_systemS5;lean411;source_fileS37;RequestProject/Kant/Domain/Model.lean13;source_formatS4;text11;imported_atI+0;14;transformed_atI+478;15;transformationsL0;13;parent_objectS0;","b86d7d12fa13508b798d22792a27d0d80c409ccd70313b311413bb3d19ddd2fe"
"obj.Kant.Codec.getVal","def","Kant.Codec.getVal","ASSERTED","List (Prod (List Char) Kant.Codec.Val) → List Char → Option Kant.Codec.Val","L0;","O0;","L0;","L0;","L0;","L0;","L0;","L0;","S74;List (Prod (List Char) Kant.Codec.Val) → List Char → Option Kant.Codec.Val","O7;13;source_systemS5;lean411;source_fileS36;RequestProject/Kant/Codec/Model.lean13;source_formatS4;text11;imported_atI+0;14;transformed_atI+182;15;transformationsL0;13;parent_objectS0;","23433c7fe77d05c5e355fe14bff026e200e4cd0da15a771fd703b00e8d1aabdc"
"obj.Kant.Codec.Ipdl.brecOn_2.eq","theorem","Kant.Codec.Ipdl.brecOn_2.eq","PROVEN","∀ {motive_1 : Kant.Codec.Ipdl → Sort u} {motive_2 : List Kant.Codec.Ipdl → Sort u}   {motive_3 : List (Prod (List Char) Kant.Codec.Ipdl) → Sort u}   {motive_4 : Prod (List Char) Kant.Codec.Ipdl → Sort u}   (t : List (Prod (List Char) Kant.Codec.Ipdl)) (F_1 : (t : Kant.Codec.Ipdl) → t.below → motive_1 t)   (F_2 : (t : List Kant.Codec.Ipdl) → Kant.Codec.Ipdl.below_1 t → motive_2 t)   (F_3 : (t : List (Prod (List Char) Kant.Codec.Ipdl)) → Kant.Codec.Ipdl.below_2 t → motive_3 t)   (F_4 : (t : Prod (List Char) Kant.Codec.Ipdl) → Kant.Codec.Ipdl.below_3 t → motive_4 t),   Eq (Kant.Codec.Ipdl.brecOn_2 t F_1 F_2 F_3 F_4)     (F_3 t (Kant.Codec.Ipdl.brecOn_2.go t F_1 F_2 F_3 F_4).2)","L0;","O0;","L0;","L0;","L1;S33;claim.Kant.Codec.Ipdl.brecOn_2.eq","L0;","L1;S33;proof.Kant.Codec.Ipdl.brecOn_2.eq","L0;","S682;∀ {motive_1 : Kant.Codec.Ipdl → Sort u} {motive_2 : List Kant.Codec.Ipdl → Sort u}   {motive_3 : List (Prod (List Char) Kant.Codec.Ipdl) → Sort u}   {motive_4 : Prod (List Char) Kant.Codec.Ipdl → Sort u}   (t : List (Prod (List Char) Kant.Codec.Ipdl)) (F_1 : (t : Kant.Codec.Ipdl) → t.below → motive_1 t)   (F_2 : (t : List Kant.Codec.Ipdl) → Kant.Codec.Ipdl.below_1 t → motive_2 t)   (F_3 : (t : List (Prod (List Char) Kant.Codec.Ipdl)) → Kant.Codec.Ipdl.below_2 t → motive_3 t)   (F_4 : (t : Prod (List Char) Kant.Codec.Ipdl) → Kant.Codec.Ipdl.below_3 t → motive_4 t),   Eq (Kant.Codec.Ipdl.brecOn_2 t F_1 F_2 F_3 F_4)     (F_3 t (Kant.Codec.Ipdl.brecOn_2.go t F_1 F_2 F_3 F_4).2)","O7;13;source_systemS5;lean411;source_fileS35;RequestProject/Kant/Codec/Ipdl.lean13;source_formatS4;text11;imported_atI+0;14;transformed_atI+0;15;transformationsL0;13;parent_objectS0;","5740cb126cf141a5f312fc6c2c4c340202719116251971efe64bd39db52cd08c"
"obj.Kant.PlainText.lines_of_no_newline","theorem","Kant.PlainText.lines_of_no_newline","PROVEN","∀ {s : List Char},   Not (List.instMembership.mem s '\n') → Eq (Kant.PlainText.lines s) (List.cons s List.nil)","L0;","O0;","L0;","L0;","L1;S40;claim.Kant.PlainText.lines_of_no_newline","L0;","L1;S40;proof.Kant.PlainText.lines_of_no_newline","L0;","S110;∀ {s : List Char},   Not (List.instMembership.mem s '\n') → Eq (Kant.PlainText.lines s) (List.cons s List.nil)","O7;13;source_systemS5;lean411;source_fileS34;RequestProject/Kant/PlainText.lean13;source_formatS4;text11;imported_atI+0;14;transformed_atI+77;15;transformationsL0;13;parent_objectS0;","db65b16059a4415a866efb2537988bc5f37fb7ff92b43994214d4368a6d18aaf"
"obj.Kant.Dom.Decl.kind","def","Kant.Dom.Decl.kind","ASSERTED","Kant.Dom.Decl → List Char","L0;","O0;","L0;","L0;","L0;","L0;","L0;","L0;","S25;Kant.Dom.Decl → List Char","O7;13;source_systemS5;lean411;source_fileS39;RequestProject/Kant/Domain/Catalog.lean13;source_formatS4;text11;imported_atI+0;14;transformed_atI+44;15;transformationsL0;13;parent_objectS0;","8ddbcc9b1ac0a37748bc3aa867202a8c8146988afd1fc4f595534c95abb62d1a"
"obj.Kant.Uucp.instReprSite.repr","def","Kant.Uucp.instReprSite.repr","ASSERTED","Kant.Uucp.Site → Nat → Std.Format","L0;","O0;","L0;","L0;","L0;","L0;","L0;","L0;","S33;Kant.Uucp.Site → Nat → Std.Format","O7;13;source_systemS5;lean411;source_fileS29;RequestProject/Kant/Uucp.lean13;source_formatS4;text11;imported_atI+0;14;transformed_atI+711;15;transformationsL0;13;parent_objectS0;","58076e1af3d58e4e35da497f2d735251fe0a223732a4b328793512b35cb382ab"
"obj.Kant.Handoff.Step.move","def","Kant.Handoff.Step.move","ASSERTED","Kant.Handoff.Step → Kant.Handoff.Move","L0;","O0;","L0;","L0;","L0;","L0;","L0;","L0;","S37;Kant.Handoff.Step → Kant.Handoff.Move","O7;13;source_systemS5;lean411;source_fileS32;RequestProject/Kant/Handoff.lean13;source_formatS4;text11;imported_atI+0;14;transformed_atI+65;15;transformationsL0;13;parent_objectS0;","3c8a7ef90f6ce984908164b003b2af7f0e22765c6f23262a8ed8a28bff5af6d5"
"obj.Kant.Meme.caption_recoverable","theorem","Kant.Meme.caption_recoverable","PROVEN","∀ (t : Kant.Meme.Template) (p : Kant.Paste),   Eq (Kant.Erdfa.unescape (Kant.Meme.caption t p))     (instHAppendOfAppend.hAppend (instHAppendOfAppend.hAppend t.topText p.witness) t.bottomText)","L1;S33;obj.Kant.Meme.Template.bottomText","O0;","L0;","L0;","L1;S35;claim.Kant.Meme.caption_recoverable","L0;","L1;S35;proof.Kant.Meme.caption_recoverable","L0;","S192;∀ (t : Kant.Meme.Template) (p : Kant.Paste),   Eq (Kant.Erdfa.unescape (Kant.Meme.caption t p))     (instHAppendOfAppend.hAppend (instHAppendOfAppend.hAppend t.topText p.witness) t.bottomText)","O7;13;source_systemS5;lean411;source_fileS29;RequestProject/Kant/Meme.lean13;source_formatS4;text11;imported_atI+0;14;transformed_atI+259;15;transformationsL0;13;parent_objectS0;","81176067596e1064ebe086491a4b18d713fa78be4192737a1017e8af4f10093d"
"obj.Kant.Dom.decIds.eq_1","theorem","Kant.Dom.decIds.eq_1","PROVEN","∀ (s : List Char),   Eq (Kant.Dom.decIds s)     (Kant.Dom.decIds.match_1 (fun x => Option (List Kant.Dom.Id)) (Kant.Codec.canonDecode s)       (fun xs => Kant.Codec.listOf Kant.Dom.idOfVal xs) fun x => Option.none)","L0;","O0;","L0;","L0;","L1;S26;claim.Kant.Dom.decIds.eq_1","L0;","L1;S26;proof.Kant.Dom.decIds.eq_1","L0;","S214;∀ (s : List Char),   Eq (Kant.Dom.decIds s)     (Kant.Dom.decIds.match_1 (fun x => Option (List Kant.Dom.Id)) (Kant.Codec.canonDecode s)       (fun xs => Kant.Codec.listOf Kant.Dom.idOfVal xs) fun x => Option.none)","O7;13;source_systemS5;lean411;source_fileS37;RequestProject/Kant/Domain/Table.lean13;source_formatS4;text11;imported_atI+0;14;transformed_atI+0;15;transformationsL0;13;parent_objectS0;","3ad5c60c9d590e85add8f07f15ef3ada6483e4f66047798f914e868108941d14"
"obj.Kant.Dom.recombine_parts","theorem","Kant.Dom.recombine_parts","PROVEN","∀ (d : Kant.Dom.Domain),   Eq     (Kant.Dom.recombine (Kant.Dom.metaVal d) (Kant.Dom.objectsVal d) (Kant.Dom.proofsVal d)       (Kant.Dom.relationsVal d))     (Option.some d)","L6;S23;obj.Kant.Dom.objectsValS25;obj.Kant.Dom.relationsValS27;obj.Kant.Dom.Domain.casesOnS18;obj.Kant.Codec.ErrS22;obj.Kant.Codec.getListS33;obj.Kant.Dom.ProofRec.ofVal_toVal","O0;","L0;","L0;","L1;S30;claim.Kant.Dom.recombine_parts","L0;","L1;S30;proof.Kant.Dom.recombine_parts","L0;","S174;∀ (d : Kant.Dom.Domain),   Eq     (Kant.Dom.recombine (Kant.Dom.metaVal d) (Kant.Dom.objectsVal d) (Kant.Dom.proofsVal d)       (Kant.Dom.relationsVal d))     (Option.some d)","O7;13;source_systemS5;lean411;source_fileS36;RequestProject/Kant/Domain/Emit.lean13;source_formatS4;text11;imported_atI+0;14;transformed_atI+231;15;transformationsL0;13;parent_objectS0;","81f26472dda8edec7961c787954c44df1cd4cd158f84733a30cb70587de3021d"
"obj.Kant.Codec.instDecidableEqExtract.decEq.match_1","def","Kant.Codec.instDecidableEqExtract.decEq.match_1","ASSERTED","(motive : Kant.Codec.Extract → Kant.Codec.Extract → Sort u_1) →   (x x_1 : Kant.Codec.Extract) →     ((a : List Char) →         (a_1 a_2 : Nat) →           (b : List Char) →             (b_1 b_2 : Nat) →               motive { kind := a, offset := a_1, length := a_2 }                 { kind := b, offset := b_1, length := b_2 }) →       motive x x_1","L0;","O0;","L0;","L0;","L0;","L0;","L0;","L0;","S350;(motive : Kant.Codec.Extract → Kant.Codec.Extract → Sort u_1) →   (x x_1 : Kant.Codec.Extract) →     ((a : List Char) →         (a_1 a_2 : Nat) →           (b : List Char) →             (b_1 b_2 : Nat) →               motive { kind := a, offset := a_1, length := a_2 }                 { kind := b, offset := b_1, length := b_2 }) →       motive x x_1","O7;13;source_systemS5;lean411;source_fileS38;RequestProject/Kant/Codec/RawText.lean13;source_formatS4;text11;imported_atI+0;14;transformed_atI+0;15;transformationsL0;13;parent_objectS0;","8385289cf9e4a282100029f0b2de96052e4079ed9db1524c2b44c31b0656471f"
"obj.Kant.Dom.Summary.mk.injEq","theorem","Kant.Dom.Summary.mk.injEq","PROVEN","∀   (objects proven partiallyProven unproven contradicted proofs validProofs objects_1 proven_1     partiallyProven_1 unproven_1 contradicted_1 proofs_1 validProofs_1 : Nat),   Eq     (Eq       { objects := objects, proven := proven, partiallyProven := partiallyProven,         unproven := unproven, contradicted := contradicted, proofs := proofs,         validProofs := validProofs }       { objects := objects_1, proven := proven_1, partiallyProven := partiallyProven_1,         unproven := unproven_1, contradicted := contradicted_1, proofs := proofs_1,         validProofs := validProofs_1 })     (And (Eq objects objects_1)       (And (Eq proven proven_1)         (And (Eq partiallyProven partiallyProven_1)           (And (Eq unproven unproven_1)             (And (Eq contradicted contradicted_1)               (And (Eq proofs proofs_1) (Eq validProofs validProofs_1)))))))","L1;S35;obj.Kant.Dom.Summary.mk.noConfusion","O0;","L0;","L0;","L1;S31;claim.Kant.Dom.Summary.mk.injEq","L0;","L1;S31;proof.Kant.Dom.Summary.mk.injEq","L0;","S879;∀   (objects proven partiallyProven unproven contradicted proofs validProofs objects_1 proven_1     partiallyProven_1 unproven_1 contradicted_1 proofs_1 validProofs_1 : Nat),   Eq     (Eq       { objects := objects, proven := proven, partiallyProven := partiallyProven,         unproven := unproven, contradicted := contradicted, proofs := proofs,         validProofs := validProofs }       { objects := objects_1, proven := proven_1, partiallyProven := partiallyProven_1,         unproven := unproven_1, contradicted := contradicted_1, proofs := proofs_1,         validProofs := validProofs_1 })     (And (Eq objects objects_1)       (And (Eq proven proven_1)         (And (Eq partiallyProven partiallyProven_1)           (And (Eq unproven unproven_1)             (And (Eq contradicted contradicted_1)               (And (Eq proofs proofs_1) (Eq validProofs validProofs_1)))))))","O7;13;source_systemS5;lean411;source_fileS38;RequestProject/Kant/Domain/Ledger.lean13;source_formatS4;text11;imported_atI+0;14;transformed_atI+0;15;transformationsL0;13;parent_objectS0;","feb7f296a11346ae9b8f26a921286f698a09ab064f8f54c831293c1a18171113"
"obj.Kant.Relay.Msg.Wire.room","theorem","Kant.Relay.Msg.Wire.room","PROVEN","∀ {m : Kant.Relay.Msg}, m.Wire → Kant.Text.IsAscii m.room","L0;","O0;","L0;","L0;","L1;S30;claim.Kant.Relay.Msg.Wire.room","L0;","L1;S30;proof.Kant.Relay.Msg.Wire.room","L0;","S57;∀ {m : Kant.Relay.Msg}, m.Wire → Kant.Text.IsAscii m.room","O7;13;source_systemS5;lean411;source_fileS30;RequestProject/Kant/Relay.lean13;source_formatS4;text11;imported_atI+0;14;transformed_atI+66;15;transformationsL0;13;parent_objectS0;","669dd0bab6932be245ae0c795135720dbe1178b641297fdc90bf76904b0e4737"
"obj.Kant.Uucp.Node.paste","def","Kant.Uucp.Node.paste","ASSERTED","Kant.Uucp.Node → List Char → Kant.Uucp.Node","L0;","O0;","L0;","L0;","L0;","L0;","L0;","L0;","S43;Kant.Uucp.Node → List Char → Kant.Uucp.Node","O7;13;source_systemS5;lean411;source_fileS29;RequestProject/Kant/Uucp.lean13;source_formatS4;text11;imported_atI+0;14;transformed_atI+389;15;transformationsL0;13;parent_objectS0;","42e1dee65243e1344228ca47f94b80279fa17c2f414765ca26cc13a5875b6e1d"
"obj.Kant.Wasm.step.eq_5","theorem","Kant.Wasm.step.eq_5","PROVEN","∀ (locals : List UInt64) (op : Kant.Wasm.CmpOp) (b a : UInt64) (st : List UInt64),   Eq (Kant.Wasm.step locals (Kant.Wasm.Instr.cmpop op) (List.cons b (List.cons a st)))     (Option.some (List.cons (op.apply a b) st))","L0;","O0;","L0;","L0;","L1;S25;claim.Kant.Wasm.step.eq_5","L0;","L1;S25;proof.Kant.Wasm.step.eq_5","L0;","S217;∀ (locals : List UInt64) (op : Kant.Wasm.CmpOp) (b a : UInt64) (st : List UInt64),   Eq (Kant.Wasm.step locals (Kant.Wasm.Instr.cmpop op) (List.cons b (List.cons a st)))     (Option.some (List.cons (op.apply a b) st))","O7;13;source_systemS5;lean411;source_fileS34;RequestProject/Wasm/Semantics.lean13;source_formatS4;text11;imported_atI+0;14;transformed_atI+0;15;transformationsL0;13;parent_objectS0;","cbfd126d61e39503b2c75a848967a82064bc1bdf88f5e85928e067fa17c35fe6"
"obj.Kant.Wasm.Encode.i64Byte.eq_1","theorem","Kant.Wasm.Encode.i64Byte.eq_1","PROVEN","Eq Kant.Wasm.Encode.i64Byte 126","L0;","O0;","L0;","L0;","L1;S35;claim.Kant.Wasm.Encode.i64Byte.eq_1","L0;","L1;S35;proof.Kant.Wasm.Encode.i64Byte.eq_1","L0;","S31;Eq Kant.Wasm.Encode.i64Byte 126","O7;13;source_systemS5;lean411;source_fileS31;RequestProject/Wasm/Decode.lean13;source_formatS4;text11;imported_atI+0;14;transformed_atI+0;15;transformationsL0;13;parent_objectS0;","7e481c5daa156619fc154e9d31a5bf464d69d975e151b8f3b2b0b2dc1e073120"
"obj.Kant.Wasm.Kernel.u64ByteE.eq_1","theorem","Kant.Wasm.Kernel.u64ByteE.eq_1","PROVEN","Eq Kant.Wasm.Kernel.u64ByteE   ((Kant.Wasm.Expr.bin Kant.Wasm.BinOp.shru (Kant.Wasm.Expr.var 0)         ((Kant.Wasm.Expr.const 8).mul ((Kant.Wasm.Expr.const 7).sub (Kant.Wasm.Expr.var 1)))).andE     (Kant.Wasm.Expr.const 255))","L0;","O0;","L0;","L0;","L1;S36;claim.Kant.Wasm.Kernel.u64ByteE.eq_1","L0;","L1;S36;proof.Kant.Wasm.Kernel.u64ByteE.eq_1","L0;","S226;Eq Kant.Wasm.Kernel.u64ByteE   ((Kant.Wasm.Expr.bin Kant.Wasm.BinOp.shru (Kant.Wasm.Expr.var 0)         ((Kant.Wasm.Expr.const 8).mul ((Kant.Wasm.Expr.const 7).sub (Kant.Wasm.Expr.var 1)))).andE     (Kant.Wasm.Expr.const 255))","O7;13;source_systemS5;lean411;source_fileS35;RequestProject/Wasm/KernelSpec.lean13;source_formatS4;text11;imported_atI+0;14;transformed_atI+0;15;transformationsL0;13;parent_objectS0;","9bd241b099386a8e6cbb923b88c93981cc1063caaa59bf687fb2511806320edb"
"obj.Kant.Dom.Event.derivedBy.inj","theorem","Kant.Dom.Event.derivedBy.inj","PROVEN","∀ {proofId proofId_1 : Kant.Dom.Id},   Eq (Kant.Dom.Event.derivedBy proofId) (Kant.Dom.Event.derivedBy proofId_1) → Eq proofId proofId_1","L0;","O0;","L0;","L0;","L1;S34;claim.Kant.Dom.Event.derivedBy.inj","L0;","L1;S34;proof.Kant.Dom.Event.derivedBy.inj","L0;","S136;∀ {proofId proofId_1 : Kant.Dom.Id},   Eq (Kant.Dom.Event.derivedBy proofId) (Kant.Dom.Event.derivedBy proofId_1) → Eq proofId proofId_1","O7;13;source_systemS5;lean411;source_fileS38;RequestProject/Kant/Domain/Policy.lean13;source_formatS4;text11;imported_atI+0;14;transformed_atI+0;15;transformationsL0;13;parent_objectS0;","31057d2f54b05dc75944e7539ba5d08c4edaba9e8b2fc2d5a5628f5beb0d5fea"
"obj.Kant.Codec.Trans.warnings","def","Kant.Codec.Trans.warnings","ASSERTED","Kant.Codec.Trans → List Kant.Codec.Err","L1;S18;obj.Kant.Codec.Err","O0;","L0;","L0;","L0;","L0;","L0;","L0;","S38;Kant.Codec.Trans → List Kant.Codec.Err","O7;13;source_systemS5;lean411;source_fileS36;RequestProject/Kant/Codec/Model.lean13;source_formatS4;text11;imported_atI+0;14;transformed_atI+285;15;transformationsL0;13;parent_objectS0;","b96cf7413257f76831764d99aef2314b38cd65a9ed11532ed606784941e7d821"
"obj.Kant.Relay.Msg.sender","def","Kant.Relay.Msg.sender","ASSERTED","Kant.Relay.Msg → List Char","L0;","O0;","L0;","L0;","L0;","L0;","L0;","L0;","S26;Kant.Relay.Msg → List Char","O7;13;source_systemS5;lean411;source_fileS30;RequestProject/Kant/Relay.lean13;source_formatS4;text11;imported_atI+0;14;transformed_atI+56;15;transformationsL0;13;parent_objectS0;","1f73c70fefa09f93be5cf96701b80240884a52b2185957c1a730d13bf2bfb5be"
"obj.Kant.Dom.decFields_encFields","theorem","Kant.Dom.decFields_encFields","PROVEN","∀ (fs : List (Prod (List Char) Kant.Codec.Val)),   Eq (Kant.Dom.decFields (Kant.Dom.encFields fs)) (Option.some fs)","L0;","O0;","L0;","L0;","L1;S34;claim.Kant.Dom.decFields_encFields","L0;","L1;S34;proof.Kant.Dom.decFields_encFields","L0;","S115;∀ (fs : List (Prod (List Char) Kant.Codec.Val)),   Eq (Kant.Dom.decFields (Kant.Dom.encFields fs)) (Option.some fs)","O7;13;source_systemS5;lean411;source_fileS37;RequestProject/Kant/Domain/Table.lean13;source_formatS4;text11;imported_atI+0;14;transformed_atI+255;15;transformationsL0;13;parent_objectS0;","bc82af7ef6e849b26c3646737a63363dba6c662e75a4ed34dfc90e0366bc7ebf"
"obj.Kant.SiteCard.renderConfig","def","Kant.SiteCard.renderConfig","ASSERTED","Kant.SiteCard.Config → List Char","L1;S31;obj.Kant.SiteCard.Config.origin","O0;","L0;","L0;","L0;","L0;","L0;","L0;","S32;Kant.SiteCard.Config → List Char","O7;13;source_systemS5;lean411;source_fileS33;RequestProject/Kant/SiteCard.lean13;source_formatS4;text11;imported_atI+0;14;transformed_atI+173;15;transformationsL0;13;parent_objectS0;","2047898728b4056607014f043ed1020932a311eea929eee08fc9007908570103"
"obj.Kant.Diagnostics.Level.ofNat_ctorIdx","theorem","Kant.Diagnostics.Level.ofNat_ctorIdx","PROVEN","∀ (x : Kant.Diagnostics.Level), Eq (Kant.Diagnostics.Level.ofNat x.ctorIdx) x","L1;S34;obj.Kant.Diagnostics.Level.ctorIdx","O0;","L0;","L0;","L1;S42;claim.Kant.Diagnostics.Level.ofNat_ctorIdx","L0;","L1;S42;proof.Kant.Diagnostics.Level.ofNat_ctorIdx","L0;","S77;∀ (x : Kant.Diagnostics.Level), Eq (Kant.Diagnostics.Level.ofNat x.ctorIdx) x","O7;13;source_systemS5;lean411;source_fileS36;RequestProject/Kant/Diagnostics.lean13;source_formatS4;text11;imported_atI+0;14;transformed_atI+0;15;transformationsL0;13;parent_objectS0;","249996f3274bc75253799c567ff52045d14b62fb7f86f2c4c915b2750f83e9e7"
"obj.Kant.Codec.Envelope.inputs","def","Kant.Codec.Envelope.inputs","ASSERTED","Kant.Codec.Envelope → List Kant.Codec.Val","L0;","O0;","L0;","L0;","L0;","L0;","L0;","L0;","S41;Kant.Codec.Envelope → List Kant.Codec.Val","O7;13;source_systemS5;lean411;source_fileS39;RequestProject/Kant/Codec/Exchange.lean13;source_formatS4;text11;imported_atI+0;14;transformed_atI+126;15;transformationsL0;13;parent_objectS0;","fd0e2394adac49b0972cc0f5c757578b1bc1ff130833f5aebe75c83175efe6c9"
"obj.Kant.Sheaf.Section.recOn","def","Kant.Sheaf.Section.recOn","ASSERTED","{motive : Kant.Sheaf.Section → Sort u} →   (t : Kant.Sheaf.Section) →     ((addressType : Kant.Sheaf.DaslType) →         (eigen : Kant.Sheaf.EigenSpace) →           (encoding : Kant.Sheaf.Encoding) →             motive { addressType := addressType, eigen := eigen, encoding := encoding }) →       motive t","L0;","O0;","L0;","L0;","L0;","L0;","L0;","L0;","S305;{motive : Kant.Sheaf.Section → Sort u} →   (t : Kant.Sheaf.Section) →     ((addressType : Kant.Sheaf.DaslType) →         (eigen : Kant.Sheaf.EigenSpace) →           (encoding : Kant.Sheaf.Encoding) →             motive { addressType := addressType, eigen := eigen, encoding := encoding }) →       motive t","O7;13;source_systemS5;lean411;source_fileS30;RequestProject/Kant/Sheaf.lean13;source_formatS4;text11;imported_atI+0;14;transformed_atI+148;15;transformationsL0;13;parent_objectS0;","c10ac00f01585cdf8d1a0ed3df66a614189164cfac6ac985d29badee2114422a"
"obj.Kant.ShareLog.logTitle.eq_1","theorem","Kant.ShareLog.logTitle.eq_1","PROVEN","Eq Kant.ShareLog.logTitle ""the run so far"".toList","L1;S26;obj.Kant.ShareLog.logTitle","O0;","L0;","L0;","L1;S33;claim.Kant.ShareLog.logTitle.eq_1","L0;","L1;S33;proof.Kant.ShareLog.logTitle.eq_1","L0;","S49;Eq Kant.ShareLog.logTitle ""the run so far"".toList","O7;13;source_systemS5;lean411;source_fileS33;RequestProject/Kant/ShareLog.lean13;source_formatS4;text11;imported_atI+0;14;transformed_atI+0;15;transformationsL0;13;parent_objectS0;","a3e5e83e256dcf1bfc1a42a2e32f9548fe74e9bf059b5e013e720085734fa32e"
"obj.Kant.Codec.Difference.recOn","def","Kant.Codec.Difference.recOn","ASSERTED","{motive : Kant.Codec.Difference → Sort u} →   (t : Kant.Codec.Difference) →     ((path left right kind : List Char) →         (severity : Kant.Codec.Severity) →           (explanation : List Char) →             motive               { path := path, left := left, right := right, kind := kind, severity := severity,                 explanation := explanation }) →       motive t","L0;","O0;","L0;","L0;","L0;","L0;","L0;","L0;","S376;{motive : Kant.Codec.Difference → Sort u} →   (t : Kant.Codec.Difference) →     ((path left right kind : List Char) →         (severity : Kant.Codec.Severity) →           (explanation : List Char) →             motive               { path := path, left := left, right := right, kind := kind, severity := severity,                 explanation := explanation }) →       motive t","O7;13;source_systemS5;lean411;source_fileS40;RequestProject/Kant/Codec/Reconcile.lean13;source_formatS4;text11;imported_atI+0;14;transformed_atI+35;15;transformationsL0;13;parent_objectS0;","3c8e0abf579036681203a794e0525703b52bb86417cc2e56e7614f490c9ce641"
"obj.Kant.Credits.earned.eq_1","theorem","Kant.Credits.earned.eq_1","PROVEN","∀ (log : List (Prod Kant.Credits.Peer Nat)) (p : Kant.Credits.Peer),   Eq (Kant.Credits.earned log p)     (List.map Prod.snd (List.filter (fun e => List.instBEq.beq e.fst p) log)).sum","L0;","O0;","L0;","L0;","L1;S30;claim.Kant.Credits.earned.eq_1","L0;","L1;S30;proof.Kant.Credits.earned.eq_1","L0;","S183;∀ (log : List (Prod Kant.Credits.Peer Nat)) (p : Kant.Credits.Peer),   Eq (Kant.Credits.earned log p)     (List.map Prod.snd (List.filter (fun e => List.instBEq.beq e.fst p) log)).sum","O7;13;source_systemS5;lean411;source_fileS32;RequestProject/Kant/Credits.lean13;source_formatS4;text11;imported_atI+0;14;transformed_atI+0;15;transformationsL0;13;parent_objectS0;","04e7dddec1a4f4e734df6dcc29b37ff45fb530147656caad02b5bb2488685eaa"
"obj.Kant.Clipboard.instReprReceipt.repr","def","Kant.Clipboard.instReprReceipt.repr","ASSERTED","Kant.Clipboard.Receipt → Nat → Std.Format","L0;","O0;","L0;","L0;","L0;","L0;","L0;","L0;","S41;Kant.Clipboard.Receipt → Nat → Std.Format","O7;13;source_systemS5;lean411;source_fileS34;RequestProject/Kant/Clipboard.lean13;source_formatS4;text11;imported_atI+0;14;transformed_atI+292;15;transformationsL0;13;parent_objectS0;","7b464e6694fe0c64da580160b40bd38766067bc074f0edea2ac2db412bb826cd"
"obj.Kant.SiteCard.cardOf_roundTrip","theorem","Kant.SiteCard.cardOf_roundTrip","PROVEN","∀ {c : Kant.SiteCard.Config} {p : Kant.Paste},   (Kant.SiteCard.cardOf c p).Wf →     ∀ (modules : List (List Bool)) (scale border : Nat),       Eq         (Option.map Kant.SiteCard.Card.url           (Kant.SiteCard.readCard             (Kant.SiteCard.cardSvg (Kant.SiteCard.cardOf c p) modules scale border)))         (Option.some (Kant.SiteCard.pasteUrl c p))","L0;","O0;","L0;","L0;","L1;S36;claim.Kant.SiteCard.cardOf_roundTrip","L0;","L1;S36;proof.Kant.SiteCard.cardOf_roundTrip","L0;","S360;∀ {c : Kant.SiteCard.Config} {p : Kant.Paste},   (Kant.SiteCard.cardOf c p).Wf →     ∀ (modules : List (List Bool)) (scale border : Nat),       Eq         (Option.map Kant.SiteCard.Card.url           (Kant.SiteCard.readCard             (Kant.SiteCard.cardSvg (Kant.SiteCard.cardOf c p) modules scale border)))         (Option.some (Kant.SiteCard.pasteUrl c p))","O7;13;source_systemS5;lean411;source_fileS33;RequestProject/Kant/SiteCard.lean13;source_formatS4;text11;imported_atI+0;14;transformed_atI+645;15;transformationsL0;13;parent_objectS0;","1e0d5ba5245839ae2180a55c15ac98990aeb42d83b5a906029d05cccf16634bb"
"obj.Kant.Codec.Level.ofNat_ctorIdx","theorem","Kant.Codec.Level.ofNat_ctorIdx","PROVEN","∀ (x : Kant.Codec.Level), Eq (Kant.Codec.Level.ofNat x.ctorIdx) x","L0;","O0;","L0;","L0;","L1;S36;claim.Kant.Codec.Level.ofNat_ctorIdx","L0;","L1;S36;proof.Kant.Codec.Level.ofNat_ctorIdx","L0;","S65;∀ (x : Kant.Codec.Level), Eq (Kant.Codec.Level.ofNat x.ctorIdx) x","O7;13;source_systemS5;lean411;source_fileS39;RequestProject/Kant/Codec/Exchange.lean13;source_formatS4;text11;imported_atI+0;14;transformed_atI+0;15;transformationsL0;13;parent_objectS0;","e11915a70261b37ed7ad48bf9c69f9e1149d2ca0cc335fe81d4111431ed1f59b"
"obj.Kant.Wasm.Encode.cmpOpcode.eq_5","theorem","Kant.Wasm.Encode.cmpOpcode.eq_5","PROVEN","Eq (Kant.Wasm.Encode.cmpOpcode Kant.Wasm.CmpOp.leu) 88","L0;","O0;","L0;","L0;","L1;S37;claim.Kant.Wasm.Encode.cmpOpcode.eq_5","L0;","L1;S37;proof.Kant.Wasm.Encode.cmpOpcode.eq_5","L0;","S54;Eq (Kant.Wasm.Encode.cmpOpcode Kant.Wasm.CmpOp.leu) 88","O7;13;source_systemS5;lean411;source_fileS31;RequestProject/Wasm/Decode.lean13;source_formatS4;text11;imported_atI+0;14;transformed_atI+0;15;transformationsL0;13;parent_objectS0;","53b8f643dd65f6f4c1932f714b2f9e07ec590e2b581b8a9aa75a89ce8ad049ad"
"obj.Kant.Uucp.ofBag.eq_1","theorem","Kant.Uucp.ofBag.eq_1","PROVEN","∀ (ms : List Kant.Relay.Msg),   Eq (Kant.Uucp.ofBag ms)     { tag := Kant.Uucp.tagBag,       fields := List.map (fun m => Kant.Text.asciiBytes (Kant.Relay.printMsg m)) ms }","L0;","O0;","L0;","L0;","L1;S26;claim.Kant.Uucp.ofBag.eq_1","L0;","L1;S26;proof.Kant.Uucp.ofBag.eq_1","L0;","S172;∀ (ms : List Kant.Relay.Msg),   Eq (Kant.Uucp.ofBag ms)     { tag := Kant.Uucp.tagBag,       fields := List.map (fun m => Kant.Text.asciiBytes (Kant.Relay.printMsg m)) ms }","O7;13;source_systemS5;lean411;source_fileS29;RequestProject/Kant/Uucp.lean13;source_formatS4;text11;imported_atI+0;14;transformed_atI+0;15;transformationsL0;13;parent_objectS0;","a53ba944aa6591962b4841cb4d857b89b42ae7d4a4882ed05499607a39bed223"
"obj.Kant.Clipboard.instReprReceipt","def","Kant.Clipboard.instReprReceipt","ASSERTED","Repr Kant.Clipboard.Receipt","L1;S39;obj.Kant.Clipboard.instReprReceipt.repr","O0;","L0;","L0;","L0;","L0;","L0;","L0;","S27;Repr Kant.Clipboard.Receipt","O7;13;source_systemS5;lean411;source_fileS34;RequestProject/Kant/Clipboard.lean13;source_formatS4;text11;imported_atI+0;14;transformed_atI+292;15;transformationsL0;13;parent_objectS0;","a4a97fa48bb433a04e606f0ac1974b33b10270e9ca5aeac6f0be5179cfeab459"
"obj.Kant.Onboarding.doneWords.eq_1","theorem","Kant.Onboarding.doneWords.eq_1","PROVEN","Eq Kant.Onboarding.doneWords   ""That is everything. You have a room, you have shared it, and you have said something in it.""","L0;","O0;","L0;","L0;","L1;S36;claim.Kant.Onboarding.doneWords.eq_1","L0;","L1;S36;proof.Kant.Onboarding.doneWords.eq_1","L0;","S124;Eq Kant.Onboarding.doneWords   ""That is everything. You have a room, you have shared it, and you have said something in it.""","O7;13;source_systemS5;lean411;source_fileS35;RequestProject/Kant/Onboarding.lean13;source_formatS4;text11;imported_atI+0;14;transformed_atI+0;15;transformationsL0;13;parent_objectS0;","2556f48d1740f955108820fcedf8b682a8c9cfe0cce365ef10f62c640cd5b11c"
"obj.Kant.Wasm.Leb128.slebDec.eq_def","theorem","Kant.Wasm.Leb128.slebDec.eq_def","PROVEN","∀ (x : List UInt8),   Eq (Kant.Wasm.Leb128.slebDec x)     (Kant.Wasm.Leb128.ulebDec.match_3 (fun x => Option (Prod Int (List UInt8))) x       (fun _ => Option.none) fun b bs =>       have x := b.toNat;       ite (instLTNat.lt x 128)         (Option.some           { fst := ite (instLTNat.lt x 64) x.cast (instHSub.hSub x.cast 128), snd := bs })         (Kant.Wasm.Leb128.slebDec.match_1 (fun x => Option (Prod Int (List UInt8)))           (Kant.Wasm.Leb128.slebDec bs)           (fun n r =>             Option.some               { fst := instHAdd.hAdd (instHSub.hSub x.cast 128) (instHMul.hMul 128 n), snd := r })           fun _ => Option.none))","L0;","O0;","L0;","L0;","L1;S37;claim.Kant.Wasm.Leb128.slebDec.eq_def","L0;","L1;S37;proof.Kant.Wasm.Leb128.slebDec.eq_def","L0;","S646;∀ (x : List UInt8),   Eq (Kant.Wasm.Leb128.slebDec x)     (Kant.Wasm.Leb128.ulebDec.match_3 (fun x => Option (Prod Int (List UInt8))) x       (fun _ => Option.none) fun b bs =>       have x := b.toNat;       ite (instLTNat.lt x 128)         (Option.some           { fst := ite (instLTNat.lt x 64) x.cast (instHSub.hSub x.cast 128), snd := bs })         (Kant.Wasm.Leb128.slebDec.match_1 (fun x => Option (Prod Int (List UInt8)))           (Kant.Wasm.Leb128.slebDec bs)           (fun n r =>             Option.some               { fst := instHAdd.hAdd (instHSub.hSub x.cast 128) (instHMul.hMul 128 n), snd := r })           fun _ => Option.none))","O7;13;source_systemS5;lean411;source_fileS31;RequestProject/Wasm/Leb128.lean13;source_formatS4;text11;imported_atI+0;14;transformed_atI+0;15;transformationsL0;13;parent_objectS0;","1206f03b6d71d2a42cf28f3d342fd06716b295924ab93e82181664f3185e3515"
"obj.Kant.Codec.pList","def","Kant.Codec.pList","ASSERTED","Nat → Nat → List Char → Option (Prod (List Kant.Codec.Val) (List Char))","L0;","O0;","L0;","L0;","L0;","L0;","L0;","L0;","S71;Nat → Nat → List Char → Option (Prod (List Kant.Codec.Val) (List Char))","O7;13;source_systemS5;lean411;source_fileS34;RequestProject/Kant/Codec/Val.lean13;source_formatS4;text11;imported_atI+0;14;transformed_atI+284;15;transformationsL0;13;parent_objectS0;","304c4fbe6cb9ce3493a8a6d79bdf6bcff4866f3828f5f052c3cc97348f166d5d"
"obj.Kant.Sneakernet.Channel.url.sizeOf_spec","theorem","Kant.Sneakernet.Channel.url.sizeOf_spec","PROVEN","Eq (Kant.Sneakernet.Channel._sizeOf_inst.sizeOf Kant.Sneakernet.Channel.url) 1","L0;","O0;","L0;","L0;","L1;S45;claim.Kant.Sneakernet.Channel.url.sizeOf_spec","L0;","L1;S45;proof.Kant.Sneakernet.Channel.url.sizeOf_spec","L0;","S78;Eq (Kant.Sneakernet.Channel._sizeOf_inst.sizeOf Kant.Sneakernet.Channel.url) 1","O7;13;source_systemS5;lean411;source_fileS35;RequestProject/Kant/Sneakernet.lean13;source_formatS4;text11;imported_atI+0;14;transformed_atI+0;15;transformationsL0;13;parent_objectS0;","bd94946020dfac3d06545ec3880533caf39aa8e74283df17ee7ccad982eddb24"
"obj.Kant.Sync.CollisionFree","def","Kant.Sync.CollisionFree","ASSERTED","List Kant.Paste → Prop","L0;","O0;","L0;","L0;","L0;","L0;","L0;","L0;","S22;List Kant.Paste → Prop","O7;13;source_systemS5;lean411;source_fileS29;RequestProject/Kant/Sync.lean13;source_formatS4;text11;imported_atI+0;14;transformed_atI+135;15;transformationsL0;13;parent_objectS0;","e38c6ff386dd815f6167a2ac520427e4a33bab8fecf0d5dd54cf955b3de5fb42"
"obj.Kant.Dom.ProofRec.hash","def","Kant.Dom.ProofRec.hash","ASSERTED","Kant.Dom.ProofRec → List Char","L0;","O0;","L0;","L0;","L0;","L0;","L0;","L0;","S29;Kant.Dom.ProofRec → List Char","O7;13;source_systemS5;lean411;source_fileS37;RequestProject/Kant/Domain/Model.lean13;source_formatS4;text11;imported_atI+0;14;transformed_atI+646;15;transformationsL0;13;parent_objectS0;","bbf6cc135318bd46da25ad04277374612dd843a965a52be048b2cfeafa874a2b"
"obj.Kant.Relay.mem_receive_iff","theorem","Kant.Relay.mem_receive_iff","PROVEN","∀ {ms : List Kant.Relay.Msg} {ls : List (List Char)} {x : Kant.Relay.Msg},   Iff (List.instMembership.mem (Kant.Relay.receive ms ls) x)     (Or (List.instMembership.mem ms x)       (Exists fun l =>         And (List.instMembership.mem ls l) (Eq (Kant.Relay.parseMsg l) (Option.some x))))","L0;","O0;","L0;","L0;","L1;S32;claim.Kant.Relay.mem_receive_iff","L0;","L1;S32;proof.Kant.Relay.mem_receive_iff","L0;","S287;∀ {ms : List Kant.Relay.Msg} {ls : List (List Char)} {x : Kant.Relay.Msg},   Iff (List.instMembership.mem (Kant.Relay.receive ms ls) x)     (Or (List.instMembership.mem ms x)       (Exists fun l =>         And (List.instMembership.mem ls l) (Eq (Kant.Relay.parseMsg l) (Option.some x))))","O7;13;source_systemS5;lean411;source_fileS30;RequestProject/Kant/Relay.lean13;source_formatS4;text11;imported_atI+0;14;transformed_atI+289;15;transformationsL0;13;parent_objectS0;","52c88faaa619e1feb4d5db2bdab22fa1dbb1e6acd6b572f803fa19131d7c98eb"
"obj.Kant.Diagnostics.levelOfCode.match_1","def","Kant.Diagnostics.levelOfCode.match_1","ASSERTED","(motive : UInt8 → Sort u_1) →   (x : UInt8) →     (Unit → motive 1) → (Unit → motive 2) → (Unit → motive 3) → ((x : UInt8) → motive x) → motive x","L0;","O0;","L0;","L0;","L0;","L0;","L0;","L0;","S145;(motive : UInt8 → Sort u_1) →   (x : UInt8) →     (Unit → motive 1) → (Unit → motive 2) → (Unit → motive 3) → ((x : UInt8) → motive x) → motive x","O7;13;source_systemS5;lean411;source_fileS36;RequestProject/Kant/Diagnostics.lean13;source_formatS4;text11;imported_atI+0;14;transformed_atI+0;15;transformationsL0;13;parent_objectS0;","631230c8710edd060087aa750c5d75c157a7eb56bb9db688ec27a2faf619efe3"
"obj.Kant.Codec.stripPrefix_objClose_entry_aux","theorem","Kant.Codec.stripPrefix_objClose_entry_aux","PROVEN","∀ (rest : List Char),   Eq     (Kant.Codec.stripPrefix Kant.Codec.xObjClose       (instHAppendOfAppend.hAppend Kant.Codec.xEntryOpen rest))     Option.none","L1;S25;obj.Kant.Codec.xEntryOpen","O0;","L0;","L0;","L1;S47;claim.Kant.Codec.stripPrefix_objClose_entry_aux","L0;","L1;S47;proof.Kant.Codec.stripPrefix_objClose_entry_aux","L0;","S155;∀ (rest : List Char),   Eq     (Kant.Codec.stripPrefix Kant.Codec.xObjClose       (instHAppendOfAppend.hAppend Kant.Codec.xEntryOpen rest))     Option.none","O7;13;source_systemS5;lean411;source_fileS34;RequestProject/Kant/Codec/Xml.lean13;source_formatS4;text11;imported_atI+0;14;transformed_atI+291;15;transformationsL0;13;parent_objectS0;","c76ac733852110fe012dce02ac1803d9e720ae9bfc3012f06752dc188a07fc4b"
"obj.Kant.SiteCard.Card.noConfusion","def","Kant.SiteCard.Card.noConfusion","ASSERTED","{P : Sort u} → {t t' : Kant.SiteCard.Card} → Eq t t' → Kant.SiteCard.Card.noConfusionType P t t'","L0;","O0;","L0;","L0;","L0;","L0;","L0;","L0;","S96;{P : Sort u} → {t t' : Kant.SiteCard.Card} → Eq t t' → Kant.SiteCard.Card.noConfusionType P t t'","O7;13;source_systemS5;lean411;source_fileS33;RequestProject/Kant/SiteCard.lean13;source_formatS4;text11;imported_atI+0;14;transformed_atI+373;15;transformationsL0;13;parent_objectS0;","0f0c3c26d717dceaa9e4ee19444dbf7d573c7b4e3a8e48a4379fb33c6d239b97"
"obj.Kant.Codec.optOf.match_1","def","Kant.Codec.optOf.match_1","ASSERTED","(motive : Kant.Codec.Val → Sort u_1) →   (x : Kant.Codec.Val) →     (Unit → motive Kant.Codec.Val.null) → ((v : Kant.Codec.Val) → motive v) → motive x","L0;","O0;","L0;","L0;","L0;","L0;","L0;","L0;","S150;(motive : Kant.Codec.Val → Sort u_1) →   (x : Kant.Codec.Val) →     (Unit → motive Kant.Codec.Val.null) → ((v : Kant.Codec.Val) → motive v) → motive x","O7;13;source_systemS5;lean411;source_fileS36;RequestProject/Kant/Codec/Model.lean13;source_formatS4;text11;imported_atI+0;14;transformed_atI+0;15;transformationsL0;13;parent_objectS0;","ad8c852e9dc3462f45aef40ed4f935b40cba2fbb4ed335ed78ca555e19d696d2"
"obj.Kant.Bytes.fnvPrime","def","Kant.Bytes.fnvPrime","ASSERTED","UInt64","L0;","O0;","L0;","L0;","L0;","L0;","L0;","L0;","S6;UInt64","O7;13;source_systemS5;lean411;source_fileS30;RequestProject/Kant/Bytes.lean13;source_formatS4;text11;imported_atI+0;14;transformed_atI+96;15;transformationsL0;13;parent_objectS0;","df1cc9d1f6a4444ad51cc301300fa8dd683ae33c2c5797245da5964d7c0545b7"
"obj.Kant.Codec.Val.str.elim","def","Kant.Codec.Val.str.elim","ASSERTED","{motive_1 : Kant.Codec.Val → Sort u} →   (t : Kant.Codec.Val) →     Eq t.ctorIdx 3 → ((s : List Char) → motive_1 (Kant.Codec.Val.str s)) → motive_1 t","L0;","O0;","L0;","L0;","L0;","L0;","L0;","L0;","S149;{motive_1 : Kant.Codec.Val → Sort u} →   (t : Kant.Codec.Val) →     Eq t.ctorIdx 3 → ((s : List Char) → motive_1 (Kant.Codec.Val.str s)) → motive_1 t","O7;13;source_systemS5;lean411;source_fileS34;RequestProject/Kant/Codec/Val.lean13;source_formatS4;text11;imported_atI+0;14;transformed_atI+41;15;transformationsL0;13;parent_objectS0;","d18748832d01b9e2329df18abf306fc59c3089dd1bc24c0c9b43a20b31c3ea4f"
"obj.Kant.Dom.Coverage.recOn","def","Kant.Dom.Coverage.recOn","ASSERTED","{motive : Kant.Dom.Coverage → Sort u} →   (t : Kant.Dom.Coverage) →     motive Kant.Dom.Coverage.proven →       motive Kant.Dom.Coverage.partiallyProven →         motive Kant.Dom.Coverage.unproven → motive Kant.Dom.Coverage.contradicted → motive t","L0;","O0;","L0;","L0;","L0;","L0;","L0;","L0;","S247;{motive : Kant.Dom.Coverage → Sort u} →   (t : Kant.Dom.Coverage) →     motive Kant.Dom.Coverage.proven →       motive Kant.Dom.Coverage.partiallyProven →         motive Kant.Dom.Coverage.unproven → motive Kant.Dom.Coverage.contradicted → motive t","O7;13;source_systemS5;lean411;source_fileS37;RequestProject/Kant/Domain/Model.lean13;source_formatS4;text11;imported_atI+0;14;transformed_atI+72;15;transformationsL0;13;parent_objectS0;","f905ed2a9112ba35fba296e61711b0aae2fb9aea6d2e9a47036218321fa78f6c"
"obj.Kant.Dom.Repair.unresolved.sizeOf_spec","theorem","Kant.Dom.Repair.unresolved.sizeOf_spec","PROVEN","Eq (Kant.Dom.Repair._sizeOf_inst.sizeOf Kant.Dom.Repair.unresolved) 1","L0;","O0;","L0;","L0;","L1;S44;claim.Kant.Dom.Repair.unresolved.sizeOf_spec","L0;","L1;S44;proof.Kant.Dom.Repair.unresolved.sizeOf_spec","L0;","S69;Eq (Kant.Dom.Repair._sizeOf_inst.sizeOf Kant.Dom.Repair.unresolved) 1","O7;13;source_systemS5;lean411;source_fileS38;RequestProject/Kant/Domain/Policy.lean13;source_formatS4;text11;imported_atI+0;14;transformed_atI+0;15;transformationsL0;13;parent_objectS0;","724c27fc221eb9c53d8795a05127ce62fecae9a2ea21e57fb1b02ef9b188871c"
"obj.Kant.Codec.Err.recOn","def","Kant.Codec.Err.recOn","ASSERTED","{motive : Kant.Codec.Err → Sort u} →   (t : Kant.Codec.Err) →     ((id code : List Char) →         (severity : Kant.Codec.Severity) →           (message location field objectId sourceSystem : List Char) →             (sourceFormat : Kant.Codec.Fmt) →               (expected actual cause resolution : List Char) →                 (recoverable : Bool) →                   motive                     { id := id, code := code, severity := severity, message := message,                       location := location, field := field, objectId := objectId,                       sourceSystem := sourceSystem, sourceFormat := sourceFormat,                       expected := expected, actual := actual, cause := cause,                       resolution := resolution, recoverable := recoverable }) →       motive t","L1;S18;obj.Kant.Codec.Err","O0;","L0;","L0;","L0;","L0;","L0;","L0;","S802;{motive : Kant.Codec.Err → Sort u} →   (t : Kant.Codec.Err) →     ((id code : List Char) →         (severity : Kant.Codec.Severity) →           (message location field objectId sourceSystem : List Char) →             (sourceFormat : Kant.Codec.Fmt) →               (expected actual cause resolution : List Char) →                 (recoverable : Bool) →                   motive                     { id := id, code := code, severity := severity, message := message,                       location := location, field := field, objectId := objectId,                       sourceSystem := sourceSystem, sourceFormat := sourceFormat,                       expected := expected, actual := actual, cause := cause,                       resolution := resolution, recoverable := recoverable }) →       motive t","O7;13;source_systemS5;lean411;source_fileS36;RequestProject/Kant/Codec/Model.lean13;source_formatS4;text11;imported_atI+0;14;transformed_atI+218;15;transformationsL0;13;parent_objectS0;","4f2f769ec0305d14fd8c86325c0bb6d776d8f76bf9ad8f3a5a7cc5d77395e61d"
"obj.Kant.Uucp.fresher_paste","theorem","Kant.Uucp.fresher_paste","PROVEN","∀ (n : Kant.Uucp.Node) (s : List Char), Kant.Uucp.Fresher (n.paste s) n","L1;S24;obj.Kant.Uucp.Node.paste","O0;","L0;","L0;","L1;S29;claim.Kant.Uucp.fresher_paste","L0;","L1;S29;proof.Kant.Uucp.fresher_paste","L0;","S71;∀ (n : Kant.Uucp.Node) (s : List Char), Kant.Uucp.Fresher (n.paste s) n","O7;13;source_systemS5;lean411;source_fileS29;RequestProject/Kant/Uucp.lean13;source_formatS4;text11;imported_atI+0;14;transformed_atI+542;15;transformationsL0;13;parent_objectS0;","a0effc068f009227ad7435d7dc04c23477dc06d8fce82b151e6b6b05603f6bc2"
"obj.Kant.Diagnostics.Log.mk.inj","theorem","Kant.Diagnostics.Log.mk.inj","PROVEN","∀ {cap : Nat} {events : List Kant.Diagnostics.Event} {dropped cap_1 : Nat}   {events_1 : List Kant.Diagnostics.Event} {dropped_1 : Nat},   Eq { cap := cap, events := events, dropped := dropped }       { cap := cap_1, events := events_1, dropped := dropped_1 } →     And (Eq cap cap_1) (And (Eq events events_1) (Eq dropped dropped_1))","L0;","O0;","L0;","L0;","L1;S33;claim.Kant.Diagnostics.Log.mk.inj","L0;","L1;S33;proof.Kant.Diagnostics.Log.mk.inj","L0;","S334;∀ {cap : Nat} {events : List Kant.Diagnostics.Event} {dropped cap_1 : Nat}   {events_1 : List Kant.Diagnostics.Event} {dropped_1 : Nat},   Eq { cap := cap, events := events, dropped := dropped }       { cap := cap_1, events := events_1, dropped := dropped_1 } →     And (Eq cap cap_1) (And (Eq events events_1) (Eq dropped dropped_1))","O7;13;source_systemS5;lean411;source_fileS36;RequestProject/Kant/Diagnostics.lean13;source_formatS4;text11;imported_atI+0;14;transformed_atI+0;15;transformationsL0;13;parent_objectS0;","121a6d78c358eab4e6e8964065c6441fd5cf21a4b41032a2cbdf251c771582dd"
"obj.Kant.Dom.Schema.name","def","Kant.Dom.Schema.name","ASSERTED","Kant.Dom.Schema → List Char","L0;","O0;","L0;","L0;","L0;","L0;","L0;","L0;","S27;Kant.Dom.Schema → List Char","O7;13;source_systemS5;lean411;source_fileS37;RequestProject/Kant/Domain/Model.lean13;source_formatS4;text11;imported_atI+0;14;transformed_atI+534;15;transformationsL0;13;parent_objectS0;","d6839eb94fc430fc8078641711489d17f9ef65d6f79be522591836760c27bbcd"
"obj.Kant.Connectivity.Client","inductive","Kant.Connectivity.Client","ASSERTED","Type","L0;","O0;","L0;","L0;","L0;","L0;","L0;","L0;","S4;Type","O7;13;source_systemS5;lean411;source_fileS37;RequestProject/Kant/Connectivity.lean13;source_formatS4;text11;imported_atI+0;14;transformed_atI+93;15;transformationsL0;13;parent_objectS0;","7e506c98290f9639d696fe65f7b3b1368f08d58032d244f36d06e866c28a5470"
"obj.Kant.Dom.LedgerRow.noConfusion","def","Kant.Dom.LedgerRow.noConfusion","ASSERTED","{P : Sort u} → {t t' : Kant.Dom.LedgerRow} → Eq t t' → Kant.Dom.LedgerRow.noConfusionType P t t'","L0;","O0;","L0;","L0;","L0;","L0;","L0;","L0;","S96;{P : Sort u} → {t t' : Kant.Dom.LedgerRow} → Eq t t' → Kant.Dom.LedgerRow.noConfusionType P t t'","O7;13;source_systemS5;lean411;source_fileS38;RequestProject/Kant/Domain/Ledger.lean13;source_formatS4;text11;imported_atI+0;14;transformed_atI+132;15;transformationsL0;13;parent_objectS0;","a272e5a572e1490de193a3517bc2c53a8b951a322f999657aef7056af2955e84"
"obj.Kant.Uucp.ofPart","def","Kant.Uucp.ofPart","ASSERTED","Kant.Sneakernet.Frame → Kant.Clipboard.Envelope","L2;S21;obj.Kant.Uucp.tagPartS33;obj.Kant.Sneakernet.Frame.payload","O0;","L0;","L0;","L0;","L0;","L0;","L0;","S47;Kant.Sneakernet.Frame → Kant.Clipboard.Envelope","O7;13;source_systemS5;lean411;source_fileS29;RequestProject/Kant/Uucp.lean13;source_formatS4;text11;imported_atI+0;14;transformed_atI+197;15;transformationsL0;13;parent_objectS0;","a28af82aa9f2e5e0735ee99d7bdefdc3bd08a58784b7a9065928f502404a4f79"
"obj.Kant.Cli.Loaded.ctorElimType","def","Kant.Cli.Loaded.ctorElimType","ASSERTED","{motive : Kant.Cli.Loaded → Sort u} → Nat → Sort (max 1 u)","L0;","O0;","L0;","L0;","L0;","L0;","L0;","L0;","S58;{motive : Kant.Cli.Loaded → Sort u} → Nat → Sort (max 1 u)","O7;13;source_systemS5;lean411;source_fileS28;RequestProject/Kant/Cli.lean13;source_formatS4;text11;imported_atI+0;14;transformed_atI+0;15;transformationsL0;13;parent_objectS0;","bf36b8fece8253039530aeae1a3318203ec7a5073593a9e19edb5b5a15dcfd3e"
"obj.Kant.Wasm.Func.ctorIdx","def","Kant.Wasm.Func.ctorIdx","ASSERTED","Kant.Wasm.Func → Nat","L0;","O0;","L0;","L0;","L0;","L0;","L0;","L0;","S20;Kant.Wasm.Func → Nat","O7;13;source_systemS5;lean411;source_fileS31;RequestProject/Wasm/Syntax.lean13;source_formatS4;text11;imported_atI+0;14;transformed_atI+0;15;transformationsL0;13;parent_objectS0;","2f76b5ca14e4e06b19eb6937703255605c680f343baab79182328b8a431c7b86"
"obj.Kant.Codec.Val.null.sizeOf_spec","theorem","Kant.Codec.Val.null.sizeOf_spec","PROVEN","Eq (Kant.Codec.Val._sizeOf_inst.sizeOf Kant.Codec.Val.null) 1","L0;","O0;","L0;","L0;","L1;S37;claim.Kant.Codec.Val.null.sizeOf_spec","L0;","L1;S37;proof.Kant.Codec.Val.null.sizeOf_spec","L0;","S61;Eq (Kant.Codec.Val._sizeOf_inst.sizeOf Kant.Codec.Val.null) 1","O7;13;source_systemS5;lean411;source_fileS34;RequestProject/Kant/Codec/Val.lean13;source_formatS4;text11;imported_atI+0;14;transformed_atI+0;15;transformationsL0;13;parent_objectS0;","f668a3b83fb2811583d5675891f583b22c05371266dfaf8f12793ed91863a7ac"
"obj.Kant.CodeMovie.Circuit.below","def","Kant.CodeMovie.Circuit.below","ASSERTED","{motive : Kant.CodeMovie.Circuit → Sort u} → Kant.CodeMovie.Circuit → Sort (max 1 u)","L0;","O0;","L0;","L0;","L0;","L0;","L0;","L0;","S84;{motive : Kant.CodeMovie.Circuit → Sort u} → Kant.CodeMovie.Circuit → Sort (max 1 u)","O7;13;source_systemS5;lean411;source_fileS34;RequestProject/Kant/CodeMovie.lean13;source_formatS4;text11;imported_atI+0;14;transformed_atI+155;15;transformationsL0;13;parent_objectS0;","053c67b362067a820c18bf4b3cf339adadc3efb5e15ef9ec0d46592fdc2e37e7"
"obj.Kant.Rendezvous.Announce.Wire.recOn","def","Kant.Rendezvous.Announce.Wire.recOn","ASSERTED","{a : Kant.Rendezvous.Announce} →   {motive : a.Wire → Sort u} →     (t : a.Wire) →       ((peer : Kant.Text.IsAscii a.peer) →           (addrs :               ∀ (x : Kant.Rendezvous.Address),                 List.instMembership.mem a.addrs x → Kant.Text.IsAscii x.locator) →             motive ⋯) →         motive t","L0;","O0;","L0;","L0;","L0;","L0;","L0;","L0;","S315;{a : Kant.Rendezvous.Announce} →   {motive : a.Wire → Sort u} →     (t : a.Wire) →       ((peer : Kant.Text.IsAscii a.peer) →           (addrs :               ∀ (x : Kant.Rendezvous.Address),                 List.instMembership.mem a.addrs x → Kant.Text.IsAscii x.locator) →             motive ⋯) →         motive t","O7;13;source_systemS5;lean411;source_fileS35;RequestProject/Kant/Rendezvous.lean13;source_formatS4;text11;imported_atI+0;14;transformed_atI+135;15;transformationsL0;13;parent_objectS0;","48823bfdc0ce7b1ebdd6e9aa3f804eb13eb24a3da74bfe1830c24485ba917f0b"
"obj.Kant.Codec.instReprFmt.repr","def","Kant.Codec.instReprFmt.repr","ASSERTED","Kant.Codec.Fmt → Nat → Std.Format","L0;","O0;","L0;","L0;","L0;","L0;","L0;","L0;","S33;Kant.Codec.Fmt → Nat → Std.Format","O7;13;source_systemS5;lean411;source_fileS36;RequestProject/Kant/Codec/Model.lean13;source_formatS4;text11;imported_atI+0;14;transformed_atI+54;15;transformationsL0;13;parent_objectS0;","ac2679a60de49765b8770d361eefb3a2bbbd6c98f419ed8ff8e78d54a0ddb2ac"
"obj.Kant.Sheaf.Encoding.casesOn","def","Kant.Sheaf.Encoding.casesOn","ASSERTED","{motive : Kant.Sheaf.Encoding → Sort u} →   (t : Kant.Sheaf.Encoding) →     motive Kant.Sheaf.Encoding.raw →       motive Kant.Sheaf.Encoding.base64 →         motive Kant.Sheaf.Encoding.morse →           motive Kant.Sheaf.Encoding.split →             motive Kant.Sheaf.Encoding.qr →               motive Kant.Sheaf.Encoding.dtmf →                 motive Kant.Sheaf.Encoding.numbers →                   motive Kant.Sheaf.Encoding.stego →                     motive Kant.Sheaf.Encoding.ipfs → motive Kant.Sheaf.Encoding.dasl → motive t","L0;","O0;","L0;","L0;","L0;","L0;","L0;","L0;","S533;{motive : Kant.Sheaf.Encoding → Sort u} →   (t : Kant.Sheaf.Encoding) →     motive Kant.Sheaf.Encoding.raw →       motive Kant.Sheaf.Encoding.base64 →         motive Kant.Sheaf.Encoding.morse →           motive Kant.Sheaf.Encoding.split →             motive Kant.Sheaf.Encoding.qr →               motive Kant.Sheaf.Encoding.dtmf →                 motive Kant.Sheaf.Encoding.numbers →                   motive Kant.Sheaf.Encoding.stego →                     motive Kant.Sheaf.Encoding.ipfs → motive Kant.Sheaf.Encoding.dasl → motive t","O7;13;source_systemS5;lean411;source_fileS30;RequestProject/Kant/Sheaf.lean13;source_formatS4;text11;imported_atI+0;14;transformed_atI+84;15;transformationsL0;13;parent_objectS0;","cddc772567b52a29f0d9daeda1eaa056738f5a1e5f4e7f6358b66e99440ecb10"
"obj.Kant.CodeMovie.godel_injective","theorem","Kant.CodeMovie.godel_injective","PROVEN","Function.Injective Kant.CodeMovie.godel","L1;S26;obj.Kant.CodeMovie.ungodel","O0;","L0;","L0;","L1;S36;claim.Kant.CodeMovie.godel_injective","L0;","L1;S36;proof.Kant.CodeMovie.godel_injective","L0;","S39;Function.Injective Kant.CodeMovie.godel","O7;13;source_systemS5;lean411;source_fileS34;RequestProject/Kant/CodeMovie.lean13;source_formatS4;text11;imported_atI+0;14;transformed_atI+117;15;transformationsL0;13;parent_objectS0;","c3e0a7d5a0296a904008fd01cdc067536cd30239b5e44e168484bbbca9e117d9"
"obj.Kant.Wasm.instInhabitedBinOp","def","Kant.Wasm.instInhabitedBinOp","ASSERTED","Inhabited Kant.Wasm.BinOp","L0;","O0;","L0;","L0;","L0;","L0;","L0;","L0;","S25;Inhabited Kant.Wasm.BinOp","O7;13;source_systemS5;lean411;source_fileS31;RequestProject/Wasm/Syntax.lean13;source_formatS4;text11;imported_atI+0;14;transformed_atI+28;15;transformationsL0;13;parent_objectS0;","fb718d0c5ce93170f06231984987a053211b8efe3d696ff6d6d519105ae21cd9"
"obj.Kant.Diagnostics.Report.room","def","Kant.Diagnostics.Report.room","ASSERTED","Kant.Diagnostics.Report → List Char","L0;","O0;","L0;","L0;","L0;","L0;","L0;","L0;","S35;Kant.Diagnostics.Report → List Char","O7;13;source_systemS5;lean411;source_fileS36;RequestProject/Kant/Diagnostics.lean13;source_formatS4;text11;imported_atI+0;14;transformed_atI+488;15;transformationsL0;13;parent_objectS0;","c78643c6176da75452981f06e2df80077f744f17469ecf0adea1b6ae354ceb8d"
"obj.Kant.Onboarding.Reachable.recOn","def","Kant.Onboarding.Reachable.recOn","ASSERTED","∀ {motive : (a : Kant.Onboarding.State) → Kant.Onboarding.Reachable a → Prop}   {a : Kant.Onboarding.State} (t : Kant.Onboarding.Reachable a),   motive Kant.Onboarding.start Kant.Onboarding.Reachable.start →     (∀ {s : Kant.Onboarding.State} (e : Kant.Onboarding.Event) (a : Kant.Onboarding.Reachable s),         motive s a → motive (Kant.Onboarding.step s e) ⋯) →       motive a t","L0;","O0;","L0;","L0;","L0;","L0;","L0;","L0;","S382;∀ {motive : (a : Kant.Onboarding.State) → Kant.Onboarding.Reachable a → Prop}   {a : Kant.Onboarding.State} (t : Kant.Onboarding.Reachable a),   motive Kant.Onboarding.start Kant.Onboarding.Reachable.start →     (∀ {s : Kant.Onboarding.State} (e : Kant.Onboarding.Event) (a : Kant.Onboarding.Reachable s),         motive s a → motive (Kant.Onboarding.step s e) ⋯) →       motive a t","O7;13;source_systemS5;lean411;source_fileS35;RequestProject/Kant/Onboarding.lean13;source_formatS4;text11;imported_atI+0;14;transformed_atI+183;15;transformationsL0;13;parent_objectS0;","bf7f0d3b0bf6a407106329e6f2446eecc6f5d42c5e9d417d71398d940f07e212"
"obj.Kant.Dom.Repair.defaultApplied.sizeOf_spec","theorem","Kant.Dom.Repair.defaultApplied.sizeOf_spec","PROVEN","Eq (Kant.Dom.Repair._sizeOf_inst.sizeOf Kant.Dom.Repair.defaultApplied) 1","L0;","O0;","L0;","L0;","L1;S48;claim.Kant.Dom.Repair.defaultApplied.sizeOf_spec","L0;","L1;S48;proof.Kant.Dom.Repair.defaultApplied.sizeOf_spec","L0;","S73;Eq (Kant.Dom.Repair._sizeOf_inst.sizeOf Kant.Dom.Repair.defaultApplied) 1","O7;13;source_systemS5;lean411;source_fileS38;RequestProject/Kant/Domain/Policy.lean13;source_formatS4;text11;imported_atI+0;14;transformed_atI+0;15;transformationsL0;13;parent_objectS0;","bf64724ff5682b4a53550fa7ff36264d51bd83e1aa23d6047518f3bab4670907"
"obj.Kant.Onboarding.step.eq_8","theorem","Kant.Onboarding.step.eq_8","PROVEN","∀ (s : Kant.Onboarding.State),   Eq (Kant.Onboarding.step s Kant.Onboarding.Event.say)     { screen := s.screen, camera := s.camera, inRoom := s.inRoom, hushed := s.hushed,       progress :=         have __src := s.progress;         { gotIn := __src.gotIn, sharedIt := __src.sharedIt,           saidHello := s.progress.saidHello.or s.inRoom } }","L1;S32;obj.Kant.Onboarding.State.camera","O0;","L0;","L0;","L1;S31;claim.Kant.Onboarding.step.eq_8","L0;","L1;S31;proof.Kant.Onboarding.step.eq_8","L0;","S344;∀ (s : Kant.Onboarding.State),   Eq (Kant.Onboarding.step s Kant.Onboarding.Event.say)     { screen := s.screen, camera := s.camera, inRoom := s.inRoom, hushed := s.hushed,       progress :=         have __src := s.progress;         { gotIn := __src.gotIn, sharedIt := __src.sharedIt,           saidHello := s.progress.saidHello.or s.inRoom } }","O7;13;source_systemS5;lean411;source_fileS35;RequestProject/Kant/Onboarding.lean13;source_formatS4;text11;imported_atI+0;14;transformed_atI+0;15;transformationsL0;13;parent_objectS0;","1bc8ea8b460e6adbd9bb15d18ed82fb8994130fd4d4e04099131de422c82db96"
"obj.Kant.Dom.ProofRec.id","def","Kant.Dom.ProofRec.id","ASSERTED","Kant.Dom.ProofRec → Kant.Dom.Id","L0;","O0;","L0;","L0;","L0;","L0;","L0;","L0;","S31;Kant.Dom.ProofRec → Kant.Dom.Id","O7;13;source_systemS5;lean411;source_fileS37;RequestProject/Kant/Domain/Model.lean13;source_formatS4;text11;imported_atI+0;14;transformed_atI+359;15;transformationsL0;13;parent_objectS0;","6693b97c83f538733a91e14fc93f6c98682404819780ee5900f43ab76cc3473e"
"obj.Kant.Codec.Err.noConfusion","def","Kant.Codec.Err.noConfusion","ASSERTED","{P : Sort u} → {t t' : Kant.Codec.Err} → Eq t t' → Kant.Codec.Err.noConfusionType P t t'","L1;S18;obj.Kant.Codec.Err","O0;","L0;","L0;","L0;","L0;","L0;","L0;","S88;{P : Sort u} → {t t' : Kant.Codec.Err} → Eq t t' → Kant.Codec.Err.noConfusionType P t t'","O7;13;source_systemS5;lean411;source_fileS36;RequestProject/Kant/Codec/Model.lean13;source_formatS4;text11;imported_atI+0;14;transformed_atI+218;15;transformationsL0;13;parent_objectS0;","0abd487aa8dc1af5cc8470038fc9e512b90c80a9987f95cfcb364ee2f59bd36c"
"obj.Kant.Codec.readDigits.eq_1","theorem","Kant.Codec.readDigits.eq_1","PROVEN","∀ (acc : Nat), Eq (Kant.Codec.readDigits acc List.nil) { fst := acc, snd := List.nil }","L0;","O0;","L0;","L0;","L1;S32;claim.Kant.Codec.readDigits.eq_1","L0;","L1;S32;proof.Kant.Codec.readDigits.eq_1","L0;","S86;∀ (acc : Nat), Eq (Kant.Codec.readDigits acc List.nil) { fst := acc, snd := List.nil }","O7;13;source_systemS5;lean411;source_fileS35;RequestProject/Kant/Codec/Yaml.lean13;source_formatS4;text11;imported_atI+0;14;transformed_atI+0;15;transformationsL0;13;parent_objectS0;","f1cd590a17e62c45b3b5a0ecc77a6072d0fa1651bf9a879f1bb3a7bf55423acc"
"obj.Kant.Uucp.Site.mk.noConfusion","def","Kant.Uucp.Site.mk.noConfusion","ASSERTED","{P : Sort u} →   {files files' : List (Prod (List Char) (List Char))} →     Eq { files := files } { files := files' } → (Eq files files' → P) → P","L0;","O0;","L0;","L0;","L0;","L0;","L0;","L0;","S145;{P : Sort u} →   {files files' : List (Prod (List Char) (List Char))} →     Eq { files := files } { files := files' } → (Eq files files' → P) → P","O7;13;source_systemS5;lean411;source_fileS29;RequestProject/Kant/Uucp.lean13;source_formatS4;text11;imported_atI+0;14;transformed_atI+708;15;transformationsL0;13;parent_objectS0;","e76a7a2451ae28fee3bc295ffe486fc19c4b1ea1f2818e50ad3b6906ad610b73"
"obj.Kant.CardDebug.Code.unknown.sizeOf_spec","theorem","Kant.CardDebug.Code.unknown.sizeOf_spec","PROVEN","Eq (Kant.CardDebug.Code._sizeOf_inst.sizeOf Kant.CardDebug.Code.unknown) 1","L0;","O0;","L0;","L0;","L1;S45;claim.Kant.CardDebug.Code.unknown.sizeOf_spec","L0;","L1;S45;proof.Kant.CardDebug.Code.unknown.sizeOf_spec","L0;","S74;Eq (Kant.CardDebug.Code._sizeOf_inst.sizeOf Kant.CardDebug.Code.unknown) 1","O7;13;source_systemS5;lean411;source_fileS34;RequestProject/Kant/CardDebug.lean13;source_formatS4;text11;imported_atI+0;14;transformed_atI+0;15;transformationsL0;13;parent_objectS0;","c2357e57310b1873fde504b89ab10c1092b89b8a59f61fb9967927d4fc062f56"
"obj.Kant.Diagnostics.Level.error.elim","def","Kant.Diagnostics.Level.error.elim","ASSERTED","{motive : Kant.Diagnostics.Level → Sort u} →   (t : Kant.Diagnostics.Level) → Eq t.ctorIdx 2 → motive Kant.Diagnostics.Level.error → motive t","L1;S34;obj.Kant.Diagnostics.Level.ctorIdx","O0;","L0;","L0;","L0;","L0;","L0;","L0;","S141;{motive : Kant.Diagnostics.Level → Sort u} →   (t : Kant.Diagnostics.Level) → Eq t.ctorIdx 2 → motive Kant.Diagnostics.Level.error → motive t","O7;13;source_systemS5;lean411;source_fileS36;RequestProject/Kant/Diagnostics.lean13;source_formatS4;text11;imported_atI+0;14;transformed_atI+69;15;transformationsL0;13;parent_objectS0;","53053afec51c818013b0870bfd3023bbe38850fdada1e5468ac5be8b43b16e11"
"obj.Kant.Cli.route.match_1","def","Kant.Cli.route.match_1","ASSERTED","(motive : Option (Prod (List Char) (List Char)) → Sort u_1) →   (x : Option (Prod (List Char) (List Char))) →     (Unit → motive Option.none) →       ((room q : List Char) → motive (Option.some { fst := room, snd := q })) → motive x","L0;","O0;","L0;","L0;","L0;","L0;","L0;","L0;","S232;(motive : Option (Prod (List Char) (List Char)) → Sort u_1) →   (x : Option (Prod (List Char) (List Char))) →     (Unit → motive Option.none) →       ((room q : List Char) → motive (Option.some { fst := room, snd := q })) → motive x","O7;13;source_systemS5;lean411;source_fileS28;RequestProject/Kant/Cli.lean13;source_formatS4;text11;imported_atI+0;14;transformed_atI+0;15;transformationsL0;13;parent_objectS0;","d27df1ef9ee98f7a77d7073f3c0bc605140141ebd826c8f472306e865a288e6f"
"obj.Kant.Codec.Compat.same.elim","def","Kant.Codec.Compat.same.elim","ASSERTED","{motive : Kant.Codec.Compat → Sort u} →   (t : Kant.Codec.Compat) → Eq t.ctorIdx 0 → motive Kant.Codec.Compat.same → motive t","L1;S30;obj.Kant.Codec.Compat.ctorElim","O0;","L0;","L0;","L0;","L0;","L0;","L0;","S125;{motive : Kant.Codec.Compat → Sort u} →   (t : Kant.Codec.Compat) → Eq t.ctorIdx 0 → motive Kant.Codec.Compat.same → motive t","O7;13;source_systemS5;lean411;source_fileS39;RequestProject/Kant/Codec/Exchange.lean13;source_formatS4;text11;imported_atI+0;14;transformed_atI+265;15;transformationsL0;13;parent_objectS0;","83850b77d0f5a88cf8de58604e8d9357f4b3d1e682ad3fda0c0c63831eec1645"
"obj.Kant.Relay.Server.mk.inj","theorem","Kant.Relay.Server.mk.inj","PROVEN","∀ {rooms rooms_1 : List (Prod (List Char) (List (List Char)))},   Eq { rooms := rooms } { rooms := rooms_1 } → Eq rooms rooms_1","L0;","O0;","L0;","L0;","L1;S30;claim.Kant.Relay.Server.mk.inj","L0;","L1;S30;proof.Kant.Relay.Server.mk.inj","L0;","S127;∀ {rooms rooms_1 : List (Prod (List Char) (List (List Char)))},   Eq { rooms := rooms } { rooms := rooms_1 } → Eq rooms rooms_1","O7;13;source_systemS5;lean411;source_fileS30;RequestProject/Kant/Relay.lean13;source_formatS4;text11;imported_atI+0;14;transformed_atI+0;15;transformationsL0;13;parent_objectS0;","2576fb8b42c74fa6a18de88b5687b2a9161a5cd997e73900e25fa977d514edc3"
"obj.Kant.CodeMovie.Circuit.not.inj","theorem","Kant.CodeMovie.Circuit.not.inj","PROVEN","∀ {c c_1 : Kant.CodeMovie.Circuit}, Eq c.not c_1.not → Eq c c_1","L0;","O0;","L0;","L0;","L1;S36;claim.Kant.CodeMovie.Circuit.not.inj","L0;","L1;S36;proof.Kant.CodeMovie.Circuit.not.inj","L0;","S63;∀ {c c_1 : Kant.CodeMovie.Circuit}, Eq c.not c_1.not → Eq c c_1","O7;13;source_systemS5;lean411;source_fileS34;RequestProject/Kant/CodeMovie.lean13;source_formatS4;text11;imported_atI+0;14;transformed_atI+0;15;transformationsL0;13;parent_objectS0;","155fe36df37baea43778ec3dec71736f9deca192c6328baae00bbd4990121355"
"obj.Kant.Wasm.Decode.stackStep.eq_2","theorem","Kant.Wasm.Decode.stackStep.eq_2","PROVEN","∀ (arity : Nat) (x : List Kant.Wasm.Decode.VType) (i : Nat),   Eq (Kant.Wasm.Decode.stackStep arity x (Kant.Wasm.Decode.RawInstr.localGet i))     (ite (instLTNat.lt i arity) (Option.some (List.cons Kant.Wasm.Decode.VType.i64 x)) Option.none)","L1;S26;obj.Kant.Wasm.Decode.VType","O0;","L0;","L0;","L1;S37;claim.Kant.Wasm.Decode.stackStep.eq_2","L0;","L1;S37;proof.Kant.Wasm.Decode.stackStep.eq_2","L0;","S241;∀ (arity : Nat) (x : List Kant.Wasm.Decode.VType) (i : Nat),   Eq (Kant.Wasm.Decode.stackStep arity x (Kant.Wasm.Decode.RawInstr.localGet i))     (ite (instLTNat.lt i arity) (Option.some (List.cons Kant.Wasm.Decode.VType.i64 x)) Option.none)","O7;13;source_systemS5;lean411;source_fileS31;RequestProject/Wasm/Decode.lean13;source_formatS4;text11;imported_atI+0;14;transformed_atI+0;15;transformationsL0;13;parent_objectS0;","f28859757adb5ae4ba3dfe14c3a81d37146cabeee3b44e3a7b5c429ed0b850dd"
"obj.Kant.Codec.openEnvelope_seal","theorem","Kant.Codec.openEnvelope_seal","PROVEN","∀ (f : Kant.Codec.Fmt) (src dst : List Char) (t : Nat) (o : Kant.Codec.Obj),   Eq (Kant.Codec.openEnvelope (Kant.Codec.sealEnvelope f src dst t o)) (Option.some o)","L2;S27;obj.Kant.Codec.openEnvelopeS24;obj.Kant.Codec.decodeVal","O0;","L0;","L0;","L1;S34;claim.Kant.Codec.openEnvelope_seal","L0;","L1;S34;proof.Kant.Codec.openEnvelope_seal","L0;","S163;∀ (f : Kant.Codec.Fmt) (src dst : List Char) (t : Nat) (o : Kant.Codec.Obj),   Eq (Kant.Codec.openEnvelope (Kant.Codec.sealEnvelope f src dst t o)) (Option.some o)","O7;13;source_systemS5;lean411;source_fileS39;RequestProject/Kant/Codec/Exchange.lean13;source_formatS4;text11;imported_atI+0;14;transformed_atI+169;15;transformationsL0;13;parent_objectS0;","edc5a177906cd9810c48e1e2c4e80906723bd1bb6b0c3b833dfbd3e9ea6de578"
"obj.Kant.Codec.readCsvField.eq_2","theorem","Kant.Codec.readCsvField.eq_2","PROVEN","∀ (rest : List Char),   Eq (Kant.Codec.readCsvField (List.cons '\""' (List.cons '\""' rest)))     (Option.map (fun p => { fst := List.cons '\""' p.fst, snd := p.snd })       (Kant.Codec.readCsvField rest))","L0;","O0;","L0;","L0;","L1;S34;claim.Kant.Codec.readCsvField.eq_2","L0;","L1;S34;proof.Kant.Codec.readCsvField.eq_2","L0;","S202;∀ (rest : List Char),   Eq (Kant.Codec.readCsvField (List.cons '\""' (List.cons '\""' rest)))     (Option.map (fun p => { fst := List.cons '\""' p.fst, snd := p.snd })       (Kant.Codec.readCsvField rest))","O7;13;source_systemS5;lean411;source_fileS34;RequestProject/Kant/Codec/Csv.lean13;source_formatS4;text11;imported_atI+0;14;transformed_atI+0;15;transformationsL0;13;parent_objectS0;","2c1bd62f95095143885cff297b16d840271a6ff110f36a51589d5e25e1dc51ce"
"obj.Kant.Codec.Difference.mk.injEq","theorem","Kant.Codec.Difference.mk.injEq","PROVEN","∀ (path left right kind : List Char) (severity : Kant.Codec.Severity)   (explanation path_1 left_1 right_1 kind_1 : List Char) (severity_1 : Kant.Codec.Severity)   (explanation_1 : List Char),   Eq     (Eq       { path := path, left := left, right := right, kind := kind, severity := severity,         explanation := explanation }       { path := path_1, left := left_1, right := right_1, kind := kind_1, severity := severity_1,         explanation := explanation_1 })     (And (Eq path path_1)       (And (Eq left left_1)         (And (Eq right right_1)           (And (Eq kind kind_1) (And (Eq severity severity_1) (Eq explanation explanation_1))))))","L0;","O0;","L0;","L0;","L1;S36;claim.Kant.Codec.Difference.mk.injEq","L0;","L1;S36;proof.Kant.Codec.Difference.mk.injEq","L0;","S652;∀ (path left right kind : List Char) (severity : Kant.Codec.Severity)   (explanation path_1 left_1 right_1 kind_1 : List Char) (severity_1 : Kant.Codec.Severity)   (explanation_1 : List Char),   Eq     (Eq       { path := path, left := left, right := right, kind := kind, severity := severity,         explanation := explanation }       { path := path_1, left := left_1, right := right_1, kind := kind_1, severity := severity_1,         explanation := explanation_1 })     (And (Eq path path_1)       (And (Eq left left_1)         (And (Eq right right_1)           (And (Eq kind kind_1) (And (Eq severity severity_1) (Eq explanation explanation_1))))))","O7;13;source_systemS5;lean411;source_fileS40;RequestProject/Kant/Codec/Reconcile.lean13;source_formatS4;text11;imported_atI+0;14;transformed_atI+0;15;transformationsL0;13;parent_objectS0;","fb7bab0c1bc902e752a72234b83c89c4ba1e7f44f54673e50be85537f898c252"
"obj.Kant.SiteCard.entry.eq_1","theorem","Kant.SiteCard.entry.eq_1","PROVEN","∀ (key value : List Char),   Eq (Kant.SiteCard.entry key value)     (instHAppendOfAppend.hAppend       (instHAppendOfAppend.hAppend (instHAppendOfAppend.hAppend key "" = "".toList) value)       (List.cons '\n' List.nil))","L0;","O0;","L0;","L0;","L1;S30;claim.Kant.SiteCard.entry.eq_1","L0;","L1;S30;proof.Kant.SiteCard.entry.eq_1","L0;","S218;∀ (key value : List Char),   Eq (Kant.SiteCard.entry key value)     (instHAppendOfAppend.hAppend       (instHAppendOfAppend.hAppend (instHAppendOfAppend.hAppend key "" = "".toList) value)       (List.cons '\n' List.nil))","O7;13;source_systemS5;lean411;source_fileS33;RequestProject/Kant/SiteCard.lean13;source_formatS4;text11;imported_atI+0;14;transformed_atI+0;15;transformationsL0;13;parent_objectS0;","0e988ee4369132e394765363de940970814fdcbd5d211fb1508ac29c40a714be"
"obj.Kant.Codec.readRowVal.eq_2","theorem","Kant.Codec.readRowVal.eq_2","PROVEN","∀ (n : Nat), Eq (Kant.Codec.readRowVal n.succ List.nil) Option.none","L0;","O0;","L0;","L0;","L1;S32;claim.Kant.Codec.readRowVal.eq_2","L0;","L1;S32;proof.Kant.Codec.readRowVal.eq_2","L0;","S67;∀ (n : Nat), Eq (Kant.Codec.readRowVal n.succ List.nil) Option.none","O7;13;source_systemS5;lean411;source_fileS34;RequestProject/Kant/Codec/Csv.lean13;source_formatS4;text11;imported_atI+0;14;transformed_atI+0;15;transformationsL0;13;parent_objectS0;","6d9e2dd4a60040a761a5e11882d48d1c62de289edf5b00653e553dbc4d84962a"
"obj.Kant.Dom.derivedRelations.eq_1","theorem","Kant.Dom.derivedRelations.eq_1","PROVEN","∀ (d : Kant.Dom.Domain),   Eq (Kant.Dom.derivedRelations d)     (List.flatMap       (fun p =>         instHAppendOfAppend.hAppend           (instHAppendOfAppend.hAppend             (instHAppendOfAppend.hAppend               (instHAppendOfAppend.hAppend                 (List.map (fun i => { source := i, kind := Kant.Dom.Rel.inputTo, target := p.id })                   p.inputRefs)                 (List.map (fun o => { source := o, kind := Kant.Dom.Rel.outputOf, target := p.id })                   p.outputRefs))               (List.map (fun o => { source := p.id, kind := Kant.Dom.Rel.proves, target := o })                 p.outputRefs))             (List.map (fun o => { source := o, kind := Kant.Dom.Rel.provenBy, target := p.id })               p.outputRefs))           (List.map (fun q => { source := p.id, kind := Kant.Dom.Rel.dependsOn, target := q })             p.dependsOn))       d.proofs)","L1;S24;obj.Kant.Dom.ProofRec.id","O0;","L0;","L0;","L1;S36;claim.Kant.Dom.derivedRelations.eq_1","L0;","L1;S36;proof.Kant.Dom.derivedRelations.eq_1","L0;","S904;∀ (d : Kant.Dom.Domain),   Eq (Kant.Dom.derivedRelations d)     (List.flatMap       (fun p =>         instHAppendOfAppend.hAppend           (instHAppendOfAppend.hAppend             (instHAppendOfAppend.hAppend               (instHAppendOfAppend.hAppend                 (List.map (fun i => { source := i, kind := Kant.Dom.Rel.inputTo, target := p.id })                   p.inputRefs)                 (List.map (fun o => { source := o, kind := Kant.Dom.Rel.outputOf, target := p.id })                   p.outputRefs))               (List.map (fun o => { source := p.id, kind := Kant.Dom.Rel.proves, target := o })                 p.outputRefs))             (List.map (fun o => { source := o, kind := Kant.Dom.Rel.provenBy, target := p.id })               p.outputRefs))           (List.map (fun q => { source := p.id, kind := Kant.Dom.Rel.dependsOn, target := q })             p.dependsOn))       d.proofs)","O7;13;source_systemS5;lean411;source_fileS38;RequestProject/Kant/Domain/Ledger.lean13;source_formatS4;text11;imported_atI+0;14;transformed_atI+0;15;transformationsL0;13;parent_objectS0;","930de9ef9cc28914d4af8760a4a4b0af4a425149229d9bf20ec9b948604d2ecd"
"obj.Kant.Codec.decodeVal","def","Kant.Codec.decodeVal","ASSERTED","Kant.Codec.Fmt → List Char → Option Kant.Codec.Val","L1;S24;obj.Kant.Codec.csvDecode","O0;","L0;","L0;","L0;","L0;","L0;","L0;","S50;Kant.Codec.Fmt → List Char → Option Kant.Codec.Val","O7;13;source_systemS5;lean411;source_fileS39;RequestProject/Kant/Codec/Exchange.lean13;source_formatS4;text11;imported_atI+0;14;transformed_atI+59;15;transformationsL0;13;parent_objectS0;","87c4ccc849865a789908d9e8183b71eba9db487df165826e244cef62a1843821"
"obj.Kant.Codec.instReprIpdl.repr.match_1","def","Kant.Codec.instReprIpdl.repr.match_1","ASSERTED","(motive : Kant.Codec.Ipdl → Sort u_1) →   (x : Kant.Codec.Ipdl) →     (Unit → motive Kant.Codec.Ipdl.null) →       ((a : Bool) → motive (Kant.Codec.Ipdl.bool a)) →         ((a : Int) → motive (Kant.Codec.Ipdl.int a)) →           ((a : List Char) → motive (Kant.Codec.Ipdl.str a)) →             ((a : List Kant.Codec.Ipdl) → motive (Kant.Codec.Ipdl.list a)) →               ((a : List (Prod (List Char) Kant.Codec.Ipdl)) → motive (Kant.Codec.Ipdl.obj a)) →                 ((a : List Char) → motive (Kant.Codec.Ipdl.ref a)) →                   ((a a_1 : List Char) →                       (a_2 : Kant.Codec.Ipdl) → motive (Kant.Codec.Ipdl.annot a a_1 a_2)) →                     motive x","L0;","O0;","L0;","L0;","L0;","L0;","L0;","L0;","S686;(motive : Kant.Codec.Ipdl → Sort u_1) →   (x : Kant.Codec.Ipdl) →     (Unit → motive Kant.Codec.Ipdl.null) →       ((a : Bool) → motive (Kant.Codec.Ipdl.bool a)) →         ((a : Int) → motive (Kant.Codec.Ipdl.int a)) →           ((a : List Char) → motive (Kant.Codec.Ipdl.str a)) →             ((a : List Kant.Codec.Ipdl) → motive (Kant.Codec.Ipdl.list a)) →               ((a : List (Prod (List Char) Kant.Codec.Ipdl)) → motive (Kant.Codec.Ipdl.obj a)) →                 ((a : List Char) → motive (Kant.Codec.Ipdl.ref a)) →                   ((a a_1 : List Char) →                       (a_2 : Kant.Codec.Ipdl) → motive (Kant.Codec.Ipdl.annot a a_1 a_2)) →                     motive x","O7;13;source_systemS5;lean411;source_fileS35;RequestProject/Kant/Codec/Ipdl.lean13;source_formatS4;text11;imported_atI+0;14;transformed_atI+0;15;transformationsL0;13;parent_objectS0;","e2351fb284023b7fa8bcd9e90279c5ec9a4173bebce53e558a6148df78a76022"
"obj.Kant.Codec.Err","inductive","Kant.Codec.Err","ASSERTED","Type","L0;","O0;","L0;","L0;","L0;","L0;","L0;","L0;","S4;Type","O7;13;source_systemS5;lean411;source_fileS36;RequestProject/Kant/Codec/Model.lean13;source_formatS4;text11;imported_atI+0;14;transformed_atI+218;15;transformationsL0;13;parent_objectS0;","0989933e5d895a383844f89a5605f49b1fddbc92a7719a3e19fd813cc7af87a1"
"obj.Kant.Dom.objectsVal","def","Kant.Dom.objectsVal","ASSERTED","Kant.Dom.Domain → Kant.Codec.Val","L0;","O0;","L0;","L0;","L0;","L0;","L0;","L0;","S32;Kant.Dom.Domain → Kant.Codec.Val","O7;13;source_systemS5;lean411;source_fileS36;RequestProject/Kant/Domain/Emit.lean13;source_formatS4;text11;imported_atI+0;14;transformed_atI+203;15;transformationsL0;13;parent_objectS0;","6d41f890fb021f3f30dbb43dc3c76334c613e26ca768290dc400c7d264eb9c22"
"obj.Kant.Sheaf.EigenSpace.ctorElim","def","Kant.Sheaf.EigenSpace.ctorElim","ASSERTED","{motive : Kant.Sheaf.EigenSpace → Sort u} →   (ctorIdx : Nat) →     (t : Kant.Sheaf.EigenSpace) →       Eq ctorIdx t.ctorIdx → Kant.Sheaf.EigenSpace.ctorElimType ctorIdx → motive t","L0;","O0;","L0;","L0;","L0;","L0;","L0;","L0;","S180;{motive : Kant.Sheaf.EigenSpace → Sort u} →   (ctorIdx : Nat) →     (t : Kant.Sheaf.EigenSpace) →       Eq ctorIdx t.ctorIdx → Kant.Sheaf.EigenSpace.ctorElimType ctorIdx → motive t","O7;13;source_systemS5;lean411;source_fileS30;RequestProject/Kant/Sheaf.lean13;source_formatS4;text11;imported_atI+0;14;transformed_atI+58;15;transformationsL0;13;parent_objectS0;","887bbd2b5567b3fb2ae226c1b6663698b11085366e23188154d3e7b07331d03e"
"obj.Kant.Codec.RawDoc","inductive","Kant.Codec.RawDoc","ASSERTED","Type","L0;","O0;","L0;","L0;","L0;","L0;","L0;","L0;","S4;Type","O7;13;source_systemS5;lean411;source_fileS38;RequestProject/Kant/Codec/RawText.lean13;source_formatS4;text11;imported_atI+0;14;transformed_atI+96;15;transformationsL0;13;parent_objectS0;","c8153fd9005929471117729fcef3d334b9366a60e25aa22dc66c39159c10179a"
"obj.Kant.Pipeline.natsToBlob","def","Kant.Pipeline.natsToBlob","ASSERTED","List Nat → Kant.Bytes.Blob","L0;","O0;","L0;","L0;","L0;","L0;","L0;","L0;","S26;List Nat → Kant.Bytes.Blob","O7;13;source_systemS5;lean411;source_fileS33;RequestProject/Kant/Pipeline.lean13;source_formatS4;text11;imported_atI+0;14;transformed_atI+37;15;transformationsL0;13;parent_objectS0;","8c52977ba1804094157586c20ef3261fb83c6f9c142bfe1a434564db35f6eff5"
"obj.Kant.CardDebug.invite_room","theorem","Kant.CardDebug.invite_room","PROVEN","∀ (i : Kant.Rendezvous.Invite),   Eq (Kant.CardDebug.roomOf? (Kant.CardDebug.Code.invite i)) (Option.some i.room)","L1;S26;obj.Kant.CardDebug.roomOf?","O0;","L0;","L0;","L1;S32;claim.Kant.CardDebug.invite_room","L0;","L1;S32;proof.Kant.CardDebug.invite_room","L0;","S113;∀ (i : Kant.Rendezvous.Invite),   Eq (Kant.CardDebug.roomOf? (Kant.CardDebug.Code.invite i)) (Option.some i.room)","O7;13;source_systemS5;lean411;source_fileS34;RequestProject/Kant/CardDebug.lean13;source_formatS4;text11;imported_atI+0;14;transformed_atI+135;15;transformationsL0;13;parent_objectS0;","4f96c9bd4377353007776aad2c73ce53b10c583a0d3d67eefe6d10e4bc0bad41"
"obj.Kant.Diagnostics.Level.ctorIdx","def","Kant.Diagnostics.Level.ctorIdx","ASSERTED","Kant.Diagnostics.Level → Nat","L0;","O0;","L0;","L0;","L0;","L0;","L0;","L0;","S28;Kant.Diagnostics.Level → Nat","O7;13;source_systemS5;lean411;source_fileS36;RequestProject/Kant/Diagnostics.lean13;source_formatS4;text11;imported_atI+0;14;transformed_atI+0;15;transformationsL0;13;parent_objectS0;","072f1029af6ef029114feacc85520e2695e6f2179efe043bb21f6ff5d6c98bf8"
"obj.Kant.SiteCard.Config.origin","def","Kant.SiteCard.Config.origin","ASSERTED","Kant.SiteCard.Config → List Char","L0;","O0;","L0;","L0;","L0;","L0;","L0;","L0;","S32;Kant.SiteCard.Config → List Char","O7;13;source_systemS5;lean411;source_fileS33;RequestProject/Kant/SiteCard.lean13;source_formatS4;text11;imported_atI+0;14;transformed_atI+137;15;transformationsL0;13;parent_objectS0;","2c4ab05f5d02208dedd1ff1489bc94da78c8778d54125ee76c91f7e2bfcc48b4"
"obj.Kant.Codec.Status.partialResult.sizeOf_spec","theorem","Kant.Codec.Status.partialResult.sizeOf_spec","PROVEN","Eq (Kant.Codec.Status._sizeOf_inst.sizeOf Kant.Codec.Status.partialResult) 1","L0;","O0;","L0;","L0;","L1;S49;claim.Kant.Codec.Status.partialResult.sizeOf_spec","L0;","L1;S49;proof.Kant.Codec.Status.partialResult.sizeOf_spec","L0;","S76;Eq (Kant.Codec.Status._sizeOf_inst.sizeOf Kant.Codec.Status.partialResult) 1","O7;13;source_systemS5;lean411;source_fileS36;RequestProject/Kant/Codec/Model.lean13;source_formatS4;text11;imported_atI+0;14;transformed_atI+0;15;transformationsL0;13;parent_objectS0;","bcd4b10ac982aa43ba147490ef6bf120383d2f601fc359496d1fa5968aa290a6"
"obj.Kant.Rendezvous.Announce.mk.inj","theorem","Kant.Rendezvous.Announce.mk.inj","PROVEN","∀ {peer : List Char} {seq : Nat} {addrs : List Kant.Rendezvous.Address} {peer_1 : List Char}   {seq_1 : Nat} {addrs_1 : List Kant.Rendezvous.Address},   Eq { peer := peer, seq := seq, addrs := addrs }       { peer := peer_1, seq := seq_1, addrs := addrs_1 } →     And (Eq peer peer_1) (And (Eq seq seq_1) (Eq addrs addrs_1))","L0;","O0;","L0;","L0;","L1;S37;claim.Kant.Rendezvous.Announce.mk.inj","L0;","L1;S37;proof.Kant.Rendezvous.Announce.mk.inj","L0;","S324;∀ {peer : List Char} {seq : Nat} {addrs : List Kant.Rendezvous.Address} {peer_1 : List Char}   {seq_1 : Nat} {addrs_1 : List Kant.Rendezvous.Address},   Eq { peer := peer, seq := seq, addrs := addrs }       { peer := peer_1, seq := seq_1, addrs := addrs_1 } →     And (Eq peer peer_1) (And (Eq seq seq_1) (Eq addrs addrs_1))","O7;13;source_systemS5;lean411;source_fileS35;RequestProject/Kant/Rendezvous.lean13;source_formatS4;text11;imported_atI+0;14;transformed_atI+0;15;transformationsL0;13;parent_objectS0;","6ff2d563287bddf37176c213e28d3f404374628d41908e71a432d30e723a0eee"
"obj.Kant.Dasl.rotate71","def","Kant.Dasl.rotate71","ASSERTED","Kant.Dasl.Orbifold → Nat → Kant.Dasl.Orbifold","L0;","O0;","L0;","L0;","L0;","L0;","L0;","L0;","S45;Kant.Dasl.Orbifold → Nat → Kant.Dasl.Orbifold","O7;13;source_systemS5;lean411;source_fileS29;RequestProject/Kant/Dasl.lean13;source_formatS4;text11;imported_atI+0;14;transformed_atI+214;15;transformationsL0;13;parent_objectS0;","b64b0caeac9569573b70e8e8ef035144814c896c4049e1fd8b0ddf362c0ff7ea"
"obj.Kant.Handoff.carry","def","Kant.Handoff.carry","ASSERTED","Kant.Store → List Char → Kant.Store","L0;","O0;","L0;","L0;","L0;","L0;","L0;","L0;","S35;Kant.Store → List Char → Kant.Store","O7;13;source_systemS5;lean411;source_fileS32;RequestProject/Kant/Handoff.lean13;source_formatS4;text11;imported_atI+0;14;transformed_atI+253;15;transformationsL0;13;parent_objectS0;","672032b3be91343688f468eae29bf999daf176f0eead9e70417c05c59ea26713"
"obj.Kant.Sheaf.Encoding.prime.eq_10","theorem","Kant.Sheaf.Encoding.prime.eq_10","PROVEN","Eq Kant.Sheaf.Encoding.dasl.prime 71","L0;","O0;","L0;","L0;","L1;S37;claim.Kant.Sheaf.Encoding.prime.eq_10","L0;","L1;S37;proof.Kant.Sheaf.Encoding.prime.eq_10","L0;","S36;Eq Kant.Sheaf.Encoding.dasl.prime 71","O7;13;source_systemS5;lean411;source_fileS30;RequestProject/Kant/Sheaf.lean13;source_formatS4;text11;imported_atI+0;14;transformed_atI+0;15;transformationsL0;13;parent_objectS0;","97569fac4c40ea000c30438cf39ea183d3944cf45656cbc620feb8cbd45f8849"
"obj.Kant.Strip.readStrip","def","Kant.Strip.readStrip","ASSERTED","List Kant.Stego.Carrier → Option Kant.Clipboard.Envelope","L0;","O0;","L0;","L0;","L0;","L0;","L0;","L0;","S56;List Kant.Stego.Carrier → Option Kant.Clipboard.Envelope","O7;13;source_systemS5;lean411;source_fileS30;RequestProject/Kant/Strip.lean13;source_formatS4;text11;imported_atI+0;14;transformed_atI+94;15;transformationsL0;13;parent_objectS0;","d54622733b4279ac52fae64b537acc1fcf54dc640acf93526212e785d5fec195"
"obj.Kant.Cli.loadUrl_bagUrl","theorem","Kant.Cli.loadUrl_bagUrl","PROVEN","∀ {base : List Char},   Kant.Join.BlankFree base →     Not (List.instMembership.mem base Kant.Clipboard.hash) →       ∀ {ms : List Kant.Relay.Msg},         (∀ (m : Kant.Relay.Msg), List.instMembership.mem ms m → m.Wire) →           Eq (Kant.Cli.loadUrl (Kant.Uucp.bagUrl base ms)) (Kant.Cli.Loaded.bag ms)","L0;","O0;","L0;","L0;","L1;S29;claim.Kant.Cli.loadUrl_bagUrl","L0;","L1;S29;proof.Kant.Cli.loadUrl_bagUrl","L0;","S305;∀ {base : List Char},   Kant.Join.BlankFree base →     Not (List.instMembership.mem base Kant.Clipboard.hash) →       ∀ {ms : List Kant.Relay.Msg},         (∀ (m : Kant.Relay.Msg), List.instMembership.mem ms m → m.Wire) →           Eq (Kant.Cli.loadUrl (Kant.Uucp.bagUrl base ms)) (Kant.Cli.Loaded.bag ms)","O7;13;source_systemS5;lean411;source_fileS28;RequestProject/Kant/Cli.lean13;source_formatS4;text11;imported_atI+0;14;transformed_atI+613;15;transformationsL0;13;parent_objectS0;","5b43fc82bbd56e6a9842ed62313504c5128137db7f7663dcfc8e654168a0e457"
"obj.Kant.Diagnostics.Report.verdict","def","Kant.Diagnostics.Report.verdict","ASSERTED","Kant.Diagnostics.Report → Kant.Connectivity.Verdict","L0;","O0;","L0;","L0;","L0;","L0;","L0;","L0;","S51;Kant.Diagnostics.Report → Kant.Connectivity.Verdict","O7;13;source_systemS5;lean411;source_fileS36;RequestProject/Kant/Diagnostics.lean13;source_formatS4;text11;imported_atI+0;14;transformed_atI+486;15;transformationsL0;13;parent_objectS0;","4696d7179d9e8b738a7f2cb52ec1ca388b4c35d2e7905a7939e9319afe1469be"
"obj.Kant.Feed.paginate_length_le","theorem","Kant.Feed.paginate_length_le","PROVEN","∀ {α : Type} {size : Nat} (xs pg : List α),   List.instMembership.mem (Kant.Feed.paginate size xs) pg → instLENat.le pg.length size","L0;","O0;","L0;","L0;","L1;S34;claim.Kant.Feed.paginate_length_le","L0;","L1;S34;proof.Kant.Feed.paginate_length_le","L0;","S131;∀ {α : Type} {size : Nat} (xs pg : List α),   List.instMembership.mem (Kant.Feed.paginate size xs) pg → instLENat.le pg.length size","O7;13;source_systemS5;lean411;source_fileS29;RequestProject/Kant/Feed.lean13;source_formatS4;text11;imported_atI+0;14;transformed_atI+165;15;transformationsL0;13;parent_objectS0;","35e671539762e9f27d6f493a2f6916455d24d796ebbc5dd4f7c78b051a3521c7"
"obj.Kant.Repost.toQuote_ofQuote","theorem","Kant.Repost.toQuote_ofQuote","PROVEN","∀ {q : Kant.Repost.Quote},   Kant.Repost.QuoteCopyable q → Eq (Kant.Repost.toQuote (Kant.Repost.ofQuote q)) (Option.some q)","L2;S23;obj.Kant.Repost.toQuoteS23;obj.Kant.Repost.ofQuote","O0;","L0;","L0;","L1;S33;claim.Kant.Repost.toQuote_ofQuote","L0;","L1;S33;proof.Kant.Repost.toQuote_ofQuote","L0;","S123;∀ {q : Kant.Repost.Quote},   Kant.Repost.QuoteCopyable q → Eq (Kant.Repost.toQuote (Kant.Repost.ofQuote q)) (Option.some q)","O7;13;source_systemS5;lean411;source_fileS31;RequestProject/Kant/Repost.lean13;source_formatS4;text11;imported_atI+0;14;transformed_atI+94;15;transformationsL0;13;parent_objectS0;","21265577a14a36ef04368fbb070db7d40e02f1b83cac259dd59167f5cce5c672"
"obj.Kant.Relay.Msg.mk.noConfusion","def","Kant.Relay.Msg.mk.noConfusion","ASSERTED","{P : Sort u} →   {room sender : List Char} →     {seq : Nat} →       {body : Kant.Bytes.Blob} →         {room' sender' : List Char} →           {seq' : Nat} →             {body' : Kant.Bytes.Blob} →               Eq { room := room, sender := sender, seq := seq, body := body }                   { room := room', sender := sender', seq := seq', body := body' } →                 (Eq room room' → Eq sender sender' → Eq seq seq' → Eq body body' → P) → P","L0;","O0;","L0;","L0;","L0;","L0;","L0;","L0;","S451;{P : Sort u} →   {room sender : List Char} →     {seq : Nat} →       {body : Kant.Bytes.Blob} →         {room' sender' : List Char} →           {seq' : Nat} →             {body' : Kant.Bytes.Blob} →               Eq { room := room, sender := sender, seq := seq, body := body }                   { room := room', sender := sender', seq := seq', body := body' } →                 (Eq room room' → Eq sender sender' → Eq seq seq' → Eq body body' → P) → P","O7;13;source_systemS5;lean411;source_fileS30;RequestProject/Kant/Relay.lean13;source_formatS4;text11;imported_atI+0;14;transformed_atI+52;15;transformationsL0;13;parent_objectS0;","1f10442b8669fa4a72167486b5c6e1bd089b51a3c3b2257401f8452cbcb62877"
"obj.Kant.Wasm.Decode.instDecidableEqRawInstr.decEq.match_1","def","Kant.Wasm.Decode.instDecidableEqRawInstr.decEq.match_1","ASSERTED","(motive : Kant.Wasm.Decode.RawInstr → Kant.Wasm.Decode.RawInstr → Sort u_1) →   (x x_1 : Kant.Wasm.Decode.RawInstr) →     ((a b : Int) →         motive (Kant.Wasm.Decode.RawInstr.i64const a) (Kant.Wasm.Decode.RawInstr.i64const b)) →       ((n : Int) →           (i : Nat) →             motive (Kant.Wasm.Decode.RawInstr.i64const n) (Kant.Wasm.Decode.RawInstr.localGet i)) →         ((n : Int) →             (op : Kant.Wasm.BinOp) →               motive (Kant.Wasm.Decode.RawInstr.i64const n) (Kant.Wasm.Decode.RawInstr.binop op)) →           ((n : Int) →               (op : Kant.Wasm.CmpOp) →                 motive (Kant.Wasm.Decode.RawInstr.i64const n)                   (Kant.Wasm.Decode.RawInstr.cmpop op)) →             ((n : Int) →                 motive (Kant.Wasm.Decode.RawInstr.i64const n) Kant.Wasm.Decode.RawInstr.extendU) →               ((i : Nat) →                   (n : Int) →                     motive (Kant.Wasm.Decode.RawInstr.localGet i)                       (Kant.Wasm.Decode.RawInstr.i64const n)) →                 ((a b : Nat) →                     motive (Kant.Wasm.Decode.RawInstr.localGet a)                       (Kant.Wasm.Decode.RawInstr.localGet b)) →                   ((i : Nat) →                       (op : Kant.Wasm.BinOp) →                         motive (Kant.Wasm.Decode.RawInstr.localGet i)                           (Kant.Wasm.Decode.RawInstr.binop op)) →                     ((i : Nat) →                         (op : Kant.Wasm.CmpOp) →                           motive (Kant.Wasm.Decode.RawInstr.localGet i)                             (Kant.Wasm.Decode.RawInstr.cmpop op)) →                       ((i : Nat) →                           motive (Kant.Wasm.Decode.RawInstr.localGet i)                             Kant.Wasm.Decode.RawInstr.extendU) →                         ((op : Kant.Wasm.BinOp) →                             (n : Int) →                               motive (Kant.Wasm.Decode.RawInstr.binop op)                                 (Kant.Wasm.Decode.RawInstr.i64const n)) →                           ((op : Kant.Wasm.BinOp) →                               (i : Nat) →                                 motive (Kant.Wasm.Decode.RawInstr.binop op)                                   (Kant.Wasm.Decode.RawInstr.localGet i)) →                             ((a b : Kant.Wasm.BinOp) →                                 motive (Kant.Wasm.Decode.RawInstr.binop a)                                   (Kant.Wasm.Decode.RawInstr.binop b)) →                               ((op : Kant.Wasm.BinOp) →                                   (op_1 : Kant.Wasm.CmpOp) →                                     motive (Kant.Wasm.Decode.RawInstr.binop op)                                       (Kant.Wasm.Decode.RawInstr.cmpop op_1)) →                                 ((op : Kant.Wasm.BinOp) →                                     motive (Kant.Wasm.Decode.RawInstr.binop op)                                       Kant.Wasm.Decode.RawInstr.extendU) →                                   ((op : Kant.Wasm.CmpOp) →                                       (n : Int) →                                         motive (Kant.Wasm.Decode.RawInstr.cmpop op)                                           (Kant.Wasm.Decode.RawInstr.i64const n)) →                                     ((op : Kant.Wasm.CmpOp) →                                         (i : Nat) →                                           motive (Kant.Wasm.Decode.RawInstr.cmpop op)                                             (Kant.Wasm.Decode.RawInstr.localGet i)) →                                       ((op : Kant.Wasm.CmpOp) →                                           (op_1 : Kant.Wasm.BinOp) →                                             motive (Kant.Wasm.Decode.RawInstr.cmpop op)                                               (Kant.Wasm.Decode.RawInstr.binop op_1)) →                                         ((a b : Kant.Wasm.CmpOp) →                                             motive (Kant.Wasm.Decode.RawInstr.cmpop a)                                               (Kant.Wasm.Decode.RawInstr.cmpop b)) →                                           ((op : Kant.Wasm.CmpOp) →                                               motive (Kant.Wasm.Decode.RawInstr.cmpop op)                                                 Kant.Wasm.Decode.RawInstr.extendU) →                                             ((n : Int) →                                                 motive Kant.Wasm.Decode.RawInstr.extendU                                                   (Kant.Wasm.Decode.RawInstr.i64const n)) →                                               ((i : Nat) →                                                   motive Kant.Wasm.Decode.RawInstr.extendU                                                     (Kant.Wasm.Decode.RawInstr.localGet i)) →                                                 ((op : Kant.Wasm.BinOp) →                                                     motive Kant.Wasm.Decode.RawInstr.extendU                                                       (Kant.Wasm.Decode.RawInstr.binop op)) →                                                   ((op : Kant.Wasm.CmpOp) →                                                       motive Kant.Wasm.Decode.RawInstr.extendU                                                         (Kant.Wasm.Decode.RawInstr.cmpop op)) →                                                     (Unit →                                                         motive Kant.Wasm.Decode.RawInstr.extendU                                                           Kant.Wasm.Decode.RawInstr.extendU) →                                                       motive x x_1","L0;","O0;","L0;","L0;","L0;","L0;","L0;","L0;","S5654;(motive : Kant.Wasm.Decode.RawInstr → Kant.Wasm.Decode.RawInstr → Sort u_1) →   (x x_1 : Kant.Wasm.Decode.RawInstr) →     ((a b : Int) →         motive (Kant.Wasm.Decode.RawInstr.i64const a) (Kant.Wasm.Decode.RawInstr.i64const b)) →       ((n : Int) →           (i : Nat) →             motive (Kant.Wasm.Decode.RawInstr.i64const n) (Kant.Wasm.Decode.RawInstr.localGet i)) →         ((n : Int) →             (op : Kant.Wasm.BinOp) →               motive (Kant.Wasm.Decode.RawInstr.i64const n) (Kant.Wasm.Decode.RawInstr.binop op)) →           ((n : Int) →               (op : Kant.Wasm.CmpOp) →                 motive (Kant.Wasm.Decode.RawInstr.i64const n)                   (Kant.Wasm.Decode.RawInstr.cmpop op)) →             ((n : Int) →                 motive (Kant.Wasm.Decode.RawInstr.i64const n) Kant.Wasm.Decode.RawInstr.extendU) →               ((i : Nat) →                   (n : Int) →                     motive (Kant.Wasm.Decode.RawInstr.localGet i)                       (Kant.Wasm.Decode.RawInstr.i64const n)) →                 ((a b : Nat) →                     motive (Kant.Wasm.Decode.RawInstr.localGet a)                       (Kant.Wasm.Decode.RawInstr.localGet b)) →                   ((i : Nat) →                       (op : Kant.Wasm.BinOp) →                         motive (Kant.Wasm.Decode.RawInstr.localGet i)                           (Kant.Wasm.Decode.RawInstr.binop op)) →                     ((i : Nat) →                         (op : Kant.Wasm.CmpOp) →                           motive (Kant.Wasm.Decode.RawInstr.localGet i)                             (Kant.Wasm.Decode.RawInstr.cmpop op)) →                       ((i : Nat) →                           motive (Kant.Wasm.Decode.RawInstr.localGet i)                             Kant.Wasm.Decode.RawInstr.extendU) →                         ((op : Kant.Wasm.BinOp) →                             (n : Int) →                               motive (Kant.Wasm.Decode.RawInstr.binop op)                                 (Kant.Wasm.Decode.RawInstr.i64const n)) →                           ((op : Kant.Wasm.BinOp) →                               (i : Nat) →                                 motive (Kant.Wasm.Decode.RawInstr.binop op)                                   (Kant.Wasm.Decode.RawInstr.localGet i)) →                             ((a b : Kant.Wasm.BinOp) →                                 motive (Kant.Wasm.Decode.RawInstr.binop a)                                   (Kant.Wasm.Decode.RawInstr.binop b)) →                               ((op : Kant.Wasm.BinOp) →                                   (op_1 : Kant.Wasm.CmpOp) →                                     motive (Kant.Wasm.Decode.RawInstr.binop op)                                       (Kant.Wasm.Decode.RawInstr.cmpop op_1)) →                                 ((op : Kant.Wasm.BinOp) →                                     motive (Kant.Wasm.Decode.RawInstr.binop op)                                       Kant.Wasm.Decode.RawInstr.extendU) →                                   ((op : Kant.Wasm.CmpOp) →                                       (n : Int) →                                         motive (Kant.Wasm.Decode.RawInstr.cmpop op)                                           (Kant.Wasm.Decode.RawInstr.i64const n)) →                                     ((op : Kant.Wasm.CmpOp) →                                         (i : Nat) →                                           motive (Kant.Wasm.Decode.RawInstr.cmpop op)                                             (Kant.Wasm.Decode.RawInstr.localGet i)) →                                       ((op : Kant.Wasm.CmpOp) →                                           (op_1 : Kant.Wasm.BinOp) →                                             motive (Kant.Wasm.Decode.RawInstr.cmpop op)                                               (Kant.Wasm.Decode.RawInstr.binop op_1)) →                                         ((a b : Kant.Wasm.CmpOp) →                                             motive (Kant.Wasm.Decode.RawInstr.cmpop a)                                               (Kant.Wasm.Decode.RawInstr.cmpop b)) →                                           ((op : Kant.Wasm.CmpOp) →                                               motive (Kant.Wasm.Decode.RawInstr.cmpop op)                                                 Kant.Wasm.Decode.RawInstr.extendU) →                                             ((n : Int) →                                                 motive Kant.Wasm.Decode.RawInstr.extendU                                                   (Kant.Wasm.Decode.RawInstr.i64const n)) →                                               ((i : Nat) →                                                   motive Kant.Wasm.Decode.RawInstr.extendU                                                     (Kant.Wasm.Decode.RawInstr.localGet i)) →                                                 ((op : Kant.Wasm.BinOp) →                                                     motive Kant.Wasm.Decode.RawInstr.extendU                                                       (Kant.Wasm.Decode.RawInstr.binop op)) →                                                   ((op : Kant.Wasm.CmpOp) →                                                       motive Kant.Wasm.Decode.RawInstr.extendU                                                         (Kant.Wasm.Decode.RawInstr.cmpop op)) →                                                     (Unit →                                                         motive Kant.Wasm.Decode.RawInstr.extendU                                                           Kant.Wasm.Decode.RawInstr.extendU) →                                                       motive x x_1","O7;13;source_systemS5;lean411;source_fileS31;RequestProject/Wasm/Decode.lean13;source_formatS4;text11;imported_atI+0;14;transformed_atI+0;15;transformationsL0;13;parent_objectS0;","5c74d9617fd36868289e1e081bc4bb0bb3c29600b44b280e0bb6665a600ee9b1"
"obj.Kant.Codec.Strategy.preferSource.sizeOf_spec","theorem","Kant.Codec.Strategy.preferSource.sizeOf_spec","PROVEN","Eq (Kant.Codec.Strategy._sizeOf_inst.sizeOf Kant.Codec.Strategy.preferSource) 1","L0;","O0;","L0;","L0;","L1;S50;claim.Kant.Codec.Strategy.preferSource.sizeOf_spec","L0;","L1;S50;proof.Kant.Codec.Strategy.preferSource.sizeOf_spec","L0;","S79;Eq (Kant.Codec.Strategy._sizeOf_inst.sizeOf Kant.Codec.Strategy.preferSource) 1","O7;13;source_systemS5;lean411;source_fileS40;RequestProject/Kant/Codec/Reconcile.lean13;source_formatS4;text11;imported_atI+0;14;transformed_atI+0;15;transformationsL0;13;parent_objectS0;","844a8077e8756cb3c38c1dcdc9cfc5300aa4deeb3ff7a379193dedb50913cdf6"
"obj.Kant.Codec.embed","def","Kant.Codec.embed","ASSERTED","Kant.Codec.Val → Kant.Codec.Ipdl","L0;","O0;","L0;","L0;","L0;","L0;","L0;","L0;","S32;Kant.Codec.Val → Kant.Codec.Ipdl","O7;13;source_systemS5;lean411;source_fileS35;RequestProject/Kant/Codec/Ipdl.lean13;source_formatS4;text11;imported_atI+0;14;transformed_atI+172;15;transformationsL0;13;parent_objectS0;","f61d968dc25d7b9b9d9374e716a4e1d845909d63b30cb4b926a390eee6622866"
"obj.Kant.Uucp.openBag_bag","theorem","Kant.Uucp.openBag_bag","PROVEN","∀ {n : Kant.Uucp.Node}, n.Wired → Eq (Kant.Uucp.openBag n.bag) (Option.some n.view)","L0;","O0;","L0;","L0;","L1;S27;claim.Kant.Uucp.openBag_bag","L0;","L1;S27;proof.Kant.Uucp.openBag_bag","L0;","S83;∀ {n : Kant.Uucp.Node}, n.Wired → Eq (Kant.Uucp.openBag n.bag) (Option.some n.view)","O7;13;source_systemS5;lean411;source_fileS29;RequestProject/Kant/Uucp.lean13;source_formatS4;text11;imported_atI+0;14;transformed_atI+515;15;transformationsL0;13;parent_objectS0;","bdd9d28f3ed235fdf9ae485bffa34292e36199e6465f5c9f0fe844d1c41bb924"
"obj.Kant.Uucp.Site.serve","def","Kant.Uucp.Site.serve","ASSERTED","Kant.Uucp.Site → List Char → Prod Kant.Uucp.Site (Option (List Char))","L0;","O0;","L0;","L0;","L0;","L0;","L0;","L0;","S69;Kant.Uucp.Site → List Char → Prod Kant.Uucp.Site (Option (List Char))","O7;13;source_systemS5;lean411;source_fileS29;RequestProject/Kant/Uucp.lean13;source_formatS4;text11;imported_atI+0;14;transformed_atI+728;15;transformationsL0;13;parent_objectS0;","a1285a44a802f12984b6a186f56979f6227dbed94133d4b3548f6b7adebd6e60"
"obj.Kant.Wasm.BinOp.remu.sizeOf_spec","theorem","Kant.Wasm.BinOp.remu.sizeOf_spec","PROVEN","Eq (Kant.Wasm.BinOp._sizeOf_inst.sizeOf Kant.Wasm.BinOp.remu) 1","L0;","O0;","L0;","L0;","L1;S38;claim.Kant.Wasm.BinOp.remu.sizeOf_spec","L0;","L1;S38;proof.Kant.Wasm.BinOp.remu.sizeOf_spec","L0;","S63;Eq (Kant.Wasm.BinOp._sizeOf_inst.sizeOf Kant.Wasm.BinOp.remu) 1","O7;13;source_systemS5;lean411;source_fileS31;RequestProject/Wasm/Syntax.lean13;source_formatS4;text11;imported_atI+0;14;transformed_atI+0;15;transformationsL0;13;parent_objectS0;","c0fb45880f74763b6eb32c0f63e9f988613915cd7fee4f61b585c0903a2be22e"
"obj.Kant.Dom.ledger","def","Kant.Dom.ledger","ASSERTED","Kant.Dom.Domain → List Kant.Dom.LedgerRow","L0;","O0;","L0;","L0;","L0;","L0;","L0;","L0;","S41;Kant.Dom.Domain → List Kant.Dom.LedgerRow","O7;13;source_systemS5;lean411;source_fileS38;RequestProject/Kant/Domain/Ledger.lean13;source_formatS4;text11;imported_atI+0;14;transformed_atI+173;15;transformationsL0;13;parent_objectS0;","ff3089bc47992b4a48f8e9947ff83f75377db51a4860e8c48154fa24ad9b11af"
"obj.Kant.Onboarding.Event.unhush.elim","def","Kant.Onboarding.Event.unhush.elim","ASSERTED","{motive : Kant.Onboarding.Event → Sort u} →   (t : Kant.Onboarding.Event) → Eq t.ctorIdx 10 → motive Kant.Onboarding.Event.unhush → motive t","L0;","O0;","L0;","L0;","L0;","L0;","L0;","L0;","S140;{motive : Kant.Onboarding.Event → Sort u} →   (t : Kant.Onboarding.Event) → Eq t.ctorIdx 10 → motive Kant.Onboarding.Event.unhush → motive t","O7;13;source_systemS5;lean411;source_fileS35;RequestProject/Kant/Onboarding.lean13;source_formatS4;text11;imported_atI+0;14;transformed_atI+86;15;transformationsL0;13;parent_objectS0;","066e3da57a755c07e32549cd6490744c40c9c721066a0335c73d7ca53fe371ea"
"obj.Kant.Rendezvous.instDecidableEqInvite.decEq","def","Kant.Rendezvous.instDecidableEqInvite.decEq","ASSERTED","(x x_1 : Kant.Rendezvous.Invite) → Decidable (Eq x x_1)","L0;","O0;","L0;","L0;","L0;","L0;","L0;","L0;","S55;(x x_1 : Kant.Rendezvous.Invite) → Decidable (Eq x x_1)","O7;13;source_systemS5;lean411;source_fileS35;RequestProject/Kant/Rendezvous.lean13;source_formatS4;text11;imported_atI+0;14;transformed_atI+448;15;transformationsL0;13;parent_objectS0;","973d59fd3b97f1fb7707514c4fdbfba0984fbf875dbcbc814eb6fbd0b52dc206"
"obj.Kant.Rendezvous.tagInvite","def","Kant.Rendezvous.tagInvite","ASSERTED","Kant.Bytes.Blob","L0;","O0;","L0;","L0;","L0;","L0;","L0;","L0;","S15;Kant.Bytes.Blob","O7;13;source_systemS5;lean411;source_fileS35;RequestProject/Kant/Rendezvous.lean13;source_formatS4;text11;imported_atI+0;14;transformed_atI+462;15;transformationsL0;13;parent_objectS0;","97abeab0053b284fd69f6cd8f07b96dc961650a883ece03583417515ae2c7cc2"
"obj.Kant.Sync.entries_sync_subset","theorem","Kant.Sync.entries_sync_subset","PROVEN","∀ {st : Kant.Store} (ps : List Kant.Paste) (q : Kant.Paste),   List.instMembership.mem (Kant.Sync.sync st ps).entries q →     Or (List.instMembership.mem st.entries q) (List.instMembership.mem ps q)","L0;","O0;","L0;","L0;","L1;S35;claim.Kant.Sync.entries_sync_subset","L0;","L1;S35;proof.Kant.Sync.entries_sync_subset","L0;","S198;∀ {st : Kant.Store} (ps : List Kant.Paste) (q : Kant.Paste),   List.instMembership.mem (Kant.Sync.sync st ps).entries q →     Or (List.instMembership.mem st.entries q) (List.instMembership.mem ps q)","O7;13;source_systemS5;lean411;source_fileS29;RequestProject/Kant/Sync.lean13;source_formatS4;text11;imported_atI+0;14;transformed_atI+95;15;transformationsL0;13;parent_objectS0;","5ec1293bc8b42c67fb39f5b131086174e21f32f22f86850d9691d9093c2c034a"
"obj.Kant.Dom.instDecidableEqClaim.decEq","def","Kant.Dom.instDecidableEqClaim.decEq","ASSERTED","(x x_1 : Kant.Dom.Claim) → Decidable (Eq x x_1)","L0;","O0;","L0;","L0;","L0;","L0;","L0;","L0;","S47;(x x_1 : Kant.Dom.Claim) → Decidable (Eq x x_1)","O7;13;source_systemS5;lean411;source_fileS37;RequestProject/Kant/Domain/Model.lean13;source_formatS4;text11;imported_atI+0;14;transformed_atI+443;15;transformationsL0;13;parent_objectS0;","d2a8fa46f2d1128f23903a9d615e240c35780c63e759becd7e02ef475a299ada"
"obj.Kant.Wasm.Encode.sec_head","theorem","Kant.Wasm.Encode.sec_head","PROVEN","∀ (id : Nat) (content : Kant.Wasm.Encode.Bytes),   Eq (List.head? (Kant.Wasm.Encode.sec id content)) (Option.some (UInt8.ofNat id))","L1;S24;obj.Kant.Wasm.Encode.sec","O0;","L0;","L0;","L1;S31;claim.Kant.Wasm.Encode.sec_head","L0;","L1;S31;proof.Kant.Wasm.Encode.sec_head","L0;","S131;∀ (id : Nat) (content : Kant.Wasm.Encode.Bytes),   Eq (List.head? (Kant.Wasm.Encode.sec id content)) (Option.some (UInt8.ofNat id))","O7;13;source_systemS5;lean411;source_fileS31;RequestProject/Wasm/Encode.lean13;source_formatS4;text11;imported_atI+0;14;transformed_atI+141;15;transformationsL0;13;parent_objectS0;","da4c20769beb790fa83b5387d9b35bfc99e9d3e3fcc6400ddc3794d1026644ba"
"obj.Kant.Paste.timestamp","def","Kant.Paste.timestamp","ASSERTED","Kant.Paste → List Char","L0;","O0;","L0;","L0;","L0;","L0;","L0;","L0;","S22;Kant.Paste → List Char","O7;13;source_systemS5;lean411;source_fileS30;RequestProject/Kant/Paste.lean13;source_formatS4;text11;imported_atI+0;14;transformed_atI+44;15;transformationsL0;13;parent_objectS0;","3ffee122b17d28860f47419c762cbe41bb6db5cd7aad55606a03efa06db9850b"
"obj.Kant.Onboarding.Event.startCamera.elim","def","Kant.Onboarding.Event.startCamera.elim","ASSERTED","{motive : Kant.Onboarding.Event → Sort u} →   (t : Kant.Onboarding.Event) → Eq t.ctorIdx 4 → motive Kant.Onboarding.Event.startCamera → motive t","L0;","O0;","L0;","L0;","L0;","L0;","L0;","L0;","S144;{motive : Kant.Onboarding.Event → Sort u} →   (t : Kant.Onboarding.Event) → Eq t.ctorIdx 4 → motive Kant.Onboarding.Event.startCamera → motive t","O7;13;source_systemS5;lean411;source_fileS35;RequestProject/Kant/Onboarding.lean13;source_formatS4;text11;imported_atI+0;14;transformed_atI+74;15;transformationsL0;13;parent_objectS0;","15d78e5cd802a4077ea10d29cbb1577cfddd47e5312ec0fd97de8b003e862712"
"obj.Kant.CodeMovie.instReprCircuit","def","Kant.CodeMovie.instReprCircuit","ASSERTED","Repr Kant.CodeMovie.Circuit","L0;","O0;","L0;","L0;","L0;","L0;","L0;","L0;","S27;Repr Kant.CodeMovie.Circuit","O7;13;source_systemS5;lean411;source_fileS34;RequestProject/Kant/CodeMovie.lean13;source_formatS4;text11;imported_atI+0;14;transformed_atI+162;15;transformationsL0;13;parent_objectS0;","305cfffe232cd2233047c334644994a063a520ea60b02e29c89928420cd39ea6"
"obj.Kant.Dom.instInhabitedClaim.default","def","Kant.Dom.instInhabitedClaim.default","ASSERTED","Kant.Dom.Claim","L0;","O0;","L0;","L0;","L0;","L0;","L0;","L0;","S14;Kant.Dom.Claim","O7;13;source_systemS5;lean411;source_fileS37;RequestProject/Kant/Domain/Model.lean13;source_formatS4;text11;imported_atI+0;14;transformed_atI+443;15;transformationsL0;13;parent_objectS0;","d590d35a4cc647ab9ee2299bd73f56b8067fa76350717f113e86cb98a72e1d9e"
"obj.Kant.Dom.instReprCert.repr","def","Kant.Dom.instReprCert.repr","ASSERTED","Kant.Dom.Cert → Nat → Std.Format","L0;","O0;","L0;","L0;","L0;","L0;","L0;","L0;","S32;Kant.Dom.Cert → Nat → Std.Format","O7;13;source_systemS5;lean411;source_fileS37;RequestProject/Kant/Domain/Model.lean13;source_formatS4;text11;imported_atI+0;14;transformed_atI+247;15;transformationsL0;13;parent_objectS0;","0ef74d8fbdb8eda05b94077001ee19e3b28fffefd2174ec63ef996af1e2b7309"
"obj.Kant.Cli.join_same_room","theorem","Kant.Cli.join_same_room","PROVEN","∀ {cfg : Kant.SiteCard.Config},   Kant.Join.BlankFree cfg.origin →     ∀ {c : Kant.Cli.Client},       c.invite.Wire →         ∀ (self : List Char),           Eq (Option.map Kant.Cli.Client.room (Kant.Cli.joinText self (Kant.Cli.Client.link cfg c)))             (Option.some c.room)","L1;S31;obj.Kant.SiteCard.Config.origin","O0;","L0;","L0;","L1;S29;claim.Kant.Cli.join_same_room","L0;","L1;S29;proof.Kant.Cli.join_same_room","L0;","S281;∀ {cfg : Kant.SiteCard.Config},   Kant.Join.BlankFree cfg.origin →     ∀ {c : Kant.Cli.Client},       c.invite.Wire →         ∀ (self : List Char),           Eq (Option.map Kant.Cli.Client.room (Kant.Cli.joinText self (Kant.Cli.Client.link cfg c)))             (Option.some c.room)","O7;13;source_systemS5;lean411;source_fileS28;RequestProject/Kant/Cli.lean13;source_formatS4;text11;imported_atI+0;14;transformed_atI+512;15;transformationsL0;13;parent_objectS0;","749625070fe54893ea85330b282980d869e0a521179b369129f97d40115b72c6"
"obj.Kant.Relay.instReprMsg.repr","def","Kant.Relay.instReprMsg.repr","ASSERTED","Kant.Relay.Msg → Nat → Std.Format","L1;S25;obj.Kant.Relay.Msg.sender","O0;","L0;","L0;","L0;","L0;","L0;","L0;","S33;Kant.Relay.Msg → Nat → Std.Format","O7;13;source_systemS5;lean411;source_fileS30;RequestProject/Kant/Relay.lean13;source_formatS4;text11;imported_atI+0;14;transformed_atI+61;15;transformationsL0;13;parent_objectS0;","0dd2d9f0d4a3aaded9cfb66c50a8cda1ea87a3b6c02532b8d6e5ed7b3301019b"
"obj.Kant.Dom.Decl.statement","def","Kant.Dom.Decl.statement","ASSERTED","Kant.Dom.Decl → List Char","L0;","O0;","L0;","L0;","L0;","L0;","L0;","L0;","S25;Kant.Dom.Decl → List Char","O7;13;source_systemS5;lean411;source_fileS39;RequestProject/Kant/Domain/Catalog.lean13;source_formatS4;text11;imported_atI+0;14;transformed_atI+50;15;transformationsL0;13;parent_objectS0;","b5c7663d16fb9427a1c612ac124d411c4fddc2925f0a7ee5017a721756e22daa"
"obj.Kant.Dom.coverageReport_total","theorem","Kant.Dom.coverageReport_total","PROVEN","∀ (d : Kant.Dom.Domain),   Eq     (instHAdd.hAdd       (instHAdd.hAdd         (instHAdd.hAdd (Kant.Dom.summary d).proven (Kant.Dom.summary d).partiallyProven)         (Kant.Dom.summary d).unproven)       (Kant.Dom.summary d).contradicted)     d.objects.length","L1;S26;obj.Kant.Dom.summary_total","O0;","L0;","L0;","L1;S35;claim.Kant.Dom.coverageReport_total","L0;","L1;S35;proof.Kant.Dom.coverageReport_total","L0;","S259;∀ (d : Kant.Dom.Domain),   Eq     (instHAdd.hAdd       (instHAdd.hAdd         (instHAdd.hAdd (Kant.Dom.summary d).proven (Kant.Dom.summary d).partiallyProven)         (Kant.Dom.summary d).unproven)       (Kant.Dom.summary d).contradicted)     d.objects.length","O7;13;source_systemS5;lean411;source_fileS39;RequestProject/Kant/Domain/Package.lean13;source_formatS4;text11;imported_atI+0;14;transformed_atI+212;15;transformationsL0;13;parent_objectS0;","050a963a61905584e9304f3e2919fc6f21cbd84ef54eeca2a86752af682d1d1d"
"obj.Kant.Codec.Err.sourceSystem","def","Kant.Codec.Err.sourceSystem","ASSERTED","Kant.Codec.Err → List Char","L1;S18;obj.Kant.Codec.Err","O0;","L0;","L0;","L0;","L0;","L0;","L0;","S26;Kant.Codec.Err → List Char","O7;13;source_systemS5;lean411;source_fileS36;RequestProject/Kant/Codec/Model.lean13;source_formatS4;text11;imported_atI+0;14;transformed_atI+227;15;transformationsL0;13;parent_objectS0;","429b6013533f4b790bbac3a237da733e2f029b0a5c7b60bb1094ea360bde64f0"
"obj.Kant.Rendezvous.parseAddrFields.eq_def","theorem","Kant.Rendezvous.parseAddrFields.eq_def","PROVEN","∀ (x : List Kant.Bytes.Blob),   Eq (Kant.Rendezvous.parseAddrFields x)     (Kant.Rendezvous.parseAddrFields.match_4 (fun x => Option (List Kant.Rendezvous.Address)) x       (fun _ => Option.some List.nil) fun f fs =>       Kant.Rendezvous.parseAddrFields.match_1 (fun x x_1 => Option (List Kant.Rendezvous.Address))         (Kant.Rendezvous.parseAddrField f) (Kant.Rendezvous.parseAddrFields fs)         (fun a as => Option.some (List.cons a as)) fun x x_1 => Option.none)","L0;","O0;","L0;","L0;","L1;S44;claim.Kant.Rendezvous.parseAddrFields.eq_def","L0;","L1;S44;proof.Kant.Rendezvous.parseAddrFields.eq_def","L0;","S472;∀ (x : List Kant.Bytes.Blob),   Eq (Kant.Rendezvous.parseAddrFields x)     (Kant.Rendezvous.parseAddrFields.match_4 (fun x => Option (List Kant.Rendezvous.Address)) x       (fun _ => Option.some List.nil) fun f fs =>       Kant.Rendezvous.parseAddrFields.match_1 (fun x x_1 => Option (List Kant.Rendezvous.Address))         (Kant.Rendezvous.parseAddrField f) (Kant.Rendezvous.parseAddrFields fs)         (fun a as => Option.some (List.cons a as)) fun x x_1 => Option.none)","O7;13;source_systemS5;lean411;source_fileS35;RequestProject/Kant/Rendezvous.lean13;source_formatS4;text11;imported_atI+0;14;transformed_atI+0;15;transformationsL0;13;parent_objectS0;","efb2794f3ff21cfc8b298350767e7af740042e1cff77f82a37769173b4f41a05"
"obj.Kant.Codec.Obj.extensions","def","Kant.Codec.Obj.extensions","ASSERTED","Kant.Codec.Obj → List (Prod (List Char) Kant.Codec.Val)","L0;","O0;","L0;","L0;","L0;","L0;","L0;","L0;","S55;Kant.Codec.Obj → List (Prod (List Char) Kant.Codec.Val)","O7;13;source_systemS5;lean411;source_fileS36;RequestProject/Kant/Codec/Model.lean13;source_formatS4;text11;imported_atI+0;14;transformed_atI+472;15;transformationsL0;13;parent_objectS0;","5efe30ebc260422c89ca026751d345a725a0cd41e464471ac0b428c234472055"
"obj.Kant.Repost.Quote.recOn","def","Kant.Repost.Quote.recOn","ASSERTED","{motive : Kant.Repost.Quote → Sort u} →   (t : Kant.Repost.Quote) →     ((comment original : Kant.Paste) → motive { comment := comment, original := original }) →       motive t","L0;","O0;","L0;","L0;","L0;","L0;","L0;","L0;","S176;{motive : Kant.Repost.Quote → Sort u} →   (t : Kant.Repost.Quote) →     ((comment original : Kant.Paste) → motive { comment := comment, original := original }) →       motive t","O7;13;source_systemS5;lean411;source_fileS31;RequestProject/Kant/Repost.lean13;source_formatS4;text11;imported_atI+0;14;transformed_atI+52;15;transformationsL0;13;parent_objectS0;","e7a7c35241cc6bd0809fc537c10c3763f50e311b605aaa6e60778df279fa5e61"
