"proof_id","name","kind","status","source_file","source_location","input_refs","assumptions","procedure","output_refs","claim_refs","dependencies","certificate","source","provenance","canonical_hash"
"proof.Kant.Onboarding.Event.startCamera.sizeOf_spec","Kant.Onboarding.Event.startCamera.sizeOf_spec","lean4","VALID","RequestProject/Kant/Onboarding.lean","0","L0;","L0;","elaborated and checked by the Lean kernel","L1;S49;obj.Kant.Onboarding.Event.startCamera.sizeOf_spec","L1;S51;claim.Kant.Onboarding.Event.startCamera.sizeOf_spec","L0;","O4;4;kindS12;lean4-kernel6;digestS64;88e128cdfb596edc6f6969bae722edefc9cb062fb1dd998286dfa334549a62158;locationS35;RequestProject/Kant/Onboarding.lean8;evidenceS15;MACHINE_CHECKED","RequestProject","O7;13;source_systemS5;lean411;source_fileS35;RequestProject/Kant/Onboarding.lean13;source_formatS4;text11;imported_atI+0;14;transformed_atI+0;15;transformationsL0;13;parent_objectS0;","d3cd2f25271c2ae4d1462de6a5f87dc7da1883e66f2553aa44332ff17adb150d"
"proof.Kant.Uucp.Node.mk.sizeOf_spec","Kant.Uucp.Node.mk.sizeOf_spec","lean4","VALID","RequestProject/Kant/Uucp.lean","0","L0;","L0;","elaborated and checked by the Lean kernel","L1;S33;obj.Kant.Uucp.Node.mk.sizeOf_spec","L1;S35;claim.Kant.Uucp.Node.mk.sizeOf_spec","L0;","O4;4;kindS12;lean4-kernel6;digestS64;de52b4e1877896079893ab11587a46a825784d227caf81c5b616b4c5f6f3ca5e8;locationS29;RequestProject/Kant/Uucp.lean8;evidenceS15;MACHINE_CHECKED","RequestProject","O7;13;source_systemS5;lean411;source_fileS29;RequestProject/Kant/Uucp.lean13;source_formatS4;text11;imported_atI+0;14;transformed_atI+0;15;transformationsL0;13;parent_objectS0;","2479bacdb20d24c4e38b8560ae84c78716faf73668540c4a1425e6dae319bb0d"
"proof.Kant.Dom.readCellSep.eq_2","Kant.Dom.readCellSep.eq_2","lean4","VALID","RequestProject/Kant/Domain/Table.lean","0","L0;","L0;","elaborated and checked by the Lean kernel","L1;S29;obj.Kant.Dom.readCellSep.eq_2","L1;S31;claim.Kant.Dom.readCellSep.eq_2","L0;","O4;4;kindS12;lean4-kernel6;digestS64;509fa0d4ad17582c0cb5d74d4e31e1c73f583b14ab2dd02ae2567f0ea73579758;locationS37;RequestProject/Kant/Domain/Table.lean8;evidenceS15;MACHINE_CHECKED","RequestProject","O7;13;source_systemS5;lean411;source_fileS37;RequestProject/Kant/Domain/Table.lean13;source_formatS4;text11;imported_atI+0;14;transformed_atI+0;15;transformationsL0;13;parent_objectS0;","7ae8e51830a0a2e002256fb850a1c92343d1e9847661caa646d2d196d2321b69"
"proof.Kant.Codec.Obj.toVal.eq_1","Kant.Codec.Obj.toVal.eq_1","lean4","VALID","RequestProject/Kant/Codec/Model.lean","0","L4;S29;obj.Kant.Codec.Obj.parametersS31;obj.Kant.Codec.Obj.intermediateS18;obj.Kant.Codec.ErrS29;obj.Kant.Codec.Obj.extensions","L0;","elaborated and checked by the Lean kernel","L1;S29;obj.Kant.Codec.Obj.toVal.eq_1","L1;S31;claim.Kant.Codec.Obj.toVal.eq_1","L4;S31;proof.Kant.Codec.Obj.parametersS33;proof.Kant.Codec.Obj.intermediateS20;proof.Kant.Codec.ErrS31;proof.Kant.Codec.Obj.extensions","O4;4;kindS12;lean4-kernel6;digestS64;6fa1f135dcf07a59be6a8cf89b219d2a122d938ce9bf7c63d97106b5c701d53c8;locationS36;RequestProject/Kant/Codec/Model.lean8;evidenceS15;MACHINE_CHECKED","RequestProject","O7;13;source_systemS5;lean411;source_fileS36;RequestProject/Kant/Codec/Model.lean13;source_formatS4;text11;imported_atI+0;14;transformed_atI+0;15;transformationsL0;13;parent_objectS0;","1a5bf06c189ab87d8be065b43b9cad6add5861c39b15b897936da67c7cb7fc84"
"proof.Kant.SiteCard.Config.mk.inj","Kant.SiteCard.Config.mk.inj","lean4","VALID","RequestProject/Kant/SiteCard.lean","0","L0;","L0;","elaborated and checked by the Lean kernel","L1;S31;obj.Kant.SiteCard.Config.mk.inj","L1;S33;claim.Kant.SiteCard.Config.mk.inj","L0;","O4;4;kindS12;lean4-kernel6;digestS64;00b5e176ff71437ef93ec0513b3eb0990e9e09a92c6aa30cb380870952d9412f8;locationS33;RequestProject/Kant/SiteCard.lean8;evidenceS15;MACHINE_CHECKED","RequestProject","O7;13;source_systemS5;lean411;source_fileS33;RequestProject/Kant/SiteCard.lean13;source_formatS4;text11;imported_atI+0;14;transformed_atI+0;15;transformationsL0;13;parent_objectS0;","24a2a1f68167f5562b780fd8b3e1d1196735788a79d9a990aedcbd8eb1894d53"
"proof.Kant.Codec.canonEncList.eq_def","Kant.Codec.canonEncList.eq_def","lean4","VALID","RequestProject/Kant/Codec/Val.lean","0","L0;","L0;","elaborated and checked by the Lean kernel","L1;S34;obj.Kant.Codec.canonEncList.eq_def","L1;S36;claim.Kant.Codec.canonEncList.eq_def","L0;","O4;4;kindS12;lean4-kernel6;digestS64;57cb084187c31b0c32a271215161bee3fe1861419ff3e48aa33b7c5d195033598;locationS34;RequestProject/Kant/Codec/Val.lean8;evidenceS15;MACHINE_CHECKED","RequestProject","O7;13;source_systemS5;lean411;source_fileS34;RequestProject/Kant/Codec/Val.lean13;source_formatS4;text11;imported_atI+0;14;transformed_atI+0;15;transformationsL0;13;parent_objectS0;","f1b5c37c6d02a02195f7462a33cfb1aeacafb07ec47fe8fbdb3ad6c2abcdfc88"
"proof.Kant.Wasm.Leb128.ulebDec_uleb","Kant.Wasm.Leb128.ulebDec_uleb","lean4","VALID","RequestProject/Wasm/Leb128.lean","49","L0;","L0;","elaborated and checked by the Lean kernel","L1;S33;obj.Kant.Wasm.Leb128.ulebDec_uleb","L1;S35;claim.Kant.Wasm.Leb128.ulebDec_uleb","L0;","O4;4;kindS12;lean4-kernel6;digestS64;3d5acf85f66b0b98098141bda2309007f0bce8b675e22f4e15d43e81dff8cf058;locationS31;RequestProject/Wasm/Leb128.lean8;evidenceS15;MACHINE_CHECKED","RequestProject","O7;13;source_systemS5;lean411;source_fileS31;RequestProject/Wasm/Leb128.lean13;source_formatS4;text11;imported_atI+0;14;transformed_atI+49;15;transformationsL0;13;parent_objectS0;","88c8507142bd8473eeb50153a9328f507bfceba5aba548393bf0c5016718e116"
"proof.Kant.SiteCard.Config.Wf.ascii","Kant.SiteCard.Config.Wf.ascii","lean4","VALID","RequestProject/Kant/SiteCard.lean","168","L1;S31;obj.Kant.SiteCard.Config.origin","L0;","elaborated and checked by the Lean kernel","L1;S33;obj.Kant.SiteCard.Config.Wf.ascii","L1;S35;claim.Kant.SiteCard.Config.Wf.ascii","L1;S33;proof.Kant.SiteCard.Config.origin","O4;4;kindS12;lean4-kernel6;digestS64;3e6d6e35730bf59e448d0396f681e761d9a51764c2350f54ff13fb8ad809e43f8;locationS33;RequestProject/Kant/SiteCard.lean8;evidenceS15;MACHINE_CHECKED","RequestProject","O7;13;source_systemS5;lean411;source_fileS33;RequestProject/Kant/SiteCard.lean13;source_formatS4;text11;imported_atI+0;14;transformed_atI+168;15;transformationsL0;13;parent_objectS0;","6ee9c004c15a8dc12e10ed1b81deb8de2a383f4dbdf0ba3bedd3733f7d5fc7d8"
"proof.Kant.Dasl.rotate71.eq_1","Kant.Dasl.rotate71.eq_1","lean4","VALID","RequestProject/Kant/Dasl.lean","0","L1;S22;obj.Kant.Dasl.rotate71","L0;","elaborated and checked by the Lean kernel","L1;S27;obj.Kant.Dasl.rotate71.eq_1","L1;S29;claim.Kant.Dasl.rotate71.eq_1","L1;S24;proof.Kant.Dasl.rotate71","O4;4;kindS12;lean4-kernel6;digestS64;1d4af7963fb13ab63b3b58bfadb0c4e5ed467627661770a818c44660ea7c564f8;locationS29;RequestProject/Kant/Dasl.lean8;evidenceS15;MACHINE_CHECKED","RequestProject","O7;13;source_systemS5;lean411;source_fileS29;RequestProject/Kant/Dasl.lean13;source_formatS4;text11;imported_atI+0;14;transformed_atI+0;15;transformationsL0;13;parent_objectS0;","ff24a83173248f28380b4e100b63428bef8ef48dec55862e4d80613e7107b011"
"proof.Kant.Dom.FormatReport.mk.injEq","Kant.Dom.FormatReport.mk.injEq","lean4","VALID","RequestProject/Kant/Domain/Emit.lean","0","L0;","L0;","elaborated and checked by the Lean kernel","L1;S34;obj.Kant.Dom.FormatReport.mk.injEq","L1;S36;claim.Kant.Dom.FormatReport.mk.injEq","L0;","O4;4;kindS12;lean4-kernel6;digestS64;8c7cad5ce74295c8f3a0ff6420b61e6f3a48936da7e970d644dab453106c38258;locationS36;RequestProject/Kant/Domain/Emit.lean8;evidenceS15;MACHINE_CHECKED","RequestProject","O7;13;source_systemS5;lean411;source_fileS36;RequestProject/Kant/Domain/Emit.lean13;source_formatS4;text11;imported_atI+0;14;transformed_atI+0;15;transformationsL0;13;parent_objectS0;","2296d970072799ed40eb4676a35c53baa0b88c9553ae3a471fcdb9c1c6c39514"
"proof.Kant.Dom.scanOfVal_scanVal","Kant.Dom.scanOfVal_scanVal","lean4","VALID","RequestProject/Kant/Domain/Catalog.lean","190","L2;S23;obj.Kant.Dom.Decl.ofValS29;obj.Kant.Dom.Decl.ofVal_toVal","L0;","elaborated and checked by the Lean kernel","L1;S30;obj.Kant.Dom.scanOfVal_scanVal","L1;S32;claim.Kant.Dom.scanOfVal_scanVal","L2;S25;proof.Kant.Dom.Decl.ofValS31;proof.Kant.Dom.Decl.ofVal_toVal","O4;4;kindS12;lean4-kernel6;digestS64;e243feed19fbfb209017bf6987837a3fa1ddc366dab8e5f6c2bd1d2f665b7a5d8;locationS39;RequestProject/Kant/Domain/Catalog.lean8;evidenceS15;MACHINE_CHECKED","RequestProject","O7;13;source_systemS5;lean411;source_fileS39;RequestProject/Kant/Domain/Catalog.lean13;source_formatS4;text11;imported_atI+0;14;transformed_atI+190;15;transformationsL0;13;parent_objectS0;","d31dffc6b1a7c6af2f4825451745e18cdf7088f1b0efc7f513d3a5c4fb2f8b52"
"proof.Kant.Dom.citedProof.eq_1","Kant.Dom.citedProof.eq_1","lean4","VALID","RequestProject/Kant/Domain/Ledger.lean","0","L2;S23;obj.Kant.Dom.citedProofS31;obj.Kant.Dom.citedProof.match_1","L0;","elaborated and checked by the Lean kernel","L1;S28;obj.Kant.Dom.citedProof.eq_1","L1;S30;claim.Kant.Dom.citedProof.eq_1","L2;S25;proof.Kant.Dom.citedProofS33;proof.Kant.Dom.citedProof.match_1","O4;4;kindS12;lean4-kernel6;digestS64;9feb5f08ef6ac3fbb12b4efa59f01a54ccbe14ddd12473b162f0cbd4cc8a99c28;locationS38;RequestProject/Kant/Domain/Ledger.lean8;evidenceS15;MACHINE_CHECKED","RequestProject","O7;13;source_systemS5;lean411;source_fileS38;RequestProject/Kant/Domain/Ledger.lean13;source_formatS4;text11;imported_atI+0;14;transformed_atI+0;15;transformationsL0;13;parent_objectS0;","620a62589dcd00ce1efe2784ae9104811dc53f1df1cca868c0c6dcfc41a1269b"
"proof.Kant.SiteCard.readCard.eq_1","Kant.SiteCard.readCard.eq_1","lean4","VALID","RequestProject/Kant/SiteCard.lean","0","L1;S30;obj.Kant.SiteCard.readCardLine","L0;","elaborated and checked by the Lean kernel","L1;S31;obj.Kant.SiteCard.readCard.eq_1","L1;S33;claim.Kant.SiteCard.readCard.eq_1","L1;S32;proof.Kant.SiteCard.readCardLine","O4;4;kindS12;lean4-kernel6;digestS64;1abc3d283b691afc8fe27eb806bf57eb72d53ccf81d4c9b2637dfaecb53f2be98;locationS33;RequestProject/Kant/SiteCard.lean8;evidenceS15;MACHINE_CHECKED","RequestProject","O7;13;source_systemS5;lean411;source_fileS33;RequestProject/Kant/SiteCard.lean13;source_formatS4;text11;imported_atI+0;14;transformed_atI+0;15;transformationsL0;13;parent_objectS0;","04ff20c09539468894f5536fa73e350b95a655b235cb81ce358d464e7c802d51"
"proof.Kant.Cli.Client.link.eq_1","Kant.Cli.Client.link.eq_1","lean4","VALID","RequestProject/Kant/Cli.lean","0","L0;","L0;","elaborated and checked by the Lean kernel","L1;S29;obj.Kant.Cli.Client.link.eq_1","L1;S31;claim.Kant.Cli.Client.link.eq_1","L0;","O4;4;kindS12;lean4-kernel6;digestS64;5657e54fb95bd3ce0fa7e391ae5311056a2fbc0cb5069ff072ca2fee3417ecef8;locationS28;RequestProject/Kant/Cli.lean8;evidenceS15;MACHINE_CHECKED","RequestProject","O7;13;source_systemS5;lean411;source_fileS28;RequestProject/Kant/Cli.lean13;source_formatS4;text11;imported_atI+0;14;transformed_atI+0;15;transformationsL0;13;parent_objectS0;","d3f3564555960c4613ca25aa8c2d5b79350a8b0fa7510ce0a4ae12dca2f5b893"
"proof.Kant.Wasm.BinOp.and.sizeOf_spec","Kant.Wasm.BinOp.and.sizeOf_spec","lean4","VALID","RequestProject/Wasm/Syntax.lean","0","L0;","L0;","elaborated and checked by the Lean kernel","L1;S35;obj.Kant.Wasm.BinOp.and.sizeOf_spec","L1;S37;claim.Kant.Wasm.BinOp.and.sizeOf_spec","L0;","O4;4;kindS12;lean4-kernel6;digestS64;c3af68b2db6cd738384e2a278e54424b1553417884ff631ef64e0741a4149b318;locationS31;RequestProject/Wasm/Syntax.lean8;evidenceS15;MACHINE_CHECKED","RequestProject","O7;13;source_systemS5;lean411;source_fileS31;RequestProject/Wasm/Syntax.lean13;source_formatS4;text11;imported_atI+0;14;transformed_atI+0;15;transformationsL0;13;parent_objectS0;","9facba5e941ac6e3db44769f760073005ee24285b016f9e936530b1ff9d0cd86"
"proof.Kant.Cli.digitsValue_decNum","Kant.Cli.digitsValue_decNum","lean4","VALID","RequestProject/Kant/Cli.lean","110","L0;","L0;","elaborated and checked by the Lean kernel","L1;S31;obj.Kant.Cli.digitsValue_decNum","L1;S33;claim.Kant.Cli.digitsValue_decNum","L0;","O4;4;kindS12;lean4-kernel6;digestS64;687078d95d5a0ac679a2a36ee9a38465d9741bd6431131d8d2bea8c6afdd838f8;locationS28;RequestProject/Kant/Cli.lean8;evidenceS15;MACHINE_CHECKED","RequestProject","O7;13;source_systemS5;lean411;source_fileS28;RequestProject/Kant/Cli.lean13;source_formatS4;text11;imported_atI+0;14;transformed_atI+110;15;transformationsL0;13;parent_objectS0;","a808f9248c68cd649ca7c4511b03b8f7686d94f404f310ca372a253f0c45cd5d"
"proof.Kant.Codec.Trans.ofVal.eq_1","Kant.Codec.Trans.ofVal.eq_1","lean4","VALID","RequestProject/Kant/Codec/Model.lean","0","L4;S19;obj.Kant.Codec.LossS26;obj.Kant.Codec.Loss.ofNameS18;obj.Kant.Codec.ErrS22;obj.Kant.Codec.getList","L0;","elaborated and checked by the Lean kernel","L1;S31;obj.Kant.Codec.Trans.ofVal.eq_1","L1;S33;claim.Kant.Codec.Trans.ofVal.eq_1","L4;S21;proof.Kant.Codec.LossS28;proof.Kant.Codec.Loss.ofNameS20;proof.Kant.Codec.ErrS24;proof.Kant.Codec.getList","O4;4;kindS12;lean4-kernel6;digestS64;04655800adc5d1aec68321ceda255959be8d0895ee77833487f9b42e29a901f78;locationS36;RequestProject/Kant/Codec/Model.lean8;evidenceS15;MACHINE_CHECKED","RequestProject","O7;13;source_systemS5;lean411;source_fileS36;RequestProject/Kant/Codec/Model.lean13;source_formatS4;text11;imported_atI+0;14;transformed_atI+0;15;transformationsL0;13;parent_objectS0;","bf37625f49db175d2af9b9487f58b64a13e2661cbf1b0877bea56bea55b32ce4"
"proof.Kant.Codec.diffFields.eq_4","Kant.Codec.diffFields.eq_4","lean4","VALID","RequestProject/Kant/Codec/Reconcile.lean","0","L1;S22;obj.Kant.Codec.diffVal","L0;","elaborated and checked by the Lean kernel","L1;S30;obj.Kant.Codec.diffFields.eq_4","L1;S32;claim.Kant.Codec.diffFields.eq_4","L1;S24;proof.Kant.Codec.diffVal","O4;4;kindS12;lean4-kernel6;digestS64;7c3e6bf5b1766293cc349e0d1a262e742e426e73d9f1ea8114ccd011cc8bd06a8;locationS40;RequestProject/Kant/Codec/Reconcile.lean8;evidenceS15;MACHINE_CHECKED","RequestProject","O7;13;source_systemS5;lean411;source_fileS40;RequestProject/Kant/Codec/Reconcile.lean13;source_formatS4;text11;imported_atI+0;14;transformed_atI+0;15;transformationsL0;13;parent_objectS0;","d66a2c46275d0dcfc3f8b134d09c13dc82e863a8a5cf97f5dc979b20ded88302"
"proof.Kant.Wasm.Expr.compile.eq_4","Kant.Wasm.Expr.compile.eq_4","lean4","VALID","RequestProject/Wasm/Semantics.lean","0","L0;","L0;","elaborated and checked by the Lean kernel","L1;S31;obj.Kant.Wasm.Expr.compile.eq_4","L1;S33;claim.Kant.Wasm.Expr.compile.eq_4","L0;","O4;4;kindS12;lean4-kernel6;digestS64;2aa1cc94895092f7856444be17576ab85697703fd492b86552b6711536f8986e8;locationS34;RequestProject/Wasm/Semantics.lean8;evidenceS15;MACHINE_CHECKED","RequestProject","O7;13;source_systemS5;lean411;source_fileS34;RequestProject/Wasm/Semantics.lean13;source_formatS4;text11;imported_atI+0;14;transformed_atI+0;15;transformationsL0;13;parent_objectS0;","dffadd9b864bebaab1540d9aff6930fdefeb20add49ebc84e9129742f753bed7"
"proof.Kant.Dom.Domain.ofVal.eq_1","Kant.Dom.Domain.ofVal.eq_1","lean4","VALID","RequestProject/Kant/Domain/Model.lean","0","L2;S22;obj.Kant.Codec.getListS18;obj.Kant.Codec.Err","L0;","elaborated and checked by the Lean kernel","L1;S30;obj.Kant.Dom.Domain.ofVal.eq_1","L1;S32;claim.Kant.Dom.Domain.ofVal.eq_1","L2;S24;proof.Kant.Codec.getListS20;proof.Kant.Codec.Err","O4;4;kindS12;lean4-kernel6;digestS64;32feaf7ffa78b5aa016c0332a710411121cdf8ed389d78b4595f2efe5ae405738;locationS37;RequestProject/Kant/Domain/Model.lean8;evidenceS15;MACHINE_CHECKED","RequestProject","O7;13;source_systemS5;lean411;source_fileS37;RequestProject/Kant/Domain/Model.lean13;source_formatS4;text11;imported_atI+0;14;transformed_atI+0;15;transformationsL0;13;parent_objectS0;","8a25cfb4ebd0a01376c0a972f10d4bd0044dd660239568599783b92295895016"
"proof.Kant.Strip.readStrip_perm","Kant.Strip.readStrip_perm","lean4","VALID","RequestProject/Kant/Strip.lean","123","L1;S24;obj.Kant.Strip.readStrip","L0;","elaborated and checked by the Lean kernel","L1;S29;obj.Kant.Strip.readStrip_perm","L1;S31;claim.Kant.Strip.readStrip_perm","L1;S26;proof.Kant.Strip.readStrip","O4;4;kindS12;lean4-kernel6;digestS64;93713f186eef2ef6c6a3828d20025a3946c81ee970c832ec6164a7e95b4a6b778;locationS30;RequestProject/Kant/Strip.lean8;evidenceS15;MACHINE_CHECKED","RequestProject","O7;13;source_systemS5;lean411;source_fileS30;RequestProject/Kant/Strip.lean13;source_formatS4;text11;imported_atI+0;14;transformed_atI+123;15;transformationsL0;13;parent_objectS0;","ad8aca259bf62290158526bb2ad085a3acee0e6b49ed16b644071345ad896e49"
"proof.Kant.Codec.Loss.ofName_name","Kant.Codec.Loss.ofName_name","lean4","VALID","RequestProject/Kant/Codec/Model.lean","155","L2;S19;obj.Kant.Codec.LossS26;obj.Kant.Codec.Loss.ofName","L0;","elaborated and checked by the Lean kernel","L1;S31;obj.Kant.Codec.Loss.ofName_name","L1;S33;claim.Kant.Codec.Loss.ofName_name","L2;S21;proof.Kant.Codec.LossS28;proof.Kant.Codec.Loss.ofName","O4;4;kindS12;lean4-kernel6;digestS64;dc7455ebefd4f81ed73714b221ae91e58b8c46b17f7cae8837aed7bacefaa3c78;locationS36;RequestProject/Kant/Codec/Model.lean8;evidenceS15;MACHINE_CHECKED","RequestProject","O7;13;source_systemS5;lean411;source_fileS36;RequestProject/Kant/Codec/Model.lean13;source_formatS4;text11;imported_atI+0;14;transformed_atI+155;15;transformationsL0;13;parent_objectS0;","1ab49a444e663fb362722410c1ddd1a0acd4558e24ad355974aa6a392b5c33c6"
"proof.Kant.Wasm.Expr.add.eq_1","Kant.Wasm.Expr.add.eq_1","lean4","VALID","RequestProject/Wasm/KernelSpec.lean","0","L0;","L0;","elaborated and checked by the Lean kernel","L1;S27;obj.Kant.Wasm.Expr.add.eq_1","L1;S29;claim.Kant.Wasm.Expr.add.eq_1","L0;","O4;4;kindS12;lean4-kernel6;digestS64;045d4434d8d3d52bfe39bad1891b435c6bc602dd4fcd8459de618e32f6baae328;locationS35;RequestProject/Wasm/KernelSpec.lean8;evidenceS15;MACHINE_CHECKED","RequestProject","O7;13;source_systemS5;lean411;source_fileS35;RequestProject/Wasm/KernelSpec.lean13;source_formatS4;text11;imported_atI+0;14;transformed_atI+0;15;transformationsL0;13;parent_objectS0;","b0a3a28b0edc4a130693c8b0551ba8f0d115168918c78799c9a4670d150440f6"
"proof.Kant.Dasl.bottCoords_valid","Kant.Dasl.bottCoords_valid","lean4","VALID","RequestProject/Kant/Dasl.lean","304","L0;","L0;","elaborated and checked by the Lean kernel","L1;S30;obj.Kant.Dasl.bottCoords_valid","L1;S32;claim.Kant.Dasl.bottCoords_valid","L0;","O4;4;kindS12;lean4-kernel6;digestS64;044870b7453cbaa5692131adbd5fef1aaba2d21563c8384376975a5d9eb2bf008;locationS29;RequestProject/Kant/Dasl.lean8;evidenceS15;MACHINE_CHECKED","RequestProject","O7;13;source_systemS5;lean411;source_fileS29;RequestProject/Kant/Dasl.lean13;source_formatS4;text11;imported_atI+0;14;transformed_atI+304;15;transformationsL0;13;parent_objectS0;","b050533226536004c76f67102b0a3c07e47f86760ae380ca1e4dd5f1b88ae7cd"
"proof.Kant.Onboarding.prompt_ne_empty","Kant.Onboarding.prompt_ne_empty","lean4","VALID","RequestProject/Kant/Onboarding.lean","294","L0;","L0;","elaborated and checked by the Lean kernel","L1;S35;obj.Kant.Onboarding.prompt_ne_empty","L1;S37;claim.Kant.Onboarding.prompt_ne_empty","L0;","O4;4;kindS12;lean4-kernel6;digestS64;ef5d6e3a67215df54b8dc171b7809e2eae93057846417bdf59ba3c895d2401308;locationS35;RequestProject/Kant/Onboarding.lean8;evidenceS15;MACHINE_CHECKED","RequestProject","O7;13;source_systemS5;lean411;source_fileS35;RequestProject/Kant/Onboarding.lean13;source_formatS4;text11;imported_atI+0;14;transformed_atI+294;15;transformationsL0;13;parent_objectS0;","32346339b80bfcfcfc0684fc9b888b3f21f99c932af6a742289408c337c7a185"
"proof.Kant.InviteCard.Dress.Wf.caption","Kant.InviteCard.Dress.Wf.caption","lean4","VALID","RequestProject/Kant/InviteCard.lean","137","L0;","L0;","elaborated and checked by the Lean kernel","L1;S36;obj.Kant.InviteCard.Dress.Wf.caption","L1;S38;claim.Kant.InviteCard.Dress.Wf.caption","L0;","O4;4;kindS12;lean4-kernel6;digestS64;210e2d409d7795f24d549cfd3db47be5a51272cea664eb50849598f55acfa3bb8;locationS35;RequestProject/Kant/InviteCard.lean8;evidenceS15;MACHINE_CHECKED","RequestProject","O7;13;source_systemS5;lean411;source_fileS35;RequestProject/Kant/InviteCard.lean13;source_formatS4;text11;imported_atI+0;14;transformed_atI+137;15;transformationsL0;13;parent_objectS0;","cd79fb96ba2d98785c615801ba7ffa3bb32e96f7a28ee37edf8fae5a3187df41"
"proof.Kant.Relay.Server.fetch_since","Kant.Relay.Server.fetch_since","lean4","VALID","RequestProject/Kant/Relay.lean","226","L0;","L0;","elaborated and checked by the Lean kernel","L1;S33;obj.Kant.Relay.Server.fetch_since","L1;S35;claim.Kant.Relay.Server.fetch_since","L0;","O4;4;kindS12;lean4-kernel6;digestS64;9db1e4ae3bccd4f3fb45631d7465710c37c805d253bf8f49526f278fe7584f1a8;locationS30;RequestProject/Kant/Relay.lean8;evidenceS15;MACHINE_CHECKED","RequestProject","O7;13;source_systemS5;lean411;source_fileS30;RequestProject/Kant/Relay.lean13;source_formatS4;text11;imported_atI+0;14;transformed_atI+226;15;transformationsL0;13;parent_objectS0;","bb42aaa054b287d31a3d808d97e2c7a09b54c8b7cdb203b92abce820b5bc9186"
"proof.Kant.Dom.proofsOfTable.eq_1","Kant.Dom.proofsOfTable.eq_1","lean4","VALID","RequestProject/Kant/Domain/Table.lean","0","L0;","L0;","elaborated and checked by the Lean kernel","L1;S31;obj.Kant.Dom.proofsOfTable.eq_1","L1;S33;claim.Kant.Dom.proofsOfTable.eq_1","L0;","O4;4;kindS12;lean4-kernel6;digestS64;b8ead83ec981c63571702f7736c99e36bcd96bd6c57966ff8fb3edfc7caa16c88;locationS37;RequestProject/Kant/Domain/Table.lean8;evidenceS15;MACHINE_CHECKED","RequestProject","O7;13;source_systemS5;lean411;source_fileS37;RequestProject/Kant/Domain/Table.lean13;source_formatS4;text11;imported_atI+0;14;transformed_atI+0;15;transformationsL0;13;parent_objectS0;","b3f1a15fa571e59dc17ade318ba92b5ae693c1bd592ca357e2a2c53231272614"
"proof.Kant.Rendezvous.Invite.Wire.relay","Kant.Rendezvous.Invite.Wire.relay","lean4","VALID","RequestProject/Kant/Rendezvous.lean","456","L0;","L0;","elaborated and checked by the Lean kernel","L1;S37;obj.Kant.Rendezvous.Invite.Wire.relay","L1;S39;claim.Kant.Rendezvous.Invite.Wire.relay","L0;","O4;4;kindS12;lean4-kernel6;digestS64;5d4a6b015faafc05d965b67400f6b2aa9841403c3dac82db1663f2b652ac76188;locationS35;RequestProject/Kant/Rendezvous.lean8;evidenceS15;MACHINE_CHECKED","RequestProject","O7;13;source_systemS5;lean411;source_fileS35;RequestProject/Kant/Rendezvous.lean13;source_formatS4;text11;imported_atI+0;14;transformed_atI+456;15;transformationsL0;13;parent_objectS0;","a2a5f8feef5a25c1bb7a633de95559de7d32f03026a6ec7b1ed350580db11018"
"proof.Kant.Diagnostics.share_keeps","Kant.Diagnostics.share_keeps","lean4","VALID","RequestProject/Kant/Diagnostics.lean","459","L0;","L0;","elaborated and checked by the Lean kernel","L1;S32;obj.Kant.Diagnostics.share_keeps","L1;S34;claim.Kant.Diagnostics.share_keeps","L0;","O4;4;kindS12;lean4-kernel6;digestS64;76b1646de9dab3338912ad337e491324b5ed4442244ed181451d74cbbe373afa8;locationS36;RequestProject/Kant/Diagnostics.lean8;evidenceS15;MACHINE_CHECKED","RequestProject","O7;13;source_systemS5;lean411;source_fileS36;RequestProject/Kant/Diagnostics.lean13;source_formatS4;text11;imported_atI+0;14;transformed_atI+459;15;transformationsL0;13;parent_objectS0;","852053a97bdcf66acc4f9b9d51915e7da94c50f237945244f6db90ebe151f557"
"proof.Kant.Dom.readCellSep_csvField","Kant.Dom.readCellSep_csvField","lean4","VALID","RequestProject/Kant/Domain/Table.lean","44","L1;S23;obj.Kant.Codec.csvField","L0;","elaborated and checked by the Lean kernel","L1;S33;obj.Kant.Dom.readCellSep_csvField","L1;S35;claim.Kant.Dom.readCellSep_csvField","L1;S25;proof.Kant.Codec.csvField","O4;4;kindS12;lean4-kernel6;digestS64;d474bb1dcd3d42d0167a8b3b31d8801fb76771694126a8929b0b55f43ebdcd418;locationS37;RequestProject/Kant/Domain/Table.lean8;evidenceS15;MACHINE_CHECKED","RequestProject","O7;13;source_systemS5;lean411;source_fileS37;RequestProject/Kant/Domain/Table.lean13;source_formatS4;text11;imported_atI+0;14;transformed_atI+44;15;transformationsL0;13;parent_objectS0;","ce5aa752187a89d1992ccf690c712bce981bd7fb7a4c280b54f9b442983e9b88"
"proof.Kant.Dom.relationOfRow_relationRow","Kant.Dom.relationOfRow_relationRow","lean4","VALID","RequestProject/Kant/Domain/Table.lean","415","L0;","L0;","elaborated and checked by the Lean kernel","L1;S38;obj.Kant.Dom.relationOfRow_relationRow","L1;S40;claim.Kant.Dom.relationOfRow_relationRow","L0;","O4;4;kindS12;lean4-kernel6;digestS64;a887f988ad6f15b151e78030024ff332b313c3c5ac80cbbb79fd13ca983bddb48;locationS37;RequestProject/Kant/Domain/Table.lean8;evidenceS15;MACHINE_CHECKED","RequestProject","O7;13;source_systemS5;lean411;source_fileS37;RequestProject/Kant/Domain/Table.lean13;source_formatS4;text11;imported_atI+0;14;transformed_atI+415;15;transformationsL0;13;parent_objectS0;","3e11033388b2f232054fbbfeb0a3f2d5b8f9f70df125a02cd86a7194eef07f4f"
"proof.Kant.Codec.importReport_bytes","Kant.Codec.importReport_bytes","lean4","VALID","RequestProject/Kant/Codec/Exchange.lean","206","L0;","L0;","elaborated and checked by the Lean kernel","L1;S33;obj.Kant.Codec.importReport_bytes","L1;S35;claim.Kant.Codec.importReport_bytes","L0;","O4;4;kindS12;lean4-kernel6;digestS64;4904251382c56a421cee573c69fd12097275ef01e83257ac23eadcded4f42f2b8;locationS39;RequestProject/Kant/Codec/Exchange.lean8;evidenceS15;MACHINE_CHECKED","RequestProject","O7;13;source_systemS5;lean411;source_fileS39;RequestProject/Kant/Codec/Exchange.lean13;source_formatS4;text11;imported_atI+0;14;transformed_atI+206;15;transformationsL0;13;parent_objectS0;","6f3b6c9500ddf438840c3280d1f959fb1e3e5875eebff4be69883ab2920ed781"
"proof.Kant.SiteCard.breakAt.eq_def","Kant.SiteCard.breakAt.eq_def","lean4","VALID","RequestProject/Kant/SiteCard.lean","0","L0;","L0;","elaborated and checked by the Lean kernel","L1;S32;obj.Kant.SiteCard.breakAt.eq_def","L1;S34;claim.Kant.SiteCard.breakAt.eq_def","L0;","O4;4;kindS12;lean4-kernel6;digestS64;99bd49cef4c9b004c50c5346369adfb33200770a96f4c0425c174450ef1004698;locationS33;RequestProject/Kant/SiteCard.lean8;evidenceS15;MACHINE_CHECKED","RequestProject","O7;13;source_systemS5;lean411;source_fileS33;RequestProject/Kant/SiteCard.lean13;source_formatS4;text11;imported_atI+0;14;transformed_atI+0;15;transformationsL0;13;parent_objectS0;","df1b703ae87e54e515e2e3311fc5dd42161ba342c92bc7df6c95e56a6c4623bc"
"proof.Kant.Codec.stripPrefix_objClose_entry","Kant.Codec.stripPrefix_objClose_entry","lean4","VALID","RequestProject/Kant/Codec/Xml.lean","286","L0;","L0;","elaborated and checked by the Lean kernel","L1;S41;obj.Kant.Codec.stripPrefix_objClose_entry","L1;S43;claim.Kant.Codec.stripPrefix_objClose_entry","L0;","O4;4;kindS12;lean4-kernel6;digestS64;e39c0d0fcf71d76963ae8ff12c72c30a8bf544d686632f3b2baf5b824d93dcd48;locationS34;RequestProject/Kant/Codec/Xml.lean8;evidenceS15;MACHINE_CHECKED","RequestProject","O7;13;source_systemS5;lean411;source_fileS34;RequestProject/Kant/Codec/Xml.lean13;source_formatS4;text11;imported_atI+0;14;transformed_atI+286;15;transformationsL0;13;parent_objectS0;","fda1d4d7f9cd53fb2af3300d6cbd65c8b71f25b732389d2145f03ca3fa002cee"
"proof.Kant.Sheaf.DaslType.tag_lt","Kant.Sheaf.DaslType.tag_lt","lean4","VALID","RequestProject/Kant/Sheaf.lean","47","L0;","L0;","elaborated and checked by the Lean kernel","L1;S30;obj.Kant.Sheaf.DaslType.tag_lt","L1;S32;claim.Kant.Sheaf.DaslType.tag_lt","L0;","O4;4;kindS12;lean4-kernel6;digestS64;2eed629f45eb752419695b817a5d0c1331f9077ccb1f53b2aacf0c73544877898;locationS30;RequestProject/Kant/Sheaf.lean8;evidenceS15;MACHINE_CHECKED","RequestProject","O7;13;source_systemS5;lean411;source_fileS30;RequestProject/Kant/Sheaf.lean13;source_formatS4;text11;imported_atI+0;14;transformed_atI+47;15;transformationsL0;13;parent_objectS0;","07f694fd353d6a7f49970a4f125cf10cfb00d1d3bddb5c657193e591b1dc2972"
"proof.Kant.Dom.LedgerRow.mk.injEq","Kant.Dom.LedgerRow.mk.injEq","lean4","VALID","RequestProject/Kant/Domain/Ledger.lean","0","L0;","L0;","elaborated and checked by the Lean kernel","L1;S31;obj.Kant.Dom.LedgerRow.mk.injEq","L1;S33;claim.Kant.Dom.LedgerRow.mk.injEq","L0;","O4;4;kindS12;lean4-kernel6;digestS64;052f549519cb6109123849e089c5802a2a2320e116cfa6d3323683986c61dd7c8;locationS38;RequestProject/Kant/Domain/Ledger.lean8;evidenceS15;MACHINE_CHECKED","RequestProject","O7;13;source_systemS5;lean411;source_fileS38;RequestProject/Kant/Domain/Ledger.lean13;source_formatS4;text11;imported_atI+0;14;transformed_atI+0;15;transformationsL0;13;parent_objectS0;","f8d83b5ed6614774ef368aa758b318c767786b690d820b5a7a54398f0b6d022d"
"proof.Kant.Wasm.Decode.instrDec_instr","Kant.Wasm.Decode.instrDec_instr","lean4","VALID","RequestProject/Wasm/Decode.lean","387","L2;S25;obj.Kant.Wasm.Leb128.slebS33;obj.Kant.Wasm.Leb128.ulebDec_uleb","L0;","elaborated and checked by the Lean kernel","L1;S35;obj.Kant.Wasm.Decode.instrDec_instr","L1;S37;claim.Kant.Wasm.Decode.instrDec_instr","L2;S27;proof.Kant.Wasm.Leb128.slebS35;proof.Kant.Wasm.Leb128.ulebDec_uleb","O4;4;kindS12;lean4-kernel6;digestS64;513f1b1170e2c315c320bef0d49d527ee3ca00175135af27a97cd23304690b488;locationS31;RequestProject/Wasm/Decode.lean8;evidenceS15;MACHINE_CHECKED","RequestProject","O7;13;source_systemS5;lean411;source_fileS31;RequestProject/Wasm/Decode.lean13;source_formatS4;text11;imported_atI+0;14;transformed_atI+387;15;transformationsL0;13;parent_objectS0;","5098851a917aa4dd92d5dca8c58d5ffa09069bbaa1b8cd17c55f707f8876a934"
"proof.Kant.Meme.Template.mk.injEq","Kant.Meme.Template.mk.injEq","lean4","VALID","RequestProject/Kant/Meme.lean","0","L0;","L0;","elaborated and checked by the Lean kernel","L1;S31;obj.Kant.Meme.Template.mk.injEq","L1;S33;claim.Kant.Meme.Template.mk.injEq","L0;","O4;4;kindS12;lean4-kernel6;digestS64;b1bb564c500d26e4ec9ea8725e95981bfc2c56307b0acc326f05bd557be943d18;locationS29;RequestProject/Kant/Meme.lean8;evidenceS15;MACHINE_CHECKED","RequestProject","O7;13;source_systemS5;lean411;source_fileS29;RequestProject/Kant/Meme.lean13;source_formatS4;text11;imported_atI+0;14;transformed_atI+0;15;transformationsL0;13;parent_objectS0;","44eb99ef594693ff996119deec9a123c5bd65c6da1335d05b43f20f7fa500a42"
"proof.Kant.Wasm.Decode.typecheck_append","Kant.Wasm.Decode.typecheck_append","lean4","VALID","RequestProject/Wasm/Decode.lean","587","L2;S26;obj.Kant.Wasm.Decode.VTypeS38;obj.Kant.Wasm.Decode.typecheck.match_1","L0;","elaborated and checked by the Lean kernel","L1;S37;obj.Kant.Wasm.Decode.typecheck_append","L1;S39;claim.Kant.Wasm.Decode.typecheck_append","L2;S28;proof.Kant.Wasm.Decode.VTypeS40;proof.Kant.Wasm.Decode.typecheck.match_1","O4;4;kindS12;lean4-kernel6;digestS64;3d6841f1a705ffee8e91521c90b9c50d10846de33f1717d094c3529378c3ae378;locationS31;RequestProject/Wasm/Decode.lean8;evidenceS15;MACHINE_CHECKED","RequestProject","O7;13;source_systemS5;lean411;source_fileS31;RequestProject/Wasm/Decode.lean13;source_formatS4;text11;imported_atI+0;14;transformed_atI+587;15;transformationsL0;13;parent_objectS0;","18138267be916b3f98db7e61145e739cf47cadeb690c9a853c5f7053a4c629e2"
"proof.Kant.Onboarding.Progress.mk.sizeOf_spec","Kant.Onboarding.Progress.mk.sizeOf_spec","lean4","VALID","RequestProject/Kant/Onboarding.lean","0","L0;","L0;","elaborated and checked by the Lean kernel","L1;S43;obj.Kant.Onboarding.Progress.mk.sizeOf_spec","L1;S45;claim.Kant.Onboarding.Progress.mk.sizeOf_spec","L0;","O4;4;kindS12;lean4-kernel6;digestS64;5ae40b39387b756bf9cdc7a6642050acad94b7e85234c541f6e103716e358faa8;locationS35;RequestProject/Kant/Onboarding.lean8;evidenceS15;MACHINE_CHECKED","RequestProject","O7;13;source_systemS5;lean411;source_fileS35;RequestProject/Kant/Onboarding.lean13;source_formatS4;text11;imported_atI+0;14;transformed_atI+0;15;transformationsL0;13;parent_objectS0;","9ba7bb4d177dc2c1e9087d4d6c4d223ecd451af21e533f3bf93e5ed4de3acfb8"
"proof.Kant.Dom.objectOfRow_objectRow","Kant.Dom.objectOfRow_objectRow","lean4","VALID","RequestProject/Kant/Domain/Table.lean","334","L2;S20;obj.Kant.Dom.encProvS32;obj.Kant.Dom.decFields_encFields","L0;","elaborated and checked by the Lean kernel","L1;S34;obj.Kant.Dom.objectOfRow_objectRow","L1;S36;claim.Kant.Dom.objectOfRow_objectRow","L2;S22;proof.Kant.Dom.encProvS34;proof.Kant.Dom.decFields_encFields","O4;4;kindS12;lean4-kernel6;digestS64;9b62beb85485ea08c276f78e36ac87c78636f2dff3126206609b0d801f56e13d8;locationS37;RequestProject/Kant/Domain/Table.lean8;evidenceS15;MACHINE_CHECKED","RequestProject","O7;13;source_systemS5;lean411;source_fileS37;RequestProject/Kant/Domain/Table.lean13;source_formatS4;text11;imported_atI+0;14;transformed_atI+334;15;transformationsL0;13;parent_objectS0;","b54a7c56536b99e3cbc77828e17d0700411dcb73e6368ee99305468d84f35986"
"proof.Kant.CodeMovie.Circuit.run.eq_5","Kant.CodeMovie.Circuit.run.eq_5","lean4","VALID","RequestProject/Kant/CodeMovie.lean","0","L0;","L0;","elaborated and checked by the Lean kernel","L1;S35;obj.Kant.CodeMovie.Circuit.run.eq_5","L1;S37;claim.Kant.CodeMovie.Circuit.run.eq_5","L0;","O4;4;kindS12;lean4-kernel6;digestS64;c99994b6a044fc6c2668600856aabe0328372f668437d1a2cb20d97b7d3b4b818;locationS34;RequestProject/Kant/CodeMovie.lean8;evidenceS15;MACHINE_CHECKED","RequestProject","O7;13;source_systemS5;lean411;source_fileS34;RequestProject/Kant/CodeMovie.lean13;source_formatS4;text11;imported_atI+0;14;transformed_atI+0;15;transformationsL0;13;parent_objectS0;","e444a2477d07592a6934092e334a64ddeb94994036ef1404897e7e4517a24d37"
"proof.Kant.Codec.diffList.eq_def","Kant.Codec.diffList.eq_def","lean4","VALID","RequestProject/Kant/Codec/Reconcile.lean","0","L1;S22;obj.Kant.Codec.diffVal","L0;","elaborated and checked by the Lean kernel","L1;S30;obj.Kant.Codec.diffList.eq_def","L1;S32;claim.Kant.Codec.diffList.eq_def","L1;S24;proof.Kant.Codec.diffVal","O4;4;kindS12;lean4-kernel6;digestS64;3d6a3724cf56a4cf8fbd6fd9f4fb2fb0bafea74f6e99a00538d779896691f41e8;locationS40;RequestProject/Kant/Codec/Reconcile.lean8;evidenceS15;MACHINE_CHECKED","RequestProject","O7;13;source_systemS5;lean411;source_fileS40;RequestProject/Kant/Codec/Reconcile.lean13;source_formatS4;text11;imported_atI+0;14;transformed_atI+0;15;transformationsL0;13;parent_objectS0;","088d1216d25c4793c63b00923759b00016d0e89057d748b971f0bd9a6546a926"
"proof.Kant.SiteCard.Config.Wf.caption","Kant.SiteCard.Config.Wf.caption","lean4","VALID","RequestProject/Kant/SiteCard.lean","160","L0;","L0;","elaborated and checked by the Lean kernel","L1;S35;obj.Kant.SiteCard.Config.Wf.caption","L1;S37;claim.Kant.SiteCard.Config.Wf.caption","L0;","O4;4;kindS12;lean4-kernel6;digestS64;e70f5ffeea9112f8b0f4dd180b5e6cc397339b140082d6b240824c48c5ff8dc58;locationS33;RequestProject/Kant/SiteCard.lean8;evidenceS15;MACHINE_CHECKED","RequestProject","O7;13;source_systemS5;lean411;source_fileS33;RequestProject/Kant/SiteCard.lean13;source_formatS4;text11;imported_atI+0;14;transformed_atI+160;15;transformationsL0;13;parent_objectS0;","f14b01c4b41f2c48131f855be7a60c6b56457313d78a268e91c25d22825f3731"
"proof.Kant.Sync.Source.ofNat_ctorIdx","Kant.Sync.Source.ofNat_ctorIdx","lean4","VALID","RequestProject/Kant/Sync.lean","0","L1;S20;obj.Kant.Sync.Source","L0;","elaborated and checked by the Lean kernel","L1;S34;obj.Kant.Sync.Source.ofNat_ctorIdx","L1;S36;claim.Kant.Sync.Source.ofNat_ctorIdx","L1;S22;proof.Kant.Sync.Source","O4;4;kindS12;lean4-kernel6;digestS64;4e80053af3f3deede56d26ea2f0aa2f62d935a22d56be59f7603e9079b8466208;locationS29;RequestProject/Kant/Sync.lean8;evidenceS15;MACHINE_CHECKED","RequestProject","O7;13;source_systemS5;lean411;source_fileS29;RequestProject/Kant/Sync.lean13;source_formatS4;text11;imported_atI+0;14;transformed_atI+0;15;transformationsL0;13;parent_objectS0;","521bc63e9444da825224d705d4ee9c659350df3fa455b3bccaa084ad41da221f"
"proof.Kant.CardDebug.explain_ne_nil","Kant.CardDebug.explain_ne_nil","lean4","VALID","RequestProject/Kant/CardDebug.lean","321","L1;S26;obj.Kant.CardDebug.Pairing","L0;","elaborated and checked by the Lean kernel","L1;S33;obj.Kant.CardDebug.explain_ne_nil","L1;S35;claim.Kant.CardDebug.explain_ne_nil","L1;S28;proof.Kant.CardDebug.Pairing","O4;4;kindS12;lean4-kernel6;digestS64;279051421b60773947cdcce3103cfd62a28e0312bb4284ab67367ec5e943d92c8;locationS34;RequestProject/Kant/CardDebug.lean8;evidenceS15;MACHINE_CHECKED","RequestProject","O7;13;source_systemS5;lean411;source_fileS34;RequestProject/Kant/CardDebug.lean13;source_formatS4;text11;imported_atI+0;14;transformed_atI+321;15;transformationsL0;13;parent_objectS0;","9343d351548f140b7b1d1c4ad14f8a98a9c1584433ae7ef12d365023af5ad97e"
"proof.Kant.Onboarding.step.eq_3","Kant.Onboarding.step.eq_3","lean4","VALID","RequestProject/Kant/Onboarding.lean","0","L0;","L0;","elaborated and checked by the Lean kernel","L1;S29;obj.Kant.Onboarding.step.eq_3","L1;S31;claim.Kant.Onboarding.step.eq_3","L0;","O4;4;kindS12;lean4-kernel6;digestS64;664e01381cab90ee1cb7e1cdaa009d1d0532e86dc0ca5cf036f7575568daec678;locationS35;RequestProject/Kant/Onboarding.lean8;evidenceS15;MACHINE_CHECKED","RequestProject","O7;13;source_systemS5;lean411;source_fileS35;RequestProject/Kant/Onboarding.lean13;source_formatS4;text11;imported_atI+0;14;transformed_atI+0;15;transformationsL0;13;parent_objectS0;","279b72ae8b3f51ef7e534c3b8219e5ac72e984df863d30b523e63ed3030dd2f2"
"proof.Kant.Diagnostics.verdictOfCode_code","Kant.Diagnostics.verdictOfCode_code","lean4","VALID","RequestProject/Kant/Diagnostics.lean","514","L1;S34;obj.Kant.Diagnostics.verdictOfCode","L0;","elaborated and checked by the Lean kernel","L1;S39;obj.Kant.Diagnostics.verdictOfCode_code","L1;S41;claim.Kant.Diagnostics.verdictOfCode_code","L1;S36;proof.Kant.Diagnostics.verdictOfCode","O4;4;kindS12;lean4-kernel6;digestS64;f43ead982f84731d7129769daf8fe29686b74f068e9747c76dceb1997605e5f88;locationS36;RequestProject/Kant/Diagnostics.lean8;evidenceS15;MACHINE_CHECKED","RequestProject","O7;13;source_systemS5;lean411;source_fileS36;RequestProject/Kant/Diagnostics.lean13;source_formatS4;text11;imported_atI+0;14;transformed_atI+514;15;transformationsL0;13;parent_objectS0;","c2d9736d51f34f9ec7147819d7883651751db3b6582fb7783f536cae32f373ab"
"proof.Kant.Codec.xmlEnc.eq_3","Kant.Codec.xmlEnc.eq_3","lean4","VALID","RequestProject/Kant/Codec/Xml.lean","0","L0;","L0;","elaborated and checked by the Lean kernel","L1;S26;obj.Kant.Codec.xmlEnc.eq_3","L1;S28;claim.Kant.Codec.xmlEnc.eq_3","L0;","O4;4;kindS12;lean4-kernel6;digestS64;8b95f72779d02413cb18d18917a62b3003cede30526bcbd996763e725dcbe1768;locationS34;RequestProject/Kant/Codec/Xml.lean8;evidenceS15;MACHINE_CHECKED","RequestProject","O7;13;source_systemS5;lean411;source_fileS34;RequestProject/Kant/Codec/Xml.lean13;source_formatS4;text11;imported_atI+0;14;transformed_atI+0;15;transformationsL0;13;parent_objectS0;","a4fcf017242fd9c6abe025bc12df24998e6f04a1aa060ba0ae88567e381503f3"
"proof.Kant.InviteCard.Dress.mk.injEq","Kant.InviteCard.Dress.mk.injEq","lean4","VALID","RequestProject/Kant/InviteCard.lean","0","L0;","L0;","elaborated and checked by the Lean kernel","L1;S34;obj.Kant.InviteCard.Dress.mk.injEq","L1;S36;claim.Kant.InviteCard.Dress.mk.injEq","L0;","O4;4;kindS12;lean4-kernel6;digestS64;38f7e71faca5c98263eb84fdfb52b4398afe403de13dfa4cf745a12d1c6fe82b8;locationS35;RequestProject/Kant/InviteCard.lean8;evidenceS15;MACHINE_CHECKED","RequestProject","O7;13;source_systemS5;lean411;source_fileS35;RequestProject/Kant/InviteCard.lean13;source_formatS4;text11;imported_atI+0;14;transformed_atI+0;15;transformationsL0;13;parent_objectS0;","00ec1682abe7e2d7a9edac6403f21d749f654ea158e4199db4bb430fa7114eba"
"proof.Kant.Store.get_empty","Kant.Store.get_empty","lean4","VALID","RequestProject/Kant/Paste.lean","109","L0;","L0;","elaborated and checked by the Lean kernel","L1;S24;obj.Kant.Store.get_empty","L1;S26;claim.Kant.Store.get_empty","L0;","O4;4;kindS12;lean4-kernel6;digestS64;88331dd658b47331da8b030dff90ba02a07596378600ef2332570d6397c9916c8;locationS30;RequestProject/Kant/Paste.lean8;evidenceS15;MACHINE_CHECKED","RequestProject","O7;13;source_systemS5;lean411;source_fileS30;RequestProject/Kant/Paste.lean13;source_formatS4;text11;imported_atI+0;14;transformed_atI+109;15;transformationsL0;13;parent_objectS0;","e4471eae6a081358cdd64b49b4b9af2bd29bc147622437fe3f96cc5714e82051"
"proof.Kant.Wasm.Decode.tag.eq_2","Kant.Wasm.Decode.tag.eq_2","lean4","VALID","RequestProject/Wasm/Decode.lean","0","L0;","L0;","elaborated and checked by the Lean kernel","L1;S29;obj.Kant.Wasm.Decode.tag.eq_2","L1;S31;claim.Kant.Wasm.Decode.tag.eq_2","L0;","O4;4;kindS12;lean4-kernel6;digestS64;9a4f0dc8780a7d7709e227bc728a96e863b8950a629229ad8df8e3dc30d215b68;locationS31;RequestProject/Wasm/Decode.lean8;evidenceS15;MACHINE_CHECKED","RequestProject","O7;13;source_systemS5;lean411;source_fileS31;RequestProject/Wasm/Decode.lean13;source_formatS4;text11;imported_atI+0;14;transformed_atI+0;15;transformationsL0;13;parent_objectS0;","a156e989c9b2a8f8b1de3c9bc571903b35cbc0463ce2227ee503ff4a9c6fed41"
"proof.Kant.Sync.Feed.mk.injEq","Kant.Sync.Feed.mk.injEq","lean4","VALID","RequestProject/Kant/Sync.lean","0","L1;S20;obj.Kant.Sync.Source","L0;","elaborated and checked by the Lean kernel","L1;S27;obj.Kant.Sync.Feed.mk.injEq","L1;S29;claim.Kant.Sync.Feed.mk.injEq","L1;S22;proof.Kant.Sync.Source","O4;4;kindS12;lean4-kernel6;digestS64;39b4f6716b075b323b38f99cd3462f394583e28129efd73cacd694340e2b508b8;locationS29;RequestProject/Kant/Sync.lean8;evidenceS15;MACHINE_CHECKED","RequestProject","O7;13;source_systemS5;lean411;source_fileS29;RequestProject/Kant/Sync.lean13;source_formatS4;text11;imported_atI+0;14;transformed_atI+0;15;transformationsL0;13;parent_objectS0;","33bc36b974612462e4985951753804c55fa5276f6dc90f1c19d6d7881884dc7f"
"proof.Kant.Dasl.dual47_add","Kant.Dasl.dual47_add","lean4","VALID","RequestProject/Kant/Dasl.lean","243","L0;","L0;","elaborated and checked by the Lean kernel","L1;S24;obj.Kant.Dasl.dual47_add","L1;S26;claim.Kant.Dasl.dual47_add","L0;","O4;4;kindS12;lean4-kernel6;digestS64;aac2e1121e716792a11f06a0b4161a51843a8b8d6fcd603c3cefc17620c1e3538;locationS29;RequestProject/Kant/Dasl.lean8;evidenceS15;MACHINE_CHECKED","RequestProject","O7;13;source_systemS5;lean411;source_fileS29;RequestProject/Kant/Dasl.lean13;source_formatS4;text11;imported_atI+0;14;transformed_atI+243;15;transformationsL0;13;parent_objectS0;","68c336235f82f74a8888f32ecdf3f44d519eeb3024778184b0db175fb771a987"
"proof.Kant.Dom.Relation.mk.injEq","Kant.Dom.Relation.mk.injEq","lean4","VALID","RequestProject/Kant/Domain/Model.lean","0","L1;S36;obj.Kant.Dom.Relation.mk.noConfusion","L0;","elaborated and checked by the Lean kernel","L1;S30;obj.Kant.Dom.Relation.mk.injEq","L1;S32;claim.Kant.Dom.Relation.mk.injEq","L1;S38;proof.Kant.Dom.Relation.mk.noConfusion","O4;4;kindS12;lean4-kernel6;digestS64;d3a0f8dea00b6aa6f6993d5bec7a38d5efce2ce2a9b4eb583037670f5147fbdf8;locationS37;RequestProject/Kant/Domain/Model.lean8;evidenceS15;MACHINE_CHECKED","RequestProject","O7;13;source_systemS5;lean411;source_fileS37;RequestProject/Kant/Domain/Model.lean13;source_formatS4;text11;imported_atI+0;14;transformed_atI+0;15;transformationsL0;13;parent_objectS0;","9e9958d4cca81fe9ac6b18d015716866241d26176b4a18a30bd20dd6813b3f20"
"proof.Kant.InviteCard.inviteCard_no_markup","Kant.InviteCard.inviteCard_no_markup","lean4","VALID","RequestProject/Kant/InviteCard.lean","196","L0;","L0;","elaborated and checked by the Lean kernel","L1;S40;obj.Kant.InviteCard.inviteCard_no_markup","L1;S42;claim.Kant.InviteCard.inviteCard_no_markup","L0;","O4;4;kindS12;lean4-kernel6;digestS64;bdd0f051e63cfd56d7a0bfbfd33c1a159040bac4cd87f3f84578b587a6b2eaff8;locationS35;RequestProject/Kant/InviteCard.lean8;evidenceS15;MACHINE_CHECKED","RequestProject","O7;13;source_systemS5;lean411;source_fileS35;RequestProject/Kant/InviteCard.lean13;source_formatS4;text11;imported_atI+0;14;transformed_atI+196;15;transformationsL0;13;parent_objectS0;","6e66eff956b7a3bdc76d486dd5814ada563aa3949bdfa4b7f9d8bce8a4c45c54"
"proof.Kant.PlainText.metaTextOf.eq_1","Kant.PlainText.metaTextOf.eq_1","lean4","VALID","RequestProject/Kant/PlainText.lean","0","L0;","L0;","elaborated and checked by the Lean kernel","L1;S34;obj.Kant.PlainText.metaTextOf.eq_1","L1;S36;claim.Kant.PlainText.metaTextOf.eq_1","L0;","O4;4;kindS12;lean4-kernel6;digestS64;6dc65d07bdabafff8504e7a84ddce488f4d7e91bca8b1e955747cecee6c367f68;locationS34;RequestProject/Kant/PlainText.lean8;evidenceS15;MACHINE_CHECKED","RequestProject","O7;13;source_systemS5;lean411;source_fileS34;RequestProject/Kant/PlainText.lean13;source_formatS4;text11;imported_atI+0;14;transformed_atI+0;15;transformationsL0;13;parent_objectS0;","d65b5ea11221b01f883d791fc56092ccdfefcb646d76d6c5264d868b27166f72"
"proof.Kant.Codec.Obj.toVal_injective","Kant.Codec.Obj.toVal_injective","lean4","VALID","RequestProject/Kant/Codec/Model.lean","530","L0;","L0;","elaborated and checked by the Lean kernel","L1;S34;obj.Kant.Codec.Obj.toVal_injective","L1;S36;claim.Kant.Codec.Obj.toVal_injective","L0;","O4;4;kindS12;lean4-kernel6;digestS64;b4db65e9cce9b42e1b243cacee797769bf1a5a0762ba74fcb50f0b0937e62daf8;locationS36;RequestProject/Kant/Codec/Model.lean8;evidenceS15;MACHINE_CHECKED","RequestProject","O7;13;source_systemS5;lean411;source_fileS36;RequestProject/Kant/Codec/Model.lean13;source_formatS4;text11;imported_atI+0;14;transformed_atI+530;15;transformationsL0;13;parent_objectS0;","736339769c993fb81682bcc05fada5abe8c0c3c7386a335e8a225b46d785bdd1"
"proof.Kant.Uucp.Carrier.urlBar.sizeOf_spec","Kant.Uucp.Carrier.urlBar.sizeOf_spec","lean4","VALID","RequestProject/Kant/Uucp.lean","0","L0;","L0;","elaborated and checked by the Lean kernel","L1;S40;obj.Kant.Uucp.Carrier.urlBar.sizeOf_spec","L1;S42;claim.Kant.Uucp.Carrier.urlBar.sizeOf_spec","L0;","O4;4;kindS12;lean4-kernel6;digestS64;5efc57084d51b29664048a5b8e79cf79bf9d693c47348a50277f270b4c96fdb38;locationS29;RequestProject/Kant/Uucp.lean8;evidenceS15;MACHINE_CHECKED","RequestProject","O7;13;source_systemS5;lean411;source_fileS29;RequestProject/Kant/Uucp.lean13;source_formatS4;text11;imported_atI+0;14;transformed_atI+0;15;transformationsL0;13;parent_objectS0;","18dfd7a46d54ba1025bb650fc4b5f05320b6f222ddef5816c6d797fe69c418d9"
"proof.Kant.Codec.optOf_optVal","Kant.Codec.optOf_optVal","lean4","VALID","RequestProject/Kant/Codec/Model.lean","427","L0;","L0;","elaborated and checked by the Lean kernel","L1;S27;obj.Kant.Codec.optOf_optVal","L1;S29;claim.Kant.Codec.optOf_optVal","L0;","O4;4;kindS12;lean4-kernel6;digestS64;5bbdc7d07727ff529c965073de9d2c6d3b56c46af36c90d46ed7a9e5c999323f8;locationS36;RequestProject/Kant/Codec/Model.lean8;evidenceS15;MACHINE_CHECKED","RequestProject","O7;13;source_systemS5;lean411;source_fileS36;RequestProject/Kant/Codec/Model.lean13;source_formatS4;text11;imported_atI+0;14;transformed_atI+427;15;transformationsL0;13;parent_objectS0;","c2e7bf41a25bb05950099a94e1656826ef2f874963f47873ad544823a2f68ac0"
"proof.Kant.Dom.step.eq_5","Kant.Dom.step.eq_5","lean4","VALID","RequestProject/Kant/Domain/Policy.lean","0","L1;S18;obj.Kant.Codec.Err","L0;","elaborated and checked by the Lean kernel","L1;S22;obj.Kant.Dom.step.eq_5","L1;S24;claim.Kant.Dom.step.eq_5","L1;S20;proof.Kant.Codec.Err","O4;4;kindS12;lean4-kernel6;digestS64;f09b1f90a6c17cb54593301a9911461e9905d28746ada0bf3e7aef8be9b7bd708;locationS38;RequestProject/Kant/Domain/Policy.lean8;evidenceS15;MACHINE_CHECKED","RequestProject","O7;13;source_systemS5;lean411;source_fileS38;RequestProject/Kant/Domain/Policy.lean13;source_formatS4;text11;imported_atI+0;14;transformed_atI+0;15;transformationsL0;13;parent_objectS0;","ed7138a3a338954efcb47c9331d88ce13c38f525f9cb5e682729858a6d5e127b"
"proof.Kant.Diagnostics.Log.add_total","Kant.Diagnostics.Log.add_total","lean4","VALID","RequestProject/Kant/Diagnostics.lean","239","L1;S28;obj.Kant.Diagnostics.Log.cap","L0;","elaborated and checked by the Lean kernel","L1;S34;obj.Kant.Diagnostics.Log.add_total","L1;S36;claim.Kant.Diagnostics.Log.add_total","L1;S30;proof.Kant.Diagnostics.Log.cap","O4;4;kindS12;lean4-kernel6;digestS64;8e2c926a5339aadd1cb67bcf0235ec26ba2e0703609613a7b1edef58812e1e988;locationS36;RequestProject/Kant/Diagnostics.lean8;evidenceS15;MACHINE_CHECKED","RequestProject","O7;13;source_systemS5;lean411;source_fileS36;RequestProject/Kant/Diagnostics.lean13;source_formatS4;text11;imported_atI+0;14;transformed_atI+239;15;transformationsL0;13;parent_objectS0;","7de87448661ad6701eafc2ab9f6e4743dc3770c83cc4e616cebef0cc2887df69"
"proof.Kant.Codec.xmlEncList.eq_2","Kant.Codec.xmlEncList.eq_2","lean4","VALID","RequestProject/Kant/Codec/Xml.lean","0","L0;","L0;","elaborated and checked by the Lean kernel","L1;S30;obj.Kant.Codec.xmlEncList.eq_2","L1;S32;claim.Kant.Codec.xmlEncList.eq_2","L0;","O4;4;kindS12;lean4-kernel6;digestS64;93ea6fcd8f96a71db7e2a35cf766c48e23ce4ea5fee919afbdab3f0e6b5172988;locationS34;RequestProject/Kant/Codec/Xml.lean8;evidenceS15;MACHINE_CHECKED","RequestProject","O7;13;source_systemS5;lean411;source_fileS34;RequestProject/Kant/Codec/Xml.lean13;source_formatS4;text11;imported_atI+0;14;transformed_atI+0;15;transformationsL0;13;parent_objectS0;","8df681b0827eb062856b288ce3b4d21541091bf0472a98fc245660e1f58e8caf"
"proof.Kant.Meme.payload_ascii","Kant.Meme.payload_ascii","lean4","VALID","RequestProject/Kant/Meme.lean","90","L0;","L0;","elaborated and checked by the Lean kernel","L1;S27;obj.Kant.Meme.payload_ascii","L1;S29;claim.Kant.Meme.payload_ascii","L0;","O4;4;kindS12;lean4-kernel6;digestS64;17a1056500c43f99e85c53ca557fd3024ac7404a5ace51a302068758e22d46f48;locationS29;RequestProject/Kant/Meme.lean8;evidenceS15;MACHINE_CHECKED","RequestProject","O7;13;source_systemS5;lean411;source_fileS29;RequestProject/Kant/Meme.lean13;source_formatS4;text11;imported_atI+0;14;transformed_atI+90;15;transformationsL0;13;parent_objectS0;","5aa2146cdc3dbc87c37ec19bc4ab58847a46eb2309808dcda0e5865687d528ca"
"proof.Kant.Diagnostics.share_no_secret","Kant.Diagnostics.share_no_secret","lean4","VALID","RequestProject/Kant/Diagnostics.lean","442","L1;S33;obj.Kant.Diagnostics.Event.detail","L0;","elaborated and checked by the Lean kernel","L1;S36;obj.Kant.Diagnostics.share_no_secret","L1;S38;claim.Kant.Diagnostics.share_no_secret","L1;S35;proof.Kant.Diagnostics.Event.detail","O4;4;kindS12;lean4-kernel6;digestS64;3c6541999b135cdf493007d5069b25ac54b0de3acdd0eb9d97c701e234c61aaa8;locationS36;RequestProject/Kant/Diagnostics.lean8;evidenceS15;MACHINE_CHECKED","RequestProject","O7;13;source_systemS5;lean411;source_fileS36;RequestProject/Kant/Diagnostics.lean13;source_formatS4;text11;imported_atI+0;14;transformed_atI+442;15;transformationsL0;13;parent_objectS0;","63333c07687ccf4f63e6e61ac6acdffcb54c9438e4dd03358c5334d63c0f2b62"
"proof.Kant.Wasm.Decode.cmpOpOf.eq_1","Kant.Wasm.Decode.cmpOpOf.eq_1","lean4","VALID","RequestProject/Wasm/Decode.lean","0","L0;","L0;","elaborated and checked by the Lean kernel","L1;S33;obj.Kant.Wasm.Decode.cmpOpOf.eq_1","L1;S35;claim.Kant.Wasm.Decode.cmpOpOf.eq_1","L0;","O4;4;kindS12;lean4-kernel6;digestS64;f425d7d9f7194d1eab5a0ab15fecc25d5f3148be44728c40efc6d13135562a878;locationS31;RequestProject/Wasm/Decode.lean8;evidenceS15;MACHINE_CHECKED","RequestProject","O7;13;source_systemS5;lean411;source_fileS31;RequestProject/Wasm/Decode.lean13;source_formatS4;text11;imported_atI+0;14;transformed_atI+0;15;transformationsL0;13;parent_objectS0;","db1159fc6eaf3b4870fd1a2000f9a22b2fd41e18c533884e6a5c4e41b8676cb1"
"proof.Kant.Codec.canonEncFields.eq_1","Kant.Codec.canonEncFields.eq_1","lean4","VALID","RequestProject/Kant/Codec/Val.lean","0","L0;","L0;","elaborated and checked by the Lean kernel","L1;S34;obj.Kant.Codec.canonEncFields.eq_1","L1;S36;claim.Kant.Codec.canonEncFields.eq_1","L0;","O4;4;kindS12;lean4-kernel6;digestS64;97942662a7dc225ae852a439a3ba18ed0cb3d59d2069b1b4963db34a93b1bb478;locationS34;RequestProject/Kant/Codec/Val.lean8;evidenceS15;MACHINE_CHECKED","RequestProject","O7;13;source_systemS5;lean411;source_fileS34;RequestProject/Kant/Codec/Val.lean13;source_formatS4;text11;imported_atI+0;14;transformed_atI+0;15;transformationsL0;13;parent_objectS0;","39aa94f7c96a0c68ccd2253ae7c1bcbb3e86710c7b7a0e0e8c4e0941e4d0d6e1"
"proof.Kant.Dom.getIds.eq_1","Kant.Dom.getIds.eq_1","lean4","VALID","RequestProject/Kant/Domain/Model.lean","0","L1;S22;obj.Kant.Codec.getList","L0;","elaborated and checked by the Lean kernel","L1;S24;obj.Kant.Dom.getIds.eq_1","L1;S26;claim.Kant.Dom.getIds.eq_1","L1;S24;proof.Kant.Codec.getList","O4;4;kindS12;lean4-kernel6;digestS64;1575c203185b7f83cd4e010d56df2d44f87b3dbe8fe96361acf853ad20c37dba8;locationS37;RequestProject/Kant/Domain/Model.lean8;evidenceS15;MACHINE_CHECKED","RequestProject","O7;13;source_systemS5;lean411;source_fileS37;RequestProject/Kant/Domain/Model.lean13;source_formatS4;text11;imported_atI+0;14;transformed_atI+0;15;transformationsL0;13;parent_objectS0;","bf6c571bceaf117443114c23d8134a77d8d0573936ac043abce6781236df2dbd"
"proof.Kant.Dom.ProofRec.ofVal_toVal","Kant.Dom.ProofRec.ofVal_toVal","lean4","VALID","RequestProject/Kant/Domain/Model.lean","424","L2;S21;obj.Kant.Codec.getValS22;obj.Kant.Codec.getList","L0;","elaborated and checked by the Lean kernel","L1;S33;obj.Kant.Dom.ProofRec.ofVal_toVal","L1;S35;claim.Kant.Dom.ProofRec.ofVal_toVal","L2;S23;proof.Kant.Codec.getValS24;proof.Kant.Codec.getList","O4;4;kindS12;lean4-kernel6;digestS64;daec5ed678659af3f07830a009abc68c7d240b9cc5d8b26927a18384b7b8dffa8;locationS37;RequestProject/Kant/Domain/Model.lean8;evidenceS15;MACHINE_CHECKED","RequestProject","O7;13;source_systemS5;lean411;source_fileS37;RequestProject/Kant/Domain/Model.lean13;source_formatS4;text11;imported_atI+0;14;transformed_atI+424;15;transformationsL0;13;parent_objectS0;","8ca4a0424d841ae75ee615dc6cfb2004d1bba6e7cc92936d4a24ad0e3d59c70a"
"proof.Kant.ShareLog.chatParts_fit_tweet","Kant.ShareLog.chatParts_fit_tweet","lean4","VALID","RequestProject/Kant/ShareLog.lean","245","L0;","L0;","elaborated and checked by the Lean kernel","L1;S37;obj.Kant.ShareLog.chatParts_fit_tweet","L1;S39;claim.Kant.ShareLog.chatParts_fit_tweet","L0;","O4;4;kindS12;lean4-kernel6;digestS64;75c350193e04a9a29e4985450accd65d023dd64905817b44d0275d5d0d81cc1f8;locationS33;RequestProject/Kant/ShareLog.lean8;evidenceS15;MACHINE_CHECKED","RequestProject","O7;13;source_systemS5;lean411;source_fileS33;RequestProject/Kant/ShareLog.lean13;source_formatS4;text11;imported_atI+0;14;transformed_atI+245;15;transformationsL0;13;parent_objectS0;","865fb351fd621bbfea1b4d623e6b85fc8237c81dd217e1c550ddfc7a9b91fc82"
"proof.Kant.Codec.projectList.eq_2","Kant.Codec.projectList.eq_2","lean4","VALID","RequestProject/Kant/Codec/Ipdl.lean","0","L0;","L0;","elaborated and checked by the Lean kernel","L1;S31;obj.Kant.Codec.projectList.eq_2","L1;S33;claim.Kant.Codec.projectList.eq_2","L0;","O4;4;kindS12;lean4-kernel6;digestS64;e702fdcd4fd86c9abc3787ef431e9cb9bb8450354708d444ed425a845c6a2acb8;locationS35;RequestProject/Kant/Codec/Ipdl.lean8;evidenceS15;MACHINE_CHECKED","RequestProject","O7;13;source_systemS5;lean411;source_fileS35;RequestProject/Kant/Codec/Ipdl.lean13;source_formatS4;text11;imported_atI+0;14;transformed_atI+0;15;transformationsL0;13;parent_objectS0;","443c18725ef06cbd62e410df1c1ada1a0b7f73ef80ef6df770cf7fcd314c1654"
"proof.Kant.Dasl.Orbifold.mk.inj","Kant.Dasl.Orbifold.mk.inj","lean4","VALID","RequestProject/Kant/Dasl.lean","0","L0;","L0;","elaborated and checked by the Lean kernel","L1;S29;obj.Kant.Dasl.Orbifold.mk.inj","L1;S31;claim.Kant.Dasl.Orbifold.mk.inj","L0;","O4;4;kindS12;lean4-kernel6;digestS64;96871c2a2c7da580ce4ada18aee2f47bc489870cad34902279baa5bd75a888f58;locationS29;RequestProject/Kant/Dasl.lean8;evidenceS15;MACHINE_CHECKED","RequestProject","O7;13;source_systemS5;lean411;source_fileS29;RequestProject/Kant/Dasl.lean13;source_formatS4;text11;imported_atI+0;14;transformed_atI+0;15;transformationsL0;13;parent_objectS0;","8c73c02d1ae07a9c303d613859784fdfe849403537e4bda25d3c880ed451d465"
"proof.Kant.Clipboard.parseOptField_optField","Kant.Clipboard.parseOptField_optField","lean4","VALID","RequestProject/Kant/Clipboard.lean","128","L0;","L0;","elaborated and checked by the Lean kernel","L1;S41;obj.Kant.Clipboard.parseOptField_optField","L1;S43;claim.Kant.Clipboard.parseOptField_optField","L0;","O4;4;kindS12;lean4-kernel6;digestS64;23943f212fc36e10f350fd3f0504c4b30a2073c25edb23ce894e354a93479fe18;locationS34;RequestProject/Kant/Clipboard.lean8;evidenceS15;MACHINE_CHECKED","RequestProject","O7;13;source_systemS5;lean411;source_fileS34;RequestProject/Kant/Clipboard.lean13;source_formatS4;text11;imported_atI+0;14;transformed_atI+128;15;transformationsL0;13;parent_objectS0;","a85adb481f04efeb179b7c19ded0d778a9aaa232d7001a51d6a93b73707f3f5e"
"proof.Kant.Codec.ipdlNoteKey.eq_1","Kant.Codec.ipdlNoteKey.eq_1","lean4","VALID","RequestProject/Kant/Codec/Ipdl.lean","0","L0;","L0;","elaborated and checked by the Lean kernel","L1;S31;obj.Kant.Codec.ipdlNoteKey.eq_1","L1;S33;claim.Kant.Codec.ipdlNoteKey.eq_1","L0;","O4;4;kindS12;lean4-kernel6;digestS64;bcfbac341f2bd384d4806de91628c1271465c8954d8fabca2bc462de51f5096d8;locationS35;RequestProject/Kant/Codec/Ipdl.lean8;evidenceS15;MACHINE_CHECKED","RequestProject","O7;13;source_systemS5;lean411;source_fileS35;RequestProject/Kant/Codec/Ipdl.lean13;source_formatS4;text11;imported_atI+0;14;transformed_atI+0;15;transformationsL0;13;parent_objectS0;","7f8dfd6cfd8716de0389f2960ae484810d7b334153a21d58a095c91afed5617b"
"proof.Kant.Diagnostics.joinLines.eq_2","Kant.Diagnostics.joinLines.eq_2","lean4","VALID","RequestProject/Kant/Diagnostics.lean","0","L0;","L0;","elaborated and checked by the Lean kernel","L1;S35;obj.Kant.Diagnostics.joinLines.eq_2","L1;S37;claim.Kant.Diagnostics.joinLines.eq_2","L0;","O4;4;kindS12;lean4-kernel6;digestS64;f18e29a6c526a1233a72794396c6a9f4e51138b87918ee19d6f212caa29671328;locationS36;RequestProject/Kant/Diagnostics.lean8;evidenceS15;MACHINE_CHECKED","RequestProject","O7;13;source_systemS5;lean411;source_fileS36;RequestProject/Kant/Diagnostics.lean13;source_formatS4;text11;imported_atI+0;14;transformed_atI+0;15;transformationsL0;13;parent_objectS0;","ea41d7934d3aeaf57ea3bcb4ee1333620c7bbd570c29b48fab42c050371c4b7c"
"proof.Kant.Wasm.Decode.instrsDec.eq_1","Kant.Wasm.Decode.instrsDec.eq_1","lean4","VALID","RequestProject/Wasm/Decode.lean","0","L0;","L0;","elaborated and checked by the Lean kernel","L1;S35;obj.Kant.Wasm.Decode.instrsDec.eq_1","L1;S37;claim.Kant.Wasm.Decode.instrsDec.eq_1","L0;","O4;4;kindS12;lean4-kernel6;digestS64;2c0ded3b3b540952801cd23fbc721d05a4c591b35efd642cc49fc6d9b333e1df8;locationS31;RequestProject/Wasm/Decode.lean8;evidenceS15;MACHINE_CHECKED","RequestProject","O7;13;source_systemS5;lean411;source_fileS31;RequestProject/Wasm/Decode.lean13;source_formatS4;text11;imported_atI+0;14;transformed_atI+0;15;transformationsL0;13;parent_objectS0;","8db0a9cdb4ae5d09727764c56a84b76659b87a31c7cad74361d3e8852caa9e20"
"proof.Kant.Text.joinFields.eq_1","Kant.Text.joinFields.eq_1","lean4","VALID","RequestProject/Kant/Text.lean","0","L0;","L0;","elaborated and checked by the Lean kernel","L1;S29;obj.Kant.Text.joinFields.eq_1","L1;S31;claim.Kant.Text.joinFields.eq_1","L0;","O4;4;kindS12;lean4-kernel6;digestS64;862263860d8b813319a8cb998c816f70c8e4c6cd423b60f9a54f1878bf99d7368;locationS29;RequestProject/Kant/Text.lean8;evidenceS15;MACHINE_CHECKED","RequestProject","O7;13;source_systemS5;lean411;source_fileS29;RequestProject/Kant/Text.lean13;source_formatS4;text11;imported_atI+0;14;transformed_atI+0;15;transformationsL0;13;parent_objectS0;","cbd701e55de99166bed61bfaa938cea94393f8281fff12e0903a1403b34911a3"
"proof.Kant.Diagnostics.Event.Wire.text","Kant.Diagnostics.Event.Wire.text","lean4","VALID","RequestProject/Kant/Diagnostics.lean","160","L0;","L0;","elaborated and checked by the Lean kernel","L1;S36;obj.Kant.Diagnostics.Event.Wire.text","L1;S38;claim.Kant.Diagnostics.Event.Wire.text","L0;","O4;4;kindS12;lean4-kernel6;digestS64;6051035b34f37f82af7b2c427f61842d5e055975266b68180290b61f137fae4b8;locationS36;RequestProject/Kant/Diagnostics.lean8;evidenceS15;MACHINE_CHECKED","RequestProject","O7;13;source_systemS5;lean411;source_fileS36;RequestProject/Kant/Diagnostics.lean13;source_formatS4;text11;imported_atI+0;14;transformed_atI+160;15;transformationsL0;13;parent_objectS0;","5a95b4ac55cf5c5df5d3957f2c3057ea712d70692debb3775357411b13470384"
"proof.Kant.Codec.readRowFields.eq_1","Kant.Codec.readRowFields.eq_1","lean4","VALID","RequestProject/Kant/Codec/Csv.lean","0","L2;S36;obj.Kant.Codec.readRowFields.match_1S24;obj.Kant.Codec.Row.field","L0;","elaborated and checked by the Lean kernel","L1;S33;obj.Kant.Codec.readRowFields.eq_1","L1;S35;claim.Kant.Codec.readRowFields.eq_1","L2;S38;proof.Kant.Codec.readRowFields.match_1S26;proof.Kant.Codec.Row.field","O4;4;kindS12;lean4-kernel6;digestS64;14cf73d408a239123b0770c0e8f7400126ed88b4673c41a4c445fedc4bbf03eb8;locationS34;RequestProject/Kant/Codec/Csv.lean8;evidenceS15;MACHINE_CHECKED","RequestProject","O7;13;source_systemS5;lean411;source_fileS34;RequestProject/Kant/Codec/Csv.lean13;source_formatS4;text11;imported_atI+0;14;transformed_atI+0;15;transformationsL0;13;parent_objectS0;","72671c7404a8a1f555dc0a8c1f6a6262c97e75126e83c88f8dca1b91039231fc"
"proof.Kant.Stego.embed_preserves_high_bits","Kant.Stego.embed_preserves_high_bits","lean4","VALID","RequestProject/Kant/Stego.lean","121","L0;","L0;","elaborated and checked by the Lean kernel","L1;S40;obj.Kant.Stego.embed_preserves_high_bits","L1;S42;claim.Kant.Stego.embed_preserves_high_bits","L0;","O4;4;kindS12;lean4-kernel6;digestS64;e46fdb23489c2e0d94fae38da8ffd35a606550c5b1ec750331dfb982b820a6088;locationS30;RequestProject/Kant/Stego.lean8;evidenceS15;MACHINE_CHECKED","RequestProject","O7;13;source_systemS5;lean411;source_fileS30;RequestProject/Kant/Stego.lean13;source_formatS4;text11;imported_atI+0;14;transformed_atI+121;15;transformationsL0;13;parent_objectS0;","586669016a74b754290f437287833367bd87fbc5f97e1c7a05b756d79dfddf0d"
"proof.Kant.SiteCard.parseConfig_ignores_comment","Kant.SiteCard.parseConfig_ignores_comment","lean4","VALID","RequestProject/Kant/SiteCard.lean","276","L0;","L0;","elaborated and checked by the Lean kernel","L1;S45;obj.Kant.SiteCard.parseConfig_ignores_comment","L1;S47;claim.Kant.SiteCard.parseConfig_ignores_comment","L0;","O4;4;kindS12;lean4-kernel6;digestS64;ba78ae377b1fafe64c95fef19ea7195d43199ee94b27ce701e919e0d28688ecf8;locationS33;RequestProject/Kant/SiteCard.lean8;evidenceS15;MACHINE_CHECKED","RequestProject","O7;13;source_systemS5;lean411;source_fileS33;RequestProject/Kant/SiteCard.lean13;source_formatS4;text11;imported_atI+0;14;transformed_atI+276;15;transformationsL0;13;parent_objectS0;","c13ad30be36101232c72ebefce905b40fd7adb84d51caca95848a3c1858cd0c6"
"proof.Kant.CardDebug.Code.invite.injEq","Kant.CardDebug.Code.invite.injEq","lean4","VALID","RequestProject/Kant/CardDebug.lean","0","L0;","L0;","elaborated and checked by the Lean kernel","L1;S36;obj.Kant.CardDebug.Code.invite.injEq","L1;S38;claim.Kant.CardDebug.Code.invite.injEq","L0;","O4;4;kindS12;lean4-kernel6;digestS64;0818df2d2be719736ee1a929e585b224caaf5fc16766ca41270290bf8d07fd7a8;locationS34;RequestProject/Kant/CardDebug.lean8;evidenceS15;MACHINE_CHECKED","RequestProject","O7;13;source_systemS5;lean411;source_fileS34;RequestProject/Kant/CardDebug.lean13;source_formatS4;text11;imported_atI+0;14;transformed_atI+0;15;transformationsL0;13;parent_objectS0;","f8379f9185f9394a7b7300b9c4e3147d7ed6518402b668a485cb7c3a1fb3add7"
"proof.Kant.Wasm.Expr.eval.eq_1","Kant.Wasm.Expr.eval.eq_1","lean4","VALID","RequestProject/Wasm/Semantics.lean","0","L0;","L0;","elaborated and checked by the Lean kernel","L1;S28;obj.Kant.Wasm.Expr.eval.eq_1","L1;S30;claim.Kant.Wasm.Expr.eval.eq_1","L0;","O4;4;kindS12;lean4-kernel6;digestS64;b0e7e9eaee78c4b0e21c60e77c8c425fb90c2c797fa324c6c42f4d7737f03e5d8;locationS34;RequestProject/Wasm/Semantics.lean8;evidenceS15;MACHINE_CHECKED","RequestProject","O7;13;source_systemS5;lean411;source_fileS34;RequestProject/Wasm/Semantics.lean13;source_formatS4;text11;imported_atI+0;14;transformed_atI+0;15;transformationsL0;13;parent_objectS0;","fbe526fe0b7f999bd8c8f6f285df7108df1347bdf3fc3dc10871eb5dcb54e32e"
"proof.Kant.SiteCard.logo_area_bound","Kant.SiteCard.logo_area_bound","lean4","VALID","RequestProject/Kant/SiteCard.lean","515","L0;","L0;","elaborated and checked by the Lean kernel","L1;S33;obj.Kant.SiteCard.logo_area_bound","L1;S35;claim.Kant.SiteCard.logo_area_bound","L0;","O4;4;kindS12;lean4-kernel6;digestS64;ed04fcfa3f972e57b6d35595c9720638778c04aa10a8ba35ff36efe7e9488c4e8;locationS33;RequestProject/Kant/SiteCard.lean8;evidenceS15;MACHINE_CHECKED","RequestProject","O7;13;source_systemS5;lean411;source_fileS33;RequestProject/Kant/SiteCard.lean13;source_formatS4;text11;imported_atI+0;14;transformed_atI+515;15;transformationsL0;13;parent_objectS0;","088f400aea0b966f5f94003e6f83f16c526c2ccd14d5c275899b90f48c3a1df2"
"proof.Kant.Wasm.Kernel.eval_hexLoE","Kant.Wasm.Kernel.eval_hexLoE","lean4","VALID","RequestProject/Wasm/KernelSpec.lean","82","L1;S25;obj.Kant.Wasm.BinOp.apply","L0;","elaborated and checked by the Lean kernel","L1;S32;obj.Kant.Wasm.Kernel.eval_hexLoE","L1;S34;claim.Kant.Wasm.Kernel.eval_hexLoE","L1;S27;proof.Kant.Wasm.BinOp.apply","O4;4;kindS12;lean4-kernel6;digestS64;913a30b38e42e7fc224c029df8f473c3158b55f3105d9f4af7a1b46da21bc0d98;locationS35;RequestProject/Wasm/KernelSpec.lean8;evidenceS15;MACHINE_CHECKED","RequestProject","O7;13;source_systemS5;lean411;source_fileS35;RequestProject/Wasm/KernelSpec.lean13;source_formatS4;text11;imported_atI+0;14;transformed_atI+82;15;transformationsL0;13;parent_objectS0;","9149ae602fc2bf044dad3649f1fe3367021251aed899cc8a1ef3735c5e9ebaed"
"proof.Kant.Dom.Relation.mk.inj","Kant.Dom.Relation.mk.inj","lean4","VALID","RequestProject/Kant/Domain/Model.lean","0","L1;S36;obj.Kant.Dom.Relation.mk.noConfusion","L0;","elaborated and checked by the Lean kernel","L1;S28;obj.Kant.Dom.Relation.mk.inj","L1;S30;claim.Kant.Dom.Relation.mk.inj","L1;S38;proof.Kant.Dom.Relation.mk.noConfusion","O4;4;kindS12;lean4-kernel6;digestS64;407479b2d3a6177ebf838a083402b65193cad519863cbdac80ca577a86b237678;locationS37;RequestProject/Kant/Domain/Model.lean8;evidenceS15;MACHINE_CHECKED","RequestProject","O7;13;source_systemS5;lean411;source_fileS37;RequestProject/Kant/Domain/Model.lean13;source_formatS4;text11;imported_atI+0;14;transformed_atI+0;15;transformationsL0;13;parent_objectS0;","c7feb30a75d87cb20d44f4807c7f69958496ab43690805ec83231681fd7c824f"
"proof.Kant.Dom.Decl.ofVal_toVal","Kant.Dom.Decl.ofVal_toVal","lean4","VALID","RequestProject/Kant/Domain/Catalog.lean","178","L2;S23;obj.Kant.Dom.Decl.ofValS22;obj.Kant.Codec.getList","L0;","elaborated and checked by the Lean kernel","L1;S29;obj.Kant.Dom.Decl.ofVal_toVal","L1;S31;claim.Kant.Dom.Decl.ofVal_toVal","L2;S25;proof.Kant.Dom.Decl.ofValS24;proof.Kant.Codec.getList","O4;4;kindS12;lean4-kernel6;digestS64;05cec46096484e774088cea7ecd2cb5860f17bba1ec2954d5943802da09c33468;locationS39;RequestProject/Kant/Domain/Catalog.lean8;evidenceS15;MACHINE_CHECKED","RequestProject","O7;13;source_systemS5;lean411;source_fileS39;RequestProject/Kant/Domain/Catalog.lean13;source_formatS4;text11;imported_atI+0;14;transformed_atI+178;15;transformationsL0;13;parent_objectS0;","a3672f3632cce97b3f6ddf61991db4b85986d8995b9c4c01cbcde6643c83eabe"
"proof.Kant.Onboarding.Event.back.sizeOf_spec","Kant.Onboarding.Event.back.sizeOf_spec","lean4","VALID","RequestProject/Kant/Onboarding.lean","0","L0;","L0;","elaborated and checked by the Lean kernel","L1;S42;obj.Kant.Onboarding.Event.back.sizeOf_spec","L1;S44;claim.Kant.Onboarding.Event.back.sizeOf_spec","L0;","O4;4;kindS12;lean4-kernel6;digestS64;4a28d10f1d740dfa8e2ff9c48a12d0fddde1c868518ad7349cba3afa677e00378;locationS35;RequestProject/Kant/Onboarding.lean8;evidenceS15;MACHINE_CHECKED","RequestProject","O7;13;source_systemS5;lean411;source_fileS35;RequestProject/Kant/Onboarding.lean13;source_formatS4;text11;imported_atI+0;14;transformed_atI+0;15;transformationsL0;13;parent_objectS0;","39e85d15b446d1e43669a5054f64be674442e5de7ebf0baa0431809e19392ead"
"proof.Kant.Paste.cid_congr","Kant.Paste.cid_congr","lean4","VALID","RequestProject/Kant/Paste.lean","68","L0;","L0;","elaborated and checked by the Lean kernel","L1;S24;obj.Kant.Paste.cid_congr","L1;S26;claim.Kant.Paste.cid_congr","L0;","O4;4;kindS12;lean4-kernel6;digestS64;0ec6ec75bab1b607dd0a67341c30c37485167be138cc09a99dccee2b955de53e8;locationS30;RequestProject/Kant/Paste.lean8;evidenceS15;MACHINE_CHECKED","RequestProject","O7;13;source_systemS5;lean411;source_fileS30;RequestProject/Kant/Paste.lean13;source_formatS4;text11;imported_atI+0;14;transformed_atI+68;15;transformationsL0;13;parent_objectS0;","93449ac8b231718bcecec077d5343538e772f26345451bb13850447d96f60bde"
"proof.Kant.Cli.Cmd.room.sizeOf_spec","Kant.Cli.Cmd.room.sizeOf_spec","lean4","VALID","RequestProject/Kant/Cli.lean","0","L0;","L0;","elaborated and checked by the Lean kernel","L1;S33;obj.Kant.Cli.Cmd.room.sizeOf_spec","L1;S35;claim.Kant.Cli.Cmd.room.sizeOf_spec","L0;","O4;4;kindS12;lean4-kernel6;digestS64;080b4acdea78b2beca05f7d022b1cee1ae906974810ba4f8ee3b046b90a8711b8;locationS28;RequestProject/Kant/Cli.lean8;evidenceS15;MACHINE_CHECKED","RequestProject","O7;13;source_systemS5;lean411;source_fileS28;RequestProject/Kant/Cli.lean13;source_formatS4;text11;imported_atI+0;14;transformed_atI+0;15;transformationsL0;13;parent_objectS0;","0dbd583ba3731a7a0f8e63cbe5c89ced94140046323d2a947f421de7fcabd707"
"proof.Kant.Codec.Fmt.text.sizeOf_spec","Kant.Codec.Fmt.text.sizeOf_spec","lean4","VALID","RequestProject/Kant/Codec/Model.lean","0","L0;","L0;","elaborated and checked by the Lean kernel","L1;S35;obj.Kant.Codec.Fmt.text.sizeOf_spec","L1;S37;claim.Kant.Codec.Fmt.text.sizeOf_spec","L0;","O4;4;kindS12;lean4-kernel6;digestS64;94075ec52e3cb0a7c5f747a734f22d441e9e90d290debaad96218b66817fa44a8;locationS36;RequestProject/Kant/Codec/Model.lean8;evidenceS15;MACHINE_CHECKED","RequestProject","O7;13;source_systemS5;lean411;source_fileS36;RequestProject/Kant/Codec/Model.lean13;source_formatS4;text11;imported_atI+0;14;transformed_atI+0;15;transformationsL0;13;parent_objectS0;","bfb3ae400e395a41b9909b434ad0266ec4664bb29b6ad61bc7754f6e29253dc8"
"proof.Kant.Handoff.Move.copyOut.sizeOf_spec","Kant.Handoff.Move.copyOut.sizeOf_spec","lean4","VALID","RequestProject/Kant/Handoff.lean","0","L0;","L0;","elaborated and checked by the Lean kernel","L1;S41;obj.Kant.Handoff.Move.copyOut.sizeOf_spec","L1;S43;claim.Kant.Handoff.Move.copyOut.sizeOf_spec","L0;","O4;4;kindS12;lean4-kernel6;digestS64;e366ccea63b66ba35c18e32b466f8adcd0f0e612f37d4301ba121585074b1d928;locationS32;RequestProject/Kant/Handoff.lean8;evidenceS15;MACHINE_CHECKED","RequestProject","O7;13;source_systemS5;lean411;source_fileS32;RequestProject/Kant/Handoff.lean13;source_formatS4;text11;imported_atI+0;14;transformed_atI+0;15;transformationsL0;13;parent_objectS0;","6f5742fba3391cc94b0c47b33c025bb636245eb71479c52375a2e25a9ae73290"
"proof.Kant.Sync.sync_cons","Kant.Sync.sync_cons","lean4","VALID","RequestProject/Kant/Sync.lean","59","L0;","L0;","elaborated and checked by the Lean kernel","L1;S23;obj.Kant.Sync.sync_cons","L1;S25;claim.Kant.Sync.sync_cons","L0;","O4;4;kindS12;lean4-kernel6;digestS64;a6e5d076d38bd7fc1410472d334b52f326535eddd4a173ead9f5220f01d589298;locationS29;RequestProject/Kant/Sync.lean8;evidenceS15;MACHINE_CHECKED","RequestProject","O7;13;source_systemS5;lean411;source_fileS29;RequestProject/Kant/Sync.lean13;source_formatS4;text11;imported_atI+0;14;transformed_atI+59;15;transformationsL0;13;parent_objectS0;","635f941f08e3eb33a483fa15a19b50b0fca771bc754d3d399a3575e6abaa4fb6"
"proof.Kant.SiteCard.chatMsg.eq_1","Kant.SiteCard.chatMsg.eq_1","lean4","VALID","RequestProject/Kant/SiteCard.lean","0","L0;","L0;","elaborated and checked by the Lean kernel","L1;S30;obj.Kant.SiteCard.chatMsg.eq_1","L1;S32;claim.Kant.SiteCard.chatMsg.eq_1","L0;","O4;4;kindS12;lean4-kernel6;digestS64;786286471d3150f3eb575c35e8d8cc8ca18b7d734c8571e9339fe6ceff8ed7ea8;locationS33;RequestProject/Kant/SiteCard.lean8;evidenceS15;MACHINE_CHECKED","RequestProject","O7;13;source_systemS5;lean411;source_fileS33;RequestProject/Kant/SiteCard.lean13;source_formatS4;text11;imported_atI+0;14;transformed_atI+0;15;transformationsL0;13;parent_objectS0;","5d10e4621fc4be90b4314818fbd61dd370d8a2f9b6f253560767ddada0d0e699"
"proof.Kant.Wasm.Expr.Wf.eq_def","Kant.Wasm.Expr.Wf.eq_def","lean4","VALID","RequestProject/Wasm/Syntax.lean","0","L0;","L0;","elaborated and checked by the Lean kernel","L1;S28;obj.Kant.Wasm.Expr.Wf.eq_def","L1;S30;claim.Kant.Wasm.Expr.Wf.eq_def","L0;","O4;4;kindS12;lean4-kernel6;digestS64;6966c468928cbb5b0e418b44055870808607164023b573e58f076ad69e2f5ac28;locationS31;RequestProject/Wasm/Syntax.lean8;evidenceS15;MACHINE_CHECKED","RequestProject","O7;13;source_systemS5;lean411;source_fileS31;RequestProject/Wasm/Syntax.lean13;source_formatS4;text11;imported_atI+0;14;transformed_atI+0;15;transformationsL0;13;parent_objectS0;","eac8cf900a34f3130cb7118ef48a9cb02e2181e4da866f1938b8a3b538bdfdb6"
"proof.Kant.Dom.roundtripReport_sound","Kant.Dom.roundtripReport_sound","lean4","VALID","RequestProject/Kant/Domain/Emit.lean","283","L0;","L0;","elaborated and checked by the Lean kernel","L1;S34;obj.Kant.Dom.roundtripReport_sound","L1;S36;claim.Kant.Dom.roundtripReport_sound","L0;","O4;4;kindS12;lean4-kernel6;digestS64;60039810652c8cd679952d79644b1ff976c936746c0eafe45dab64dce85e760f8;locationS36;RequestProject/Kant/Domain/Emit.lean8;evidenceS15;MACHINE_CHECKED","RequestProject","O7;13;source_systemS5;lean411;source_fileS36;RequestProject/Kant/Domain/Emit.lean13;source_formatS4;text11;imported_atI+0;14;transformed_atI+283;15;transformationsL0;13;parent_objectS0;","f58847747cfc86a455cfc8047cb839375c209c1e439c244a24cad4a0f8dc825d"
"proof.Kant.Diagnostics.Log.total.eq_1","Kant.Diagnostics.Log.total.eq_1","lean4","VALID","RequestProject/Kant/Diagnostics.lean","0","L0;","L0;","elaborated and checked by the Lean kernel","L1;S35;obj.Kant.Diagnostics.Log.total.eq_1","L1;S37;claim.Kant.Diagnostics.Log.total.eq_1","L0;","O4;4;kindS12;lean4-kernel6;digestS64;b1184512dee84ec89675389f18eda7cf8b5a7bbd96b8155e94971b5ca3088e0d8;locationS36;RequestProject/Kant/Diagnostics.lean8;evidenceS15;MACHINE_CHECKED","RequestProject","O7;13;source_systemS5;lean411;source_fileS36;RequestProject/Kant/Diagnostics.lean13;source_formatS4;text11;imported_atI+0;14;transformed_atI+0;15;transformationsL0;13;parent_objectS0;","dd84e99280a26a217c9c802be489e30e987a70cdc6f9ebfb623af0887ddd6368"
"proof.Kant.Sheaf.Encoding.raw.sizeOf_spec","Kant.Sheaf.Encoding.raw.sizeOf_spec","lean4","VALID","RequestProject/Kant/Sheaf.lean","0","L0;","L0;","elaborated and checked by the Lean kernel","L1;S39;obj.Kant.Sheaf.Encoding.raw.sizeOf_spec","L1;S41;claim.Kant.Sheaf.Encoding.raw.sizeOf_spec","L0;","O4;4;kindS12;lean4-kernel6;digestS64;b18a38cd5960ba2cf606568bb69a283f74270bcb8261375211695e01160b0ae58;locationS30;RequestProject/Kant/Sheaf.lean8;evidenceS15;MACHINE_CHECKED","RequestProject","O7;13;source_systemS5;lean411;source_fileS30;RequestProject/Kant/Sheaf.lean13;source_formatS4;text11;imported_atI+0;14;transformed_atI+0;15;transformationsL0;13;parent_objectS0;","d341e882ac647d0afa0dd24f1168779d4ece695ddbab0de475bde752825346f7"
"proof.Kant.Dom.Rel.proves.sizeOf_spec","Kant.Dom.Rel.proves.sizeOf_spec","lean4","VALID","RequestProject/Kant/Domain/Model.lean","0","L0;","L0;","elaborated and checked by the Lean kernel","L1;S35;obj.Kant.Dom.Rel.proves.sizeOf_spec","L1;S37;claim.Kant.Dom.Rel.proves.sizeOf_spec","L0;","O4;4;kindS12;lean4-kernel6;digestS64;8c0007ffff490a82bb3e5a80344e79253a5569eef7b95cbce94d4bc3015c11df8;locationS37;RequestProject/Kant/Domain/Model.lean8;evidenceS15;MACHINE_CHECKED","RequestProject","O7;13;source_systemS5;lean411;source_fileS37;RequestProject/Kant/Domain/Model.lean13;source_formatS4;text11;imported_atI+0;14;transformed_atI+0;15;transformationsL0;13;parent_objectS0;","59e2be79753e55b19e96ab57566ff50ec27b2da2e33be66b4e3dc6c9e3892f48"
"proof.Kant.Uucp.Node.paste_nodup","Kant.Uucp.Node.paste_nodup","lean4","VALID","RequestProject/Kant/Uucp.lean","479","L1;S24;obj.Kant.Uucp.Node.paste","L0;","elaborated and checked by the Lean kernel","L1;S30;obj.Kant.Uucp.Node.paste_nodup","L1;S32;claim.Kant.Uucp.Node.paste_nodup","L1;S26;proof.Kant.Uucp.Node.paste","O4;4;kindS12;lean4-kernel6;digestS64;be99e00c173e4986099bdd2e0356e365a95bd683218d9cc482a0e7fe61627d438;locationS29;RequestProject/Kant/Uucp.lean8;evidenceS15;MACHINE_CHECKED","RequestProject","O7;13;source_systemS5;lean411;source_fileS29;RequestProject/Kant/Uucp.lean13;source_formatS4;text11;imported_atI+0;14;transformed_atI+479;15;transformationsL0;13;parent_objectS0;","7bf3f9cee747c224eff71f4c8b143e47606d938b09c3c4aa47d8059cd558c1cd"
"proof.Kant.Codec.recover.eq_1","Kant.Codec.recover.eq_1","lean4","VALID","RequestProject/Kant/Codec/Ipdl.lean","0","L0;","L0;","elaborated and checked by the Lean kernel","L1;S27;obj.Kant.Codec.recover.eq_1","L1;S29;claim.Kant.Codec.recover.eq_1","L0;","O4;4;kindS12;lean4-kernel6;digestS64;693f5a4da96165535f1d1cc76aa53f40c1903c818920aa79ab461c220c3faf668;locationS35;RequestProject/Kant/Codec/Ipdl.lean8;evidenceS15;MACHINE_CHECKED","RequestProject","O7;13;source_systemS5;lean411;source_fileS35;RequestProject/Kant/Codec/Ipdl.lean13;source_formatS4;text11;imported_atI+0;14;transformed_atI+0;15;transformationsL0;13;parent_objectS0;","3a78e116053065b65d92eee0a9bcdcf9a503c6a13caec2b0d67e7b0c3f646ff3"
"proof.Kant.Onboarding.Screen.more.sizeOf_spec","Kant.Onboarding.Screen.more.sizeOf_spec","lean4","VALID","RequestProject/Kant/Onboarding.lean","0","L0;","L0;","elaborated and checked by the Lean kernel","L1;S43;obj.Kant.Onboarding.Screen.more.sizeOf_spec","L1;S45;claim.Kant.Onboarding.Screen.more.sizeOf_spec","L0;","O4;4;kindS12;lean4-kernel6;digestS64;6e519b771027a1760928864bf7c28e9976ecbf8b7ba903b03f988f17b8d0b8538;locationS35;RequestProject/Kant/Onboarding.lean8;evidenceS15;MACHINE_CHECKED","RequestProject","O7;13;source_systemS5;lean411;source_fileS35;RequestProject/Kant/Onboarding.lean13;source_formatS4;text11;imported_atI+0;14;transformed_atI+0;15;transformationsL0;13;parent_objectS0;","d99e08f77a13c06d7fda6dce63811faa12a8e5e0b996c6a79dabe15a2eef3ce4"
"proof.Kant.Dom.summary_total","Kant.Dom.summary_total","lean4","VALID","RequestProject/Kant/Domain/Ledger.lean","270","L0;","L0;","elaborated and checked by the Lean kernel","L1;S26;obj.Kant.Dom.summary_total","L1;S28;claim.Kant.Dom.summary_total","L0;","O4;4;kindS12;lean4-kernel6;digestS64;98a6e719d0adda8b2848b2f699f2312c0f1fe57b203038c1cc8c70a78989d82a8;locationS38;RequestProject/Kant/Domain/Ledger.lean8;evidenceS15;MACHINE_CHECKED","RequestProject","O7;13;source_systemS5;lean411;source_fileS38;RequestProject/Kant/Domain/Ledger.lean13;source_formatS4;text11;imported_atI+0;14;transformed_atI+270;15;transformationsL0;13;parent_objectS0;","1096282346074bca405819691718e89d0239099615caaae47c0a78f3e808b2b7"
"proof.Kant.Onboarding.camera_off_after_back","Kant.Onboarding.camera_off_after_back","lean4","VALID","RequestProject/Kant/Onboarding.lean","166","L1;S32;obj.Kant.Onboarding.State.camera","L0;","elaborated and checked by the Lean kernel","L1;S41;obj.Kant.Onboarding.camera_off_after_back","L1;S43;claim.Kant.Onboarding.camera_off_after_back","L1;S34;proof.Kant.Onboarding.State.camera","O4;4;kindS12;lean4-kernel6;digestS64;c0c525dba79ff514eee2716ff31a9fc348c03f3a69116dea99f9870078ba3e418;locationS35;RequestProject/Kant/Onboarding.lean8;evidenceS15;MACHINE_CHECKED","RequestProject","O7;13;source_systemS5;lean411;source_fileS35;RequestProject/Kant/Onboarding.lean13;source_formatS4;text11;imported_atI+0;14;transformed_atI+166;15;transformationsL0;13;parent_objectS0;","b9a6a37247fd8f6a3b608aabfe14f02d1435254d1f8b47641c9a702e89e1a627"
"proof.Kant.Codec.yamlEncFields_length_single","Kant.Codec.yamlEncFields_length_single","lean4","VALID","RequestProject/Kant/Codec/Yaml.lean","310","L0;","L0;","elaborated and checked by the Lean kernel","L1;S42;obj.Kant.Codec.yamlEncFields_length_single","L1;S44;claim.Kant.Codec.yamlEncFields_length_single","L0;","O4;4;kindS12;lean4-kernel6;digestS64;750b32134ba571b0dfa49e3f3366fb5730352610c8ec7d8ef395fa8b7f15480d8;locationS35;RequestProject/Kant/Codec/Yaml.lean8;evidenceS15;MACHINE_CHECKED","RequestProject","O7;13;source_systemS5;lean411;source_fileS35;RequestProject/Kant/Codec/Yaml.lean13;source_formatS4;text11;imported_atI+0;14;transformed_atI+310;15;transformationsL0;13;parent_objectS0;","fbcff888e3c9a997dd71019337304ab4ebc8cb63370eb65d6255e52c3f1cb87a"
"proof.Kant.Repost.Quote.mk.sizeOf_spec","Kant.Repost.Quote.mk.sizeOf_spec","lean4","VALID","RequestProject/Kant/Repost.lean","0","L0;","L0;","elaborated and checked by the Lean kernel","L1;S36;obj.Kant.Repost.Quote.mk.sizeOf_spec","L1;S38;claim.Kant.Repost.Quote.mk.sizeOf_spec","L0;","O4;4;kindS12;lean4-kernel6;digestS64;94229549f585922050680983f489564fc44da440a36323b601211de5e0e0380d8;locationS31;RequestProject/Kant/Repost.lean8;evidenceS15;MACHINE_CHECKED","RequestProject","O7;13;source_systemS5;lean411;source_fileS31;RequestProject/Kant/Repost.lean13;source_formatS4;text11;imported_atI+0;14;transformed_atI+0;15;transformationsL0;13;parent_objectS0;","8c878f5249f0394a88f848d68000d18d147ff1c7941e37c4cb4cad39c13a8f07"
"proof.Kant.Codec.Ipdl.brecOn_2.eq","Kant.Codec.Ipdl.brecOn_2.eq","lean4","VALID","RequestProject/Kant/Codec/Ipdl.lean","0","L0;","L0;","elaborated and checked by the Lean kernel","L1;S31;obj.Kant.Codec.Ipdl.brecOn_2.eq","L1;S33;claim.Kant.Codec.Ipdl.brecOn_2.eq","L0;","O4;4;kindS12;lean4-kernel6;digestS64;8ba04ad8664e971d346f9a396cba3806939b74cd88eec1e7ccde4483f8b629d88;locationS35;RequestProject/Kant/Codec/Ipdl.lean8;evidenceS15;MACHINE_CHECKED","RequestProject","O7;13;source_systemS5;lean411;source_fileS35;RequestProject/Kant/Codec/Ipdl.lean13;source_formatS4;text11;imported_atI+0;14;transformed_atI+0;15;transformationsL0;13;parent_objectS0;","65a6d78e7870f1facd5935549f8d077de9b5cc752d0a4bf4a1d55a4e8dc23777"
"proof.Kant.PlainText.lines_of_no_newline","Kant.PlainText.lines_of_no_newline","lean4","VALID","RequestProject/Kant/PlainText.lean","77","L0;","L0;","elaborated and checked by the Lean kernel","L1;S38;obj.Kant.PlainText.lines_of_no_newline","L1;S40;claim.Kant.PlainText.lines_of_no_newline","L0;","O4;4;kindS12;lean4-kernel6;digestS64;a1c3d7037cd930850925f1b4ff2e411a88bbf918df8a516bf3d616ba6e46a6488;locationS34;RequestProject/Kant/PlainText.lean8;evidenceS15;MACHINE_CHECKED","RequestProject","O7;13;source_systemS5;lean411;source_fileS34;RequestProject/Kant/PlainText.lean13;source_formatS4;text11;imported_atI+0;14;transformed_atI+77;15;transformationsL0;13;parent_objectS0;","c9b436345be8220ece52af04e5b567815a4f266bcdbc6028adb2164308d1199b"
"proof.Kant.Meme.caption_recoverable","Kant.Meme.caption_recoverable","lean4","VALID","RequestProject/Kant/Meme.lean","259","L1;S33;obj.Kant.Meme.Template.bottomText","L0;","elaborated and checked by the Lean kernel","L1;S33;obj.Kant.Meme.caption_recoverable","L1;S35;claim.Kant.Meme.caption_recoverable","L1;S35;proof.Kant.Meme.Template.bottomText","O4;4;kindS12;lean4-kernel6;digestS64;6a02e1415f1cf629e415890b7461832a130cb7714f6c4f337fde790f922cc74c8;locationS29;RequestProject/Kant/Meme.lean8;evidenceS15;MACHINE_CHECKED","RequestProject","O7;13;source_systemS5;lean411;source_fileS29;RequestProject/Kant/Meme.lean13;source_formatS4;text11;imported_atI+0;14;transformed_atI+259;15;transformationsL0;13;parent_objectS0;","25f2af3f97a2f1bac1a576420607991d7107cc42439bf7f4b9c56c11333b0757"
"proof.Kant.Dom.decIds.eq_1","Kant.Dom.decIds.eq_1","lean4","VALID","RequestProject/Kant/Domain/Table.lean","0","L0;","L0;","elaborated and checked by the Lean kernel","L1;S24;obj.Kant.Dom.decIds.eq_1","L1;S26;claim.Kant.Dom.decIds.eq_1","L0;","O4;4;kindS12;lean4-kernel6;digestS64;4e9d9bce39ebee278267dd163522f56842f8ec173b32e5556538e8b5cadb8fde8;locationS37;RequestProject/Kant/Domain/Table.lean8;evidenceS15;MACHINE_CHECKED","RequestProject","O7;13;source_systemS5;lean411;source_fileS37;RequestProject/Kant/Domain/Table.lean13;source_formatS4;text11;imported_atI+0;14;transformed_atI+0;15;transformationsL0;13;parent_objectS0;","ba81f138d09f75bfb38e19e7b56c535cccb7adf767d029c5b6078432a4ec13e2"
"proof.Kant.Dom.recombine_parts","Kant.Dom.recombine_parts","lean4","VALID","RequestProject/Kant/Domain/Emit.lean","231","L6;S23;obj.Kant.Dom.objectsValS25;obj.Kant.Dom.relationsValS27;obj.Kant.Dom.Domain.casesOnS18;obj.Kant.Codec.ErrS22;obj.Kant.Codec.getListS33;obj.Kant.Dom.ProofRec.ofVal_toVal","L0;","elaborated and checked by the Lean kernel","L1;S28;obj.Kant.Dom.recombine_parts","L1;S30;claim.Kant.Dom.recombine_parts","L6;S25;proof.Kant.Dom.objectsValS27;proof.Kant.Dom.relationsValS29;proof.Kant.Dom.Domain.casesOnS20;proof.Kant.Codec.ErrS24;proof.Kant.Codec.getListS35;proof.Kant.Dom.ProofRec.ofVal_toVal","O4;4;kindS12;lean4-kernel6;digestS64;3b01b109bdc978b0cdff8dd6824558c7f106e9847ab4ffe6719f4607f1f89e058;locationS36;RequestProject/Kant/Domain/Emit.lean8;evidenceS15;MACHINE_CHECKED","RequestProject","O7;13;source_systemS5;lean411;source_fileS36;RequestProject/Kant/Domain/Emit.lean13;source_formatS4;text11;imported_atI+0;14;transformed_atI+231;15;transformationsL0;13;parent_objectS0;","279117119fa985dfd0f64edb5b8e862c771a1643d9cda88546764d7903711152"
"proof.Kant.Dom.Summary.mk.injEq","Kant.Dom.Summary.mk.injEq","lean4","VALID","RequestProject/Kant/Domain/Ledger.lean","0","L1;S35;obj.Kant.Dom.Summary.mk.noConfusion","L0;","elaborated and checked by the Lean kernel","L1;S29;obj.Kant.Dom.Summary.mk.injEq","L1;S31;claim.Kant.Dom.Summary.mk.injEq","L1;S37;proof.Kant.Dom.Summary.mk.noConfusion","O4;4;kindS12;lean4-kernel6;digestS64;f6a9b837e00eff354285ba2149f007662edae88e2745fbff713813dce34916588;locationS38;RequestProject/Kant/Domain/Ledger.lean8;evidenceS15;MACHINE_CHECKED","RequestProject","O7;13;source_systemS5;lean411;source_fileS38;RequestProject/Kant/Domain/Ledger.lean13;source_formatS4;text11;imported_atI+0;14;transformed_atI+0;15;transformationsL0;13;parent_objectS0;","4b22f44c1e93b9c9e6a43589553e1b961d93e43de82b40635075ba6f070ec930"
"proof.Kant.Relay.Msg.Wire.room","Kant.Relay.Msg.Wire.room","lean4","VALID","RequestProject/Kant/Relay.lean","66","L0;","L0;","elaborated and checked by the Lean kernel","L1;S28;obj.Kant.Relay.Msg.Wire.room","L1;S30;claim.Kant.Relay.Msg.Wire.room","L0;","O4;4;kindS12;lean4-kernel6;digestS64;a33f0f8d2dec16897723c836d5b9f9cefbee6328320726bfe00023a1873f818c8;locationS30;RequestProject/Kant/Relay.lean8;evidenceS15;MACHINE_CHECKED","RequestProject","O7;13;source_systemS5;lean411;source_fileS30;RequestProject/Kant/Relay.lean13;source_formatS4;text11;imported_atI+0;14;transformed_atI+66;15;transformationsL0;13;parent_objectS0;","1cf587cd21785bd65f01dfb691410c2962376ab9e7ac39b0252e62b899fa9583"
"proof.Kant.Wasm.step.eq_5","Kant.Wasm.step.eq_5","lean4","VALID","RequestProject/Wasm/Semantics.lean","0","L0;","L0;","elaborated and checked by the Lean kernel","L1;S23;obj.Kant.Wasm.step.eq_5","L1;S25;claim.Kant.Wasm.step.eq_5","L0;","O4;4;kindS12;lean4-kernel6;digestS64;c8ec2d366c077ea781ac17b635cbb750a6ef6bf12b8ea97dc5a2084115b9148e8;locationS34;RequestProject/Wasm/Semantics.lean8;evidenceS15;MACHINE_CHECKED","RequestProject","O7;13;source_systemS5;lean411;source_fileS34;RequestProject/Wasm/Semantics.lean13;source_formatS4;text11;imported_atI+0;14;transformed_atI+0;15;transformationsL0;13;parent_objectS0;","e2b743899e9a8a84bb6cad0da6ff29b7aea9de2c32b9a62a3faf61653e485fdd"
"proof.Kant.Wasm.Encode.i64Byte.eq_1","Kant.Wasm.Encode.i64Byte.eq_1","lean4","VALID","RequestProject/Wasm/Decode.lean","0","L0;","L0;","elaborated and checked by the Lean kernel","L1;S33;obj.Kant.Wasm.Encode.i64Byte.eq_1","L1;S35;claim.Kant.Wasm.Encode.i64Byte.eq_1","L0;","O4;4;kindS12;lean4-kernel6;digestS64;59aa136cf369877db57a4b22393d525a12a60ee01de5207750ccef49aa8ab5d48;locationS31;RequestProject/Wasm/Decode.lean8;evidenceS15;MACHINE_CHECKED","RequestProject","O7;13;source_systemS5;lean411;source_fileS31;RequestProject/Wasm/Decode.lean13;source_formatS4;text11;imported_atI+0;14;transformed_atI+0;15;transformationsL0;13;parent_objectS0;","6b8c1369b9d3991ca9845913ae037d3fc5801ad9b54066620057a0fda1797d05"
"proof.Kant.Wasm.Kernel.u64ByteE.eq_1","Kant.Wasm.Kernel.u64ByteE.eq_1","lean4","VALID","RequestProject/Wasm/KernelSpec.lean","0","L0;","L0;","elaborated and checked by the Lean kernel","L1;S34;obj.Kant.Wasm.Kernel.u64ByteE.eq_1","L1;S36;claim.Kant.Wasm.Kernel.u64ByteE.eq_1","L0;","O4;4;kindS12;lean4-kernel6;digestS64;f1954c9466ca8895c51b4c183b12c3b293a1c9d34cf0e50f8c7b521b7cd5692c8;locationS35;RequestProject/Wasm/KernelSpec.lean8;evidenceS15;MACHINE_CHECKED","RequestProject","O7;13;source_systemS5;lean411;source_fileS35;RequestProject/Wasm/KernelSpec.lean13;source_formatS4;text11;imported_atI+0;14;transformed_atI+0;15;transformationsL0;13;parent_objectS0;","5b32d6cc694da3087a0e095dc6a3afeb3aed95591450c28e48b13f3a185c77f1"
"proof.Kant.Dom.Event.derivedBy.inj","Kant.Dom.Event.derivedBy.inj","lean4","VALID","RequestProject/Kant/Domain/Policy.lean","0","L0;","L0;","elaborated and checked by the Lean kernel","L1;S32;obj.Kant.Dom.Event.derivedBy.inj","L1;S34;claim.Kant.Dom.Event.derivedBy.inj","L0;","O4;4;kindS12;lean4-kernel6;digestS64;f2a089dabcddef65a355bdc7f87c72f2cd6fd3c17529b5ebb09d1400b4f235508;locationS38;RequestProject/Kant/Domain/Policy.lean8;evidenceS15;MACHINE_CHECKED","RequestProject","O7;13;source_systemS5;lean411;source_fileS38;RequestProject/Kant/Domain/Policy.lean13;source_formatS4;text11;imported_atI+0;14;transformed_atI+0;15;transformationsL0;13;parent_objectS0;","bdae6db94c16f95d76303d74eed7044ae1fd7535aed023379cb76faca16377a4"
"proof.Kant.Dom.decFields_encFields","Kant.Dom.decFields_encFields","lean4","VALID","RequestProject/Kant/Domain/Table.lean","255","L0;","L0;","elaborated and checked by the Lean kernel","L1;S32;obj.Kant.Dom.decFields_encFields","L1;S34;claim.Kant.Dom.decFields_encFields","L0;","O4;4;kindS12;lean4-kernel6;digestS64;35914293ac0cd7dadf2e325bf1a30cc92f63fce73bf31d5cfeb78c7e931a98738;locationS37;RequestProject/Kant/Domain/Table.lean8;evidenceS15;MACHINE_CHECKED","RequestProject","O7;13;source_systemS5;lean411;source_fileS37;RequestProject/Kant/Domain/Table.lean13;source_formatS4;text11;imported_atI+0;14;transformed_atI+255;15;transformationsL0;13;parent_objectS0;","f33d5c6972078c94c932376442b30797aad2a4eb68ccd01a952132937e53a61d"
"proof.Kant.Diagnostics.Level.ofNat_ctorIdx","Kant.Diagnostics.Level.ofNat_ctorIdx","lean4","VALID","RequestProject/Kant/Diagnostics.lean","0","L1;S34;obj.Kant.Diagnostics.Level.ctorIdx","L0;","elaborated and checked by the Lean kernel","L1;S40;obj.Kant.Diagnostics.Level.ofNat_ctorIdx","L1;S42;claim.Kant.Diagnostics.Level.ofNat_ctorIdx","L1;S36;proof.Kant.Diagnostics.Level.ctorIdx","O4;4;kindS12;lean4-kernel6;digestS64;2eb4a317bf226580ca6ec5f90481865fddaf009a28e93356d228b5eecad6d3ed8;locationS36;RequestProject/Kant/Diagnostics.lean8;evidenceS15;MACHINE_CHECKED","RequestProject","O7;13;source_systemS5;lean411;source_fileS36;RequestProject/Kant/Diagnostics.lean13;source_formatS4;text11;imported_atI+0;14;transformed_atI+0;15;transformationsL0;13;parent_objectS0;","9588b65ae2c26bfde16226be7966024acc24b18ecfe60ed74bc824c0dc9dfea4"
"proof.Kant.ShareLog.logTitle.eq_1","Kant.ShareLog.logTitle.eq_1","lean4","VALID","RequestProject/Kant/ShareLog.lean","0","L1;S26;obj.Kant.ShareLog.logTitle","L0;","elaborated and checked by the Lean kernel","L1;S31;obj.Kant.ShareLog.logTitle.eq_1","L1;S33;claim.Kant.ShareLog.logTitle.eq_1","L1;S28;proof.Kant.ShareLog.logTitle","O4;4;kindS12;lean4-kernel6;digestS64;20185f3b4bf185350746f336b180b2f251901b925be0e5ef039c2d539294be2c8;locationS33;RequestProject/Kant/ShareLog.lean8;evidenceS15;MACHINE_CHECKED","RequestProject","O7;13;source_systemS5;lean411;source_fileS33;RequestProject/Kant/ShareLog.lean13;source_formatS4;text11;imported_atI+0;14;transformed_atI+0;15;transformationsL0;13;parent_objectS0;","7fab7ba223875f4409ae7318c1dd88e7bb3f45000102170a55c96c93060a0cad"
"proof.Kant.Credits.earned.eq_1","Kant.Credits.earned.eq_1","lean4","VALID","RequestProject/Kant/Credits.lean","0","L0;","L0;","elaborated and checked by the Lean kernel","L1;S28;obj.Kant.Credits.earned.eq_1","L1;S30;claim.Kant.Credits.earned.eq_1","L0;","O4;4;kindS12;lean4-kernel6;digestS64;8c94aba4d527db09b2e62b59dd17d7ba8199ff66238a30935efa4318026c7e3c8;locationS32;RequestProject/Kant/Credits.lean8;evidenceS15;MACHINE_CHECKED","RequestProject","O7;13;source_systemS5;lean411;source_fileS32;RequestProject/Kant/Credits.lean13;source_formatS4;text11;imported_atI+0;14;transformed_atI+0;15;transformationsL0;13;parent_objectS0;","2dfa741f1c75070a8c4a0044886be83db469bf5f0322a5a4f563c000589a8b57"
"proof.Kant.SiteCard.cardOf_roundTrip","Kant.SiteCard.cardOf_roundTrip","lean4","VALID","RequestProject/Kant/SiteCard.lean","645","L0;","L0;","elaborated and checked by the Lean kernel","L1;S34;obj.Kant.SiteCard.cardOf_roundTrip","L1;S36;claim.Kant.SiteCard.cardOf_roundTrip","L0;","O4;4;kindS12;lean4-kernel6;digestS64;37bfe7f1c370598ac3e1802e80d793d17d05b710ccb51dc8ef4a133f822717cf8;locationS33;RequestProject/Kant/SiteCard.lean8;evidenceS15;MACHINE_CHECKED","RequestProject","O7;13;source_systemS5;lean411;source_fileS33;RequestProject/Kant/SiteCard.lean13;source_formatS4;text11;imported_atI+0;14;transformed_atI+645;15;transformationsL0;13;parent_objectS0;","adedad9045f4aff4d9d90b835b8dfad736b4d261a823cfba16df55f0b81bae9d"
"proof.Kant.Codec.Level.ofNat_ctorIdx","Kant.Codec.Level.ofNat_ctorIdx","lean4","VALID","RequestProject/Kant/Codec/Exchange.lean","0","L0;","L0;","elaborated and checked by the Lean kernel","L1;S34;obj.Kant.Codec.Level.ofNat_ctorIdx","L1;S36;claim.Kant.Codec.Level.ofNat_ctorIdx","L0;","O4;4;kindS12;lean4-kernel6;digestS64;ecd08970be30c90dbe89c69401df57d68b724e1c8760a5ffd3cae35819c620c08;locationS39;RequestProject/Kant/Codec/Exchange.lean8;evidenceS15;MACHINE_CHECKED","RequestProject","O7;13;source_systemS5;lean411;source_fileS39;RequestProject/Kant/Codec/Exchange.lean13;source_formatS4;text11;imported_atI+0;14;transformed_atI+0;15;transformationsL0;13;parent_objectS0;","7bb9e4ea0479025d226366267fd2d8fabce948d2b6b76c97555016959acd5db4"
"proof.Kant.Wasm.Encode.cmpOpcode.eq_5","Kant.Wasm.Encode.cmpOpcode.eq_5","lean4","VALID","RequestProject/Wasm/Decode.lean","0","L0;","L0;","elaborated and checked by the Lean kernel","L1;S35;obj.Kant.Wasm.Encode.cmpOpcode.eq_5","L1;S37;claim.Kant.Wasm.Encode.cmpOpcode.eq_5","L0;","O4;4;kindS12;lean4-kernel6;digestS64;37bd0975a8b65a9a441063e5f092d04d25aa8cc2ae5b5034bcd910447a1940678;locationS31;RequestProject/Wasm/Decode.lean8;evidenceS15;MACHINE_CHECKED","RequestProject","O7;13;source_systemS5;lean411;source_fileS31;RequestProject/Wasm/Decode.lean13;source_formatS4;text11;imported_atI+0;14;transformed_atI+0;15;transformationsL0;13;parent_objectS0;","e6fb29bb3596bf82b8525e7d6ce14905dcf6ea5ae097dd7ce8d7d608a441e0ff"
"proof.Kant.Uucp.ofBag.eq_1","Kant.Uucp.ofBag.eq_1","lean4","VALID","RequestProject/Kant/Uucp.lean","0","L0;","L0;","elaborated and checked by the Lean kernel","L1;S24;obj.Kant.Uucp.ofBag.eq_1","L1;S26;claim.Kant.Uucp.ofBag.eq_1","L0;","O4;4;kindS12;lean4-kernel6;digestS64;9a96295b2a55e61f4edb82b2fbeb85289dc46598f19f6a353a38dd0ceeef14d68;locationS29;RequestProject/Kant/Uucp.lean8;evidenceS15;MACHINE_CHECKED","RequestProject","O7;13;source_systemS5;lean411;source_fileS29;RequestProject/Kant/Uucp.lean13;source_formatS4;text11;imported_atI+0;14;transformed_atI+0;15;transformationsL0;13;parent_objectS0;","e485e922a53075a7747639791dfc1424572c08f137e3fe2d2572b7fa30faf02a"
"proof.Kant.Onboarding.doneWords.eq_1","Kant.Onboarding.doneWords.eq_1","lean4","VALID","RequestProject/Kant/Onboarding.lean","0","L0;","L0;","elaborated and checked by the Lean kernel","L1;S34;obj.Kant.Onboarding.doneWords.eq_1","L1;S36;claim.Kant.Onboarding.doneWords.eq_1","L0;","O4;4;kindS12;lean4-kernel6;digestS64;6f2eabaff226132d2b7bd227acd4198ab8b4a0df210e63a71366f88adb7f30048;locationS35;RequestProject/Kant/Onboarding.lean8;evidenceS15;MACHINE_CHECKED","RequestProject","O7;13;source_systemS5;lean411;source_fileS35;RequestProject/Kant/Onboarding.lean13;source_formatS4;text11;imported_atI+0;14;transformed_atI+0;15;transformationsL0;13;parent_objectS0;","c1f81ffadf2c02ad6999ae13ab04b9aa1a49b195ae59d227274c52fb4ba60324"
"proof.Kant.Wasm.Leb128.slebDec.eq_def","Kant.Wasm.Leb128.slebDec.eq_def","lean4","VALID","RequestProject/Wasm/Leb128.lean","0","L0;","L0;","elaborated and checked by the Lean kernel","L1;S35;obj.Kant.Wasm.Leb128.slebDec.eq_def","L1;S37;claim.Kant.Wasm.Leb128.slebDec.eq_def","L0;","O4;4;kindS12;lean4-kernel6;digestS64;aa4552ee22d1d950719eed91fa755137c7400fdd8c8dfc26b675c761f915e6e58;locationS31;RequestProject/Wasm/Leb128.lean8;evidenceS15;MACHINE_CHECKED","RequestProject","O7;13;source_systemS5;lean411;source_fileS31;RequestProject/Wasm/Leb128.lean13;source_formatS4;text11;imported_atI+0;14;transformed_atI+0;15;transformationsL0;13;parent_objectS0;","43ed0b4783414ceff172a8e5f3237ecc356bb516b2843df584b615c589ce32d2"
"proof.Kant.Sneakernet.Channel.url.sizeOf_spec","Kant.Sneakernet.Channel.url.sizeOf_spec","lean4","VALID","RequestProject/Kant/Sneakernet.lean","0","L0;","L0;","elaborated and checked by the Lean kernel","L1;S43;obj.Kant.Sneakernet.Channel.url.sizeOf_spec","L1;S45;claim.Kant.Sneakernet.Channel.url.sizeOf_spec","L0;","O4;4;kindS12;lean4-kernel6;digestS64;4196acc73c90bf5955c1d9ceab6ce4665b4ebd8eb79946b31cad076483c446408;locationS35;RequestProject/Kant/Sneakernet.lean8;evidenceS15;MACHINE_CHECKED","RequestProject","O7;13;source_systemS5;lean411;source_fileS35;RequestProject/Kant/Sneakernet.lean13;source_formatS4;text11;imported_atI+0;14;transformed_atI+0;15;transformationsL0;13;parent_objectS0;","93ff56918a0cb7cefbda4dbdbd6c5b31bc0127a5ed45a2884f1872fc5726eceb"
"proof.Kant.Relay.mem_receive_iff","Kant.Relay.mem_receive_iff","lean4","VALID","RequestProject/Kant/Relay.lean","289","L0;","L0;","elaborated and checked by the Lean kernel","L1;S30;obj.Kant.Relay.mem_receive_iff","L1;S32;claim.Kant.Relay.mem_receive_iff","L0;","O4;4;kindS12;lean4-kernel6;digestS64;57d4f22969fd0d7dd386413b863d95964570768e3b97f5af9ef4777007a336008;locationS30;RequestProject/Kant/Relay.lean8;evidenceS15;MACHINE_CHECKED","RequestProject","O7;13;source_systemS5;lean411;source_fileS30;RequestProject/Kant/Relay.lean13;source_formatS4;text11;imported_atI+0;14;transformed_atI+289;15;transformationsL0;13;parent_objectS0;","a2b54c7beed4a532015e47524a43aa051ed58245435d9c0cf6265e3d35d3985f"
"proof.Kant.Codec.stripPrefix_objClose_entry_aux","Kant.Codec.stripPrefix_objClose_entry_aux","lean4","VALID","RequestProject/Kant/Codec/Xml.lean","291","L1;S25;obj.Kant.Codec.xEntryOpen","L0;","elaborated and checked by the Lean kernel","L1;S45;obj.Kant.Codec.stripPrefix_objClose_entry_aux","L1;S47;claim.Kant.Codec.stripPrefix_objClose_entry_aux","L1;S27;proof.Kant.Codec.xEntryOpen","O4;4;kindS12;lean4-kernel6;digestS64;ae3ca96ab8ca80e28a60d109c3e594398ae0c85ac7828f64fc6442e4bb8f85838;locationS34;RequestProject/Kant/Codec/Xml.lean8;evidenceS15;MACHINE_CHECKED","RequestProject","O7;13;source_systemS5;lean411;source_fileS34;RequestProject/Kant/Codec/Xml.lean13;source_formatS4;text11;imported_atI+0;14;transformed_atI+291;15;transformationsL0;13;parent_objectS0;","da94dccd3dc265f6164faee3de705da94d89d5d64dd9dd9071ded7999b551043"
"proof.Kant.Dom.Repair.unresolved.sizeOf_spec","Kant.Dom.Repair.unresolved.sizeOf_spec","lean4","VALID","RequestProject/Kant/Domain/Policy.lean","0","L0;","L0;","elaborated and checked by the Lean kernel","L1;S42;obj.Kant.Dom.Repair.unresolved.sizeOf_spec","L1;S44;claim.Kant.Dom.Repair.unresolved.sizeOf_spec","L0;","O4;4;kindS12;lean4-kernel6;digestS64;0d224a2ac0800dd9e319bed21c2aa9d684de8e3687a32d9342194d6c5a09f3908;locationS38;RequestProject/Kant/Domain/Policy.lean8;evidenceS15;MACHINE_CHECKED","RequestProject","O7;13;source_systemS5;lean411;source_fileS38;RequestProject/Kant/Domain/Policy.lean13;source_formatS4;text11;imported_atI+0;14;transformed_atI+0;15;transformationsL0;13;parent_objectS0;","7b027e0090f775a81f4e446eae51e5bb9edd63f254cc04ce02ee99a5455d2a61"
"proof.Kant.Uucp.fresher_paste","Kant.Uucp.fresher_paste","lean4","VALID","RequestProject/Kant/Uucp.lean","542","L1;S24;obj.Kant.Uucp.Node.paste","L0;","elaborated and checked by the Lean kernel","L1;S27;obj.Kant.Uucp.fresher_paste","L1;S29;claim.Kant.Uucp.fresher_paste","L1;S26;proof.Kant.Uucp.Node.paste","O4;4;kindS12;lean4-kernel6;digestS64;5592d0467e5caf18c0861bd740232e17252c26db5eb0b3ce67f0252aea79b3058;locationS29;RequestProject/Kant/Uucp.lean8;evidenceS15;MACHINE_CHECKED","RequestProject","O7;13;source_systemS5;lean411;source_fileS29;RequestProject/Kant/Uucp.lean13;source_formatS4;text11;imported_atI+0;14;transformed_atI+542;15;transformationsL0;13;parent_objectS0;","072f3db2370be7d2e535d27b64f62b75a627a03e5ff58f8c6bc9cf79e927f2af"
"proof.Kant.Diagnostics.Log.mk.inj","Kant.Diagnostics.Log.mk.inj","lean4","VALID","RequestProject/Kant/Diagnostics.lean","0","L0;","L0;","elaborated and checked by the Lean kernel","L1;S31;obj.Kant.Diagnostics.Log.mk.inj","L1;S33;claim.Kant.Diagnostics.Log.mk.inj","L0;","O4;4;kindS12;lean4-kernel6;digestS64;0727a944e98a19d56bbadc6f2ce2252285acdc60e277179b2857bfe6a6e28c008;locationS36;RequestProject/Kant/Diagnostics.lean8;evidenceS15;MACHINE_CHECKED","RequestProject","O7;13;source_systemS5;lean411;source_fileS36;RequestProject/Kant/Diagnostics.lean13;source_formatS4;text11;imported_atI+0;14;transformed_atI+0;15;transformationsL0;13;parent_objectS0;","1ab5450ce0425b2ebf0f3de64920dfa1c555b01fb5e25b08c5af928d9257427b"
"proof.Kant.Codec.Val.null.sizeOf_spec","Kant.Codec.Val.null.sizeOf_spec","lean4","VALID","RequestProject/Kant/Codec/Val.lean","0","L0;","L0;","elaborated and checked by the Lean kernel","L1;S35;obj.Kant.Codec.Val.null.sizeOf_spec","L1;S37;claim.Kant.Codec.Val.null.sizeOf_spec","L0;","O4;4;kindS12;lean4-kernel6;digestS64;7a09ef3ae08268a157dcf21ca1b22f3e0bcdae6819b33adbfc29a629a6e8c0788;locationS34;RequestProject/Kant/Codec/Val.lean8;evidenceS15;MACHINE_CHECKED","RequestProject","O7;13;source_systemS5;lean411;source_fileS34;RequestProject/Kant/Codec/Val.lean13;source_formatS4;text11;imported_atI+0;14;transformed_atI+0;15;transformationsL0;13;parent_objectS0;","52d5dd745a9ff52e267bfff3f4e2a3c198fa5d9ca7a65748ba770a9c84a88edb"
"proof.Kant.CodeMovie.godel_injective","Kant.CodeMovie.godel_injective","lean4","VALID","RequestProject/Kant/CodeMovie.lean","117","L1;S26;obj.Kant.CodeMovie.ungodel","L0;","elaborated and checked by the Lean kernel","L1;S34;obj.Kant.CodeMovie.godel_injective","L1;S36;claim.Kant.CodeMovie.godel_injective","L1;S28;proof.Kant.CodeMovie.ungodel","O4;4;kindS12;lean4-kernel6;digestS64;bf397033ac11c07ad82db6a79ac3d33dfaf3f9f8c72c24744941e39c52ecb0b78;locationS34;RequestProject/Kant/CodeMovie.lean8;evidenceS15;MACHINE_CHECKED","RequestProject","O7;13;source_systemS5;lean411;source_fileS34;RequestProject/Kant/CodeMovie.lean13;source_formatS4;text11;imported_atI+0;14;transformed_atI+117;15;transformationsL0;13;parent_objectS0;","d658ec2fe6227dc70fc3ef40fa046d9439b10ee8cccc8cedcc0568fccd0c303a"
"proof.Kant.Dom.Repair.defaultApplied.sizeOf_spec","Kant.Dom.Repair.defaultApplied.sizeOf_spec","lean4","VALID","RequestProject/Kant/Domain/Policy.lean","0","L0;","L0;","elaborated and checked by the Lean kernel","L1;S46;obj.Kant.Dom.Repair.defaultApplied.sizeOf_spec","L1;S48;claim.Kant.Dom.Repair.defaultApplied.sizeOf_spec","L0;","O4;4;kindS12;lean4-kernel6;digestS64;142ca41fe75aeea732c46840902f28041e18822b13fa986df87181e79febf2ca8;locationS38;RequestProject/Kant/Domain/Policy.lean8;evidenceS15;MACHINE_CHECKED","RequestProject","O7;13;source_systemS5;lean411;source_fileS38;RequestProject/Kant/Domain/Policy.lean13;source_formatS4;text11;imported_atI+0;14;transformed_atI+0;15;transformationsL0;13;parent_objectS0;","b5c41208a87ab18adf661452a707b01da703f0ee164f93e48e7b997ccc353cf7"
"proof.Kant.Onboarding.step.eq_8","Kant.Onboarding.step.eq_8","lean4","VALID","RequestProject/Kant/Onboarding.lean","0","L1;S32;obj.Kant.Onboarding.State.camera","L0;","elaborated and checked by the Lean kernel","L1;S29;obj.Kant.Onboarding.step.eq_8","L1;S31;claim.Kant.Onboarding.step.eq_8","L1;S34;proof.Kant.Onboarding.State.camera","O4;4;kindS12;lean4-kernel6;digestS64;a56063c6377e7964d9ccbff70b42a7739733cc041f740d42daa2c8f85245ca898;locationS35;RequestProject/Kant/Onboarding.lean8;evidenceS15;MACHINE_CHECKED","RequestProject","O7;13;source_systemS5;lean411;source_fileS35;RequestProject/Kant/Onboarding.lean13;source_formatS4;text11;imported_atI+0;14;transformed_atI+0;15;transformationsL0;13;parent_objectS0;","3325dc7dc007d79926e1d0c64b4d1f169e803af22d232d13ef97d8b0a02bb990"
"proof.Kant.Codec.readDigits.eq_1","Kant.Codec.readDigits.eq_1","lean4","VALID","RequestProject/Kant/Codec/Yaml.lean","0","L0;","L0;","elaborated and checked by the Lean kernel","L1;S30;obj.Kant.Codec.readDigits.eq_1","L1;S32;claim.Kant.Codec.readDigits.eq_1","L0;","O4;4;kindS12;lean4-kernel6;digestS64;526669935ffee04135abd2236712d2ca33ce30f8544491abee10eb9a145548fc8;locationS35;RequestProject/Kant/Codec/Yaml.lean8;evidenceS15;MACHINE_CHECKED","RequestProject","O7;13;source_systemS5;lean411;source_fileS35;RequestProject/Kant/Codec/Yaml.lean13;source_formatS4;text11;imported_atI+0;14;transformed_atI+0;15;transformationsL0;13;parent_objectS0;","05fd002ba5863ab56d5fb4246b03f912283aeb948e6de56ff18280bf03df884c"
"proof.Kant.CardDebug.Code.unknown.sizeOf_spec","Kant.CardDebug.Code.unknown.sizeOf_spec","lean4","VALID","RequestProject/Kant/CardDebug.lean","0","L0;","L0;","elaborated and checked by the Lean kernel","L1;S43;obj.Kant.CardDebug.Code.unknown.sizeOf_spec","L1;S45;claim.Kant.CardDebug.Code.unknown.sizeOf_spec","L0;","O4;4;kindS12;lean4-kernel6;digestS64;bd443f48cd29c5842135660fe25fa0f7ede18954c9d8206a378002ee10e5dbdd8;locationS34;RequestProject/Kant/CardDebug.lean8;evidenceS15;MACHINE_CHECKED","RequestProject","O7;13;source_systemS5;lean411;source_fileS34;RequestProject/Kant/CardDebug.lean13;source_formatS4;text11;imported_atI+0;14;transformed_atI+0;15;transformationsL0;13;parent_objectS0;","d8cedee60c5b682f074e89f50bb0fb1c6a4d2d55d1567d15c69dd7d16cb86082"
"proof.Kant.Relay.Server.mk.inj","Kant.Relay.Server.mk.inj","lean4","VALID","RequestProject/Kant/Relay.lean","0","L0;","L0;","elaborated and checked by the Lean kernel","L1;S28;obj.Kant.Relay.Server.mk.inj","L1;S30;claim.Kant.Relay.Server.mk.inj","L0;","O4;4;kindS12;lean4-kernel6;digestS64;f459dc3b3379fadb64159c345f17ce38f674ef76469bb1b5886df0a1da025e6a8;locationS30;RequestProject/Kant/Relay.lean8;evidenceS15;MACHINE_CHECKED","RequestProject","O7;13;source_systemS5;lean411;source_fileS30;RequestProject/Kant/Relay.lean13;source_formatS4;text11;imported_atI+0;14;transformed_atI+0;15;transformationsL0;13;parent_objectS0;","1bae2594ccb7a3b1ca575053435eaf1e6b56bdd0d2a5ba0b8ceafb54eab648f8"
"proof.Kant.CodeMovie.Circuit.not.inj","Kant.CodeMovie.Circuit.not.inj","lean4","VALID","RequestProject/Kant/CodeMovie.lean","0","L0;","L0;","elaborated and checked by the Lean kernel","L1;S34;obj.Kant.CodeMovie.Circuit.not.inj","L1;S36;claim.Kant.CodeMovie.Circuit.not.inj","L0;","O4;4;kindS12;lean4-kernel6;digestS64;98afae677af6d1f583c6cd8b52e8c8e236276074d18e91a35487e8fd5c8abbe88;locationS34;RequestProject/Kant/CodeMovie.lean8;evidenceS15;MACHINE_CHECKED","RequestProject","O7;13;source_systemS5;lean411;source_fileS34;RequestProject/Kant/CodeMovie.lean13;source_formatS4;text11;imported_atI+0;14;transformed_atI+0;15;transformationsL0;13;parent_objectS0;","0957c283ef3476cdfa48b0e4471191fa1b4816c5ed9d5667f6436aac69294d14"
"proof.Kant.Wasm.Decode.stackStep.eq_2","Kant.Wasm.Decode.stackStep.eq_2","lean4","VALID","RequestProject/Wasm/Decode.lean","0","L1;S26;obj.Kant.Wasm.Decode.VType","L0;","elaborated and checked by the Lean kernel","L1;S35;obj.Kant.Wasm.Decode.stackStep.eq_2","L1;S37;claim.Kant.Wasm.Decode.stackStep.eq_2","L1;S28;proof.Kant.Wasm.Decode.VType","O4;4;kindS12;lean4-kernel6;digestS64;72170eb2ba08df8582935cf2438e95f61bc4da3164976e3738f5857fb52a23c08;locationS31;RequestProject/Wasm/Decode.lean8;evidenceS15;MACHINE_CHECKED","RequestProject","O7;13;source_systemS5;lean411;source_fileS31;RequestProject/Wasm/Decode.lean13;source_formatS4;text11;imported_atI+0;14;transformed_atI+0;15;transformationsL0;13;parent_objectS0;","a7b5597a80944e688fc5207489552c2bd7ffcfacf784c2eeb2fb3b11f69c1031"
"proof.Kant.Codec.openEnvelope_seal","Kant.Codec.openEnvelope_seal","lean4","VALID","RequestProject/Kant/Codec/Exchange.lean","169","L2;S27;obj.Kant.Codec.openEnvelopeS24;obj.Kant.Codec.decodeVal","L0;","elaborated and checked by the Lean kernel","L1;S32;obj.Kant.Codec.openEnvelope_seal","L1;S34;claim.Kant.Codec.openEnvelope_seal","L2;S29;proof.Kant.Codec.openEnvelopeS26;proof.Kant.Codec.decodeVal","O4;4;kindS12;lean4-kernel6;digestS64;df6cae66f827ab3ec4992c244f86ba656ce683c3b81fe36893b466fc5118c4178;locationS39;RequestProject/Kant/Codec/Exchange.lean8;evidenceS15;MACHINE_CHECKED","RequestProject","O7;13;source_systemS5;lean411;source_fileS39;RequestProject/Kant/Codec/Exchange.lean13;source_formatS4;text11;imported_atI+0;14;transformed_atI+169;15;transformationsL0;13;parent_objectS0;","b93b4e008dcf74a617723cc7da55a329bd7c7ef260cd83e066bf6ca862efe963"
"proof.Kant.Codec.readCsvField.eq_2","Kant.Codec.readCsvField.eq_2","lean4","VALID","RequestProject/Kant/Codec/Csv.lean","0","L0;","L0;","elaborated and checked by the Lean kernel","L1;S32;obj.Kant.Codec.readCsvField.eq_2","L1;S34;claim.Kant.Codec.readCsvField.eq_2","L0;","O4;4;kindS12;lean4-kernel6;digestS64;7b4f3011a549c128edab39af9558d2073e51e8d27728f2be9c5ac1aa04ee21e58;locationS34;RequestProject/Kant/Codec/Csv.lean8;evidenceS15;MACHINE_CHECKED","RequestProject","O7;13;source_systemS5;lean411;source_fileS34;RequestProject/Kant/Codec/Csv.lean13;source_formatS4;text11;imported_atI+0;14;transformed_atI+0;15;transformationsL0;13;parent_objectS0;","1fb77f35bf936643a00a32d771def5b04b645d4b266fb3295c964ac273283496"
"proof.Kant.Codec.Difference.mk.injEq","Kant.Codec.Difference.mk.injEq","lean4","VALID","RequestProject/Kant/Codec/Reconcile.lean","0","L0;","L0;","elaborated and checked by the Lean kernel","L1;S34;obj.Kant.Codec.Difference.mk.injEq","L1;S36;claim.Kant.Codec.Difference.mk.injEq","L0;","O4;4;kindS12;lean4-kernel6;digestS64;093797d3b9dd4f4c17de4509d33a8f13ffc14b8148eae03a8a41833308ad15c98;locationS40;RequestProject/Kant/Codec/Reconcile.lean8;evidenceS15;MACHINE_CHECKED","RequestProject","O7;13;source_systemS5;lean411;source_fileS40;RequestProject/Kant/Codec/Reconcile.lean13;source_formatS4;text11;imported_atI+0;14;transformed_atI+0;15;transformationsL0;13;parent_objectS0;","e575f9bdb8a22a32b567b249e1a39aa573ae0455071dc24c40d077ff48ae42bf"
"proof.Kant.SiteCard.entry.eq_1","Kant.SiteCard.entry.eq_1","lean4","VALID","RequestProject/Kant/SiteCard.lean","0","L0;","L0;","elaborated and checked by the Lean kernel","L1;S28;obj.Kant.SiteCard.entry.eq_1","L1;S30;claim.Kant.SiteCard.entry.eq_1","L0;","O4;4;kindS12;lean4-kernel6;digestS64;c15275e269666f7c290d4f2a70c18d2bac3e8c48c887afda8fdf7f7593b7c8e18;locationS33;RequestProject/Kant/SiteCard.lean8;evidenceS15;MACHINE_CHECKED","RequestProject","O7;13;source_systemS5;lean411;source_fileS33;RequestProject/Kant/SiteCard.lean13;source_formatS4;text11;imported_atI+0;14;transformed_atI+0;15;transformationsL0;13;parent_objectS0;","082934798035c29a8e19bd3455297a9d52364bc9b2674f145aa3b436c704f497"
"proof.Kant.Codec.readRowVal.eq_2","Kant.Codec.readRowVal.eq_2","lean4","VALID","RequestProject/Kant/Codec/Csv.lean","0","L0;","L0;","elaborated and checked by the Lean kernel","L1;S30;obj.Kant.Codec.readRowVal.eq_2","L1;S32;claim.Kant.Codec.readRowVal.eq_2","L0;","O4;4;kindS12;lean4-kernel6;digestS64;642e603021b3387ae46dc73bbac00041a1260d50a5d0c1acb0c8baebbe5fcb6b8;locationS34;RequestProject/Kant/Codec/Csv.lean8;evidenceS15;MACHINE_CHECKED","RequestProject","O7;13;source_systemS5;lean411;source_fileS34;RequestProject/Kant/Codec/Csv.lean13;source_formatS4;text11;imported_atI+0;14;transformed_atI+0;15;transformationsL0;13;parent_objectS0;","ff6f3a14825ad8eb27be41ecb024d3387e2780265618ba1181e12f66d0b609de"
"proof.Kant.Dom.derivedRelations.eq_1","Kant.Dom.derivedRelations.eq_1","lean4","VALID","RequestProject/Kant/Domain/Ledger.lean","0","L1;S24;obj.Kant.Dom.ProofRec.id","L0;","elaborated and checked by the Lean kernel","L1;S34;obj.Kant.Dom.derivedRelations.eq_1","L1;S36;claim.Kant.Dom.derivedRelations.eq_1","L1;S26;proof.Kant.Dom.ProofRec.id","O4;4;kindS12;lean4-kernel6;digestS64;77673d8703aa0650b4cc8299d50b26a74b1ceb2d3d083f5e9174516bbc1fa77d8;locationS38;RequestProject/Kant/Domain/Ledger.lean8;evidenceS15;MACHINE_CHECKED","RequestProject","O7;13;source_systemS5;lean411;source_fileS38;RequestProject/Kant/Domain/Ledger.lean13;source_formatS4;text11;imported_atI+0;14;transformed_atI+0;15;transformationsL0;13;parent_objectS0;","1080f0dcc88246ec94202fc251d5319fea6e49f6790098520f8995164b5ad785"
"proof.Kant.CardDebug.invite_room","Kant.CardDebug.invite_room","lean4","VALID","RequestProject/Kant/CardDebug.lean","135","L1;S26;obj.Kant.CardDebug.roomOf?","L0;","elaborated and checked by the Lean kernel","L1;S30;obj.Kant.CardDebug.invite_room","L1;S32;claim.Kant.CardDebug.invite_room","L1;S28;proof.Kant.CardDebug.roomOf?","O4;4;kindS12;lean4-kernel6;digestS64;875a01b639a020149df1af6b3bb99893d14d013091305f1269430cd0c3eee6898;locationS34;RequestProject/Kant/CardDebug.lean8;evidenceS15;MACHINE_CHECKED","RequestProject","O7;13;source_systemS5;lean411;source_fileS34;RequestProject/Kant/CardDebug.lean13;source_formatS4;text11;imported_atI+0;14;transformed_atI+135;15;transformationsL0;13;parent_objectS0;","6e77b5cc4da92d2e1dddcc29521b0c81f54216b7a90cc3082e8d6f6cbf0742db"
"proof.Kant.Codec.Status.partialResult.sizeOf_spec","Kant.Codec.Status.partialResult.sizeOf_spec","lean4","VALID","RequestProject/Kant/Codec/Model.lean","0","L0;","L0;","elaborated and checked by the Lean kernel","L1;S47;obj.Kant.Codec.Status.partialResult.sizeOf_spec","L1;S49;claim.Kant.Codec.Status.partialResult.sizeOf_spec","L0;","O4;4;kindS12;lean4-kernel6;digestS64;f734ed32d962d1546da4f7c66f731107fa73c74dde6f0b7a837a218a991926ad8;locationS36;RequestProject/Kant/Codec/Model.lean8;evidenceS15;MACHINE_CHECKED","RequestProject","O7;13;source_systemS5;lean411;source_fileS36;RequestProject/Kant/Codec/Model.lean13;source_formatS4;text11;imported_atI+0;14;transformed_atI+0;15;transformationsL0;13;parent_objectS0;","25f4dccc3c15efa9590f97a03c4143b6b185f8f26d464583083ff89d9b679890"
"proof.Kant.Rendezvous.Announce.mk.inj","Kant.Rendezvous.Announce.mk.inj","lean4","VALID","RequestProject/Kant/Rendezvous.lean","0","L0;","L0;","elaborated and checked by the Lean kernel","L1;S35;obj.Kant.Rendezvous.Announce.mk.inj","L1;S37;claim.Kant.Rendezvous.Announce.mk.inj","L0;","O4;4;kindS12;lean4-kernel6;digestS64;90bf896d69c9e4c3c8650dc66211464010642408e28fd595edb98e5bf07eb83a8;locationS35;RequestProject/Kant/Rendezvous.lean8;evidenceS15;MACHINE_CHECKED","RequestProject","O7;13;source_systemS5;lean411;source_fileS35;RequestProject/Kant/Rendezvous.lean13;source_formatS4;text11;imported_atI+0;14;transformed_atI+0;15;transformationsL0;13;parent_objectS0;","39f929f436d9c860c68b8974584a9ae3ad383bec5f4813e620e4c33b449f75e9"
"proof.Kant.Sheaf.Encoding.prime.eq_10","Kant.Sheaf.Encoding.prime.eq_10","lean4","VALID","RequestProject/Kant/Sheaf.lean","0","L0;","L0;","elaborated and checked by the Lean kernel","L1;S35;obj.Kant.Sheaf.Encoding.prime.eq_10","L1;S37;claim.Kant.Sheaf.Encoding.prime.eq_10","L0;","O4;4;kindS12;lean4-kernel6;digestS64;6e49fc8b01b8e0dbd3dd8ef3e8481ec8165c75cfc45ab9c1a0f84ec7878fc62e8;locationS30;RequestProject/Kant/Sheaf.lean8;evidenceS15;MACHINE_CHECKED","RequestProject","O7;13;source_systemS5;lean411;source_fileS30;RequestProject/Kant/Sheaf.lean13;source_formatS4;text11;imported_atI+0;14;transformed_atI+0;15;transformationsL0;13;parent_objectS0;","d2455270b5affdd8459b48944f3b9eeba62ca9d39d9169be90d4c4baab2f7fd1"
"proof.Kant.Cli.loadUrl_bagUrl","Kant.Cli.loadUrl_bagUrl","lean4","VALID","RequestProject/Kant/Cli.lean","613","L0;","L0;","elaborated and checked by the Lean kernel","L1;S27;obj.Kant.Cli.loadUrl_bagUrl","L1;S29;claim.Kant.Cli.loadUrl_bagUrl","L0;","O4;4;kindS12;lean4-kernel6;digestS64;a778ff411de4c0ea21b4044f49a093c1b65324e60463ebf4904205dc6f7150a38;locationS28;RequestProject/Kant/Cli.lean8;evidenceS15;MACHINE_CHECKED","RequestProject","O7;13;source_systemS5;lean411;source_fileS28;RequestProject/Kant/Cli.lean13;source_formatS4;text11;imported_atI+0;14;transformed_atI+613;15;transformationsL0;13;parent_objectS0;","d291f7971b53a492f5c5868046fe7cc50b47363e4266cb6c1816a2d3c944051f"
"proof.Kant.Feed.paginate_length_le","Kant.Feed.paginate_length_le","lean4","VALID","RequestProject/Kant/Feed.lean","165","L0;","L0;","elaborated and checked by the Lean kernel","L1;S32;obj.Kant.Feed.paginate_length_le","L1;S34;claim.Kant.Feed.paginate_length_le","L0;","O4;4;kindS12;lean4-kernel6;digestS64;1009a1f88a3606b386ef9030e86c4bf023857dfdee3c85f5a3837872d1b5272a8;locationS29;RequestProject/Kant/Feed.lean8;evidenceS15;MACHINE_CHECKED","RequestProject","O7;13;source_systemS5;lean411;source_fileS29;RequestProject/Kant/Feed.lean13;source_formatS4;text11;imported_atI+0;14;transformed_atI+165;15;transformationsL0;13;parent_objectS0;","8e6493b103365ce77f261c5a29a39b844198b723897e5b2d0dfeff2ab917864a"
"proof.Kant.Repost.toQuote_ofQuote","Kant.Repost.toQuote_ofQuote","lean4","VALID","RequestProject/Kant/Repost.lean","94","L2;S23;obj.Kant.Repost.toQuoteS23;obj.Kant.Repost.ofQuote","L0;","elaborated and checked by the Lean kernel","L1;S31;obj.Kant.Repost.toQuote_ofQuote","L1;S33;claim.Kant.Repost.toQuote_ofQuote","L2;S25;proof.Kant.Repost.toQuoteS25;proof.Kant.Repost.ofQuote","O4;4;kindS12;lean4-kernel6;digestS64;da1287959fca3415a78b8cdcd87870f23398c833508c42f3a4fef55cd23081888;locationS31;RequestProject/Kant/Repost.lean8;evidenceS15;MACHINE_CHECKED","RequestProject","O7;13;source_systemS5;lean411;source_fileS31;RequestProject/Kant/Repost.lean13;source_formatS4;text11;imported_atI+0;14;transformed_atI+94;15;transformationsL0;13;parent_objectS0;","44b9567dd45818b3f746f6f32cc32f10fc2727556055723906a2b0a71ed5be16"
"proof.Kant.Codec.Strategy.preferSource.sizeOf_spec","Kant.Codec.Strategy.preferSource.sizeOf_spec","lean4","VALID","RequestProject/Kant/Codec/Reconcile.lean","0","L0;","L0;","elaborated and checked by the Lean kernel","L1;S48;obj.Kant.Codec.Strategy.preferSource.sizeOf_spec","L1;S50;claim.Kant.Codec.Strategy.preferSource.sizeOf_spec","L0;","O4;4;kindS12;lean4-kernel6;digestS64;c1c6cea382577316980e89b6eb99d4798653477dc3a53210e834a134cba808f38;locationS40;RequestProject/Kant/Codec/Reconcile.lean8;evidenceS15;MACHINE_CHECKED","RequestProject","O7;13;source_systemS5;lean411;source_fileS40;RequestProject/Kant/Codec/Reconcile.lean13;source_formatS4;text11;imported_atI+0;14;transformed_atI+0;15;transformationsL0;13;parent_objectS0;","1447da02e3c51220ff5f664994e83e33d8815302c6d24f861e4df18838cf7399"
"proof.Kant.Uucp.openBag_bag","Kant.Uucp.openBag_bag","lean4","VALID","RequestProject/Kant/Uucp.lean","515","L0;","L0;","elaborated and checked by the Lean kernel","L1;S25;obj.Kant.Uucp.openBag_bag","L1;S27;claim.Kant.Uucp.openBag_bag","L0;","O4;4;kindS12;lean4-kernel6;digestS64;7581659e7daf8c42279231b45cb1099d69b738f05079f6488956f8981e877e3b8;locationS29;RequestProject/Kant/Uucp.lean8;evidenceS15;MACHINE_CHECKED","RequestProject","O7;13;source_systemS5;lean411;source_fileS29;RequestProject/Kant/Uucp.lean13;source_formatS4;text11;imported_atI+0;14;transformed_atI+515;15;transformationsL0;13;parent_objectS0;","b40e6667fa8ae9f2b78e40b35c2d0fd52d235c8d0b905a2cf5fb46da70eddb0f"
"proof.Kant.Wasm.BinOp.remu.sizeOf_spec","Kant.Wasm.BinOp.remu.sizeOf_spec","lean4","VALID","RequestProject/Wasm/Syntax.lean","0","L0;","L0;","elaborated and checked by the Lean kernel","L1;S36;obj.Kant.Wasm.BinOp.remu.sizeOf_spec","L1;S38;claim.Kant.Wasm.BinOp.remu.sizeOf_spec","L0;","O4;4;kindS12;lean4-kernel6;digestS64;a9ff188e34671317356c8cc381138534e4e2ca3fd5f723dd8b33d46c852ad6fa8;locationS31;RequestProject/Wasm/Syntax.lean8;evidenceS15;MACHINE_CHECKED","RequestProject","O7;13;source_systemS5;lean411;source_fileS31;RequestProject/Wasm/Syntax.lean13;source_formatS4;text11;imported_atI+0;14;transformed_atI+0;15;transformationsL0;13;parent_objectS0;","32011d765762cc8d7744bb0992fab42a23aa5f2034f8088753ff715767f0a224"
"proof.Kant.Sync.entries_sync_subset","Kant.Sync.entries_sync_subset","lean4","VALID","RequestProject/Kant/Sync.lean","95","L0;","L0;","elaborated and checked by the Lean kernel","L1;S33;obj.Kant.Sync.entries_sync_subset","L1;S35;claim.Kant.Sync.entries_sync_subset","L0;","O4;4;kindS12;lean4-kernel6;digestS64;7ed2c4a744776f88d94a0df90a0a1b83f833ca752d860be251adc12005916bc58;locationS29;RequestProject/Kant/Sync.lean8;evidenceS15;MACHINE_CHECKED","RequestProject","O7;13;source_systemS5;lean411;source_fileS29;RequestProject/Kant/Sync.lean13;source_formatS4;text11;imported_atI+0;14;transformed_atI+95;15;transformationsL0;13;parent_objectS0;","29b3a8c06a5f17b468ac6e13ddaf9e9700240b32dc4fd63a2905172c0dc3859d"
"proof.Kant.Wasm.Encode.sec_head","Kant.Wasm.Encode.sec_head","lean4","VALID","RequestProject/Wasm/Encode.lean","141","L1;S24;obj.Kant.Wasm.Encode.sec","L0;","elaborated and checked by the Lean kernel","L1;S29;obj.Kant.Wasm.Encode.sec_head","L1;S31;claim.Kant.Wasm.Encode.sec_head","L1;S26;proof.Kant.Wasm.Encode.sec","O4;4;kindS12;lean4-kernel6;digestS64;9b53f352149386ae29d4aebdac90bb453846d730803783e097bde70a016aa16f8;locationS31;RequestProject/Wasm/Encode.lean8;evidenceS15;MACHINE_CHECKED","RequestProject","O7;13;source_systemS5;lean411;source_fileS31;RequestProject/Wasm/Encode.lean13;source_formatS4;text11;imported_atI+0;14;transformed_atI+141;15;transformationsL0;13;parent_objectS0;","e00bbad7dfa386a586e4f7e2d5e80ea25e06857ebfc2181fee6367e5122c791c"
"proof.Kant.Cli.join_same_room","Kant.Cli.join_same_room","lean4","VALID","RequestProject/Kant/Cli.lean","512","L1;S31;obj.Kant.SiteCard.Config.origin","L0;","elaborated and checked by the Lean kernel","L1;S27;obj.Kant.Cli.join_same_room","L1;S29;claim.Kant.Cli.join_same_room","L1;S33;proof.Kant.SiteCard.Config.origin","O4;4;kindS12;lean4-kernel6;digestS64;bab1b2b23a8337287a80ba41c19e9bef7a9faa368dbe7356953a86eca1368e258;locationS28;RequestProject/Kant/Cli.lean8;evidenceS15;MACHINE_CHECKED","RequestProject","O7;13;source_systemS5;lean411;source_fileS28;RequestProject/Kant/Cli.lean13;source_formatS4;text11;imported_atI+0;14;transformed_atI+512;15;transformationsL0;13;parent_objectS0;","f956d9386402b490d683fa9ec58eb4c33720fe531b9cd67655d558b427648329"
"proof.Kant.Dom.coverageReport_total","Kant.Dom.coverageReport_total","lean4","VALID","RequestProject/Kant/Domain/Package.lean","212","L1;S26;obj.Kant.Dom.summary_total","L0;","elaborated and checked by the Lean kernel","L1;S33;obj.Kant.Dom.coverageReport_total","L1;S35;claim.Kant.Dom.coverageReport_total","L1;S28;proof.Kant.Dom.summary_total","O4;4;kindS12;lean4-kernel6;digestS64;6267ca26858351de3f665ee040eb6f6d198df4188c9ef6a8df9210713df0123f8;locationS39;RequestProject/Kant/Domain/Package.lean8;evidenceS15;MACHINE_CHECKED","RequestProject","O7;13;source_systemS5;lean411;source_fileS39;RequestProject/Kant/Domain/Package.lean13;source_formatS4;text11;imported_atI+0;14;transformed_atI+212;15;transformationsL0;13;parent_objectS0;","abd3e418deb87a9bb2ad487d3dabf0f819487b731e9f6c211c990a72a82fed7e"
"proof.Kant.Rendezvous.parseAddrFields.eq_def","Kant.Rendezvous.parseAddrFields.eq_def","lean4","VALID","RequestProject/Kant/Rendezvous.lean","0","L0;","L0;","elaborated and checked by the Lean kernel","L1;S42;obj.Kant.Rendezvous.parseAddrFields.eq_def","L1;S44;claim.Kant.Rendezvous.parseAddrFields.eq_def","L0;","O4;4;kindS12;lean4-kernel6;digestS64;c38af8de77b83892a55de260d33e0399a9bc58dd7ce24074c3bd89ae3034f9038;locationS35;RequestProject/Kant/Rendezvous.lean8;evidenceS15;MACHINE_CHECKED","RequestProject","O7;13;source_systemS5;lean411;source_fileS35;RequestProject/Kant/Rendezvous.lean13;source_formatS4;text11;imported_atI+0;14;transformed_atI+0;15;transformationsL0;13;parent_objectS0;","00e6f225edc2a844ca9c9682a0321ec7b42f797f373a524a5d9dba9e1b43294d"
