"object_id","kind","name","truth_status","claim","inputs","parameters","transformations","outputs","claim_refs","evidence_refs","proof_refs","error_refs","value","provenance","canonical_hash"
"obj.Kant.Dom.proofsOf.eq_1","theorem","Kant.Dom.proofsOf.eq_1","PROVEN","∀ (d : Kant.Dom.Domain) (o : Kant.Dom.DomObj),   Eq (Kant.Dom.proofsOf d o) (List.filterMap (Kant.Dom.findProof d) o.proofRefs)","L0;","O0;","L0;","L0;","L1;S28;claim.Kant.Dom.proofsOf.eq_1","L0;","L1;S28;proof.Kant.Dom.proofsOf.eq_1","L0;","S127;∀ (d : Kant.Dom.Domain) (o : Kant.Dom.DomObj),   Eq (Kant.Dom.proofsOf d o) (List.filterMap (Kant.Dom.findProof d) o.proofRefs)","O7;13;source_systemS5;lean411;source_fileS38;RequestProject/Kant/Domain/Ledger.lean13;source_formatS4;text11;imported_atI+0;14;transformed_atI+0;15;transformationsL0;13;parent_objectS0;","53cd581b595df159d7a1398a3f7d2b2e5b47cb94b5478453f99a1695b01411d8"
"obj.Kant.Cli.cliSession_agree","theorem","Kant.Cli.cliSession_agree","PROVEN","∀ {relay : List Char} {secret : Kant.Bytes.Blob} {a b pasted : List Char} {ta tb : Kant.Bytes.Blob},   Eq (Kant.Join.findInvite pasted) (Option.some (Kant.Cli.openRoom a relay secret).invite) →     { room := Kant.Rendezvous.roomOf secret, sender := a, seq := 1, body := ta }.Wire →       { room := Kant.Rendezvous.roomOf secret, sender := b, seq := 1, body := tb }.Wire →         Ne a b →           Exists fun sv =>             Exists fun host' =>               Exists fun guest' =>                 And                   (Eq (Kant.Cli.cliSession relay secret a b pasted ta tb)                     (Option.some { fst := sv, snd := { fst := host', snd := guest' } }))                   (And                     (Eq host'.messages                       (List.cons                         { room := Kant.Rendezvous.roomOf secret, sender := b, seq := 1, body := tb }                         (List.cons                           { room := Kant.Rendezvous.roomOf secret, sender := a, seq := 1,                             body := ta }                           List.nil)))                     (And (Eq guest'.messages host'.messages)                       (And (Eq host'.room guest'.room) (Eq host'.view guest'.view))))","L0;","O0;","L0;","L0;","L1;S31;claim.Kant.Cli.cliSession_agree","L0;","L1;S31;proof.Kant.Cli.cliSession_agree","L0;","S1212;∀ {relay : List Char} {secret : Kant.Bytes.Blob} {a b pasted : List Char} {ta tb : Kant.Bytes.Blob},   Eq (Kant.Join.findInvite pasted) (Option.some (Kant.Cli.openRoom a relay secret).invite) →     { room := Kant.Rendezvous.roomOf secret, sender := a, seq := 1, body := ta }.Wire →       { room := Kant.Rendezvous.roomOf secret, sender := b, seq := 1, body := tb }.Wire →         Ne a b →           Exists fun sv =>             Exists fun host' =>               Exists fun guest' =>                 And                   (Eq (Kant.Cli.cliSession relay secret a b pasted ta tb)                     (Option.some { fst := sv, snd := { fst := host', snd := guest' } }))                   (And                     (Eq host'.messages                       (List.cons                         { room := Kant.Rendezvous.roomOf secret, sender := b, seq := 1, body := tb }                         (List.cons                           { room := Kant.Rendezvous.roomOf secret, sender := a, seq := 1,                             body := ta }                           List.nil)))                     (And (Eq guest'.messages host'.messages)                       (And (Eq host'.room guest'.room) (Eq host'.view guest'.view))))","O7;13;source_systemS5;lean411;source_fileS28;RequestProject/Kant/Cli.lean13;source_formatS4;text11;imported_atI+0;14;transformed_atI+683;15;transformationsL0;13;parent_objectS0;","2d684925fb5eb861691dc2d5263f2a0e4c7f2f258203d6fbfeca477b2afde818"
"obj.Kant.CardDebug.pairCodes.eq_2","theorem","Kant.CardDebug.pairCodes.eq_2","PROVEN","∀ (x : Kant.CardDebug.Code) (i : Kant.Rendezvous.Invite),   (∀ (b : Kant.Rendezvous.Invite), Eq x (Kant.CardDebug.Code.invite b) → False) →     Eq (Kant.CardDebug.pairCodes (Kant.CardDebug.Code.invite i) x)       Kant.CardDebug.Pairing.oneNotInvite","L1;S36;obj.Kant.CardDebug.pairCodes.match_1","O0;","L0;","L0;","L1;S35;claim.Kant.CardDebug.pairCodes.eq_2","L0;","L1;S35;proof.Kant.CardDebug.pairCodes.eq_2","L0;","S248;∀ (x : Kant.CardDebug.Code) (i : Kant.Rendezvous.Invite),   (∀ (b : Kant.Rendezvous.Invite), Eq x (Kant.CardDebug.Code.invite b) → False) →     Eq (Kant.CardDebug.pairCodes (Kant.CardDebug.Code.invite i) x)       Kant.CardDebug.Pairing.oneNotInvite","O7;13;source_systemS5;lean411;source_fileS34;RequestProject/Kant/CardDebug.lean13;source_formatS4;text11;imported_atI+0;14;transformed_atI+0;15;transformationsL0;13;parent_objectS0;","a0c21536c93dee607483a6558eb41f837a9a5d65b5a1acd685499f8cb3839219"
"obj.Kant.Codec.canonEncFields.eq_2","theorem","Kant.Codec.canonEncFields.eq_2","PROVEN","∀ (k : List Char) (v : Kant.Codec.Val) (fs : List (Prod (List Char) Kant.Codec.Val)),   Eq (Kant.Codec.canonEncFields (List.cons { fst := k, snd := v } fs))     (instHAppendOfAppend.hAppend       (instHAppendOfAppend.hAppend (Kant.Codec.encStr k) (Kant.Codec.canonEnc v))       (Kant.Codec.canonEncFields fs))","L0;","O0;","L0;","L0;","L1;S36;claim.Kant.Codec.canonEncFields.eq_2","L0;","L1;S36;proof.Kant.Codec.canonEncFields.eq_2","L0;","S309;∀ (k : List Char) (v : Kant.Codec.Val) (fs : List (Prod (List Char) Kant.Codec.Val)),   Eq (Kant.Codec.canonEncFields (List.cons { fst := k, snd := v } fs))     (instHAppendOfAppend.hAppend       (instHAppendOfAppend.hAppend (Kant.Codec.encStr k) (Kant.Codec.canonEnc v))       (Kant.Codec.canonEncFields fs))","O7;13;source_systemS5;lean411;source_fileS34;RequestProject/Kant/Codec/Val.lean13;source_formatS4;text11;imported_atI+0;14;transformed_atI+0;15;transformationsL0;13;parent_objectS0;","7cd9eaad7d191ea58f2c6cfe6933efe21896663acf6d429f88398242eed8131c"
"obj.Kant.CardDebug.relative","def","Kant.CardDebug.relative","ASSERTED","List Char → Bool","L0;","O0;","L0;","L0;","L0;","L0;","L0;","L0;","S16;List Char → Bool","O7;13;source_systemS5;lean411;source_fileS34;RequestProject/Kant/CardDebug.lean13;source_formatS4;text11;imported_atI+0;14;transformed_atI+347;15;transformationsL0;13;parent_objectS0;","8bc7a51a3b37cbb8881abea7db71ef1b8e462949a2cf5556025c95778bbb7359"
"obj.Kant.Sheaf.instReprEigenSpace.repr","def","Kant.Sheaf.instReprEigenSpace.repr","ASSERTED","Kant.Sheaf.EigenSpace → Nat → Std.Format","L0;","O0;","L0;","L0;","L0;","L0;","L0;","L0;","S40;Kant.Sheaf.EigenSpace → Nat → Std.Format","O7;13;source_systemS5;lean411;source_fileS30;RequestProject/Kant/Sheaf.lean13;source_formatS4;text11;imported_atI+0;14;transformed_atI+61;15;transformationsL0;13;parent_objectS0;","a6e7a63b24e2a2c15228ae4cefa51c0e06bc244816aa7c0b770743007b640d18"
"obj.Kant.Codec.recover.eq_6","theorem","Kant.Codec.recover.eq_6","PROVEN","∀ (fs : List (Prod (List Char) Kant.Codec.Val)),   Eq (Kant.Codec.recover (Kant.Codec.Val.obj fs))     (Option.map Kant.Codec.rebuild (Kant.Codec.recoverFields fs))","L0;","O0;","L0;","L0;","L1;S29;claim.Kant.Codec.recover.eq_6","L0;","L1;S29;proof.Kant.Codec.recover.eq_6","L0;","S164;∀ (fs : List (Prod (List Char) Kant.Codec.Val)),   Eq (Kant.Codec.recover (Kant.Codec.Val.obj fs))     (Option.map Kant.Codec.rebuild (Kant.Codec.recoverFields fs))","O7;13;source_systemS5;lean411;source_fileS35;RequestProject/Kant/Codec/Ipdl.lean13;source_formatS4;text11;imported_atI+0;14;transformed_atI+0;15;transformationsL0;13;parent_objectS0;","6c7ce7509738dab4954e235afff7bfc77fe45a66fa72667a8a73eab5a8a4ef8d"
"obj.Kant.Wasm.Kernel.fitsSocialE","def","Kant.Wasm.Kernel.fitsSocialE","ASSERTED","Kant.Wasm.Expr","L0;","O0;","L0;","L0;","L0;","L0;","L0;","L0;","S14;Kant.Wasm.Expr","O7;13;source_systemS5;lean411;source_fileS31;RequestProject/Wasm/Kernel.lean13;source_formatS4;text11;imported_atI+0;14;transformed_atI+79;15;transformationsL0;13;parent_objectS0;","29675030c1706c22006aa7ca97548de58405fd924ac4de1c10b2a6a74f9741df"
"obj.Kant.Wasm.Decode.VType.ctorElimType","def","Kant.Wasm.Decode.VType.ctorElimType","ASSERTED","{motive : Kant.Wasm.Decode.VType → Sort u} → Nat → Sort (max 1 u)","L0;","O0;","L0;","L0;","L0;","L0;","L0;","L0;","S65;{motive : Kant.Wasm.Decode.VType → Sort u} → Nat → Sort (max 1 u)","O7;13;source_systemS5;lean411;source_fileS31;RequestProject/Wasm/Decode.lean13;source_formatS4;text11;imported_atI+0;14;transformed_atI+0;15;transformationsL0;13;parent_objectS0;","2c3500f5330a39ac4e5c3c9eaba996b7b9ae85fa3e983e22bb3c03d944b34e9d"
"obj.Kant.Dom.Event","inductive","Kant.Dom.Event","ASSERTED","Type","L0;","O0;","L0;","L0;","L0;","L0;","L0;","L0;","S4;Type","O7;13;source_systemS5;lean411;source_fileS38;RequestProject/Kant/Domain/Policy.lean13;source_formatS4;text11;imported_atI+0;14;transformed_atI+29;15;transformationsL0;13;parent_objectS0;","9204b16267973075410a99eb1214306227413137085a7a4f5104c9f4d796573c"
"obj.Kant.Codec.Ipdl.noConfusionType","def","Kant.Codec.Ipdl.noConfusionType","ASSERTED","Sort u → Kant.Codec.Ipdl → Kant.Codec.Ipdl → Sort u","L4;S27;obj.Kant.Codec.Ipdl.casesOnS28;obj.Kant.Codec.Ipdl.obj.elimS28;obj.Kant.Codec.Ipdl.ref.elimS30;obj.Kant.Codec.Ipdl.annot.elim","O0;","L0;","L0;","L0;","L0;","L0;","L0;","S51;Sort u → Kant.Codec.Ipdl → Kant.Codec.Ipdl → Sort u","O7;13;source_systemS5;lean411;source_fileS35;RequestProject/Kant/Codec/Ipdl.lean13;source_formatS4;text11;imported_atI+0;14;transformed_atI+0;15;transformationsL0;13;parent_objectS0;","579f4075eac7d94d47d76813d646392a07d09229d486102f2e33bd0648283f7c"
"obj.Kant.Codec.resolve.match_1","def","Kant.Codec.resolve.match_1","ASSERTED","(motive : Kant.Codec.Strategy → Sort u_1) →   (s : Kant.Codec.Strategy) →     (Unit → motive Kant.Codec.Strategy.preferSource) →       (Unit → motive Kant.Codec.Strategy.preferVerified) →         (Unit → motive Kant.Codec.Strategy.preferNewer) →           (Unit → motive Kant.Codec.Strategy.merge) →             (Unit → motive Kant.Codec.Strategy.manual) →               (Unit → motive Kant.Codec.Strategy.reject) → motive s","L0;","O0;","L0;","L0;","L0;","L0;","L0;","L0;","S424;(motive : Kant.Codec.Strategy → Sort u_1) →   (s : Kant.Codec.Strategy) →     (Unit → motive Kant.Codec.Strategy.preferSource) →       (Unit → motive Kant.Codec.Strategy.preferVerified) →         (Unit → motive Kant.Codec.Strategy.preferNewer) →           (Unit → motive Kant.Codec.Strategy.merge) →             (Unit → motive Kant.Codec.Strategy.manual) →               (Unit → motive Kant.Codec.Strategy.reject) → motive s","O7;13;source_systemS5;lean411;source_fileS40;RequestProject/Kant/Codec/Reconcile.lean13;source_formatS4;text11;imported_atI+0;14;transformed_atI+0;15;transformationsL0;13;parent_objectS0;","3fcd735497caedbe4ffa0a880e927099090b2836d549ccd86d0f61bdd6ec2cc3"
"obj.Kant.Cli.Route","inductive","Kant.Cli.Route","ASSERTED","Type","L0;","O0;","L0;","L0;","L0;","L0;","L0;","L0;","S4;Type","O7;13;source_systemS5;lean411;source_fileS28;RequestProject/Kant/Cli.lean13;source_formatS4;text11;imported_atI+0;14;transformed_atI+236;15;transformationsL0;13;parent_objectS0;","cd2c22b4f8e0c569927959138049df46d96c8e58cec3f6e3034c8fde6a04df40"
"obj.Kant.Wasm.Encode.sec.eq_1","theorem","Kant.Wasm.Encode.sec.eq_1","PROVEN","∀ (id : Nat) (content : Kant.Wasm.Encode.Bytes),   Eq (Kant.Wasm.Encode.sec id content)     (List.cons (UInt8.ofNat id)       (instHAppendOfAppend.hAppend (Kant.Wasm.Leb128.uleb (List.length content)) content))","L0;","O0;","L0;","L0;","L1;S31;claim.Kant.Wasm.Encode.sec.eq_1","L0;","L1;S31;proof.Kant.Wasm.Encode.sec.eq_1","L0;","S210;∀ (id : Nat) (content : Kant.Wasm.Encode.Bytes),   Eq (Kant.Wasm.Encode.sec id content)     (List.cons (UInt8.ofNat id)       (instHAppendOfAppend.hAppend (Kant.Wasm.Leb128.uleb (List.length content)) content))","O7;13;source_systemS5;lean411;source_fileS31;RequestProject/Wasm/Decode.lean13;source_formatS4;text11;imported_atI+0;14;transformed_atI+0;15;transformationsL0;13;parent_objectS0;","4aae8e92e896d29855097cd61e1a630b8abb5d36c18107662b3eec8cd0c38f99"
"obj.Kant.Codec.RawDoc.recOn","def","Kant.Codec.RawDoc.recOn","ASSERTED","{motive : Kant.Codec.RawDoc → Sort u} →   (t : Kant.Codec.RawDoc) →     ((text encoding : List Char) →         (lines : List (List Char)) →           (detected : List Kant.Codec.Extract) →             (confidence : Nat) →               motive                 { text := text, encoding := encoding, lines := lines, detected := detected,                   confidence := confidence }) →       motive t","L0;","O0;","L0;","L0;","L0;","L0;","L0;","L0;","S397;{motive : Kant.Codec.RawDoc → Sort u} →   (t : Kant.Codec.RawDoc) →     ((text encoding : List Char) →         (lines : List (List Char)) →           (detected : List Kant.Codec.Extract) →             (confidence : Nat) →               motive                 { text := text, encoding := encoding, lines := lines, detected := detected,                   confidence := confidence }) →       motive t","O7;13;source_systemS5;lean411;source_fileS38;RequestProject/Kant/Codec/RawText.lean13;source_formatS4;text11;imported_atI+0;14;transformed_atI+96;15;transformationsL0;13;parent_objectS0;","8fcc648cd988423ee95898fd023748b19dc49ee72281ecd82a5d4f04e4a6552b"
"obj.Kant.Codec.embedList","def","Kant.Codec.embedList","ASSERTED","List Kant.Codec.Val → List Kant.Codec.Ipdl","L1;S30;obj.Kant.Codec.recover.match_1","O0;","L0;","L0;","L0;","L0;","L0;","L0;","S42;List Kant.Codec.Val → List Kant.Codec.Ipdl","O7;13;source_systemS5;lean411;source_fileS35;RequestProject/Kant/Codec/Ipdl.lean13;source_formatS4;text11;imported_atI+0;14;transformed_atI+181;15;transformationsL0;13;parent_objectS0;","ea37cff83f38c7888f590541320a823be678a5edc28fafc6307d655a5dd4ed99"
"obj.Kant.Wasm.Decode.funcTypeDec.eq_1","theorem","Kant.Wasm.Decode.funcTypeDec.eq_1","PROVEN","∀ (bs : Kant.Wasm.Decode.Bytes),   Eq (Kant.Wasm.Decode.funcTypeDec bs)     (Kant.Wasm.Decode.secDec.match_9 (fun x => Option (Prod Nat Kant.Wasm.Decode.Bytes))       (Kant.Wasm.Decode.tag 96 bs) (fun _ => Option.none) fun bs =>       Kant.Wasm.Decode.secDec.match_7 (fun x => Option (Prod Nat Kant.Wasm.Decode.Bytes))         (Kant.Wasm.Leb128.ulebDec bs) (fun _ => Option.none) fun n bs =>         Kant.Wasm.Decode.secDec.match_5 (fun x => Option (Prod Nat Kant.Wasm.Decode.Bytes))           (Kant.Wasm.Decode.bytesN n bs) (fun _ => Option.none) fun ps bs =>           ite (Eq (List.all ps fun x => Decidable.decide (Eq x Kant.Wasm.Encode.i64Byte)) Bool.true)             (Kant.Wasm.Decode.secDec.match_7 (fun x => Option (Prod Nat Kant.Wasm.Decode.Bytes))               (Kant.Wasm.Leb128.ulebDec bs) (fun _ => Option.none) fun m bs =>               ite (Eq m 1)                 (Kant.Wasm.Decode.secDec.match_5 (fun x => Option (Prod Nat Kant.Wasm.Decode.Bytes))                   (Kant.Wasm.Decode.bytesN m bs) (fun _ => Option.none) fun rs bs =>                   ite                     (Eq (List.all rs fun x => Decidable.decide (Eq x Kant.Wasm.Encode.i64Byte))                       Bool.true)                     (Option.some { fst := n, snd := bs }) Option.none)                 Option.none)             Option.none)","L1;S28;obj.Kant.Wasm.Encode.i64Byte","O0;","L0;","L0;","L1;S39;claim.Kant.Wasm.Decode.funcTypeDec.eq_1","L0;","L1;S39;proof.Kant.Wasm.Decode.funcTypeDec.eq_1","L0;","S1326;∀ (bs : Kant.Wasm.Decode.Bytes),   Eq (Kant.Wasm.Decode.funcTypeDec bs)     (Kant.Wasm.Decode.secDec.match_9 (fun x => Option (Prod Nat Kant.Wasm.Decode.Bytes))       (Kant.Wasm.Decode.tag 96 bs) (fun _ => Option.none) fun bs =>       Kant.Wasm.Decode.secDec.match_7 (fun x => Option (Prod Nat Kant.Wasm.Decode.Bytes))         (Kant.Wasm.Leb128.ulebDec bs) (fun _ => Option.none) fun n bs =>         Kant.Wasm.Decode.secDec.match_5 (fun x => Option (Prod Nat Kant.Wasm.Decode.Bytes))           (Kant.Wasm.Decode.bytesN n bs) (fun _ => Option.none) fun ps bs =>           ite (Eq (List.all ps fun x => Decidable.decide (Eq x Kant.Wasm.Encode.i64Byte)) Bool.true)             (Kant.Wasm.Decode.secDec.match_7 (fun x => Option (Prod Nat Kant.Wasm.Decode.Bytes))               (Kant.Wasm.Leb128.ulebDec bs) (fun _ => Option.none) fun m bs =>               ite (Eq m 1)                 (Kant.Wasm.Decode.secDec.match_5 (fun x => Option (Prod Nat Kant.Wasm.Decode.Bytes))                   (Kant.Wasm.Decode.bytesN m bs) (fun _ => Option.none) fun rs bs =>                   ite                     (Eq (List.all rs fun x => Decidable.decide (Eq x Kant.Wasm.Encode.i64Byte))                       Bool.true)                     (Option.some { fst := n, snd := bs }) Option.none)                 Option.none)             Option.none)","O7;13;source_systemS5;lean411;source_fileS31;RequestProject/Wasm/Decode.lean13;source_formatS4;text11;imported_atI+0;14;transformed_atI+0;15;transformationsL0;13;parent_objectS0;","8a1c77f0276c80e503bac089549f0d6add4945d5a444629fb41b8f04f8767944"
"obj.Kant.Codec.Trans.dest","def","Kant.Codec.Trans.dest","ASSERTED","Kant.Codec.Trans → Kant.Codec.Fmt","L0;","O0;","L0;","L0;","L0;","L0;","L0;","L0;","S33;Kant.Codec.Trans → Kant.Codec.Fmt","O7;13;source_systemS5;lean411;source_fileS36;RequestProject/Kant/Codec/Model.lean13;source_formatS4;text11;imported_atI+0;14;transformed_atI+278;15;transformationsL0;13;parent_objectS0;","55848c63c4c8c528c48ff67b95e714f36d8a92efe5ce7956eea5971c68001f51"
"obj.Kant.Onboarding.Event.casesOn","def","Kant.Onboarding.Event.casesOn","ASSERTED","{motive : Kant.Onboarding.Event → Sort u} →   (t : Kant.Onboarding.Event) →     ((s : Kant.Onboarding.Screen) → motive (Kant.Onboarding.Event.goto s)) →       motive Kant.Onboarding.Event.back →         motive Kant.Onboarding.Event.createRoom →           motive Kant.Onboarding.Event.copyLink →             motive Kant.Onboarding.Event.startCamera →               motive Kant.Onboarding.Event.stopCamera →                 ((t : List Char) → motive (Kant.Onboarding.Event.joinText t)) →                   motive Kant.Onboarding.Event.say →                     motive Kant.Onboarding.Event.leave →                       motive Kant.Onboarding.Event.hush →                         motive Kant.Onboarding.Event.unhush → motive t","L0;","O0;","L0;","L0;","L0;","L0;","L0;","L0;","S724;{motive : Kant.Onboarding.Event → Sort u} →   (t : Kant.Onboarding.Event) →     ((s : Kant.Onboarding.Screen) → motive (Kant.Onboarding.Event.goto s)) →       motive Kant.Onboarding.Event.back →         motive Kant.Onboarding.Event.createRoom →           motive Kant.Onboarding.Event.copyLink →             motive Kant.Onboarding.Event.startCamera →               motive Kant.Onboarding.Event.stopCamera →                 ((t : List Char) → motive (Kant.Onboarding.Event.joinText t)) →                   motive Kant.Onboarding.Event.say →                     motive Kant.Onboarding.Event.leave →                       motive Kant.Onboarding.Event.hush →                         motive Kant.Onboarding.Event.unhush → motive t","O7;13;source_systemS5;lean411;source_fileS35;RequestProject/Kant/Onboarding.lean13;source_formatS4;text11;imported_atI+0;14;transformed_atI+64;15;transformationsL0;13;parent_objectS0;","8a7e57979077ce429d4facfe0e0211651a178974e3b913bc9a285e8e55bab95f"
"obj.Kant.Dom.no_silent_upgrade","theorem","Kant.Dom.no_silent_upgrade","PROVEN","∀ (d : Kant.Dom.Domain) (oid : Kant.Dom.Id) (e : Kant.Dom.Event) (t : Kant.Dom.Truth),   Ne t Kant.Dom.Truth.proven →     Eq (Kant.Dom.step d oid e t).fst Kant.Dom.Truth.proven →       Exists fun i =>         Exists fun p =>           And (Eq e (Kant.Dom.Event.validated i))             (And (Eq (Kant.Dom.findProof d i) (Option.some p)) (Eq p.status Kant.Dom.PStatus.valid))","L1;S18;obj.Kant.Dom.Event","O0;","L0;","L0;","L1;S32;claim.Kant.Dom.no_silent_upgrade","L0;","L1;S32;proof.Kant.Dom.no_silent_upgrade","L0;","S375;∀ (d : Kant.Dom.Domain) (oid : Kant.Dom.Id) (e : Kant.Dom.Event) (t : Kant.Dom.Truth),   Ne t Kant.Dom.Truth.proven →     Eq (Kant.Dom.step d oid e t).fst Kant.Dom.Truth.proven →       Exists fun i =>         Exists fun p =>           And (Eq e (Kant.Dom.Event.validated i))             (And (Eq (Kant.Dom.findProof d i) (Option.some p)) (Eq p.status Kant.Dom.PStatus.valid))","O7;13;source_systemS5;lean411;source_fileS38;RequestProject/Kant/Domain/Policy.lean13;source_formatS4;text11;imported_atI+0;14;transformed_atI+105;15;transformationsL0;13;parent_objectS0;","8d42cfe75a64d94aeb291494095da62d51b8e5e9daa653fca2ff19f967062fef"
"obj.Kant.Diagnostics.Log.ctorIdx","def","Kant.Diagnostics.Log.ctorIdx","ASSERTED","Kant.Diagnostics.Log → Nat","L0;","O0;","L0;","L0;","L0;","L0;","L0;","L0;","S26;Kant.Diagnostics.Log → Nat","O7;13;source_systemS5;lean411;source_fileS36;RequestProject/Kant/Diagnostics.lean13;source_formatS4;text11;imported_atI+0;14;transformed_atI+0;15;transformationsL0;13;parent_objectS0;","91050bea9c9f356ce08ad2f2fab444e73bb2600f0ab1d3b283370bb988ca42ed"
"obj.Kant.Paste.ctorIdx","def","Kant.Paste.ctorIdx","ASSERTED","Kant.Paste → Nat","L0;","O0;","L0;","L0;","L0;","L0;","L0;","L0;","S16;Kant.Paste → Nat","O7;13;source_systemS5;lean411;source_fileS30;RequestProject/Kant/Paste.lean13;source_formatS4;text11;imported_atI+0;14;transformed_atI+0;15;transformationsL0;13;parent_objectS0;","da00c6e1f6cb98b136523045aa503dce5f6ff8b570f1706b15dc7ab4af8dbe88"
"obj.Kant.Dom.step.eq_8","theorem","Kant.Dom.step.eq_8","PROVEN","∀ (d : Kant.Dom.Domain) (objectId : Kant.Dom.Id) (t : Kant.Dom.Truth) (a : Kant.Dom.Id),   Eq (Kant.Dom.step d objectId (Kant.Dom.Event.invalidation a) t)     { fst := Kant.Dom.Truth.invalid,       snd :=         Option.some           (Kant.Dom.policyErr ""VALIDATION_FAILED"".toList ""validation of this value failed"".toList             objectId             (ite (Eq t Kant.Dom.Truth.proven) Kant.Codec.Severity.fatal               Kant.Codec.Severity.error)) }","L0;","O0;","L0;","L0;","L1;S24;claim.Kant.Dom.step.eq_8","L0;","L1;S24;proof.Kant.Dom.step.eq_8","L0;","S459;∀ (d : Kant.Dom.Domain) (objectId : Kant.Dom.Id) (t : Kant.Dom.Truth) (a : Kant.Dom.Id),   Eq (Kant.Dom.step d objectId (Kant.Dom.Event.invalidation a) t)     { fst := Kant.Dom.Truth.invalid,       snd :=         Option.some           (Kant.Dom.policyErr ""VALIDATION_FAILED"".toList ""validation of this value failed"".toList             objectId             (ite (Eq t Kant.Dom.Truth.proven) Kant.Codec.Severity.fatal               Kant.Codec.Severity.error)) }","O7;13;source_systemS5;lean411;source_fileS38;RequestProject/Kant/Domain/Policy.lean13;source_formatS4;text11;imported_atI+0;14;transformed_atI+0;15;transformationsL0;13;parent_objectS0;","3f7ddf281dc81641bde0dd1e6d2a4f660fe963b1ec48763bf5dd8513c459ca20"
"obj.Kant.Wasm.Decode.toRaw","def","Kant.Wasm.Decode.toRaw","ASSERTED","Kant.Wasm.Instr → Kant.Wasm.Decode.RawInstr","L0;","O0;","L0;","L0;","L0;","L0;","L0;","L0;","S43;Kant.Wasm.Instr → Kant.Wasm.Decode.RawInstr","O7;13;source_systemS5;lean411;source_fileS31;RequestProject/Wasm/Decode.lean13;source_formatS4;text11;imported_atI+0;14;transformed_atI+51;15;transformationsL0;13;parent_objectS0;","40b01bda33d287ac0218aac145738f8fa0326a6c31c66bf2ed8f0787ef494855"
"obj.Kant.Codec.Outp.mk.noConfusion","def","Kant.Codec.Outp.mk.noConfusion","ASSERTED","{P : Sort u} →   {id name type : List Char} →     {value : Kant.Codec.Val} →       {encoding : List Char} →         {claims : List Kant.Codec.Val} →           {certificate : Kant.Codec.Val} →             {provenance : Option Kant.Codec.Prov} →               {id' name' type' : List Char} →                 {value' : Kant.Codec.Val} →                   {encoding' : List Char} →                     {claims' : List Kant.Codec.Val} →                       {certificate' : Kant.Codec.Val} →                         {provenance' : Option Kant.Codec.Prov} →                           Eq                               { id := id, name := name, type := type, value := value,                                 encoding := encoding, claims := claims, certificate := certificate,                                 provenance := provenance }                               { id := id', name := name', type := type', value := value',                                 encoding := encoding', claims := claims',                                 certificate := certificate', provenance := provenance' } →                             (Eq id id' →                                 Eq name name' →                                   Eq type type' →                                     Eq value value' →                                       Eq encoding encoding' →                                         Eq claims claims' →                                           Eq certificate certificate' →                                             Eq provenance provenance' → P) →                               P","L0;","O0;","L0;","L0;","L0;","L0;","L0;","L0;","S1577;{P : Sort u} →   {id name type : List Char} →     {value : Kant.Codec.Val} →       {encoding : List Char} →         {claims : List Kant.Codec.Val} →           {certificate : Kant.Codec.Val} →             {provenance : Option Kant.Codec.Prov} →               {id' name' type' : List Char} →                 {value' : Kant.Codec.Val} →                   {encoding' : List Char} →                     {claims' : List Kant.Codec.Val} →                       {certificate' : Kant.Codec.Val} →                         {provenance' : Option Kant.Codec.Prov} →                           Eq                               { id := id, name := name, type := type, value := value,                                 encoding := encoding, claims := claims, certificate := certificate,                                 provenance := provenance }                               { id := id', name := name', type := type', value := value',                                 encoding := encoding', claims := claims',                                 certificate := certificate', provenance := provenance' } →                             (Eq id id' →                                 Eq name name' →                                   Eq type type' →                                     Eq value value' →                                       Eq encoding encoding' →                                         Eq claims claims' →                                           Eq certificate certificate' →                                             Eq provenance provenance' → P) →                               P","O7;13;source_systemS5;lean411;source_fileS36;RequestProject/Kant/Codec/Model.lean13;source_formatS4;text11;imported_atI+0;14;transformed_atI+395;15;transformationsL0;13;parent_objectS0;","82d6febe0ff6821ece85950ffc7ad8c9b21a414894a7f70065078e04483393eb"
"obj.Kant.Connectivity.Verdict.relayDown.elim","def","Kant.Connectivity.Verdict.relayDown.elim","ASSERTED","{motive : Kant.Connectivity.Verdict → Sort u} →   (t : Kant.Connectivity.Verdict) →     Eq t.ctorIdx 3 → motive Kant.Connectivity.Verdict.relayDown → motive t","L0;","O0;","L0;","L0;","L0;","L0;","L0;","L0;","S158;{motive : Kant.Connectivity.Verdict → Sort u} →   (t : Kant.Connectivity.Verdict) →     Eq t.ctorIdx 3 → motive Kant.Connectivity.Verdict.relayDown → motive t","O7;13;source_systemS5;lean411;source_fileS37;RequestProject/Kant/Connectivity.lean13;source_formatS4;text11;imported_atI+0;14;transformed_atI+181;15;transformationsL0;13;parent_objectS0;","f0c10798a1d43a6972e2024532f5b5e68bd8dc2fe5cdd1eb71df2702ff7ee398"
"obj.Kant.Connectivity.explain.eq_6","theorem","Kant.Connectivity.explain.eq_6","PROVEN","Eq (Kant.Connectivity.explain Kant.Connectivity.Verdict.noTransport)   ""no-transport: no relay, and no same-browser channel"".toList","L0;","O0;","L0;","L0;","L1;S36;claim.Kant.Connectivity.explain.eq_6","L0;","L1;S36;proof.Kant.Connectivity.explain.eq_6","L0;","S131;Eq (Kant.Connectivity.explain Kant.Connectivity.Verdict.noTransport)   ""no-transport: no relay, and no same-browser channel"".toList","O7;13;source_systemS5;lean411;source_fileS37;RequestProject/Kant/Connectivity.lean13;source_formatS4;text11;imported_atI+0;14;transformed_atI+0;15;transformationsL0;13;parent_objectS0;","0bcf30bc2f0d5d21fd851e5fb8566d6ef33b12fd26e116bb37beda16cebb4008"
"obj.Kant.Sheaf.Section","inductive","Kant.Sheaf.Section","ASSERTED","Type","L0;","O0;","L0;","L0;","L0;","L0;","L0;","L0;","S4;Type","O7;13;source_systemS5;lean411;source_fileS30;RequestProject/Kant/Sheaf.lean13;source_formatS4;text11;imported_atI+0;14;transformed_atI+148;15;transformationsL0;13;parent_objectS0;","82104349382e591e61cc31f099739201001d5ca416619398f19bac790c0f02fb"
"obj.Kant.Dom.readCells","def","Kant.Dom.readCells","ASSERTED","Nat → List Char → Option (Prod (List (List Char)) (List Char))","L0;","O0;","L0;","L0;","L0;","L0;","L0;","L0;","S62;Nat → List Char → Option (Prod (List (List Char)) (List Char))","O7;13;source_systemS5;lean411;source_fileS37;RequestProject/Kant/Domain/Table.lean13;source_formatS4;text11;imported_atI+0;14;transformed_atI+51;15;transformationsL0;13;parent_objectS0;","ae8902becfafadae5dda5719ae521e3111dff71c14adff5879a5bd0b4e0a9f1b"
"obj.Kant.SiteCard.breakAt.eq_2","theorem","Kant.SiteCard.breakAt.eq_2","PROVEN","∀ (d c : Char) (cs : List Char),   Eq (Kant.SiteCard.breakAt d (List.cons c cs))     (ite (Eq c d) (Option.some { fst := List.nil, snd := cs })       (Option.map (fun p => { fst := List.cons c p.fst, snd := p.snd })         (Kant.SiteCard.breakAt d cs)))","L0;","O0;","L0;","L0;","L1;S32;claim.Kant.SiteCard.breakAt.eq_2","L0;","L1;S32;proof.Kant.SiteCard.breakAt.eq_2","L0;","S254;∀ (d c : Char) (cs : List Char),   Eq (Kant.SiteCard.breakAt d (List.cons c cs))     (ite (Eq c d) (Option.some { fst := List.nil, snd := cs })       (Option.map (fun p => { fst := List.cons c p.fst, snd := p.snd })         (Kant.SiteCard.breakAt d cs)))","O7;13;source_systemS5;lean411;source_fileS33;RequestProject/Kant/SiteCard.lean13;source_formatS4;text11;imported_atI+0;14;transformed_atI+0;15;transformationsL0;13;parent_objectS0;","dccf27234738c442a80abfbcf9ad3ed518ba51e6c7293b7cdf79d494a26dda0f"
"obj.Kant.Codec.readDigits.eq_def","theorem","Kant.Codec.readDigits.eq_def","PROVEN","∀ (acc : Nat) (x : List Char),   Eq (Kant.Codec.readDigits acc x)     (Kant.Codec.readQuoted.match_3 (fun x => Prod Nat (List Char)) x       (fun _ => { fst := acc, snd := List.nil }) fun c cs =>       Kant.Codec.readDigits.match_1 (fun x => Prod Nat (List Char)) (Kant.Codec.digitVal c)         (fun d => Kant.Codec.readDigits (instHAdd.hAdd (instHMul.hMul acc 10) d) cs) fun _ =>         { fst := acc, snd := List.cons c cs })","L0;","O0;","L0;","L0;","L1;S34;claim.Kant.Codec.readDigits.eq_def","L0;","L1;S34;proof.Kant.Codec.readDigits.eq_def","L0;","S428;∀ (acc : Nat) (x : List Char),   Eq (Kant.Codec.readDigits acc x)     (Kant.Codec.readQuoted.match_3 (fun x => Prod Nat (List Char)) x       (fun _ => { fst := acc, snd := List.nil }) fun c cs =>       Kant.Codec.readDigits.match_1 (fun x => Prod Nat (List Char)) (Kant.Codec.digitVal c)         (fun d => Kant.Codec.readDigits (instHAdd.hAdd (instHMul.hMul acc 10) d) cs) fun _ =>         { fst := acc, snd := List.cons c cs })","O7;13;source_systemS5;lean411;source_fileS35;RequestProject/Kant/Codec/Yaml.lean13;source_formatS4;text11;imported_atI+0;14;transformed_atI+0;15;transformationsL0;13;parent_objectS0;","26376429a54d7c0d812dd861e93805b24e93f269619c86dfbea6000c6fc589d4"
"obj.Kant.Wasm.Decode.tags.match_1","def","Kant.Wasm.Decode.tags.match_1","ASSERTED","(motive : Option Kant.Wasm.Decode.Bytes → Sort u_1) →   (x : Option Kant.Wasm.Decode.Bytes) →     ((bs' : Kant.Wasm.Decode.Bytes) → motive (Option.some bs')) →       (Unit → motive Option.none) → motive x","L0;","O0;","L0;","L0;","L0;","L0;","L0;","L0;","S204;(motive : Option Kant.Wasm.Decode.Bytes → Sort u_1) →   (x : Option Kant.Wasm.Decode.Bytes) →     ((bs' : Kant.Wasm.Decode.Bytes) → motive (Option.some bs')) →       (Unit → motive Option.none) → motive x","O7;13;source_systemS5;lean411;source_fileS31;RequestProject/Wasm/Decode.lean13;source_formatS4;text11;imported_atI+0;14;transformed_atI+0;15;transformationsL0;13;parent_objectS0;","788a8acf86518e4d15bfdbef69613ada26b7afdea7878567078bf09a86928564"
"obj.Kant.Strip.readStrip_strip","theorem","Kant.Strip.readStrip_strip","PROVEN","∀ {t : Kant.Meme.Template} {limit : Nat} {e : Kant.Clipboard.Envelope},   instLTNat.lt 0 limit →     Kant.Strip.PartsFit t (Kant.Sneakernet.frames limit (Kant.Text.asciiBytes e.encode)) →       Eq (Kant.Strip.readStrip (Kant.Strip.strip t limit e)) (Option.some e)","L1;S22;obj.Kant.Stego.Carrier","O0;","L0;","L0;","L1;S32;claim.Kant.Strip.readStrip_strip","L0;","L1;S32;proof.Kant.Strip.readStrip_strip","L0;","S264;∀ {t : Kant.Meme.Template} {limit : Nat} {e : Kant.Clipboard.Envelope},   instLTNat.lt 0 limit →     Kant.Strip.PartsFit t (Kant.Sneakernet.frames limit (Kant.Text.asciiBytes e.encode)) →       Eq (Kant.Strip.readStrip (Kant.Strip.strip t limit e)) (Option.some e)","O7;13;source_systemS5;lean411;source_fileS30;RequestProject/Kant/Strip.lean13;source_formatS4;text11;imported_atI+0;14;transformed_atI+113;15;transformationsL0;13;parent_objectS0;","88521dcbba5ea6c16dffd9229c144e8e9e098fcd3582dffb4558ba37e99cae28"
"obj.Kant.Diagnostics.Area.ctorIdx","def","Kant.Diagnostics.Area.ctorIdx","ASSERTED","Kant.Diagnostics.Area → Nat","L0;","O0;","L0;","L0;","L0;","L0;","L0;","L0;","S27;Kant.Diagnostics.Area → Nat","O7;13;source_systemS5;lean411;source_fileS36;RequestProject/Kant/Diagnostics.lean13;source_formatS4;text11;imported_atI+0;14;transformed_atI+0;15;transformationsL0;13;parent_objectS0;","91bce4b38016ddb80a1f54ae9f34ce53c12303aa84fc3466ee7ab9f07885e4c1"
"obj.Kant.Codec.readRowList.eq_def","theorem","Kant.Codec.readRowList.eq_def","PROVEN","∀ (x x_1 : Nat) (x_2 : List Kant.Codec.Row),   Eq (Kant.Codec.readRowList x x_1 x_2)     (Kant.Codec.readRowList.match_3       (fun x x_3 x_4 => Option (Prod (List Kant.Codec.Val) (List Kant.Codec.Row))) x x_1 x_2       (fun x rs => Option.some { fst := List.nil, snd := rs }) fun fuel n rs =>       Kant.Codec.readRowList.match_1         (fun x => Option (Prod (List Kant.Codec.Val) (List Kant.Codec.Row)))         (Kant.Codec.readRowVal fuel rs)         (fun v rs' =>           Option.map (fun p => { fst := List.cons v p.fst, snd := p.snd })             (Kant.Codec.readRowList fuel n rs'))         fun _ => Option.none)","L0;","O0;","L0;","L0;","L1;S35;claim.Kant.Codec.readRowList.eq_def","L0;","L1;S35;proof.Kant.Codec.readRowList.eq_def","L0;","S623;∀ (x x_1 : Nat) (x_2 : List Kant.Codec.Row),   Eq (Kant.Codec.readRowList x x_1 x_2)     (Kant.Codec.readRowList.match_3       (fun x x_3 x_4 => Option (Prod (List Kant.Codec.Val) (List Kant.Codec.Row))) x x_1 x_2       (fun x rs => Option.some { fst := List.nil, snd := rs }) fun fuel n rs =>       Kant.Codec.readRowList.match_1         (fun x => Option (Prod (List Kant.Codec.Val) (List Kant.Codec.Row)))         (Kant.Codec.readRowVal fuel rs)         (fun v rs' =>           Option.map (fun p => { fst := List.cons v p.fst, snd := p.snd })             (Kant.Codec.readRowList fuel n rs'))         fun _ => Option.none)","O7;13;source_systemS5;lean411;source_fileS34;RequestProject/Kant/Codec/Csv.lean13;source_formatS4;text11;imported_atI+0;14;transformed_atI+0;15;transformationsL0;13;parent_objectS0;","7af692c32487c83f66ed4e99a8a8dec428d21c5c8c694845a7d387656511da1a"
"obj.Kant.Codec.parseNatAll.eq_1","theorem","Kant.Codec.parseNatAll.eq_1","PROVEN","∀ (s : List Char),   Eq (Kant.Codec.parseNatAll s)     (Kant.Codec.parseNatAll.match_1 (fun x => Option Nat) (Kant.Codec.readDigits 0 s)       (fun n => Option.some n) fun x => Option.none)","L0;","O0;","L0;","L0;","L1;S33;claim.Kant.Codec.parseNatAll.eq_1","L0;","L1;S33;proof.Kant.Codec.parseNatAll.eq_1","L0;","S189;∀ (s : List Char),   Eq (Kant.Codec.parseNatAll s)     (Kant.Codec.parseNatAll.match_1 (fun x => Option Nat) (Kant.Codec.readDigits 0 s)       (fun n => Option.some n) fun x => Option.none)","O7;13;source_systemS5;lean411;source_fileS34;RequestProject/Kant/Codec/Csv.lean13;source_formatS4;text11;imported_atI+0;14;transformed_atI+0;15;transformationsL0;13;parent_objectS0;","c6f90ba5d9eee3e37e304e81a6215088e0737f6feb7a40a9141dce28c36cf60e"
"obj.Kant.Cli.curlArgv.match_1","def","Kant.Cli.curlArgv.match_1","ASSERTED","(motive : Kant.Cli.Req → Sort u_1) →   (x : Kant.Cli.Req) →     ((url body : List Char) → motive { method := Kant.Cli.Method.get, url := url, body := body }) →       ((url body : List Char) →           motive { method := Kant.Cli.Method.post, url := url, body := body }) →         motive x","L0;","O0;","L0;","L0;","L0;","L0;","L0;","L0;","S289;(motive : Kant.Cli.Req → Sort u_1) →   (x : Kant.Cli.Req) →     ((url body : List Char) → motive { method := Kant.Cli.Method.get, url := url, body := body }) →       ((url body : List Char) →           motive { method := Kant.Cli.Method.post, url := url, body := body }) →         motive x","O7;13;source_systemS5;lean411;source_fileS28;RequestProject/Kant/Cli.lean13;source_formatS4;text11;imported_atI+0;14;transformed_atI+0;15;transformationsL0;13;parent_objectS0;","995740770bf58e0a089e549e88163d4d5f46734db1bf194c24cd547dca48f2ef"
"obj.Kant.Relay.transcript_sorted","theorem","Kant.Relay.transcript_sorted","PROVEN","∀ (ms : List Kant.Relay.Msg),   List.Pairwise (fun a b => Eq (Kant.Relay.leMsg a b) Bool.true) (Kant.Relay.transcript ms)","L0;","O0;","L0;","L0;","L1;S34;claim.Kant.Relay.transcript_sorted","L0;","L1;S34;proof.Kant.Relay.transcript_sorted","L0;","S121;∀ (ms : List Kant.Relay.Msg),   List.Pairwise (fun a b => Eq (Kant.Relay.leMsg a b) Bool.true) (Kant.Relay.transcript ms)","O7;13;source_systemS5;lean411;source_fileS30;RequestProject/Kant/Relay.lean13;source_formatS4;text11;imported_atI+0;14;transformed_atI+376;15;transformationsL0;13;parent_objectS0;","6743fecd27e68e6d069c1a796caa1d42117c5fdf5c8f52a798c3b378a37669fc"
"obj.Kant.Codec.xVal.match_1","def","Kant.Codec.xVal.match_1","ASSERTED","(motive : Option (List Char) → Sort u_1) →   (x : Option (List Char)) →     ((r0 : List Char) → motive (Option.some r0)) → (Unit → motive Option.none) → motive x","L0;","O0;","L0;","L0;","L0;","L0;","L0;","L0;","S161;(motive : Option (List Char) → Sort u_1) →   (x : Option (List Char)) →     ((r0 : List Char) → motive (Option.some r0)) → (Unit → motive Option.none) → motive x","O7;13;source_systemS5;lean411;source_fileS34;RequestProject/Kant/Codec/Xml.lean13;source_formatS4;text11;imported_atI+0;14;transformed_atI+0;15;transformationsL0;13;parent_objectS0;","6c7781a816308c4f9587d9ed3ab5fec4c146b54151861675dd99f6b963c29aaa"
"obj.Kant.Codec.xStrClose.eq_1","theorem","Kant.Codec.xStrClose.eq_1","PROVEN","Eq Kant.Codec.xStrClose   (List.cons '<'     (List.cons '/' (List.cons 's' (List.cons 't' (List.cons 'r' (List.cons '>' List.nil))))))","L0;","O0;","L0;","L0;","L1;S31;claim.Kant.Codec.xStrClose.eq_1","L0;","L1;S31;proof.Kant.Codec.xStrClose.eq_1","L0;","S134;Eq Kant.Codec.xStrClose   (List.cons '<'     (List.cons '/' (List.cons 's' (List.cons 't' (List.cons 'r' (List.cons '>' List.nil))))))","O7;13;source_systemS5;lean411;source_fileS34;RequestProject/Kant/Codec/Xml.lean13;source_formatS4;text11;imported_atI+0;14;transformed_atI+0;15;transformationsL0;13;parent_objectS0;","b967aec4165d8f67fddd498faed939e482fa6cc53db5c3ed197bf8571b07a36a"
"obj.Kant.Wasm.Decode.RawInstr.binop.elim","def","Kant.Wasm.Decode.RawInstr.binop.elim","ASSERTED","{motive : Kant.Wasm.Decode.RawInstr → Sort u} →   (t : Kant.Wasm.Decode.RawInstr) →     Eq t.ctorIdx 2 →       ((op : Kant.Wasm.BinOp) → motive (Kant.Wasm.Decode.RawInstr.binop op)) → motive t","L0;","O0;","L0;","L0;","L0;","L0;","L0;","L0;","S192;{motive : Kant.Wasm.Decode.RawInstr → Sort u} →   (t : Kant.Wasm.Decode.RawInstr) →     Eq t.ctorIdx 2 →       ((op : Kant.Wasm.BinOp) → motive (Kant.Wasm.Decode.RawInstr.binop op)) → motive t","O7;13;source_systemS5;lean411;source_fileS31;RequestProject/Wasm/Decode.lean13;source_formatS4;text11;imported_atI+0;14;transformed_atI+46;15;transformationsL0;13;parent_objectS0;","aaac1e04f9cf5095f9df755fdf0c7ab2ee72375ab5fce7af9d291b96ee2a340c"
"obj.Kant.SiteCard.toCard.match_1","def","Kant.SiteCard.toCard.match_1","ASSERTED","(motive : List Kant.Bytes.Blob → Sort u_1) →   (x : List Kant.Bytes.Blob) →     ((u c p a : Kant.Bytes.Blob) →         motive (List.cons u (List.cons c (List.cons p (List.cons a List.nil))))) →       ((x : List Kant.Bytes.Blob) → motive x) → motive x","L0;","O0;","L0;","L0;","L0;","L0;","L0;","L0;","S250;(motive : List Kant.Bytes.Blob → Sort u_1) →   (x : List Kant.Bytes.Blob) →     ((u c p a : Kant.Bytes.Blob) →         motive (List.cons u (List.cons c (List.cons p (List.cons a List.nil))))) →       ((x : List Kant.Bytes.Blob) → motive x) → motive x","O7;13;source_systemS5;lean411;source_fileS33;RequestProject/Kant/SiteCard.lean13;source_formatS4;text11;imported_atI+0;14;transformed_atI+0;15;transformationsL0;13;parent_objectS0;","8f9ea5d158c36cd629e29458041b7219152fd0964219ab085c9fb8756333180b"
"obj.Kant.Dom.Tests.exTheorem","def","Kant.Dom.Tests.exTheorem","ASSERTED","Kant.Dom.DomObj","L0;","O0;","L0;","L0;","L0;","L0;","L0;","L0;","S15;Kant.Dom.DomObj","O7;13;source_systemS5;lean411;source_fileS37;RequestProject/Kant/Domain/Tests.lean13;source_formatS4;text11;imported_atI+0;14;transformed_atI+40;15;transformationsL0;13;parent_objectS0;","8bd950a9bdf21f6ce90bfd9b37b5ef6f1e56a3e35520fbb279f51dc0eb9280b5"
"obj.Kant.Uucp.Site.visit","def","Kant.Uucp.Site.visit","ASSERTED","Kant.Uucp.Site → List Char → Kant.Uucp.Node → Kant.Uucp.Node","L0;","O0;","L0;","L0;","L0;","L0;","L0;","L0;","S60;Kant.Uucp.Site → List Char → Kant.Uucp.Node → Kant.Uucp.Node","O7;13;source_systemS5;lean411;source_fileS29;RequestProject/Kant/Uucp.lean13;source_formatS4;text11;imported_atI+0;14;transformed_atI+762;15;transformationsL0;13;parent_objectS0;","f2b27a1363e9319bc7533045a2d87918458e257f7d39ce99d7fe0a4f8346c566"
"obj.Kant.Wasm.BinOp.shru.sizeOf_spec","theorem","Kant.Wasm.BinOp.shru.sizeOf_spec","PROVEN","Eq (Kant.Wasm.BinOp._sizeOf_inst.sizeOf Kant.Wasm.BinOp.shru) 1","L0;","O0;","L0;","L0;","L1;S38;claim.Kant.Wasm.BinOp.shru.sizeOf_spec","L0;","L1;S38;proof.Kant.Wasm.BinOp.shru.sizeOf_spec","L0;","S63;Eq (Kant.Wasm.BinOp._sizeOf_inst.sizeOf Kant.Wasm.BinOp.shru) 1","O7;13;source_systemS5;lean411;source_fileS31;RequestProject/Wasm/Syntax.lean13;source_formatS4;text11;imported_atI+0;14;transformed_atI+0;15;transformationsL0;13;parent_objectS0;","6c7232639891884b76a5c822f627b758840e1ee61e681c3134d7f7a6c8e227be"
"obj.Kant.PlainText.Meta.posted","def","Kant.PlainText.Meta.posted","ASSERTED","Kant.PlainText.Meta → List Char","L0;","O0;","L0;","L0;","L0;","L0;","L0;","L0;","S31;Kant.PlainText.Meta → List Char","O7;13;source_systemS5;lean411;source_fileS34;RequestProject/Kant/PlainText.lean13;source_formatS4;text11;imported_atI+0;14;transformed_atI+95;15;transformationsL0;13;parent_objectS0;","7e52a52bee3bb2d321ceade43a47eef84554244b3f71519192abcc44c7691cd6"
"obj.Kant.Wasm.BinOp.ctorElim","def","Kant.Wasm.BinOp.ctorElim","ASSERTED","{motive : Kant.Wasm.BinOp → Sort u} →   (ctorIdx : Nat) →     (t : Kant.Wasm.BinOp) → Eq ctorIdx t.ctorIdx → Kant.Wasm.BinOp.ctorElimType ctorIdx → motive t","L0;","O0;","L0;","L0;","L0;","L0;","L0;","L0;","S156;{motive : Kant.Wasm.BinOp → Sort u} →   (ctorIdx : Nat) →     (t : Kant.Wasm.BinOp) → Eq ctorIdx t.ctorIdx → Kant.Wasm.BinOp.ctorElimType ctorIdx → motive t","O7;13;source_systemS5;lean411;source_fileS31;RequestProject/Wasm/Syntax.lean13;source_formatS4;text11;imported_atI+0;14;transformed_atI+25;15;transformationsL0;13;parent_objectS0;","f712762ef2750b9e9efbcdb20985329149e1b457a63d7f981e5084fa61ea9a0b"
"obj.Kant.Dom.readAllRows.match_1","def","Kant.Dom.readAllRows.match_1","ASSERTED","(motive : Option (Prod (List (List Char)) (List Char)) → Sort u_1) →   (x : Option (Prod (List (List Char)) (List Char))) →     ((cs : List (List Char)) → (r : List Char) → motive (Option.some { fst := cs, snd := r })) →       (Unit → motive Option.none) → motive x","L0;","O0;","L0;","L0;","L0;","L0;","L0;","L0;","S265;(motive : Option (Prod (List (List Char)) (List Char)) → Sort u_1) →   (x : Option (Prod (List (List Char)) (List Char))) →     ((cs : List (List Char)) → (r : List Char) → motive (Option.some { fst := cs, snd := r })) →       (Unit → motive Option.none) → motive x","O7;13;source_systemS5;lean411;source_fileS37;RequestProject/Kant/Domain/Table.lean13;source_formatS4;text11;imported_atI+0;14;transformed_atI+0;15;transformationsL0;13;parent_objectS0;","2bdb8eda80659474488c2abf68340047010ddec3dc15ae0a6f97327ee00bd77d"
"obj.Kant.Dasl.Orbifold.n","def","Kant.Dasl.Orbifold.n","ASSERTED","Kant.Dasl.Orbifold → Nat","L0;","O0;","L0;","L0;","L0;","L0;","L0;","L0;","S24;Kant.Dasl.Orbifold → Nat","O7;13;source_systemS5;lean411;source_fileS29;RequestProject/Kant/Dasl.lean13;source_formatS4;text11;imported_atI+0;14;transformed_atI+193;15;transformationsL0;13;parent_objectS0;","2f5c6879606109b0bcfbb9b80fea687baca1226dfb707296b0d57a1e5b639a61"
"obj.Kant.Bytes.hexVal","def","Kant.Bytes.hexVal","ASSERTED","Char → Option Nat","L0;","O0;","L0;","L0;","L0;","L0;","L0;","L0;","S17;Char → Option Nat","O7;13;source_systemS5;lean411;source_fileS30;RequestProject/Kant/Bytes.lean13;source_formatS4;text11;imported_atI+0;14;transformed_atI+42;15;transformationsL0;13;parent_objectS0;","be87c811b51ace2144e2e00da795164e0ecf6293c839f57bfb9afb2868497658"
"obj.Kant.Store.has","def","Kant.Store.has","ASSERTED","Kant.Store → List Char → Bool","L0;","O0;","L0;","L0;","L0;","L0;","L0;","L0;","S29;Kant.Store → List Char → Bool","O7;13;source_systemS5;lean411;source_fileS30;RequestProject/Kant/Paste.lean13;source_formatS4;text11;imported_atI+0;14;transformed_atI+106;15;transformationsL0;13;parent_objectS0;","3e45a9f4af8593ab7cd35c48e3b0acb85edbcee976d152710860c0aa17e6795e"
"obj.Kant.Dom.instInhabitedEvidence.default","def","Kant.Dom.instInhabitedEvidence.default","ASSERTED","Kant.Dom.Evidence","L0;","O0;","L0;","L0;","L0;","L0;","L0;","L0;","S17;Kant.Dom.Evidence","O7;13;source_systemS5;lean411;source_fileS37;RequestProject/Kant/Domain/Model.lean13;source_formatS4;text11;imported_atI+0;14;transformed_atI+478;15;transformationsL0;13;parent_objectS0;","7da895f3798490e0f2c0d2ad497140d325565cbe75b573c6803623a36901c239"
"obj.Kant.Wasm.Decode.RawInstr.recOn","def","Kant.Wasm.Decode.RawInstr.recOn","ASSERTED","{motive : Kant.Wasm.Decode.RawInstr → Sort u} →   (t : Kant.Wasm.Decode.RawInstr) →     ((n : Int) → motive (Kant.Wasm.Decode.RawInstr.i64const n)) →       ((i : Nat) → motive (Kant.Wasm.Decode.RawInstr.localGet i)) →         ((op : Kant.Wasm.BinOp) → motive (Kant.Wasm.Decode.RawInstr.binop op)) →           ((op : Kant.Wasm.CmpOp) → motive (Kant.Wasm.Decode.RawInstr.cmpop op)) →             motive Kant.Wasm.Decode.RawInstr.extendU → motive t","L0;","O0;","L0;","L0;","L0;","L0;","L0;","L0;","S445;{motive : Kant.Wasm.Decode.RawInstr → Sort u} →   (t : Kant.Wasm.Decode.RawInstr) →     ((n : Int) → motive (Kant.Wasm.Decode.RawInstr.i64const n)) →       ((i : Nat) → motive (Kant.Wasm.Decode.RawInstr.localGet i)) →         ((op : Kant.Wasm.BinOp) → motive (Kant.Wasm.Decode.RawInstr.binop op)) →           ((op : Kant.Wasm.CmpOp) → motive (Kant.Wasm.Decode.RawInstr.cmpop op)) →             motive Kant.Wasm.Decode.RawInstr.extendU → motive t","O7;13;source_systemS5;lean411;source_fileS31;RequestProject/Wasm/Decode.lean13;source_formatS4;text11;imported_atI+0;14;transformed_atI+41;15;transformationsL0;13;parent_objectS0;","b7db4556c1e2eee7c4f34c3423d99b840dceb1881612ac6d4aed7cbdbec8dc2a"
"obj.Kant.Diagnostics.Report.mk.noConfusion","def","Kant.Diagnostics.Report.mk.noConfusion","ASSERTED","{P : Sort u} →   {verdict : Kant.Connectivity.Verdict} →     {room relay : List Char} →       {events : List Kant.Diagnostics.Event} →         {verdict' : Kant.Connectivity.Verdict} →           {room' relay' : List Char} →             {events' : List Kant.Diagnostics.Event} →               Eq { verdict := verdict, room := room, relay := relay, events := events }                   { verdict := verdict', room := room', relay := relay', events := events' } →                 (Eq verdict verdict' → Eq room room' → Eq relay relay' → Eq events events' → P) → P","L0;","O0;","L0;","L0;","L0;","L0;","L0;","L0;","S559;{P : Sort u} →   {verdict : Kant.Connectivity.Verdict} →     {room relay : List Char} →       {events : List Kant.Diagnostics.Event} →         {verdict' : Kant.Connectivity.Verdict} →           {room' relay' : List Char} →             {events' : List Kant.Diagnostics.Event} →               Eq { verdict := verdict, room := room, relay := relay, events := events }                   { verdict := verdict', room := room', relay := relay', events := events' } →                 (Eq verdict verdict' → Eq room room' → Eq relay relay' → Eq events events' → P) → P","O7;13;source_systemS5;lean411;source_fileS36;RequestProject/Kant/Diagnostics.lean13;source_formatS4;text11;imported_atI+0;14;transformed_atI+484;15;transformationsL0;13;parent_objectS0;","b5320f687b75966653dacdad22562801e6e36ad30aab1900351d76eecc3ef9bb"
"obj.Kant.Codec.parseIntAll.eq_1","theorem","Kant.Codec.parseIntAll.eq_1","PROVEN","∀ (s : List Char),   Eq (Kant.Codec.parseIntAll s)     (Kant.Codec.parseIntAll.match_1 (fun x => Option Int) (Kant.Codec.readNumY s)       (fun n => Option.some n) fun x => Option.none)","L1;S26;obj.Kant.Codec.parseIntAll","O0;","L0;","L0;","L1;S33;claim.Kant.Codec.parseIntAll.eq_1","L0;","L1;S33;proof.Kant.Codec.parseIntAll.eq_1","L0;","S185;∀ (s : List Char),   Eq (Kant.Codec.parseIntAll s)     (Kant.Codec.parseIntAll.match_1 (fun x => Option Int) (Kant.Codec.readNumY s)       (fun n => Option.some n) fun x => Option.none)","O7;13;source_systemS5;lean411;source_fileS34;RequestProject/Kant/Codec/Csv.lean13;source_formatS4;text11;imported_atI+0;14;transformed_atI+0;15;transformationsL0;13;parent_objectS0;","105439539d1338204a190df72821a8a3f2469cc24e1842eee8df82dbe5da7161"
"obj.Kant.Codec.ExportReport.mk.noConfusion","def","Kant.Codec.ExportReport.mk.noConfusion","ASSERTED","{P : Sort u} →   {format : Kant.Codec.Fmt} →     {artifact : List Char} →       {lossiness : Kant.Codec.Loss} →         {roundTripped : Bool} →           {ledger : List Kant.Codec.Trans} →             {format' : Kant.Codec.Fmt} →               {artifact' : List Char} →                 {lossiness' : Kant.Codec.Loss} →                   {roundTripped' : Bool} →                     {ledger' : List Kant.Codec.Trans} →                       Eq                           { format := format, artifact := artifact, lossiness := lossiness,                             roundTripped := roundTripped, ledger := ledger }                           { format := format', artifact := artifact', lossiness := lossiness',                             roundTripped := roundTripped', ledger := ledger' } →                         (Eq format format' →                             Eq artifact artifact' →                               Eq lossiness lossiness' →                                 Eq roundTripped roundTripped' → Eq ledger ledger' → P) →                           P","L0;","O0;","L0;","L0;","L0;","L0;","L0;","L0;","S1057;{P : Sort u} →   {format : Kant.Codec.Fmt} →     {artifact : List Char} →       {lossiness : Kant.Codec.Loss} →         {roundTripped : Bool} →           {ledger : List Kant.Codec.Trans} →             {format' : Kant.Codec.Fmt} →               {artifact' : List Char} →                 {lossiness' : Kant.Codec.Loss} →                   {roundTripped' : Bool} →                     {ledger' : List Kant.Codec.Trans} →                       Eq                           { format := format, artifact := artifact, lossiness := lossiness,                             roundTripped := roundTripped, ledger := ledger }                           { format := format', artifact := artifact', lossiness := lossiness',                             roundTripped := roundTripped', ledger := ledger' } →                         (Eq format format' →                             Eq artifact artifact' →                               Eq lossiness lossiness' →                                 Eq roundTripped roundTripped' → Eq ledger ledger' → P) →                           P","O7;13;source_systemS5;lean411;source_fileS39;RequestProject/Kant/Codec/Exchange.lean13;source_formatS4;text11;imported_atI+0;14;transformed_atI+223;15;transformationsL0;13;parent_objectS0;","79cc8fada3917824eabf04965a70834729a7ff82dd677d0af246b4ed05b8ae2d"
"obj.Kant.Handoff.Move.payload.eq_2","theorem","Kant.Handoff.Move.payload.eq_2","PROVEN","Eq Kant.Handoff.Move.pasteIn.payload Option.none","L0;","O0;","L0;","L0;","L1;S36;claim.Kant.Handoff.Move.payload.eq_2","L0;","L1;S36;proof.Kant.Handoff.Move.payload.eq_2","L0;","S48;Eq Kant.Handoff.Move.pasteIn.payload Option.none","O7;13;source_systemS5;lean411;source_fileS32;RequestProject/Kant/Handoff.lean13;source_formatS4;text11;imported_atI+0;14;transformed_atI+0;15;transformationsL0;13;parent_objectS0;","ac22464f8072f035a631dfa1eb32ce126e33a00b0cbb2e6f302e0c6734d3b8cc"
"obj.Kant.Dom.Repair.ofNat_ctorIdx","theorem","Kant.Dom.Repair.ofNat_ctorIdx","PROVEN","∀ (x : Kant.Dom.Repair), Eq (Kant.Dom.Repair.ofNat x.ctorIdx) x","L0;","O0;","L0;","L0;","L1;S35;claim.Kant.Dom.Repair.ofNat_ctorIdx","L0;","L1;S35;proof.Kant.Dom.Repair.ofNat_ctorIdx","L0;","S63;∀ (x : Kant.Dom.Repair), Eq (Kant.Dom.Repair.ofNat x.ctorIdx) x","O7;13;source_systemS5;lean411;source_fileS38;RequestProject/Kant/Domain/Policy.lean13;source_formatS4;text11;imported_atI+0;14;transformed_atI+0;15;transformationsL0;13;parent_objectS0;","273f53adf1734ba39684afc84a2ecfa0dfca38637ba410a9648d92c264601ee6"
"obj.Kant.Sneakernet.chunk","def","Kant.Sneakernet.chunk","ASSERTED","Nat → Kant.Bytes.Blob → List Kant.Bytes.Blob","L0;","O0;","L0;","L0;","L0;","L0;","L0;","L0;","S44;Nat → Kant.Bytes.Blob → List Kant.Bytes.Blob","O7;13;source_systemS5;lean411;source_fileS35;RequestProject/Kant/Sneakernet.lean13;source_formatS4;text11;imported_atI+0;14;transformed_atI+67;15;transformationsL0;13;parent_objectS0;","f2584d86f19cf8611cabb71645bfe0ce98e50eae5015f99b1394bb9805ec6b08"
"obj.Kant.Clipboard.Receipt.noConfusion","def","Kant.Clipboard.Receipt.noConfusion","ASSERTED","{P : Sort u} →   {t t' : Kant.Clipboard.Receipt} → Eq t t' → Kant.Clipboard.Receipt.noConfusionType P t t'","L0;","O0;","L0;","L0;","L0;","L0;","L0;","L0;","S106;{P : Sort u} →   {t t' : Kant.Clipboard.Receipt} → Eq t t' → Kant.Clipboard.Receipt.noConfusionType P t t'","O7;13;source_systemS5;lean411;source_fileS34;RequestProject/Kant/Clipboard.lean13;source_formatS4;text11;imported_atI+0;14;transformed_atI+281;15;transformationsL0;13;parent_objectS0;","7b0c50e631dbe8aa734f1237197c064d1751697cb2c18f741211eac90f3f0a87"
"obj.Kant.Feed.mem_replies_iff","theorem","Kant.Feed.mem_replies_iff","PROVEN","∀ {w : List Char} {ps : List Kant.Paste} {p : Kant.Paste},   Iff (List.instMembership.mem (Kant.Feed.replies w ps) p)     (And (List.instMembership.mem ps p) (Eq p.replyTo (Option.some w)))","L0;","O0;","L0;","L0;","L1;S31;claim.Kant.Feed.mem_replies_iff","L0;","L1;S31;proof.Kant.Feed.mem_replies_iff","L0;","S189;∀ {w : List Char} {ps : List Kant.Paste} {p : Kant.Paste},   Iff (List.instMembership.mem (Kant.Feed.replies w ps) p)     (And (List.instMembership.mem ps p) (Eq p.replyTo (Option.some w)))","O7;13;source_systemS5;lean411;source_fileS29;RequestProject/Kant/Feed.lean13;source_formatS4;text11;imported_atI+0;14;transformed_atI+244;15;transformationsL0;13;parent_objectS0;","80f3b6420d30340b22200de74a98b8f87d842b75485f8d912451bb31f17fdbde"
"obj.Kant.Codec.instInhabitedProv.default","def","Kant.Codec.instInhabitedProv.default","ASSERTED","Kant.Codec.Prov","L0;","O0;","L0;","L0;","L0;","L0;","L0;","L0;","S15;Kant.Codec.Prov","O7;13;source_systemS5;lean411;source_fileS36;RequestProject/Kant/Codec/Model.lean13;source_formatS4;text11;imported_atI+0;14;transformed_atI+330;15;transformationsL0;13;parent_objectS0;","9033a33566d935e8f3c042afbda0b48b0409c340230cfe6e665785b478ebbb91"
"obj.Kant.Paste.mk.sizeOf_spec","theorem","Kant.Paste.mk.sizeOf_spec","PROVEN","∀ (id title : List Char) (content : Kant.Bytes.Blob) (timestamp : List Char)   (replyTo : Option (List Char)),   Eq     (Kant.Paste._sizeOf_inst.sizeOf       { id := id, title := title, content := content, timestamp := timestamp, replyTo := replyTo })     (instHAdd.hAdd       (instHAdd.hAdd         (instHAdd.hAdd           (instHAdd.hAdd (instHAdd.hAdd 1 ((List._sizeOf_inst Char).sizeOf id))             ((List._sizeOf_inst Char).sizeOf title))           ((List._sizeOf_inst UInt8).sizeOf content))         ((List._sizeOf_inst Char).sizeOf timestamp))       ((Option._sizeOf_inst (List Char)).sizeOf replyTo))","L0;","O0;","L0;","L0;","L1;S31;claim.Kant.Paste.mk.sizeOf_spec","L0;","L1;S31;proof.Kant.Paste.mk.sizeOf_spec","L0;","S612;∀ (id title : List Char) (content : Kant.Bytes.Blob) (timestamp : List Char)   (replyTo : Option (List Char)),   Eq     (Kant.Paste._sizeOf_inst.sizeOf       { id := id, title := title, content := content, timestamp := timestamp, replyTo := replyTo })     (instHAdd.hAdd       (instHAdd.hAdd         (instHAdd.hAdd           (instHAdd.hAdd (instHAdd.hAdd 1 ((List._sizeOf_inst Char).sizeOf id))             ((List._sizeOf_inst Char).sizeOf title))           ((List._sizeOf_inst UInt8).sizeOf content))         ((List._sizeOf_inst Char).sizeOf timestamp))       ((Option._sizeOf_inst (List Char)).sizeOf replyTo))","O7;13;source_systemS5;lean411;source_fileS30;RequestProject/Kant/Paste.lean13;source_formatS4;text11;imported_atI+0;14;transformed_atI+0;15;transformationsL0;13;parent_objectS0;","8a9bfd7f8583ce567582489eba6e2099bce3591b1156ddd049baa3d8a7875093"
"obj.Kant.Dom.Decl.ofVal.eq_2","theorem","Kant.Dom.Decl.ofVal.eq_2","PROVEN","∀ (x : Kant.Codec.Val),   (∀ (fs : List (Prod (List Char) Kant.Codec.Val)), Eq x (Kant.Codec.Val.obj fs) → False) →     Eq (Kant.Dom.Decl.ofVal x) Option.none","L2;S17;obj.Kant.Dom.DeclS31;obj.Kant.Dom.Decl.ofVal.match_1","O0;","L0;","L0;","L1;S30;claim.Kant.Dom.Decl.ofVal.eq_2","L0;","L1;S30;proof.Kant.Dom.Decl.ofVal.eq_2","L0;","S158;∀ (x : Kant.Codec.Val),   (∀ (fs : List (Prod (List Char) Kant.Codec.Val)), Eq x (Kant.Codec.Val.obj fs) → False) →     Eq (Kant.Dom.Decl.ofVal x) Option.none","O7;13;source_systemS5;lean411;source_fileS39;RequestProject/Kant/Domain/Catalog.lean13;source_formatS4;text11;imported_atI+0;14;transformed_atI+0;15;transformationsL0;13;parent_objectS0;","6605e5fa6e097e8f862c06a9d616174c65ca24fcd736c3655b29682f14a487c2"
"obj.Kant.Wasm.Expr.wfb.eq_6","theorem","Kant.Wasm.Expr.wfb.eq_6","PROVEN","∀ (arity : Nat) (a_1 a_2 : Kant.Wasm.Expr),   (∀ (k : Nat), Eq a_2 (Kant.Wasm.Expr.const k) → False) →     Eq (Kant.Wasm.Expr.wfb arity (Kant.Wasm.Expr.bin Kant.Wasm.BinOp.remu a_1 a_2))       (((Kant.Wasm.Expr.wfb arity a_1).and (Kant.Wasm.Expr.wfb arity a_2)).and Bool.false)","L0;","O0;","L0;","L0;","L1;S29;claim.Kant.Wasm.Expr.wfb.eq_6","L0;","L1;S29;proof.Kant.Wasm.Expr.wfb.eq_6","L0;","S277;∀ (arity : Nat) (a_1 a_2 : Kant.Wasm.Expr),   (∀ (k : Nat), Eq a_2 (Kant.Wasm.Expr.const k) → False) →     Eq (Kant.Wasm.Expr.wfb arity (Kant.Wasm.Expr.bin Kant.Wasm.BinOp.remu a_1 a_2))       (((Kant.Wasm.Expr.wfb arity a_1).and (Kant.Wasm.Expr.wfb arity a_2)).and Bool.false)","O7;13;source_systemS5;lean411;source_fileS31;RequestProject/Wasm/Syntax.lean13;source_formatS4;text11;imported_atI+0;14;transformed_atI+0;15;transformationsL0;13;parent_objectS0;","83770b7f86874fcb5aa44bebadd9661875a28099cd53a5711c87901f59d14d3e"
"obj.Kant.Codec.Val.obj.injEq","theorem","Kant.Codec.Val.obj.injEq","PROVEN","∀ (fs fs_1 : List (Prod (List Char) Kant.Codec.Val)),   Eq (Eq (Kant.Codec.Val.obj fs) (Kant.Codec.Val.obj fs_1)) (Eq fs fs_1)","L0;","O0;","L0;","L0;","L1;S30;claim.Kant.Codec.Val.obj.injEq","L0;","L1;S30;proof.Kant.Codec.Val.obj.injEq","L0;","S126;∀ (fs fs_1 : List (Prod (List Char) Kant.Codec.Val)),   Eq (Eq (Kant.Codec.Val.obj fs) (Kant.Codec.Val.obj fs_1)) (Eq fs fs_1)","O7;13;source_systemS5;lean411;source_fileS34;RequestProject/Kant/Codec/Val.lean13;source_formatS4;text11;imported_atI+0;14;transformed_atI+0;15;transformationsL0;13;parent_objectS0;","7fbbad48d565ba5d480b516857f2e0bae40d75e0aaf840d7dba229131fa78974"
"obj.Kant.Sync.get_sync_iff","theorem","Kant.Sync.get_sync_iff","PROVEN","∀ {ps : List Kant.Paste},   Kant.Sync.CollisionFree ps →     ∀ (w : List Char) (p : Kant.Paste),       Iff (Eq ((Kant.Sync.sync Kant.Store.empty ps).get w) (Option.some p))         (And (List.instMembership.mem ps p) (Eq p.witness w))","L1;S18;obj.Kant.Store.has","O0;","L0;","L0;","L1;S28;claim.Kant.Sync.get_sync_iff","L0;","L1;S28;proof.Kant.Sync.get_sync_iff","L0;","S234;∀ {ps : List Kant.Paste},   Kant.Sync.CollisionFree ps →     ∀ (w : List Char) (p : Kant.Paste),       Iff (Eq ((Kant.Sync.sync Kant.Store.empty ps).get w) (Option.some p))         (And (List.instMembership.mem ps p) (Eq p.witness w))","O7;13;source_systemS5;lean411;source_fileS29;RequestProject/Kant/Sync.lean13;source_formatS4;text11;imported_atI+0;14;transformed_atI+139;15;transformationsL0;13;parent_objectS0;","bf7900ad1b9ae703adddbd9dbe6792306bf22369f8b6e9a982efe2dd35dc0c46"
"obj.Kant.Feed.root_mem_thread","theorem","Kant.Feed.root_mem_thread","PROVEN","∀ (root : Kant.Paste) (ps : List Kant.Paste),   List.instMembership.mem (Kant.Feed.thread root ps) root","L0;","O0;","L0;","L0;","L1;S31;claim.Kant.Feed.root_mem_thread","L0;","L1;S31;proof.Kant.Feed.root_mem_thread","L0;","S103;∀ (root : Kant.Paste) (ps : List Kant.Paste),   List.instMembership.mem (Kant.Feed.thread root ps) root","O7;13;source_systemS5;lean411;source_fileS29;RequestProject/Kant/Feed.lean13;source_formatS4;text11;imported_atI+0;14;transformed_atI+256;15;transformationsL0;13;parent_objectS0;","9760ac8852955d6e0d29638b8c90bc015aba026e99465008878613c98144929b"
"obj.Kant.Wasm.exec.eq_1","theorem","Kant.Wasm.exec.eq_1","PROVEN","∀ (locals x : List UInt64), Eq (Kant.Wasm.exec locals List.nil x) (Option.some x)","L0;","O0;","L0;","L0;","L1;S25;claim.Kant.Wasm.exec.eq_1","L0;","L1;S25;proof.Kant.Wasm.exec.eq_1","L0;","S81;∀ (locals x : List UInt64), Eq (Kant.Wasm.exec locals List.nil x) (Option.some x)","O7;13;source_systemS5;lean411;source_fileS34;RequestProject/Wasm/Semantics.lean13;source_formatS4;text11;imported_atI+0;14;transformed_atI+0;15;transformationsL0;13;parent_objectS0;","66eae39e74d9db473ba02c15cbccef343cee86c2e1ed2c654e11395a0551f782"
"obj.Kant.Strip.ofQuote","def","Kant.Strip.ofQuote","ASSERTED","Kant.Meme.Template → Nat → Kant.Repost.Quote → List Kant.Stego.Carrier","L1;S22;obj.Kant.Stego.Carrier","O0;","L0;","L0;","L0;","L0;","L0;","L0;","S70;Kant.Meme.Template → Nat → Kant.Repost.Quote → List Kant.Stego.Carrier","O7;13;source_systemS5;lean411;source_fileS30;RequestProject/Kant/Strip.lean13;source_formatS4;text11;imported_atI+0;14;transformed_atI+177;15;transformationsL0;13;parent_objectS0;","461b3c03063d8a691b69c8a5c4594cfef11181eccabd47cb3ec2bfe587616e80"
"obj.Kant.Sync.Source.ctorIdx","def","Kant.Sync.Source.ctorIdx","ASSERTED","Kant.Sync.Source → Nat","L0;","O0;","L0;","L0;","L0;","L0;","L0;","L0;","S22;Kant.Sync.Source → Nat","O7;13;source_systemS5;lean411;source_fileS29;RequestProject/Kant/Sync.lean13;source_formatS4;text11;imported_atI+0;14;transformed_atI+0;15;transformationsL0;13;parent_objectS0;","5250679430b6f126151ab74fdba5bb39d9e0c84da3b022c0ec5a18fb5c7eea33"
"obj.Kant.Codec.instInhabitedStrategy.default","def","Kant.Codec.instInhabitedStrategy.default","ASSERTED","Kant.Codec.Strategy","L0;","O0;","L0;","L0;","L0;","L0;","L0;","L0;","S19;Kant.Codec.Strategy","O7;13;source_systemS5;lean411;source_fileS40;RequestProject/Kant/Codec/Reconcile.lean13;source_formatS4;text11;imported_atI+0;14;transformed_atI+282;15;transformationsL0;13;parent_objectS0;","d9a5a5018ece73b747aafe93cc960a7457a34ae47c7e8c3dbfd27953b5dbfa7a"
"obj.Kant.Codec.conformance_level4","theorem","Kant.Codec.conformance_level4","PROVEN","∀ (a b : Kant.Codec.Obj),   Iff (Eq (Kant.Codec.compareObj a b) Kant.Codec.Verdict.equivalent) (Eq a b)","L0;","O0;","L0;","L0;","L1;S35;claim.Kant.Codec.conformance_level4","L0;","L1;S35;proof.Kant.Codec.conformance_level4","L0;","S103;∀ (a b : Kant.Codec.Obj),   Iff (Eq (Kant.Codec.compareObj a b) Kant.Codec.Verdict.equivalent) (Eq a b)","O7;13;source_systemS5;lean411;source_fileS39;RequestProject/Kant/Codec/Exchange.lean13;source_formatS4;text11;imported_atI+0;14;transformed_atI+349;15;transformationsL0;13;parent_objectS0;","0853bd3eb1e78e49378962b977b97d1e2c80015c1d64c4336b978ed580084158"
"obj.Kant.Codec.Verdict.conflict.elim","def","Kant.Codec.Verdict.conflict.elim","ASSERTED","{motive : Kant.Codec.Verdict → Sort u} →   (t : Kant.Codec.Verdict) → Eq t.ctorIdx 2 → motive Kant.Codec.Verdict.conflict → motive t","L0;","O0;","L0;","L0;","L0;","L0;","L0;","L0;","S132;{motive : Kant.Codec.Verdict → Sort u} →   (t : Kant.Codec.Verdict) → Eq t.ctorIdx 2 → motive Kant.Codec.Verdict.conflict → motive t","O7;13;source_systemS5;lean411;source_fileS40;RequestProject/Kant/Codec/Reconcile.lean13;source_formatS4;text11;imported_atI+0;14;transformed_atI+199;15;transformationsL0;13;parent_objectS0;","1daa9dec714b61b49ebf9ff34f70e3af80c38e14925f93323298389830f6cefd"
"obj.Kant.Relay.Server.lines.match_1","def","Kant.Relay.Server.lines.match_1","ASSERTED","(motive : Option (Prod (List Char) (List (List Char))) → Sort u_1) →   (x : Option (Prod (List Char) (List (List Char)))) →     ((e : Prod (List Char) (List (List Char))) → motive (Option.some e)) →       (Unit → motive Option.none) → motive x","L0;","O0;","L0;","L0;","L0;","L0;","L0;","L0;","S243;(motive : Option (Prod (List Char) (List (List Char))) → Sort u_1) →   (x : Option (Prod (List Char) (List (List Char)))) →     ((e : Prod (List Char) (List (List Char))) → motive (Option.some e)) →       (Unit → motive Option.none) → motive x","O7;13;source_systemS5;lean411;source_fileS30;RequestProject/Kant/Relay.lean13;source_formatS4;text11;imported_atI+0;14;transformed_atI+0;15;transformationsL0;13;parent_objectS0;","0df07130e05edab67778849de69d8009bd9863e72ae5b6c8db44e03ab494681b"
"obj.Kant.Wasm.Instr.localGet.elim","def","Kant.Wasm.Instr.localGet.elim","ASSERTED","{motive : Kant.Wasm.Instr → Sort u} →   (t : Kant.Wasm.Instr) →     Eq t.ctorIdx 1 → ((i : Nat) → motive (Kant.Wasm.Instr.localGet i)) → motive t","L0;","O0;","L0;","L0;","L0;","L0;","L0;","L0;","S145;{motive : Kant.Wasm.Instr → Sort u} →   (t : Kant.Wasm.Instr) →     Eq t.ctorIdx 1 → ((i : Nat) → motive (Kant.Wasm.Instr.localGet i)) → motive t","O7;13;source_systemS5;lean411;source_fileS31;RequestProject/Wasm/Syntax.lean13;source_formatS4;text11;imported_atI+0;14;transformed_atI+39;15;transformationsL0;13;parent_objectS0;","64167dbfac6d73383c1a8ef5d6f1bbbbc56b9c3fe530305e98bcd86067f14c61"
"obj.Kant.Codec.exportReport","def","Kant.Codec.exportReport","ASSERTED","Kant.Codec.Fmt → Kant.Codec.Obj → Kant.Codec.ExportReport","L0;","O0;","L0;","L0;","L0;","L0;","L0;","L0;","S57;Kant.Codec.Fmt → Kant.Codec.Obj → Kant.Codec.ExportReport","O7;13;source_systemS5;lean411;source_fileS39;RequestProject/Kant/Codec/Exchange.lean13;source_formatS4;text11;imported_atI+0;14;transformed_atI+236;15;transformationsL0;13;parent_objectS0;","ff65037c832d327b09c024c52cb3bd28ea8466a30dc1b3212173c51dc372f68e"
"obj.Kant.Dom.instInhabitedTruth","def","Kant.Dom.instInhabitedTruth","ASSERTED","Inhabited Kant.Dom.Truth","L0;","O0;","L0;","L0;","L0;","L0;","L0;","L0;","S24;Inhabited Kant.Dom.Truth","O7;13;source_systemS5;lean411;source_fileS37;RequestProject/Kant/Domain/Model.lean13;source_formatS4;text11;imported_atI+0;14;transformed_atI+52;15;transformationsL0;13;parent_objectS0;","1a8db95a00897fd2586290fcae604615605b68ed271f3e8cdb4283733b82634f"
"obj.Kant.Dom.Truth.toCtorIdx","def","Kant.Dom.Truth.toCtorIdx","ASSERTED","Kant.Dom.Truth → Nat","L0;","O0;","L0;","L0;","L0;","L0;","L0;","L0;","S20;Kant.Dom.Truth → Nat","O7;13;source_systemS5;lean411;source_fileS37;RequestProject/Kant/Domain/Model.lean13;source_formatS4;text11;imported_atI+0;14;transformed_atI+0;15;transformationsL0;13;parent_objectS0;","67177a4611c57c12564cf5acc54434ed42ab685f3c3cf22c3986b05e5b81c4c7"
"obj.Kant.SiteCard.Card.Wf","inductive","Kant.SiteCard.Card.Wf","ASSERTED","Kant.SiteCard.Card → Prop","L0;","O0;","L0;","L0;","L0;","L0;","L0;","L0;","S25;Kant.SiteCard.Card → Prop","O7;13;source_systemS5;lean411;source_fileS33;RequestProject/Kant/SiteCard.lean13;source_formatS4;text11;imported_atI+0;14;transformed_atI+386;15;transformationsL0;13;parent_objectS0;","24c4f125f58874365a79acd69e8c8229eaafcd4e065e1b10c84086d2eeac5303"
"obj.Kant.Dom.Relation","inductive","Kant.Dom.Relation","ASSERTED","Type","L0;","O0;","L0;","L0;","L0;","L0;","L0;","L0;","S4;Type","O7;13;source_systemS5;lean411;source_fileS37;RequestProject/Kant/Domain/Model.lean13;source_formatS4;text11;imported_atI+0;14;transformed_atI+501;15;transformationsL0;13;parent_objectS0;","bc04d792b38783d322564873ab3c70808e3e0c4dce4cc4b959c42c977f6a8966"
"obj.Kant.CodeMovie.instReprCircuit.repr","def","Kant.CodeMovie.instReprCircuit.repr","ASSERTED","Kant.CodeMovie.Circuit → Nat → Std.Format","L0;","O0;","L0;","L0;","L0;","L0;","L0;","L0;","S41;Kant.CodeMovie.Circuit → Nat → Std.Format","O7;13;source_systemS5;lean411;source_fileS34;RequestProject/Kant/CodeMovie.lean13;source_formatS4;text11;imported_atI+0;14;transformed_atI+162;15;transformationsL0;13;parent_objectS0;","b6c27b5d79cd92b3e52c6810104a69301cc3588a2c97e6a90bb3e1ef027b7c06"
"obj.Kant.Codec.decodeVal.match_1","def","Kant.Codec.decodeVal.match_1","ASSERTED","(motive : Kant.Codec.Fmt → List Char → Sort u_1) →   (x : Kant.Codec.Fmt) →     (x_1 : List Char) →       ((s : List Char) → motive Kant.Codec.Fmt.canonical s) →         ((s : List Char) → motive Kant.Codec.Fmt.yaml s) →           ((s : List Char) → motive Kant.Codec.Fmt.xml s) →             ((s : List Char) → motive Kant.Codec.Fmt.csv s) →               ((s : List Char) → motive Kant.Codec.Fmt.ipdl s) →                 ((s : List Char) → motive Kant.Codec.Fmt.text s) →                   ((s : List Char) → motive Kant.Codec.Fmt.unknown s) → motive x x_1","L0;","O0;","L0;","L0;","L0;","L0;","L0;","L0;","S559;(motive : Kant.Codec.Fmt → List Char → Sort u_1) →   (x : Kant.Codec.Fmt) →     (x_1 : List Char) →       ((s : List Char) → motive Kant.Codec.Fmt.canonical s) →         ((s : List Char) → motive Kant.Codec.Fmt.yaml s) →           ((s : List Char) → motive Kant.Codec.Fmt.xml s) →             ((s : List Char) → motive Kant.Codec.Fmt.csv s) →               ((s : List Char) → motive Kant.Codec.Fmt.ipdl s) →                 ((s : List Char) → motive Kant.Codec.Fmt.text s) →                   ((s : List Char) → motive Kant.Codec.Fmt.unknown s) → motive x x_1","O7;13;source_systemS5;lean411;source_fileS39;RequestProject/Kant/Codec/Exchange.lean13;source_formatS4;text11;imported_atI+0;14;transformed_atI+0;15;transformationsL0;13;parent_objectS0;","74898dddff475fb7917460542505e6bc4765d265ec84272da15152f669e81f42"
"obj.Kant.Wasm.Encode.cmpOpcode.eq_2","theorem","Kant.Wasm.Encode.cmpOpcode.eq_2","PROVEN","Eq (Kant.Wasm.Encode.cmpOpcode Kant.Wasm.CmpOp.ne) 82","L0;","O0;","L0;","L0;","L1;S37;claim.Kant.Wasm.Encode.cmpOpcode.eq_2","L0;","L1;S37;proof.Kant.Wasm.Encode.cmpOpcode.eq_2","L0;","S53;Eq (Kant.Wasm.Encode.cmpOpcode Kant.Wasm.CmpOp.ne) 82","O7;13;source_systemS5;lean411;source_fileS31;RequestProject/Wasm/Decode.lean13;source_formatS4;text11;imported_atI+0;14;transformed_atI+0;15;transformationsL0;13;parent_objectS0;","2bd9fa42ba273af46038d68ac1eee767e14b4aeedf82d01ac195cfca9df0058d"
"obj.Kant.Dom.DomObj.inputs","def","Kant.Dom.DomObj.inputs","ASSERTED","Kant.Dom.DomObj → List Kant.Dom.Id","L0;","O0;","L0;","L0;","L0;","L0;","L0;","L0;","S34;Kant.Dom.DomObj → List Kant.Dom.Id","O7;13;source_systemS5;lean411;source_fileS37;RequestProject/Kant/Domain/Model.lean13;source_formatS4;text11;imported_atI+0;14;transformed_atI+292;15;transformationsL0;13;parent_objectS0;","5de6dd4480bf0bf1f90b4d4f20b1c3be189078e26727b08b8d3454b7d4bec0a8"
"obj.Kant.Wasm.Decode.toRaw.eq_1","theorem","Kant.Wasm.Decode.toRaw.eq_1","PROVEN","∀ (n : Nat),   Eq (Kant.Wasm.Decode.toRaw (Kant.Wasm.Instr.i64const n))     (Kant.Wasm.Decode.RawInstr.i64const n.cast)","L1;S26;obj.Kant.Wasm.Decode.toRaw","O0;","L0;","L0;","L1;S33;claim.Kant.Wasm.Decode.toRaw.eq_1","L0;","L1;S33;proof.Kant.Wasm.Decode.toRaw.eq_1","L0;","S119;∀ (n : Nat),   Eq (Kant.Wasm.Decode.toRaw (Kant.Wasm.Instr.i64const n))     (Kant.Wasm.Decode.RawInstr.i64const n.cast)","O7;13;source_systemS5;lean411;source_fileS31;RequestProject/Wasm/Decode.lean13;source_formatS4;text11;imported_atI+0;14;transformed_atI+0;15;transformationsL0;13;parent_objectS0;","3613120fa8e60d8a599930b390b5eca5b8c5efc3511d57c473998c9151d47dff"
"obj.Kant.Dom.idsVal.eq_1","theorem","Kant.Dom.idsVal.eq_1","PROVEN","∀ (xs : List Kant.Dom.Id),   Eq (Kant.Dom.idsVal xs) (Kant.Codec.Val.list (List.map Kant.Codec.Val.str xs))","L0;","O0;","L0;","L0;","L1;S26;claim.Kant.Dom.idsVal.eq_1","L0;","L1;S26;proof.Kant.Dom.idsVal.eq_1","L0;","S107;∀ (xs : List Kant.Dom.Id),   Eq (Kant.Dom.idsVal xs) (Kant.Codec.Val.list (List.map Kant.Codec.Val.str xs))","O7;13;source_systemS5;lean411;source_fileS37;RequestProject/Kant/Domain/Model.lean13;source_formatS4;text11;imported_atI+0;14;transformed_atI+0;15;transformationsL0;13;parent_objectS0;","85600c8ba7f1664a144d68d7fca7c6dd430fd9ba232df4243a82a14848aba6f7"
"obj.Kant.Codec.ipdlText.eq_1","theorem","Kant.Codec.ipdlText.eq_1","PROVEN","∀ (i : Kant.Codec.Ipdl),   Eq (Kant.Codec.ipdlText i)     (instHAppendOfAppend.hAppend Kant.Codec.ipdlHeader (Kant.Codec.canonEnc (Kant.Codec.project i)))","L0;","O0;","L0;","L0;","L1;S30;claim.Kant.Codec.ipdlText.eq_1","L0;","L1;S30;proof.Kant.Codec.ipdlText.eq_1","L0;","S154;∀ (i : Kant.Codec.Ipdl),   Eq (Kant.Codec.ipdlText i)     (instHAppendOfAppend.hAppend Kant.Codec.ipdlHeader (Kant.Codec.canonEnc (Kant.Codec.project i)))","O7;13;source_systemS5;lean411;source_fileS35;RequestProject/Kant/Codec/Ipdl.lean13;source_formatS4;text11;imported_atI+0;14;transformed_atI+0;15;transformationsL0;13;parent_objectS0;","3fa62e9d3f2db60ca41d031b0ca1dde7bd4d14a4aaaeb992f75790458ef5891d"
"obj.Kant.Codec.Prov.mk.injEq","theorem","Kant.Codec.Prov.mk.injEq","PROVEN","∀ (sourceSystem sourceFile : List Char) (sourceFormat : Kant.Codec.Fmt)   (importedAt transformedAt : Nat) (transformations : List Kant.Codec.Trans)   (parent sourceSystem_1 sourceFile_1 : List Char) (sourceFormat_1 : Kant.Codec.Fmt)   (importedAt_1 transformedAt_1 : Nat) (transformations_1 : List Kant.Codec.Trans)   (parent_1 : List Char),   Eq     (Eq       { sourceSystem := sourceSystem, sourceFile := sourceFile, sourceFormat := sourceFormat,         importedAt := importedAt, transformedAt := transformedAt,         transformations := transformations, parent := parent }       { sourceSystem := sourceSystem_1, sourceFile := sourceFile_1, sourceFormat := sourceFormat_1,         importedAt := importedAt_1, transformedAt := transformedAt_1,         transformations := transformations_1, parent := parent_1 })     (And (Eq sourceSystem sourceSystem_1)       (And (Eq sourceFile sourceFile_1)         (And (Eq sourceFormat sourceFormat_1)           (And (Eq importedAt importedAt_1)             (And (Eq transformedAt transformedAt_1)               (And (Eq transformations transformations_1) (Eq parent parent_1)))))))","L0;","O0;","L0;","L0;","L1;S30;claim.Kant.Codec.Prov.mk.injEq","L0;","L1;S30;proof.Kant.Codec.Prov.mk.injEq","L0;","S1125;∀ (sourceSystem sourceFile : List Char) (sourceFormat : Kant.Codec.Fmt)   (importedAt transformedAt : Nat) (transformations : List Kant.Codec.Trans)   (parent sourceSystem_1 sourceFile_1 : List Char) (sourceFormat_1 : Kant.Codec.Fmt)   (importedAt_1 transformedAt_1 : Nat) (transformations_1 : List Kant.Codec.Trans)   (parent_1 : List Char),   Eq     (Eq       { sourceSystem := sourceSystem, sourceFile := sourceFile, sourceFormat := sourceFormat,         importedAt := importedAt, transformedAt := transformedAt,         transformations := transformations, parent := parent }       { sourceSystem := sourceSystem_1, sourceFile := sourceFile_1, sourceFormat := sourceFormat_1,         importedAt := importedAt_1, transformedAt := transformedAt_1,         transformations := transformations_1, parent := parent_1 })     (And (Eq sourceSystem sourceSystem_1)       (And (Eq sourceFile sourceFile_1)         (And (Eq sourceFormat sourceFormat_1)           (And (Eq importedAt importedAt_1)             (And (Eq transformedAt transformedAt_1)               (And (Eq transformations transformations_1) (Eq parent parent_1)))))))","O7;13;source_systemS5;lean411;source_fileS36;RequestProject/Kant/Codec/Model.lean13;source_formatS4;text11;imported_atI+0;14;transformed_atI+0;15;transformationsL0;13;parent_objectS0;","83d6832e6ed6135342588ff4e0d443485b1afb602bcf0789f9f4e0814c02996e"
"obj.Kant.Wasm.Expr.bin.inj","theorem","Kant.Wasm.Expr.bin.inj","PROVEN","∀ {op : Kant.Wasm.BinOp} {a b : Kant.Wasm.Expr} {op_1 : Kant.Wasm.BinOp} {a_1 b_1 : Kant.Wasm.Expr},   Eq (Kant.Wasm.Expr.bin op a b) (Kant.Wasm.Expr.bin op_1 a_1 b_1) →     And (Eq op op_1) (And (Eq a a_1) (Eq b b_1))","L0;","O0;","L0;","L0;","L1;S28;claim.Kant.Wasm.Expr.bin.inj","L0;","L1;S28;proof.Kant.Wasm.Expr.bin.inj","L0;","S218;∀ {op : Kant.Wasm.BinOp} {a b : Kant.Wasm.Expr} {op_1 : Kant.Wasm.BinOp} {a_1 b_1 : Kant.Wasm.Expr},   Eq (Kant.Wasm.Expr.bin op a b) (Kant.Wasm.Expr.bin op_1 a_1 b_1) →     And (Eq op op_1) (And (Eq a a_1) (Eq b b_1))","O7;13;source_systemS5;lean411;source_fileS31;RequestProject/Wasm/Syntax.lean13;source_formatS4;text11;imported_atI+0;14;transformed_atI+0;15;transformationsL0;13;parent_objectS0;","d47e6e6c856f9f1fe94db71a929e8d447187e0f4e6fdccdd0a486668c4d71312"
"obj.Kant.Wasm.Kernel.eval_fnvStepE","theorem","Kant.Wasm.Kernel.eval_fnvStepE","PROVEN","∀ (h b : UInt64),   instLTNat.lt b.toNat 256 →     Eq (Kant.Wasm.Expr.eval (List.cons h (List.cons b List.nil)) Kant.Wasm.Kernel.fnvStepE)       (Option.some (Kant.Bytes.fnvStep h b.toUInt8))","L1;S23;obj.Kant.Wasm.Expr.eval","O0;","L0;","L0;","L1;S36;claim.Kant.Wasm.Kernel.eval_fnvStepE","L0;","L1;S36;proof.Kant.Wasm.Kernel.eval_fnvStepE","L0;","S191;∀ (h b : UInt64),   instLTNat.lt b.toNat 256 →     Eq (Kant.Wasm.Expr.eval (List.cons h (List.cons b List.nil)) Kant.Wasm.Kernel.fnvStepE)       (Option.some (Kant.Bytes.fnvStep h b.toUInt8))","O7;13;source_systemS5;lean411;source_fileS35;RequestProject/Wasm/KernelSpec.lean13;source_formatS4;text11;imported_atI+0;14;transformed_atI+105;15;transformationsL0;13;parent_objectS0;","2d27f7b2d71b0668835864f864ade02b5fa8c3a2378e098e27ed4d7f490a2591"
"obj.Kant.Sheaf.DaslType.ctorElim","def","Kant.Sheaf.DaslType.ctorElim","ASSERTED","{motive : Kant.Sheaf.DaslType → Sort u} →   (ctorIdx : Nat) →     (t : Kant.Sheaf.DaslType) →       Eq ctorIdx t.ctorIdx → Kant.Sheaf.DaslType.ctorElimType ctorIdx → motive t","L0;","O0;","L0;","L0;","L0;","L0;","L0;","L0;","S174;{motive : Kant.Sheaf.DaslType → Sort u} →   (ctorIdx : Nat) →     (t : Kant.Sheaf.DaslType) →       Eq ctorIdx t.ctorIdx → Kant.Sheaf.DaslType.ctorElimType ctorIdx → motive t","O7;13;source_systemS5;lean411;source_fileS30;RequestProject/Kant/Sheaf.lean13;source_formatS4;text11;imported_atI+0;14;transformed_atI+30;15;transformationsL0;13;parent_objectS0;","2dc23ffff1b8fee81ff9ea10f1a19acb148a8aebc8f7356e3d9c4cddebd00671"
"obj.Kant.Wasm.Decode.typecheck","def","Kant.Wasm.Decode.typecheck","ASSERTED","Nat →   List Kant.Wasm.Decode.VType →     List Kant.Wasm.Decode.RawInstr → Option (List Kant.Wasm.Decode.VType)","L0;","O0;","L0;","L0;","L0;","L0;","L0;","L0;","S111;Nat →   List Kant.Wasm.Decode.VType →     List Kant.Wasm.Decode.RawInstr → Option (List Kant.Wasm.Decode.VType)","O7;13;source_systemS5;lean411;source_fileS31;RequestProject/Wasm/Decode.lean13;source_formatS4;text11;imported_atI+0;14;transformed_atI+580;15;transformationsL0;13;parent_objectS0;","a4c3904eb33095aa2faa1bd62fbee36d700dc0b863904284dde55da3c4e30037"
"obj.Kant.Diagnostics.Area.socket.elim","def","Kant.Diagnostics.Area.socket.elim","ASSERTED","{motive : Kant.Diagnostics.Area → Sort u} →   (t : Kant.Diagnostics.Area) → Eq t.ctorIdx 3 → motive Kant.Diagnostics.Area.socket → motive t","L1;S33;obj.Kant.Diagnostics.Area.ctorIdx","O0;","L0;","L0;","L0;","L0;","L0;","L0;","S139;{motive : Kant.Diagnostics.Area → Sort u} →   (t : Kant.Diagnostics.Area) → Eq t.ctorIdx 3 → motive Kant.Diagnostics.Area.socket → motive t","O7;13;source_systemS5;lean411;source_fileS36;RequestProject/Kant/Diagnostics.lean13;source_formatS4;text11;imported_atI+0;14;transformed_atI+97;15;transformationsL0;13;parent_objectS0;","a598601175c3543173fad6ac55acc6e6cae2f49c5fb24de367efb53cfc0f5d48"
"obj.Kant.Sheaf.instFintypeEncoding","def","Kant.Sheaf.instFintypeEncoding","ASSERTED","Fintype Kant.Sheaf.Encoding","L0;","O0;","L0;","L0;","L0;","L0;","L0;","L0;","S27;Fintype Kant.Sheaf.Encoding","O7;13;source_systemS5;lean411;source_fileS30;RequestProject/Kant/Sheaf.lean13;source_formatS4;text11;imported_atI+0;14;transformed_atI+87;15;transformationsL0;13;parent_objectS0;","4d14b226d12b6589fbca0f4ffbd47716e60afce856494aa30a8d6ee8d77bac30"
"obj.Kant.Dom.validates","def","Kant.Dom.validates","ASSERTED","Kant.Dom.Domain → Kant.Dom.Event → Bool","L1;S18;obj.Kant.Dom.Event","O0;","L0;","L0;","L0;","L0;","L0;","L0;","S39;Kant.Dom.Domain → Kant.Dom.Event → Bool","O7;13;source_systemS5;lean411;source_fileS38;RequestProject/Kant/Domain/Policy.lean13;source_formatS4;text11;imported_atI+0;14;transformed_atI+59;15;transformationsL0;13;parent_objectS0;","a019d8f6a2a63e1031ca1cbd0bccd4d3c641499555f43b86da9c637673255a29"
"obj.Kant.Codec.Prov.transformations","def","Kant.Codec.Prov.transformations","ASSERTED","Kant.Codec.Prov → List Kant.Codec.Trans","L0;","O0;","L0;","L0;","L0;","L0;","L0;","L0;","S39;Kant.Codec.Prov → List Kant.Codec.Trans","O7;13;source_systemS5;lean411;source_fileS36;RequestProject/Kant/Codec/Model.lean13;source_formatS4;text11;imported_atI+0;14;transformed_atI+328;15;transformationsL0;13;parent_objectS0;","bc20fb63a883f3aca4bc6f2e4eae22ef2fe71f28117e38b274024ff8db7fd8c5"
"obj.Kant.Diagnostics.instReprEvent","def","Kant.Diagnostics.instReprEvent","ASSERTED","Repr Kant.Diagnostics.Event","L0;","O0;","L0;","L0;","L0;","L0;","L0;","L0;","S27;Repr Kant.Diagnostics.Event","O7;13;source_systemS5;lean411;source_fileS36;RequestProject/Kant/Diagnostics.lean13;source_formatS4;text11;imported_atI+0;14;transformed_atI+155;15;transformationsL0;13;parent_objectS0;","a154d24ef9aab0a25e131b2ee3fb0bc5b75b7bb01535329cfc89693d5168b33f"
"obj.Kant.SiteCard.splitCh_of_not_mem","theorem","Kant.SiteCard.splitCh_of_not_mem","PROVEN","∀ {d : Char} {f : List Char},   Not (List.instMembership.mem f d) → Eq (Kant.SiteCard.splitCh d f) (List.cons f List.nil)","L0;","O0;","L0;","L0;","L1;S38;claim.Kant.SiteCard.splitCh_of_not_mem","L0;","L1;S38;proof.Kant.SiteCard.splitCh_of_not_mem","L0;","S121;∀ {d : Char} {f : List Char},   Not (List.instMembership.mem f d) → Eq (Kant.SiteCard.splitCh d f) (List.cons f List.nil)","O7;13;source_systemS5;lean411;source_fileS33;RequestProject/Kant/SiteCard.lean13;source_formatS4;text11;imported_atI+0;14;transformed_atI+86;15;transformationsL0;13;parent_objectS0;","7bf3c637fa17c63d0273d763a8b6ef1258ac844d8a1621afea2043a0cc0df534"
"obj.Kant.Clipboard.Receipt.credits","def","Kant.Clipboard.Receipt.credits","ASSERTED","Kant.Clipboard.Receipt → Nat","L0;","O0;","L0;","L0;","L0;","L0;","L0;","L0;","S28;Kant.Clipboard.Receipt → Nat","O7;13;source_systemS5;lean411;source_fileS34;RequestProject/Kant/Clipboard.lean13;source_formatS4;text11;imported_atI+0;14;transformed_atI+291;15;transformationsL0;13;parent_objectS0;","2a3632bad29f2a05d83061ebdfe81ea2bb7994ccebb148ff89d53a8a0e2b361c"
"obj.Kant.Uucp.Node.mk.inj","theorem","Kant.Uucp.Node.mk.inj","PROVEN","∀ {name : List Char} {spool : List Kant.Relay.Msg} {clock : Nat} {name_1 : List Char}   {spool_1 : List Kant.Relay.Msg} {clock_1 : Nat},   Eq { name := name, spool := spool, clock := clock }       { name := name_1, spool := spool_1, clock := clock_1 } →     And (Eq name name_1) (And (Eq spool spool_1) (Eq clock clock_1))","L0;","O0;","L0;","L0;","L1;S27;claim.Kant.Uucp.Node.mk.inj","L0;","L1;S27;proof.Kant.Uucp.Node.mk.inj","L0;","S322;∀ {name : List Char} {spool : List Kant.Relay.Msg} {clock : Nat} {name_1 : List Char}   {spool_1 : List Kant.Relay.Msg} {clock_1 : Nat},   Eq { name := name, spool := spool, clock := clock }       { name := name_1, spool := spool_1, clock := clock_1 } →     And (Eq name name_1) (And (Eq spool spool_1) (Eq clock clock_1))","O7;13;source_systemS5;lean411;source_fileS29;RequestProject/Kant/Uucp.lean13;source_formatS4;text11;imported_atI+0;14;transformed_atI+0;15;transformationsL0;13;parent_objectS0;","e3215ac5986d25ba03126a7ee7a36da5f0075c692a78292cfcc2ffbce4795897"
"obj.Kant.Cli.say_curl_roundTrip","theorem","Kant.Cli.say_curl_roundTrip","PROVEN","∀ {c : Kant.Cli.Client} {body : Kant.Bytes.Blob},   Not (List.instMembership.mem c.relay ' ') →     Eq       (Kant.Cli.parseCurlLine         (Kant.Cli.curlLine (Kant.Cli.postLine c (Kant.Relay.printMsg (c.compose body)))))       (Option.some (Kant.Cli.postLine c (Kant.Relay.printMsg (c.compose body))))","L0;","O0;","L0;","L0;","L1;S33;claim.Kant.Cli.say_curl_roundTrip","L0;","L1;S33;proof.Kant.Cli.say_curl_roundTrip","L0;","S303;∀ {c : Kant.Cli.Client} {body : Kant.Bytes.Blob},   Not (List.instMembership.mem c.relay ' ') →     Eq       (Kant.Cli.parseCurlLine         (Kant.Cli.curlLine (Kant.Cli.postLine c (Kant.Relay.printMsg (c.compose body)))))       (Option.some (Kant.Cli.postLine c (Kant.Relay.printMsg (c.compose body))))","O7;13;source_systemS5;lean411;source_fileS28;RequestProject/Kant/Cli.lean13;source_formatS4;text11;imported_atI+0;14;transformed_atI+442;15;transformationsL0;13;parent_objectS0;","c8f9b0dcaf4b24817216ec7eacad31f6594aed4d61fc153372203b4d909526e8"
"obj.Kant.Dom.Wf.proofRefsResolve","theorem","Kant.Dom.Wf.proofRefsResolve","PROVEN","∀ {d : Kant.Dom.Domain},   Kant.Dom.Wf d →     ∀ (o : Kant.Dom.DomObj),       List.instMembership.mem d.objects o →         ∀ (i : Kant.Dom.Id),           List.instMembership.mem o.proofRefs i →             Exists fun p =>               And (Eq (Kant.Dom.findProof d i) (Option.some p))                 (List.instMembership.mem p.outputRefs o.id)","L0;","O0;","L0;","L0;","L1;S34;claim.Kant.Dom.Wf.proofRefsResolve","L0;","L1;S34;proof.Kant.Dom.Wf.proofRefsResolve","L0;","S346;∀ {d : Kant.Dom.Domain},   Kant.Dom.Wf d →     ∀ (o : Kant.Dom.DomObj),       List.instMembership.mem d.objects o →         ∀ (i : Kant.Dom.Id),           List.instMembership.mem o.proofRefs i →             Exists fun p =>               And (Eq (Kant.Dom.findProof d i) (Option.some p))                 (List.instMembership.mem p.outputRefs o.id)","O7;13;source_systemS5;lean411;source_fileS38;RequestProject/Kant/Domain/Ledger.lean13;source_formatS4;text11;imported_atI+0;14;transformed_atI+298;15;transformationsL0;13;parent_objectS0;","53146a9146f8c6a58e0b56f57508fbc29980eff0aeec60179f67d347ca4b8cb4"
"obj.Kant.CardDebug.userCard_warnings","theorem","Kant.CardDebug.userCard_warnings","PROVEN","Eq (Kant.CardDebug.cardWarnings ""https://kant.cicada71.net/"".toList Kant.CardDebug.userCard)   (List.cons Kant.CardDebug.Warning.relativePicture List.nil)","L0;","O0;","L0;","L0;","L1;S38;claim.Kant.CardDebug.userCard_warnings","L0;","L1;S38;proof.Kant.CardDebug.userCard_warnings","L0;","S154;Eq (Kant.CardDebug.cardWarnings ""https://kant.cicada71.net/"".toList Kant.CardDebug.userCard)   (List.cons Kant.CardDebug.Warning.relativePicture List.nil)","O7;13;source_systemS5;lean411;source_fileS34;RequestProject/Kant/CardDebug.lean13;source_formatS4;text11;imported_atI+0;14;transformed_atI+404;15;transformationsL0;13;parent_objectS0;","a49ecc58ab69c7185cf5eee3c2084d1be7d8f586422d495e13e001be2e3bf461"
"obj.Kant.Codec.readXAttr","def","Kant.Codec.readXAttr","ASSERTED","List Char → Option (Prod (List Char) (List Char))","L0;","O0;","L0;","L0;","L0;","L0;","L0;","L0;","S49;List Char → Option (Prod (List Char) (List Char))","O7;13;source_systemS5;lean411;source_fileS34;RequestProject/Kant/Codec/Xml.lean13;source_formatS4;text11;imported_atI+0;14;transformed_atI+153;15;transformationsL0;13;parent_objectS0;","f6b02c3686ee912e07c6fd9b5761571126e275ce8dc408505046f1fa4ffd4673"
"obj.Kant.CodeMovie.Circuit.tokens.eq_5","theorem","Kant.CodeMovie.Circuit.tokens.eq_5","PROVEN","∀ (a a_1 : Kant.CodeMovie.Circuit),   Eq (a.or a_1).tokens     (instHAppendOfAppend.hAppend (instHAppendOfAppend.hAppend a.tokens a_1.tokens)       (List.cons 4 List.nil))","L0;","O0;","L0;","L0;","L1;S40;claim.Kant.CodeMovie.Circuit.tokens.eq_5","L0;","L1;S40;proof.Kant.CodeMovie.Circuit.tokens.eq_5","L0;","S171;∀ (a a_1 : Kant.CodeMovie.Circuit),   Eq (a.or a_1).tokens     (instHAppendOfAppend.hAppend (instHAppendOfAppend.hAppend a.tokens a_1.tokens)       (List.cons 4 List.nil))","O7;13;source_systemS5;lean411;source_fileS34;RequestProject/Kant/CodeMovie.lean13;source_formatS4;text11;imported_atI+0;14;transformed_atI+0;15;transformationsL0;13;parent_objectS0;","71445ecb05c0f0bc6a0346d265383a3f8c97360bd05afd4a0bd26b723ceb747d"
"obj.Kant.Uucp.Carrier.recOn","def","Kant.Uucp.Carrier.recOn","ASSERTED","{motive : Kant.Uucp.Carrier → Sort u} →   (t : Kant.Uucp.Carrier) →     motive Kant.Uucp.Carrier.tweet →       motive Kant.Uucp.Carrier.dm →         motive Kant.Uucp.Carrier.qr →           motive Kant.Uucp.Carrier.urlBar →             motive Kant.Uucp.Carrier.bio → motive Kant.Uucp.Carrier.altText → motive t","L0;","O0;","L0;","L0;","L0;","L0;","L0;","L0;","S309;{motive : Kant.Uucp.Carrier → Sort u} →   (t : Kant.Uucp.Carrier) →     motive Kant.Uucp.Carrier.tweet →       motive Kant.Uucp.Carrier.dm →         motive Kant.Uucp.Carrier.qr →           motive Kant.Uucp.Carrier.urlBar →             motive Kant.Uucp.Carrier.bio → motive Kant.Uucp.Carrier.altText → motive t","O7;13;source_systemS5;lean411;source_fileS29;RequestProject/Kant/Uucp.lean13;source_formatS4;text11;imported_atI+0;14;transformed_atI+66;15;transformationsL0;13;parent_objectS0;","a27b214c8817be1ac055c5ba18b9eb550d682ec8e41994acff98f0a411094737"
"obj.Kant.Wasm.Encode.module_sections","theorem","Kant.Wasm.Encode.module_sections","PROVEN","∀ (m : Kant.Wasm.Module),   Eq (Kant.Wasm.Encode.module m)     (instHAppendOfAppend.hAppend       (instHAppendOfAppend.hAppend         (instHAppendOfAppend.hAppend           (instHAppendOfAppend.hAppend             (instHAppendOfAppend.hAppend Kant.Wasm.Encode.magic Kant.Wasm.Encode.version)             (Kant.Wasm.Encode.sec 1 (Kant.Wasm.Encode.typePayload m)))           (Kant.Wasm.Encode.sec 3 (Kant.Wasm.Encode.funcPayload m)))         (Kant.Wasm.Encode.sec 7 (Kant.Wasm.Encode.exportPayload m)))       (Kant.Wasm.Encode.sec 10 (Kant.Wasm.Encode.codePayload m)))","L1;S32;obj.Kant.Wasm.Encode.typePayload","O0;","L0;","L0;","L1;S38;claim.Kant.Wasm.Encode.module_sections","L0;","L1;S38;proof.Kant.Wasm.Encode.module_sections","L0;","S567;∀ (m : Kant.Wasm.Module),   Eq (Kant.Wasm.Encode.module m)     (instHAppendOfAppend.hAppend       (instHAppendOfAppend.hAppend         (instHAppendOfAppend.hAppend           (instHAppendOfAppend.hAppend             (instHAppendOfAppend.hAppend Kant.Wasm.Encode.magic Kant.Wasm.Encode.version)             (Kant.Wasm.Encode.sec 1 (Kant.Wasm.Encode.typePayload m)))           (Kant.Wasm.Encode.sec 3 (Kant.Wasm.Encode.funcPayload m)))         (Kant.Wasm.Encode.sec 7 (Kant.Wasm.Encode.exportPayload m)))       (Kant.Wasm.Encode.sec 10 (Kant.Wasm.Encode.codePayload m)))","O7;13;source_systemS5;lean411;source_fileS31;RequestProject/Wasm/Encode.lean13;source_formatS4;text11;imported_atI+0;14;transformed_atI+145;15;transformationsL0;13;parent_objectS0;","bfd87566e55d4b23f93c8ab06002fae81d36f5a99eff724966f04d3bd9a810ce"
"obj.Kant.Dom.instReprPStatus.repr","def","Kant.Dom.instReprPStatus.repr","ASSERTED","Kant.Dom.PStatus → Nat → Std.Format","L0;","O0;","L0;","L0;","L0;","L0;","L0;","L0;","S35;Kant.Dom.PStatus → Nat → Std.Format","O7;13;source_systemS5;lean411;source_fileS37;RequestProject/Kant/Domain/Model.lean13;source_formatS4;text11;imported_atI+0;14;transformed_atI+57;15;transformationsL0;13;parent_objectS0;","7adf26243f06efd575689c7bf1b689020e04a53fe64fb33f8d856b2c802f868c"
"obj.Kant.Onboarding.Event.noConfusion","def","Kant.Onboarding.Event.noConfusion","ASSERTED","{P : Sort u} →   {t t' : Kant.Onboarding.Event} → Eq t t' → Kant.Onboarding.Event.noConfusionType P t t'","L1;S33;obj.Kant.Onboarding.Event.casesOn","O0;","L0;","L0;","L0;","L0;","L0;","L0;","S104;{P : Sort u} →   {t t' : Kant.Onboarding.Event} → Eq t t' → Kant.Onboarding.Event.noConfusionType P t t'","O7;13;source_systemS5;lean411;source_fileS35;RequestProject/Kant/Onboarding.lean13;source_formatS4;text11;imported_atI+0;14;transformed_atI+64;15;transformationsL0;13;parent_objectS0;","f13e350669e7f6a6fc9fd63d6ee5e07953e8526a7a30b008e86b51a97d80228b"
"obj.Kant.Sync.Feed.mk.sizeOf_spec","theorem","Kant.Sync.Feed.mk.sizeOf_spec","PROVEN","∀ (source : Kant.Sync.Source) (blocks : List Kant.Paste),   Eq (Kant.Sync.Feed._sizeOf_inst.sizeOf { source := source, blocks := blocks })     (instHAdd.hAdd (instHAdd.hAdd 1 (Kant.Sync.Source._sizeOf_inst.sizeOf source))       ((List._sizeOf_inst Kant.Paste).sizeOf blocks))","L0;","O0;","L0;","L0;","L1;S35;claim.Kant.Sync.Feed.mk.sizeOf_spec","L0;","L1;S35;proof.Kant.Sync.Feed.mk.sizeOf_spec","L0;","S275;∀ (source : Kant.Sync.Source) (blocks : List Kant.Paste),   Eq (Kant.Sync.Feed._sizeOf_inst.sizeOf { source := source, blocks := blocks })     (instHAdd.hAdd (instHAdd.hAdd 1 (Kant.Sync.Source._sizeOf_inst.sizeOf source))       ((List._sizeOf_inst Kant.Paste).sizeOf blocks))","O7;13;source_systemS5;lean411;source_fileS29;RequestProject/Kant/Sync.lean13;source_formatS4;text11;imported_atI+0;14;transformed_atI+0;15;transformationsL0;13;parent_objectS0;","2fc792a7544022034af3a6ac011eb358c27838748c4ce989c02f55161ffda19e"
"obj.Kant.Wasm.Expr.sub.eq_1","theorem","Kant.Wasm.Expr.sub.eq_1","PROVEN","∀ (a b : Kant.Wasm.Expr), Eq (a.sub b) (Kant.Wasm.Expr.bin Kant.Wasm.BinOp.sub a b)","L0;","O0;","L0;","L0;","L1;S29;claim.Kant.Wasm.Expr.sub.eq_1","L0;","L1;S29;proof.Kant.Wasm.Expr.sub.eq_1","L0;","S83;∀ (a b : Kant.Wasm.Expr), Eq (a.sub b) (Kant.Wasm.Expr.bin Kant.Wasm.BinOp.sub a b)","O7;13;source_systemS5;lean411;source_fileS35;RequestProject/Wasm/KernelSpec.lean13;source_formatS4;text11;imported_atI+0;14;transformed_atI+0;15;transformationsL0;13;parent_objectS0;","b2fe88699e4e59fe7ca574450afb18b16760f35d79cd5e98b6b69195b14a8fab"
"obj.Kant.CardDebug.explain.eq_1","theorem","Kant.CardDebug.explain.eq_1","PROVEN","Eq (Kant.CardDebug.explain Kant.CardDebug.Pairing.connectable)   ""connectable: two invitations, one room, one relay - these two meet"".toList","L0;","O0;","L0;","L0;","L1;S33;claim.Kant.CardDebug.explain.eq_1","L0;","L1;S33;proof.Kant.CardDebug.explain.eq_1","L0;","S140;Eq (Kant.CardDebug.explain Kant.CardDebug.Pairing.connectable)   ""connectable: two invitations, one room, one relay - these two meet"".toList","O7;13;source_systemS5;lean411;source_fileS34;RequestProject/Kant/CardDebug.lean13;source_formatS4;text11;imported_atI+0;14;transformed_atI+0;15;transformationsL0;13;parent_objectS0;","eb223749796d5591f434ae70cd0cd94e72cd875abb70858b58bdd8836f0870c8"
"obj.Kant.CardDebug.userCard_no_room","theorem","Kant.CardDebug.userCard_no_room","PROVEN","Eq (Kant.CardDebug.roomOf? (Kant.CardDebug.classify Kant.CardDebug.userCardText)) Option.none","L0;","O0;","L0;","L0;","L1;S37;claim.Kant.CardDebug.userCard_no_room","L0;","L1;S37;proof.Kant.CardDebug.userCard_no_room","L0;","S93;Eq (Kant.CardDebug.roomOf? (Kant.CardDebug.classify Kant.CardDebug.userCardText)) Option.none","O7;13;source_systemS5;lean411;source_fileS34;RequestProject/Kant/CardDebug.lean13;source_formatS4;text11;imported_atI+0;14;transformed_atI+391;15;transformationsL0;13;parent_objectS0;","853422a29c81a159cf9f1818ee1999d61e035638b97d17d38e8b96a9551e93d0"
"obj.Kant.Relay.Msg.ctorIdx","def","Kant.Relay.Msg.ctorIdx","ASSERTED","Kant.Relay.Msg → Nat","L0;","O0;","L0;","L0;","L0;","L0;","L0;","L0;","S20;Kant.Relay.Msg → Nat","O7;13;source_systemS5;lean411;source_fileS30;RequestProject/Kant/Relay.lean13;source_formatS4;text11;imported_atI+0;14;transformed_atI+0;15;transformationsL0;13;parent_objectS0;","6332f9c690e278167a2dc81a34911eb9745f05928233ee68b96e3d052125b44b"
"obj.Kant.Paste.escapedTitle_recoverable","theorem","Kant.Paste.escapedTitle_recoverable","PROVEN","∀ (p : Kant.Paste), Eq (Kant.Erdfa.unescape p.escapedTitle) p.title","L1;S27;obj.Kant.Paste.escapedTitle","O0;","L0;","L0;","L1;S41;claim.Kant.Paste.escapedTitle_recoverable","L0;","L1;S41;proof.Kant.Paste.escapedTitle_recoverable","L0;","S67;∀ (p : Kant.Paste), Eq (Kant.Erdfa.unescape p.escapedTitle) p.title","O7;13;source_systemS5;lean411;source_fileS30;RequestProject/Kant/Paste.lean13;source_formatS4;text11;imported_atI+0;14;transformed_atI+75;15;transformationsL0;13;parent_objectS0;","8a63dbbe4b6ffb85f3b9648400d73c2a361b83250e77a8176a243a5490ff96fc"
"obj.Kant.Codec.Trans.inputHash","def","Kant.Codec.Trans.inputHash","ASSERTED","Kant.Codec.Trans → List Char","L0;","O0;","L0;","L0;","L0;","L0;","L0;","L0;","S28;Kant.Codec.Trans → List Char","O7;13;source_systemS5;lean411;source_fileS36;RequestProject/Kant/Codec/Model.lean13;source_formatS4;text11;imported_atI+0;14;transformed_atI+279;15;transformationsL0;13;parent_objectS0;","3923dc8d58e707ea7a194502edac8edd9c9f0bbd35a7454c73ead331c37ab12f"
"obj.Kant.Wasm.Kernel.cidPrefixE.eq_1","theorem","Kant.Wasm.Kernel.cidPrefixE.eq_1","PROVEN","Eq Kant.Wasm.Kernel.cidPrefixE ((Kant.Wasm.Expr.var 0).divC (instHPow.hPow 2 48))","L0;","O0;","L0;","L0;","L1;S38;claim.Kant.Wasm.Kernel.cidPrefixE.eq_1","L0;","L1;S38;proof.Kant.Wasm.Kernel.cidPrefixE.eq_1","L0;","S81;Eq Kant.Wasm.Kernel.cidPrefixE ((Kant.Wasm.Expr.var 0).divC (instHPow.hPow 2 48))","O7;13;source_systemS5;lean411;source_fileS35;RequestProject/Wasm/KernelSpec.lean13;source_formatS4;text11;imported_atI+0;14;transformed_atI+0;15;transformationsL0;13;parent_objectS0;","7c9287dde102a5feaa7e43c66c903c91da428042b5c3b9d8daba71065490f76b"
"obj.Kant.PlainText.metaOf_render","theorem","Kant.PlainText.metaOf_render","PROVEN","∀ {body : List Char} {m : Kant.PlainText.Meta},   m.Wf →     (∀ (l : List Char),         List.instMembership.mem (Kant.PlainText.lines body) l → Ne l Kant.PlainText.sigMark) →       Eq (Kant.PlainText.metaOf (Kant.PlainText.render body m)) (Option.some m)","L1;S37;obj.Kant.PlainText.parseMeta_metaText","O0;","L0;","L0;","L1;S34;claim.Kant.PlainText.metaOf_render","L0;","L1;S34;proof.Kant.PlainText.metaOf_render","L0;","S255;∀ {body : List Char} {m : Kant.PlainText.Meta},   m.Wf →     (∀ (l : List Char),         List.instMembership.mem (Kant.PlainText.lines body) l → Ne l Kant.PlainText.sigMark) →       Eq (Kant.PlainText.metaOf (Kant.PlainText.render body m)) (Option.some m)","O7;13;source_systemS5;lean411;source_fileS34;RequestProject/Kant/PlainText.lean13;source_formatS4;text11;imported_atI+0;14;transformed_atI+322;15;transformationsL0;13;parent_objectS0;","89b969c4b312b396f0cc5d58779154d94458e4d211db15600384e515831c44e3"
"obj.Kant.Handoff.instDecidableEqStep.decEq.match_1","def","Kant.Handoff.instDecidableEqStep.decEq.match_1","ASSERTED","(motive : Kant.Handoff.Step → Kant.Handoff.Step → Sort u_1) →   (x x_1 : Kant.Handoff.Step) →     ((a : Nat) →         (a_1 a_2 : List Char) →           (a_3 : Kant.Handoff.Move) →             (b : Nat) →               (b_1 b_2 : List Char) →                 (b_3 : Kant.Handoff.Move) →                   motive { number := a, actor := a_1, instruction := a_2, move := a_3 }                     { number := b, actor := b_1, instruction := b_2, move := b_3 }) →       motive x x_1","L0;","O0;","L0;","L0;","L0;","L0;","L0;","L0;","S479;(motive : Kant.Handoff.Step → Kant.Handoff.Step → Sort u_1) →   (x x_1 : Kant.Handoff.Step) →     ((a : Nat) →         (a_1 a_2 : List Char) →           (a_3 : Kant.Handoff.Move) →             (b : Nat) →               (b_1 b_2 : List Char) →                 (b_3 : Kant.Handoff.Move) →                   motive { number := a, actor := a_1, instruction := a_2, move := a_3 }                     { number := b, actor := b_1, instruction := b_2, move := b_3 }) →       motive x x_1","O7;13;source_systemS5;lean411;source_fileS32;RequestProject/Kant/Handoff.lean13;source_formatS4;text11;imported_atI+0;14;transformed_atI+0;15;transformationsL0;13;parent_objectS0;","c1c33f78a06b015ca808f9efafacbe97db718e0f4f111d026f80ddaf6f80cf8d"
"obj.Kant.SiteCard.Config.mk.noConfusion","def","Kant.SiteCard.Config.mk.noConfusion","ASSERTED","{P : Sort u} →   {origin caption picture alt origin' caption' picture' alt' : List Char} →     Eq { origin := origin, caption := caption, picture := picture, alt := alt }         { origin := origin', caption := caption', picture := picture', alt := alt' } →       (Eq origin origin' → Eq caption caption' → Eq picture picture' → Eq alt alt' → P) → P","L0;","O0;","L0;","L0;","L0;","L0;","L0;","L0;","S349;{P : Sort u} →   {origin caption picture alt origin' caption' picture' alt' : List Char} →     Eq { origin := origin, caption := caption, picture := picture, alt := alt }         { origin := origin', caption := caption', picture := picture', alt := alt' } →       (Eq origin origin' → Eq caption caption' → Eq picture picture' → Eq alt alt' → P) → P","O7;13;source_systemS5;lean411;source_fileS33;RequestProject/Kant/SiteCard.lean13;source_formatS4;text11;imported_atI+0;14;transformed_atI+135;15;transformationsL0;13;parent_objectS0;","3feceabfe8809382346ffa1747843f659ba1d2435761ffdc6fb034c5f1a1853f"
"obj.Kant.Sheaf.EigenSpace.enumList_getElem?_ctorIdx_eq","theorem","Kant.Sheaf.EigenSpace.enumList_getElem?_ctorIdx_eq","PROVEN","∀ (x : Kant.Sheaf.EigenSpace),   Eq (List.instGetElem?NatLtLength.getElem? Kant.Sheaf.EigenSpace.enumList x.ctorIdx)     (Option.some x)","L0;","O0;","L0;","L0;","L1;S56;claim.Kant.Sheaf.EigenSpace.enumList_getElem?_ctorIdx_eq","L0;","L1;S56;proof.Kant.Sheaf.EigenSpace.enumList_getElem?_ctorIdx_eq","L0;","S136;∀ (x : Kant.Sheaf.EigenSpace),   Eq (List.instGetElem?NatLtLength.getElem? Kant.Sheaf.EigenSpace.enumList x.ctorIdx)     (Option.some x)","O7;13;source_systemS5;lean411;source_fileS30;RequestProject/Kant/Sheaf.lean13;source_formatS4;text11;imported_atI+0;14;transformed_atI+0;15;transformationsL0;13;parent_objectS0;","7899c5c212c874bc81c575e702d1d497d2d88c706ed7b88ac4e765baa606c3c5"
"obj.Kant.CardDebug.roomOf?.match_1","def","Kant.CardDebug.roomOf?.match_1","ASSERTED","(motive : Kant.CardDebug.Code → Sort u_1) →   (x : Kant.CardDebug.Code) →     ((i : Kant.Rendezvous.Invite) → motive (Kant.CardDebug.Code.invite i)) →       ((x : Kant.CardDebug.Code) → motive x) → motive x","L1;S31;obj.Kant.CardDebug.Code.ctorIdx","O0;","L0;","L0;","L0;","L0;","L0;","L0;","S206;(motive : Kant.CardDebug.Code → Sort u_1) →   (x : Kant.CardDebug.Code) →     ((i : Kant.Rendezvous.Invite) → motive (Kant.CardDebug.Code.invite i)) →       ((x : Kant.CardDebug.Code) → motive x) → motive x","O7;13;source_systemS5;lean411;source_fileS34;RequestProject/Kant/CardDebug.lean13;source_formatS4;text11;imported_atI+0;14;transformed_atI+0;15;transformationsL0;13;parent_objectS0;","15c7dd1aae2667e90692be49235d01ae9cd21b6bd8630f9372a5582c61df8228"
"obj.Kant.Dom.readAllRows.eq_3","theorem","Kant.Dom.readAllRows.eq_3","PROVEN","∀ (x : List Char) (fuel : Nat),   (Eq x List.nil → False) →     Eq (Kant.Dom.readAllRows fuel.succ x)       (Kant.Dom.readAllRows.match_1 (fun x => Option (List (List (List Char))))         (Kant.Dom.readCells (instHAdd.hAdd x.length 1) x)         (fun cs r => Option.map (fun rs => List.cons cs rs) (Kant.Dom.readAllRows fuel r)) fun _ =>         Option.none)","L2;S32;obj.Kant.Dom.readAllRows.match_1S22;obj.Kant.Dom.readCells","O0;","L0;","L0;","L1;S31;claim.Kant.Dom.readAllRows.eq_3","L0;","L1;S31;proof.Kant.Dom.readAllRows.eq_3","L0;","S360;∀ (x : List Char) (fuel : Nat),   (Eq x List.nil → False) →     Eq (Kant.Dom.readAllRows fuel.succ x)       (Kant.Dom.readAllRows.match_1 (fun x => Option (List (List (List Char))))         (Kant.Dom.readCells (instHAdd.hAdd x.length 1) x)         (fun cs r => Option.map (fun rs => List.cons cs rs) (Kant.Dom.readAllRows fuel r)) fun _ =>         Option.none)","O7;13;source_systemS5;lean411;source_fileS37;RequestProject/Kant/Domain/Table.lean13;source_formatS4;text11;imported_atI+0;14;transformed_atI+0;15;transformationsL0;13;parent_objectS0;","e92e7ca9883a4d8e4822020b606b7069dd7aae2cf2728b580f28a2f3d8f88b13"
"obj.Kant.Dom.Decl.sorried","def","Kant.Dom.Decl.sorried","ASSERTED","Kant.Dom.Decl → Bool","L1;S17;obj.Kant.Dom.Decl","O0;","L0;","L0;","L0;","L0;","L0;","L0;","S20;Kant.Dom.Decl → Bool","O7;13;source_systemS5;lean411;source_fileS39;RequestProject/Kant/Domain/Catalog.lean13;source_formatS4;text11;imported_atI+0;14;transformed_atI+52;15;transformationsL0;13;parent_objectS0;","2fa5fb2788db377f997735acad3a207c677e2b2e5eb3a10db1884896f204befa"
"obj.Kant.Uucp.Site.mk.sizeOf_spec","theorem","Kant.Uucp.Site.mk.sizeOf_spec","PROVEN","∀ (files : List (Prod (List Char) (List Char))),   Eq (Kant.Uucp.Site._sizeOf_inst.sizeOf { files := files })     (instHAdd.hAdd 1 ((List._sizeOf_inst (Prod (List Char) (List Char))).sizeOf files))","L0;","O0;","L0;","L0;","L1;S35;claim.Kant.Uucp.Site.mk.sizeOf_spec","L0;","L1;S35;proof.Kant.Uucp.Site.mk.sizeOf_spec","L0;","S197;∀ (files : List (Prod (List Char) (List Char))),   Eq (Kant.Uucp.Site._sizeOf_inst.sizeOf { files := files })     (instHAdd.hAdd 1 ((List._sizeOf_inst (Prod (List Char) (List Char))).sizeOf files))","O7;13;source_systemS5;lean411;source_fileS29;RequestProject/Kant/Uucp.lean13;source_formatS4;text11;imported_atI+0;14;transformed_atI+0;15;transformationsL0;13;parent_objectS0;","00bbba404d3a9f17f867283959d32024c7a9f56f6f87d35d10c1f1a20e854c1a"
"obj.Kant.SiteCard.flatten_infix_cardSvg","theorem","Kant.SiteCard.flatten_infix_cardSvg","PROVEN","∀ (k : Kant.SiteCard.Card) (modules : List (List Bool)) (scale border : Nat),   (Kant.SiteCard.cardParts k modules scale border).flatten.IsInfix     (Kant.SiteCard.cardSvg k modules scale border)","L0;","O0;","L0;","L0;","L1;S41;claim.Kant.SiteCard.flatten_infix_cardSvg","L0;","L1;S41;proof.Kant.SiteCard.flatten_infix_cardSvg","L0;","S195;∀ (k : Kant.SiteCard.Card) (modules : List (List Bool)) (scale border : Nat),   (Kant.SiteCard.cardParts k modules scale border).flatten.IsInfix     (Kant.SiteCard.cardSvg k modules scale border)","O7;13;source_systemS5;lean411;source_fileS33;RequestProject/Kant/SiteCard.lean13;source_formatS4;text11;imported_atI+0;14;transformed_atI+596;15;transformationsL0;13;parent_objectS0;","aaf2e84f219399111019f6fbe6be17dee7ead5b703f168531f3f460e839952c0"
"obj.Kant.Sync.Source.uucp.sizeOf_spec","theorem","Kant.Sync.Source.uucp.sizeOf_spec","PROVEN","Eq (Kant.Sync.Source._sizeOf_inst.sizeOf Kant.Sync.Source.uucp) 1","L0;","O0;","L0;","L0;","L1;S39;claim.Kant.Sync.Source.uucp.sizeOf_spec","L0;","L1;S39;proof.Kant.Sync.Source.uucp.sizeOf_spec","L0;","S65;Eq (Kant.Sync.Source._sizeOf_inst.sizeOf Kant.Sync.Source.uucp) 1","O7;13;source_systemS5;lean411;source_fileS29;RequestProject/Kant/Sync.lean13;source_formatS4;text11;imported_atI+0;14;transformed_atI+0;15;transformationsL0;13;parent_objectS0;","49c9864bec47ace2b5d525ba17b27b356426b311b60f587c95e76f7fb5a8accf"
"obj.Kant.Rendezvous.Address.noConfusionType","def","Kant.Rendezvous.Address.noConfusionType","ASSERTED","Sort u → Kant.Rendezvous.Address → Kant.Rendezvous.Address → Sort u","L0;","O0;","L0;","L0;","L0;","L0;","L0;","L0;","S67;Sort u → Kant.Rendezvous.Address → Kant.Rendezvous.Address → Sort u","O7;13;source_systemS5;lean411;source_fileS35;RequestProject/Kant/Rendezvous.lean13;source_formatS4;text11;imported_atI+0;14;transformed_atI+0;15;transformationsL0;13;parent_objectS0;","1f816f339e5c1dac9996c28ec3e03f9fac234a4a9b11b6d233dd415bd68f3005"
"obj.Kant.Codec.Outp.mk.injEq","theorem","Kant.Codec.Outp.mk.injEq","PROVEN","∀ (id name type : List Char) (value : Kant.Codec.Val) (encoding : List Char)   (claims : List Kant.Codec.Val) (certificate : Kant.Codec.Val)   (provenance : Option Kant.Codec.Prov) (id_1 name_1 type_1 : List Char) (value_1 : Kant.Codec.Val)   (encoding_1 : List Char) (claims_1 : List Kant.Codec.Val) (certificate_1 : Kant.Codec.Val)   (provenance_1 : Option Kant.Codec.Prov),   Eq     (Eq       { id := id, name := name, type := type, value := value, encoding := encoding,         claims := claims, certificate := certificate, provenance := provenance }       { id := id_1, name := name_1, type := type_1, value := value_1, encoding := encoding_1,         claims := claims_1, certificate := certificate_1, provenance := provenance_1 })     (And (Eq id id_1)       (And (Eq name name_1)         (And (Eq type type_1)           (And (Eq value value_1)             (And (Eq encoding encoding_1)               (And (Eq claims claims_1)                 (And (Eq certificate certificate_1) (Eq provenance provenance_1))))))))","L1;S34;obj.Kant.Codec.Outp.mk.noConfusion","O0;","L0;","L0;","L1;S30;claim.Kant.Codec.Outp.mk.injEq","L0;","L1;S30;proof.Kant.Codec.Outp.mk.injEq","L0;","S1020;∀ (id name type : List Char) (value : Kant.Codec.Val) (encoding : List Char)   (claims : List Kant.Codec.Val) (certificate : Kant.Codec.Val)   (provenance : Option Kant.Codec.Prov) (id_1 name_1 type_1 : List Char) (value_1 : Kant.Codec.Val)   (encoding_1 : List Char) (claims_1 : List Kant.Codec.Val) (certificate_1 : Kant.Codec.Val)   (provenance_1 : Option Kant.Codec.Prov),   Eq     (Eq       { id := id, name := name, type := type, value := value, encoding := encoding,         claims := claims, certificate := certificate, provenance := provenance }       { id := id_1, name := name_1, type := type_1, value := value_1, encoding := encoding_1,         claims := claims_1, certificate := certificate_1, provenance := provenance_1 })     (And (Eq id id_1)       (And (Eq name name_1)         (And (Eq type type_1)           (And (Eq value value_1)             (And (Eq encoding encoding_1)               (And (Eq claims claims_1)                 (And (Eq certificate certificate_1) (Eq provenance provenance_1))))))))","O7;13;source_systemS5;lean411;source_fileS36;RequestProject/Kant/Codec/Model.lean13;source_formatS4;text11;imported_atI+0;14;transformed_atI+0;15;transformationsL0;13;parent_objectS0;","d77eb5915fe75a79e012a7fa90eafec685e5b2c47e3373431fb8f31c016d25c0"
"obj.Kant.Connectivity.SharedRelay","def","Kant.Connectivity.SharedRelay","ASSERTED","Kant.Connectivity.Client → Kant.Connectivity.Client → Prop","L0;","O0;","L0;","L0;","L0;","L0;","L0;","L0;","S58;Kant.Connectivity.Client → Kant.Connectivity.Client → Prop","O7;13;source_systemS5;lean411;source_fileS37;RequestProject/Kant/Connectivity.lean13;source_formatS4;text11;imported_atI+0;14;transformed_atI+106;15;transformationsL0;13;parent_objectS0;","2806c34214edb5ddc968df49f1c5daaa6f84fa1d6f61fc7782b16c1c0d9a9f84"
"obj.Kant.Codec.Outp.mk.sizeOf_spec","theorem","Kant.Codec.Outp.mk.sizeOf_spec","PROVEN","∀ (id name type : List Char) (value : Kant.Codec.Val) (encoding : List Char)   (claims : List Kant.Codec.Val) (certificate : Kant.Codec.Val)   (provenance : Option Kant.Codec.Prov),   Eq     (Kant.Codec.Outp._sizeOf_inst.sizeOf       { id := id, name := name, type := type, value := value, encoding := encoding,         claims := claims, certificate := certificate, provenance := provenance })     (instHAdd.hAdd       (instHAdd.hAdd         (instHAdd.hAdd           (instHAdd.hAdd             (instHAdd.hAdd               (instHAdd.hAdd                 (instHAdd.hAdd (instHAdd.hAdd 1 ((List._sizeOf_inst Char).sizeOf id))                   ((List._sizeOf_inst Char).sizeOf name))                 ((List._sizeOf_inst Char).sizeOf type))               (Kant.Codec.Val._sizeOf_inst.sizeOf value))             ((List._sizeOf_inst Char).sizeOf encoding))           ((List._sizeOf_inst Kant.Codec.Val).sizeOf claims))         (Kant.Codec.Val._sizeOf_inst.sizeOf certificate))       ((Option._sizeOf_inst Kant.Codec.Prov).sizeOf provenance))","L0;","O0;","L0;","L0;","L1;S36;claim.Kant.Codec.Outp.mk.sizeOf_spec","L0;","L1;S36;proof.Kant.Codec.Outp.mk.sizeOf_spec","L0;","S1036;∀ (id name type : List Char) (value : Kant.Codec.Val) (encoding : List Char)   (claims : List Kant.Codec.Val) (certificate : Kant.Codec.Val)   (provenance : Option Kant.Codec.Prov),   Eq     (Kant.Codec.Outp._sizeOf_inst.sizeOf       { id := id, name := name, type := type, value := value, encoding := encoding,         claims := claims, certificate := certificate, provenance := provenance })     (instHAdd.hAdd       (instHAdd.hAdd         (instHAdd.hAdd           (instHAdd.hAdd             (instHAdd.hAdd               (instHAdd.hAdd                 (instHAdd.hAdd (instHAdd.hAdd 1 ((List._sizeOf_inst Char).sizeOf id))                   ((List._sizeOf_inst Char).sizeOf name))                 ((List._sizeOf_inst Char).sizeOf type))               (Kant.Codec.Val._sizeOf_inst.sizeOf value))             ((List._sizeOf_inst Char).sizeOf encoding))           ((List._sizeOf_inst Kant.Codec.Val).sizeOf claims))         (Kant.Codec.Val._sizeOf_inst.sizeOf certificate))       ((Option._sizeOf_inst Kant.Codec.Prov).sizeOf provenance))","O7;13;source_systemS5;lean411;source_fileS36;RequestProject/Kant/Codec/Model.lean13;source_formatS4;text11;imported_atI+0;14;transformed_atI+0;15;transformationsL0;13;parent_objectS0;","19d3b3d31918dd23977fe47c195bdc180a828e2ed44d774976a5fbf2e8f90bde"
"obj.Kant.Erdfa.escapeChar_no_markup","theorem","Kant.Erdfa.escapeChar_no_markup","PROVEN","∀ (c : Char),   And (Not (List.instMembership.mem (Kant.Erdfa.escapeChar c) '<'))     (And (Not (List.instMembership.mem (Kant.Erdfa.escapeChar c) '>'))       (Not (List.instMembership.mem (Kant.Erdfa.escapeChar c) '\""')))","L0;","O0;","L0;","L0;","L1;S37;claim.Kant.Erdfa.escapeChar_no_markup","L0;","L1;S37;proof.Kant.Erdfa.escapeChar_no_markup","L0;","S222;∀ (c : Char),   And (Not (List.instMembership.mem (Kant.Erdfa.escapeChar c) '<'))     (And (Not (List.instMembership.mem (Kant.Erdfa.escapeChar c) '>'))       (Not (List.instMembership.mem (Kant.Erdfa.escapeChar c) '\""')))","O7;13;source_systemS5;lean411;source_fileS30;RequestProject/Kant/Erdfa.lean13;source_formatS4;text11;imported_atI+0;14;transformed_atI+91;15;transformationsL0;13;parent_objectS0;","a2485df82cfc6f5f53f08f71981384ace7a5f9f26916a925ecc4807c3240e532"
"obj.Kant.Dom.Rel.proves.elim","def","Kant.Dom.Rel.proves.elim","ASSERTED","{motive : Kant.Dom.Rel → Sort u} →   (t : Kant.Dom.Rel) → Eq t.ctorIdx 2 → motive Kant.Dom.Rel.proves → motive t","L0;","O0;","L0;","L0;","L0;","L0;","L0;","L0;","S112;{motive : Kant.Dom.Rel → Sort u} →   (t : Kant.Dom.Rel) → Eq t.ctorIdx 2 → motive Kant.Dom.Rel.proves → motive t","O7;13;source_systemS5;lean411;source_fileS37;RequestProject/Kant/Domain/Model.lean13;source_formatS4;text11;imported_atI+0;14;transformed_atI+68;15;transformationsL0;13;parent_objectS0;","2261025016af1df83a5fa4da4e8c5d6bd5e77db316dff9b696cc09cdd8b5d339"
"obj.Kant.Codec.Difference.kind","def","Kant.Codec.Difference.kind","ASSERTED","Kant.Codec.Difference → List Char","L0;","O0;","L0;","L0;","L0;","L0;","L0;","L0;","S33;Kant.Codec.Difference → List Char","O7;13;source_systemS5;lean411;source_fileS40;RequestProject/Kant/Codec/Reconcile.lean13;source_formatS4;text11;imported_atI+0;14;transformed_atI+45;15;transformationsL0;13;parent_objectS0;","34348c1313bb9041435c0c36d33179ae7fb4567bb5675d03cea4fc8d9a8af0f0"
"obj.Kant.Dom.PStatus.partial.sizeOf_spec","theorem","Kant.Dom.PStatus.partial.sizeOf_spec","PROVEN","Eq (Kant.Dom.PStatus._sizeOf_inst.sizeOf Kant.Dom.PStatus.partial) 1","L0;","O0;","L0;","L0;","L1;S42;claim.Kant.Dom.PStatus.partial.sizeOf_spec","L0;","L1;S42;proof.Kant.Dom.PStatus.partial.sizeOf_spec","L0;","S68;Eq (Kant.Dom.PStatus._sizeOf_inst.sizeOf Kant.Dom.PStatus.partial) 1","O7;13;source_systemS5;lean411;source_fileS37;RequestProject/Kant/Domain/Model.lean13;source_formatS4;text11;imported_atI+0;14;transformed_atI+0;15;transformationsL0;13;parent_objectS0;","f6dd4c54e141bc8128abb4238fcbae6e6879c4ad5904341b84ab5e37a8c41408"
"obj.Kant.Codec.Obj.status","def","Kant.Codec.Obj.status","ASSERTED","Kant.Codec.Obj → Kant.Codec.Status","L0;","O0;","L0;","L0;","L0;","L0;","L0;","L0;","S34;Kant.Codec.Obj → Kant.Codec.Status","O7;13;source_systemS5;lean411;source_fileS36;RequestProject/Kant/Codec/Model.lean13;source_formatS4;text11;imported_atI+0;14;transformed_atI+471;15;transformationsL0;13;parent_objectS0;","98d6bf48c467c271da3e1611e5df236e1b23449d5f8ce10370681eaca7135ad0"
"obj.Kant.Wasm.Decode.RawInstr.i64const.noConfusion","def","Kant.Wasm.Decode.RawInstr.i64const.noConfusion","ASSERTED","{P : Sort u} →   {n n' : Int} →     Eq (Kant.Wasm.Decode.RawInstr.i64const n) (Kant.Wasm.Decode.RawInstr.i64const n') →       (Eq n n' → P) → P","L0;","O0;","L0;","L0;","L0;","L0;","L0;","L0;","S143;{P : Sort u} →   {n n' : Int} →     Eq (Kant.Wasm.Decode.RawInstr.i64const n) (Kant.Wasm.Decode.RawInstr.i64const n') →       (Eq n n' → P) → P","O7;13;source_systemS5;lean411;source_fileS31;RequestProject/Wasm/Decode.lean13;source_formatS4;text11;imported_atI+0;14;transformed_atI+44;15;transformationsL0;13;parent_objectS0;","44e531d933e1016d783440c5c3fb599a2ca9aa779b48f2cf07566993368ab8dc"
"obj.Kant.Onboarding.State.noConfusion","def","Kant.Onboarding.State.noConfusion","ASSERTED","{P : Sort u} →   {t t' : Kant.Onboarding.State} → Eq t t' → Kant.Onboarding.State.noConfusionType P t t'","L0;","O0;","L0;","L0;","L0;","L0;","L0;","L0;","S104;{P : Sort u} →   {t t' : Kant.Onboarding.State} → Eq t t' → Kant.Onboarding.State.noConfusionType P t t'","O7;13;source_systemS5;lean411;source_fileS35;RequestProject/Kant/Onboarding.lean13;source_formatS4;text11;imported_atI+0;14;transformed_atI+111;15;transformationsL0;13;parent_objectS0;","0a225eb3469be10abb811e12eccf1c0d64fdf3b5e0b02eac56c819ed9bd0755f"
"obj.Kant.Wasm.Instr.binop.inj","theorem","Kant.Wasm.Instr.binop.inj","PROVEN","∀ {op op_1 : Kant.Wasm.BinOp},   Eq (Kant.Wasm.Instr.binop op) (Kant.Wasm.Instr.binop op_1) → Eq op op_1","L0;","O0;","L0;","L0;","L1;S31;claim.Kant.Wasm.Instr.binop.inj","L0;","L1;S31;proof.Kant.Wasm.Instr.binop.inj","L0;","S104;∀ {op op_1 : Kant.Wasm.BinOp},   Eq (Kant.Wasm.Instr.binop op) (Kant.Wasm.Instr.binop op_1) → Eq op op_1","O7;13;source_systemS5;lean411;source_fileS31;RequestProject/Wasm/Syntax.lean13;source_formatS4;text11;imported_atI+0;14;transformed_atI+0;15;transformationsL0;13;parent_objectS0;","921f2afbd13e9527432d6fec304844ec267b30cde0893925722135bb37ca2f7a"
"obj.Kant.Diagnostics.areaOfCode_code","theorem","Kant.Diagnostics.areaOfCode_code","PROVEN","∀ (a : Kant.Diagnostics.Area), Eq (Kant.Diagnostics.areaOfCode a.code) (Option.some a)","L0;","O0;","L0;","L0;","L1;S38;claim.Kant.Diagnostics.areaOfCode_code","L0;","L1;S38;proof.Kant.Diagnostics.areaOfCode_code","L0;","S86;∀ (a : Kant.Diagnostics.Area), Eq (Kant.Diagnostics.areaOfCode a.code) (Option.some a)","O7;13;source_systemS5;lean411;source_fileS36;RequestProject/Kant/Diagnostics.lean13;source_formatS4;text11;imported_atI+0;14;transformed_atI+136;15;transformationsL0;13;parent_objectS0;","fec2f85cd7457e6dae25caed9983cecad7b210e17e7666a71d9dfc9515587ac4"
"obj.Kant.Text.IsAscii","def","Kant.Text.IsAscii","ASSERTED","List Char → Prop","L0;","O0;","L0;","L0;","L0;","L0;","L0;","L0;","S16;List Char → Prop","O7;13;source_systemS5;lean411;source_fileS29;RequestProject/Kant/Text.lean13;source_formatS4;text11;imported_atI+0;14;transformed_atI+34;15;transformationsL0;13;parent_objectS0;","0ae47724fc87ebce038d42eaf11cd229dab034d584c91448d9e3b6735d61daa3"
"obj.Kant.Dom.PStatus.ofName","def","Kant.Dom.PStatus.ofName","ASSERTED","List Char → Option Kant.Dom.PStatus","L0;","O0;","L0;","L0;","L0;","L0;","L0;","L0;","S35;List Char → Option Kant.Dom.PStatus","O7;13;source_systemS5;lean411;source_fileS37;RequestProject/Kant/Domain/Model.lean13;source_formatS4;text11;imported_atI+0;14;transformed_atI+120;15;transformationsL0;13;parent_objectS0;","f8b7a003ff8624eb81df9d0cfdf17270a097a13e06ce384964e484e68d1bc1ae"
"obj.Kant.Clipboard.pasteAll_copyAll","theorem","Kant.Clipboard.pasteAll_copyAll","PROVEN","∀ {ps : List Kant.Paste},   (∀ (p : Kant.Paste), List.instMembership.mem ps p → Kant.Clipboard.Copyable p) →     Eq (Kant.Clipboard.pasteAll (Kant.Clipboard.copyAll ps)) (Option.some ps)","L0;","O0;","L0;","L0;","L1;S37;claim.Kant.Clipboard.pasteAll_copyAll","L0;","L1;S37;proof.Kant.Clipboard.pasteAll_copyAll","L0;","S186;∀ {ps : List Kant.Paste},   (∀ (p : Kant.Paste), List.instMembership.mem ps p → Kant.Clipboard.Copyable p) →     Eq (Kant.Clipboard.pasteAll (Kant.Clipboard.copyAll ps)) (Option.some ps)","O7;13;source_systemS5;lean411;source_fileS34;RequestProject/Kant/Clipboard.lean13;source_formatS4;text11;imported_atI+0;14;transformed_atI+271;15;transformationsL0;13;parent_objectS0;","ff4ab6f2a6aec58749a57b20f76bdfe469aca29c79c7429ddbfbea1c0fd0f6da"
"obj.Kant.Cli.parseArgv.eq_2","theorem","Kant.Cli.parseArgv.eq_2","PROVEN","∀ (w x_1 : List Char),   Eq (Kant.Cli.parseArgv (List.cons w (List.cons x_1 List.nil)))     (ite (Eq w ""open"".toList) (Option.some (Kant.Cli.Cmd.open x_1))       (ite (Eq w ""join"".toList) (Option.some (Kant.Cli.Cmd.join x_1))         (ite (Eq w ""say"".toList) (Option.some (Kant.Cli.Cmd.say x_1)) Option.none)))","L1;S16;obj.Kant.Cli.Cmd","O0;","L0;","L0;","L1;S29;claim.Kant.Cli.parseArgv.eq_2","L0;","L1;S29;proof.Kant.Cli.parseArgv.eq_2","L0;","S310;∀ (w x_1 : List Char),   Eq (Kant.Cli.parseArgv (List.cons w (List.cons x_1 List.nil)))     (ite (Eq w ""open"".toList) (Option.some (Kant.Cli.Cmd.open x_1))       (ite (Eq w ""join"".toList) (Option.some (Kant.Cli.Cmd.join x_1))         (ite (Eq w ""say"".toList) (Option.some (Kant.Cli.Cmd.say x_1)) Option.none)))","O7;13;source_systemS5;lean411;source_fileS28;RequestProject/Kant/Cli.lean13;source_formatS4;text11;imported_atI+0;14;transformed_atI+0;15;transformationsL0;13;parent_objectS0;","074e6ddce2c65f5723a9a27fe7807a2408c12a6f4638e75df3fc1df3efbcdd5a"
"obj.Kant.Codec.Prov.recOn","def","Kant.Codec.Prov.recOn","ASSERTED","{motive : Kant.Codec.Prov → Sort u} →   (t : Kant.Codec.Prov) →     ((sourceSystem sourceFile : List Char) →         (sourceFormat : Kant.Codec.Fmt) →           (importedAt transformedAt : Nat) →             (transformations : List Kant.Codec.Trans) →               (parent : List Char) →                 motive                   { sourceSystem := sourceSystem, sourceFile := sourceFile,                     sourceFormat := sourceFormat, importedAt := importedAt,                     transformedAt := transformedAt, transformations := transformations,                     parent := parent }) →       motive t","L0;","O0;","L0;","L0;","L0;","L0;","L0;","L0;","S608;{motive : Kant.Codec.Prov → Sort u} →   (t : Kant.Codec.Prov) →     ((sourceSystem sourceFile : List Char) →         (sourceFormat : Kant.Codec.Fmt) →           (importedAt transformedAt : Nat) →             (transformations : List Kant.Codec.Trans) →               (parent : List Char) →                 motive                   { sourceSystem := sourceSystem, sourceFile := sourceFile,                     sourceFormat := sourceFormat, importedAt := importedAt,                     transformedAt := transformedAt, transformations := transformations,                     parent := parent }) →       motive t","O7;13;source_systemS5;lean411;source_fileS36;RequestProject/Kant/Codec/Model.lean13;source_formatS4;text11;imported_atI+0;14;transformed_atI+321;15;transformationsL0;13;parent_objectS0;","faeb2bc01c4794439cc6b65d7342695881d80f31538e4039ec634973ea553aee"
"obj.Kant.Onboarding.instDecidableEqTask","def","Kant.Onboarding.instDecidableEqTask","ASSERTED","DecidableEq Kant.Onboarding.Task","L0;","O0;","L0;","L0;","L0;","L0;","L0;","L0;","S32;DecidableEq Kant.Onboarding.Task","O7;13;source_systemS5;lean411;source_fileS35;RequestProject/Kant/Onboarding.lean13;source_formatS4;text11;imported_atI+0;14;transformed_atI+99;15;transformationsL0;13;parent_objectS0;","976ba81cf75fceb999a6e4ab20bdbfb672881c05f857b5f3ce58661b6b8455f0"
"obj.Kant.Codec.xEntryClose.eq_1","theorem","Kant.Codec.xEntryClose.eq_1","PROVEN","Eq Kant.Codec.xEntryClose   (List.cons '<'     (List.cons '/'       (List.cons 'e'         (List.cons 'n' (List.cons 't' (List.cons 'r' (List.cons 'y' (List.cons '>' List.nil))))))))","L0;","O0;","L0;","L0;","L1;S33;claim.Kant.Codec.xEntryClose.eq_1","L0;","L1;S33;proof.Kant.Codec.xEntryClose.eq_1","L0;","S182;Eq Kant.Codec.xEntryClose   (List.cons '<'     (List.cons '/'       (List.cons 'e'         (List.cons 'n' (List.cons 't' (List.cons 'r' (List.cons 'y' (List.cons '>' List.nil))))))))","O7;13;source_systemS5;lean411;source_fileS34;RequestProject/Kant/Codec/Xml.lean13;source_formatS4;text11;imported_atI+0;14;transformed_atI+0;15;transformationsL0;13;parent_objectS0;","765f23e9c0a807c2abd27bd6e29e9e251de86d943e3e113c94bcca13fe7da09f"
"obj.Kant.Codec.declaredLossiness.match_1","def","Kant.Codec.declaredLossiness.match_1","ASSERTED","(motive : Kant.Codec.Fmt → Sort u_1) →   (x : Kant.Codec.Fmt) → ((x : Kant.Codec.Fmt) → motive x) → motive x","L0;","O0;","L0;","L0;","L0;","L0;","L0;","L0;","S108;(motive : Kant.Codec.Fmt → Sort u_1) →   (x : Kant.Codec.Fmt) → ((x : Kant.Codec.Fmt) → motive x) → motive x","O7;13;source_systemS5;lean411;source_fileS39;RequestProject/Kant/Codec/Exchange.lean13;source_formatS4;text11;imported_atI+0;14;transformed_atI+0;15;transformationsL0;13;parent_objectS0;","cd3f5422a2c472cdcb6dd3efa76c2452d6f813fd974787a7fa6497fa8e43f60c"
"obj.Kant.Dom.ProofRec.claimRefs","def","Kant.Dom.ProofRec.claimRefs","ASSERTED","Kant.Dom.ProofRec → List Kant.Dom.Id","L0;","O0;","L0;","L0;","L0;","L0;","L0;","L0;","S36;Kant.Dom.ProofRec → List Kant.Dom.Id","O7;13;source_systemS5;lean411;source_fileS37;RequestProject/Kant/Domain/Model.lean13;source_formatS4;text11;imported_atI+0;14;transformed_atI+377;15;transformationsL0;13;parent_objectS0;","92ff990017f0c4ded25ec089e6d044099b1ef6ab835e36305fa25c58a3dd6cab"
"obj.Kant.Diagnostics.joinLines.match_1","def","Kant.Diagnostics.joinLines.match_1","ASSERTED","(motive : List (List Char) → Sort u_1) →   (x : List (List Char)) →     (Unit → motive List.nil) →       ((l : List Char) → motive (List.cons l List.nil)) →         ((l : List Char) → (ls : List (List Char)) → motive (List.cons l ls)) → motive x","L0;","O0;","L0;","L0;","L0;","L0;","L0;","L0;","S245;(motive : List (List Char) → Sort u_1) →   (x : List (List Char)) →     (Unit → motive List.nil) →       ((l : List Char) → motive (List.cons l List.nil)) →         ((l : List Char) → (ls : List (List Char)) → motive (List.cons l ls)) → motive x","O7;13;source_systemS5;lean411;source_fileS36;RequestProject/Kant/Diagnostics.lean13;source_formatS4;text11;imported_atI+0;14;transformed_atI+0;15;transformationsL0;13;parent_objectS0;","faa0388acf3d9d75d8a2c3e30ca843d27dd14332ec61f02f240f93b3680b27ac"
"obj.Kant.Stego.toBits.eq_1","theorem","Kant.Stego.toBits.eq_1","PROVEN","∀ (bs : List Nat), Eq (Kant.Stego.toBits bs) (List.flatMap Kant.Stego.byteBits bs)","L0;","O0;","L0;","L0;","L1;S28;claim.Kant.Stego.toBits.eq_1","L0;","L1;S28;proof.Kant.Stego.toBits.eq_1","L0;","S82;∀ (bs : List Nat), Eq (Kant.Stego.toBits bs) (List.flatMap Kant.Stego.byteBits bs)","O7;13;source_systemS5;lean411;source_fileS30;RequestProject/Kant/Stego.lean13;source_formatS4;text11;imported_atI+0;14;transformed_atI+0;15;transformationsL0;13;parent_objectS0;","a7de4833e5e7ad7d95453b95aa6c6fda0666ae1f70e2f1ff14b4908bfc34327c"
"obj.Kant.Dom.Event.assertedBy.sizeOf_spec","theorem","Kant.Dom.Event.assertedBy.sizeOf_spec","PROVEN","∀ (who : List Char),   Eq (Kant.Dom.Event._sizeOf_inst.sizeOf (Kant.Dom.Event.assertedBy who))     (instHAdd.hAdd 1 ((List._sizeOf_inst Char).sizeOf who))","L1;S18;obj.Kant.Dom.Event","O0;","L0;","L0;","L1;S43;claim.Kant.Dom.Event.assertedBy.sizeOf_spec","L0;","L1;S43;proof.Kant.Dom.Event.assertedBy.sizeOf_spec","L0;","S154;∀ (who : List Char),   Eq (Kant.Dom.Event._sizeOf_inst.sizeOf (Kant.Dom.Event.assertedBy who))     (instHAdd.hAdd 1 ((List._sizeOf_inst Char).sizeOf who))","O7;13;source_systemS5;lean411;source_fileS38;RequestProject/Kant/Domain/Policy.lean13;source_formatS4;text11;imported_atI+0;14;transformed_atI+0;15;transformationsL0;13;parent_objectS0;","d90f55b7447d119c7e692957956cea5730bdde7673ab5ffab7fcd76820a21975"
"obj.Kant.Join.mem_hexEncode_isCodeChar","theorem","Kant.Join.mem_hexEncode_isCodeChar","PROVEN","∀ {c : Char} {bs : Kant.Bytes.Blob},   List.instMembership.mem (Kant.Bytes.hexEncode bs) c → Eq (Kant.Join.isCodeChar c) Bool.true","L0;","O0;","L0;","L0;","L1;S40;claim.Kant.Join.mem_hexEncode_isCodeChar","L0;","L1;S40;proof.Kant.Join.mem_hexEncode_isCodeChar","L0;","S130;∀ {c : Char} {bs : Kant.Bytes.Blob},   List.instMembership.mem (Kant.Bytes.hexEncode bs) c → Eq (Kant.Join.isCodeChar c) Bool.true","O7;13;source_systemS5;lean411;source_fileS29;RequestProject/Kant/Join.lean13;source_formatS4;text11;imported_atI+0;14;transformed_atI+83;15;transformationsL0;13;parent_objectS0;","3ae934050966c1184f01976c58aef5cb0f89a62b32f8b576d17fc7cfce018699"
"obj.Kant.Codec.Trans.errors","def","Kant.Codec.Trans.errors","ASSERTED","Kant.Codec.Trans → List Kant.Codec.Err","L0;","O0;","L0;","L0;","L0;","L0;","L0;","L0;","S38;Kant.Codec.Trans → List Kant.Codec.Err","O7;13;source_systemS5;lean411;source_fileS36;RequestProject/Kant/Codec/Model.lean13;source_formatS4;text11;imported_atI+0;14;transformed_atI+284;15;transformationsL0;13;parent_objectS0;","1ecb847d582c58c9297c009fb33f31662733e7169860d4431022b75e9f0a2c70"
"obj.Kant.CardDebug.Pairing.connectable.elim","def","Kant.CardDebug.Pairing.connectable.elim","ASSERTED","{motive : Kant.CardDebug.Pairing → Sort u} →   (t : Kant.CardDebug.Pairing) →     Eq t.ctorIdx 0 → motive Kant.CardDebug.Pairing.connectable → motive t","L0;","O0;","L0;","L0;","L0;","L0;","L0;","L0;","S151;{motive : Kant.CardDebug.Pairing → Sort u} →   (t : Kant.CardDebug.Pairing) →     Eq t.ctorIdx 0 → motive Kant.CardDebug.Pairing.connectable → motive t","O7;13;source_systemS5;lean411;source_fileS34;RequestProject/Kant/CardDebug.lean13;source_formatS4;text11;imported_atI+0;14;transformed_atI+153;15;transformationsL0;13;parent_objectS0;","950d6e4a13d3e84675b58093f5d30be174ab7eb508e8453873f390d83ceb2183"
"obj.Kant.Feed.Row.replyTo","def","Kant.Feed.Row.replyTo","ASSERTED","Kant.Feed.Row → Option (List Char)","L0;","O0;","L0;","L0;","L0;","L0;","L0;","L0;","S34;Kant.Feed.Row → Option (List Char)","O7;13;source_systemS5;lean411;source_fileS29;RequestProject/Kant/Feed.lean13;source_formatS4;text11;imported_atI+0;14;transformed_atI+60;15;transformationsL0;13;parent_objectS0;","6778ba2d6dfdc8f7310df06111fbb53c105e1de79d4e50bd4766e7d820803d12"
"obj.Kant.Rendezvous.Invite.mk.inj","theorem","Kant.Rendezvous.Invite.mk.inj","PROVEN","∀ {relay : List Char} {secret : Kant.Bytes.Blob} {peer : List Char}   {addrs : List Kant.Rendezvous.Address} {relay_1 : List Char} {secret_1 : Kant.Bytes.Blob}   {peer_1 : List Char} {addrs_1 : List Kant.Rendezvous.Address},   Eq { relay := relay, secret := secret, peer := peer, addrs := addrs }       { relay := relay_1, secret := secret_1, peer := peer_1, addrs := addrs_1 } →     And (Eq relay relay_1) (And (Eq secret secret_1) (And (Eq peer peer_1) (Eq addrs addrs_1)))","L0;","O0;","L0;","L0;","L1;S35;claim.Kant.Rendezvous.Invite.mk.inj","L0;","L1;S35;proof.Kant.Rendezvous.Invite.mk.inj","L0;","S475;∀ {relay : List Char} {secret : Kant.Bytes.Blob} {peer : List Char}   {addrs : List Kant.Rendezvous.Address} {relay_1 : List Char} {secret_1 : Kant.Bytes.Blob}   {peer_1 : List Char} {addrs_1 : List Kant.Rendezvous.Address},   Eq { relay := relay, secret := secret, peer := peer, addrs := addrs }       { relay := relay_1, secret := secret_1, peer := peer_1, addrs := addrs_1 } →     And (Eq relay relay_1) (And (Eq secret secret_1) (And (Eq peer peer_1) (Eq addrs addrs_1)))","O7;13;source_systemS5;lean411;source_fileS35;RequestProject/Kant/Rendezvous.lean13;source_formatS4;text11;imported_atI+0;14;transformed_atI+0;15;transformationsL0;13;parent_objectS0;","d877a2f7d3faae56e10f279958e8a731e74d3e920f40ed70c0dbf2c12b4165ab"
"obj.Kant.Cli.decAux","def","Kant.Cli.decAux","ASSERTED","Nat → Nat → List Char","L0;","O0;","L0;","L0;","L0;","L0;","L0;","L0;","S21;Nat → Nat → List Char","O7;13;source_systemS5;lean411;source_fileS28;RequestProject/Kant/Cli.lean13;source_formatS4;text11;imported_atI+0;14;transformed_atI+71;15;transformationsL0;13;parent_objectS0;","d7b7d04b430b91b41ebb4502441b6a0711213e41562bfe2a91b44b43c1ea939d"
"obj.Kant.Uucp.Fresher","def","Kant.Uucp.Fresher","ASSERTED","Kant.Uucp.Node → Kant.Uucp.Node → Prop","L0;","O0;","L0;","L0;","L0;","L0;","L0;","L0;","S38;Kant.Uucp.Node → Kant.Uucp.Node → Prop","O7;13;source_systemS5;lean411;source_fileS29;RequestProject/Kant/Uucp.lean13;source_formatS4;text11;imported_atI+0;14;transformed_atI+534;15;transformationsL0;13;parent_objectS0;","0d06573f190bf8ff7f0901470c1dc00c1d68c43fdfdd4fa52bd371e86abbcb32"
"obj.Kant.Dom.Truth.derived.elim","def","Kant.Dom.Truth.derived.elim","ASSERTED","{motive : Kant.Dom.Truth → Sort u} →   (t : Kant.Dom.Truth) → Eq t.ctorIdx 1 → motive Kant.Dom.Truth.derived → motive t","L0;","O0;","L0;","L0;","L0;","L0;","L0;","L0;","S119;{motive : Kant.Dom.Truth → Sort u} →   (t : Kant.Dom.Truth) → Eq t.ctorIdx 1 → motive Kant.Dom.Truth.derived → motive t","O7;13;source_systemS5;lean411;source_fileS37;RequestProject/Kant/Domain/Model.lean13;source_formatS4;text11;imported_atI+0;14;transformed_atI+50;15;transformationsL0;13;parent_objectS0;","c29d69848049b9680eca96e6c73d65e36cc473f2fe2373ae688f5306da8af579"
"obj.Kant.Clipboard.instReprEnvelope.repr","def","Kant.Clipboard.instReprEnvelope.repr","ASSERTED","Kant.Clipboard.Envelope → Nat → Std.Format","L0;","O0;","L0;","L0;","L0;","L0;","L0;","L0;","S42;Kant.Clipboard.Envelope → Nat → Std.Format","O7;13;source_systemS5;lean411;source_fileS34;RequestProject/Kant/Clipboard.lean13;source_formatS4;text11;imported_atI+0;14;transformed_atI+47;15;transformationsL0;13;parent_objectS0;","43ba9a087fa156c9e9d49dac8b9dce067a8c1ae328fde013333a767fbb24d070"
"obj.Kant.Codec.Compat.casesOn","def","Kant.Codec.Compat.casesOn","ASSERTED","{motive : Kant.Codec.Compat → Sort u} →   (t : Kant.Codec.Compat) →     motive Kant.Codec.Compat.same →       motive Kant.Codec.Compat.minor → motive Kant.Codec.Compat.major → motive t","L0;","O0;","L0;","L0;","L0;","L0;","L0;","L0;","S184;{motive : Kant.Codec.Compat → Sort u} →   (t : Kant.Codec.Compat) →     motive Kant.Codec.Compat.same →       motive Kant.Codec.Compat.minor → motive Kant.Codec.Compat.major → motive t","O7;13;source_systemS5;lean411;source_fileS39;RequestProject/Kant/Codec/Exchange.lean13;source_formatS4;text11;imported_atI+0;14;transformed_atI+263;15;transformationsL0;13;parent_objectS0;","c9d792888eef70032f0ec2105aa0bbb0a436268182ac51a9f4aab2ac67960996"
"obj.Kant.Diagnostics.encode_ne_nil","theorem","Kant.Diagnostics.encode_ne_nil","PROVEN","∀ {e : Kant.Clipboard.Envelope}, Ne e.tag List.nil → Ne e.encode List.nil","L0;","O0;","L0;","L0;","L1;S36;claim.Kant.Diagnostics.encode_ne_nil","L0;","L1;S36;proof.Kant.Diagnostics.encode_ne_nil","L0;","S73;∀ {e : Kant.Clipboard.Envelope}, Ne e.tag List.nil → Ne e.encode List.nil","O7;13;source_systemS5;lean411;source_fileS36;RequestProject/Kant/Diagnostics.lean13;source_formatS4;text11;imported_atI+0;14;transformed_atI+343;15;transformationsL0;13;parent_objectS0;","89ae8099ca994d15fa1f5ced1ff147320db790e708e3ab0704b808c4cdbbb3a4"
"obj.Kant.Sneakernet.Frame.ctorIdx","def","Kant.Sneakernet.Frame.ctorIdx","ASSERTED","Kant.Sneakernet.Frame → Nat","L0;","O0;","L0;","L0;","L0;","L0;","L0;","L0;","S27;Kant.Sneakernet.Frame → Nat","O7;13;source_systemS5;lean411;source_fileS35;RequestProject/Kant/Sneakernet.lean13;source_formatS4;text11;imported_atI+0;14;transformed_atI+0;15;transformationsL0;13;parent_objectS0;","0c85ecc1b1bb2a3f5b9200143d5d177cc495bb95a4c1b225e6329d5de8029452"
"obj.Kant.Codec.Ipdl.annot.elim","def","Kant.Codec.Ipdl.annot.elim","ASSERTED","{motive_1 : Kant.Codec.Ipdl → Sort u} →   (t : Kant.Codec.Ipdl) →     Eq t.ctorIdx 7 →       ((key note : List Char) →           (body : Kant.Codec.Ipdl) → motive_1 (Kant.Codec.Ipdl.annot key note body)) →         motive_1 t","L1;S28;obj.Kant.Codec.Ipdl.ctorElim","O0;","L0;","L0;","L0;","L0;","L0;","L0;","S224;{motive_1 : Kant.Codec.Ipdl → Sort u} →   (t : Kant.Codec.Ipdl) →     Eq t.ctorIdx 7 →       ((key note : List Char) →           (body : Kant.Codec.Ipdl) → motive_1 (Kant.Codec.Ipdl.annot key note body)) →         motive_1 t","O7;13;source_systemS5;lean411;source_fileS35;RequestProject/Kant/Codec/Ipdl.lean13;source_formatS4;text11;imported_atI+0;14;transformed_atI+47;15;transformationsL0;13;parent_objectS0;","262a59420000dbe4fccf23ca1518f5b732d966554f0628eab94d4c2e7a88030d"
"obj.Kant.Cli.instDecidableEqReq","def","Kant.Cli.instDecidableEqReq","ASSERTED","DecidableEq Kant.Cli.Req","L0;","O0;","L0;","L0;","L0;","L0;","L0;","L0;","S24;DecidableEq Kant.Cli.Req","O7;13;source_systemS5;lean411;source_fileS28;RequestProject/Kant/Cli.lean13;source_formatS4;text11;imported_atI+0;14;transformed_atI+158;15;transformationsL0;13;parent_objectS0;","83632881cd36b5df00d05d30f308c6dc9811521b1091afa542ba9b4c18ae5c22"
"obj.Kant.Wasm.CmpOp.leu.elim","def","Kant.Wasm.CmpOp.leu.elim","ASSERTED","{motive : Kant.Wasm.CmpOp → Sort u} →   (t : Kant.Wasm.CmpOp) → Eq t.ctorIdx 4 → motive Kant.Wasm.CmpOp.leu → motive t","L1;S28;obj.Kant.Wasm.CmpOp.ctorElim","O0;","L0;","L0;","L0;","L0;","L0;","L0;","S118;{motive : Kant.Wasm.CmpOp → Sort u} →   (t : Kant.Wasm.CmpOp) → Eq t.ctorIdx 4 → motive Kant.Wasm.CmpOp.leu → motive t","O7;13;source_systemS5;lean411;source_fileS31;RequestProject/Wasm/Syntax.lean13;source_formatS4;text11;imported_atI+0;14;transformed_atI+32;15;transformationsL0;13;parent_objectS0;","4bb6c14050c2cad277b5b023cbba7dfdaf5d07fae70e28e442c0a64ff032048f"
"obj.Kant.Codec.Level.ofNat","def","Kant.Codec.Level.ofNat","ASSERTED","Nat → Kant.Codec.Level","L1;S20;obj.Kant.Codec.Level","O0;","L0;","L0;","L0;","L0;","L0;","L0;","S22;Nat → Kant.Codec.Level","O7;13;source_systemS5;lean411;source_fileS39;RequestProject/Kant/Codec/Exchange.lean13;source_formatS4;text11;imported_atI+0;14;transformed_atI+0;15;transformationsL0;13;parent_objectS0;","8944c9bde807d360d4ca38358638e953860bc4ad95a0b0de96ef138ccc94bf51"
"obj.Kant.Sheaf.EigenSpace.ctorElimType","def","Kant.Sheaf.EigenSpace.ctorElimType","ASSERTED","{motive : Kant.Sheaf.EigenSpace → Sort u} → Nat → Sort (max 1 u)","L0;","O0;","L0;","L0;","L0;","L0;","L0;","L0;","S64;{motive : Kant.Sheaf.EigenSpace → Sort u} → Nat → Sort (max 1 u)","O7;13;source_systemS5;lean411;source_fileS30;RequestProject/Kant/Sheaf.lean13;source_formatS4;text11;imported_atI+0;14;transformed_atI+0;15;transformationsL0;13;parent_objectS0;","574837b2b1ed882853c5b9a9e978578314dae82c528521ee5033d5c1b7923d09"
"obj.Kant.Codec.splitLines.eq_def","theorem","Kant.Codec.splitLines.eq_def","PROVEN","∀ (x : List Char),   Eq (Kant.Codec.splitLines x)     (Kant.Codec.splitLines.match_3 (fun x => List (List Char)) x       (fun _ => List.cons List.nil List.nil) fun c cs =>       ite (Eq c '\n') (List.cons List.nil (Kant.Codec.splitLines cs))         (Kant.Codec.splitLines.match_1 (fun x => List (List Char)) (Kant.Codec.splitLines cs)           (fun _ => List.cons (List.cons c List.nil) List.nil) fun l ls =>           List.cons (List.cons c l) ls))","L0;","O0;","L0;","L0;","L1;S34;claim.Kant.Codec.splitLines.eq_def","L0;","L1;S34;proof.Kant.Codec.splitLines.eq_def","L0;","S451;∀ (x : List Char),   Eq (Kant.Codec.splitLines x)     (Kant.Codec.splitLines.match_3 (fun x => List (List Char)) x       (fun _ => List.cons List.nil List.nil) fun c cs =>       ite (Eq c '\n') (List.cons List.nil (Kant.Codec.splitLines cs))         (Kant.Codec.splitLines.match_1 (fun x => List (List Char)) (Kant.Codec.splitLines cs)           (fun _ => List.cons (List.cons c List.nil) List.nil) fun l ls =>           List.cons (List.cons c l) ls))","O7;13;source_systemS5;lean411;source_fileS38;RequestProject/Kant/Codec/RawText.lean13;source_formatS4;text11;imported_atI+0;14;transformed_atI+0;15;transformationsL0;13;parent_objectS0;","68ea214c7a72f8f2f74f0afe4e8cd2d5baa6ae4716eee19c0fc054d77efeecaf"
"obj.Kant.Dasl.cidType.eq_1","theorem","Kant.Dasl.cidType.eq_1","PROVEN","∀ (c : Nat), Eq (Kant.Dasl.cidType c) (instHMod.hMod (instHDiv.hDiv c (instHPow.hPow 2 44)) 16)","L0;","O0;","L0;","L0;","L1;S28;claim.Kant.Dasl.cidType.eq_1","L0;","L1;S28;proof.Kant.Dasl.cidType.eq_1","L0;","S95;∀ (c : Nat), Eq (Kant.Dasl.cidType c) (instHMod.hMod (instHDiv.hDiv c (instHPow.hPow 2 44)) 16)","O7;13;source_systemS5;lean411;source_fileS29;RequestProject/Kant/Dasl.lean13;source_formatS4;text11;imported_atI+0;14;transformed_atI+0;15;transformationsL0;13;parent_objectS0;","4b577aef044126f1432ab75b9b8c1056a1d3b9424b985bab912acda2f3561aa0"
"obj.Kant.Dom.Decl","inductive","Kant.Dom.Decl","ASSERTED","Type","L0;","O0;","L0;","L0;","L0;","L0;","L0;","L0;","S4;Type","O7;13;source_systemS5;lean411;source_fileS39;RequestProject/Kant/Domain/Catalog.lean13;source_formatS4;text11;imported_atI+0;14;transformed_atI+39;15;transformationsL0;13;parent_objectS0;","f778129ef28ee364e6a7783bc5e0a547c8e7c0c2e57035eacfe9f8293958044d"
"obj.Kant.Codec.digitsFold.match_1","def","Kant.Codec.digitsFold.match_1","ASSERTED","(motive : List Char → Sort u_1) →   (x : List Char) →     (Unit → motive List.nil) → ((c : Char) → (cs : List Char) → motive (List.cons c cs)) → motive x","L0;","O0;","L0;","L0;","L0;","L0;","L0;","L0;","S153;(motive : List Char → Sort u_1) →   (x : List Char) →     (Unit → motive List.nil) → ((c : Char) → (cs : List Char) → motive (List.cons c cs)) → motive x","O7;13;source_systemS5;lean411;source_fileS34;RequestProject/Kant/Codec/Val.lean13;source_formatS4;text11;imported_atI+0;14;transformed_atI+0;15;transformationsL0;13;parent_objectS0;","5999463462b15f74bfca2dbb19aba507bf1c8ab876d29a2abef499f8b4b9ab5d"
"obj.Kant.Uucp.instReprCarrier.repr.match_1","def","Kant.Uucp.instReprCarrier.repr.match_1","ASSERTED","(motive : Kant.Uucp.Carrier → Sort u_1) →   (x : Kant.Uucp.Carrier) →     (Unit → motive Kant.Uucp.Carrier.tweet) →       (Unit → motive Kant.Uucp.Carrier.dm) →         (Unit → motive Kant.Uucp.Carrier.qr) →           (Unit → motive Kant.Uucp.Carrier.urlBar) →             (Unit → motive Kant.Uucp.Carrier.bio) →               (Unit → motive Kant.Uucp.Carrier.altText) → motive x","L0;","O0;","L0;","L0;","L0;","L0;","L0;","L0;","S379;(motive : Kant.Uucp.Carrier → Sort u_1) →   (x : Kant.Uucp.Carrier) →     (Unit → motive Kant.Uucp.Carrier.tweet) →       (Unit → motive Kant.Uucp.Carrier.dm) →         (Unit → motive Kant.Uucp.Carrier.qr) →           (Unit → motive Kant.Uucp.Carrier.urlBar) →             (Unit → motive Kant.Uucp.Carrier.bio) →               (Unit → motive Kant.Uucp.Carrier.altText) → motive x","O7;13;source_systemS5;lean411;source_fileS29;RequestProject/Kant/Uucp.lean13;source_formatS4;text11;imported_atI+0;14;transformed_atI+0;15;transformationsL0;13;parent_objectS0;","e01fc6bf09f9e841c34e66866ac0133efc6a942a2606c89391daec19509d3340"
"obj.Kant.Codec.instReprVal.repr.match_1","def","Kant.Codec.instReprVal.repr.match_1","ASSERTED","(motive : Kant.Codec.Val → Sort u_1) →   (x : Kant.Codec.Val) →     (Unit → motive Kant.Codec.Val.null) →       ((a : Bool) → motive (Kant.Codec.Val.bool a)) →         ((a : Int) → motive (Kant.Codec.Val.int a)) →           ((a : List Char) → motive (Kant.Codec.Val.str a)) →             ((a : List Kant.Codec.Val) → motive (Kant.Codec.Val.list a)) →               ((a : List (Prod (List Char) Kant.Codec.Val)) → motive (Kant.Codec.Val.obj a)) →                 motive x","L0;","O0;","L0;","L0;","L0;","L0;","L0;","L0;","S470;(motive : Kant.Codec.Val → Sort u_1) →   (x : Kant.Codec.Val) →     (Unit → motive Kant.Codec.Val.null) →       ((a : Bool) → motive (Kant.Codec.Val.bool a)) →         ((a : Int) → motive (Kant.Codec.Val.int a)) →           ((a : List Char) → motive (Kant.Codec.Val.str a)) →             ((a : List Kant.Codec.Val) → motive (Kant.Codec.Val.list a)) →               ((a : List (Prod (List Char) Kant.Codec.Val)) → motive (Kant.Codec.Val.obj a)) →                 motive x","O7;13;source_systemS5;lean411;source_fileS34;RequestProject/Kant/Codec/Val.lean13;source_formatS4;text11;imported_atI+0;14;transformed_atI+0;15;transformationsL0;13;parent_objectS0;","992db906504c22cdc1df96dbfa98ccaaf3e93861b26a49bfeae767cbdef897fc"
"obj.Kant.Codec.instReprLevel.repr","def","Kant.Codec.instReprLevel.repr","ASSERTED","Kant.Codec.Level → Nat → Std.Format","L1;S20;obj.Kant.Codec.Level","O0;","L0;","L0;","L0;","L0;","L0;","L0;","S35;Kant.Codec.Level → Nat → Std.Format","O7;13;source_systemS5;lean411;source_fileS39;RequestProject/Kant/Codec/Exchange.lean13;source_formatS4;text11;imported_atI+0;14;transformed_atI+290;15;transformationsL0;13;parent_objectS0;","a42b0c18e2c52420fbb116d8e50df0e317731175875dee9625b97d84f4687219"
"obj.Kant.Dom.tableText.eq_1","theorem","Kant.Dom.tableText.eq_1","PROVEN","∀ (header : List (List Char)) (rows : List (List (List Char))),   Eq (Kant.Dom.tableText header rows)     (instHAppendOfAppend.hAppend (Kant.Dom.cellsText header) (List.flatMap Kant.Dom.cellsText rows))","L1;S22;obj.Kant.Dom.tableText","O0;","L0;","L0;","L1;S29;claim.Kant.Dom.tableText.eq_1","L0;","L1;S29;proof.Kant.Dom.tableText.eq_1","L0;","S202;∀ (header : List (List Char)) (rows : List (List (List Char))),   Eq (Kant.Dom.tableText header rows)     (instHAppendOfAppend.hAppend (Kant.Dom.cellsText header) (List.flatMap Kant.Dom.cellsText rows))","O7;13;source_systemS5;lean411;source_fileS37;RequestProject/Kant/Domain/Table.lean13;source_formatS4;text11;imported_atI+0;14;transformed_atI+0;15;transformationsL0;13;parent_objectS0;","ff40aa9ca806c33ebae6b2229de08679d477118f04ca3e989cbbefb5e82ec0c3"
"obj.Kant.Codec.digitVal.eq_3","theorem","Kant.Codec.digitVal.eq_3","PROVEN","Eq (Kant.Codec.digitVal '2') (Option.some 2)","L0;","O0;","L0;","L0;","L1;S30;claim.Kant.Codec.digitVal.eq_3","L0;","L1;S30;proof.Kant.Codec.digitVal.eq_3","L0;","S44;Eq (Kant.Codec.digitVal '2') (Option.some 2)","O7;13;source_systemS5;lean411;source_fileS35;RequestProject/Kant/Codec/Yaml.lean13;source_formatS4;text11;imported_atI+0;14;transformed_atI+0;15;transformationsL0;13;parent_objectS0;","ec5d6744b8cca4143071522f61add3471992bc5f2d2029baba3bde3f4e60276d"
"obj.Kant.Dom.proofsTable_recovers","theorem","Kant.Dom.proofsTable_recovers","PROVEN","∀ (d : Kant.Dom.Domain), Eq (Kant.Dom.proofsOfTable (Kant.Dom.proofsTable d)) (Option.some d.proofs)","L1;S22;obj.Kant.Dom.tableText","O0;","L0;","L0;","L1;S35;claim.Kant.Dom.proofsTable_recovers","L0;","L1;S35;proof.Kant.Dom.proofsTable_recovers","L0;","S100;∀ (d : Kant.Dom.Domain), Eq (Kant.Dom.proofsOfTable (Kant.Dom.proofsTable d)) (Option.some d.proofs)","O7;13;source_systemS5;lean411;source_fileS37;RequestProject/Kant/Domain/Table.lean13;source_formatS4;text11;imported_atI+0;14;transformed_atI+395;15;transformationsL0;13;parent_objectS0;","ed49eb156ffda08e0a74c088bab30df955275237044be8a88bbbcd5eaab33c93"
"obj.Kant.Codec.Ipdl.brecOn_3.eq","theorem","Kant.Codec.Ipdl.brecOn_3.eq","PROVEN","∀ {motive_1 : Kant.Codec.Ipdl → Sort u} {motive_2 : List Kant.Codec.Ipdl → Sort u}   {motive_3 : List (Prod (List Char) Kant.Codec.Ipdl) → Sort u}   {motive_4 : Prod (List Char) Kant.Codec.Ipdl → Sort u} (t : Prod (List Char) Kant.Codec.Ipdl)   (F_1 : (t : Kant.Codec.Ipdl) → t.below → motive_1 t)   (F_2 : (t : List Kant.Codec.Ipdl) → Kant.Codec.Ipdl.below_1 t → motive_2 t)   (F_3 : (t : List (Prod (List Char) Kant.Codec.Ipdl)) → Kant.Codec.Ipdl.below_2 t → motive_3 t)   (F_4 : (t : Prod (List Char) Kant.Codec.Ipdl) → Kant.Codec.Ipdl.below_3 t → motive_4 t),   Eq (Kant.Codec.Ipdl.brecOn_3 t F_1 F_2 F_3 F_4)     (F_4 t (Kant.Codec.Ipdl.brecOn_3.go t F_1 F_2 F_3 F_4).2)","L0;","O0;","L0;","L0;","L1;S33;claim.Kant.Codec.Ipdl.brecOn_3.eq","L0;","L1;S33;proof.Kant.Codec.Ipdl.brecOn_3.eq","L0;","S675;∀ {motive_1 : Kant.Codec.Ipdl → Sort u} {motive_2 : List Kant.Codec.Ipdl → Sort u}   {motive_3 : List (Prod (List Char) Kant.Codec.Ipdl) → Sort u}   {motive_4 : Prod (List Char) Kant.Codec.Ipdl → Sort u} (t : Prod (List Char) Kant.Codec.Ipdl)   (F_1 : (t : Kant.Codec.Ipdl) → t.below → motive_1 t)   (F_2 : (t : List Kant.Codec.Ipdl) → Kant.Codec.Ipdl.below_1 t → motive_2 t)   (F_3 : (t : List (Prod (List Char) Kant.Codec.Ipdl)) → Kant.Codec.Ipdl.below_2 t → motive_3 t)   (F_4 : (t : Prod (List Char) Kant.Codec.Ipdl) → Kant.Codec.Ipdl.below_3 t → motive_4 t),   Eq (Kant.Codec.Ipdl.brecOn_3 t F_1 F_2 F_3 F_4)     (F_4 t (Kant.Codec.Ipdl.brecOn_3.go t F_1 F_2 F_3 F_4).2)","O7;13;source_systemS5;lean411;source_fileS35;RequestProject/Kant/Codec/Ipdl.lean13;source_formatS4;text11;imported_atI+0;14;transformed_atI+0;15;transformationsL0;13;parent_objectS0;","d3602a2b868db4e56c1c5afea235d5dafa565b6eee6b43efc01cbf45192cee14"
"obj.Kant.CardDebug.Code.ctorIdx","def","Kant.CardDebug.Code.ctorIdx","ASSERTED","Kant.CardDebug.Code → Nat","L0;","O0;","L0;","L0;","L0;","L0;","L0;","L0;","S25;Kant.CardDebug.Code → Nat","O7;13;source_systemS5;lean411;source_fileS34;RequestProject/Kant/CardDebug.lean13;source_formatS4;text11;imported_atI+0;14;transformed_atI+0;15;transformationsL0;13;parent_objectS0;","6e86cfc318ebbfe114a8b88af603ef4e205a7f1df27ae713f6f5e549829a44f0"
"obj.Kant.Dom.proofsVal.eq_1","theorem","Kant.Dom.proofsVal.eq_1","PROVEN","∀ (d : Kant.Dom.Domain),   Eq (Kant.Dom.proofsVal d) (Kant.Codec.Val.list (List.map Kant.Dom.ProofRec.toVal d.proofs))","L0;","O0;","L0;","L0;","L1;S29;claim.Kant.Dom.proofsVal.eq_1","L0;","L1;S29;proof.Kant.Dom.proofsVal.eq_1","L0;","S118;∀ (d : Kant.Dom.Domain),   Eq (Kant.Dom.proofsVal d) (Kant.Codec.Val.list (List.map Kant.Dom.ProofRec.toVal d.proofs))","O7;13;source_systemS5;lean411;source_fileS36;RequestProject/Kant/Domain/Emit.lean13;source_formatS4;text11;imported_atI+0;14;transformed_atI+0;15;transformationsL0;13;parent_objectS0;","71c3eaab422417cf1bce708bde7d08ac5046f90c3f604d1531271858d2ed75a2"
"obj.Kant.Dom.Domain.provenance","def","Kant.Dom.Domain.provenance","ASSERTED","Kant.Dom.Domain → List Kant.Codec.Prov","L0;","O0;","L0;","L0;","L0;","L0;","L0;","L0;","S38;Kant.Dom.Domain → List Kant.Codec.Prov","O7;13;source_systemS5;lean411;source_fileS37;RequestProject/Kant/Domain/Model.lean13;source_formatS4;text11;imported_atI+0;14;transformed_atI+588;15;transformationsL0;13;parent_objectS0;","ecb6ab7e404731ec6ceaf5a9d61dccc713475ab137f4739a3d8c95bc960959e5"
"obj.Kant.Handoff.instDecidableEqMove","def","Kant.Handoff.instDecidableEqMove","ASSERTED","DecidableEq Kant.Handoff.Move","L0;","O0;","L0;","L0;","L0;","L0;","L0;","L0;","S29;DecidableEq Kant.Handoff.Move","O7;13;source_systemS5;lean411;source_fileS32;RequestProject/Kant/Handoff.lean13;source_formatS4;text11;imported_atI+0;14;transformed_atI+41;15;transformationsL0;13;parent_objectS0;","cc8b3546bdd2352a2d275f47b8ab76bd4f94cfa6e3c53344a3fb2173f1f8d657"
"obj.Kant.Demo.storeB","def","Kant.Demo.storeB","ASSERTED","Kant.Store","L0;","O0;","L0;","L0;","L0;","L0;","L0;","L0;","S10;Kant.Store","O7;13;source_systemS5;lean411;source_fileS29;RequestProject/Kant/Demo.lean13;source_formatS4;text11;imported_atI+0;14;transformed_atI+103;15;transformationsL0;13;parent_objectS0;","b1dba861d58e747749e226f8806179a4e1d66d58b530f85d50c6a6be0d50cb0a"
"obj.Kant.Dom.Coverage.ofNat_ctorIdx","theorem","Kant.Dom.Coverage.ofNat_ctorIdx","PROVEN","∀ (x : Kant.Dom.Coverage), Eq (Kant.Dom.Coverage.ofNat x.ctorIdx) x","L0;","O0;","L0;","L0;","L1;S37;claim.Kant.Dom.Coverage.ofNat_ctorIdx","L0;","L1;S37;proof.Kant.Dom.Coverage.ofNat_ctorIdx","L0;","S67;∀ (x : Kant.Dom.Coverage), Eq (Kant.Dom.Coverage.ofNat x.ctorIdx) x","O7;13;source_systemS5;lean411;source_fileS37;RequestProject/Kant/Domain/Model.lean13;source_formatS4;text11;imported_atI+0;14;transformed_atI+0;15;transformationsL0;13;parent_objectS0;","a15919a0479ce14299376d3e41245e7d13c9c7d1227df81c3bab558bb6f83f97"
"obj.Kant.Codec.diffVal.eq_5","theorem","Kant.Codec.diffVal.eq_5","PROVEN","∀ (path : List Char) (xs ys : List Kant.Codec.Val),   Eq (Kant.Codec.diffVal path (Kant.Codec.Val.list xs) (Kant.Codec.Val.list ys))     (Kant.Codec.diffList path 0 xs ys)","L1;S25;obj.Kant.Codec.diffFields","O0;","L0;","L0;","L1;S29;claim.Kant.Codec.diffVal.eq_5","L0;","L1;S29;proof.Kant.Codec.diffVal.eq_5","L0;","S171;∀ (path : List Char) (xs ys : List Kant.Codec.Val),   Eq (Kant.Codec.diffVal path (Kant.Codec.Val.list xs) (Kant.Codec.Val.list ys))     (Kant.Codec.diffList path 0 xs ys)","O7;13;source_systemS5;lean411;source_fileS40;RequestProject/Kant/Codec/Reconcile.lean13;source_formatS4;text11;imported_atI+0;14;transformed_atI+0;15;transformationsL0;13;parent_objectS0;","5e4683978c26ebf825bf949dd75da08bb89f512f763a99663d865340064d9769"
"obj.Kant.Sheaf.instDecidableEqSection","def","Kant.Sheaf.instDecidableEqSection","ASSERTED","DecidableEq Kant.Sheaf.Section","L1;S22;obj.Kant.Sheaf.Section","O0;","L0;","L0;","L0;","L0;","L0;","L0;","S30;DecidableEq Kant.Sheaf.Section","O7;13;source_systemS5;lean411;source_fileS30;RequestProject/Kant/Sheaf.lean13;source_formatS4;text11;imported_atI+0;14;transformed_atI+153;15;transformationsL0;13;parent_objectS0;","28abafb43495489114350c9cbe66ce8eb9f919e4350108cbbe295dbaac53b648"
"obj.Kant.Codec.Ipdl.obj.elim","def","Kant.Codec.Ipdl.obj.elim","ASSERTED","{motive_1 : Kant.Codec.Ipdl → Sort u} →   (t : Kant.Codec.Ipdl) →     Eq t.ctorIdx 5 →       ((fs : List (Prod (List Char) Kant.Codec.Ipdl)) → motive_1 (Kant.Codec.Ipdl.obj fs)) →         motive_1 t","L1;S28;obj.Kant.Codec.Ipdl.ctorElim","O0;","L0;","L0;","L0;","L0;","L0;","L0;","S198;{motive_1 : Kant.Codec.Ipdl → Sort u} →   (t : Kant.Codec.Ipdl) →     Eq t.ctorIdx 5 →       ((fs : List (Prod (List Char) Kant.Codec.Ipdl)) → motive_1 (Kant.Codec.Ipdl.obj fs)) →         motive_1 t","O7;13;source_systemS5;lean411;source_fileS35;RequestProject/Kant/Codec/Ipdl.lean13;source_formatS4;text11;imported_atI+0;14;transformed_atI+45;15;transformationsL0;13;parent_objectS0;","16779e8842a71e3769cf43fb25dc4f546482df08ab92126d3a9c32bc3537fa0a"
"obj.Kant.Codec.conformance_level3","theorem","Kant.Codec.conformance_level3","PROVEN","∀ (o : Kant.Codec.Obj),   Eq (Kant.Codec.validSemantics o) Bool.true → Eq o.status Kant.Codec.Status.valid","L1;S25;obj.Kant.Codec.Obj.status","O0;","L0;","L0;","L1;S35;claim.Kant.Codec.conformance_level3","L0;","L1;S35;proof.Kant.Codec.conformance_level3","L0;","S106;∀ (o : Kant.Codec.Obj),   Eq (Kant.Codec.validSemantics o) Bool.true → Eq o.status Kant.Codec.Status.valid","O7;13;source_systemS5;lean411;source_fileS39;RequestProject/Kant/Codec/Exchange.lean13;source_formatS4;text11;imported_atI+0;14;transformed_atI+343;15;transformationsL0;13;parent_objectS0;","09bcdc672cf55a5363c32c57512ca19805b0d660ce507d3914c06f66d6e4ae6e"
"obj.Kant.Handoff.script_length","theorem","Kant.Handoff.script_length","PROVEN","∀ (a b : Kant.Uucp.Node), Eq (Kant.Handoff.script a b).length 4","L0;","O0;","L0;","L0;","L1;S32;claim.Kant.Handoff.script_length","L0;","L1;S32;proof.Kant.Handoff.script_length","L0;","S63;∀ (a b : Kant.Uucp.Node), Eq (Kant.Handoff.script a b).length 4","O7;13;source_systemS5;lean411;source_fileS32;RequestProject/Kant/Handoff.lean13;source_formatS4;text11;imported_atI+0;14;transformed_atI+96;15;transformationsL0;13;parent_objectS0;","6c5ac1ab12891f6de8bc1cfbffd2dcfa2d23100b8790a52f320dccb818dcbf7c"
"obj.Kant.Codec.unescChar","def","Kant.Codec.unescChar","ASSERTED","Char → Option Char","L0;","O0;","L0;","L0;","L0;","L0;","L0;","L0;","S18;Char → Option Char","O7;13;source_systemS5;lean411;source_fileS35;RequestProject/Kant/Codec/Yaml.lean13;source_formatS4;text11;imported_atI+0;14;transformed_atI+41;15;transformationsL0;13;parent_objectS0;","9e5e7ddf9e705927ab9d2a394d24279cd5720102f3a542653ff86808fa37650a"
"obj.Kant.Relay.Server.noConfusion","def","Kant.Relay.Server.noConfusion","ASSERTED","{P : Sort u} → {t t' : Kant.Relay.Server} → Eq t t' → Kant.Relay.Server.noConfusionType P t t'","L0;","O0;","L0;","L0;","L0;","L0;","L0;","L0;","S94;{P : Sort u} → {t t' : Kant.Relay.Server} → Eq t t' → Kant.Relay.Server.noConfusionType P t t'","O7;13;source_systemS5;lean411;source_fileS30;RequestProject/Kant/Relay.lean13;source_formatS4;text11;imported_atI+0;14;transformed_atI+154;15;transformationsL0;13;parent_objectS0;","a84b7bd54e13ea8755297042297b9984a277ada302997205e12c9a230aec21e2"
"obj.Kant.Codec.yamlEncList_head","theorem","Kant.Codec.yamlEncList_head","PROVEN","∀ (a : Kant.Codec.Val) (as : List Kant.Codec.Val),   Exists fun c =>     Exists fun t => And (Eq (Kant.Codec.yamlEncList (List.cons a as)) (List.cons c t)) (Ne c ']')","L0;","O0;","L0;","L0;","L1;S33;claim.Kant.Codec.yamlEncList_head","L0;","L1;S33;proof.Kant.Codec.yamlEncList_head","L0;","S166;∀ (a : Kant.Codec.Val) (as : List Kant.Codec.Val),   Exists fun c =>     Exists fun t => And (Eq (Kant.Codec.yamlEncList (List.cons a as)) (List.cons c t)) (Ne c ']')","O7;13;source_systemS5;lean411;source_fileS35;RequestProject/Kant/Codec/Yaml.lean13;source_formatS4;text11;imported_atI+0;14;transformed_atI+340;15;transformationsL0;13;parent_objectS0;","e139423788c596149bb8660916cfe097b5def02f58d7d5627f5790540fcbe1d5"
"obj.Kant.Pipeline.blobToNats_lt","theorem","Kant.Pipeline.blobToNats_lt","PROVEN","∀ (b : Kant.Bytes.Blob) (v : Nat),   List.instMembership.mem (Kant.Pipeline.blobToNats b) v → instLTNat.lt v 256","L0;","O0;","L0;","L0;","L1;S33;claim.Kant.Pipeline.blobToNats_lt","L0;","L1;S33;proof.Kant.Pipeline.blobToNats_lt","L0;","S112;∀ (b : Kant.Bytes.Blob) (v : Nat),   List.instMembership.mem (Kant.Pipeline.blobToNats b) v → instLTNat.lt v 256","O7;13;source_systemS5;lean411;source_fileS33;RequestProject/Kant/Pipeline.lean13;source_formatS4;text11;imported_atI+0;14;transformed_atI+45;15;transformationsL0;13;parent_objectS0;","4cef1ee33d4aafee53f7705987f830f1b8d218bae0323bb8c9652cfe9f3df5fb"
"obj.Kant.Codec.diffFields","def","Kant.Codec.diffFields","ASSERTED","List Char →   List (Prod (List Char) Kant.Codec.Val) →     List (Prod (List Char) Kant.Codec.Val) → List Kant.Codec.Difference","L0;","O0;","L0;","L0;","L0;","L0;","L0;","L0;","S126;List Char →   List (Prod (List Char) Kant.Codec.Val) →     List (Prod (List Char) Kant.Codec.Val) → List Kant.Codec.Difference","O7;13;source_systemS5;lean411;source_fileS40;RequestProject/Kant/Codec/Reconcile.lean13;source_formatS4;text11;imported_atI+0;14;transformed_atI+87;15;transformationsL0;13;parent_objectS0;","0785b5711d034afab5bb29b1047d4b0d2c1d14d9af76523c2aea7356bdee661f"
"obj.Kant.Rendezvous.ofInvite.eq_1","theorem","Kant.Rendezvous.ofInvite.eq_1","PROVEN","∀ (i : Kant.Rendezvous.Invite),   Eq (Kant.Rendezvous.ofInvite i)     { tag := Kant.Rendezvous.tagInvite,       fields :=         List.cons (Kant.Text.asciiBytes i.relay)           (List.cons i.secret             (List.cons (Kant.Text.asciiBytes i.peer)               (List.map Kant.Rendezvous.addrField i.addrs))) }","L0;","O0;","L0;","L0;","L1;S35;claim.Kant.Rendezvous.ofInvite.eq_1","L0;","L1;S35;proof.Kant.Rendezvous.ofInvite.eq_1","L0;","S316;∀ (i : Kant.Rendezvous.Invite),   Eq (Kant.Rendezvous.ofInvite i)     { tag := Kant.Rendezvous.tagInvite,       fields :=         List.cons (Kant.Text.asciiBytes i.relay)           (List.cons i.secret             (List.cons (Kant.Text.asciiBytes i.peer)               (List.map Kant.Rendezvous.addrField i.addrs))) }","O7;13;source_systemS5;lean411;source_fileS35;RequestProject/Kant/Rendezvous.lean13;source_formatS4;text11;imported_atI+0;14;transformed_atI+0;15;transformationsL0;13;parent_objectS0;","82e71553712e8866f44256fc542795895149f3faefe298b87c63997449d4200b"
"obj.Kant.Codec.yamlEnc.eq_def","theorem","Kant.Codec.yamlEnc.eq_def","PROVEN","∀ (x : Kant.Codec.Val),   Eq (Kant.Codec.yamlEnc x)     (Kant.Codec.yamlEnc.match_1 (fun x => List Char) x       (fun _ => List.cons 'n' (List.cons 'u' (List.cons 'l' (List.cons 'l' List.nil))))       (fun _ => List.cons 't' (List.cons 'r' (List.cons 'u' (List.cons 'e' List.nil))))       (fun _ =>         List.cons 'f' (List.cons 'a' (List.cons 'l' (List.cons 's' (List.cons 'e' List.nil)))))       (fun n => Kant.Codec.encNumY n)       (fun s =>         List.cons '\""' (instHAppendOfAppend.hAppend (Kant.Codec.esc s) (List.cons '\""' List.nil)))       (fun xs =>         List.cons '['           (instHAppendOfAppend.hAppend (Kant.Codec.yamlEncList xs) (List.cons ']' List.nil)))       fun fs =>       List.cons '{'         (instHAppendOfAppend.hAppend (Kant.Codec.yamlEncFields fs) (List.cons '}' List.nil)))","L0;","O0;","L0;","L0;","L1;S31;claim.Kant.Codec.yamlEnc.eq_def","L0;","L1;S31;proof.Kant.Codec.yamlEnc.eq_def","L0;","S810;∀ (x : Kant.Codec.Val),   Eq (Kant.Codec.yamlEnc x)     (Kant.Codec.yamlEnc.match_1 (fun x => List Char) x       (fun _ => List.cons 'n' (List.cons 'u' (List.cons 'l' (List.cons 'l' List.nil))))       (fun _ => List.cons 't' (List.cons 'r' (List.cons 'u' (List.cons 'e' List.nil))))       (fun _ =>         List.cons 'f' (List.cons 'a' (List.cons 'l' (List.cons 's' (List.cons 'e' List.nil)))))       (fun n => Kant.Codec.encNumY n)       (fun s =>         List.cons '\""' (instHAppendOfAppend.hAppend (Kant.Codec.esc s) (List.cons '\""' List.nil)))       (fun xs =>         List.cons '['           (instHAppendOfAppend.hAppend (Kant.Codec.yamlEncList xs) (List.cons ']' List.nil)))       fun fs =>       List.cons '{'         (instHAppendOfAppend.hAppend (Kant.Codec.yamlEncFields fs) (List.cons '}' List.nil)))","O7;13;source_systemS5;lean411;source_fileS35;RequestProject/Kant/Codec/Yaml.lean13;source_formatS4;text11;imported_atI+0;14;transformed_atI+0;15;transformationsL0;13;parent_objectS0;","23b1a4f949849644cc09abf3e4745857a62b34ec0a53d56aeabecb90e889fc3d"
"obj.Kant.Codec.ipdlText_injective","theorem","Kant.Codec.ipdlText_injective","PROVEN","∀ {a b : Kant.Codec.Ipdl},   a.Clean → b.Clean → Eq (Kant.Codec.ipdlText a) (Kant.Codec.ipdlText b) → Eq a b","L0;","O0;","L0;","L0;","L1;S35;claim.Kant.Codec.ipdlText_injective","L0;","L1;S35;proof.Kant.Codec.ipdlText_injective","L0;","S108;∀ {a b : Kant.Codec.Ipdl},   a.Clean → b.Clean → Eq (Kant.Codec.ipdlText a) (Kant.Codec.ipdlText b) → Eq a b","O7;13;source_systemS5;lean411;source_fileS35;RequestProject/Kant/Codec/Ipdl.lean13;source_formatS4;text11;imported_atI+0;14;transformed_atI+341;15;transformationsL0;13;parent_objectS0;","fec0d8b9a3f49e4767e6dc73ec6334d4aac48ec33781438d3e375c5db2ddb50a"
"obj.Kant.Diagnostics.Log.mk.noConfusion","def","Kant.Diagnostics.Log.mk.noConfusion","ASSERTED","{P : Sort u} →   {cap : Nat} →     {events : List Kant.Diagnostics.Event} →       {dropped cap' : Nat} →         {events' : List Kant.Diagnostics.Event} →           {dropped' : Nat} →             Eq { cap := cap, events := events, dropped := dropped }                 { cap := cap', events := events', dropped := dropped' } →               (Eq cap cap' → Eq events events' → Eq dropped dropped' → P) → P","L0;","O0;","L0;","L0;","L0;","L0;","L0;","L0;","S403;{P : Sort u} →   {cap : Nat} →     {events : List Kant.Diagnostics.Event} →       {dropped cap' : Nat} →         {events' : List Kant.Diagnostics.Event} →           {dropped' : Nat} →             Eq { cap := cap, events := events, dropped := dropped }                 { cap := cap', events := events', dropped := dropped' } →               (Eq cap cap' → Eq events events' → Eq dropped dropped' → P) → P","O7;13;source_systemS5;lean411;source_fileS36;RequestProject/Kant/Diagnostics.lean13;source_formatS4;text11;imported_atI+0;14;transformed_atI+205;15;transformationsL0;13;parent_objectS0;","cf8a85a287c666b03d5fbb8faf09993b52ba81e9ff289d5e4c88a39f16405599"
"obj.Kant.Meme.payload.eq_1","theorem","Kant.Meme.payload.eq_1","PROVEN","∀ (e : Kant.Clipboard.Envelope),   Eq (Kant.Meme.payload e)     (instHAppendOfAppend.hAppend       (Kant.Text.charCodes (instHAppendOfAppend.hAppend Kant.Meme.magic e.encode))       (List.cons 0 List.nil))","L0;","O0;","L0;","L0;","L1;S28;claim.Kant.Meme.payload.eq_1","L0;","L1;S28;proof.Kant.Meme.payload.eq_1","L0;","S205;∀ (e : Kant.Clipboard.Envelope),   Eq (Kant.Meme.payload e)     (instHAppendOfAppend.hAppend       (Kant.Text.charCodes (instHAppendOfAppend.hAppend Kant.Meme.magic e.encode))       (List.cons 0 List.nil))","O7;13;source_systemS5;lean411;source_fileS29;RequestProject/Kant/Meme.lean13;source_formatS4;text11;imported_atI+0;14;transformed_atI+0;15;transformationsL0;13;parent_objectS0;","4f9b98e9f9949d130c37babec8c05d00b28e2ee2945ef6a9d04ba6eafd9b0166"
"obj.Kant.Dom.cross_representation","theorem","Kant.Dom.cross_representation","PROVEN","∀ (f g : Kant.Codec.Fmt) (d : Kant.Dom.Domain),   Eq (Kant.Dom.parse f (Kant.Dom.emit f d)) (Kant.Dom.parse g (Kant.Dom.emit g d))","L0;","O0;","L0;","L0;","L1;S35;claim.Kant.Dom.cross_representation","L0;","L1;S35;proof.Kant.Dom.cross_representation","L0;","S130;∀ (f g : Kant.Codec.Fmt) (d : Kant.Dom.Domain),   Eq (Kant.Dom.parse f (Kant.Dom.emit f d)) (Kant.Dom.parse g (Kant.Dom.emit g d))","O7;13;source_systemS5;lean411;source_fileS36;RequestProject/Kant/Domain/Emit.lean13;source_formatS4;text11;imported_atI+0;14;transformed_atI+164;15;transformationsL0;13;parent_objectS0;","e1f54261c770976344481299cb6815a8d79ef8aa86ed3249e5339c7427da6b4e"
"obj.Kant.Clipboard.receiptOf","def","Kant.Clipboard.receiptOf","ASSERTED","Kant.Paste → Nat → Kant.Clipboard.Receipt","L0;","O0;","L0;","L0;","L0;","L0;","L0;","L0;","S41;Kant.Paste → Nat → Kant.Clipboard.Receipt","O7;13;source_systemS5;lean411;source_fileS34;RequestProject/Kant/Clipboard.lean13;source_formatS4;text11;imported_atI+0;14;transformed_atI+294;15;transformationsL0;13;parent_objectS0;","141764912a5430d66d0ab5981b1d1099cead870e4ebf12a056c02dbfe3e2b4c3"
"obj.Kant.Paste.escapedTitle","def","Kant.Paste.escapedTitle","ASSERTED","Kant.Paste → List Char","L0;","O0;","L0;","L0;","L0;","L0;","L0;","L0;","S22;Kant.Paste → List Char","O7;13;source_systemS5;lean411;source_fileS30;RequestProject/Kant/Paste.lean13;source_formatS4;text11;imported_atI+0;14;transformed_atI+72;15;transformationsL0;13;parent_objectS0;","677a108d6168150517036e7d5fefb19ab767ba2b2484375fc042c27adf28a6a4"
"obj.Kant.Codec.projectFields.eq_def","theorem","Kant.Codec.projectFields.eq_def","PROVEN","∀ (x : List (Prod (List Char) Kant.Codec.Ipdl)),   Eq (Kant.Codec.projectFields x)     (Kant.Codec.projectFields.match_1 (fun x => List (Prod (List Char) Kant.Codec.Val)) x       (fun _ => List.nil) fun k v fs =>       List.cons { fst := k, snd := Kant.Codec.project v } (Kant.Codec.projectFields fs))","L0;","O0;","L0;","L0;","L1;S37;claim.Kant.Codec.projectFields.eq_def","L0;","L1;S37;proof.Kant.Codec.projectFields.eq_def","L0;","S301;∀ (x : List (Prod (List Char) Kant.Codec.Ipdl)),   Eq (Kant.Codec.projectFields x)     (Kant.Codec.projectFields.match_1 (fun x => List (Prod (List Char) Kant.Codec.Val)) x       (fun _ => List.nil) fun k v fs =>       List.cons { fst := k, snd := Kant.Codec.project v } (Kant.Codec.projectFields fs))","O7;13;source_systemS5;lean411;source_fileS35;RequestProject/Kant/Codec/Ipdl.lean13;source_formatS4;text11;imported_atI+0;14;transformed_atI+0;15;transformationsL0;13;parent_objectS0;","ab4b2700ee257f30e981525f637236c39755799a2361aefe05b42d5440b86891"
"obj.Kant.Clipboard.pasteText_copyText","theorem","Kant.Clipboard.pasteText_copyText","PROVEN","∀ {p : Kant.Paste},   Kant.Clipboard.Copyable p →     Eq (Kant.Clipboard.pasteText (Kant.Clipboard.copyText p)) (Option.some p)","L0;","O0;","L0;","L0;","L1;S39;claim.Kant.Clipboard.pasteText_copyText","L0;","L1;S39;proof.Kant.Clipboard.pasteText_copyText","L0;","S127;∀ {p : Kant.Paste},   Kant.Clipboard.Copyable p →     Eq (Kant.Clipboard.pasteText (Kant.Clipboard.copyText p)) (Option.some p)","O7;13;source_systemS5;lean411;source_fileS34;RequestProject/Kant/Clipboard.lean13;source_formatS4;text11;imported_atI+0;14;transformed_atI+216;15;transformationsL0;13;parent_objectS0;","c689898d2f8255d0fc4ebd2f0acf1a2b63589f5675d7875686a9bfc63e02af71"
"obj.Kant.Dom.recombine","def","Kant.Dom.recombine","ASSERTED","Kant.Codec.Val → Kant.Codec.Val → Kant.Codec.Val → Kant.Codec.Val → Option Kant.Dom.Domain","L1;S21;obj.Kant.Dom.Relation","O0;","L0;","L0;","L0;","L0;","L0;","L0;","S90;Kant.Codec.Val → Kant.Codec.Val → Kant.Codec.Val → Kant.Codec.Val → Option Kant.Dom.Domain","O7;13;source_systemS5;lean411;source_fileS36;RequestProject/Kant/Domain/Emit.lean13;source_formatS4;text11;imported_atI+0;14;transformed_atI+212;15;transformationsL0;13;parent_objectS0;","2385db5e956f52c221659d0ce854b4f5293ffb68e950c7dc6b7e5c0b0623ebcf"
"obj.Kant.Wasm.Kernel.toNat_ofNat_of_lt","theorem","Kant.Wasm.Kernel.toNat_ofNat_of_lt","PROVEN","∀ {k : Nat}, instLTNat.lt k (instHPow.hPow 2 64) → Eq (UInt64.ofNat k).toNat k","L0;","O0;","L0;","L0;","L1;S40;claim.Kant.Wasm.Kernel.toNat_ofNat_of_lt","L0;","L1;S40;proof.Kant.Wasm.Kernel.toNat_ofNat_of_lt","L0;","S78;∀ {k : Nat}, instLTNat.lt k (instHPow.hPow 2 64) → Eq (UInt64.ofNat k).toNat k","O7;13;source_systemS5;lean411;source_fileS35;RequestProject/Wasm/KernelSpec.lean13;source_formatS4;text11;imported_atI+0;14;transformed_atI+42;15;transformationsL0;13;parent_objectS0;","376edafb0c978ee87322824b227fbd3362d48258b97f242ea995a1cd6a6218d9"
"obj.Kant.Codec.recoverFields.eq_def","theorem","Kant.Codec.recoverFields.eq_def","PROVEN","∀ (x : List (Prod (List Char) Kant.Codec.Val)),   Eq (Kant.Codec.recoverFields x)     (Kant.Codec.recoverFields.match_3 (fun x => Option (List (Prod (List Char) Kant.Codec.Ipdl))) x       (fun _ => Option.some List.nil) fun k v fs =>       Kant.Codec.recoverFields.match_1         (fun x x_1 => Option (List (Prod (List Char) Kant.Codec.Ipdl))) (Kant.Codec.recover v)         (Kant.Codec.recoverFields fs)         (fun y ys => Option.some (List.cons { fst := k, snd := y } ys)) fun x x_1 => Option.none)","L1;S30;obj.Kant.Codec.recover.match_1","O0;","L0;","L0;","L1;S37;claim.Kant.Codec.recoverFields.eq_def","L0;","L1;S37;proof.Kant.Codec.recoverFields.eq_def","L0;","S503;∀ (x : List (Prod (List Char) Kant.Codec.Val)),   Eq (Kant.Codec.recoverFields x)     (Kant.Codec.recoverFields.match_3 (fun x => Option (List (Prod (List Char) Kant.Codec.Ipdl))) x       (fun _ => Option.some List.nil) fun k v fs =>       Kant.Codec.recoverFields.match_1         (fun x x_1 => Option (List (Prod (List Char) Kant.Codec.Ipdl))) (Kant.Codec.recover v)         (Kant.Codec.recoverFields fs)         (fun y ys => Option.some (List.cons { fst := k, snd := y } ys)) fun x x_1 => Option.none)","O7;13;source_systemS5;lean411;source_fileS35;RequestProject/Kant/Codec/Ipdl.lean13;source_formatS4;text11;imported_atI+0;14;transformed_atI+0;15;transformationsL0;13;parent_objectS0;","71df7dd3ea3d43a883bb57542d69b803b5f97e0bc56f568ef5542c91902364a9"
"obj.Kant.CodeMovie.unmovie_movieGodel","theorem","Kant.CodeMovie.unmovie_movieGodel","PROVEN","∀ (m : Kant.CodeMovie.Movie), Eq (Kant.CodeMovie.unmovie (Kant.CodeMovie.movieGodel m)) m","L0;","O0;","L0;","L0;","L1;S39;claim.Kant.CodeMovie.unmovie_movieGodel","L0;","L1;S39;proof.Kant.CodeMovie.unmovie_movieGodel","L0;","S89;∀ (m : Kant.CodeMovie.Movie), Eq (Kant.CodeMovie.unmovie (Kant.CodeMovie.movieGodel m)) m","O7;13;source_systemS5;lean411;source_fileS34;RequestProject/Kant/CodeMovie.lean13;source_formatS4;text11;imported_atI+0;14;transformed_atI+131;15;transformationsL0;13;parent_objectS0;","7a8f1680415781b174b33cf77d892caefc91d29c620cbeeb41eb78bad95b6768"
"obj.Kant.Codec.ImportReport.original","def","Kant.Codec.ImportReport.original","ASSERTED","Kant.Codec.ImportReport → List Char","L0;","O0;","L0;","L0;","L0;","L0;","L0;","L0;","S35;Kant.Codec.ImportReport → List Char","O7;13;source_systemS5;lean411;source_fileS39;RequestProject/Kant/Codec/Exchange.lean13;source_formatS4;text11;imported_atI+0;14;transformed_atI+190;15;transformationsL0;13;parent_objectS0;","db2fd7a4ee49ca5ac89857c20a318d8d6a3349bf0ae0d4f4d12acfcdcb43e7e7"
"obj.Kant.Wasm.Decode.RawInstr.casesOn","def","Kant.Wasm.Decode.RawInstr.casesOn","ASSERTED","{motive : Kant.Wasm.Decode.RawInstr → Sort u} →   (t : Kant.Wasm.Decode.RawInstr) →     ((n : Int) → motive (Kant.Wasm.Decode.RawInstr.i64const n)) →       ((i : Nat) → motive (Kant.Wasm.Decode.RawInstr.localGet i)) →         ((op : Kant.Wasm.BinOp) → motive (Kant.Wasm.Decode.RawInstr.binop op)) →           ((op : Kant.Wasm.CmpOp) → motive (Kant.Wasm.Decode.RawInstr.cmpop op)) →             motive Kant.Wasm.Decode.RawInstr.extendU → motive t","L0;","O0;","L0;","L0;","L0;","L0;","L0;","L0;","S445;{motive : Kant.Wasm.Decode.RawInstr → Sort u} →   (t : Kant.Wasm.Decode.RawInstr) →     ((n : Int) → motive (Kant.Wasm.Decode.RawInstr.i64const n)) →       ((i : Nat) → motive (Kant.Wasm.Decode.RawInstr.localGet i)) →         ((op : Kant.Wasm.BinOp) → motive (Kant.Wasm.Decode.RawInstr.binop op)) →           ((op : Kant.Wasm.CmpOp) → motive (Kant.Wasm.Decode.RawInstr.cmpop op)) →             motive Kant.Wasm.Decode.RawInstr.extendU → motive t","O7;13;source_systemS5;lean411;source_fileS31;RequestProject/Wasm/Decode.lean13;source_formatS4;text11;imported_atI+0;14;transformed_atI+41;15;transformationsL0;13;parent_objectS0;","f3e540fafac533378e5858f53d5c77d494e858f2a02a6ffdd39c1908ccdaeefa"
"obj.Kant.Codec.instInhabitedEnvelope.default","def","Kant.Codec.instInhabitedEnvelope.default","ASSERTED","Kant.Codec.Envelope","L0;","O0;","L0;","L0;","L0;","L0;","L0;","L0;","S19;Kant.Codec.Envelope","O7;13;source_systemS5;lean411;source_fileS39;RequestProject/Kant/Codec/Exchange.lean13;source_formatS4;text11;imported_atI+0;14;transformed_atI+139;15;transformationsL0;13;parent_objectS0;","3d6fc5a49b4953177572bee38e5b850427461b4d2c6fe23df23ced8f629829aa"
"obj.Kant.Dom.PStatus.ofNat","def","Kant.Dom.PStatus.ofNat","ASSERTED","Nat → Kant.Dom.PStatus","L0;","O0;","L0;","L0;","L0;","L0;","L0;","L0;","S22;Nat → Kant.Dom.PStatus","O7;13;source_systemS5;lean411;source_fileS37;RequestProject/Kant/Domain/Model.lean13;source_formatS4;text11;imported_atI+0;14;transformed_atI+0;15;transformationsL0;13;parent_objectS0;","2eacf0e28e7f4e369df984afe414a239a084f78498cb9ca0e6341359e782d853"
"obj.Kant.SiteCard.parseConfig","def","Kant.SiteCard.parseConfig","ASSERTED","List Char → Option Kant.SiteCard.Config","L0;","O0;","L0;","L0;","L0;","L0;","L0;","L0;","S39;List Char → Option Kant.SiteCard.Config","O7;13;source_systemS5;lean411;source_fileS33;RequestProject/Kant/SiteCard.lean13;source_formatS4;text11;imported_atI+0;14;transformed_atI+193;15;transformationsL0;13;parent_objectS0;","02b0da56ec2d1f4e415bb3d541ed72a193f9a4b36e7885e890dbc2dcda10fa0b"
"obj.Kant.Codec.Ipdl.casesOn","def","Kant.Codec.Ipdl.casesOn","ASSERTED","{motive_1 : Kant.Codec.Ipdl → Sort u} →   (t : Kant.Codec.Ipdl) →     motive_1 Kant.Codec.Ipdl.null →       ((b : Bool) → motive_1 (Kant.Codec.Ipdl.bool b)) →         ((n : Int) → motive_1 (Kant.Codec.Ipdl.int n)) →           ((s : List Char) → motive_1 (Kant.Codec.Ipdl.str s)) →             ((xs : List Kant.Codec.Ipdl) → motive_1 (Kant.Codec.Ipdl.list xs)) →               ((fs : List (Prod (List Char) Kant.Codec.Ipdl)) → motive_1 (Kant.Codec.Ipdl.obj fs)) →                 ((target : List Char) → motive_1 (Kant.Codec.Ipdl.ref target)) →                   ((key note : List Char) →                       (body : Kant.Codec.Ipdl) → motive_1 (Kant.Codec.Ipdl.annot key note body)) →                     motive_1 t","L0;","O0;","L0;","L0;","L0;","L0;","L0;","L0;","S717;{motive_1 : Kant.Codec.Ipdl → Sort u} →   (t : Kant.Codec.Ipdl) →     motive_1 Kant.Codec.Ipdl.null →       ((b : Bool) → motive_1 (Kant.Codec.Ipdl.bool b)) →         ((n : Int) → motive_1 (Kant.Codec.Ipdl.int n)) →           ((s : List Char) → motive_1 (Kant.Codec.Ipdl.str s)) →             ((xs : List Kant.Codec.Ipdl) → motive_1 (Kant.Codec.Ipdl.list xs)) →               ((fs : List (Prod (List Char) Kant.Codec.Ipdl)) → motive_1 (Kant.Codec.Ipdl.obj fs)) →                 ((target : List Char) → motive_1 (Kant.Codec.Ipdl.ref target)) →                   ((key note : List Char) →                       (body : Kant.Codec.Ipdl) → motive_1 (Kant.Codec.Ipdl.annot key note body)) →                     motive_1 t","O7;13;source_systemS5;lean411;source_fileS35;RequestProject/Kant/Codec/Ipdl.lean13;source_formatS4;text11;imported_atI+0;14;transformed_atI+37;15;transformationsL0;13;parent_objectS0;","d9bf66e87f8adfe8ba353cb0db5e27d39cb67bb4a3555a0ed63765e72ca06479"
"obj.Kant.Connectivity.Reachability.mk.noConfusion","def","Kant.Connectivity.Reachability.mk.noConfusion","ASSERTED","{P : Sort u} →   {configured : List Char} →     {configuredUp : Bool} →       {origin : List Char} →         {originIsRelay : Bool} →           {configured' : List Char} →             {configuredUp' : Bool} →               {origin' : List Char} →                 {originIsRelay' : Bool} →                   Eq                       { configured := configured, configuredUp := configuredUp, origin := origin,                         originIsRelay := originIsRelay }                       { configured := configured', configuredUp := configuredUp', origin := origin',                         originIsRelay := originIsRelay' } →                     (Eq configured configured' →                         Eq configuredUp configuredUp' →                           Eq origin origin' → Eq originIsRelay originIsRelay' → P) →                       P","L0;","O0;","L0;","L0;","L0;","L0;","L0;","L0;","S839;{P : Sort u} →   {configured : List Char} →     {configuredUp : Bool} →       {origin : List Char} →         {originIsRelay : Bool} →           {configured' : List Char} →             {configuredUp' : Bool} →               {origin' : List Char} →                 {originIsRelay' : Bool} →                   Eq                       { configured := configured, configuredUp := configuredUp, origin := origin,                         originIsRelay := originIsRelay }                       { configured := configured', configuredUp := configuredUp', origin := origin',                         originIsRelay := originIsRelay' } →                     (Eq configured configured' →                         Eq configuredUp configuredUp' →                           Eq origin origin' → Eq originIsRelay originIsRelay' → P) →                       P","O7;13;source_systemS5;lean411;source_fileS37;RequestProject/Kant/Connectivity.lean13;source_formatS4;text11;imported_atI+0;14;transformed_atI+50;15;transformationsL0;13;parent_objectS0;","b7c3d6b1ce1fa502b1439f1783abf7450244b01539e90a1402f62d7b25268d27"
"obj.Kant.Stego.fromBits.match_1","def","Kant.Stego.fromBits.match_1","ASSERTED","(motive : List Bool → Sort u_1) →   (x : List Bool) →     ((b₀ b₁ b₂ b₃ b₄ b₅ b₆ b₇ : Bool) →         (rest : List Bool) →           motive             (List.cons b₀               (List.cons b₁                 (List.cons b₂                   (List.cons b₃                     (List.cons b₄ (List.cons b₅ (List.cons b₆ (List.cons b₇ rest))))))))) →       ((x : List Bool) → motive x) → motive x","L0;","O0;","L0;","L0;","L0;","L0;","L0;","L0;","S393;(motive : List Bool → Sort u_1) →   (x : List Bool) →     ((b₀ b₁ b₂ b₃ b₄ b₅ b₆ b₇ : Bool) →         (rest : List Bool) →           motive             (List.cons b₀               (List.cons b₁                 (List.cons b₂                   (List.cons b₃                     (List.cons b₄ (List.cons b₅ (List.cons b₆ (List.cons b₇ rest))))))))) →       ((x : List Bool) → motive x) → motive x","O7;13;source_systemS5;lean411;source_fileS30;RequestProject/Kant/Stego.lean13;source_formatS4;text11;imported_atI+0;14;transformed_atI+0;15;transformationsL0;13;parent_objectS0;","c26d0ff2c23998bcc9ecd6c08996c7ff4511bbdb92925232f319e9b728634b75"
"obj.Kant.Codec.project.eq_2","theorem","Kant.Codec.project.eq_2","PROVEN","∀ (a : Bool), Eq (Kant.Codec.project (Kant.Codec.Ipdl.bool a)) (Kant.Codec.Val.bool a)","L0;","O0;","L0;","L0;","L1;S29;claim.Kant.Codec.project.eq_2","L0;","L1;S29;proof.Kant.Codec.project.eq_2","L0;","S86;∀ (a : Bool), Eq (Kant.Codec.project (Kant.Codec.Ipdl.bool a)) (Kant.Codec.Val.bool a)","O7;13;source_systemS5;lean411;source_fileS35;RequestProject/Kant/Codec/Ipdl.lean13;source_formatS4;text11;imported_atI+0;14;transformed_atI+0;15;transformationsL0;13;parent_objectS0;","5cee52382346af6434f2041b5f8e1cb7b5c4684ae365a7aa1d34ae180ff4f63d"
"obj.Kant.SiteCard.Config.recOn","def","Kant.SiteCard.Config.recOn","ASSERTED","{motive : Kant.SiteCard.Config → Sort u} →   (t : Kant.SiteCard.Config) →     ((origin caption picture alt : List Char) →         motive { origin := origin, caption := caption, picture := picture, alt := alt }) →       motive t","L0;","O0;","L0;","L0;","L0;","L0;","L0;","L0;","S227;{motive : Kant.SiteCard.Config → Sort u} →   (t : Kant.SiteCard.Config) →     ((origin caption picture alt : List Char) →         motive { origin := origin, caption := caption, picture := picture, alt := alt }) →       motive t","O7;13;source_systemS5;lean411;source_fileS33;RequestProject/Kant/SiteCard.lean13;source_formatS4;text11;imported_atI+0;14;transformed_atI+133;15;transformationsL0;13;parent_objectS0;","02ea1bbe0b35f63145fd5dad18f200ae7299232feac2130b98541728361b7318"
"obj.Kant.Dom.encFields","def","Kant.Dom.encFields","ASSERTED","List (Prod (List Char) Kant.Codec.Val) → List Char","L0;","O0;","L0;","L0;","L0;","L0;","L0;","L0;","S50;List (Prod (List Char) Kant.Codec.Val) → List Char","O7;13;source_systemS5;lean411;source_fileS37;RequestProject/Kant/Domain/Table.lean13;source_formatS4;text11;imported_atI+0;14;transformed_atI+246;15;transformationsL0;13;parent_objectS0;","04a98765515cb966400b01742fb308695a1f0daafa4bd1c8ae4da576b5d6ca1b"
"obj.Kant.Wasm.BinOp.divu.elim","def","Kant.Wasm.BinOp.divu.elim","ASSERTED","{motive : Kant.Wasm.BinOp → Sort u} →   (t : Kant.Wasm.BinOp) → Eq t.ctorIdx 3 → motive Kant.Wasm.BinOp.divu → motive t","L1;S28;obj.Kant.Wasm.BinOp.ctorElim","O0;","L0;","L0;","L0;","L0;","L0;","L0;","S119;{motive : Kant.Wasm.BinOp → Sort u} →   (t : Kant.Wasm.BinOp) → Eq t.ctorIdx 3 → motive Kant.Wasm.BinOp.divu → motive t","O7;13;source_systemS5;lean411;source_fileS31;RequestProject/Wasm/Syntax.lean13;source_formatS4;text11;imported_atI+0;14;transformed_atI+27;15;transformationsL0;13;parent_objectS0;","25e27d8444b1466b025d894eed610ce0dc21c071bcd03b3914daf78d56816a8e"
"obj.Kant.Sneakernet.Channel.url.elim","def","Kant.Sneakernet.Channel.url.elim","ASSERTED","{motive : Kant.Sneakernet.Channel → Sort u} →   (t : Kant.Sneakernet.Channel) → Eq t.ctorIdx 0 → motive Kant.Sneakernet.Channel.url → motive t","L0;","O0;","L0;","L0;","L0;","L0;","L0;","L0;","S142;{motive : Kant.Sneakernet.Channel → Sort u} →   (t : Kant.Sneakernet.Channel) → Eq t.ctorIdx 0 → motive Kant.Sneakernet.Channel.url → motive t","O7;13;source_systemS5;lean411;source_fileS35;RequestProject/Kant/Sneakernet.lean13;source_formatS4;text11;imported_atI+0;14;transformed_atI+37;15;transformationsL0;13;parent_objectS0;","e58f4914ae61338a66924bdc32e18dadc746ef3d79e431241d51c14334028267"
"obj.Kant.Relay.Msg.witness_length","theorem","Kant.Relay.Msg.witness_length","PROVEN","∀ (m : Kant.Relay.Msg), Eq m.witness.length 64","L0;","O0;","L0;","L0;","L1;S35;claim.Kant.Relay.Msg.witness_length","L0;","L1;S35;proof.Kant.Relay.Msg.witness_length","L0;","S46;∀ (m : Kant.Relay.Msg), Eq m.witness.length 64","O7;13;source_systemS5;lean411;source_fileS30;RequestProject/Kant/Relay.lean13;source_formatS4;text11;imported_atI+0;14;transformed_atI+77;15;transformationsL0;13;parent_objectS0;","a69f5ed9624d007f482c504fdb355b1c02d0f49ee848e595c492cead6884e9a2"
"obj.Kant.CodeMovie.Circuit.run.eq_4","theorem","Kant.CodeMovie.Circuit.run.eq_4","PROVEN","∀ (rest : List Nat) (c : Kant.CodeMovie.Circuit) (st : List Kant.CodeMovie.Circuit),   Eq (Kant.CodeMovie.Circuit.run (List.cons 2 rest) (List.cons c st))     (Kant.CodeMovie.Circuit.run rest (List.cons c.not st))","L0;","O0;","L0;","L0;","L1;S37;claim.Kant.CodeMovie.Circuit.run.eq_4","L0;","L1;S37;proof.Kant.CodeMovie.Circuit.run.eq_4","L0;","S213;∀ (rest : List Nat) (c : Kant.CodeMovie.Circuit) (st : List Kant.CodeMovie.Circuit),   Eq (Kant.CodeMovie.Circuit.run (List.cons 2 rest) (List.cons c st))     (Kant.CodeMovie.Circuit.run rest (List.cons c.not st))","O7;13;source_systemS5;lean411;source_fileS34;RequestProject/Kant/CodeMovie.lean13;source_formatS4;text11;imported_atI+0;14;transformed_atI+0;15;transformationsL0;13;parent_objectS0;","10ccbd10a3a263c44ec9648b047e92c78e5d0f29e9056252c06c9a2583fc2985"
"obj.Kant.Wasm.Decode.RawModule.mk.sizeOf_spec","theorem","Kant.Wasm.Decode.RawModule.mk.sizeOf_spec","PROVEN","∀ (arities funcIdx : List Nat) (exports : List (Prod Kant.Wasm.Decode.Bytes Nat))   (codes : List (List Kant.Wasm.Decode.RawInstr)),   Eq     (Kant.Wasm.Decode.RawModule._sizeOf_inst.sizeOf       { arities := arities, funcIdx := funcIdx, exports := exports, codes := codes })     (instHAdd.hAdd       (instHAdd.hAdd         (instHAdd.hAdd (instHAdd.hAdd 1 ((List._sizeOf_inst Nat).sizeOf arities))           ((List._sizeOf_inst Nat).sizeOf funcIdx))         ((List._sizeOf_inst (Prod Kant.Wasm.Decode.Bytes Nat)).sizeOf exports))       ((List._sizeOf_inst (List Kant.Wasm.Decode.RawInstr)).sizeOf codes))","L0;","O0;","L0;","L0;","L1;S47;claim.Kant.Wasm.Decode.RawModule.mk.sizeOf_spec","L0;","L1;S47;proof.Kant.Wasm.Decode.RawModule.mk.sizeOf_spec","L0;","S604;∀ (arities funcIdx : List Nat) (exports : List (Prod Kant.Wasm.Decode.Bytes Nat))   (codes : List (List Kant.Wasm.Decode.RawInstr)),   Eq     (Kant.Wasm.Decode.RawModule._sizeOf_inst.sizeOf       { arities := arities, funcIdx := funcIdx, exports := exports, codes := codes })     (instHAdd.hAdd       (instHAdd.hAdd         (instHAdd.hAdd (instHAdd.hAdd 1 ((List._sizeOf_inst Nat).sizeOf arities))           ((List._sizeOf_inst Nat).sizeOf funcIdx))         ((List._sizeOf_inst (Prod Kant.Wasm.Decode.Bytes Nat)).sizeOf exports))       ((List._sizeOf_inst (List Kant.Wasm.Decode.RawInstr)).sizeOf codes))","O7;13;source_systemS5;lean411;source_fileS31;RequestProject/Wasm/Decode.lean13;source_formatS4;text11;imported_atI+0;14;transformed_atI+0;15;transformationsL0;13;parent_objectS0;","3293888189ea6174132c4ffa480d6d5f436d2dadd926ce9aa25e340596de5085"
"obj.Kant.Codec.Severity.name","def","Kant.Codec.Severity.name","ASSERTED","Kant.Codec.Severity → List Char","L0;","O0;","L0;","L0;","L0;","L0;","L0;","L0;","S31;Kant.Codec.Severity → List Char","O7;13;source_systemS5;lean411;source_fileS36;RequestProject/Kant/Codec/Model.lean13;source_formatS4;text11;imported_atI+0;14;transformed_atI+98;15;transformationsL0;13;parent_objectS0;","a90e866da1d66774d86960e0ad6aa44f5958c5c50d300702f140b05d7448814d"
"obj.Kant.Wasm.BinOp.apply.eq_1","theorem","Kant.Wasm.BinOp.apply.eq_1","PROVEN","∀ (x x_1 : UInt64), Eq (Kant.Wasm.BinOp.add.apply x x_1) (Option.some (instHAdd.hAdd x x_1))","L0;","O0;","L0;","L0;","L1;S32;claim.Kant.Wasm.BinOp.apply.eq_1","L0;","L1;S32;proof.Kant.Wasm.BinOp.apply.eq_1","L0;","S92;∀ (x x_1 : UInt64), Eq (Kant.Wasm.BinOp.add.apply x x_1) (Option.some (instHAdd.hAdd x x_1))","O7;13;source_systemS5;lean411;source_fileS34;RequestProject/Wasm/Semantics.lean13;source_formatS4;text11;imported_atI+0;14;transformed_atI+0;15;transformationsL0;13;parent_objectS0;","d3ff65f290dc0a1925101489960701aefb7b10d85dca212b94060f02ef04ecf0"
"obj.Kant.Dom.Decl.ofVal.match_1","def","Kant.Dom.Decl.ofVal.match_1","ASSERTED","(motive : Kant.Codec.Val → Sort u_1) →   (x : Kant.Codec.Val) →     ((fs : List (Prod (List Char) Kant.Codec.Val)) → motive (Kant.Codec.Val.obj fs)) →       ((x : Kant.Codec.Val) → motive x) → motive x","L0;","O0;","L0;","L0;","L0;","L0;","L0;","L0;","S201;(motive : Kant.Codec.Val → Sort u_1) →   (x : Kant.Codec.Val) →     ((fs : List (Prod (List Char) Kant.Codec.Val)) → motive (Kant.Codec.Val.obj fs)) →       ((x : Kant.Codec.Val) → motive x) → motive x","O7;13;source_systemS5;lean411;source_fileS39;RequestProject/Kant/Domain/Catalog.lean13;source_formatS4;text11;imported_atI+0;14;transformed_atI+0;15;transformationsL0;13;parent_objectS0;","071f1e06a19e06f953cb4a4976d326963e00b161268ef383bb69e40a980934a0"
"obj.Kant.Connectivity.Verdict.noConfusionType","def","Kant.Connectivity.Verdict.noConfusionType","ASSERTED","Sort v✝ → Kant.Connectivity.Verdict → Kant.Connectivity.Verdict → Sort v✝","L0;","O0;","L0;","L0;","L0;","L0;","L0;","L0;","S73;Sort v✝ → Kant.Connectivity.Verdict → Kant.Connectivity.Verdict → Sort v✝","O7;13;source_systemS5;lean411;source_fileS37;RequestProject/Kant/Connectivity.lean13;source_formatS4;text11;imported_atI+0;14;transformed_atI+0;15;transformationsL0;13;parent_objectS0;","dad01ae53e052901457eb97095dc137e3657619f3b4e5dc324a149a52b84cbb0"
"obj.Kant.Pipeline.reveal_hide","theorem","Kant.Pipeline.reveal_hide","PROVEN","∀ {carrier : Kant.Stego.Carrier} {f : Kant.Sneakernet.Frame},   instLENat.le (instHMul.hMul 8 (List.length f.payload)) (List.length carrier) →     Eq (Kant.Pipeline.reveal (List.length f.payload) (Kant.Pipeline.hide carrier f)) f.payload","L2;S22;obj.Kant.Stego.CarrierS31;obj.Kant.Pipeline.blobToNats_lt","O0;","L0;","L0;","L1;S31;claim.Kant.Pipeline.reveal_hide","L0;","L1;S31;proof.Kant.Pipeline.reveal_hide","L0;","S237;∀ {carrier : Kant.Stego.Carrier} {f : Kant.Sneakernet.Frame},   instLENat.le (instHMul.hMul 8 (List.length f.payload)) (List.length carrier) →     Eq (Kant.Pipeline.reveal (List.length f.payload) (Kant.Pipeline.hide carrier f)) f.payload","O7;13;source_systemS5;lean411;source_fileS33;RequestProject/Kant/Pipeline.lean13;source_formatS4;text11;imported_atI+0;14;transformed_atI+64;15;transformationsL0;13;parent_objectS0;","349106031961e6cb17a3a34c060239a8c16f828a8a5433e93fb1267d1bea1b56"
"obj.Kant.PlainText.joinCh.eq_2","theorem","Kant.PlainText.joinCh.eq_2","PROVEN","∀ (d : Char) (l : List Char), Eq (Kant.PlainText.joinCh d (List.cons l List.nil)) l","L0;","O0;","L0;","L0;","L1;S32;claim.Kant.PlainText.joinCh.eq_2","L0;","L1;S32;proof.Kant.PlainText.joinCh.eq_2","L0;","S83;∀ (d : Char) (l : List Char), Eq (Kant.PlainText.joinCh d (List.cons l List.nil)) l","O7;13;source_systemS5;lean411;source_fileS34;RequestProject/Kant/PlainText.lean13;source_formatS4;text11;imported_atI+0;14;transformed_atI+0;15;transformationsL0;13;parent_objectS0;","fbb8b214c8032167763eadc396e01f445a126e596f8937c5d5dd5b018be38352"
"obj.Kant.Dom.Decl.truth","def","Kant.Dom.Decl.truth","ASSERTED","Kant.Dom.Decl → Kant.Dom.Truth","L2;S17;obj.Kant.Dom.DeclS25;obj.Kant.Dom.Decl.sorried","O0;","L0;","L0;","L0;","L0;","L0;","L0;","S30;Kant.Dom.Decl → Kant.Dom.Truth","O7;13;source_systemS5;lean411;source_fileS39;RequestProject/Kant/Domain/Catalog.lean13;source_formatS4;text11;imported_atI+0;14;transformed_atI+83;15;transformationsL0;13;parent_objectS0;","94f1b9766fc8060d469c5e00a7b2cee2a5b2b666ccabe16f3429467b645738c4"
"obj.Kant.Diagnostics.Report.Wire.recOn","def","Kant.Diagnostics.Report.Wire.recOn","ASSERTED","{r : Kant.Diagnostics.Report} →   {motive : r.Wire → Sort u} →     (t : r.Wire) →       ((room : Kant.Text.IsAscii r.room) →           (relay : Kant.Text.IsAscii r.relay) →             (events : ∀ (e : Kant.Diagnostics.Event), List.instMembership.mem r.events e → e.Wire) →               motive ⋯) →         motive t","L1;S21;obj.Kant.Text.IsAscii","O0;","L0;","L0;","L0;","L0;","L0;","L0;","S316;{r : Kant.Diagnostics.Report} →   {motive : r.Wire → Sort u} →     (t : r.Wire) →       ((room : Kant.Text.IsAscii r.room) →           (relay : Kant.Text.IsAscii r.relay) →             (events : ∀ (e : Kant.Diagnostics.Event), List.instMembership.mem r.events e → e.Wire) →               motive ⋯) →         motive t","O7;13;source_systemS5;lean411;source_fileS36;RequestProject/Kant/Diagnostics.lean13;source_formatS4;text11;imported_atI+0;14;transformed_atI+538;15;transformationsL0;13;parent_objectS0;","a1efdc8a87fb592c224b3c9e3a8b86b7f999027725ad02cacc4f06be74a9a6a5"
"obj.Kant.Dom.packageRead.match_1","def","Kant.Dom.packageRead.match_1","ASSERTED","(motive : Option (List Char) → Sort u_1) →   (x : Option (List Char)) →     ((s : List Char) → motive (Option.some s)) → (Unit → motive Option.none) → motive x","L0;","O0;","L0;","L0;","L0;","L0;","L0;","L0;","S159;(motive : Option (List Char) → Sort u_1) →   (x : Option (List Char)) →     ((s : List Char) → motive (Option.some s)) → (Unit → motive Option.none) → motive x","O7;13;source_systemS5;lean411;source_fileS39;RequestProject/Kant/Domain/Package.lean13;source_formatS4;text11;imported_atI+0;14;transformed_atI+0;15;transformationsL0;13;parent_objectS0;","ae87be83cebef0a6ee135b951e0c40f9572b00c6e2ab720888df5a447b153a6b"
"obj.Kant.Stego.extractBlob_embedBlob_prefix","theorem","Kant.Stego.extractBlob_embedBlob_prefix","PROVEN","∀ {cs : Kant.Stego.Carrier} {payload : List Nat} {n : Nat},   (∀ (v : Nat), List.instMembership.mem payload v → instLTNat.lt v 256) →     instLENat.le (instHMul.hMul 8 payload.length) (List.length cs) →       instLENat.le payload.length n →         Exists fun rest =>           Eq (Kant.Stego.extractBlob n (Kant.Stego.embedBlob cs payload))             (instHAppendOfAppend.hAppend payload rest)","L1;S22;obj.Kant.Stego.Carrier","O0;","L0;","L0;","L1;S45;claim.Kant.Stego.extractBlob_embedBlob_prefix","L0;","L1;S45;proof.Kant.Stego.extractBlob_embedBlob_prefix","L0;","S396;∀ {cs : Kant.Stego.Carrier} {payload : List Nat} {n : Nat},   (∀ (v : Nat), List.instMembership.mem payload v → instLTNat.lt v 256) →     instLENat.le (instHMul.hMul 8 payload.length) (List.length cs) →       instLENat.le payload.length n →         Exists fun rest =>           Eq (Kant.Stego.extractBlob n (Kant.Stego.embedBlob cs payload))             (instHAppendOfAppend.hAppend payload rest)","O7;13;source_systemS5;lean411;source_fileS30;RequestProject/Kant/Stego.lean13;source_formatS4;text11;imported_atI+0;14;transformed_atI+229;15;transformationsL0;13;parent_objectS0;","a91f6c61cb0edf8712b42f97f2d334f4e405af9998d54b2d90d57394fd1a35da"
"obj.Kant.Cli.Cmd","inductive","Kant.Cli.Cmd","ASSERTED","Type","L0;","O0;","L0;","L0;","L0;","L0;","L0;","L0;","S4;Type","O7;13;source_systemS5;lean411;source_fileS28;RequestProject/Kant/Cli.lean13;source_formatS4;text11;imported_atI+0;14;transformed_atI+711;15;transformationsL0;13;parent_objectS0;","6c2b1b4303edcea115a89544062dbb7ee2037d26057d4e5b3f93e1c4e5a3b838"
"obj.Kant.Uucp.wired_view","theorem","Kant.Uucp.wired_view","PROVEN","∀ {n : Kant.Uucp.Node}, n.Wired → ∀ (m : Kant.Relay.Msg), List.instMembership.mem n.view m → m.Wire","L0;","O0;","L0;","L0;","L1;S26;claim.Kant.Uucp.wired_view","L0;","L1;S26;proof.Kant.Uucp.wired_view","L0;","S99;∀ {n : Kant.Uucp.Node}, n.Wired → ∀ (m : Kant.Relay.Msg), List.instMembership.mem n.view m → m.Wire","O7;13;source_systemS5;lean411;source_fileS29;RequestProject/Kant/Uucp.lean13;source_formatS4;text11;imported_atI+0;14;transformed_atI+511;15;transformationsL0;13;parent_objectS0;","7bf2a545aa862acd00583bdab0f03e1a5879ee7f090bfba72951b15cf23ac034"
"obj.Kant.Codec.Trans.recOn","def","Kant.Codec.Trans.recOn","ASSERTED","{motive : Kant.Codec.Trans → Sort u} →   (t : Kant.Codec.Trans) →     ((id operation : List Char) →         (source dest : Kant.Codec.Fmt) →           (inputHash outputHash : List Char) →             (codec : Kant.Codec.Fmt) →               (codecVersion : List Char) →                 (lossiness : Kant.Codec.Loss) →                   (errors warnings : List Kant.Codec.Err) →                     motive                       { id := id, operation := operation, source := source, dest := dest,                         inputHash := inputHash, outputHash := outputHash, codec := codec,                         codecVersion := codecVersion, lossiness := lossiness, errors := errors,                         warnings := warnings }) →       motive t","L0;","O0;","L0;","L0;","L0;","L0;","L0;","L0;","S745;{motive : Kant.Codec.Trans → Sort u} →   (t : Kant.Codec.Trans) →     ((id operation : List Char) →         (source dest : Kant.Codec.Fmt) →           (inputHash outputHash : List Char) →             (codec : Kant.Codec.Fmt) →               (codecVersion : List Char) →                 (lossiness : Kant.Codec.Loss) →                   (errors warnings : List Kant.Codec.Err) →                     motive                       { id := id, operation := operation, source := source, dest := dest,                         inputHash := inputHash, outputHash := outputHash, codec := codec,                         codecVersion := codecVersion, lossiness := lossiness, errors := errors,                         warnings := warnings }) →       motive t","O7;13;source_systemS5;lean411;source_fileS36;RequestProject/Kant/Codec/Model.lean13;source_formatS4;text11;imported_atI+0;14;transformed_atI+273;15;transformationsL0;13;parent_objectS0;","f969afcc0abc725d2959ed6fa6bacb0aad174f2fe7106c0fa969b090c18b778c"
"obj.Kant.Codec.instReprLoss.repr.match_1","def","Kant.Codec.instReprLoss.repr.match_1","ASSERTED","(motive : Kant.Codec.Loss → Sort u_1) →   (x : Kant.Codec.Loss) →     (Unit → motive Kant.Codec.Loss.lossless) →       (Unit → motive Kant.Codec.Loss.lossy) →         (Unit → motive Kant.Codec.Loss.partialLoss) →           (Unit → motive Kant.Codec.Loss.failed) → motive x","L0;","O0;","L0;","L0;","L0;","L0;","L0;","L0;","S272;(motive : Kant.Codec.Loss → Sort u_1) →   (x : Kant.Codec.Loss) →     (Unit → motive Kant.Codec.Loss.lossless) →       (Unit → motive Kant.Codec.Loss.lossy) →         (Unit → motive Kant.Codec.Loss.partialLoss) →           (Unit → motive Kant.Codec.Loss.failed) → motive x","O7;13;source_systemS5;lean411;source_fileS36;RequestProject/Kant/Codec/Model.lean13;source_formatS4;text11;imported_atI+0;14;transformed_atI+0;15;transformationsL0;13;parent_objectS0;","0ee5d514d4e6c4786b5741a91a4bf5f340a9a1e1be48961614493cb167d5d9e1"
"obj.Kant.Uucp.toPart.eq_1","theorem","Kant.Uucp.toPart.eq_1","PROVEN","∀ (e : Kant.Clipboard.Envelope),   Eq (Kant.Uucp.toPart e)     (ite (Ne e.tag Kant.Uucp.tagPart) Option.none       (Kant.Uucp.toPart.match_1 (fun x => Option Kant.Sneakernet.Frame) e.fields         (fun s t p =>           Option.some             { seq := Kant.Text.bytesBEToNat s, total := Kant.Text.bytesBEToNat t, payload := p })         fun x => Option.none))","L0;","O0;","L0;","L0;","L1;S27;claim.Kant.Uucp.toPart.eq_1","L0;","L1;S27;proof.Kant.Uucp.toPart.eq_1","L0;","S362;∀ (e : Kant.Clipboard.Envelope),   Eq (Kant.Uucp.toPart e)     (ite (Ne e.tag Kant.Uucp.tagPart) Option.none       (Kant.Uucp.toPart.match_1 (fun x => Option Kant.Sneakernet.Frame) e.fields         (fun s t p =>           Option.some             { seq := Kant.Text.bytesBEToNat s, total := Kant.Text.bytesBEToNat t, payload := p })         fun x => Option.none))","O7;13;source_systemS5;lean411;source_fileS29;RequestProject/Kant/Uucp.lean13;source_formatS4;text11;imported_atI+0;14;transformed_atI+0;15;transformationsL0;13;parent_objectS0;","949a8bb6be360236ecfc9e38f82189897e14cc2e9cb4afe040d9a771a03b8a23"
"obj.Kant.Codec.instInhabitedIpdl","def","Kant.Codec.instInhabitedIpdl","ASSERTED","Inhabited Kant.Codec.Ipdl","L0;","O0;","L0;","L0;","L0;","L0;","L0;","L0;","S25;Inhabited Kant.Codec.Ipdl","O7;13;source_systemS5;lean411;source_fileS35;RequestProject/Kant/Codec/Ipdl.lean13;source_formatS4;text11;imported_atI+0;14;transformed_atI+48;15;transformationsL0;13;parent_objectS0;","bd0e8930ede0b069fe8d1be4b78f056660d66094e7fb0f2321707e55ae1a56a0"
"obj.Kant.Codec.importAny_status_of_decoded","theorem","Kant.Codec.importAny_status_of_decoded","PROVEN","∀ {declared : Option Kant.Codec.Fmt} {s : List Char} {v : Kant.Codec.Val} {o : Kant.Codec.Obj},   Eq (Kant.Codec.decodeAs (Kant.Codec.detect declared s) s) (Option.some v) →     Eq (Kant.Codec.Obj.ofVal v) (Option.some o) →       Eq (Kant.Codec.importAny declared s).status o.status","L2;S25;obj.Kant.Codec.Obj.statusS28;obj.Kant.Codec.Obj.procedure","O0;","L0;","L0;","L1;S44;claim.Kant.Codec.importAny_status_of_decoded","L0;","L1;S44;proof.Kant.Codec.importAny_status_of_decoded","L0;","S282;∀ {declared : Option Kant.Codec.Fmt} {s : List Char} {v : Kant.Codec.Val} {o : Kant.Codec.Obj},   Eq (Kant.Codec.decodeAs (Kant.Codec.detect declared s) s) (Option.some v) →     Eq (Kant.Codec.Obj.ofVal v) (Option.some o) →       Eq (Kant.Codec.importAny declared s).status o.status","O7;13;source_systemS5;lean411;source_fileS38;RequestProject/Kant/Codec/RawText.lean13;source_formatS4;text11;imported_atI+0;14;transformed_atI+382;15;transformationsL0;13;parent_objectS0;","9d4eb1e5a399156dc1b23e23fd8cc2b2ad982c41af825ac7e522d70fdbe1f28c"
"obj.Kant.Text.asciiBytes_cons","theorem","Kant.Text.asciiBytes_cons","PROVEN","∀ (c : Char) (cs : List Char),   Eq (Kant.Text.asciiBytes (List.cons c cs))     (List.cons (UInt8.ofNat c.toNat) (Kant.Text.asciiBytes cs))","L0;","O0;","L0;","L0;","L1;S31;claim.Kant.Text.asciiBytes_cons","L0;","L1;S31;proof.Kant.Text.asciiBytes_cons","L0;","S139;∀ (c : Char) (cs : List Char),   Eq (Kant.Text.asciiBytes (List.cons c cs))     (List.cons (UInt8.ofNat c.toNat) (Kant.Text.asciiBytes cs))","O7;13;source_systemS5;lean411;source_fileS29;RequestProject/Kant/Text.lean13;source_formatS4;text11;imported_atI+0;14;transformed_atI+54;15;transformationsL0;13;parent_objectS0;","3da8df5c691bc47bd0f7ee1dbf85803811f556fd9d20e3d96422e410da805e96"
"obj.Kant.Dom.Event.derivedBy.noConfusion","def","Kant.Dom.Event.derivedBy.noConfusion","ASSERTED","{P : Sort u} →   {proofId proofId' : Kant.Dom.Id} →     Eq (Kant.Dom.Event.derivedBy proofId) (Kant.Dom.Event.derivedBy proofId') →       (Eq proofId proofId' → P) → P","L1;S18;obj.Kant.Dom.Event","O0;","L0;","L0;","L0;","L0;","L0;","L0;","S167;{P : Sort u} →   {proofId proofId' : Kant.Dom.Id} →     Eq (Kant.Dom.Event.derivedBy proofId) (Kant.Dom.Event.derivedBy proofId') →       (Eq proofId proofId' → P) → P","O7;13;source_systemS5;lean411;source_fileS38;RequestProject/Kant/Domain/Policy.lean13;source_formatS4;text11;imported_atI+0;14;transformed_atI+36;15;transformationsL0;13;parent_objectS0;","75723724609c6bab5aa1d0e2434f04b0abe24f33ddf948a97fc6fe086bef34ee"
"obj.Kant.Dom.cellsText.eq_2","theorem","Kant.Dom.cellsText.eq_2","PROVEN","∀ (c : List Char),   Eq (Kant.Dom.cellsText (List.cons c List.nil))     (instHAppendOfAppend.hAppend (Kant.Codec.csvField c) (List.cons '\n' List.nil))","L0;","O0;","L0;","L0;","L1;S29;claim.Kant.Dom.cellsText.eq_2","L0;","L1;S29;proof.Kant.Dom.cellsText.eq_2","L0;","S151;∀ (c : List Char),   Eq (Kant.Dom.cellsText (List.cons c List.nil))     (instHAppendOfAppend.hAppend (Kant.Codec.csvField c) (List.cons '\n' List.nil))","O7;13;source_systemS5;lean411;source_fileS37;RequestProject/Kant/Domain/Table.lean13;source_formatS4;text11;imported_atI+0;14;transformed_atI+0;15;transformationsL0;13;parent_objectS0;","56ef037c79129119274dae726a10c406522dcf51f89c33cbbff26cef88b6ae78"
"obj.Kant.Connectivity.diagnose_eq_ok_iff","theorem","Kant.Connectivity.diagnose_eq_ok_iff","PROVEN","∀ (a b : Kant.Connectivity.Client),   Iff (Eq (Kant.Connectivity.diagnose a b) Kant.Connectivity.Verdict.ok)     (Kant.Connectivity.Linked a b)","L2;S33;obj.Kant.Connectivity.Client.roomS33;obj.Kant.Connectivity.SharedRelay","O0;","L0;","L0;","L1;S42;claim.Kant.Connectivity.diagnose_eq_ok_iff","L0;","L1;S42;proof.Kant.Connectivity.diagnose_eq_ok_iff","L0;","S143;∀ (a b : Kant.Connectivity.Client),   Iff (Eq (Kant.Connectivity.diagnose a b) Kant.Connectivity.Verdict.ok)     (Kant.Connectivity.Linked a b)","O7;13;source_systemS5;lean411;source_fileS37;RequestProject/Kant/Connectivity.lean13;source_formatS4;text11;imported_atI+0;14;transformed_atI+205;15;transformationsL0;13;parent_objectS0;","dc90b1a3cd2303cf152693e254cf08a416e037a2c17701fdbc7ffd20ae5f2132"
"obj.Kant.Onboarding.Event.recOn","def","Kant.Onboarding.Event.recOn","ASSERTED","{motive : Kant.Onboarding.Event → Sort u} →   (t : Kant.Onboarding.Event) →     ((s : Kant.Onboarding.Screen) → motive (Kant.Onboarding.Event.goto s)) →       motive Kant.Onboarding.Event.back →         motive Kant.Onboarding.Event.createRoom →           motive Kant.Onboarding.Event.copyLink →             motive Kant.Onboarding.Event.startCamera →               motive Kant.Onboarding.Event.stopCamera →                 ((t : List Char) → motive (Kant.Onboarding.Event.joinText t)) →                   motive Kant.Onboarding.Event.say →                     motive Kant.Onboarding.Event.leave →                       motive Kant.Onboarding.Event.hush →                         motive Kant.Onboarding.Event.unhush → motive t","L0;","O0;","L0;","L0;","L0;","L0;","L0;","L0;","S724;{motive : Kant.Onboarding.Event → Sort u} →   (t : Kant.Onboarding.Event) →     ((s : Kant.Onboarding.Screen) → motive (Kant.Onboarding.Event.goto s)) →       motive Kant.Onboarding.Event.back →         motive Kant.Onboarding.Event.createRoom →           motive Kant.Onboarding.Event.copyLink →             motive Kant.Onboarding.Event.startCamera →               motive Kant.Onboarding.Event.stopCamera →                 ((t : List Char) → motive (Kant.Onboarding.Event.joinText t)) →                   motive Kant.Onboarding.Event.say →                     motive Kant.Onboarding.Event.leave →                       motive Kant.Onboarding.Event.hush →                         motive Kant.Onboarding.Event.unhush → motive t","O7;13;source_systemS5;lean411;source_fileS35;RequestProject/Kant/Onboarding.lean13;source_formatS4;text11;imported_atI+0;14;transformed_atI+64;15;transformationsL0;13;parent_objectS0;","d6e6d567da49987e6ff7c077990da961e1f2286483869278b5bc512376bda29b"
"obj.Kant.Codec.digitChar","def","Kant.Codec.digitChar","ASSERTED","Nat → Char","L0;","O0;","L0;","L0;","L0;","L0;","L0;","L0;","S10;Nat → Char","O7;13;source_systemS5;lean411;source_fileS34;RequestProject/Kant/Codec/Val.lean13;source_formatS4;text11;imported_atI+0;14;transformed_atI+84;15;transformationsL0;13;parent_objectS0;","db0e61a428530905213e6d591754db8a0769f0934097ab27f2006a64789e088c"
"obj.Kant.Demo.briefQuote","def","Kant.Demo.briefQuote","ASSERTED","Kant.Repost.Quote","L0;","O0;","L0;","L0;","L0;","L0;","L0;","L0;","S17;Kant.Repost.Quote","O7;13;source_systemS5;lean411;source_fileS29;RequestProject/Kant/Demo.lean13;source_formatS4;text11;imported_atI+0;14;transformed_atI+236;15;transformationsL0;13;parent_objectS0;","294db528f8efa20b7f99b9a6eaf352d8c36431fa83852331020f5a9583a8c47e"
"obj.Kant.Wasm.Func.name","def","Kant.Wasm.Func.name","ASSERTED","Kant.Wasm.Func → String","L0;","O0;","L0;","L0;","L0;","L0;","L0;","L0;","S23;Kant.Wasm.Func → String","O7;13;source_systemS5;lean411;source_fileS31;RequestProject/Wasm/Syntax.lean13;source_formatS4;text11;imported_atI+0;14;transformed_atI+125;15;transformationsL0;13;parent_objectS0;","32b6760d46b594ea57e5eae0e23022e5e2b7cf424c3a733c85696fc94b928257"
"obj.Kant.Wasm.Module.wf_of_wfb","theorem","Kant.Wasm.Module.wf_of_wfb","PROVEN","∀ {m : Kant.Wasm.Module}, Eq m.wfb Bool.true → m.Wf","L0;","O0;","L0;","L0;","L1;S32;claim.Kant.Wasm.Module.wf_of_wfb","L0;","L1;S32;proof.Kant.Wasm.Module.wf_of_wfb","L0;","S51;∀ {m : Kant.Wasm.Module}, Eq m.wfb Bool.true → m.Wf","O7;13;source_systemS5;lean411;source_fileS31;RequestProject/Wasm/Syntax.lean13;source_formatS4;text11;imported_atI+0;14;transformed_atI+143;15;transformationsL0;13;parent_objectS0;","2d8684f5a2ab7ed45e0b28a186be7477e1b4556850fa523a1161bc2a55f4c26d"
"obj.Kant.Rendezvous.Address.mk.sizeOf_spec","theorem","Kant.Rendezvous.Address.mk.sizeOf_spec","PROVEN","∀ (transport : Kant.Sync.Source) (locator : List Char),   Eq (Kant.Rendezvous.Address._sizeOf_inst.sizeOf { transport := transport, locator := locator })     (instHAdd.hAdd (instHAdd.hAdd 1 (Kant.Sync.Source._sizeOf_inst.sizeOf transport))       ((List._sizeOf_inst Char).sizeOf locator))","L0;","O0;","L0;","L0;","L1;S44;claim.Kant.Rendezvous.Address.mk.sizeOf_spec","L0;","L1;S44;proof.Kant.Rendezvous.Address.mk.sizeOf_spec","L0;","S288;∀ (transport : Kant.Sync.Source) (locator : List Char),   Eq (Kant.Rendezvous.Address._sizeOf_inst.sizeOf { transport := transport, locator := locator })     (instHAdd.hAdd (instHAdd.hAdd 1 (Kant.Sync.Source._sizeOf_inst.sizeOf transport))       ((List._sizeOf_inst Char).sizeOf locator))","O7;13;source_systemS5;lean411;source_fileS35;RequestProject/Kant/Rendezvous.lean13;source_formatS4;text11;imported_atI+0;14;transformed_atI+0;15;transformationsL0;13;parent_objectS0;","8fe3437cf5f32228e26c6c0da2884f4b7e804fb87fcdb7bee28faae5aaa10011"
"obj.Kant.Codec.Ipdl.ctorElim","def","Kant.Codec.Ipdl.ctorElim","ASSERTED","{motive_1 : Kant.Codec.Ipdl → Sort u} →   (ctorIdx : Nat) →     (t : Kant.Codec.Ipdl) → Eq ctorIdx t.ctorIdx → Kant.Codec.Ipdl.ctorElimType ctorIdx → motive_1 t","L1;S27;obj.Kant.Codec.Ipdl.casesOn","O0;","L0;","L0;","L0;","L0;","L0;","L0;","S160;{motive_1 : Kant.Codec.Ipdl → Sort u} →   (ctorIdx : Nat) →     (t : Kant.Codec.Ipdl) → Eq ctorIdx t.ctorIdx → Kant.Codec.Ipdl.ctorElimType ctorIdx → motive_1 t","O7;13;source_systemS5;lean411;source_fileS35;RequestProject/Kant/Codec/Ipdl.lean13;source_formatS4;text11;imported_atI+0;14;transformed_atI+37;15;transformationsL0;13;parent_objectS0;","97d5a2931e78d84a1f8d445b484c5e5df60b4631eff3b4e4feff4b013d138dd7"
"obj.Kant.Handoff.script_serverless","theorem","Kant.Handoff.script_serverless","PROVEN","∀ (a b : Kant.Uucp.Node), Kant.Handoff.Serverless (Kant.Handoff.script a b)","L0;","O0;","L0;","L0;","L1;S36;claim.Kant.Handoff.script_serverless","L0;","L1;S36;proof.Kant.Handoff.script_serverless","L0;","S75;∀ (a b : Kant.Uucp.Node), Kant.Handoff.Serverless (Kant.Handoff.script a b)","O7;13;source_systemS5;lean411;source_fileS32;RequestProject/Kant/Handoff.lean13;source_formatS4;text11;imported_atI+0;14;transformed_atI+98;15;transformationsL0;13;parent_objectS0;","c1c19a3ef9e81552df95d400c6786d15dc1ed9626b5b1fccce180f80578579bf"
"obj.Kant.Codec.Obj.procedure","def","Kant.Codec.Obj.procedure","ASSERTED","Kant.Codec.Obj → List Char","L0;","O0;","L0;","L0;","L0;","L0;","L0;","L0;","S26;Kant.Codec.Obj → List Char","O7;13;source_systemS5;lean411;source_fileS36;RequestProject/Kant/Codec/Model.lean13;source_formatS4;text11;imported_atI+0;14;transformed_atI+460;15;transformationsL0;13;parent_objectS0;","6de096b27337ba69e9ed364a335a007e725ede1a36dbfbe30f7c165224550e48"
"obj.Kant.SiteCard.Config.Wf.origin","theorem","Kant.SiteCard.Config.Wf.origin","PROVEN","∀ {c : Kant.SiteCard.Config}, c.Wf → Kant.SiteCard.FieldOk c.origin","L0;","O0;","L0;","L0;","L1;S36;claim.Kant.SiteCard.Config.Wf.origin","L0;","L1;S36;proof.Kant.SiteCard.Config.Wf.origin","L0;","S67;∀ {c : Kant.SiteCard.Config}, c.Wf → Kant.SiteCard.FieldOk c.origin","O7;13;source_systemS5;lean411;source_fileS33;RequestProject/Kant/SiteCard.lean13;source_formatS4;text11;imported_atI+0;14;transformed_atI+158;15;transformationsL0;13;parent_objectS0;","874af109f72afd3be3e8ff390d29a3e8d5f01d27b2cfcfa16e9760c8f4f2042e"
"obj.Kant.Repost.toQuote.match_1","def","Kant.Repost.toQuote.match_1","ASSERTED","(motive : Option Kant.Paste → Option Kant.Paste → Sort u_1) →   (x x_1 : Option Kant.Paste) →     ((cp op : Kant.Paste) → motive (Option.some cp) (Option.some op)) →       ((x x_2 : Option Kant.Paste) → motive x x_2) → motive x x_1","L0;","O0;","L0;","L0;","L0;","L0;","L0;","L0;","S231;(motive : Option Kant.Paste → Option Kant.Paste → Sort u_1) →   (x x_1 : Option Kant.Paste) →     ((cp op : Kant.Paste) → motive (Option.some cp) (Option.some op)) →       ((x x_2 : Option Kant.Paste) → motive x x_2) → motive x x_1","O7;13;source_systemS5;lean411;source_fileS31;RequestProject/Kant/Repost.lean13;source_formatS4;text11;imported_atI+0;14;transformed_atI+0;15;transformationsL0;13;parent_objectS0;","9fe5ad588faa26185f20cbca095e38bb7e1c81b91ea2410ea611c963fefbff31"
"obj.Kant.Rendezvous.parseAddrField","def","Kant.Rendezvous.parseAddrField","ASSERTED","Kant.Bytes.Blob → Option Kant.Rendezvous.Address","L0;","O0;","L0;","L0;","L0;","L0;","L0;","L0;","S48;Kant.Bytes.Blob → Option Kant.Rendezvous.Address","O7;13;source_systemS5;lean411;source_fileS35;RequestProject/Kant/Rendezvous.lean13;source_formatS4;text11;imported_atI+0;14;transformed_atI+92;15;transformationsL0;13;parent_objectS0;","4bdfc86de8fdd7b25be7058ca451687504030229a25c8e6c81d03eb7a37fc7af"
"obj.Kant.Rendezvous.Invite.mk.sizeOf_spec","theorem","Kant.Rendezvous.Invite.mk.sizeOf_spec","PROVEN","∀ (relay : List Char) (secret : Kant.Bytes.Blob) (peer : List Char)   (addrs : List Kant.Rendezvous.Address),   Eq     (Kant.Rendezvous.Invite._sizeOf_inst.sizeOf       { relay := relay, secret := secret, peer := peer, addrs := addrs })     (instHAdd.hAdd       (instHAdd.hAdd         (instHAdd.hAdd (instHAdd.hAdd 1 ((List._sizeOf_inst Char).sizeOf relay))           ((List._sizeOf_inst UInt8).sizeOf secret))         ((List._sizeOf_inst Char).sizeOf peer))       ((List._sizeOf_inst Kant.Rendezvous.Address).sizeOf addrs))","L0;","O0;","L0;","L0;","L1;S43;claim.Kant.Rendezvous.Invite.mk.sizeOf_spec","L0;","L1;S43;proof.Kant.Rendezvous.Invite.mk.sizeOf_spec","L0;","S524;∀ (relay : List Char) (secret : Kant.Bytes.Blob) (peer : List Char)   (addrs : List Kant.Rendezvous.Address),   Eq     (Kant.Rendezvous.Invite._sizeOf_inst.sizeOf       { relay := relay, secret := secret, peer := peer, addrs := addrs })     (instHAdd.hAdd       (instHAdd.hAdd         (instHAdd.hAdd (instHAdd.hAdd 1 ((List._sizeOf_inst Char).sizeOf relay))           ((List._sizeOf_inst UInt8).sizeOf secret))         ((List._sizeOf_inst Char).sizeOf peer))       ((List._sizeOf_inst Kant.Rendezvous.Address).sizeOf addrs))","O7;13;source_systemS5;lean411;source_fileS35;RequestProject/Kant/Rendezvous.lean13;source_formatS4;text11;imported_atI+0;14;transformed_atI+0;15;transformationsL0;13;parent_objectS0;","e5bc55417a2e1a183293c6a32bed00934f0a7c8136b458a64a4abf3efd874831"
"obj.Kant.Wasm.BinOp.apply.eq_3","theorem","Kant.Wasm.BinOp.apply.eq_3","PROVEN","∀ (x x_1 : UInt64), Eq (Kant.Wasm.BinOp.mul.apply x x_1) (Option.some (instHMul.hMul x x_1))","L0;","O0;","L0;","L0;","L1;S32;claim.Kant.Wasm.BinOp.apply.eq_3","L0;","L1;S32;proof.Kant.Wasm.BinOp.apply.eq_3","L0;","S92;∀ (x x_1 : UInt64), Eq (Kant.Wasm.BinOp.mul.apply x x_1) (Option.some (instHMul.hMul x x_1))","O7;13;source_systemS5;lean411;source_fileS34;RequestProject/Wasm/Semantics.lean13;source_formatS4;text11;imported_atI+0;14;transformed_atI+0;15;transformationsL0;13;parent_objectS0;","23f09ddd6bd3545d25c1ef5744e586425e0d6633fe941d570180e99e7a72da7c"
"obj.Kant.Cli.instReprLoaded.repr.match_1","def","Kant.Cli.instReprLoaded.repr.match_1","ASSERTED","(motive : Kant.Cli.Loaded → Sort u_1) →   (x : Kant.Cli.Loaded) →     ((a : Kant.Rendezvous.Invite) → motive (Kant.Cli.Loaded.invitation a)) →       ((a : List Kant.Relay.Msg) → motive (Kant.Cli.Loaded.bag a)) →         (Unit → motive Kant.Cli.Loaded.nothing) → motive x","L0;","O0;","L0;","L0;","L0;","L0;","L0;","L0;","S270;(motive : Kant.Cli.Loaded → Sort u_1) →   (x : Kant.Cli.Loaded) →     ((a : Kant.Rendezvous.Invite) → motive (Kant.Cli.Loaded.invitation a)) →       ((a : List Kant.Relay.Msg) → motive (Kant.Cli.Loaded.bag a)) →         (Unit → motive Kant.Cli.Loaded.nothing) → motive x","O7;13;source_systemS5;lean411;source_fileS28;RequestProject/Kant/Cli.lean13;source_formatS4;text11;imported_atI+0;14;transformed_atI+0;15;transformationsL0;13;parent_objectS0;","3ede8265177090613fd821ffe4d78d8e03fc2f90da17d2b328806c2909700950"
"obj.Kant.Feed.thread_sound","theorem","Kant.Feed.thread_sound","PROVEN","∀ {root p : Kant.Paste} {ps : List Kant.Paste},   List.instMembership.mem (Kant.Feed.thread root ps) p →     Ne p root → Eq p.replyTo (Option.some root.witness)","L1;S29;obj.Kant.Feed.mem_replies_iff","O0;","L0;","L0;","L1;S28;claim.Kant.Feed.thread_sound","L0;","L1;S28;proof.Kant.Feed.thread_sound","L0;","S160;∀ {root p : Kant.Paste} {ps : List Kant.Paste},   List.instMembership.mem (Kant.Feed.thread root ps) p →     Ne p root → Eq p.replyTo (Option.some root.witness)","O7;13;source_systemS5;lean411;source_fileS29;RequestProject/Kant/Feed.lean13;source_formatS4;text11;imported_atI+0;14;transformed_atI+249;15;transformationsL0;13;parent_objectS0;","d33e04af5a0c51dfa6681d40551b6cc480c7bab84552d315a23438bb58ee04ca"
"obj.Kant.Connectivity.Client.room","def","Kant.Connectivity.Client.room","ASSERTED","Kant.Connectivity.Client → List Char","L0;","O0;","L0;","L0;","L0;","L0;","L0;","L0;","S36;Kant.Connectivity.Client → List Char","O7;13;source_systemS5;lean411;source_fileS37;RequestProject/Kant/Connectivity.lean13;source_formatS4;text11;imported_atI+0;14;transformed_atI+96;15;transformationsL0;13;parent_objectS0;","bc0055468dd362198bed88fb9d49eab6a576f3c1c491a6abe3d2e1cae7f74548"
"obj.Kant.Bytes.fnvOffset.eq_1","theorem","Kant.Bytes.fnvOffset.eq_1","PROVEN","Eq Kant.Bytes.fnvOffset 14695981039346656037","L0;","O0;","L0;","L0;","L1;S31;claim.Kant.Bytes.fnvOffset.eq_1","L0;","L1;S31;proof.Kant.Bytes.fnvOffset.eq_1","L0;","S44;Eq Kant.Bytes.fnvOffset 14695981039346656037","O7;13;source_systemS5;lean411;source_fileS35;RequestProject/Wasm/KernelSpec.lean13;source_formatS4;text11;imported_atI+0;14;transformed_atI+0;15;transformationsL0;13;parent_objectS0;","fa1916c753a5cc06eb1855aac9391c392aebbb38e81bae608382c7edc3239c93"
"obj.Kant.Demo.demoSite","def","Kant.Demo.demoSite","ASSERTED","Kant.Uucp.Site","L0;","O0;","L0;","L0;","L0;","L0;","L0;","L0;","S14;Kant.Uucp.Site","O7;13;source_systemS5;lean411;source_fileS29;RequestProject/Kant/Demo.lean13;source_formatS4;text11;imported_atI+0;14;transformed_atI+483;15;transformationsL0;13;parent_objectS0;","2d9ad2f561ebb5a42592f9ae4da61ff7d8d8f702c38360ca8a016fa1de94cc9d"
"obj.Kant.Dom.Decl.mk.injEq","theorem","Kant.Dom.Decl.mk.injEq","PROVEN","∀ (name kind file : List Char) (line : Nat) (statement : List Char) (sorried axiomsOk : Bool)   (deps : List (List Char)) (name_1 kind_1 file_1 : List Char) (line_1 : Nat)   (statement_1 : List Char) (sorried_1 axiomsOk_1 : Bool) (deps_1 : List (List Char)),   Eq     (Eq       { name := name, kind := kind, file := file, line := line, statement := statement,         sorried := sorried, axiomsOk := axiomsOk, deps := deps }       { name := name_1, kind := kind_1, file := file_1, line := line_1, statement := statement_1,         sorried := sorried_1, axiomsOk := axiomsOk_1, deps := deps_1 })     (And (Eq name name_1)       (And (Eq kind kind_1)         (And (Eq file file_1)           (And (Eq line line_1)             (And (Eq statement statement_1)               (And (Eq sorried sorried_1) (And (Eq axiomsOk axiomsOk_1) (Eq deps deps_1))))))))","L1;S17;obj.Kant.Dom.Decl","O0;","L0;","L0;","L1;S28;claim.Kant.Dom.Decl.mk.injEq","L0;","L1;S28;proof.Kant.Dom.Decl.mk.injEq","L0;","S850;∀ (name kind file : List Char) (line : Nat) (statement : List Char) (sorried axiomsOk : Bool)   (deps : List (List Char)) (name_1 kind_1 file_1 : List Char) (line_1 : Nat)   (statement_1 : List Char) (sorried_1 axiomsOk_1 : Bool) (deps_1 : List (List Char)),   Eq     (Eq       { name := name, kind := kind, file := file, line := line, statement := statement,         sorried := sorried, axiomsOk := axiomsOk, deps := deps }       { name := name_1, kind := kind_1, file := file_1, line := line_1, statement := statement_1,         sorried := sorried_1, axiomsOk := axiomsOk_1, deps := deps_1 })     (And (Eq name name_1)       (And (Eq kind kind_1)         (And (Eq file file_1)           (And (Eq line line_1)             (And (Eq statement statement_1)               (And (Eq sorried sorried_1) (And (Eq axiomsOk axiomsOk_1) (Eq deps deps_1))))))))","O7;13;source_systemS5;lean411;source_fileS39;RequestProject/Kant/Domain/Catalog.lean13;source_formatS4;text11;imported_atI+0;14;transformed_atI+0;15;transformationsL0;13;parent_objectS0;","f80de823acf8e866ad9d2400bfbb10590e0fb35a4d7514d060ae4544e77aa293"
"obj.Kant.Wasm.exec.match_3","def","Kant.Wasm.exec.match_3","ASSERTED","(motive : List Kant.Wasm.Instr → List UInt64 → Sort u_1) →   (x : List Kant.Wasm.Instr) →     (x_1 : List UInt64) →       ((st : List UInt64) → motive List.nil st) →         ((i : Kant.Wasm.Instr) →             (is : List Kant.Wasm.Instr) → (st : List UInt64) → motive (List.cons i is) st) →           motive x x_1","L0;","O0;","L0;","L0;","L0;","L0;","L0;","L0;","S314;(motive : List Kant.Wasm.Instr → List UInt64 → Sort u_1) →   (x : List Kant.Wasm.Instr) →     (x_1 : List UInt64) →       ((st : List UInt64) → motive List.nil st) →         ((i : Kant.Wasm.Instr) →             (is : List Kant.Wasm.Instr) → (st : List UInt64) → motive (List.cons i is) st) →           motive x x_1","O7;13;source_systemS5;lean411;source_fileS34;RequestProject/Wasm/Semantics.lean13;source_formatS4;text11;imported_atI+0;14;transformed_atI+0;15;transformationsL0;13;parent_objectS0;","ec42f6ee41fbf8286bcfe7492b123a1386f090d16bb106b6e7f606534713d991"
"obj.Kant.Dom.Evidence.toVal.eq_1","theorem","Kant.Dom.Evidence.toVal.eq_1","PROVEN","∀ (e : Kant.Dom.Evidence),   Eq e.toVal     (Kant.Codec.Val.obj       (List.cons { fst := ""id"".toList, snd := Kant.Codec.Val.str e.id }         (List.cons { fst := ""kind"".toList, snd := Kant.Codec.Val.str e.kind }           (List.cons { fst := ""object_ref"".toList, snd := Kant.Codec.Val.str e.objectRef }             (List.cons { fst := ""description"".toList, snd := Kant.Codec.Val.str e.description }               (List.cons { fst := ""location"".toList, snd := Kant.Codec.Val.str e.location }                 List.nil))))))","L0;","O0;","L0;","L0;","L1;S34;claim.Kant.Dom.Evidence.toVal.eq_1","L0;","L1;S34;proof.Kant.Dom.Evidence.toVal.eq_1","L0;","S523;∀ (e : Kant.Dom.Evidence),   Eq e.toVal     (Kant.Codec.Val.obj       (List.cons { fst := ""id"".toList, snd := Kant.Codec.Val.str e.id }         (List.cons { fst := ""kind"".toList, snd := Kant.Codec.Val.str e.kind }           (List.cons { fst := ""object_ref"".toList, snd := Kant.Codec.Val.str e.objectRef }             (List.cons { fst := ""description"".toList, snd := Kant.Codec.Val.str e.description }               (List.cons { fst := ""location"".toList, snd := Kant.Codec.Val.str e.location }                 List.nil))))))","O7;13;source_systemS5;lean411;source_fileS37;RequestProject/Kant/Domain/Model.lean13;source_formatS4;text11;imported_atI+0;14;transformed_atI+0;15;transformationsL0;13;parent_objectS0;","9f2a06d7e3f48d772be77a2df408c68c9b28d56451e4b2854de4bbe82b4a2c3a"
"obj.Kant.Wasm.Encode.typePayload","def","Kant.Wasm.Encode.typePayload","ASSERTED","Kant.Wasm.Module → Kant.Wasm.Encode.Bytes","L0;","O0;","L0;","L0;","L0;","L0;","L0;","L0;","S41;Kant.Wasm.Module → Kant.Wasm.Encode.Bytes","O7;13;source_systemS5;lean411;source_fileS31;RequestProject/Wasm/Encode.lean13;source_formatS4;text11;imported_atI+0;14;transformed_atI+93;15;transformationsL0;13;parent_objectS0;","0eb59690ce6f761d2032b17910a10b1a03f1afd9fa164c172d4dacb8970c5594"
"obj.Kant.Clipboard.Envelope.noConfusion","def","Kant.Clipboard.Envelope.noConfusion","ASSERTED","{P : Sort u} →   {t t' : Kant.Clipboard.Envelope} → Eq t t' → Kant.Clipboard.Envelope.noConfusionType P t t'","L0;","O0;","L0;","L0;","L0;","L0;","L0;","L0;","S108;{P : Sort u} →   {t t' : Kant.Clipboard.Envelope} → Eq t t' → Kant.Clipboard.Envelope.noConfusionType P t t'","O7;13;source_systemS5;lean411;source_fileS34;RequestProject/Kant/Clipboard.lean13;source_formatS4;text11;imported_atI+0;14;transformed_atI+41;15;transformationsL0;13;parent_objectS0;","48110a5c356eac1444dccaefecf0630fe04ef81abf04dfba4284f98cc4c6ba45"
"obj.Kant.Dom.Evid.reproduced.elim","def","Kant.Dom.Evid.reproduced.elim","ASSERTED","{motive : Kant.Dom.Evid → Sort u} →   (t : Kant.Dom.Evid) → Eq t.ctorIdx 3 → motive Kant.Dom.Evid.reproduced → motive t","L0;","O0;","L0;","L0;","L0;","L0;","L0;","L0;","S119;{motive : Kant.Dom.Evid → Sort u} →   (t : Kant.Dom.Evid) → Eq t.ctorIdx 3 → motive Kant.Dom.Evid.reproduced → motive t","O7;13;source_systemS5;lean411;source_fileS37;RequestProject/Kant/Domain/Model.lean13;source_formatS4;text11;imported_atI+0;14;transformed_atI+63;15;transformationsL0;13;parent_objectS0;","747905c2c157412421394d8bf461c20f127a45155908292a47e706101b1f6a55"
"obj.Kant.Wasm.Encode.i64Byte","def","Kant.Wasm.Encode.i64Byte","ASSERTED","UInt8","L0;","O0;","L0;","L0;","L0;","L0;","L0;","L0;","S5;UInt8","O7;13;source_systemS5;lean411;source_fileS31;RequestProject/Wasm/Encode.lean13;source_formatS4;text11;imported_atI+0;14;transformed_atI+48;15;transformationsL0;13;parent_objectS0;","075fe9c6d720b7ba96106d1f54bda91d7ffa75c3d91b81b4ec9ddd4c39019217"
"obj.Kant.Codec.Outp.recOn","def","Kant.Codec.Outp.recOn","ASSERTED","{motive : Kant.Codec.Outp → Sort u} →   (t : Kant.Codec.Outp) →     ((id name type : List Char) →         (value : Kant.Codec.Val) →           (encoding : List Char) →             (claims : List Kant.Codec.Val) →               (certificate : Kant.Codec.Val) →                 (provenance : Option Kant.Codec.Prov) →                   motive                     { id := id, name := name, type := type, value := value, encoding := encoding,                       claims := claims, certificate := certificate, provenance := provenance }) →       motive t","L0;","O0;","L0;","L0;","L0;","L0;","L0;","L0;","S551;{motive : Kant.Codec.Outp → Sort u} →   (t : Kant.Codec.Outp) →     ((id name type : List Char) →         (value : Kant.Codec.Val) →           (encoding : List Char) →             (claims : List Kant.Codec.Val) →               (certificate : Kant.Codec.Val) →                 (provenance : Option Kant.Codec.Prov) →                   motive                     { id := id, name := name, type := type, value := value, encoding := encoding,                       claims := claims, certificate := certificate, provenance := provenance }) →       motive t","O7;13;source_systemS5;lean411;source_fileS36;RequestProject/Kant/Codec/Model.lean13;source_formatS4;text11;imported_atI+0;14;transformed_atI+394;15;transformationsL0;13;parent_objectS0;","b236beaa3880ad492830c622d6e11d8638eb4719675933a308245d1af62dd5c0"
"obj.Kant.Dom.Summary.partiallyProven","def","Kant.Dom.Summary.partiallyProven","ASSERTED","Kant.Dom.Summary → Nat","L0;","O0;","L0;","L0;","L0;","L0;","L0;","L0;","S22;Kant.Dom.Summary → Nat","O7;13;source_systemS5;lean411;source_fileS38;RequestProject/Kant/Domain/Ledger.lean13;source_formatS4;text11;imported_atI+0;14;transformed_atI+238;15;transformationsL0;13;parent_objectS0;","ce70e02a55d91f92680cc0a98dbc4d559e124fa89da4064c0d81521c7bce108f"
"obj.Kant.Stego.byteBits.eq_1","theorem","Kant.Stego.byteBits.eq_1","PROVEN","∀ (n : Nat),   Eq (Kant.Stego.byteBits n)     (List.map       (fun i =>         instBEqOfDecidableEq.beq           (instHMod.hMod (instHDiv.hDiv n (instHPow.hPow 2 (instHSub.hSub 7 i))) 2) 1)       (List.range 8))","L0;","O0;","L0;","L0;","L1;S30;claim.Kant.Stego.byteBits.eq_1","L0;","L1;S30;proof.Kant.Stego.byteBits.eq_1","L0;","S213;∀ (n : Nat),   Eq (Kant.Stego.byteBits n)     (List.map       (fun i =>         instBEqOfDecidableEq.beq           (instHMod.hMod (instHDiv.hDiv n (instHPow.hPow 2 (instHSub.hSub 7 i))) 2) 1)       (List.range 8))","O7;13;source_systemS5;lean411;source_fileS30;RequestProject/Kant/Stego.lean13;source_formatS4;text11;imported_atI+0;14;transformed_atI+0;15;transformationsL0;13;parent_objectS0;","a3f7d583fdf5a6bd023c0555f521425a657780df18e0ef5f3969bd6f5d7081bc"
"obj.Kant.Codec.parseIntAll","def","Kant.Codec.parseIntAll","ASSERTED","List Char → Option Int","L0;","O0;","L0;","L0;","L0;","L0;","L0;","L0;","S22;List Char → Option Int","O7;13;source_systemS5;lean411;source_fileS34;RequestProject/Kant/Codec/Csv.lean13;source_formatS4;text11;imported_atI+0;14;transformed_atI+66;15;transformationsL0;13;parent_objectS0;","8f73f2ae50690262796329b84faddf6d0c890c7b475a7dd42dae370c209bf62f"
"obj.Kant.Repost.ofQuote.eq_1","theorem","Kant.Repost.ofQuote.eq_1","PROVEN","∀ (q : Kant.Repost.Quote),   Eq (Kant.Repost.ofQuote q)     { tag := Kant.Repost.tagQuote,       fields :=         List.cons (Kant.Text.asciiBytes (Kant.Clipboard.copyText q.comment))           (List.cons (Kant.Text.asciiBytes (Kant.Clipboard.copyText q.original)) List.nil) }","L0;","O0;","L0;","L0;","L1;S30;claim.Kant.Repost.ofQuote.eq_1","L0;","L1;S30;proof.Kant.Repost.ofQuote.eq_1","L0;","S276;∀ (q : Kant.Repost.Quote),   Eq (Kant.Repost.ofQuote q)     { tag := Kant.Repost.tagQuote,       fields :=         List.cons (Kant.Text.asciiBytes (Kant.Clipboard.copyText q.comment))           (List.cons (Kant.Text.asciiBytes (Kant.Clipboard.copyText q.original)) List.nil) }","O7;13;source_systemS5;lean411;source_fileS31;RequestProject/Kant/Repost.lean13;source_formatS4;text11;imported_atI+0;14;transformed_atI+0;15;transformationsL0;13;parent_objectS0;","25e6ecf38e86292dbfc0da8a096d3a2ab826bc1602c832d7a02a7e432a52cc24"
"obj.Kant.Clipboard.optField.match_1","def","Kant.Clipboard.optField.match_1","ASSERTED","(motive : Option (List Char) → Sort u_1) →   (x : Option (List Char)) →     (Unit → motive Option.none) → ((s : List Char) → motive (Option.some s)) → motive x","L0;","O0;","L0;","L0;","L0;","L0;","L0;","L0;","S159;(motive : Option (List Char) → Sort u_1) →   (x : Option (List Char)) →     (Unit → motive Option.none) → ((s : List Char) → motive (Option.some s)) → motive x","O7;13;source_systemS5;lean411;source_fileS34;RequestProject/Kant/Clipboard.lean13;source_formatS4;text11;imported_atI+0;14;transformed_atI+0;15;transformationsL0;13;parent_objectS0;","76027c9b4efc76eb37225258f6993d089f80e93acd4630c985875b800bc3ed36"
"obj.Kant.Dom.Cert.location","def","Kant.Dom.Cert.location","ASSERTED","Kant.Dom.Cert → List Char","L0;","O0;","L0;","L0;","L0;","L0;","L0;","L0;","S25;Kant.Dom.Cert → List Char","O7;13;source_systemS5;lean411;source_fileS37;RequestProject/Kant/Domain/Model.lean13;source_formatS4;text11;imported_atI+0;14;transformed_atI+244;15;transformationsL0;13;parent_objectS0;","3793314a0123ad0ce9d073f794ed183f941ad20e70c4a49a588e1924886f6b3d"
"obj.Kant.Wasm.Encode.codePayload.eq_1","theorem","Kant.Wasm.Encode.codePayload.eq_1","PROVEN","∀ (m : Kant.Wasm.Module),   Eq (Kant.Wasm.Encode.codePayload m)     (Kant.Wasm.Encode.vec (List.map Kant.Wasm.Encode.code m.funcs))","L0;","O0;","L0;","L0;","L1;S39;claim.Kant.Wasm.Encode.codePayload.eq_1","L0;","L1;S39;proof.Kant.Wasm.Encode.codePayload.eq_1","L0;","S131;∀ (m : Kant.Wasm.Module),   Eq (Kant.Wasm.Encode.codePayload m)     (Kant.Wasm.Encode.vec (List.map Kant.Wasm.Encode.code m.funcs))","O7;13;source_systemS5;lean411;source_fileS31;RequestProject/Wasm/Decode.lean13;source_formatS4;text11;imported_atI+0;14;transformed_atI+0;15;transformationsL0;13;parent_objectS0;","f4a2383894e5bc40ac77b0a5389019bb1be59a3f9ced73ee7a5cb93258ec2359"
"obj.Kant.Cli.Method.get.elim","def","Kant.Cli.Method.get.elim","ASSERTED","{motive : Kant.Cli.Method → Sort u} →   (t : Kant.Cli.Method) → Eq t.ctorIdx 0 → motive Kant.Cli.Method.get → motive t","L0;","O0;","L0;","L0;","L0;","L0;","L0;","L0;","S118;{motive : Kant.Cli.Method → Sort u} →   (t : Kant.Cli.Method) → Eq t.ctorIdx 0 → motive Kant.Cli.Method.get → motive t","O7;13;source_systemS5;lean411;source_fileS28;RequestProject/Kant/Cli.lean13;source_formatS4;text11;imported_atI+0;14;transformed_atI+144;15;transformationsL0;13;parent_objectS0;","33a548575d7ed915e4ee6d01aef6f752774562283d8427b789c6e22543dd57d4"
"obj.Kant.Diagnostics.Event.ctorIdx","def","Kant.Diagnostics.Event.ctorIdx","ASSERTED","Kant.Diagnostics.Event → Nat","L0;","O0;","L0;","L0;","L0;","L0;","L0;","L0;","S28;Kant.Diagnostics.Event → Nat","O7;13;source_systemS5;lean411;source_fileS36;RequestProject/Kant/Diagnostics.lean13;source_formatS4;text11;imported_atI+0;14;transformed_atI+0;15;transformationsL0;13;parent_objectS0;","24e0817bfa525f55d944c9db15ec7542eb3dc08492789d0f39e2acf2eccb496c"
"obj.Kant.Clipboard.parseOptField","def","Kant.Clipboard.parseOptField","ASSERTED","Kant.Bytes.Blob → Option (Option (List Char))","L0;","O0;","L0;","L0;","L0;","L0;","L0;","L0;","S45;Kant.Bytes.Blob → Option (Option (List Char))","O7;13;source_systemS5;lean411;source_fileS34;RequestProject/Kant/Clipboard.lean13;source_formatS4;text11;imported_atI+0;14;transformed_atI+122;15;transformationsL0;13;parent_objectS0;","ff2006ce6876a6699e5ef8661e6c6306ecb5018f266ed26324e97b70f4337a00"
"obj.Kant.Rendezvous.Announce.ctorIdx","def","Kant.Rendezvous.Announce.ctorIdx","ASSERTED","Kant.Rendezvous.Announce → Nat","L0;","O0;","L0;","L0;","L0;","L0;","L0;","L0;","S30;Kant.Rendezvous.Announce → Nat","O7;13;source_systemS5;lean411;source_fileS35;RequestProject/Kant/Rendezvous.lean13;source_formatS4;text11;imported_atI+0;14;transformed_atI+0;15;transformationsL0;13;parent_objectS0;","6cdcf5fdf416dc57b3627e66114facb4be70cad333d88dbd8bfe0b883261fe4a"
"obj.Kant.Paste.mk.injEq","theorem","Kant.Paste.mk.injEq","PROVEN","∀ (id title : List Char) (content : Kant.Bytes.Blob) (timestamp : List Char)   (replyTo : Option (List Char)) (id_1 title_1 : List Char) (content_1 : Kant.Bytes.Blob)   (timestamp_1 : List Char) (replyTo_1 : Option (List Char)),   Eq     (Eq { id := id, title := title, content := content, timestamp := timestamp, replyTo := replyTo }       { id := id_1, title := title_1, content := content_1, timestamp := timestamp_1,         replyTo := replyTo_1 })     (And (Eq id id_1)       (And (Eq title title_1)         (And (Eq content content_1) (And (Eq timestamp timestamp_1) (Eq replyTo replyTo_1)))))","L0;","O0;","L0;","L0;","L1;S25;claim.Kant.Paste.mk.injEq","L0;","L1;S25;proof.Kant.Paste.mk.injEq","L0;","S599;∀ (id title : List Char) (content : Kant.Bytes.Blob) (timestamp : List Char)   (replyTo : Option (List Char)) (id_1 title_1 : List Char) (content_1 : Kant.Bytes.Blob)   (timestamp_1 : List Char) (replyTo_1 : Option (List Char)),   Eq     (Eq { id := id, title := title, content := content, timestamp := timestamp, replyTo := replyTo }       { id := id_1, title := title_1, content := content_1, timestamp := timestamp_1,         replyTo := replyTo_1 })     (And (Eq id id_1)       (And (Eq title title_1)         (And (Eq content content_1) (And (Eq timestamp timestamp_1) (Eq replyTo replyTo_1)))))","O7;13;source_systemS5;lean411;source_fileS30;RequestProject/Kant/Paste.lean13;source_formatS4;text11;imported_atI+0;14;transformed_atI+0;15;transformationsL0;13;parent_objectS0;","1d60f731b6da0151ddaf20bcdbabc276ee4fc1a97e6274738de5d509fb767428"
"obj.Kant.Dom.declProof","def","Kant.Dom.declProof","ASSERTED","Kant.Dom.Decl → Kant.Dom.ProofRec","L3;S17;obj.Kant.Dom.DeclS22;obj.Kant.Dom.proofIdOfS22;obj.Kant.Dom.Decl.file","O0;","L0;","L0;","L0;","L0;","L0;","L0;","S33;Kant.Dom.Decl → Kant.Dom.ProofRec","O7;13;source_systemS5;lean411;source_fileS39;RequestProject/Kant/Domain/Catalog.lean13;source_formatS4;text11;imported_atI+0;14;transformed_atI+128;15;transformationsL0;13;parent_objectS0;","42c5cb4e48c0d1d470deb1b48ef8975720ff9d0df8a71d9a6dd8aa566e942edd"
"obj.Kant.Sheaf.instReprDaslType.repr","def","Kant.Sheaf.instReprDaslType.repr","ASSERTED","Kant.Sheaf.DaslType → Nat → Std.Format","L0;","O0;","L0;","L0;","L0;","L0;","L0;","L0;","S38;Kant.Sheaf.DaslType → Nat → Std.Format","O7;13;source_systemS5;lean411;source_fileS30;RequestProject/Kant/Sheaf.lean13;source_formatS4;text11;imported_atI+0;14;transformed_atI+34;15;transformationsL0;13;parent_objectS0;","4836dd1fce2e4a611b68e0dc301ffaee63ae0de8d569febbe8b88e6155f1ed28"
"obj.Kant.Connectivity.Client.casesOn","def","Kant.Connectivity.Client.casesOn","ASSERTED","{motive : Kant.Connectivity.Client → Sort u} →   (t : Kant.Connectivity.Client) →     ((room : List Char) →         (reach : Kant.Connectivity.Reachability) →           (bus : Bool) →             (browser : Nat) →               motive { room := room, reach := reach, bus := bus, browser := browser }) →       motive t","L0;","O0;","L0;","L0;","L0;","L0;","L0;","L0;","S317;{motive : Kant.Connectivity.Client → Sort u} →   (t : Kant.Connectivity.Client) →     ((room : List Char) →         (reach : Kant.Connectivity.Reachability) →           (bus : Bool) →             (browser : Nat) →               motive { room := room, reach := reach, bus := bus, browser := browser }) →       motive t","O7;13;source_systemS5;lean411;source_fileS37;RequestProject/Kant/Connectivity.lean13;source_formatS4;text11;imported_atI+0;14;transformed_atI+93;15;transformationsL0;13;parent_objectS0;","7c56623557f7c77f1651ec546d94a76c5bdb55af6c15ed059905b40785577af2"
"obj.Kant.Wasm.CmpOp.ctorElim","def","Kant.Wasm.CmpOp.ctorElim","ASSERTED","{motive : Kant.Wasm.CmpOp → Sort u} →   (ctorIdx : Nat) →     (t : Kant.Wasm.CmpOp) → Eq ctorIdx t.ctorIdx → Kant.Wasm.CmpOp.ctorElimType ctorIdx → motive t","L0;","O0;","L0;","L0;","L0;","L0;","L0;","L0;","S156;{motive : Kant.Wasm.CmpOp → Sort u} →   (ctorIdx : Nat) →     (t : Kant.Wasm.CmpOp) → Eq ctorIdx t.ctorIdx → Kant.Wasm.CmpOp.ctorElimType ctorIdx → motive t","O7;13;source_systemS5;lean411;source_fileS31;RequestProject/Wasm/Syntax.lean13;source_formatS4;text11;imported_atI+0;14;transformed_atI+30;15;transformationsL0;13;parent_objectS0;","0d3fc08ffe323292c539130dd882a04525826aa7d0889b8ce92c737abe589a3f"
"obj.Kant.Codec.instDecidableEqRow.decEq.match_1","def","Kant.Codec.instDecidableEqRow.decEq.match_1","ASSERTED","(motive : Kant.Codec.Row → Kant.Codec.Row → Sort u_1) →   (x x_1 : Kant.Codec.Row) →     ((a a_1 a_2 a_3 a_4 a_5 b b_1 b_2 b_3 b_4 b_5 : List Char) →         motive           { objectId := a, objectType := a_1, field := a_2, value := a_3, valueType := a_4,             parentId := a_5 }           { objectId := b, objectType := b_1, field := b_2, value := b_3, valueType := b_4,             parentId := b_5 }) →       motive x x_1","L0;","O0;","L0;","L0;","L0;","L0;","L0;","L0;","S430;(motive : Kant.Codec.Row → Kant.Codec.Row → Sort u_1) →   (x x_1 : Kant.Codec.Row) →     ((a a_1 a_2 a_3 a_4 a_5 b b_1 b_2 b_3 b_4 b_5 : List Char) →         motive           { objectId := a, objectType := a_1, field := a_2, value := a_3, valueType := a_4,             parentId := a_5 }           { objectId := b, objectType := b_1, field := b_2, value := b_3, valueType := b_4,             parentId := b_5 }) →       motive x x_1","O7;13;source_systemS5;lean411;source_fileS34;RequestProject/Kant/Codec/Csv.lean13;source_formatS4;text11;imported_atI+0;14;transformed_atI+0;15;transformationsL0;13;parent_objectS0;","a487e96a46eba4d27744f24e6f11dcf57627ab5edeea480c5bb9ba88ba48978f"
"obj.Kant.Codec.readXUntil.eq_def","theorem","Kant.Codec.readXUntil.eq_def","PROVEN","∀ (term : Char) (x : List Char),   Eq (Kant.Codec.readXUntil term x)     (Kant.Codec.readXUntil.match_1 (fun x => Option (Prod (List Char) (List Char))) x       (fun _ => Option.some { fst := List.nil, snd := List.nil })       (fun rest =>         Option.map (fun p => { fst := List.cons '&' p.fst, snd := p.snd })           (Kant.Codec.readXUntil term rest))       (fun rest =>         Option.map (fun p => { fst := List.cons '<' p.fst, snd := p.snd })           (Kant.Codec.readXUntil term rest))       (fun rest =>         Option.map (fun p => { fst := List.cons '>' p.fst, snd := p.snd })           (Kant.Codec.readXUntil term rest))       (fun rest =>         Option.map (fun p => { fst := List.cons '\""' p.fst, snd := p.snd })           (Kant.Codec.readXUntil term rest))       (fun rest =>         Option.map (fun p => { fst := List.cons '\'' p.fst, snd := p.snd })           (Kant.Codec.readXUntil term rest))       (fun tail => Option.none) fun c rest =>       ite (Eq c term) (Option.some { fst := List.nil, snd := List.cons c rest })         (Option.map (fun p => { fst := List.cons c p.fst, snd := p.snd })           (Kant.Codec.readXUntil term rest)))","L0;","O0;","L0;","L0;","L1;S34;claim.Kant.Codec.readXUntil.eq_def","L0;","L1;S34;proof.Kant.Codec.readXUntil.eq_def","L0;","S1164;∀ (term : Char) (x : List Char),   Eq (Kant.Codec.readXUntil term x)     (Kant.Codec.readXUntil.match_1 (fun x => Option (Prod (List Char) (List Char))) x       (fun _ => Option.some { fst := List.nil, snd := List.nil })       (fun rest =>         Option.map (fun p => { fst := List.cons '&' p.fst, snd := p.snd })           (Kant.Codec.readXUntil term rest))       (fun rest =>         Option.map (fun p => { fst := List.cons '<' p.fst, snd := p.snd })           (Kant.Codec.readXUntil term rest))       (fun rest =>         Option.map (fun p => { fst := List.cons '>' p.fst, snd := p.snd })           (Kant.Codec.readXUntil term rest))       (fun rest =>         Option.map (fun p => { fst := List.cons '\""' p.fst, snd := p.snd })           (Kant.Codec.readXUntil term rest))       (fun rest =>         Option.map (fun p => { fst := List.cons '\'' p.fst, snd := p.snd })           (Kant.Codec.readXUntil term rest))       (fun tail => Option.none) fun c rest =>       ite (Eq c term) (Option.some { fst := List.nil, snd := List.cons c rest })         (Option.map (fun p => { fst := List.cons c p.fst, snd := p.snd })           (Kant.Codec.readXUntil term rest)))","O7;13;source_systemS5;lean411;source_fileS34;RequestProject/Kant/Codec/Xml.lean13;source_formatS4;text11;imported_atI+0;14;transformed_atI+0;15;transformationsL0;13;parent_objectS0;","d58af50a595b3546745c8ebe83219ed1698065cc14c554707698e6a9513b9c4b"
"obj.Kant.Sneakernet.Frame.mk.inj","theorem","Kant.Sneakernet.Frame.mk.inj","PROVEN","∀ {seq total : Nat} {payload : Kant.Bytes.Blob} {seq_1 total_1 : Nat} {payload_1 : Kant.Bytes.Blob},   Eq { seq := seq, total := total, payload := payload }       { seq := seq_1, total := total_1, payload := payload_1 } →     And (Eq seq seq_1) (And (Eq total total_1) (Eq payload payload_1))","L0;","O0;","L0;","L0;","L1;S34;claim.Kant.Sneakernet.Frame.mk.inj","L0;","L1;S34;proof.Kant.Sneakernet.Frame.mk.inj","L0;","S292;∀ {seq total : Nat} {payload : Kant.Bytes.Blob} {seq_1 total_1 : Nat} {payload_1 : Kant.Bytes.Blob},   Eq { seq := seq, total := total, payload := payload }       { seq := seq_1, total := total_1, payload := payload_1 } →     And (Eq seq seq_1) (And (Eq total total_1) (Eq payload payload_1))","O7;13;source_systemS5;lean411;source_fileS35;RequestProject/Kant/Sneakernet.lean13;source_formatS4;text11;imported_atI+0;14;transformed_atI+0;15;transformationsL0;13;parent_objectS0;","ef2d507e4b3ea90bfc3084aeac7c85a8abad14cbcf0e25e14f4a25ca996ff07e"
"obj.Kant.Dom.Claim.casesOn","def","Kant.Dom.Claim.casesOn","ASSERTED","{motive : Kant.Dom.Claim → Sort u} →   (t : Kant.Dom.Claim) →     ((id objectRef : Kant.Dom.Id) →         (text : List Char) →           (truth : Kant.Dom.Truth) →             (proofRefs : List Kant.Dom.Id) →               motive                 { id := id, objectRef := objectRef, text := text, truth := truth,                   proofRefs := proofRefs }) →       motive t","L0;","O0;","L0;","L0;","L0;","L0;","L0;","L0;","S372;{motive : Kant.Dom.Claim → Sort u} →   (t : Kant.Dom.Claim) →     ((id objectRef : Kant.Dom.Id) →         (text : List Char) →           (truth : Kant.Dom.Truth) →             (proofRefs : List Kant.Dom.Id) →               motive                 { id := id, objectRef := objectRef, text := text, truth := truth,                   proofRefs := proofRefs }) →       motive t","O7;13;source_systemS5;lean411;source_fileS37;RequestProject/Kant/Domain/Model.lean13;source_formatS4;text11;imported_atI+0;14;transformed_atI+431;15;transformationsL0;13;parent_objectS0;","b00518949ca3c74cffd342fc51dbf8fffa9caee55ec44ac2b9c7b006dc0515d5"
"obj.Kant.Codec.Ipdl.str.injEq","theorem","Kant.Codec.Ipdl.str.injEq","PROVEN","∀ (s s_1 : List Char), Eq (Eq (Kant.Codec.Ipdl.str s) (Kant.Codec.Ipdl.str s_1)) (Eq s s_1)","L0;","O0;","L0;","L0;","L1;S31;claim.Kant.Codec.Ipdl.str.injEq","L0;","L1;S31;proof.Kant.Codec.Ipdl.str.injEq","L0;","S91;∀ (s s_1 : List Char), Eq (Eq (Kant.Codec.Ipdl.str s) (Kant.Codec.Ipdl.str s_1)) (Eq s s_1)","O7;13;source_systemS5;lean411;source_fileS35;RequestProject/Kant/Codec/Ipdl.lean13;source_formatS4;text11;imported_atI+0;14;transformed_atI+0;15;transformationsL0;13;parent_objectS0;","59928a940dcb77502702795c87c9860373a6c4e388e19e1ed83efa2574e63311"
"obj.Kant.PlainText.metaOf_copyPlainWithMeta","theorem","Kant.PlainText.metaOf_copyPlainWithMeta","PROVEN","∀ {c : Kant.SiteCard.Config} {p : Kant.Paste},   (Kant.PlainText.metaFor c p).Wf →     (∀ (l : List Char),         List.instMembership.mem (Kant.PlainText.lines (Kant.PlainText.plainText p)) l →           Ne l Kant.PlainText.sigMark) →       Eq (Kant.PlainText.metaOf (Kant.PlainText.copyPlainWithMeta c p))         (Option.some (Kant.PlainText.metaFor c p))","L2;S26;obj.Kant.PlainText.metaForS32;obj.Kant.PlainText.metaOf_render","O0;","L0;","L0;","L1;S45;claim.Kant.PlainText.metaOf_copyPlainWithMeta","L0;","L1;S45;proof.Kant.PlainText.metaOf_copyPlainWithMeta","L0;","S358;∀ {c : Kant.SiteCard.Config} {p : Kant.Paste},   (Kant.PlainText.metaFor c p).Wf →     (∀ (l : List Char),         List.instMembership.mem (Kant.PlainText.lines (Kant.PlainText.plainText p)) l →           Ne l Kant.PlainText.sigMark) →       Eq (Kant.PlainText.metaOf (Kant.PlainText.copyPlainWithMeta c p))         (Option.some (Kant.PlainText.metaFor c p))","O7;13;source_systemS5;lean411;source_fileS34;RequestProject/Kant/PlainText.lean13;source_formatS4;text11;imported_atI+0;14;transformed_atI+334;15;transformationsL0;13;parent_objectS0;","80a06bc87f45acbd73875f530de6ef5afdc2a048500563d75c64e5437a3f4824"
"obj.Kant.Wasm.Kernel.eval_mkCidE","theorem","Kant.Wasm.Kernel.eval_mkCidE","PROVEN","∀ (t p : UInt64),   instLTNat.lt t.toNat 16 →     instLTNat.lt p.toNat (instHPow.hPow 2 44) →       Eq         (Option.map UInt64.toNat           (Kant.Wasm.Expr.eval (List.cons t (List.cons p List.nil)) Kant.Wasm.Kernel.mkCidE))         (Option.some (Kant.Dasl.mkCid t.toNat p.toNat))","L1;S23;obj.Kant.Wasm.Expr.eval","O0;","L0;","L0;","L1;S34;claim.Kant.Wasm.Kernel.eval_mkCidE","L0;","L1;S34;proof.Kant.Wasm.Kernel.eval_mkCidE","L0;","S285;∀ (t p : UInt64),   instLTNat.lt t.toNat 16 →     instLTNat.lt p.toNat (instHPow.hPow 2 44) →       Eq         (Option.map UInt64.toNat           (Kant.Wasm.Expr.eval (List.cons t (List.cons p List.nil)) Kant.Wasm.Kernel.mkCidE))         (Option.some (Kant.Dasl.mkCid t.toNat p.toNat))","O7;13;source_systemS5;lean411;source_fileS35;RequestProject/Wasm/KernelSpec.lean13;source_formatS4;text11;imported_atI+0;14;transformed_atI+165;15;transformationsL0;13;parent_objectS0;","db2324b32f76bf237b210ebc6613e080c0847a50b0407a190c548d7c17d42ac6"
"obj.Kant.Dom.Domain.hash_length","theorem","Kant.Dom.Domain.hash_length","PROVEN","∀ (d : Kant.Dom.Domain), Eq d.hash.length 64","L0;","O0;","L0;","L0;","L1;S33;claim.Kant.Dom.Domain.hash_length","L0;","L1;S33;proof.Kant.Dom.Domain.hash_length","L0;","S44;∀ (d : Kant.Dom.Domain), Eq d.hash.length 64","O7;13;source_systemS5;lean411;source_fileS37;RequestProject/Kant/Domain/Model.lean13;source_formatS4;text11;imported_atI+0;14;transformed_atI+670;15;transformationsL0;13;parent_objectS0;","5fe0feb37695d3f02a7fce1daf4e3f933e240c1a07b5219e8d239852256ee2d1"
"obj.Kant.Diagnostics.toEvent_ofEvent","theorem","Kant.Diagnostics.toEvent_ofEvent","PROVEN","∀ {e : Kant.Diagnostics.Event},   e.Wire → Eq (Kant.Diagnostics.toEvent (Kant.Diagnostics.ofEvent e)) (Option.some e)","L1;S36;obj.Kant.Diagnostics.areaOfCode_code","O0;","L0;","L0;","L1;S38;claim.Kant.Diagnostics.toEvent_ofEvent","L0;","L1;S38;proof.Kant.Diagnostics.toEvent_ofEvent","L0;","S117;∀ {e : Kant.Diagnostics.Event},   e.Wire → Eq (Kant.Diagnostics.toEvent (Kant.Diagnostics.ofEvent e)) (Option.some e)","O7;13;source_systemS5;lean411;source_fileS36;RequestProject/Kant/Diagnostics.lean13;source_formatS4;text11;imported_atI+0;14;transformed_atI+184;15;transformationsL0;13;parent_objectS0;","3594f9b772ed25e2cd6393cc0d45d475e5a4efa988ae289c6ec5a039a051599f"
"obj.Kant.Codec.recover.match_1","def","Kant.Codec.recover.match_1","ASSERTED","(motive : Kant.Codec.Val → Sort u_1) →   (x : Kant.Codec.Val) →     (Unit → motive Kant.Codec.Val.null) →       ((b : Bool) → motive (Kant.Codec.Val.bool b)) →         ((n : Int) → motive (Kant.Codec.Val.int n)) →           ((s : List Char) → motive (Kant.Codec.Val.str s)) →             ((xs : List Kant.Codec.Val) → motive (Kant.Codec.Val.list xs)) →               ((fs : List (Prod (List Char) Kant.Codec.Val)) → motive (Kant.Codec.Val.obj fs)) →                 motive x","L0;","O0;","L0;","L0;","L0;","L0;","L0;","L0;","S474;(motive : Kant.Codec.Val → Sort u_1) →   (x : Kant.Codec.Val) →     (Unit → motive Kant.Codec.Val.null) →       ((b : Bool) → motive (Kant.Codec.Val.bool b)) →         ((n : Int) → motive (Kant.Codec.Val.int n)) →           ((s : List Char) → motive (Kant.Codec.Val.str s)) →             ((xs : List Kant.Codec.Val) → motive (Kant.Codec.Val.list xs)) →               ((fs : List (Prod (List Char) Kant.Codec.Val)) → motive (Kant.Codec.Val.obj fs)) →                 motive x","O7;13;source_systemS5;lean411;source_fileS35;RequestProject/Kant/Codec/Ipdl.lean13;source_formatS4;text11;imported_atI+0;14;transformed_atI+0;15;transformationsL0;13;parent_objectS0;","be3cf1d15afc8f758ca6c48e94b6392a06e5f5f8d365a5ef0bcef4574b130874"
"obj.Kant.Codec.Envelope.mk.injEq","theorem","Kant.Codec.Envelope.mk.injEq","PROVEN","∀ (schemaVersion codecVersion source destination : List Char) (timestamp : Nat)   (objectId payload : List Char) (payloadFormat : Kant.Codec.Fmt)   (inputs outputs claims certificates : List Kant.Codec.Val) (diagnostics : List Kant.Codec.Err)   (transformations : List Kant.Codec.Trans)   (integrity schemaVersion_1 codecVersion_1 source_1 destination_1 : List Char) (timestamp_1 : Nat)   (objectId_1 payload_1 : List Char) (payloadFormat_1 : Kant.Codec.Fmt)   (inputs_1 outputs_1 claims_1 certificates_1 : List Kant.Codec.Val)   (diagnostics_1 : List Kant.Codec.Err) (transformations_1 : List Kant.Codec.Trans)   (integrity_1 : List Char),   Eq     (Eq       { schemaVersion := schemaVersion, codecVersion := codecVersion, source := source,         destination := destination, timestamp := timestamp, objectId := objectId,         payload := payload, payloadFormat := payloadFormat, inputs := inputs, outputs := outputs,         claims := claims, certificates := certificates, diagnostics := diagnostics,         transformations := transformations, integrity := integrity }       { schemaVersion := schemaVersion_1, codecVersion := codecVersion_1, source := source_1,         destination := destination_1, timestamp := timestamp_1, objectId := objectId_1,         payload := payload_1, payloadFormat := payloadFormat_1, inputs := inputs_1,         outputs := outputs_1, claims := claims_1, certificates := certificates_1,         diagnostics := diagnostics_1, transformations := transformations_1,         integrity := integrity_1 })     (And (Eq schemaVersion schemaVersion_1)       (And (Eq codecVersion codecVersion_1)         (And (Eq source source_1)           (And (Eq destination destination_1)             (And (Eq timestamp timestamp_1)               (And (Eq objectId objectId_1)                 (And (Eq payload payload_1)                   (And (Eq payloadFormat payloadFormat_1)                     (And (Eq inputs inputs_1)                       (And (Eq outputs outputs_1)                         (And (Eq claims claims_1)                           (And (Eq certificates certificates_1)                             (And (Eq diagnostics diagnostics_1)                               (And (Eq transformations transformations_1)                                 (Eq integrity integrity_1)))))))))))))))","L0;","O0;","L0;","L0;","L1;S34;claim.Kant.Codec.Envelope.mk.injEq","L0;","L1;S34;proof.Kant.Codec.Envelope.mk.injEq","L0;","S2313;∀ (schemaVersion codecVersion source destination : List Char) (timestamp : Nat)   (objectId payload : List Char) (payloadFormat : Kant.Codec.Fmt)   (inputs outputs claims certificates : List Kant.Codec.Val) (diagnostics : List Kant.Codec.Err)   (transformations : List Kant.Codec.Trans)   (integrity schemaVersion_1 codecVersion_1 source_1 destination_1 : List Char) (timestamp_1 : Nat)   (objectId_1 payload_1 : List Char) (payloadFormat_1 : Kant.Codec.Fmt)   (inputs_1 outputs_1 claims_1 certificates_1 : List Kant.Codec.Val)   (diagnostics_1 : List Kant.Codec.Err) (transformations_1 : List Kant.Codec.Trans)   (integrity_1 : List Char),   Eq     (Eq       { schemaVersion := schemaVersion, codecVersion := codecVersion, source := source,         destination := destination, timestamp := timestamp, objectId := objectId,         payload := payload, payloadFormat := payloadFormat, inputs := inputs, outputs := outputs,         claims := claims, certificates := certificates, diagnostics := diagnostics,         transformations := transformations, integrity := integrity }       { schemaVersion := schemaVersion_1, codecVersion := codecVersion_1, source := source_1,         destination := destination_1, timestamp := timestamp_1, objectId := objectId_1,         payload := payload_1, payloadFormat := payloadFormat_1, inputs := inputs_1,         outputs := outputs_1, claims := claims_1, certificates := certificates_1,         diagnostics := diagnostics_1, transformations := transformations_1,         integrity := integrity_1 })     (And (Eq schemaVersion schemaVersion_1)       (And (Eq codecVersion codecVersion_1)         (And (Eq source source_1)           (And (Eq destination destination_1)             (And (Eq timestamp timestamp_1)               (And (Eq objectId objectId_1)                 (And (Eq payload payload_1)                   (And (Eq payloadFormat payloadFormat_1)                     (And (Eq inputs inputs_1)                       (And (Eq outputs outputs_1)                         (And (Eq claims claims_1)                           (And (Eq certificates certificates_1)                             (And (Eq diagnostics diagnostics_1)                               (And (Eq transformations transformations_1)                                 (Eq integrity integrity_1)))))))))))))))","O7;13;source_systemS5;lean411;source_fileS39;RequestProject/Kant/Codec/Exchange.lean13;source_formatS4;text11;imported_atI+0;14;transformed_atI+0;15;transformationsL0;13;parent_objectS0;","48f7da3e47cdfadf9028a0a17215bb1cccb1e86e1f705965ffa19969e4264e32"
"obj.Kant.Codec.importAny_sourceData","theorem","Kant.Codec.importAny_sourceData","PROVEN","∀ (declared : Option Kant.Codec.Fmt) (s : List Char),   Eq (Kant.Codec.importAny declared s).sourceData s","L3;S29;obj.Kant.Codec.Obj.sourceDataS28;obj.Kant.Codec.Obj.procedureS25;obj.Kant.Codec.Obj.status","O0;","L0;","L0;","L1;S37;claim.Kant.Codec.importAny_sourceData","L0;","L1;S37;proof.Kant.Codec.importAny_sourceData","L0;","S105;∀ (declared : Option Kant.Codec.Fmt) (s : List Char),   Eq (Kant.Codec.importAny declared s).sourceData s","O7;13;source_systemS5;lean411;source_fileS38;RequestProject/Kant/Codec/RawText.lean13;source_formatS4;text11;imported_atI+0;14;transformed_atI+358;15;transformationsL0;13;parent_objectS0;","e36dd78ea182a740e4368ab2674fb63b8cc301027a39f7665981286f9deee011"
"obj.Kant.Codec.yFields.eq_def","theorem","Kant.Codec.yFields.eq_def","PROVEN","∀ (x : Nat) (x_1 : List Char),   Eq (Kant.Codec.yFields x x_1)     (Kant.Codec.yVal.match_12       (fun x x_2 => Option (Prod (List (Prod (List Char) Kant.Codec.Val)) (List Char))) x x_1       (fun x => Option.none) fun fuel s =>       Kant.Codec.readQuoted.match_3         (fun s => Option (Prod (List (Prod (List Char) Kant.Codec.Val)) (List Char))) s         (fun _ => Option.none) fun c s0 =>         ite (Eq c '}') (Option.some { fst := List.nil, snd := s0 })           (ite (Eq c '\""')             (Kant.Codec.yFields.match_3               (fun x => Option (Prod (List (Prod (List Char) Kant.Codec.Val)) (List Char)))               (Kant.Codec.readQuoted s0)               (fun k s1 =>                 Kant.Codec.yList.match_3                   (fun x => Option (Prod (List (Prod (List Char) Kant.Codec.Val)) (List Char)))                   (Kant.Codec.yVal fuel s1)                   (fun v r =>                     Kant.Codec.yFields.match_1                       (fun r => Option (Prod (List (Prod (List Char) Kant.Codec.Val)) (List Char)))                       r                       (fun r' =>                         Option.some { fst := List.cons { fst := k, snd := v } List.nil, snd := r' })                       (fun r' =>                         Kant.Codec.yVal.match_3                           (fun x =>                             Option (Prod (List (Prod (List Char) Kant.Codec.Val)) (List Char)))                           (Kant.Codec.yFields fuel r')                           (fun fs r'' =>                             Option.some { fst := List.cons { fst := k, snd := v } fs, snd := r'' })                           fun _ => Option.none)                       fun x => Option.none)                   fun _ => Option.none)               fun x => Option.none)             Option.none))","L0;","O0;","L0;","L0;","L1;S31;claim.Kant.Codec.yFields.eq_def","L0;","L1;S31;proof.Kant.Codec.yFields.eq_def","L0;","S1810;∀ (x : Nat) (x_1 : List Char),   Eq (Kant.Codec.yFields x x_1)     (Kant.Codec.yVal.match_12       (fun x x_2 => Option (Prod (List (Prod (List Char) Kant.Codec.Val)) (List Char))) x x_1       (fun x => Option.none) fun fuel s =>       Kant.Codec.readQuoted.match_3         (fun s => Option (Prod (List (Prod (List Char) Kant.Codec.Val)) (List Char))) s         (fun _ => Option.none) fun c s0 =>         ite (Eq c '}') (Option.some { fst := List.nil, snd := s0 })           (ite (Eq c '\""')             (Kant.Codec.yFields.match_3               (fun x => Option (Prod (List (Prod (List Char) Kant.Codec.Val)) (List Char)))               (Kant.Codec.readQuoted s0)               (fun k s1 =>                 Kant.Codec.yList.match_3                   (fun x => Option (Prod (List (Prod (List Char) Kant.Codec.Val)) (List Char)))                   (Kant.Codec.yVal fuel s1)                   (fun v r =>                     Kant.Codec.yFields.match_1                       (fun r => Option (Prod (List (Prod (List Char) Kant.Codec.Val)) (List Char)))                       r                       (fun r' =>                         Option.some { fst := List.cons { fst := k, snd := v } List.nil, snd := r' })                       (fun r' =>                         Kant.Codec.yVal.match_3                           (fun x =>                             Option (Prod (List (Prod (List Char) Kant.Codec.Val)) (List Char)))                           (Kant.Codec.yFields fuel r')                           (fun fs r'' =>                             Option.some { fst := List.cons { fst := k, snd := v } fs, snd := r'' })                           fun _ => Option.none)                       fun x => Option.none)                   fun _ => Option.none)               fun x => Option.none)             Option.none))","O7;13;source_systemS5;lean411;source_fileS35;RequestProject/Kant/Codec/Yaml.lean13;source_formatS4;text11;imported_atI+0;14;transformed_atI+0;15;transformationsL0;13;parent_objectS0;","08f4ffd981a3ee240ddb2cb3c4985a3f8b74e2001a3f032ac440c15ec5c58015"
"obj.Kant.Dom.LedgerRow.mk.inj","theorem","Kant.Dom.LedgerRow.mk.inj","PROVEN","∀ {objectId claimId proofId : Kant.Dom.Id} {truth : Kant.Dom.Truth}   {proofStatus : Option Kant.Dom.PStatus} {coverage : Kant.Dom.Coverage} {objectHash : List Char}   {objectId_1 claimId_1 proofId_1 : Kant.Dom.Id} {truth_1 : Kant.Dom.Truth}   {proofStatus_1 : Option Kant.Dom.PStatus} {coverage_1 : Kant.Dom.Coverage}   {objectHash_1 : List Char},   Eq       { objectId := objectId, claimId := claimId, proofId := proofId, truth := truth,         proofStatus := proofStatus, coverage := coverage, objectHash := objectHash }       { objectId := objectId_1, claimId := claimId_1, proofId := proofId_1, truth := truth_1,         proofStatus := proofStatus_1, coverage := coverage_1, objectHash := objectHash_1 } →     And (Eq objectId objectId_1)       (And (Eq claimId claimId_1)         (And (Eq proofId proofId_1)           (And (Eq truth truth_1)             (And (Eq proofStatus proofStatus_1)               (And (Eq coverage coverage_1) (Eq objectHash objectHash_1))))))","L0;","O0;","L0;","L0;","L1;S31;claim.Kant.Dom.LedgerRow.mk.inj","L0;","L1;S31;proof.Kant.Dom.LedgerRow.mk.inj","L0;","S974;∀ {objectId claimId proofId : Kant.Dom.Id} {truth : Kant.Dom.Truth}   {proofStatus : Option Kant.Dom.PStatus} {coverage : Kant.Dom.Coverage} {objectHash : List Char}   {objectId_1 claimId_1 proofId_1 : Kant.Dom.Id} {truth_1 : Kant.Dom.Truth}   {proofStatus_1 : Option Kant.Dom.PStatus} {coverage_1 : Kant.Dom.Coverage}   {objectHash_1 : List Char},   Eq       { objectId := objectId, claimId := claimId, proofId := proofId, truth := truth,         proofStatus := proofStatus, coverage := coverage, objectHash := objectHash }       { objectId := objectId_1, claimId := claimId_1, proofId := proofId_1, truth := truth_1,         proofStatus := proofStatus_1, coverage := coverage_1, objectHash := objectHash_1 } →     And (Eq objectId objectId_1)       (And (Eq claimId claimId_1)         (And (Eq proofId proofId_1)           (And (Eq truth truth_1)             (And (Eq proofStatus proofStatus_1)               (And (Eq coverage coverage_1) (Eq objectHash objectHash_1))))))","O7;13;source_systemS5;lean411;source_fileS38;RequestProject/Kant/Domain/Ledger.lean13;source_formatS4;text11;imported_atI+0;14;transformed_atI+0;15;transformationsL0;13;parent_objectS0;","e8648b778fc2af1d52fda6034d035c3214e51c0a3dceaa77b81c569aedd9798c"
"obj.Kant.Codec.Err.ofVal.eq_2","theorem","Kant.Codec.Err.ofVal.eq_2","PROVEN","∀ (x : Kant.Codec.Val),   (∀ (fs : List (Prod (List Char) Kant.Codec.Val)), Eq x (Kant.Codec.Val.obj fs) → False) →     Eq (Kant.Codec.Err.ofVal x) Option.none","L0;","O0;","L0;","L0;","L1;S31;claim.Kant.Codec.Err.ofVal.eq_2","L0;","L1;S31;proof.Kant.Codec.Err.ofVal.eq_2","L0;","S159;∀ (x : Kant.Codec.Val),   (∀ (fs : List (Prod (List Char) Kant.Codec.Val)), Eq x (Kant.Codec.Val.obj fs) → False) →     Eq (Kant.Codec.Err.ofVal x) Option.none","O7;13;source_systemS5;lean411;source_fileS36;RequestProject/Kant/Codec/Model.lean13;source_formatS4;text11;imported_atI+0;14;transformed_atI+0;15;transformationsL0;13;parent_objectS0;","fa053f8d029953e3cd8a33a29a9793302d62e8dce6c85f1911dd887d18d6cd86"
"obj.Kant.Diagnostics.verdictOfCode.match_1","def","Kant.Diagnostics.verdictOfCode.match_1","ASSERTED","(motive : UInt8 → Sort u_1) →   (x : UInt8) →     (Unit → motive 1) →       (Unit → motive 2) →         (Unit → motive 3) →           (Unit → motive 4) →             (Unit → motive 5) → (Unit → motive 6) → ((x : UInt8) → motive x) → motive x","L0;","O0;","L0;","L0;","L0;","L0;","L0;","L0;","S241;(motive : UInt8 → Sort u_1) →   (x : UInt8) →     (Unit → motive 1) →       (Unit → motive 2) →         (Unit → motive 3) →           (Unit → motive 4) →             (Unit → motive 5) → (Unit → motive 6) → ((x : UInt8) → motive x) → motive x","O7;13;source_systemS5;lean411;source_fileS36;RequestProject/Kant/Diagnostics.lean13;source_formatS4;text11;imported_atI+0;14;transformed_atI+0;15;transformationsL0;13;parent_objectS0;","a21e07cf559b3f1a90ee3121488f7ccdfb4ea96b9fc663b453b5e89434f9e957"
"obj.Kant.Codec.Ipdl.ref.elim","def","Kant.Codec.Ipdl.ref.elim","ASSERTED","{motive_1 : Kant.Codec.Ipdl → Sort u} →   (t : Kant.Codec.Ipdl) →     Eq t.ctorIdx 6 → ((target : List Char) → motive_1 (Kant.Codec.Ipdl.ref target)) → motive_1 t","L1;S28;obj.Kant.Codec.Ipdl.ctorElim","O0;","L0;","L0;","L0;","L0;","L0;","L0;","S162;{motive_1 : Kant.Codec.Ipdl → Sort u} →   (t : Kant.Codec.Ipdl) →     Eq t.ctorIdx 6 → ((target : List Char) → motive_1 (Kant.Codec.Ipdl.ref target)) → motive_1 t","O7;13;source_systemS5;lean411;source_fileS35;RequestProject/Kant/Codec/Ipdl.lean13;source_formatS4;text11;imported_atI+0;14;transformed_atI+46;15;transformationsL0;13;parent_objectS0;","ce9ca4edff0d433a7195934d23caaf9d5b8a196aebcc3184f1c828284b1755a7"
"obj.Kant.Codec.rebuild.eq_3","theorem","Kant.Codec.rebuild.eq_3","PROVEN","∀ (x : List (Prod (List Char) Kant.Codec.Ipdl)),   (∀ (k t : List Char),       Eq x (List.cons { fst := k, snd := Kant.Codec.Ipdl.str t } List.nil) → False) →     (∀ (k1 k k2 n k3 : List Char) (b : Kant.Codec.Ipdl),         Eq x             (List.cons { fst := k1, snd := Kant.Codec.Ipdl.str k }               (List.cons { fst := k2, snd := Kant.Codec.Ipdl.str n }                 (List.cons { fst := k3, snd := b } List.nil))) →           False) →       Eq (Kant.Codec.rebuild x) (Kant.Codec.Ipdl.obj x)","L0;","O0;","L0;","L0;","L1;S29;claim.Kant.Codec.rebuild.eq_3","L0;","L1;S29;proof.Kant.Codec.rebuild.eq_3","L0;","S504;∀ (x : List (Prod (List Char) Kant.Codec.Ipdl)),   (∀ (k t : List Char),       Eq x (List.cons { fst := k, snd := Kant.Codec.Ipdl.str t } List.nil) → False) →     (∀ (k1 k k2 n k3 : List Char) (b : Kant.Codec.Ipdl),         Eq x             (List.cons { fst := k1, snd := Kant.Codec.Ipdl.str k }               (List.cons { fst := k2, snd := Kant.Codec.Ipdl.str n }                 (List.cons { fst := k3, snd := b } List.nil))) →           False) →       Eq (Kant.Codec.rebuild x) (Kant.Codec.Ipdl.obj x)","O7;13;source_systemS5;lean411;source_fileS35;RequestProject/Kant/Codec/Ipdl.lean13;source_formatS4;text11;imported_atI+0;14;transformed_atI+0;15;transformationsL0;13;parent_objectS0;","34f9235b0df66ba8ea028cc7bbf56e5321c5c55af8e7e9967ed5b2c0f1d73ab1"
"obj.Kant.Stego.Carrier","def","Kant.Stego.Carrier","ASSERTED","Type","L0;","O0;","L0;","L0;","L0;","L0;","L0;","L0;","S4;Type","O7;13;source_systemS5;lean411;source_fileS30;RequestProject/Kant/Stego.lean13;source_formatS4;text11;imported_atI+0;14;transformed_atI+26;15;transformationsL0;13;parent_objectS0;","e973fd64645ecce2cb63232410361b1503ac273f0bbd767c4a87e40a0609c3af"
"obj.Kant.Dasl.reflect59_valid","theorem","Kant.Dasl.reflect59_valid","PROVEN","∀ {o : Kant.Dasl.Orbifold}, o.valid → ∀ (k : Nat), (Kant.Dasl.reflect59 o k).valid","L1;S24;obj.Kant.Dasl.Orbifold.n","O0;","L0;","L0;","L1;S31;claim.Kant.Dasl.reflect59_valid","L0;","L1;S31;proof.Kant.Dasl.reflect59_valid","L0;","S82;∀ {o : Kant.Dasl.Orbifold}, o.valid → ∀ (k : Nat), (Kant.Dasl.reflect59 o k).valid","O7;13;source_systemS5;lean411;source_fileS29;RequestProject/Kant/Dasl.lean13;source_formatS4;text11;imported_atI+0;14;transformed_atI+226;15;transformationsL0;13;parent_objectS0;","48860bab881a5f7eeadb3a668de6ef31591ff57e4366a740249b64d4d30cdae3"
"obj.Kant.Wasm.Decode.bytesN_length","theorem","Kant.Wasm.Decode.bytesN_length","PROVEN","∀ {n : Nat} {bs xs r : Kant.Wasm.Decode.Bytes},   Eq (Kant.Wasm.Decode.bytesN n bs) (Option.some { fst := xs, snd := r }) →     Eq (instHAdd.hAdd (List.length r) n) (List.length bs)","L0;","O0;","L0;","L0;","L1;S36;claim.Kant.Wasm.Decode.bytesN_length","L0;","L1;S36;proof.Kant.Wasm.Decode.bytesN_length","L0;","S181;∀ {n : Nat} {bs xs r : Kant.Wasm.Decode.Bytes},   Eq (Kant.Wasm.Decode.bytesN n bs) (Option.some { fst := xs, snd := r }) →     Eq (instHAdd.hAdd (List.length r) n) (List.length bs)","O7;13;source_systemS5;lean411;source_fileS31;RequestProject/Wasm/Decode.lean13;source_formatS4;text11;imported_atI+0;14;transformed_atI+104;15;transformationsL0;13;parent_objectS0;","e729db9da9987f0f41f3b14e5b67cad412aef820a2b2d3e5d12d9e56785bd92a"
"obj.Kant.Feed.feed_resolves","theorem","Kant.Feed.feed_resolves","PROVEN","∀ {st : Kant.Store} {p : Kant.Paste},   List.instMembership.mem (Kant.Feed.feed st) p → Eq (st.get p.witness).isSome Bool.true","L1;S23;obj.Kant.Store.get.eq_1","O0;","L0;","L0;","L1;S29;claim.Kant.Feed.feed_resolves","L0;","L1;S29;proof.Kant.Feed.feed_resolves","L0;","S126;∀ {st : Kant.Store} {p : Kant.Paste},   List.instMembership.mem (Kant.Feed.feed st) p → Eq (st.get p.witness).isSome Bool.true","O7;13;source_systemS5;lean411;source_fileS29;RequestProject/Kant/Feed.lean13;source_formatS4;text11;imported_atI+0;14;transformed_atI+88;15;transformationsL0;13;parent_objectS0;","b398fd4a7c266c75c60e896b591a3662bc50a46f8c98f9871b216a8103a26e14"
"obj.Kant.Rendezvous.Roster.knows_merge_iff","theorem","Kant.Rendezvous.Roster.knows_merge_iff","PROVEN","∀ {r : Kant.Rendezvous.Roster} {as : List Kant.Rendezvous.Announce} {p : List Char},   Iff (Eq ((r.merge as).knows p) Bool.true)     (Or (Eq (r.knows p) Bool.true)       (Exists fun a => And (List.instMembership.mem as a) (Eq a.peer p)))","L0;","O0;","L0;","L0;","L1;S44;claim.Kant.Rendezvous.Roster.knows_merge_iff","L0;","L1;S44;proof.Kant.Rendezvous.Roster.knows_merge_iff","L0;","S237;∀ {r : Kant.Rendezvous.Roster} {as : List Kant.Rendezvous.Announce} {p : List Char},   Iff (Eq ((r.merge as).knows p) Bool.true)     (Or (Eq (r.knows p) Bool.true)       (Exists fun a => And (List.instMembership.mem as a) (Eq a.peer p)))","O7;13;source_systemS5;lean411;source_fileS35;RequestProject/Kant/Rendezvous.lean13;source_formatS4;text11;imported_atI+0;14;transformed_atI+253;15;transformationsL0;13;parent_objectS0;","f1e22e173a64e674883ad5b874f6bd27ca5722807780220a58a68b5361653f4d"
"obj.Kant.Clipboard.Envelope.decodeAll.eq_2","theorem","Kant.Clipboard.Envelope.decodeAll.eq_2","PROVEN","∀ (f : List Char) (fs : List (List Char)),   Eq (Kant.Clipboard.Envelope.decodeAll (List.cons f fs))     (Kant.Clipboard.Envelope.decodeAll.match_1 (fun x x_1 => Option (List Kant.Bytes.Blob))       (Kant.Bytes.hexDecode f) (Kant.Clipboard.Envelope.decodeAll fs)       (fun b bs => Option.some (List.cons b bs)) fun x x_1 => Option.none)","L0;","O0;","L0;","L0;","L1;S44;claim.Kant.Clipboard.Envelope.decodeAll.eq_2","L0;","L1;S44;proof.Kant.Clipboard.Envelope.decodeAll.eq_2","L0;","S337;∀ (f : List Char) (fs : List (List Char)),   Eq (Kant.Clipboard.Envelope.decodeAll (List.cons f fs))     (Kant.Clipboard.Envelope.decodeAll.match_1 (fun x x_1 => Option (List Kant.Bytes.Blob))       (Kant.Bytes.hexDecode f) (Kant.Clipboard.Envelope.decodeAll fs)       (fun b bs => Option.some (List.cons b bs)) fun x x_1 => Option.none)","O7;13;source_systemS5;lean411;source_fileS34;RequestProject/Kant/Clipboard.lean13;source_formatS4;text11;imported_atI+0;14;transformed_atI+0;15;transformationsL0;13;parent_objectS0;","7eaea7ffa25a6af4d3a77d37585f18d7de37057b5d7768629d69b1c8d570f695"
"obj.Kant.Cli.pageOf.eq_def","theorem","Kant.Cli.pageOf.eq_def","PROVEN","∀ (x : List Char),   Eq (Kant.Cli.pageOf x)     (Kant.Cli.pageOf.match_1 (fun x => List Char) x (fun _ => List.nil) fun c cs =>       ite (Eq c Kant.Clipboard.hash) List.nil (List.cons c (Kant.Cli.pageOf cs)))","L0;","O0;","L0;","L0;","L1;S28;claim.Kant.Cli.pageOf.eq_def","L0;","L1;S28;proof.Kant.Cli.pageOf.eq_def","L0;","S209;∀ (x : List Char),   Eq (Kant.Cli.pageOf x)     (Kant.Cli.pageOf.match_1 (fun x => List Char) x (fun _ => List.nil) fun c cs =>       ite (Eq c Kant.Clipboard.hash) List.nil (List.cons c (Kant.Cli.pageOf cs)))","O7;13;source_systemS5;lean411;source_fileS28;RequestProject/Kant/Cli.lean13;source_formatS4;text11;imported_atI+0;14;transformed_atI+0;15;transformationsL0;13;parent_objectS0;","c8d015764327025eabdfc5df5b3b1e2936fe51664a4b00c0fc3d7e0e020ceeeb"
"obj.Kant.Codec.Tests.tLarge","def","Kant.Codec.Tests.tLarge","ASSERTED","Kant.Codec.Val","L0;","O0;","L0;","L0;","L0;","L0;","L0;","L0;","S14;Kant.Codec.Val","O7;13;source_systemS5;lean411;source_fileS36;RequestProject/Kant/Codec/Tests.lean13;source_formatS4;text11;imported_atI+0;14;transformed_atI+131;15;transformationsL0;13;parent_objectS0;","47b3bbae3c733d2c70085cda6507b04f0318f7ac7697a7721c3a4fd8baa88115"
"obj.Kant.PlainText.metaFor","def","Kant.PlainText.metaFor","ASSERTED","Kant.SiteCard.Config → Kant.Paste → Kant.PlainText.Meta","L0;","O0;","L0;","L0;","L0;","L0;","L0;","L0;","S55;Kant.SiteCard.Config → Kant.Paste → Kant.PlainText.Meta","O7;13;source_systemS5;lean411;source_fileS34;RequestProject/Kant/PlainText.lean13;source_formatS4;text11;imported_atI+0;14;transformed_atI+238;15;transformationsL0;13;parent_objectS0;","28a5d9ebf1716ebd63eb7c2a1890b47a80d5edb56a742837909e1a9da3107a74"
"obj.Kant.CardDebug.card_no_relay","theorem","Kant.CardDebug.card_no_relay","PROVEN","∀ (k : Kant.SiteCard.Card), Eq (Kant.CardDebug.relayOf? (Kant.CardDebug.Code.card k)) Option.none","L0;","O0;","L0;","L0;","L1;S34;claim.Kant.CardDebug.card_no_relay","L0;","L1;S34;proof.Kant.CardDebug.card_no_relay","L0;","S97;∀ (k : Kant.SiteCard.Card), Eq (Kant.CardDebug.relayOf? (Kant.CardDebug.Code.card k)) Option.none","O7;13;source_systemS5;lean411;source_fileS34;RequestProject/Kant/CardDebug.lean13;source_formatS4;text11;imported_atI+0;14;transformed_atI+139;15;transformationsL0;13;parent_objectS0;","060f1bebdfa890c8b2f4defda5646ea39cfb08e15315f90637fdf26fc015b5f1"
"obj.Kant.Connectivity.instDecidableEqClient.decEq.match_1","def","Kant.Connectivity.instDecidableEqClient.decEq.match_1","ASSERTED","(motive : Kant.Connectivity.Client → Kant.Connectivity.Client → Sort u_1) →   (x x_1 : Kant.Connectivity.Client) →     ((a : List Char) →         (a_1 : Kant.Connectivity.Reachability) →           (a_2 : Bool) →             (a_3 : Nat) →               (b : List Char) →                 (b_1 : Kant.Connectivity.Reachability) →                   (b_2 : Bool) →                     (b_3 : Nat) →                       motive { room := a, reach := a_1, bus := a_2, browser := a_3 }                         { room := b, reach := b_1, bus := b_2, browser := b_3 }) →       motive x x_1","L1;S36;obj.Kant.Connectivity.Client.casesOn","O0;","L0;","L0;","L0;","L0;","L0;","L0;","S580;(motive : Kant.Connectivity.Client → Kant.Connectivity.Client → Sort u_1) →   (x x_1 : Kant.Connectivity.Client) →     ((a : List Char) →         (a_1 : Kant.Connectivity.Reachability) →           (a_2 : Bool) →             (a_3 : Nat) →               (b : List Char) →                 (b_1 : Kant.Connectivity.Reachability) →                   (b_2 : Bool) →                     (b_3 : Nat) →                       motive { room := a, reach := a_1, bus := a_2, browser := a_3 }                         { room := b, reach := b_1, bus := b_2, browser := b_3 }) →       motive x x_1","O7;13;source_systemS5;lean411;source_fileS37;RequestProject/Kant/Connectivity.lean13;source_formatS4;text11;imported_atI+0;14;transformed_atI+0;15;transformationsL0;13;parent_objectS0;","d097f8828949bda2c4d8d0cf1407625dbd5ed7c9d680f654d2650284d35d502f"
"obj.Kant.Rendezvous.Address.noConfusion","def","Kant.Rendezvous.Address.noConfusion","ASSERTED","{P : Sort u} →   {t t' : Kant.Rendezvous.Address} → Eq t t' → Kant.Rendezvous.Address.noConfusionType P t t'","L1;S43;obj.Kant.Rendezvous.Address.noConfusionType","O0;","L0;","L0;","L0;","L0;","L0;","L0;","S108;{P : Sort u} →   {t t' : Kant.Rendezvous.Address} → Eq t t' → Kant.Rendezvous.Address.noConfusionType P t t'","O7;13;source_systemS5;lean411;source_fileS35;RequestProject/Kant/Rendezvous.lean13;source_formatS4;text11;imported_atI+0;14;transformed_atI+54;15;transformationsL0;13;parent_objectS0;","da4c105ebb0ff93b9599c10be42aa98003966def8899a3b131bc029d45648b46"
"obj.Kant.Wasm.Decode.VType.casesOn","def","Kant.Wasm.Decode.VType.casesOn","ASSERTED","{motive : Kant.Wasm.Decode.VType → Sort u} →   (t : Kant.Wasm.Decode.VType) →     motive Kant.Wasm.Decode.VType.i32 → motive Kant.Wasm.Decode.VType.i64 → motive t","L0;","O0;","L0;","L0;","L0;","L0;","L0;","L0;","S162;{motive : Kant.Wasm.Decode.VType → Sort u} →   (t : Kant.Wasm.Decode.VType) →     motive Kant.Wasm.Decode.VType.i32 → motive Kant.Wasm.Decode.VType.i64 → motive t","O7;13;source_systemS5;lean411;source_fileS31;RequestProject/Wasm/Decode.lean13;source_formatS4;text11;imported_atI+0;14;transformed_atI+566;15;transformationsL0;13;parent_objectS0;","58a0e37a411e3c2fee4b161d0c7e719c5735684bfd6f8775e14bf612052d6342"
"obj.Kant.Relay.ofMsg","def","Kant.Relay.ofMsg","ASSERTED","Kant.Relay.Msg → Kant.Clipboard.Envelope","L0;","O0;","L0;","L0;","L0;","L0;","L0;","L0;","S40;Kant.Relay.Msg → Kant.Clipboard.Envelope","O7;13;source_systemS5;lean411;source_fileS30;RequestProject/Kant/Relay.lean13;source_formatS4;text11;imported_atI+0;14;transformed_atI+83;15;transformationsL0;13;parent_objectS0;","5da5b8ec66935798b9dd8698e247abab33f0eed1b289a656a16a7ee21b288629"
"obj.Kant.Wasm.Kernel.mergeCidsE.eq_1","theorem","Kant.Wasm.Kernel.mergeCidsE.eq_1","PROVEN","Eq Kant.Wasm.Kernel.mergeCidsE   (((Kant.Wasm.Expr.const Kant.Wasm.Kernel.daslPrefix).mul         (Kant.Wasm.Expr.const (instHPow.hPow 2 48))).add     (((Kant.Wasm.Expr.var 0).modC (instHPow.hPow 2 48)).xor       ((Kant.Wasm.Expr.var 1).modC (instHPow.hPow 2 48))))","L0;","O0;","L0;","L0;","L1;S38;claim.Kant.Wasm.Kernel.mergeCidsE.eq_1","L0;","L1;S38;proof.Kant.Wasm.Kernel.mergeCidsE.eq_1","L0;","S265;Eq Kant.Wasm.Kernel.mergeCidsE   (((Kant.Wasm.Expr.const Kant.Wasm.Kernel.daslPrefix).mul         (Kant.Wasm.Expr.const (instHPow.hPow 2 48))).add     (((Kant.Wasm.Expr.var 0).modC (instHPow.hPow 2 48)).xor       ((Kant.Wasm.Expr.var 1).modC (instHPow.hPow 2 48))))","O7;13;source_systemS5;lean411;source_fileS35;RequestProject/Wasm/KernelSpec.lean13;source_formatS4;text11;imported_atI+0;14;transformed_atI+0;15;transformationsL0;13;parent_objectS0;","58d226b40c5cc02e862c447648ee0ce1ec39ee20de7cb5486237b042c03b077b"
"obj.Kant.Relay.accept.match_1","def","Kant.Relay.accept.match_1","ASSERTED","(motive : Option Kant.Relay.Msg → Sort u_1) →   (x : Option Kant.Relay.Msg) →     ((m : Kant.Relay.Msg) → motive (Option.some m)) → (Unit → motive Option.none) → motive x","L0;","O0;","L0;","L0;","L0;","L0;","L0;","L0;","S170;(motive : Option Kant.Relay.Msg → Sort u_1) →   (x : Option Kant.Relay.Msg) →     ((m : Kant.Relay.Msg) → motive (Option.some m)) → (Unit → motive Option.none) → motive x","O7;13;source_systemS5;lean411;source_fileS30;RequestProject/Kant/Relay.lean13;source_formatS4;text11;imported_atI+0;14;transformed_atI+0;15;transformationsL0;13;parent_objectS0;","a8fe94b9b4d738e69d7b14963a5175c1aec5e2040f1a53f00f76e1e6d52b93cb"
"obj.Kant.Relay.receive_nodup","theorem","Kant.Relay.receive_nodup","PROVEN","∀ {ms : List Kant.Relay.Msg}, ms.Nodup → ∀ (ls : List (List Char)), (Kant.Relay.receive ms ls).Nodup","L1;S29;obj.Kant.Relay.accept.match_1","O0;","L0;","L0;","L1;S30;claim.Kant.Relay.receive_nodup","L0;","L1;S30;proof.Kant.Relay.receive_nodup","L0;","S100;∀ {ms : List Kant.Relay.Msg}, ms.Nodup → ∀ (ls : List (List Char)), (Kant.Relay.receive ms ls).Nodup","O7;13;source_systemS5;lean411;source_fileS30;RequestProject/Kant/Relay.lean13;source_formatS4;text11;imported_atI+0;14;transformed_atI+393;15;transformationsL0;13;parent_objectS0;","c498db8f00f935a4cc19b6dc720c597f68a3f117d339572a141c8ccace079eb5"
"obj.Kant.Clipboard.ofReceipt","def","Kant.Clipboard.ofReceipt","ASSERTED","Kant.Clipboard.Receipt → Kant.Clipboard.Envelope","L1;S34;obj.Kant.Clipboard.Receipt.credits","O0;","L0;","L0;","L0;","L0;","L0;","L0;","S48;Kant.Clipboard.Receipt → Kant.Clipboard.Envelope","O7;13;source_systemS5;lean411;source_fileS34;RequestProject/Kant/Clipboard.lean13;source_formatS4;text11;imported_atI+0;14;transformed_atI+298;15;transformationsL0;13;parent_objectS0;","88d0336ae03de973c35773a107eb595055066033d54e3cf9f8db15cb7eb2db56"
"obj.Kant.Dom.Event.inferredBy.noConfusion","def","Kant.Dom.Event.inferredBy.noConfusion","ASSERTED","{P : Sort u} →   {how how' : List Char} →     Eq (Kant.Dom.Event.inferredBy how) (Kant.Dom.Event.inferredBy how') → (Eq how how' → P) → P","L1;S18;obj.Kant.Dom.Event","O0;","L0;","L0;","L0;","L0;","L0;","L0;","S137;{P : Sort u} →   {how how' : List Char} →     Eq (Kant.Dom.Event.inferredBy how) (Kant.Dom.Event.inferredBy how') → (Eq how how' → P) → P","O7;13;source_systemS5;lean411;source_fileS38;RequestProject/Kant/Domain/Policy.lean13;source_formatS4;text11;imported_atI+0;14;transformed_atI+42;15;transformationsL0;13;parent_objectS0;","9558e64af8063a863c4676bff0f1c80941a9e52cee4aa2c098fcd730f5737c33"
"obj.Kant.Dom.Repair.recOn","def","Kant.Dom.Repair.recOn","ASSERTED","{motive : Kant.Dom.Repair → Sort u} →   (t : Kant.Dom.Repair) →     motive Kant.Dom.Repair.stringToInteger →       motive Kant.Dom.Repair.defaultApplied → motive Kant.Dom.Repair.unresolved → motive t","L0;","O0;","L0;","L0;","L0;","L0;","L0;","L0;","S199;{motive : Kant.Dom.Repair → Sort u} →   (t : Kant.Dom.Repair) →     motive Kant.Dom.Repair.stringToInteger →       motive Kant.Dom.Repair.defaultApplied → motive Kant.Dom.Repair.unresolved → motive t","O7;13;source_systemS5;lean411;source_fileS38;RequestProject/Kant/Domain/Policy.lean13;source_formatS4;text11;imported_atI+0;14;transformed_atI+196;15;transformationsL0;13;parent_objectS0;","310e0b37ba2d30ac837b4cf4013cee4fad01bc4181e125c203930b249dcfee65"
"obj.Kant.Paste.coords_valid","theorem","Kant.Paste.coords_valid","PROVEN","∀ (p : Kant.Paste), p.coords.valid","L0;","O0;","L0;","L0;","L1;S29;claim.Kant.Paste.coords_valid","L0;","L1;S29;proof.Kant.Paste.coords_valid","L0;","S34;∀ (p : Kant.Paste), p.coords.valid","O7;13;source_systemS5;lean411;source_fileS30;RequestProject/Kant/Paste.lean13;source_formatS4;text11;imported_atI+0;14;transformed_atI+61;15;transformationsL0;13;parent_objectS0;","dbd465de3f5c7aab820bac0885293be054a953879446a9598eb435846a3c753e"
"obj.Kant.Wasm.Decode.instInhabitedVType.default","def","Kant.Wasm.Decode.instInhabitedVType.default","ASSERTED","Kant.Wasm.Decode.VType","L0;","O0;","L0;","L0;","L0;","L0;","L0;","L0;","S22;Kant.Wasm.Decode.VType","O7;13;source_systemS5;lean411;source_fileS31;RequestProject/Wasm/Decode.lean13;source_formatS4;text11;imported_atI+0;14;transformed_atI+568;15;transformationsL0;13;parent_objectS0;","756be1c587873a1167ee8bdc37548ade55e3ac4ae69521eb3a8a19a634a44bb8"
"obj.Kant.Codec.readStr.eq_1","theorem","Kant.Codec.readStr.eq_1","PROVEN","∀ (s : List Char),   Eq (Kant.Codec.readStr s)     (Kant.Codec.readStr.match_1 (fun x => Option (Prod (List Char) (List Char)))       (Kant.Codec.readNat s)       (fun n r =>         ite (instLENat.le n r.length) (Option.some { fst := List.take n r, snd := List.drop n r })           Option.none)       fun _ => Option.none)","L0;","O0;","L0;","L0;","L1;S29;claim.Kant.Codec.readStr.eq_1","L0;","L1;S29;proof.Kant.Codec.readStr.eq_1","L0;","S324;∀ (s : List Char),   Eq (Kant.Codec.readStr s)     (Kant.Codec.readStr.match_1 (fun x => Option (Prod (List Char) (List Char)))       (Kant.Codec.readNat s)       (fun n r =>         ite (instLENat.le n r.length) (Option.some { fst := List.take n r, snd := List.drop n r })           Option.none)       fun _ => Option.none)","O7;13;source_systemS5;lean411;source_fileS34;RequestProject/Kant/Codec/Val.lean13;source_formatS4;text11;imported_atI+0;14;transformed_atI+0;15;transformationsL0;13;parent_objectS0;","2f507698d8288add24cb48c874eb80c2d19b44c1238a9367ff00872cd6630b5c"
"obj.Kant.Sheaf.attackTriple_encodings","theorem","Kant.Sheaf.attackTriple_encodings","PROVEN","Eq   (instHMul.hMul (instHMul.hMul Kant.Sheaf.Encoding.stego.prime Kant.Sheaf.Encoding.ipfs.prime)     Kant.Sheaf.Encoding.dasl.prime)   196883","L0;","O0;","L0;","L0;","L1;S39;claim.Kant.Sheaf.attackTriple_encodings","L0;","L1;S39;proof.Kant.Sheaf.attackTriple_encodings","L0;","S143;Eq   (instHMul.hMul (instHMul.hMul Kant.Sheaf.Encoding.stego.prime Kant.Sheaf.Encoding.ipfs.prime)     Kant.Sheaf.Encoding.dasl.prime)   196883","O7;13;source_systemS5;lean411;source_fileS30;RequestProject/Kant/Sheaf.lean13;source_formatS4;text11;imported_atI+0;14;transformed_atI+142;15;transformationsL0;13;parent_objectS0;","4b4e5a751274cea5185a0d2ebf797382365169be08d6a79f0aab4069bfd930fc"
"obj.Kant.SiteCard.gridRects.match_1","def","Kant.SiteCard.gridRects.match_1","ASSERTED","(motive : Nat → List (List Bool) → Sort u_1) →   (x : Nat) →     (x_1 : List (List Bool)) →       ((x : Nat) → motive x List.nil) →         ((y : Nat) →             (row : List Bool) → (rows : List (List Bool)) → motive y (List.cons row rows)) →           motive x x_1","L0;","O0;","L0;","L0;","L0;","L0;","L0;","L0;","S268;(motive : Nat → List (List Bool) → Sort u_1) →   (x : Nat) →     (x_1 : List (List Bool)) →       ((x : Nat) → motive x List.nil) →         ((y : Nat) →             (row : List Bool) → (rows : List (List Bool)) → motive y (List.cons row rows)) →           motive x x_1","O7;13;source_systemS5;lean411;source_fileS33;RequestProject/Kant/SiteCard.lean13;source_formatS4;text11;imported_atI+0;14;transformed_atI+0;15;transformationsL0;13;parent_objectS0;","faeccabf31b5b46b75236ee1e0fe750809c050c09b820f215977572447402bbe"
"obj.Kant.Store.get.eq_1","theorem","Kant.Store.get.eq_1","PROVEN","∀ (st : Kant.Store) (w : List Char),   Eq (st.get w) (List.find? (fun p => List.instBEq.beq p.witness w) st.entries)","L0;","O0;","L0;","L0;","L1;S25;claim.Kant.Store.get.eq_1","L0;","L1;S25;proof.Kant.Store.get.eq_1","L0;","S116;∀ (st : Kant.Store) (w : List Char),   Eq (st.get w) (List.find? (fun p => List.instBEq.beq p.witness w) st.entries)","O7;13;source_systemS5;lean411;source_fileS30;RequestProject/Kant/Paste.lean13;source_formatS4;text11;imported_atI+0;14;transformed_atI+0;15;transformationsL0;13;parent_objectS0;","9f87d700c7aab3a18d7385e89d9019062ae7ad7b3f81db435e09c2f727843b68"
"obj.Kant.Codec.Strategy.noConfusionType","def","Kant.Codec.Strategy.noConfusionType","ASSERTED","Sort v✝ → Kant.Codec.Strategy → Kant.Codec.Strategy → Sort v✝","L0;","O0;","L0;","L0;","L0;","L0;","L0;","L0;","S61;Sort v✝ → Kant.Codec.Strategy → Kant.Codec.Strategy → Sort v✝","O7;13;source_systemS5;lean411;source_fileS40;RequestProject/Kant/Codec/Reconcile.lean13;source_formatS4;text11;imported_atI+0;14;transformed_atI+0;15;transformationsL0;13;parent_objectS0;","9a4659df294ef343c8f3a96fa804b208e633abf902675bb91ec57503052660ce"
"obj.Kant.Cli.digitChar_isDigit","theorem","Kant.Cli.digitChar_isDigit","PROVEN","∀ {k : Nat},   instLTNat.lt k 10 →     And (Char.instLE.le '0' (Kant.Cli.digitChar k)) (Char.instLE.le (Kant.Cli.digitChar k) '9')","L0;","O0;","L0;","L0;","L1;S32;claim.Kant.Cli.digitChar_isDigit","L0;","L1;S32;proof.Kant.Cli.digitChar_isDigit","L0;","S130;∀ {k : Nat},   instLTNat.lt k 10 →     And (Char.instLE.le '0' (Kant.Cli.digitChar k)) (Char.instLE.le (Kant.Cli.digitChar k) '9')","O7;13;source_systemS5;lean411;source_fileS28;RequestProject/Kant/Cli.lean13;source_formatS4;text11;imported_atI+0;14;transformed_atI+65;15;transformationsL0;13;parent_objectS0;","4efa30b4e58cb4b2a359561c2700d245a0bcad4f563deb748272ce1ecf6d2877"
"obj.Kant.Diagnostics.areaOfCode.match_1","def","Kant.Diagnostics.areaOfCode.match_1","ASSERTED","(motive : UInt8 → Sort u_1) →   (x : UInt8) →     (Unit → motive 1) →       (Unit → motive 2) →         (Unit → motive 3) →           (Unit → motive 4) →             (Unit → motive 5) →               (Unit → motive 6) →                 (Unit → motive 7) →                   (Unit → motive 8) → (Unit → motive 9) → ((x : UInt8) → motive x) → motive x","L0;","O0;","L0;","L0;","L0;","L0;","L0;","L0;","S349;(motive : UInt8 → Sort u_1) →   (x : UInt8) →     (Unit → motive 1) →       (Unit → motive 2) →         (Unit → motive 3) →           (Unit → motive 4) →             (Unit → motive 5) →               (Unit → motive 6) →                 (Unit → motive 7) →                   (Unit → motive 8) → (Unit → motive 9) → ((x : UInt8) → motive x) → motive x","O7;13;source_systemS5;lean411;source_fileS36;RequestProject/Kant/Diagnostics.lean13;source_formatS4;text11;imported_atI+0;14;transformed_atI+0;15;transformationsL0;13;parent_objectS0;","f9ae64e1dde819d596ea2854a08e8c4a90a32140c9d585671417e20e73495b3c"
"obj.Kant.PlainText.parseMeta_metaText","theorem","Kant.PlainText.parseMeta_metaText","PROVEN","∀ {m : Kant.PlainText.Meta},   m.Wf → Eq (Kant.PlainText.parseMeta (Kant.PlainText.metaText m)) (Option.some m)","L1;S30;obj.Kant.PlainText.Meta.posted","O0;","L0;","L0;","L1;S39;claim.Kant.PlainText.parseMeta_metaText","L0;","L1;S39;proof.Kant.PlainText.parseMeta_metaText","L0;","S111;∀ {m : Kant.PlainText.Meta},   m.Wf → Eq (Kant.PlainText.parseMeta (Kant.PlainText.metaText m)) (Option.some m)","O7;13;source_systemS5;lean411;source_fileS34;RequestProject/Kant/PlainText.lean13;source_formatS4;text11;imported_atI+0;14;transformed_atI+177;15;transformationsL0;13;parent_objectS0;","7f5138e3a78fcc83d35a41c391cd953838f18dc255004ca9dc871b4276b43c6e"
"obj.Kant.Codec.readQuoted.eq_def","theorem","Kant.Codec.readQuoted.eq_def","PROVEN","∀ (x : List Char),   Eq (Kant.Codec.readQuoted x)     (Kant.Codec.readQuoted.match_3 (fun x => Option (Prod (List Char) (List Char))) x       (fun _ => Option.none) fun c rest =>       ite (Eq c '\""') (Option.some { fst := List.nil, snd := rest })         (ite (Eq c '\\')           (Kant.Codec.readQuoted.match_3 (fun rest => Option (Prod (List Char) (List Char))) rest             (fun _ => Option.none) fun d rest' =>             Kant.Codec.readQuoted.match_1 (fun x => Option (Prod (List Char) (List Char)))               (Kant.Codec.unescChar d)               (fun e =>                 Option.map (fun p => { fst := List.cons e p.fst, snd := p.snd })                   (Kant.Codec.readQuoted rest'))               fun _ => Option.none)           (Option.map (fun p => { fst := List.cons c p.fst, snd := p.snd })             (Kant.Codec.readQuoted rest))))","L1;S24;obj.Kant.Codec.unescChar","O0;","L0;","L0;","L1;S34;claim.Kant.Codec.readQuoted.eq_def","L0;","L1;S34;proof.Kant.Codec.readQuoted.eq_def","L0;","S860;∀ (x : List Char),   Eq (Kant.Codec.readQuoted x)     (Kant.Codec.readQuoted.match_3 (fun x => Option (Prod (List Char) (List Char))) x       (fun _ => Option.none) fun c rest =>       ite (Eq c '\""') (Option.some { fst := List.nil, snd := rest })         (ite (Eq c '\\')           (Kant.Codec.readQuoted.match_3 (fun rest => Option (Prod (List Char) (List Char))) rest             (fun _ => Option.none) fun d rest' =>             Kant.Codec.readQuoted.match_1 (fun x => Option (Prod (List Char) (List Char)))               (Kant.Codec.unescChar d)               (fun e =>                 Option.map (fun p => { fst := List.cons e p.fst, snd := p.snd })                   (Kant.Codec.readQuoted rest'))               fun _ => Option.none)           (Option.map (fun p => { fst := List.cons c p.fst, snd := p.snd })             (Kant.Codec.readQuoted rest))))","O7;13;source_systemS5;lean411;source_fileS35;RequestProject/Kant/Codec/Yaml.lean13;source_formatS4;text11;imported_atI+0;14;transformed_atI+0;15;transformationsL0;13;parent_objectS0;","c6570180065ee4bf7ff43946b8b4c36cd928c6882d8dbe3598bb833ec3bbc4f2"
"obj.Kant.Wasm.Decode.tags.eq_1","theorem","Kant.Wasm.Decode.tags.eq_1","PROVEN","∀ (x : Kant.Wasm.Decode.Bytes), Eq (Kant.Wasm.Decode.tags List.nil x) (Option.some x)","L1;S25;obj.Kant.Wasm.Decode.tags","O0;","L0;","L0;","L1;S32;claim.Kant.Wasm.Decode.tags.eq_1","L0;","L1;S32;proof.Kant.Wasm.Decode.tags.eq_1","L0;","S85;∀ (x : Kant.Wasm.Decode.Bytes), Eq (Kant.Wasm.Decode.tags List.nil x) (Option.some x)","O7;13;source_systemS5;lean411;source_fileS31;RequestProject/Wasm/Decode.lean13;source_formatS4;text11;imported_atI+0;14;transformed_atI+0;15;transformationsL0;13;parent_objectS0;","e4e8ab444c94c6f9fd22455c1115172e750481d1033a41d36d4dc2d03ac43598"
"obj.Kant.Codec.instInhabitedSeverity","def","Kant.Codec.instInhabitedSeverity","ASSERTED","Inhabited Kant.Codec.Severity","L0;","O0;","L0;","L0;","L0;","L0;","L0;","L0;","S29;Inhabited Kant.Codec.Severity","O7;13;source_systemS5;lean411;source_fileS36;RequestProject/Kant/Codec/Model.lean13;source_formatS4;text11;imported_atI+0;14;transformed_atI+49;15;transformationsL0;13;parent_objectS0;","03f88f1963a36b60d10916ef50c7bdb315516bae091106c65485e2847b40a199"
"obj.Kant.Sneakernet.frames_length","theorem","Kant.Sneakernet.frames_length","PROVEN","∀ (limit : Nat) (data : Kant.Bytes.Blob),   Eq (Kant.Sneakernet.frames limit data).length (Kant.Sneakernet.chunk limit data).length","L1;S25;obj.Kant.Sneakernet.chunk","O0;","L0;","L0;","L1;S35;claim.Kant.Sneakernet.frames_length","L0;","L1;S35;proof.Kant.Sneakernet.frames_length","L0;","S131;∀ (limit : Nat) (data : Kant.Bytes.Blob),   Eq (Kant.Sneakernet.frames limit data).length (Kant.Sneakernet.chunk limit data).length","O7;13;source_systemS5;lean411;source_fileS35;RequestProject/Kant/Sneakernet.lean13;source_formatS4;text11;imported_atI+0;14;transformed_atI+143;15;transformationsL0;13;parent_objectS0;","6e676808e53529dbb9a07ddcd77989a8896d9e5a2f787d8185f801359a3c5b9e"
"obj.Kant.Dom.errorReport_keeps_errors","theorem","Kant.Dom.errorReport_keeps_errors","PROVEN","∀ (d : Kant.Dom.Domain),   Eq (Kant.Dom.errorReportVal d)     (Kant.Codec.Val.obj       (List.cons { fst := ""domain"".toList, snd := Kant.Codec.Val.str d.id }         (List.cons           { fst := ""errors"".toList,             snd := Kant.Codec.Val.list (List.map Kant.Codec.Err.toVal d.errors) }           (List.cons             { fst := ""unresolved_proof_refs"".toList,               snd :=                 Kant.Codec.Val.list                   (List.map                     (fun p =>                       Kant.Codec.Val.obj                         (List.cons { fst := ""object_id"".toList, snd := Kant.Codec.Val.str p.fst }                           (List.cons { fst := ""proof_ref"".toList, snd := Kant.Codec.Val.str p.snd }                             List.nil)))                     (Kant.Dom.danglingRefs d)) }             List.nil))))","L1;S24;obj.Kant.Codec.Err.toVal","O0;","L0;","L0;","L1;S39;claim.Kant.Dom.errorReport_keeps_errors","L0;","L1;S39;proof.Kant.Dom.errorReport_keeps_errors","L0;","S836;∀ (d : Kant.Dom.Domain),   Eq (Kant.Dom.errorReportVal d)     (Kant.Codec.Val.obj       (List.cons { fst := ""domain"".toList, snd := Kant.Codec.Val.str d.id }         (List.cons           { fst := ""errors"".toList,             snd := Kant.Codec.Val.list (List.map Kant.Codec.Err.toVal d.errors) }           (List.cons             { fst := ""unresolved_proof_refs"".toList,               snd :=                 Kant.Codec.Val.list                   (List.map                     (fun p =>                       Kant.Codec.Val.obj                         (List.cons { fst := ""object_id"".toList, snd := Kant.Codec.Val.str p.fst }                           (List.cons { fst := ""proof_ref"".toList, snd := Kant.Codec.Val.str p.snd }                             List.nil)))                     (Kant.Dom.danglingRefs d)) }             List.nil))))","O7;13;source_systemS5;lean411;source_fileS39;RequestProject/Kant/Domain/Package.lean13;source_formatS4;text11;imported_atI+0;14;transformed_atI+225;15;transformationsL0;13;parent_objectS0;","e32f7443574b6729b2b55e8641e820669eeb454ee5e6b4730592de2d82e1f960"
"obj.Kant.Codec.Val.strong","theorem","Kant.Codec.Val.strong","PROVEN","∀ {motive : Kant.Codec.Val → Prop},   motive Kant.Codec.Val.null →     (∀ (b : Bool), motive (Kant.Codec.Val.bool b)) →       (∀ (n : Int), motive (Kant.Codec.Val.int n)) →         (∀ (s : List Char), motive (Kant.Codec.Val.str s)) →           (∀ (xs : List Kant.Codec.Val),               (∀ (v : Kant.Codec.Val), List.instMembership.mem xs v → motive v) →                 motive (Kant.Codec.Val.list xs)) →             (∀ (fs : List (Prod (List Char) Kant.Codec.Val)),                 (∀ (kv : Prod (List Char) Kant.Codec.Val),                     List.instMembership.mem fs kv → motive kv.snd) →                   motive (Kant.Codec.Val.obj fs)) →               ∀ (v : Kant.Codec.Val), motive v","L0;","O0;","L0;","L0;","L1;S27;claim.Kant.Codec.Val.strong","L0;","L1;S27;proof.Kant.Codec.Val.strong","L0;","S696;∀ {motive : Kant.Codec.Val → Prop},   motive Kant.Codec.Val.null →     (∀ (b : Bool), motive (Kant.Codec.Val.bool b)) →       (∀ (n : Int), motive (Kant.Codec.Val.int n)) →         (∀ (s : List Char), motive (Kant.Codec.Val.str s)) →           (∀ (xs : List Kant.Codec.Val),               (∀ (v : Kant.Codec.Val), List.instMembership.mem xs v → motive v) →                 motive (Kant.Codec.Val.list xs)) →             (∀ (fs : List (Prod (List Char) Kant.Codec.Val)),                 (∀ (kv : Prod (List Char) Kant.Codec.Val),                     List.instMembership.mem fs kv → motive kv.snd) →                   motive (Kant.Codec.Val.obj fs)) →               ∀ (v : Kant.Codec.Val), motive v","O7;13;source_systemS5;lean411;source_fileS34;RequestProject/Kant/Codec/Val.lean13;source_formatS4;text11;imported_atI+0;14;transformed_atI+53;15;transformationsL0;13;parent_objectS0;","545a40dd7691b1631de256eb7f5a2720986f9ec0f88e2c59a76d40aea6829bc6"
"obj.Kant.Codec.Status.unsupported.elim","def","Kant.Codec.Status.unsupported.elim","ASSERTED","{motive : Kant.Codec.Status → Sort u} →   (t : Kant.Codec.Status) → Eq t.ctorIdx 7 → motive Kant.Codec.Status.unsupported → motive t","L0;","O0;","L0;","L0;","L0;","L0;","L0;","L0;","S132;{motive : Kant.Codec.Status → Sort u} →   (t : Kant.Codec.Status) → Eq t.ctorIdx 7 → motive Kant.Codec.Status.unsupported → motive t","O7;13;source_systemS5;lean411;source_fileS36;RequestProject/Kant/Codec/Model.lean13;source_formatS4;text11;imported_atI+0;14;transformed_atI+43;15;transformationsL0;13;parent_objectS0;","7a51b019d2b28ed2a0d383827fe89ea5e3cd3f2481762dc4059635f20e353917"
"obj.Kant.Dom.PStatus.invalid.sizeOf_spec","theorem","Kant.Dom.PStatus.invalid.sizeOf_spec","PROVEN","Eq (Kant.Dom.PStatus._sizeOf_inst.sizeOf Kant.Dom.PStatus.invalid) 1","L0;","O0;","L0;","L0;","L1;S42;claim.Kant.Dom.PStatus.invalid.sizeOf_spec","L0;","L1;S42;proof.Kant.Dom.PStatus.invalid.sizeOf_spec","L0;","S68;Eq (Kant.Dom.PStatus._sizeOf_inst.sizeOf Kant.Dom.PStatus.invalid) 1","O7;13;source_systemS5;lean411;source_fileS37;RequestProject/Kant/Domain/Model.lean13;source_formatS4;text11;imported_atI+0;14;transformed_atI+0;15;transformationsL0;13;parent_objectS0;","45e46f5d84792d210957092dfaf0630eb49c3ef36fa14bbba43275b804c09828"
"obj.Kant.Rendezvous.Invite.mk.injEq","theorem","Kant.Rendezvous.Invite.mk.injEq","PROVEN","∀ (relay : List Char) (secret : Kant.Bytes.Blob) (peer : List Char)   (addrs : List Kant.Rendezvous.Address) (relay_1 : List Char) (secret_1 : Kant.Bytes.Blob)   (peer_1 : List Char) (addrs_1 : List Kant.Rendezvous.Address),   Eq     (Eq { relay := relay, secret := secret, peer := peer, addrs := addrs }       { relay := relay_1, secret := secret_1, peer := peer_1, addrs := addrs_1 })     (And (Eq relay relay_1) (And (Eq secret secret_1) (And (Eq peer peer_1) (Eq addrs addrs_1))))","L0;","O0;","L0;","L0;","L1;S37;claim.Kant.Rendezvous.Invite.mk.injEq","L0;","L1;S37;proof.Kant.Rendezvous.Invite.mk.injEq","L0;","S484;∀ (relay : List Char) (secret : Kant.Bytes.Blob) (peer : List Char)   (addrs : List Kant.Rendezvous.Address) (relay_1 : List Char) (secret_1 : Kant.Bytes.Blob)   (peer_1 : List Char) (addrs_1 : List Kant.Rendezvous.Address),   Eq     (Eq { relay := relay, secret := secret, peer := peer, addrs := addrs }       { relay := relay_1, secret := secret_1, peer := peer_1, addrs := addrs_1 })     (And (Eq relay relay_1) (And (Eq secret secret_1) (And (Eq peer peer_1) (Eq addrs addrs_1))))","O7;13;source_systemS5;lean411;source_fileS35;RequestProject/Kant/Rendezvous.lean13;source_formatS4;text11;imported_atI+0;14;transformed_atI+0;15;transformationsL0;13;parent_objectS0;","fb3093dc8cb7aa9f2c795f59ab6e424c8b1009e394457ffd9e66f45962b9d10a"
"obj.Kant.Wasm.Decode.tags","def","Kant.Wasm.Decode.tags","ASSERTED","Kant.Wasm.Decode.Bytes → Kant.Wasm.Decode.Bytes → Option Kant.Wasm.Decode.Bytes","L1;S33;obj.Kant.Wasm.Decode.tags.match_1","O0;","L0;","L0;","L0;","L0;","L0;","L0;","S79;Kant.Wasm.Decode.Bytes → Kant.Wasm.Decode.Bytes → Option Kant.Wasm.Decode.Bytes","O7;13;source_systemS5;lean411;source_fileS31;RequestProject/Wasm/Decode.lean13;source_formatS4;text11;imported_atI+0;14;transformed_atI+76;15;transformationsL0;13;parent_objectS0;","ac23941280624f23ca6987eb819549e0ea3b3373f14327893bb08a05a23e7ba6"
"obj.Kant.Wasm.Expr.eval","def","Kant.Wasm.Expr.eval","ASSERTED","List UInt64 → Kant.Wasm.Expr → Option UInt64","L0;","O0;","L0;","L0;","L0;","L0;","L0;","L0;","S44;List UInt64 → Kant.Wasm.Expr → Option UInt64","O7;13;source_systemS5;lean411;source_fileS34;RequestProject/Wasm/Semantics.lean13;source_formatS4;text11;imported_atI+0;14;transformed_atI+75;15;transformationsL0;13;parent_objectS0;","a15e1be96131faad4003950d14c2d1fa2b26676a84982847de4ad5455c0886d4"
"obj.Kant.Wasm.Expr.wfb.eq_2","theorem","Kant.Wasm.Expr.wfb.eq_2","PROVEN","∀ (arity a : Nat),   Eq (Kant.Wasm.Expr.wfb arity (Kant.Wasm.Expr.var a)) (Decidable.decide (instLTNat.lt a arity))","L0;","O0;","L0;","L0;","L1;S29;claim.Kant.Wasm.Expr.wfb.eq_2","L0;","L1;S29;proof.Kant.Wasm.Expr.wfb.eq_2","L0;","S115;∀ (arity a : Nat),   Eq (Kant.Wasm.Expr.wfb arity (Kant.Wasm.Expr.var a)) (Decidable.decide (instLTNat.lt a arity))","O7;13;source_systemS5;lean411;source_fileS31;RequestProject/Wasm/Syntax.lean13;source_formatS4;text11;imported_atI+0;14;transformed_atI+0;15;transformationsL0;13;parent_objectS0;","db1ebe8a8b69803f9d678a926b970a1c474a70ab3c6a1b5d8283a35ade02ed8a"
"obj.Kant.SiteCard.Card.Wf.alt","theorem","Kant.SiteCard.Card.Wf.alt","PROVEN","∀ {k : Kant.SiteCard.Card}, k.Wf → Kant.Text.IsAscii k.alt","L2;S25;obj.Kant.SiteCard.Card.WfS21;obj.Kant.Text.IsAscii","O0;","L0;","L0;","L1;S31;claim.Kant.SiteCard.Card.Wf.alt","L0;","L1;S31;proof.Kant.SiteCard.Card.Wf.alt","L0;","S58;∀ {k : Kant.SiteCard.Card}, k.Wf → Kant.Text.IsAscii k.alt","O7;13;source_systemS5;lean411;source_fileS33;RequestProject/Kant/SiteCard.lean13;source_formatS4;text11;imported_atI+0;14;transformed_atI+396;15;transformationsL0;13;parent_objectS0;","dce45e94bf378aff86867e60679db25cf34592424d1f01957d48bddc9e8d2e82"
"obj.Kant.Codec.instDecidableEqSeverity","def","Kant.Codec.instDecidableEqSeverity","ASSERTED","DecidableEq Kant.Codec.Severity","L0;","O0;","L0;","L0;","L0;","L0;","L0;","L0;","S31;DecidableEq Kant.Codec.Severity","O7;13;source_systemS5;lean411;source_fileS36;RequestProject/Kant/Codec/Model.lean13;source_formatS4;text11;imported_atI+0;14;transformed_atI+49;15;transformationsL0;13;parent_objectS0;","b362eb28824accb8947eb5909c386a4baf1f5b50d77cfe9ec19f95197c92c531"
"obj.Kant.Dom.Decl.file","def","Kant.Dom.Decl.file","ASSERTED","Kant.Dom.Decl → List Char","L1;S17;obj.Kant.Dom.Decl","O0;","L0;","L0;","L0;","L0;","L0;","L0;","S25;Kant.Dom.Decl → List Char","O7;13;source_systemS5;lean411;source_fileS39;RequestProject/Kant/Domain/Catalog.lean13;source_formatS4;text11;imported_atI+0;14;transformed_atI+46;15;transformationsL0;13;parent_objectS0;","a6cb5a3d6f1cbdb3d9045e52a3a9c228f83db8ba119e7fa173268477391d8f46"
"obj.Kant.Dom.proofIdOf","def","Kant.Dom.proofIdOf","ASSERTED","List Char → Kant.Dom.Id","L0;","O0;","L0;","L0;","L0;","L0;","L0;","L0;","S23;List Char → Kant.Dom.Id","O7;13;source_systemS5;lean411;source_fileS39;RequestProject/Kant/Domain/Catalog.lean13;source_formatS4;text11;imported_atI+0;14;transformed_atI+62;15;transformationsL0;13;parent_objectS0;","c3d3f86aa78b761f42caf1838a74e01416cf75014022c5e55a31a40284fcc11a"
"obj.Kant.Cli.cursorQuery","def","Kant.Cli.cursorQuery","ASSERTED","Nat → List Char","L1;S19;obj.Kant.Cli.decNum","O0;","L0;","L0;","L0;","L0;","L0;","L0;","S15;Nat → List Char","O7;13;source_systemS5;lean411;source_fileS28;RequestProject/Kant/Cli.lean13;source_formatS4;text11;imported_atI+0;14;transformed_atI+233;15;transformationsL0;13;parent_objectS0;","4ec43c8c661d6b1ed6576805c18548a997af309152f4d4b012e0dbe2518da50b"
"obj.Kant.Codec.Fmt.recOn","def","Kant.Codec.Fmt.recOn","ASSERTED","{motive : Kant.Codec.Fmt → Sort u} →   (t : Kant.Codec.Fmt) →     motive Kant.Codec.Fmt.canonical →       motive Kant.Codec.Fmt.ipdl →         motive Kant.Codec.Fmt.xml →           motive Kant.Codec.Fmt.csv →             motive Kant.Codec.Fmt.yaml →               motive Kant.Codec.Fmt.text → motive Kant.Codec.Fmt.unknown → motive t","L0;","O0;","L0;","L0;","L0;","L0;","L0;","L0;","S333;{motive : Kant.Codec.Fmt → Sort u} →   (t : Kant.Codec.Fmt) →     motive Kant.Codec.Fmt.canonical →       motive Kant.Codec.Fmt.ipdl →         motive Kant.Codec.Fmt.xml →           motive Kant.Codec.Fmt.csv →             motive Kant.Codec.Fmt.yaml →               motive Kant.Codec.Fmt.text → motive Kant.Codec.Fmt.unknown → motive t","O7;13;source_systemS5;lean411;source_fileS36;RequestProject/Kant/Codec/Model.lean13;source_formatS4;text11;imported_atI+0;14;transformed_atI+51;15;transformationsL0;13;parent_objectS0;","f7de7d1871c4cbeb74df18e4815a0c988faba8c771f8a49117d8fbca3a42897e"
"obj.Kant.Handoff.instDecidableEqMove.decEq.match_1","def","Kant.Handoff.instDecidableEqMove.decEq.match_1","ASSERTED","(motive : Kant.Handoff.Move → Kant.Handoff.Move → Sort u_1) →   (x x_1 : Kant.Handoff.Move) →     ((a b : List Char) → motive (Kant.Handoff.Move.copyOut a) (Kant.Handoff.Move.copyOut b)) →       ((code : List Char) → motive (Kant.Handoff.Move.copyOut code) Kant.Handoff.Move.pasteIn) →         ((code : List Char) → motive Kant.Handoff.Move.pasteIn (Kant.Handoff.Move.copyOut code)) →           (Unit → motive Kant.Handoff.Move.pasteIn Kant.Handoff.Move.pasteIn) → motive x x_1","L0;","O0;","L0;","L0;","L0;","L0;","L0;","L0;","S477;(motive : Kant.Handoff.Move → Kant.Handoff.Move → Sort u_1) →   (x x_1 : Kant.Handoff.Move) →     ((a b : List Char) → motive (Kant.Handoff.Move.copyOut a) (Kant.Handoff.Move.copyOut b)) →       ((code : List Char) → motive (Kant.Handoff.Move.copyOut code) Kant.Handoff.Move.pasteIn) →         ((code : List Char) → motive Kant.Handoff.Move.pasteIn (Kant.Handoff.Move.copyOut code)) →           (Unit → motive Kant.Handoff.Move.pasteIn Kant.Handoff.Move.pasteIn) → motive x x_1","O7;13;source_systemS5;lean411;source_fileS32;RequestProject/Kant/Handoff.lean13;source_formatS4;text11;imported_atI+0;14;transformed_atI+0;15;transformationsL0;13;parent_objectS0;","baccfe1850380348200a9689851edecb9799f16c2e431ace5e58104154389711"
"obj.Kant.Codec.Trans.toVal","def","Kant.Codec.Trans.toVal","ASSERTED","Kant.Codec.Trans → Kant.Codec.Val","L4;S25;obj.Kant.Codec.Trans.destS30;obj.Kant.Codec.Trans.inputHashS24;obj.Kant.Codec.Err.toValS27;obj.Kant.Codec.Trans.errors","O0;","L0;","L0;","L0;","L0;","L0;","L0;","S33;Kant.Codec.Trans → Kant.Codec.Val","O7;13;source_systemS5;lean411;source_fileS36;RequestProject/Kant/Codec/Model.lean13;source_formatS4;text11;imported_atI+0;14;transformed_atI+288;15;transformationsL0;13;parent_objectS0;","14f367f6091c49fe693a368dad0b75e1df0533cebe9347b87f6eea673b26cedb"
"obj.Kant.Codec.ImportReport.format","def","Kant.Codec.ImportReport.format","ASSERTED","Kant.Codec.ImportReport → Kant.Codec.Fmt","L0;","O0;","L0;","L0;","L0;","L0;","L0;","L0;","S40;Kant.Codec.ImportReport → Kant.Codec.Fmt","O7;13;source_systemS5;lean411;source_fileS39;RequestProject/Kant/Codec/Exchange.lean13;source_formatS4;text11;imported_atI+0;14;transformed_atI+188;15;transformationsL0;13;parent_objectS0;","60b7ff6ee1a254419cc49f6d0a2a1cc6df9f8f2d20c25ccb56927109d3ebbe20"
"obj.Kant.Codec.codecVersion","def","Kant.Codec.codecVersion","ASSERTED","List Char","L0;","O0;","L0;","L0;","L0;","L0;","L0;","L0;","S9;List Char","O7;13;source_systemS5;lean411;source_fileS39;RequestProject/Kant/Codec/Exchange.lean13;source_formatS4;text11;imported_atI+0;14;transformed_atI+144;15;transformationsL0;13;parent_objectS0;","8cf7c504a0468c45730d0efd1e9e8d12b8512aedab2e005f06db5f59e091f22c"
"obj.Kant.Uucp.bag_rejects_forgery","theorem","Kant.Uucp.bag_rejects_forgery","PROVEN","∀ {e : Kant.Clipboard.Envelope},   (Exists fun f =>       And (List.instMembership.mem e.fields f)         (Eq (Kant.Relay.parseMsg (Kant.Text.asciiChars f)) Option.none)) →     Eq (Kant.Uucp.toBag e) Option.none","L0;","O0;","L0;","L0;","L1;S35;claim.Kant.Uucp.bag_rejects_forgery","L0;","L1;S35;proof.Kant.Uucp.bag_rejects_forgery","L0;","S212;∀ {e : Kant.Clipboard.Envelope},   (Exists fun f =>       And (List.instMembership.mem e.fields f)         (Eq (Kant.Relay.parseMsg (Kant.Text.asciiChars f)) Option.none)) →     Eq (Kant.Uucp.toBag e) Option.none","O7;13;source_systemS5;lean411;source_fileS29;RequestProject/Kant/Uucp.lean13;source_formatS4;text11;imported_atI+0;14;transformed_atI+149;15;transformationsL0;13;parent_objectS0;","27028761140db5c3ec9ad55c455032f07ad82791debd568905a16c5b97ee2106"
"obj.Kant.Codec.Err.toVal","def","Kant.Codec.Err.toVal","ASSERTED","Kant.Codec.Err → Kant.Codec.Val","L1;S28;obj.Kant.Codec.Severity.name","O0;","L0;","L0;","L0;","L0;","L0;","L0;","S31;Kant.Codec.Err → Kant.Codec.Val","O7;13;source_systemS5;lean411;source_fileS36;RequestProject/Kant/Codec/Model.lean13;source_formatS4;text11;imported_atI+0;14;transformed_atI+236;15;transformationsL0;13;parent_objectS0;","498a95a6b1c44740e2d5b63dcd6d46e3854a27b1f8a4301efb789aa0bddde501"
"obj.Kant.Codec.optVal.match_1","def","Kant.Codec.optVal.match_1","ASSERTED","{α : Type} →   (motive : Option α → Sort u_1) →     (x : Option α) → (Unit → motive Option.none) → ((a : α) → motive (Option.some a)) → motive x","L0;","O0;","L0;","L0;","L0;","L0;","L0;","L0;","S144;{α : Type} →   (motive : Option α → Sort u_1) →     (x : Option α) → (Unit → motive Option.none) → ((a : α) → motive (Option.some a)) → motive x","O7;13;source_systemS5;lean411;source_fileS36;RequestProject/Kant/Codec/Model.lean13;source_formatS4;text11;imported_atI+0;14;transformed_atI+0;15;transformationsL0;13;parent_objectS0;","0259f6bd9a6f626fb5fcd4cf3893df0c9bd71004c78c5015190bb36e1de86172"
"obj.Kant.Diagnostics.instDecidableEqLog.decEq","def","Kant.Diagnostics.instDecidableEqLog.decEq","ASSERTED","(x x_1 : Kant.Diagnostics.Log) → Decidable (Eq x x_1)","L0;","O0;","L0;","L0;","L0;","L0;","L0;","L0;","S53;(x x_1 : Kant.Diagnostics.Log) → Decidable (Eq x x_1)","O7;13;source_systemS5;lean411;source_fileS36;RequestProject/Kant/Diagnostics.lean13;source_formatS4;text11;imported_atI+0;14;transformed_atI+212;15;transformationsL0;13;parent_objectS0;","7af9815c191c161a17813f11919319157c1fc16b526793cc6183da4d1c121827"
"obj.Kant.Dasl.bottCoords_nodup","theorem","Kant.Dasl.bottCoords_nodup","PROVEN","Kant.Dasl.bottCoords.Nodup","L0;","O0;","L0;","L0;","L1;S32;claim.Kant.Dasl.bottCoords_nodup","L0;","L1;S32;proof.Kant.Dasl.bottCoords_nodup","L0;","S26;Kant.Dasl.bottCoords.Nodup","O7;13;source_systemS5;lean411;source_fileS29;RequestProject/Kant/Dasl.lean13;source_formatS4;text11;imported_atI+0;14;transformed_atI+307;15;transformationsL0;13;parent_objectS0;","a4534e5d7386cab4d12e68635819d4079885e7eff1a9dedaefbc055cdb87a8ad"
"obj.Kant.Connectivity.instDecidableEqReachability.decEq","def","Kant.Connectivity.instDecidableEqReachability.decEq","ASSERTED","(x x_1 : Kant.Connectivity.Reachability) → Decidable (Eq x x_1)","L0;","O0;","L0;","L0;","L0;","L0;","L0;","L0;","S63;(x x_1 : Kant.Connectivity.Reachability) → Decidable (Eq x x_1)","O7;13;source_systemS5;lean411;source_fileS37;RequestProject/Kant/Connectivity.lean13;source_formatS4;text11;imported_atI+0;14;transformed_atI+60;15;transformationsL0;13;parent_objectS0;","8d00c58b9a1bc5e761e72642633cf6b43641c35c0cf0fd859e6d42bc94fc4ee2"
"obj.Kant.Credits.Ledger.casesOn","def","Kant.Credits.Ledger.casesOn","ASSERTED","{motive : Kant.Credits.Ledger → Sort u} →   (t : Kant.Credits.Ledger) →     ((earnLog spendLog : List (Prod Kant.Credits.Peer Nat)) →         motive { earnLog := earnLog, spendLog := spendLog }) →       motive t","L0;","O0;","L0;","L0;","L0;","L0;","L0;","L0;","S211;{motive : Kant.Credits.Ledger → Sort u} →   (t : Kant.Credits.Ledger) →     ((earnLog spendLog : List (Prod Kant.Credits.Peer Nat)) →         motive { earnLog := earnLog, spendLog := spendLog }) →       motive t","O7;13;source_systemS5;lean411;source_fileS32;RequestProject/Kant/Credits.lean13;source_formatS4;text11;imported_atI+0;14;transformed_atI+40;15;transformationsL0;13;parent_objectS0;","e12a8f892d93e566d6175dcdc16769917b817370b0feae30b35bedb2079fc97b"
"obj.Kant.Diagnostics.parseHeader","def","Kant.Diagnostics.parseHeader","ASSERTED","List Char → Option (Prod Kant.Connectivity.Verdict (Prod (List Char) (List Char)))","L0;","O0;","L0;","L0;","L0;","L0;","L0;","L0;","S82;List Char → Option (Prod Kant.Connectivity.Verdict (Prod (List Char) (List Char)))","O7;13;source_systemS5;lean411;source_fileS36;RequestProject/Kant/Diagnostics.lean13;source_formatS4;text11;imported_atI+0;14;transformed_atI+525;15;transformationsL0;13;parent_objectS0;","7372e9586f0691c65c61e25ae02c3fc165c2f2755cf54418182f78d8a3c77373"
"obj.Kant.Wasm.Kernel.rotate71E.eq_1","theorem","Kant.Wasm.Kernel.rotate71E.eq_1","PROVEN","Eq Kant.Wasm.Kernel.rotate71E (((Kant.Wasm.Expr.var 0).add (Kant.Wasm.Expr.var 1)).modC 71)","L0;","O0;","L0;","L0;","L1;S37;claim.Kant.Wasm.Kernel.rotate71E.eq_1","L0;","L1;S37;proof.Kant.Wasm.Kernel.rotate71E.eq_1","L0;","S91;Eq Kant.Wasm.Kernel.rotate71E (((Kant.Wasm.Expr.var 0).add (Kant.Wasm.Expr.var 1)).modC 71)","O7;13;source_systemS5;lean411;source_fileS35;RequestProject/Wasm/KernelSpec.lean13;source_formatS4;text11;imported_atI+0;14;transformed_atI+0;15;transformationsL0;13;parent_objectS0;","d9ee089601cec92e390f87b1aa9b48e1d58df9ba3948fdc86a87b27b772d7efb"
"obj.Kant.Wasm.Decode.RawModule.noConfusion","def","Kant.Wasm.Decode.RawModule.noConfusion","ASSERTED","{P : Sort u} →   {t t' : Kant.Wasm.Decode.RawModule} → Eq t t' → Kant.Wasm.Decode.RawModule.noConfusionType P t t'","L0;","O0;","L0;","L0;","L0;","L0;","L0;","L0;","S114;{P : Sort u} →   {t t' : Kant.Wasm.Decode.RawModule} → Eq t t' → Kant.Wasm.Decode.RawModule.noConfusionType P t t'","O7;13;source_systemS5;lean411;source_fileS31;RequestProject/Wasm/Decode.lean13;source_formatS4;text11;imported_atI+0;14;transformed_atI+59;15;transformationsL0;13;parent_objectS0;","575eec57f14327578cb01d2abbad422c4bea6e177eae40b576847d4be96f4a5a"
"obj.Kant.Codec.Inp.mk.noConfusion","def","Kant.Codec.Inp.mk.noConfusion","ASSERTED","{P : Sort u} →   {id name type : List Char} →     {value : Kant.Codec.Val} →       {encoding units : List Char} →         {constraints : List Kant.Codec.Val} →           {provenance : Option Kant.Codec.Prov} →             {id' name' type' : List Char} →               {value' : Kant.Codec.Val} →                 {encoding' units' : List Char} →                   {constraints' : List Kant.Codec.Val} →                     {provenance' : Option Kant.Codec.Prov} →                       Eq                           { id := id, name := name, type := type, value := value,                             encoding := encoding, units := units, constraints := constraints,                             provenance := provenance }                           { id := id', name := name', type := type', value := value',                             encoding := encoding', units := units', constraints := constraints',                             provenance := provenance' } →                         (Eq id id' →                             Eq name name' →                               Eq type type' →                                 Eq value value' →                                   Eq encoding encoding' →                                     Eq units units' →                                       Eq constraints constraints' → Eq provenance provenance' → P) →                           P","L0;","O0;","L0;","L0;","L0;","L0;","L0;","L0;","S1377;{P : Sort u} →   {id name type : List Char} →     {value : Kant.Codec.Val} →       {encoding units : List Char} →         {constraints : List Kant.Codec.Val} →           {provenance : Option Kant.Codec.Prov} →             {id' name' type' : List Char} →               {value' : Kant.Codec.Val} →                 {encoding' units' : List Char} →                   {constraints' : List Kant.Codec.Val} →                     {provenance' : Option Kant.Codec.Prov} →                       Eq                           { id := id, name := name, type := type, value := value,                             encoding := encoding, units := units, constraints := constraints,                             provenance := provenance }                           { id := id', name := name', type := type', value := value',                             encoding := encoding', units := units', constraints := constraints',                             provenance := provenance' } →                         (Eq id id' →                             Eq name name' →                               Eq type type' →                                 Eq value value' →                                   Eq encoding encoding' →                                     Eq units units' →                                       Eq constraints constraints' → Eq provenance provenance' → P) →                           P","O7;13;source_systemS5;lean411;source_fileS36;RequestProject/Kant/Codec/Model.lean13;source_formatS4;text11;imported_atI+0;14;transformed_atI+362;15;transformationsL0;13;parent_objectS0;","72bd6c81720148a3bde068ef43ef2cd0dabbe21e7e5990616c8bd5ca7c91bf9e"
"obj.Kant.Uucp.openBag_packBag","theorem","Kant.Uucp.openBag_packBag","PROVEN","∀ {ms : List Kant.Relay.Msg},   (∀ (m : Kant.Relay.Msg), List.instMembership.mem ms m → m.Wire) →     Eq (Kant.Uucp.openBag (Kant.Uucp.packBag ms)) (Option.some ms)","L0;","O0;","L0;","L0;","L1;S31;claim.Kant.Uucp.openBag_packBag","L0;","L1;S31;proof.Kant.Uucp.openBag_packBag","L0;","S164;∀ {ms : List Kant.Relay.Msg},   (∀ (m : Kant.Relay.Msg), List.instMembership.mem ms m → m.Wire) →     Eq (Kant.Uucp.openBag (Kant.Uucp.packBag ms)) (Option.some ms)","O7;13;source_systemS5;lean411;source_fileS29;RequestProject/Kant/Uucp.lean13;source_formatS4;text11;imported_atI+0;14;transformed_atI+126;15;transformationsL0;13;parent_objectS0;","5d793cf8ca26eae501bc636321588b5235af724dc89dca7f3219fc417ffc56ac"
"obj.Kant.Codec.rowsList.eq_1","theorem","Kant.Codec.rowsList.eq_1","PROVEN","∀ (parent : List Char) (i : Nat), Eq (Kant.Codec.rowsList parent i List.nil) List.nil","L0;","O0;","L0;","L0;","L1;S30;claim.Kant.Codec.rowsList.eq_1","L0;","L1;S30;proof.Kant.Codec.rowsList.eq_1","L0;","S85;∀ (parent : List Char) (i : Nat), Eq (Kant.Codec.rowsList parent i List.nil) List.nil","O7;13;source_systemS5;lean411;source_fileS34;RequestProject/Kant/Codec/Csv.lean13;source_formatS4;text11;imported_atI+0;14;transformed_atI+0;15;transformationsL0;13;parent_objectS0;","462a6c4ab3d268ee84a4c7bda3901b798db88a37143febf807fa2fb43358ab93"
"obj.Kant.Codec.project.eq_def","theorem","Kant.Codec.project.eq_def","PROVEN","∀ (x : Kant.Codec.Ipdl),   Eq (Kant.Codec.project x)     (Kant.Codec.instReprIpdl.repr.match_1 (fun x => Kant.Codec.Val) x (fun _ => Kant.Codec.Val.null)       (fun b => Kant.Codec.Val.bool b) (fun n => Kant.Codec.Val.int n)       (fun s => Kant.Codec.Val.str s) (fun xs => Kant.Codec.Val.list (Kant.Codec.projectList xs))       (fun fs => Kant.Codec.Val.obj (Kant.Codec.projectFields fs))       (fun t =>         Kant.Codec.Val.obj           (List.cons { fst := Kant.Codec.ipdlRefKey, snd := Kant.Codec.Val.str t } List.nil))       fun k n b =>       Kant.Codec.Val.obj         (List.cons { fst := Kant.Codec.ipdlAnnotKey, snd := Kant.Codec.Val.str k }           (List.cons { fst := Kant.Codec.ipdlNoteKey, snd := Kant.Codec.Val.str n }             (List.cons { fst := Kant.Codec.ipdlBodyKey, snd := Kant.Codec.project b } List.nil))))","L0;","O0;","L0;","L0;","L1;S31;claim.Kant.Codec.project.eq_def","L0;","L1;S31;proof.Kant.Codec.project.eq_def","L0;","S836;∀ (x : Kant.Codec.Ipdl),   Eq (Kant.Codec.project x)     (Kant.Codec.instReprIpdl.repr.match_1 (fun x => Kant.Codec.Val) x (fun _ => Kant.Codec.Val.null)       (fun b => Kant.Codec.Val.bool b) (fun n => Kant.Codec.Val.int n)       (fun s => Kant.Codec.Val.str s) (fun xs => Kant.Codec.Val.list (Kant.Codec.projectList xs))       (fun fs => Kant.Codec.Val.obj (Kant.Codec.projectFields fs))       (fun t =>         Kant.Codec.Val.obj           (List.cons { fst := Kant.Codec.ipdlRefKey, snd := Kant.Codec.Val.str t } List.nil))       fun k n b =>       Kant.Codec.Val.obj         (List.cons { fst := Kant.Codec.ipdlAnnotKey, snd := Kant.Codec.Val.str k }           (List.cons { fst := Kant.Codec.ipdlNoteKey, snd := Kant.Codec.Val.str n }             (List.cons { fst := Kant.Codec.ipdlBodyKey, snd := Kant.Codec.project b } List.nil))))","O7;13;source_systemS5;lean411;source_fileS35;RequestProject/Kant/Codec/Ipdl.lean13;source_formatS4;text11;imported_atI+0;14;transformed_atI+0;15;transformationsL0;13;parent_objectS0;","9da550b7f7347cb880680ddb0c4fe39bf2e8d14e4779dda63c8f49c0fcfdef99"
"obj.Kant.Codec.Level","inductive","Kant.Codec.Level","ASSERTED","Type","L0;","O0;","L0;","L0;","L0;","L0;","L0;","L0;","S4;Type","O7;13;source_systemS5;lean411;source_fileS39;RequestProject/Kant/Codec/Exchange.lean13;source_formatS4;text11;imported_atI+0;14;transformed_atI+287;15;transformationsL0;13;parent_objectS0;","6647383ca49cd8e4944cf17c7f094a57bbced55878297b4af5b5c83d63cd25bd"
"obj.Kant.Wasm.Decode.toRaw.eq_5","theorem","Kant.Wasm.Decode.toRaw.eq_5","PROVEN","Eq (Kant.Wasm.Decode.toRaw Kant.Wasm.Instr.extendU) Kant.Wasm.Decode.RawInstr.extendU","L1;S26;obj.Kant.Wasm.Decode.toRaw","O0;","L0;","L0;","L1;S33;claim.Kant.Wasm.Decode.toRaw.eq_5","L0;","L1;S33;proof.Kant.Wasm.Decode.toRaw.eq_5","L0;","S85;Eq (Kant.Wasm.Decode.toRaw Kant.Wasm.Instr.extendU) Kant.Wasm.Decode.RawInstr.extendU","O7;13;source_systemS5;lean411;source_fileS31;RequestProject/Wasm/Decode.lean13;source_formatS4;text11;imported_atI+0;14;transformed_atI+0;15;transformationsL0;13;parent_objectS0;","51ec02c0fbe09d6a066e981775192d7d76f9eaf7a0fc8e8467723b392a61c997"
"obj.Kant.Bytes.hexDecode.eq_def","theorem","Kant.Bytes.hexDecode.eq_def","PROVEN","∀ (x : List Char),   Eq (Kant.Bytes.hexDecode x)     (Kant.Bytes.hexDecode.match_1 (fun x => Option Kant.Bytes.Blob) x       (fun _ => Option.some List.nil) (fun head => Option.none) fun c₁ c₂ rest => do       let h ← Kant.Bytes.hexVal c₁       let l ← Kant.Bytes.hexVal c₂       let tail ← Kant.Bytes.hexDecode rest       instAlternativeOption.pure           (List.cons (UInt8.ofNat (instHAdd.hAdd (instHMul.hMul 16 h) l)) tail))","L1;S21;obj.Kant.Bytes.hexVal","O0;","L0;","L0;","L1;S33;claim.Kant.Bytes.hexDecode.eq_def","L0;","L1;S33;proof.Kant.Bytes.hexDecode.eq_def","L0;","S430;∀ (x : List Char),   Eq (Kant.Bytes.hexDecode x)     (Kant.Bytes.hexDecode.match_1 (fun x => Option Kant.Bytes.Blob) x       (fun _ => Option.some List.nil) (fun head => Option.none) fun c₁ c₂ rest => do       let h ← Kant.Bytes.hexVal c₁       let l ← Kant.Bytes.hexVal c₂       let tail ← Kant.Bytes.hexDecode rest       instAlternativeOption.pure           (List.cons (UInt8.ofNat (instHAdd.hAdd (instHMul.hMul 16 h) l)) tail))","O7;13;source_systemS5;lean411;source_fileS30;RequestProject/Kant/Bytes.lean13;source_formatS4;text11;imported_atI+0;14;transformed_atI+0;15;transformationsL0;13;parent_objectS0;","0f9b80abb2eca0755c6b82be38c0f3024d83f2cca6bd02c70ce717a46ff1e894"
"obj.Kant.Cli.decNum","def","Kant.Cli.decNum","ASSERTED","Nat → List Char","L1;S19;obj.Kant.Cli.decAux","O0;","L0;","L0;","L0;","L0;","L0;","L0;","S15;Nat → List Char","O7;13;source_systemS5;lean411;source_fileS28;RequestProject/Kant/Cli.lean13;source_formatS4;text11;imported_atI+0;14;transformed_atI+76;15;transformationsL0;13;parent_objectS0;","771da8dc9d275d4185f5c696c06a84a64777ac72a35a82a38e9f9d31ce65e978"
"obj.Kant.Sheaf.DaslType.hauptmodul.elim","def","Kant.Sheaf.DaslType.hauptmodul.elim","ASSERTED","{motive : Kant.Sheaf.DaslType → Sort u} →   (t : Kant.Sheaf.DaslType) → Eq t.ctorIdx 7 → motive Kant.Sheaf.DaslType.hauptmodul → motive t","L1;S32;obj.Kant.Sheaf.DaslType.ctorElim","O0;","L0;","L0;","L0;","L0;","L0;","L0;","S137;{motive : Kant.Sheaf.DaslType → Sort u} →   (t : Kant.Sheaf.DaslType) → Eq t.ctorIdx 7 → motive Kant.Sheaf.DaslType.hauptmodul → motive t","O7;13;source_systemS5;lean411;source_fileS30;RequestProject/Kant/Sheaf.lean13;source_formatS4;text11;imported_atI+0;14;transformed_atI+33;15;transformationsL0;13;parent_objectS0;","fa93765522dc1c0582a186c20398a03abd5d49070ef2022726c04a6d10ea078c"
"obj.Kant.CardDebug.pairCodes.match_1","def","Kant.CardDebug.pairCodes.match_1","ASSERTED","(motive : Kant.CardDebug.Code → Kant.CardDebug.Code → Sort u_1) →   (x x_1 : Kant.CardDebug.Code) →     ((a b : Kant.Rendezvous.Invite) →         motive (Kant.CardDebug.Code.invite a) (Kant.CardDebug.Code.invite b)) →       ((i : Kant.Rendezvous.Invite) →           (x : Kant.CardDebug.Code) → motive (Kant.CardDebug.Code.invite i) x) →         ((x : Kant.CardDebug.Code) →             (i : Kant.Rendezvous.Invite) → motive x (Kant.CardDebug.Code.invite i)) →           ((u v : Kant.CardDebug.Code) → motive u v) → motive x x_1","L1;S31;obj.Kant.CardDebug.Code.ctorIdx","O0;","L0;","L0;","L0;","L0;","L0;","L0;","S527;(motive : Kant.CardDebug.Code → Kant.CardDebug.Code → Sort u_1) →   (x x_1 : Kant.CardDebug.Code) →     ((a b : Kant.Rendezvous.Invite) →         motive (Kant.CardDebug.Code.invite a) (Kant.CardDebug.Code.invite b)) →       ((i : Kant.Rendezvous.Invite) →           (x : Kant.CardDebug.Code) → motive (Kant.CardDebug.Code.invite i) x) →         ((x : Kant.CardDebug.Code) →             (i : Kant.Rendezvous.Invite) → motive x (Kant.CardDebug.Code.invite i)) →           ((u v : Kant.CardDebug.Code) → motive u v) → motive x x_1","O7;13;source_systemS5;lean411;source_fileS34;RequestProject/Kant/CardDebug.lean13;source_formatS4;text11;imported_atI+0;14;transformed_atI+0;15;transformationsL0;13;parent_objectS0;","e2e7fa6517addb853d8c38f4b7c448e2796b65a4d5a9d97f2f6bac80761115dc"
"obj.Kant.Codec.Obj.sourceData","def","Kant.Codec.Obj.sourceData","ASSERTED","Kant.Codec.Obj → List Char","L0;","O0;","L0;","L0;","L0;","L0;","L0;","L0;","S26;Kant.Codec.Obj → List Char","O7;13;source_systemS5;lean411;source_fileS36;RequestProject/Kant/Codec/Model.lean13;source_formatS4;text11;imported_atI+0;14;transformed_atI+470;15;transformationsL0;13;parent_objectS0;","433914e9036411b67c2bfc4981f222d165b7b020dfc4f9f058da421f20e38e9b"
"obj.Kant.SiteCard.readChatText_chatText","theorem","Kant.SiteCard.readChatText_chatText","PROVEN","∀ {k : Kant.SiteCard.Card},   k.Wf →     Not (List.instMembership.mem k.caption '\n') →       Not (List.instMembership.mem k.url '\n') →         Eq (Kant.SiteCard.readChatText (Kant.SiteCard.chatText k)) (Option.some k)","L2;S25;obj.Kant.SiteCard.Card.WfS36;obj.Kant.SiteCard.splitCh_of_not_mem","O0;","L0;","L0;","L1;S41;claim.Kant.SiteCard.readChatText_chatText","L0;","L1;S41;proof.Kant.SiteCard.readChatText_chatText","L0;","S219;∀ {k : Kant.SiteCard.Card},   k.Wf →     Not (List.instMembership.mem k.caption '\n') →       Not (List.instMembership.mem k.url '\n') →         Eq (Kant.SiteCard.readChatText (Kant.SiteCard.chatText k)) (Option.some k)","O7;13;source_systemS5;lean411;source_fileS33;RequestProject/Kant/SiteCard.lean13;source_formatS4;text11;imported_atI+0;14;transformed_atI+694;15;transformationsL0;13;parent_objectS0;","a6d4a5538aed0a9a0fbaec366bb3dcd588341a8ebe46002443fb33644037581f"
"obj.Kant.Diagnostics.Level.info.elim","def","Kant.Diagnostics.Level.info.elim","ASSERTED","{motive : Kant.Diagnostics.Level → Sort u} →   (t : Kant.Diagnostics.Level) → Eq t.ctorIdx 0 → motive Kant.Diagnostics.Level.info → motive t","L0;","O0;","L0;","L0;","L0;","L0;","L0;","L0;","S140;{motive : Kant.Diagnostics.Level → Sort u} →   (t : Kant.Diagnostics.Level) → Eq t.ctorIdx 0 → motive Kant.Diagnostics.Level.info → motive t","O7;13;source_systemS5;lean411;source_fileS36;RequestProject/Kant/Diagnostics.lean13;source_formatS4;text11;imported_atI+0;14;transformed_atI+65;15;transformationsL0;13;parent_objectS0;","7a0fc985e8e208ccc8007bd36f2e2e47a5e1faf7c4c5144a8a065ada52f6adc5"
"obj.Kant.Onboarding.Task.shareIt.elim","def","Kant.Onboarding.Task.shareIt.elim","ASSERTED","{motive : Kant.Onboarding.Task → Sort u} →   (t : Kant.Onboarding.Task) → Eq t.ctorIdx 1 → motive Kant.Onboarding.Task.shareIt → motive t","L0;","O0;","L0;","L0;","L0;","L0;","L0;","L0;","S137;{motive : Kant.Onboarding.Task → Sort u} →   (t : Kant.Onboarding.Task) → Eq t.ctorIdx 1 → motive Kant.Onboarding.Task.shareIt → motive t","O7;13;source_systemS5;lean411;source_fileS35;RequestProject/Kant/Onboarding.lean13;source_formatS4;text11;imported_atI+0;14;transformed_atI+95;15;transformationsL0;13;parent_objectS0;","db9cf299c3302495f0efd96c3fcf07f2fcc0a5f93eb7650fc9a7500582a7fc3c"
"obj.Kant.Join.words_of_blank","theorem","Kant.Join.words_of_blank","PROVEN","∀ {s : List Char},   (∀ (c : Char), List.instMembership.mem s c → Eq (Kant.Join.isBlank c) Bool.true) →     Eq (Kant.Join.words s) List.nil","L0;","O0;","L0;","L0;","L1;S30;claim.Kant.Join.words_of_blank","L0;","L1;S30;proof.Kant.Join.words_of_blank","L0;","S139;∀ {s : List Char},   (∀ (c : Char), List.instMembership.mem s c → Eq (Kant.Join.isBlank c) Bool.true) →     Eq (Kant.Join.words s) List.nil","O7;13;source_systemS5;lean411;source_fileS29;RequestProject/Kant/Join.lean13;source_formatS4;text11;imported_atI+0;14;transformed_atI+201;15;transformationsL0;13;parent_objectS0;","9e360d5ae45836f077ec9d146eeb4463102c599ad0fe6b66f4c0c39784096059"
"obj.Kant.Dom.readIntCell","def","Kant.Dom.readIntCell","ASSERTED","List Char → Option Int","L1;S26;obj.Kant.Codec.parseIntAll","O0;","L0;","L0;","L0;","L0;","L0;","L0;","S22;List Char → Option Int","O7;13;source_systemS5;lean411;source_fileS38;RequestProject/Kant/Domain/Policy.lean13;source_formatS4;text11;imported_atI+0;14;transformed_atI+225;15;transformationsL0;13;parent_objectS0;","c714f14ab52ce7fe3c504a101e7095c9afb8ca3db8f94ee0f86fcfb852ae6adb"
"obj.Kant.Dom.proofIdOf.eq_1","theorem","Kant.Dom.proofIdOf.eq_1","PROVEN","∀ (n : List Char), Eq (Kant.Dom.proofIdOf n) (instHAppendOfAppend.hAppend ""proof."".toList n)","L1;S22;obj.Kant.Dom.proofIdOf","O0;","L0;","L0;","L1;S29;claim.Kant.Dom.proofIdOf.eq_1","L0;","L1;S29;proof.Kant.Dom.proofIdOf.eq_1","L0;","S92;∀ (n : List Char), Eq (Kant.Dom.proofIdOf n) (instHAppendOfAppend.hAppend ""proof."".toList n)","O7;13;source_systemS5;lean411;source_fileS39;RequestProject/Kant/Domain/Catalog.lean13;source_formatS4;text11;imported_atI+0;14;transformed_atI+0;15;transformationsL0;13;parent_objectS0;","6233305b803c0616e3f7c76617796401eaa2bec19855f2c0ab16cee2b89dc31b"
"obj.Kant.Codec.ipdlText_hash","theorem","Kant.Codec.ipdlText_hash","PROVEN","∀ (i : Kant.Codec.Ipdl),   Eq (Kant.Codec.ipdlText i)     (instHAppendOfAppend.hAppend Kant.Codec.ipdlHeader (Kant.Codec.canonEnc (Kant.Codec.project i)))","L0;","O0;","L0;","L0;","L1;S30;claim.Kant.Codec.ipdlText_hash","L0;","L1;S30;proof.Kant.Codec.ipdlText_hash","L0;","S154;∀ (i : Kant.Codec.Ipdl),   Eq (Kant.Codec.ipdlText i)     (instHAppendOfAppend.hAppend Kant.Codec.ipdlHeader (Kant.Codec.canonEnc (Kant.Codec.project i)))","O7;13;source_systemS5;lean411;source_fileS35;RequestProject/Kant/Codec/Ipdl.lean13;source_formatS4;text11;imported_atI+0;14;transformed_atI+348;15;transformationsL0;13;parent_objectS0;","784d188a38c971d197277cef4d9155f64fd0c6b44c83374bac919a933edbd760"
"obj.Kant.Codec.readRow.eq_1","theorem","Kant.Codec.readRow.eq_1","PROVEN","∀ (s : List Char),   Eq (Kant.Codec.readRow s)     (Kant.Codec.readRow.match_1 (fun x => Option (Prod Kant.Codec.Row (List Char)))       (Kant.Codec.readCsvCell ',' s)       (fun a s1 =>         Kant.Codec.readRow.match_1 (fun x => Option (Prod Kant.Codec.Row (List Char)))           (Kant.Codec.readCsvCell ',' s1)           (fun b s2 =>             Kant.Codec.readRow.match_1 (fun x => Option (Prod Kant.Codec.Row (List Char)))               (Kant.Codec.readCsvCell ',' s2)               (fun c s3 =>                 Kant.Codec.readRow.match_1 (fun x => Option (Prod Kant.Codec.Row (List Char)))                   (Kant.Codec.readCsvCell ',' s3)                   (fun d s4 =>                     Kant.Codec.readRow.match_1 (fun x => Option (Prod Kant.Codec.Row (List Char)))                       (Kant.Codec.readCsvCell ',' s4)                       (fun e s5 =>                         Kant.Codec.readRow.match_1                           (fun x => Option (Prod Kant.Codec.Row (List Char)))                           (Kant.Codec.readCsvCell '\n' s5)                           (fun f s6 =>                             Option.some                               {                                 fst :=                                   { objectId := a, objectType := b, field := c, value := d,                                     valueType := e, parentId := f },                                 snd := s6 })                           fun _ => Option.none)                       fun _ => Option.none)                   fun _ => Option.none)               fun _ => Option.none)           fun _ => Option.none)       fun _ => Option.none)","L0;","O0;","L0;","L0;","L1;S29;claim.Kant.Codec.readRow.eq_1","L0;","L1;S29;proof.Kant.Codec.readRow.eq_1","L0;","S1638;∀ (s : List Char),   Eq (Kant.Codec.readRow s)     (Kant.Codec.readRow.match_1 (fun x => Option (Prod Kant.Codec.Row (List Char)))       (Kant.Codec.readCsvCell ',' s)       (fun a s1 =>         Kant.Codec.readRow.match_1 (fun x => Option (Prod Kant.Codec.Row (List Char)))           (Kant.Codec.readCsvCell ',' s1)           (fun b s2 =>             Kant.Codec.readRow.match_1 (fun x => Option (Prod Kant.Codec.Row (List Char)))               (Kant.Codec.readCsvCell ',' s2)               (fun c s3 =>                 Kant.Codec.readRow.match_1 (fun x => Option (Prod Kant.Codec.Row (List Char)))                   (Kant.Codec.readCsvCell ',' s3)                   (fun d s4 =>                     Kant.Codec.readRow.match_1 (fun x => Option (Prod Kant.Codec.Row (List Char)))                       (Kant.Codec.readCsvCell ',' s4)                       (fun e s5 =>                         Kant.Codec.readRow.match_1                           (fun x => Option (Prod Kant.Codec.Row (List Char)))                           (Kant.Codec.readCsvCell '\n' s5)                           (fun f s6 =>                             Option.some                               {                                 fst :=                                   { objectId := a, objectType := b, field := c, value := d,                                     valueType := e, parentId := f },                                 snd := s6 })                           fun _ => Option.none)                       fun _ => Option.none)                   fun _ => Option.none)               fun _ => Option.none)           fun _ => Option.none)       fun _ => Option.none)","O7;13;source_systemS5;lean411;source_fileS34;RequestProject/Kant/Codec/Csv.lean13;source_formatS4;text11;imported_atI+0;14;transformed_atI+0;15;transformationsL0;13;parent_objectS0;","8edf7b8c6247107209372fb5eb41819563069b6e6422187432ba63e51ff690d7"
"obj.Kant.Clipboard.fragment.match_1","def","Kant.Clipboard.fragment.match_1","ASSERTED","(motive : List Char → Sort u_1) →   (u : List Char) →     (Unit → motive List.nil) → ((c : Char) → (cs : List Char) → motive (List.cons c cs)) → motive u","L0;","O0;","L0;","L0;","L0;","L0;","L0;","L0;","S153;(motive : List Char → Sort u_1) →   (u : List Char) →     (Unit → motive List.nil) → ((c : Char) → (cs : List Char) → motive (List.cons c cs)) → motive u","O7;13;source_systemS5;lean411;source_fileS34;RequestProject/Kant/Clipboard.lean13;source_formatS4;text11;imported_atI+0;14;transformed_atI+0;15;transformationsL0;13;parent_objectS0;","496f608fc27cf2bf562e2599dd6c920c6d4131c5248dc3f5134bc397c5e7fcc2"
"obj.Kant.Onboarding.instDecidableEqState","def","Kant.Onboarding.instDecidableEqState","ASSERTED","DecidableEq Kant.Onboarding.State","L0;","O0;","L0;","L0;","L0;","L0;","L0;","L0;","S33;DecidableEq Kant.Onboarding.State","O7;13;source_systemS5;lean411;source_fileS35;RequestProject/Kant/Onboarding.lean13;source_formatS4;text11;imported_atI+0;14;transformed_atI+123;15;transformationsL0;13;parent_objectS0;","d3fa974f24a9331a3797f2adf4d4978db3d160b971eb2d34753104926dc0aea7"
"obj.Kant.Repost.receiptCard","def","Kant.Repost.receiptCard","ASSERTED","List Char → Kant.Clipboard.Receipt → List Char","L1;S28;obj.Kant.Clipboard.ofReceipt","O0;","L0;","L0;","L0;","L0;","L0;","L0;","S46;List Char → Kant.Clipboard.Receipt → List Char","O7;13;source_systemS5;lean411;source_fileS31;RequestProject/Kant/Repost.lean13;source_formatS4;text11;imported_atI+0;14;transformed_atI+197;15;transformationsL0;13;parent_objectS0;","88c0de9b8313354d111dc2942b098b5a0830f8fc4dc589b737f24475ea8a7524"
"obj.Kant.Dom.tableText","def","Kant.Dom.tableText","ASSERTED","List (List Char) → List (List (List Char)) → List Char","L0;","O0;","L0;","L0;","L0;","L0;","L0;","L0;","S54;List (List Char) → List (List (List Char)) → List Char","O7;13;source_systemS5;lean411;source_fileS37;RequestProject/Kant/Domain/Table.lean13;source_formatS4;text11;imported_atI+0;14;transformed_atI+127;15;transformationsL0;13;parent_objectS0;","a2283a25b9bbd94efdbc19fb6b4cf551ec0b274ab08eb438be3bfb8d372680fb"
"obj.Kant.Credits.Ledger.balance.eq_1","theorem","Kant.Credits.Ledger.balance.eq_1","PROVEN","∀ (L : Kant.Credits.Ledger) (p : Kant.Credits.Peer),   Eq (L.balance p)     (instHSub.hSub (Kant.Credits.earned L.earnLog p) (Kant.Credits.earned L.spendLog p))","L0;","O0;","L0;","L0;","L1;S38;claim.Kant.Credits.Ledger.balance.eq_1","L0;","L1;S38;proof.Kant.Credits.Ledger.balance.eq_1","L0;","S160;∀ (L : Kant.Credits.Ledger) (p : Kant.Credits.Peer),   Eq (L.balance p)     (instHSub.hSub (Kant.Credits.earned L.earnLog p) (Kant.Credits.earned L.spendLog p))","O7;13;source_systemS5;lean411;source_fileS32;RequestProject/Kant/Credits.lean13;source_formatS4;text11;imported_atI+0;14;transformed_atI+0;15;transformationsL0;13;parent_objectS0;","4576880a4031829f5fbead391db2aa9c5fa50dff1d6055656f1e176c5734ba82"
"obj.Kant.Store.get_put_of_ne","theorem","Kant.Store.get_put_of_ne","PROVEN","∀ {st : Kant.Store} {p : Kant.Paste} {w : List Char} {q : Kant.Paste},   Eq (st.get w) (Option.some q) → Eq ((st.put p).get w) (Option.some q)","L0;","O0;","L0;","L0;","L1;S30;claim.Kant.Store.get_put_of_ne","L0;","L1;S30;proof.Kant.Store.get_put_of_ne","L0;","S142;∀ {st : Kant.Store} {p : Kant.Paste} {w : List Char} {q : Kant.Paste},   Eq (st.get w) (Option.some q) → Eq ((st.put p).get w) (Option.some q)","O7;13;source_systemS5;lean411;source_fileS30;RequestProject/Kant/Paste.lean13;source_formatS4;text11;imported_atI+0;14;transformed_atI+148;15;transformationsL0;13;parent_objectS0;","b4322079efdfb66d118c5671b119dbba7fa1d1da25402dcf6da5136c8bc9b10c"
"obj.Kant.Dom.mem_proofsOf","theorem","Kant.Dom.mem_proofsOf","PROVEN","∀ {d : Kant.Dom.Domain} {o : Kant.Dom.DomObj} {p : Kant.Dom.ProofRec},   List.instMembership.mem (Kant.Dom.proofsOf d o) p →     And (List.instMembership.mem o.proofRefs p.id) (List.instMembership.mem d.proofs p)","L0;","O0;","L0;","L0;","L1;S27;claim.Kant.Dom.mem_proofsOf","L0;","L1;S27;proof.Kant.Dom.mem_proofsOf","L0;","S212;∀ {d : Kant.Dom.Domain} {o : Kant.Dom.DomObj} {p : Kant.Dom.ProofRec},   List.instMembership.mem (Kant.Dom.proofsOf d o) p →     And (List.instMembership.mem o.proofRefs p.id) (List.instMembership.mem d.proofs p)","O7;13;source_systemS5;lean411;source_fileS38;RequestProject/Kant/Domain/Ledger.lean13;source_formatS4;text11;imported_atI+0;14;transformed_atI+63;15;transformationsL0;13;parent_objectS0;","0ceae135a6bf5cbe446ea5ad71b8dd09ed09a90c06d96b18d64d2d11737c31e3"
"obj.Kant.Wasm.instInhabitedFunc","def","Kant.Wasm.instInhabitedFunc","ASSERTED","Inhabited Kant.Wasm.Func","L0;","O0;","L0;","L0;","L0;","L0;","L0;","L0;","S24;Inhabited Kant.Wasm.Func","O7;13;source_systemS5;lean411;source_fileS31;RequestProject/Wasm/Syntax.lean13;source_formatS4;text11;imported_atI+0;14;transformed_atI+128;15;transformationsL0;13;parent_objectS0;","803e0cb02de09c4716e007660ebd6434870d6b70f76907ada8a1f65320c1851a"
"obj.Kant.Credits.Ledger.empty","def","Kant.Credits.Ledger.empty","ASSERTED","Kant.Credits.Ledger","L0;","O0;","L0;","L0;","L0;","L0;","L0;","L0;","S19;Kant.Credits.Ledger","O7;13;source_systemS5;lean411;source_fileS32;RequestProject/Kant/Credits.lean13;source_formatS4;text11;imported_atI+0;14;transformed_atI+48;15;transformationsL0;13;parent_objectS0;","93e1db92f05324071d4579a28353fb7408bfb8ea3c4b78adf7113ef05077011a"
"obj.Kant.Codec.Tests.tNested","def","Kant.Codec.Tests.tNested","ASSERTED","Kant.Codec.Val","L0;","O0;","L0;","L0;","L0;","L0;","L0;","L0;","S14;Kant.Codec.Val","O7;13;source_systemS5;lean411;source_fileS36;RequestProject/Kant/Codec/Tests.lean13;source_formatS4;text11;imported_atI+0;14;transformed_atI+61;15;transformationsL0;13;parent_objectS0;","829046ea445507c868777b85c60dc93b1ec91e75cb13116e121fca4a7f0a66e1"
