"proof_id","name","kind","status","source_file","source_location","input_refs","assumptions","procedure","output_refs","claim_refs","dependencies","certificate","source","provenance","canonical_hash"
"proof.Kant.Dom.proofsOf.eq_1","Kant.Dom.proofsOf.eq_1","lean4","VALID","RequestProject/Kant/Domain/Ledger.lean","0","L0;","L0;","elaborated and checked by the Lean kernel","L1;S26;obj.Kant.Dom.proofsOf.eq_1","L1;S28;claim.Kant.Dom.proofsOf.eq_1","L0;","O4;4;kindS12;lean4-kernel6;digestS64;785f46c3e8ed25753d4a4ef3221219ce011faccd227b505f4510d8c2dfaae9908;locationS38;RequestProject/Kant/Domain/Ledger.lean8;evidenceS15;MACHINE_CHECKED","RequestProject","O7;13;source_systemS5;lean411;source_fileS38;RequestProject/Kant/Domain/Ledger.lean13;source_formatS4;text11;imported_atI+0;14;transformed_atI+0;15;transformationsL0;13;parent_objectS0;","91d550852f9f70e02ed7f0a1fae5bfd3e2475cafbdbc8ec6bb44de43d6936ab9"
"proof.Kant.Cli.cliSession_agree","Kant.Cli.cliSession_agree","lean4","VALID","RequestProject/Kant/Cli.lean","683","L0;","L0;","elaborated and checked by the Lean kernel","L1;S29;obj.Kant.Cli.cliSession_agree","L1;S31;claim.Kant.Cli.cliSession_agree","L0;","O4;4;kindS12;lean4-kernel6;digestS64;fcd75cdfc9fab0dd1c520873bcc58a0e144241784d94c037f84d85d5f95a12008;locationS28;RequestProject/Kant/Cli.lean8;evidenceS15;MACHINE_CHECKED","RequestProject","O7;13;source_systemS5;lean411;source_fileS28;RequestProject/Kant/Cli.lean13;source_formatS4;text11;imported_atI+0;14;transformed_atI+683;15;transformationsL0;13;parent_objectS0;","ffae701b7d9ca4bd8e3a8c7831222d2acf8e87fc62d964d706e6cdbc076b8744"
"proof.Kant.CardDebug.pairCodes.eq_2","Kant.CardDebug.pairCodes.eq_2","lean4","VALID","RequestProject/Kant/CardDebug.lean","0","L1;S36;obj.Kant.CardDebug.pairCodes.match_1","L0;","elaborated and checked by the Lean kernel","L1;S33;obj.Kant.CardDebug.pairCodes.eq_2","L1;S35;claim.Kant.CardDebug.pairCodes.eq_2","L1;S38;proof.Kant.CardDebug.pairCodes.match_1","O4;4;kindS12;lean4-kernel6;digestS64;b073ab53ff9bce8f69864ce30e0e0dfcebfc43a68ccd1e4d35d75d69b38e188a8;locationS34;RequestProject/Kant/CardDebug.lean8;evidenceS15;MACHINE_CHECKED","RequestProject","O7;13;source_systemS5;lean411;source_fileS34;RequestProject/Kant/CardDebug.lean13;source_formatS4;text11;imported_atI+0;14;transformed_atI+0;15;transformationsL0;13;parent_objectS0;","6e143930e7c6a6c9c61466fa5481e8f674ce951ba1aec463728c14494b9bc790"
"proof.Kant.Codec.canonEncFields.eq_2","Kant.Codec.canonEncFields.eq_2","lean4","VALID","RequestProject/Kant/Codec/Val.lean","0","L0;","L0;","elaborated and checked by the Lean kernel","L1;S34;obj.Kant.Codec.canonEncFields.eq_2","L1;S36;claim.Kant.Codec.canonEncFields.eq_2","L0;","O4;4;kindS12;lean4-kernel6;digestS64;c4c7923ae3a95091d3aae0ac1647397240fa6264a57d3e9b26da81ca3dc899248;locationS34;RequestProject/Kant/Codec/Val.lean8;evidenceS15;MACHINE_CHECKED","RequestProject","O7;13;source_systemS5;lean411;source_fileS34;RequestProject/Kant/Codec/Val.lean13;source_formatS4;text11;imported_atI+0;14;transformed_atI+0;15;transformationsL0;13;parent_objectS0;","ec5031733fcabcadef196a34007c86fa6f32c32d5a968a87ade0e1a8b46a7854"
"proof.Kant.Codec.recover.eq_6","Kant.Codec.recover.eq_6","lean4","VALID","RequestProject/Kant/Codec/Ipdl.lean","0","L0;","L0;","elaborated and checked by the Lean kernel","L1;S27;obj.Kant.Codec.recover.eq_6","L1;S29;claim.Kant.Codec.recover.eq_6","L0;","O4;4;kindS12;lean4-kernel6;digestS64;7971160e9c4c0a0b1d6013e6bc1ad96cb72ee17b10d8f389106dfcb3ede1bae28;locationS35;RequestProject/Kant/Codec/Ipdl.lean8;evidenceS15;MACHINE_CHECKED","RequestProject","O7;13;source_systemS5;lean411;source_fileS35;RequestProject/Kant/Codec/Ipdl.lean13;source_formatS4;text11;imported_atI+0;14;transformed_atI+0;15;transformationsL0;13;parent_objectS0;","3891c90e8a91a46e38ca9c8bec630bb1b75d42c6a1cc6fa87871cd97e01f956b"
"proof.Kant.Wasm.Encode.sec.eq_1","Kant.Wasm.Encode.sec.eq_1","lean4","VALID","RequestProject/Wasm/Decode.lean","0","L0;","L0;","elaborated and checked by the Lean kernel","L1;S29;obj.Kant.Wasm.Encode.sec.eq_1","L1;S31;claim.Kant.Wasm.Encode.sec.eq_1","L0;","O4;4;kindS12;lean4-kernel6;digestS64;0ff349b65e43c84ce6a0b61c092fa72b1eff5eae306f7d7a3f43d4230208c9618;locationS31;RequestProject/Wasm/Decode.lean8;evidenceS15;MACHINE_CHECKED","RequestProject","O7;13;source_systemS5;lean411;source_fileS31;RequestProject/Wasm/Decode.lean13;source_formatS4;text11;imported_atI+0;14;transformed_atI+0;15;transformationsL0;13;parent_objectS0;","e99cf8a2150212c74a4d70471966032425778448e54a180d49387bb82f45db6a"
"proof.Kant.Wasm.Decode.funcTypeDec.eq_1","Kant.Wasm.Decode.funcTypeDec.eq_1","lean4","VALID","RequestProject/Wasm/Decode.lean","0","L1;S28;obj.Kant.Wasm.Encode.i64Byte","L0;","elaborated and checked by the Lean kernel","L1;S37;obj.Kant.Wasm.Decode.funcTypeDec.eq_1","L1;S39;claim.Kant.Wasm.Decode.funcTypeDec.eq_1","L1;S30;proof.Kant.Wasm.Encode.i64Byte","O4;4;kindS12;lean4-kernel6;digestS64;930f1481f56da853883772faeb113c5cb1808fe8627091c9c80d99797458ac9a8;locationS31;RequestProject/Wasm/Decode.lean8;evidenceS15;MACHINE_CHECKED","RequestProject","O7;13;source_systemS5;lean411;source_fileS31;RequestProject/Wasm/Decode.lean13;source_formatS4;text11;imported_atI+0;14;transformed_atI+0;15;transformationsL0;13;parent_objectS0;","6c1ce25dcd785062174fc2143851c92578e3224bdef1b65cd31ae846daf9de1f"
"proof.Kant.Dom.no_silent_upgrade","Kant.Dom.no_silent_upgrade","lean4","VALID","RequestProject/Kant/Domain/Policy.lean","105","L1;S18;obj.Kant.Dom.Event","L0;","elaborated and checked by the Lean kernel","L1;S30;obj.Kant.Dom.no_silent_upgrade","L1;S32;claim.Kant.Dom.no_silent_upgrade","L1;S20;proof.Kant.Dom.Event","O4;4;kindS12;lean4-kernel6;digestS64;981297c9bcbca1dc3468210d368390fb9ce756c71415b5229550fdebfaf2ee098;locationS38;RequestProject/Kant/Domain/Policy.lean8;evidenceS15;MACHINE_CHECKED","RequestProject","O7;13;source_systemS5;lean411;source_fileS38;RequestProject/Kant/Domain/Policy.lean13;source_formatS4;text11;imported_atI+0;14;transformed_atI+105;15;transformationsL0;13;parent_objectS0;","f64e938846c29c73b46706c61f2bd7c0348a0f517a6be2d9c02e9a61fa9528a6"
"proof.Kant.Dom.step.eq_8","Kant.Dom.step.eq_8","lean4","VALID","RequestProject/Kant/Domain/Policy.lean","0","L0;","L0;","elaborated and checked by the Lean kernel","L1;S22;obj.Kant.Dom.step.eq_8","L1;S24;claim.Kant.Dom.step.eq_8","L0;","O4;4;kindS12;lean4-kernel6;digestS64;aa3624f16c7b4b733905ee21d64964bc2299972d09bda08931f1c71af4ce6c3a8;locationS38;RequestProject/Kant/Domain/Policy.lean8;evidenceS15;MACHINE_CHECKED","RequestProject","O7;13;source_systemS5;lean411;source_fileS38;RequestProject/Kant/Domain/Policy.lean13;source_formatS4;text11;imported_atI+0;14;transformed_atI+0;15;transformationsL0;13;parent_objectS0;","f1b78517f4b4b78fcccc1a3889a2ce1c3acfe8ba61362c7512cfb28352d8c282"
"proof.Kant.Connectivity.explain.eq_6","Kant.Connectivity.explain.eq_6","lean4","VALID","RequestProject/Kant/Connectivity.lean","0","L0;","L0;","elaborated and checked by the Lean kernel","L1;S34;obj.Kant.Connectivity.explain.eq_6","L1;S36;claim.Kant.Connectivity.explain.eq_6","L0;","O4;4;kindS12;lean4-kernel6;digestS64;b61627e2828f8c6f308f8cd209b19c5ca6b0a1a91f15c695f157fcd2de838f028;locationS37;RequestProject/Kant/Connectivity.lean8;evidenceS15;MACHINE_CHECKED","RequestProject","O7;13;source_systemS5;lean411;source_fileS37;RequestProject/Kant/Connectivity.lean13;source_formatS4;text11;imported_atI+0;14;transformed_atI+0;15;transformationsL0;13;parent_objectS0;","203732ae86ba94037ce1ae1f712c6d40463a9189cf54f909efb783723830bf46"
"proof.Kant.SiteCard.breakAt.eq_2","Kant.SiteCard.breakAt.eq_2","lean4","VALID","RequestProject/Kant/SiteCard.lean","0","L0;","L0;","elaborated and checked by the Lean kernel","L1;S30;obj.Kant.SiteCard.breakAt.eq_2","L1;S32;claim.Kant.SiteCard.breakAt.eq_2","L0;","O4;4;kindS12;lean4-kernel6;digestS64;cb2f31d4d969c66505219e9382e53f7ead7715f3eeaea7a7d1813878bbef07888;locationS33;RequestProject/Kant/SiteCard.lean8;evidenceS15;MACHINE_CHECKED","RequestProject","O7;13;source_systemS5;lean411;source_fileS33;RequestProject/Kant/SiteCard.lean13;source_formatS4;text11;imported_atI+0;14;transformed_atI+0;15;transformationsL0;13;parent_objectS0;","21ab650ab132df8329023bb194fad900224c45db040b834970ded559e42b43c6"
"proof.Kant.Codec.readDigits.eq_def","Kant.Codec.readDigits.eq_def","lean4","VALID","RequestProject/Kant/Codec/Yaml.lean","0","L0;","L0;","elaborated and checked by the Lean kernel","L1;S32;obj.Kant.Codec.readDigits.eq_def","L1;S34;claim.Kant.Codec.readDigits.eq_def","L0;","O4;4;kindS12;lean4-kernel6;digestS64;4c02e48bee13975e485f12926601bdbd4da3cb3d6d3cf9a812be5dab8ca1224f8;locationS35;RequestProject/Kant/Codec/Yaml.lean8;evidenceS15;MACHINE_CHECKED","RequestProject","O7;13;source_systemS5;lean411;source_fileS35;RequestProject/Kant/Codec/Yaml.lean13;source_formatS4;text11;imported_atI+0;14;transformed_atI+0;15;transformationsL0;13;parent_objectS0;","76e8089efb705a5f5eec8ea418d470bc851d6d59da35ff2593399dd4a1940282"
"proof.Kant.Strip.readStrip_strip","Kant.Strip.readStrip_strip","lean4","VALID","RequestProject/Kant/Strip.lean","113","L1;S22;obj.Kant.Stego.Carrier","L0;","elaborated and checked by the Lean kernel","L1;S30;obj.Kant.Strip.readStrip_strip","L1;S32;claim.Kant.Strip.readStrip_strip","L1;S24;proof.Kant.Stego.Carrier","O4;4;kindS12;lean4-kernel6;digestS64;9550a155a5fae7f95d43171ef2924f9a0920219796174b8b9eae3f09a46ca5b48;locationS30;RequestProject/Kant/Strip.lean8;evidenceS15;MACHINE_CHECKED","RequestProject","O7;13;source_systemS5;lean411;source_fileS30;RequestProject/Kant/Strip.lean13;source_formatS4;text11;imported_atI+0;14;transformed_atI+113;15;transformationsL0;13;parent_objectS0;","a1c8ea84ed049835179ab92f201578620ce6dafdb21de4cfca84f8dde71365fc"
"proof.Kant.Codec.readRowList.eq_def","Kant.Codec.readRowList.eq_def","lean4","VALID","RequestProject/Kant/Codec/Csv.lean","0","L0;","L0;","elaborated and checked by the Lean kernel","L1;S33;obj.Kant.Codec.readRowList.eq_def","L1;S35;claim.Kant.Codec.readRowList.eq_def","L0;","O4;4;kindS12;lean4-kernel6;digestS64;8d7b34e3a3affd57a51024206fd9dec8b0395a19c1a14465e56576d5787fc23e8;locationS34;RequestProject/Kant/Codec/Csv.lean8;evidenceS15;MACHINE_CHECKED","RequestProject","O7;13;source_systemS5;lean411;source_fileS34;RequestProject/Kant/Codec/Csv.lean13;source_formatS4;text11;imported_atI+0;14;transformed_atI+0;15;transformationsL0;13;parent_objectS0;","5f06cdcbe63907dc25f60e6e9e25faaf86a8fcf6fb551542a9d743a6a0805b15"
"proof.Kant.Codec.parseNatAll.eq_1","Kant.Codec.parseNatAll.eq_1","lean4","VALID","RequestProject/Kant/Codec/Csv.lean","0","L0;","L0;","elaborated and checked by the Lean kernel","L1;S31;obj.Kant.Codec.parseNatAll.eq_1","L1;S33;claim.Kant.Codec.parseNatAll.eq_1","L0;","O4;4;kindS12;lean4-kernel6;digestS64;05411d767fdf13ddf879d53cee74e08e73747763bad1a14790567b5c021ee7408;locationS34;RequestProject/Kant/Codec/Csv.lean8;evidenceS15;MACHINE_CHECKED","RequestProject","O7;13;source_systemS5;lean411;source_fileS34;RequestProject/Kant/Codec/Csv.lean13;source_formatS4;text11;imported_atI+0;14;transformed_atI+0;15;transformationsL0;13;parent_objectS0;","3d4d90d1cb6e7607b38a2f63bbc2a2b481266fb9790e92ad1e444673b80cfe5a"
"proof.Kant.Relay.transcript_sorted","Kant.Relay.transcript_sorted","lean4","VALID","RequestProject/Kant/Relay.lean","376","L0;","L0;","elaborated and checked by the Lean kernel","L1;S32;obj.Kant.Relay.transcript_sorted","L1;S34;claim.Kant.Relay.transcript_sorted","L0;","O4;4;kindS12;lean4-kernel6;digestS64;c18be646b6dbf0bd348e208baa0fe61697b3e8d362c334c712cf9d76a37b48588;locationS30;RequestProject/Kant/Relay.lean8;evidenceS15;MACHINE_CHECKED","RequestProject","O7;13;source_systemS5;lean411;source_fileS30;RequestProject/Kant/Relay.lean13;source_formatS4;text11;imported_atI+0;14;transformed_atI+376;15;transformationsL0;13;parent_objectS0;","03030f88673ba005f6301a98973be8528eeec086d6cb4f9f4817acf0227a706c"
"proof.Kant.Codec.xStrClose.eq_1","Kant.Codec.xStrClose.eq_1","lean4","VALID","RequestProject/Kant/Codec/Xml.lean","0","L0;","L0;","elaborated and checked by the Lean kernel","L1;S29;obj.Kant.Codec.xStrClose.eq_1","L1;S31;claim.Kant.Codec.xStrClose.eq_1","L0;","O4;4;kindS12;lean4-kernel6;digestS64;990bc1d0ab6768cfe27754546c09ca4c98132e8140b888d55f1f2e1cf3b092d28;locationS34;RequestProject/Kant/Codec/Xml.lean8;evidenceS15;MACHINE_CHECKED","RequestProject","O7;13;source_systemS5;lean411;source_fileS34;RequestProject/Kant/Codec/Xml.lean13;source_formatS4;text11;imported_atI+0;14;transformed_atI+0;15;transformationsL0;13;parent_objectS0;","76cb654d12dc1f8647500b18f0630d990d24fe0c1ed2b9205dcfb1e10cd370b3"
"proof.Kant.Wasm.BinOp.shru.sizeOf_spec","Kant.Wasm.BinOp.shru.sizeOf_spec","lean4","VALID","RequestProject/Wasm/Syntax.lean","0","L0;","L0;","elaborated and checked by the Lean kernel","L1;S36;obj.Kant.Wasm.BinOp.shru.sizeOf_spec","L1;S38;claim.Kant.Wasm.BinOp.shru.sizeOf_spec","L0;","O4;4;kindS12;lean4-kernel6;digestS64;197cfcd1e02b6bea2f6baa93e53cbc2d11b05bc803842ae4c671552b28d34c278;locationS31;RequestProject/Wasm/Syntax.lean8;evidenceS15;MACHINE_CHECKED","RequestProject","O7;13;source_systemS5;lean411;source_fileS31;RequestProject/Wasm/Syntax.lean13;source_formatS4;text11;imported_atI+0;14;transformed_atI+0;15;transformationsL0;13;parent_objectS0;","6a4d71f1d63642656fb1b051a8cc6ee21be530d3427662dfbbaa18a90b152bdc"
"proof.Kant.Codec.parseIntAll.eq_1","Kant.Codec.parseIntAll.eq_1","lean4","VALID","RequestProject/Kant/Codec/Csv.lean","0","L1;S26;obj.Kant.Codec.parseIntAll","L0;","elaborated and checked by the Lean kernel","L1;S31;obj.Kant.Codec.parseIntAll.eq_1","L1;S33;claim.Kant.Codec.parseIntAll.eq_1","L1;S28;proof.Kant.Codec.parseIntAll","O4;4;kindS12;lean4-kernel6;digestS64;f3c588ec1d6223f0bdf58f15c48f6b1776b20f04d805ec86d06867fff929eaf58;locationS34;RequestProject/Kant/Codec/Csv.lean8;evidenceS15;MACHINE_CHECKED","RequestProject","O7;13;source_systemS5;lean411;source_fileS34;RequestProject/Kant/Codec/Csv.lean13;source_formatS4;text11;imported_atI+0;14;transformed_atI+0;15;transformationsL0;13;parent_objectS0;","cc11ec04f81f63b476f2cd5e2eb523271afa477134dbfada5a7d6303d524e24d"
"proof.Kant.Handoff.Move.payload.eq_2","Kant.Handoff.Move.payload.eq_2","lean4","VALID","RequestProject/Kant/Handoff.lean","0","L0;","L0;","elaborated and checked by the Lean kernel","L1;S34;obj.Kant.Handoff.Move.payload.eq_2","L1;S36;claim.Kant.Handoff.Move.payload.eq_2","L0;","O4;4;kindS12;lean4-kernel6;digestS64;85735eaebc799aff43b72fc23803644c0fda3b6eeb0cee25d8b678697ee784f28;locationS32;RequestProject/Kant/Handoff.lean8;evidenceS15;MACHINE_CHECKED","RequestProject","O7;13;source_systemS5;lean411;source_fileS32;RequestProject/Kant/Handoff.lean13;source_formatS4;text11;imported_atI+0;14;transformed_atI+0;15;transformationsL0;13;parent_objectS0;","458468ee8d58617045feef2ffc6d3f8332b0e12700a567963c4f92369dbef6a9"
"proof.Kant.Dom.Repair.ofNat_ctorIdx","Kant.Dom.Repair.ofNat_ctorIdx","lean4","VALID","RequestProject/Kant/Domain/Policy.lean","0","L0;","L0;","elaborated and checked by the Lean kernel","L1;S33;obj.Kant.Dom.Repair.ofNat_ctorIdx","L1;S35;claim.Kant.Dom.Repair.ofNat_ctorIdx","L0;","O4;4;kindS12;lean4-kernel6;digestS64;fc758b161dd3ea0b59c0f1ddb46732bcdb850cfe041f34b9a276d0fd475fc8928;locationS38;RequestProject/Kant/Domain/Policy.lean8;evidenceS15;MACHINE_CHECKED","RequestProject","O7;13;source_systemS5;lean411;source_fileS38;RequestProject/Kant/Domain/Policy.lean13;source_formatS4;text11;imported_atI+0;14;transformed_atI+0;15;transformationsL0;13;parent_objectS0;","544ba94179fd0e3fc0610788ac0d01acb1196e800e49e5a5a0eff26c8343ac92"
"proof.Kant.Feed.mem_replies_iff","Kant.Feed.mem_replies_iff","lean4","VALID","RequestProject/Kant/Feed.lean","244","L0;","L0;","elaborated and checked by the Lean kernel","L1;S29;obj.Kant.Feed.mem_replies_iff","L1;S31;claim.Kant.Feed.mem_replies_iff","L0;","O4;4;kindS12;lean4-kernel6;digestS64;c87c562d934ab90fe2f52599b8ac96e076cba06db08f04c56998e04bb0101a0e8;locationS29;RequestProject/Kant/Feed.lean8;evidenceS15;MACHINE_CHECKED","RequestProject","O7;13;source_systemS5;lean411;source_fileS29;RequestProject/Kant/Feed.lean13;source_formatS4;text11;imported_atI+0;14;transformed_atI+244;15;transformationsL0;13;parent_objectS0;","45ba987517b9d8498f4b98c7fd1925669883d2bb8c5e21c3f6788e91b71aa7e0"
"proof.Kant.Paste.mk.sizeOf_spec","Kant.Paste.mk.sizeOf_spec","lean4","VALID","RequestProject/Kant/Paste.lean","0","L0;","L0;","elaborated and checked by the Lean kernel","L1;S29;obj.Kant.Paste.mk.sizeOf_spec","L1;S31;claim.Kant.Paste.mk.sizeOf_spec","L0;","O4;4;kindS12;lean4-kernel6;digestS64;6efd60dcd3b3965b5bd15a9c4e61a3accd5b1af6a2802fc902a77adadc507e228;locationS30;RequestProject/Kant/Paste.lean8;evidenceS15;MACHINE_CHECKED","RequestProject","O7;13;source_systemS5;lean411;source_fileS30;RequestProject/Kant/Paste.lean13;source_formatS4;text11;imported_atI+0;14;transformed_atI+0;15;transformationsL0;13;parent_objectS0;","4175f20f2c85bf63df1c7c52cf675db0e5513b25e2e6a6c978380f29dc74e196"
"proof.Kant.Dom.Decl.ofVal.eq_2","Kant.Dom.Decl.ofVal.eq_2","lean4","VALID","RequestProject/Kant/Domain/Catalog.lean","0","L2;S17;obj.Kant.Dom.DeclS31;obj.Kant.Dom.Decl.ofVal.match_1","L0;","elaborated and checked by the Lean kernel","L1;S28;obj.Kant.Dom.Decl.ofVal.eq_2","L1;S30;claim.Kant.Dom.Decl.ofVal.eq_2","L2;S19;proof.Kant.Dom.DeclS33;proof.Kant.Dom.Decl.ofVal.match_1","O4;4;kindS12;lean4-kernel6;digestS64;cf4b2dd254a975b519e1bd9e9e90b3f2f21fd04bcd95941f13b21e32a4404edc8;locationS39;RequestProject/Kant/Domain/Catalog.lean8;evidenceS15;MACHINE_CHECKED","RequestProject","O7;13;source_systemS5;lean411;source_fileS39;RequestProject/Kant/Domain/Catalog.lean13;source_formatS4;text11;imported_atI+0;14;transformed_atI+0;15;transformationsL0;13;parent_objectS0;","2a58283b2566793cbd28cb0c184f317f07b84e9830ebe1822a857d62693e4a45"
"proof.Kant.Wasm.Expr.wfb.eq_6","Kant.Wasm.Expr.wfb.eq_6","lean4","VALID","RequestProject/Wasm/Syntax.lean","0","L0;","L0;","elaborated and checked by the Lean kernel","L1;S27;obj.Kant.Wasm.Expr.wfb.eq_6","L1;S29;claim.Kant.Wasm.Expr.wfb.eq_6","L0;","O4;4;kindS12;lean4-kernel6;digestS64;3a1dfc2a004ef28334550ff5ac657220874d4651a62841693c47e513af2f0a268;locationS31;RequestProject/Wasm/Syntax.lean8;evidenceS15;MACHINE_CHECKED","RequestProject","O7;13;source_systemS5;lean411;source_fileS31;RequestProject/Wasm/Syntax.lean13;source_formatS4;text11;imported_atI+0;14;transformed_atI+0;15;transformationsL0;13;parent_objectS0;","adf349033d31287a3e59bc5f4c6a90dd2f3b44353854a2343a452566f2b4af17"
"proof.Kant.Codec.Val.obj.injEq","Kant.Codec.Val.obj.injEq","lean4","VALID","RequestProject/Kant/Codec/Val.lean","0","L0;","L0;","elaborated and checked by the Lean kernel","L1;S28;obj.Kant.Codec.Val.obj.injEq","L1;S30;claim.Kant.Codec.Val.obj.injEq","L0;","O4;4;kindS12;lean4-kernel6;digestS64;1970d412080438754bf835c88998dd5e128b7a02c3a1ff87ecc8c69e1bd1e4688;locationS34;RequestProject/Kant/Codec/Val.lean8;evidenceS15;MACHINE_CHECKED","RequestProject","O7;13;source_systemS5;lean411;source_fileS34;RequestProject/Kant/Codec/Val.lean13;source_formatS4;text11;imported_atI+0;14;transformed_atI+0;15;transformationsL0;13;parent_objectS0;","992ffccf0030240b2262da48e8fca598140beeda42970a3105fc110cc5d2843e"
"proof.Kant.Sync.get_sync_iff","Kant.Sync.get_sync_iff","lean4","VALID","RequestProject/Kant/Sync.lean","139","L1;S18;obj.Kant.Store.has","L0;","elaborated and checked by the Lean kernel","L1;S26;obj.Kant.Sync.get_sync_iff","L1;S28;claim.Kant.Sync.get_sync_iff","L1;S20;proof.Kant.Store.has","O4;4;kindS12;lean4-kernel6;digestS64;5a24713eed93328bf89f34d07660ac94c0135ae05889046d066b65424d1db8b68;locationS29;RequestProject/Kant/Sync.lean8;evidenceS15;MACHINE_CHECKED","RequestProject","O7;13;source_systemS5;lean411;source_fileS29;RequestProject/Kant/Sync.lean13;source_formatS4;text11;imported_atI+0;14;transformed_atI+139;15;transformationsL0;13;parent_objectS0;","168f00bb39529b056499ced284839aa2599ab77de4c204bf880ed3e859235cdc"
"proof.Kant.Feed.root_mem_thread","Kant.Feed.root_mem_thread","lean4","VALID","RequestProject/Kant/Feed.lean","256","L0;","L0;","elaborated and checked by the Lean kernel","L1;S29;obj.Kant.Feed.root_mem_thread","L1;S31;claim.Kant.Feed.root_mem_thread","L0;","O4;4;kindS12;lean4-kernel6;digestS64;c0d78cb9f4e8cbaf925b6592e548a1f865d73a64067931259f7c4edecce9d7368;locationS29;RequestProject/Kant/Feed.lean8;evidenceS15;MACHINE_CHECKED","RequestProject","O7;13;source_systemS5;lean411;source_fileS29;RequestProject/Kant/Feed.lean13;source_formatS4;text11;imported_atI+0;14;transformed_atI+256;15;transformationsL0;13;parent_objectS0;","116f4ebe9dd1a8ad9bba38b7a3ebf0aaf1f709272f2695a73ffe06521b24b2a4"
"proof.Kant.Wasm.exec.eq_1","Kant.Wasm.exec.eq_1","lean4","VALID","RequestProject/Wasm/Semantics.lean","0","L0;","L0;","elaborated and checked by the Lean kernel","L1;S23;obj.Kant.Wasm.exec.eq_1","L1;S25;claim.Kant.Wasm.exec.eq_1","L0;","O4;4;kindS12;lean4-kernel6;digestS64;507b99048831126e3e6550241cd73c0d5270919c1deb8dd0805cce8ef60a10778;locationS34;RequestProject/Wasm/Semantics.lean8;evidenceS15;MACHINE_CHECKED","RequestProject","O7;13;source_systemS5;lean411;source_fileS34;RequestProject/Wasm/Semantics.lean13;source_formatS4;text11;imported_atI+0;14;transformed_atI+0;15;transformationsL0;13;parent_objectS0;","35cc8a5d91e1bc242894f508f2a9ba77f88bfed34f5a2fcad236b04cb908f31d"
"proof.Kant.Codec.conformance_level4","Kant.Codec.conformance_level4","lean4","VALID","RequestProject/Kant/Codec/Exchange.lean","349","L0;","L0;","elaborated and checked by the Lean kernel","L1;S33;obj.Kant.Codec.conformance_level4","L1;S35;claim.Kant.Codec.conformance_level4","L0;","O4;4;kindS12;lean4-kernel6;digestS64;f8897c118a6abe0b6f8b1adfab60c1fc4f55638f64e6ec61655fcf52025508ca8;locationS39;RequestProject/Kant/Codec/Exchange.lean8;evidenceS15;MACHINE_CHECKED","RequestProject","O7;13;source_systemS5;lean411;source_fileS39;RequestProject/Kant/Codec/Exchange.lean13;source_formatS4;text11;imported_atI+0;14;transformed_atI+349;15;transformationsL0;13;parent_objectS0;","c54fe0fe4c318e01b215353a067f509ee67b4a66ef850c7b395bf28b2c784098"
"proof.Kant.Wasm.Encode.cmpOpcode.eq_2","Kant.Wasm.Encode.cmpOpcode.eq_2","lean4","VALID","RequestProject/Wasm/Decode.lean","0","L0;","L0;","elaborated and checked by the Lean kernel","L1;S35;obj.Kant.Wasm.Encode.cmpOpcode.eq_2","L1;S37;claim.Kant.Wasm.Encode.cmpOpcode.eq_2","L0;","O4;4;kindS12;lean4-kernel6;digestS64;b183d711bb3e936cd53a933c3022562f405c78b4a0b1b9f299663e40573a04b58;locationS31;RequestProject/Wasm/Decode.lean8;evidenceS15;MACHINE_CHECKED","RequestProject","O7;13;source_systemS5;lean411;source_fileS31;RequestProject/Wasm/Decode.lean13;source_formatS4;text11;imported_atI+0;14;transformed_atI+0;15;transformationsL0;13;parent_objectS0;","caac57f25bfec5b34dcdb60332aca110a510a6ef3e0d5d390585738d9f745796"
"proof.Kant.Wasm.Decode.toRaw.eq_1","Kant.Wasm.Decode.toRaw.eq_1","lean4","VALID","RequestProject/Wasm/Decode.lean","0","L1;S26;obj.Kant.Wasm.Decode.toRaw","L0;","elaborated and checked by the Lean kernel","L1;S31;obj.Kant.Wasm.Decode.toRaw.eq_1","L1;S33;claim.Kant.Wasm.Decode.toRaw.eq_1","L1;S28;proof.Kant.Wasm.Decode.toRaw","O4;4;kindS12;lean4-kernel6;digestS64;414fed5163cd60dfabea0a9c4adf2b105156ac995751d11d84dd2be3d8b0efc68;locationS31;RequestProject/Wasm/Decode.lean8;evidenceS15;MACHINE_CHECKED","RequestProject","O7;13;source_systemS5;lean411;source_fileS31;RequestProject/Wasm/Decode.lean13;source_formatS4;text11;imported_atI+0;14;transformed_atI+0;15;transformationsL0;13;parent_objectS0;","a48801fc0aaeb8184439f74a79d0abbb0bb8f776c864e09e602c37019131c541"
"proof.Kant.Dom.idsVal.eq_1","Kant.Dom.idsVal.eq_1","lean4","VALID","RequestProject/Kant/Domain/Model.lean","0","L0;","L0;","elaborated and checked by the Lean kernel","L1;S24;obj.Kant.Dom.idsVal.eq_1","L1;S26;claim.Kant.Dom.idsVal.eq_1","L0;","O4;4;kindS12;lean4-kernel6;digestS64;9f619d19ddbebc7f067bc2d9758826d0753f7bb9d46642356877136077655a4e8;locationS37;RequestProject/Kant/Domain/Model.lean8;evidenceS15;MACHINE_CHECKED","RequestProject","O7;13;source_systemS5;lean411;source_fileS37;RequestProject/Kant/Domain/Model.lean13;source_formatS4;text11;imported_atI+0;14;transformed_atI+0;15;transformationsL0;13;parent_objectS0;","3e6e06ec131ce0fb741f9a7fafeab7587e3ccd1324c91b41b286776709026a1e"
"proof.Kant.Codec.ipdlText.eq_1","Kant.Codec.ipdlText.eq_1","lean4","VALID","RequestProject/Kant/Codec/Ipdl.lean","0","L0;","L0;","elaborated and checked by the Lean kernel","L1;S28;obj.Kant.Codec.ipdlText.eq_1","L1;S30;claim.Kant.Codec.ipdlText.eq_1","L0;","O4;4;kindS12;lean4-kernel6;digestS64;a0e1336c29298f1b182bff743c794914888dfdcc15eb1db1c26932f33aec87328;locationS35;RequestProject/Kant/Codec/Ipdl.lean8;evidenceS15;MACHINE_CHECKED","RequestProject","O7;13;source_systemS5;lean411;source_fileS35;RequestProject/Kant/Codec/Ipdl.lean13;source_formatS4;text11;imported_atI+0;14;transformed_atI+0;15;transformationsL0;13;parent_objectS0;","3b40b98b60895c3188c6d3bb06438f6eb3e880edbef806ebd81542d2617136a8"
"proof.Kant.Codec.Prov.mk.injEq","Kant.Codec.Prov.mk.injEq","lean4","VALID","RequestProject/Kant/Codec/Model.lean","0","L0;","L0;","elaborated and checked by the Lean kernel","L1;S28;obj.Kant.Codec.Prov.mk.injEq","L1;S30;claim.Kant.Codec.Prov.mk.injEq","L0;","O4;4;kindS12;lean4-kernel6;digestS64;3c07788ea1cb5d99945b2d1d6ef53bd2760bbd10cd95e52bc4be6df8bcb029bc8;locationS36;RequestProject/Kant/Codec/Model.lean8;evidenceS15;MACHINE_CHECKED","RequestProject","O7;13;source_systemS5;lean411;source_fileS36;RequestProject/Kant/Codec/Model.lean13;source_formatS4;text11;imported_atI+0;14;transformed_atI+0;15;transformationsL0;13;parent_objectS0;","ab23b07e6786f377757b4c3ffc76f124be5611adea3da35d1835cc06d62d748a"
"proof.Kant.Wasm.Expr.bin.inj","Kant.Wasm.Expr.bin.inj","lean4","VALID","RequestProject/Wasm/Syntax.lean","0","L0;","L0;","elaborated and checked by the Lean kernel","L1;S26;obj.Kant.Wasm.Expr.bin.inj","L1;S28;claim.Kant.Wasm.Expr.bin.inj","L0;","O4;4;kindS12;lean4-kernel6;digestS64;91bacdc0e7778b997a7bbd26f7d7648e1839af5c6553f4f7b67e0310cc170f048;locationS31;RequestProject/Wasm/Syntax.lean8;evidenceS15;MACHINE_CHECKED","RequestProject","O7;13;source_systemS5;lean411;source_fileS31;RequestProject/Wasm/Syntax.lean13;source_formatS4;text11;imported_atI+0;14;transformed_atI+0;15;transformationsL0;13;parent_objectS0;","232729ddfc5814a91ee1fed27d81e2268fe8cb5922d3cea3316f5aa4db83a420"
"proof.Kant.Wasm.Kernel.eval_fnvStepE","Kant.Wasm.Kernel.eval_fnvStepE","lean4","VALID","RequestProject/Wasm/KernelSpec.lean","105","L1;S23;obj.Kant.Wasm.Expr.eval","L0;","elaborated and checked by the Lean kernel","L1;S34;obj.Kant.Wasm.Kernel.eval_fnvStepE","L1;S36;claim.Kant.Wasm.Kernel.eval_fnvStepE","L1;S25;proof.Kant.Wasm.Expr.eval","O4;4;kindS12;lean4-kernel6;digestS64;5cac740ecbdfd194988d49feacbd90cf40da5ab7dfb72f7e23f9754ef31326e18;locationS35;RequestProject/Wasm/KernelSpec.lean8;evidenceS15;MACHINE_CHECKED","RequestProject","O7;13;source_systemS5;lean411;source_fileS35;RequestProject/Wasm/KernelSpec.lean13;source_formatS4;text11;imported_atI+0;14;transformed_atI+105;15;transformationsL0;13;parent_objectS0;","c0b2f868c2501723fc18513f166daf60fec6100818775f29bab7d6dc555d3766"
"proof.Kant.SiteCard.splitCh_of_not_mem","Kant.SiteCard.splitCh_of_not_mem","lean4","VALID","RequestProject/Kant/SiteCard.lean","86","L0;","L0;","elaborated and checked by the Lean kernel","L1;S36;obj.Kant.SiteCard.splitCh_of_not_mem","L1;S38;claim.Kant.SiteCard.splitCh_of_not_mem","L0;","O4;4;kindS12;lean4-kernel6;digestS64;64d6569cfdebfdf9db3fde80cc4e30cec310098ff076172fad8cbd94a3fcaa0c8;locationS33;RequestProject/Kant/SiteCard.lean8;evidenceS15;MACHINE_CHECKED","RequestProject","O7;13;source_systemS5;lean411;source_fileS33;RequestProject/Kant/SiteCard.lean13;source_formatS4;text11;imported_atI+0;14;transformed_atI+86;15;transformationsL0;13;parent_objectS0;","8b7fdf7c323ae75a33c7108a3dcfd33d02255f58edebf354a276bbf331e190b7"
"proof.Kant.Uucp.Node.mk.inj","Kant.Uucp.Node.mk.inj","lean4","VALID","RequestProject/Kant/Uucp.lean","0","L0;","L0;","elaborated and checked by the Lean kernel","L1;S25;obj.Kant.Uucp.Node.mk.inj","L1;S27;claim.Kant.Uucp.Node.mk.inj","L0;","O4;4;kindS12;lean4-kernel6;digestS64;2cfd7bd37c67a5e1b896d95a7891c756586b0037b3a8d49f735eebc51c53510c8;locationS29;RequestProject/Kant/Uucp.lean8;evidenceS15;MACHINE_CHECKED","RequestProject","O7;13;source_systemS5;lean411;source_fileS29;RequestProject/Kant/Uucp.lean13;source_formatS4;text11;imported_atI+0;14;transformed_atI+0;15;transformationsL0;13;parent_objectS0;","08304d0928f3c2b9a3bf854ae3d3f376f29c457e2e4cf9f3ff8c6c82b1a74b30"
"proof.Kant.Cli.say_curl_roundTrip","Kant.Cli.say_curl_roundTrip","lean4","VALID","RequestProject/Kant/Cli.lean","442","L0;","L0;","elaborated and checked by the Lean kernel","L1;S31;obj.Kant.Cli.say_curl_roundTrip","L1;S33;claim.Kant.Cli.say_curl_roundTrip","L0;","O4;4;kindS12;lean4-kernel6;digestS64;b3b22258b7c1aa9aba04fbf8d7233abdd0625037d415ed785b065cdabde15a638;locationS28;RequestProject/Kant/Cli.lean8;evidenceS15;MACHINE_CHECKED","RequestProject","O7;13;source_systemS5;lean411;source_fileS28;RequestProject/Kant/Cli.lean13;source_formatS4;text11;imported_atI+0;14;transformed_atI+442;15;transformationsL0;13;parent_objectS0;","2bfdc91c02485f104028389d451bd863fdce165072e74cf6ff9266fe35cb05c9"
"proof.Kant.Dom.Wf.proofRefsResolve","Kant.Dom.Wf.proofRefsResolve","lean4","VALID","RequestProject/Kant/Domain/Ledger.lean","298","L0;","L0;","elaborated and checked by the Lean kernel","L1;S32;obj.Kant.Dom.Wf.proofRefsResolve","L1;S34;claim.Kant.Dom.Wf.proofRefsResolve","L0;","O4;4;kindS12;lean4-kernel6;digestS64;9e0da120d283ead35845b7318c788d60805a2e4e5518608d11b33c818e109f928;locationS38;RequestProject/Kant/Domain/Ledger.lean8;evidenceS15;MACHINE_CHECKED","RequestProject","O7;13;source_systemS5;lean411;source_fileS38;RequestProject/Kant/Domain/Ledger.lean13;source_formatS4;text11;imported_atI+0;14;transformed_atI+298;15;transformationsL0;13;parent_objectS0;","f1d3fd6200243c89a86727afbe8dc576dd99b2d608b7d0a38b9b865072abdc10"
"proof.Kant.CardDebug.userCard_warnings","Kant.CardDebug.userCard_warnings","lean4","VALID","RequestProject/Kant/CardDebug.lean","404","L0;","L0;","elaborated and checked by the Lean kernel","L1;S36;obj.Kant.CardDebug.userCard_warnings","L1;S38;claim.Kant.CardDebug.userCard_warnings","L0;","O4;4;kindS12;lean4-kernel6;digestS64;4523654107f2867d42cbd0ef7aa799ba3df92eec174f0877c1cab882eb706c348;locationS34;RequestProject/Kant/CardDebug.lean8;evidenceS15;MACHINE_CHECKED","RequestProject","O7;13;source_systemS5;lean411;source_fileS34;RequestProject/Kant/CardDebug.lean13;source_formatS4;text11;imported_atI+0;14;transformed_atI+404;15;transformationsL0;13;parent_objectS0;","773a6fae6cf5ecb9be7d6c46a24a25c68d8bf8b02ae654131f23a510586ef720"
"proof.Kant.CodeMovie.Circuit.tokens.eq_5","Kant.CodeMovie.Circuit.tokens.eq_5","lean4","VALID","RequestProject/Kant/CodeMovie.lean","0","L0;","L0;","elaborated and checked by the Lean kernel","L1;S38;obj.Kant.CodeMovie.Circuit.tokens.eq_5","L1;S40;claim.Kant.CodeMovie.Circuit.tokens.eq_5","L0;","O4;4;kindS12;lean4-kernel6;digestS64;939a2da6ab23b97cca6ddb3b9609d79354dc44862b9aff3a09ed215914a2a3098;locationS34;RequestProject/Kant/CodeMovie.lean8;evidenceS15;MACHINE_CHECKED","RequestProject","O7;13;source_systemS5;lean411;source_fileS34;RequestProject/Kant/CodeMovie.lean13;source_formatS4;text11;imported_atI+0;14;transformed_atI+0;15;transformationsL0;13;parent_objectS0;","8163bbbd42691e41593cb969730884ce90fc5bc1ea40aadbc1c98363d1e47168"
"proof.Kant.Wasm.Encode.module_sections","Kant.Wasm.Encode.module_sections","lean4","VALID","RequestProject/Wasm/Encode.lean","145","L1;S32;obj.Kant.Wasm.Encode.typePayload","L0;","elaborated and checked by the Lean kernel","L1;S36;obj.Kant.Wasm.Encode.module_sections","L1;S38;claim.Kant.Wasm.Encode.module_sections","L1;S34;proof.Kant.Wasm.Encode.typePayload","O4;4;kindS12;lean4-kernel6;digestS64;db3c1abe1b45cf5399c1b7b7f9656204c3a95484f490efa9781b6058c5ef63528;locationS31;RequestProject/Wasm/Encode.lean8;evidenceS15;MACHINE_CHECKED","RequestProject","O7;13;source_systemS5;lean411;source_fileS31;RequestProject/Wasm/Encode.lean13;source_formatS4;text11;imported_atI+0;14;transformed_atI+145;15;transformationsL0;13;parent_objectS0;","4ff6333a08fc888df4b8a697da90764a75672d22caa4ddc7d1989ee8f92f1184"
"proof.Kant.Sync.Feed.mk.sizeOf_spec","Kant.Sync.Feed.mk.sizeOf_spec","lean4","VALID","RequestProject/Kant/Sync.lean","0","L0;","L0;","elaborated and checked by the Lean kernel","L1;S33;obj.Kant.Sync.Feed.mk.sizeOf_spec","L1;S35;claim.Kant.Sync.Feed.mk.sizeOf_spec","L0;","O4;4;kindS12;lean4-kernel6;digestS64;8d172ed2133cc523c02aa94135fb91eca3312dc9369174d96ebcbcf29e1cdc1a8;locationS29;RequestProject/Kant/Sync.lean8;evidenceS15;MACHINE_CHECKED","RequestProject","O7;13;source_systemS5;lean411;source_fileS29;RequestProject/Kant/Sync.lean13;source_formatS4;text11;imported_atI+0;14;transformed_atI+0;15;transformationsL0;13;parent_objectS0;","7aeedbcc47af51d6127d0bc28897fe19fc30f3a1450f08d0e963a43680d09c13"
"proof.Kant.Wasm.Expr.sub.eq_1","Kant.Wasm.Expr.sub.eq_1","lean4","VALID","RequestProject/Wasm/KernelSpec.lean","0","L0;","L0;","elaborated and checked by the Lean kernel","L1;S27;obj.Kant.Wasm.Expr.sub.eq_1","L1;S29;claim.Kant.Wasm.Expr.sub.eq_1","L0;","O4;4;kindS12;lean4-kernel6;digestS64;1659dded3f79f77be789a3a432756a4c4a0da7caa7116da9371956d27bf411628;locationS35;RequestProject/Wasm/KernelSpec.lean8;evidenceS15;MACHINE_CHECKED","RequestProject","O7;13;source_systemS5;lean411;source_fileS35;RequestProject/Wasm/KernelSpec.lean13;source_formatS4;text11;imported_atI+0;14;transformed_atI+0;15;transformationsL0;13;parent_objectS0;","967085b1788d4e1a4c08ea9c05d7329da76f063b27fa7394aea7ff34cb6dc397"
"proof.Kant.CardDebug.explain.eq_1","Kant.CardDebug.explain.eq_1","lean4","VALID","RequestProject/Kant/CardDebug.lean","0","L0;","L0;","elaborated and checked by the Lean kernel","L1;S31;obj.Kant.CardDebug.explain.eq_1","L1;S33;claim.Kant.CardDebug.explain.eq_1","L0;","O4;4;kindS12;lean4-kernel6;digestS64;93842ccfb7e966e22cd6b06394acfec5b99e4a6fe2b1839c5922a734ac27c87f8;locationS34;RequestProject/Kant/CardDebug.lean8;evidenceS15;MACHINE_CHECKED","RequestProject","O7;13;source_systemS5;lean411;source_fileS34;RequestProject/Kant/CardDebug.lean13;source_formatS4;text11;imported_atI+0;14;transformed_atI+0;15;transformationsL0;13;parent_objectS0;","be6c084538b4ecf1588f542825903c5e3c2051cdfaacf84bf51097e0d84c6238"
"proof.Kant.CardDebug.userCard_no_room","Kant.CardDebug.userCard_no_room","lean4","VALID","RequestProject/Kant/CardDebug.lean","391","L0;","L0;","elaborated and checked by the Lean kernel","L1;S35;obj.Kant.CardDebug.userCard_no_room","L1;S37;claim.Kant.CardDebug.userCard_no_room","L0;","O4;4;kindS12;lean4-kernel6;digestS64;00d7c36c10005d1884b9f17dc6e62fdb269cd053832ce65ee989d20826f818218;locationS34;RequestProject/Kant/CardDebug.lean8;evidenceS15;MACHINE_CHECKED","RequestProject","O7;13;source_systemS5;lean411;source_fileS34;RequestProject/Kant/CardDebug.lean13;source_formatS4;text11;imported_atI+0;14;transformed_atI+391;15;transformationsL0;13;parent_objectS0;","265395a9bb2f5053d95c39704fe475607fc06dbf283825393785c5cb40508d46"
"proof.Kant.Paste.escapedTitle_recoverable","Kant.Paste.escapedTitle_recoverable","lean4","VALID","RequestProject/Kant/Paste.lean","75","L1;S27;obj.Kant.Paste.escapedTitle","L0;","elaborated and checked by the Lean kernel","L1;S39;obj.Kant.Paste.escapedTitle_recoverable","L1;S41;claim.Kant.Paste.escapedTitle_recoverable","L1;S29;proof.Kant.Paste.escapedTitle","O4;4;kindS12;lean4-kernel6;digestS64;a23127ab9a828d921d4bf9303d9745f9dbb89085bb9475746cbf1414c20074638;locationS30;RequestProject/Kant/Paste.lean8;evidenceS15;MACHINE_CHECKED","RequestProject","O7;13;source_systemS5;lean411;source_fileS30;RequestProject/Kant/Paste.lean13;source_formatS4;text11;imported_atI+0;14;transformed_atI+75;15;transformationsL0;13;parent_objectS0;","db84f11cb2e2d4d3dd6d81f1b56a9ce0ab1ef61a942d02b9abfa0e1c115fa646"
"proof.Kant.Wasm.Kernel.cidPrefixE.eq_1","Kant.Wasm.Kernel.cidPrefixE.eq_1","lean4","VALID","RequestProject/Wasm/KernelSpec.lean","0","L0;","L0;","elaborated and checked by the Lean kernel","L1;S36;obj.Kant.Wasm.Kernel.cidPrefixE.eq_1","L1;S38;claim.Kant.Wasm.Kernel.cidPrefixE.eq_1","L0;","O4;4;kindS12;lean4-kernel6;digestS64;2ebfa6d2df08a2179e8a22aafb1f835418193b92b6a02fdd10cd8aed9fff549a8;locationS35;RequestProject/Wasm/KernelSpec.lean8;evidenceS15;MACHINE_CHECKED","RequestProject","O7;13;source_systemS5;lean411;source_fileS35;RequestProject/Wasm/KernelSpec.lean13;source_formatS4;text11;imported_atI+0;14;transformed_atI+0;15;transformationsL0;13;parent_objectS0;","e05ff1b4ec1f44647806ce4b704358c785e893677f7a0d6a27c3aac78f92dbcd"
"proof.Kant.PlainText.metaOf_render","Kant.PlainText.metaOf_render","lean4","VALID","RequestProject/Kant/PlainText.lean","322","L1;S37;obj.Kant.PlainText.parseMeta_metaText","L0;","elaborated and checked by the Lean kernel","L1;S32;obj.Kant.PlainText.metaOf_render","L1;S34;claim.Kant.PlainText.metaOf_render","L1;S39;proof.Kant.PlainText.parseMeta_metaText","O4;4;kindS12;lean4-kernel6;digestS64;f053243658d255f31a3cf8ba36cd5714f7f0267e893eaa450809f87d76c65b868;locationS34;RequestProject/Kant/PlainText.lean8;evidenceS15;MACHINE_CHECKED","RequestProject","O7;13;source_systemS5;lean411;source_fileS34;RequestProject/Kant/PlainText.lean13;source_formatS4;text11;imported_atI+0;14;transformed_atI+322;15;transformationsL0;13;parent_objectS0;","6edb5f061a6d4664241fdbac26a457f7f35b7aaba801584a092b1af93f22415d"
"proof.Kant.Sheaf.EigenSpace.enumList_getElem?_ctorIdx_eq","Kant.Sheaf.EigenSpace.enumList_getElem?_ctorIdx_eq","lean4","VALID","RequestProject/Kant/Sheaf.lean","0","L0;","L0;","elaborated and checked by the Lean kernel","L1;S54;obj.Kant.Sheaf.EigenSpace.enumList_getElem?_ctorIdx_eq","L1;S56;claim.Kant.Sheaf.EigenSpace.enumList_getElem?_ctorIdx_eq","L0;","O4;4;kindS12;lean4-kernel6;digestS64;bc6a1d86a934b806fa0acf22da3d8dcd6b10fe3fe43a1250c2bdd09a3cac75ef8;locationS30;RequestProject/Kant/Sheaf.lean8;evidenceS15;MACHINE_CHECKED","RequestProject","O7;13;source_systemS5;lean411;source_fileS30;RequestProject/Kant/Sheaf.lean13;source_formatS4;text11;imported_atI+0;14;transformed_atI+0;15;transformationsL0;13;parent_objectS0;","66df9a4fe59145ad92b06950be61679a2eb23008ad88a9c72fda3da499252734"
"proof.Kant.Dom.readAllRows.eq_3","Kant.Dom.readAllRows.eq_3","lean4","VALID","RequestProject/Kant/Domain/Table.lean","0","L2;S32;obj.Kant.Dom.readAllRows.match_1S22;obj.Kant.Dom.readCells","L0;","elaborated and checked by the Lean kernel","L1;S29;obj.Kant.Dom.readAllRows.eq_3","L1;S31;claim.Kant.Dom.readAllRows.eq_3","L2;S34;proof.Kant.Dom.readAllRows.match_1S24;proof.Kant.Dom.readCells","O4;4;kindS12;lean4-kernel6;digestS64;9bb289f76d54b8f34a620900c1491ed4eed940e480f66e91ead8d0b27a8c5aaa8;locationS37;RequestProject/Kant/Domain/Table.lean8;evidenceS15;MACHINE_CHECKED","RequestProject","O7;13;source_systemS5;lean411;source_fileS37;RequestProject/Kant/Domain/Table.lean13;source_formatS4;text11;imported_atI+0;14;transformed_atI+0;15;transformationsL0;13;parent_objectS0;","c3a12eb19b73ddd8f2bcfa44b25c8e5bc9b2488da689efde55e2f6728962fae1"
"proof.Kant.Uucp.Site.mk.sizeOf_spec","Kant.Uucp.Site.mk.sizeOf_spec","lean4","VALID","RequestProject/Kant/Uucp.lean","0","L0;","L0;","elaborated and checked by the Lean kernel","L1;S33;obj.Kant.Uucp.Site.mk.sizeOf_spec","L1;S35;claim.Kant.Uucp.Site.mk.sizeOf_spec","L0;","O4;4;kindS12;lean4-kernel6;digestS64;bf6b4c20a8dd73ab1dd85f37749d4414115893c20dea5d49d5804750103cc52a8;locationS29;RequestProject/Kant/Uucp.lean8;evidenceS15;MACHINE_CHECKED","RequestProject","O7;13;source_systemS5;lean411;source_fileS29;RequestProject/Kant/Uucp.lean13;source_formatS4;text11;imported_atI+0;14;transformed_atI+0;15;transformationsL0;13;parent_objectS0;","927e40e3dcb2ea45f0e61815cb406b02c79ea8d090e9c03fcd90d4485f22a6fc"
"proof.Kant.SiteCard.flatten_infix_cardSvg","Kant.SiteCard.flatten_infix_cardSvg","lean4","VALID","RequestProject/Kant/SiteCard.lean","596","L0;","L0;","elaborated and checked by the Lean kernel","L1;S39;obj.Kant.SiteCard.flatten_infix_cardSvg","L1;S41;claim.Kant.SiteCard.flatten_infix_cardSvg","L0;","O4;4;kindS12;lean4-kernel6;digestS64;06ea6dd8abf2236c25d132c46d82bb5b4c003878b39fa33a1e7224fe883a85718;locationS33;RequestProject/Kant/SiteCard.lean8;evidenceS15;MACHINE_CHECKED","RequestProject","O7;13;source_systemS5;lean411;source_fileS33;RequestProject/Kant/SiteCard.lean13;source_formatS4;text11;imported_atI+0;14;transformed_atI+596;15;transformationsL0;13;parent_objectS0;","7ab348885d577c6a088f8d48f5b9558d112f0337850182e4adaed07deb64ba07"
"proof.Kant.Sync.Source.uucp.sizeOf_spec","Kant.Sync.Source.uucp.sizeOf_spec","lean4","VALID","RequestProject/Kant/Sync.lean","0","L0;","L0;","elaborated and checked by the Lean kernel","L1;S37;obj.Kant.Sync.Source.uucp.sizeOf_spec","L1;S39;claim.Kant.Sync.Source.uucp.sizeOf_spec","L0;","O4;4;kindS12;lean4-kernel6;digestS64;6378ea85cbc74aa568ea385b3428ce82dad99f12e739aa1fca0ad5453446c77c8;locationS29;RequestProject/Kant/Sync.lean8;evidenceS15;MACHINE_CHECKED","RequestProject","O7;13;source_systemS5;lean411;source_fileS29;RequestProject/Kant/Sync.lean13;source_formatS4;text11;imported_atI+0;14;transformed_atI+0;15;transformationsL0;13;parent_objectS0;","ebc33c5d23bafcfa8b5f59ac3e8f241d42a2090a0b5416b4f334a1a9134e7cd7"
"proof.Kant.Codec.Outp.mk.injEq","Kant.Codec.Outp.mk.injEq","lean4","VALID","RequestProject/Kant/Codec/Model.lean","0","L1;S34;obj.Kant.Codec.Outp.mk.noConfusion","L0;","elaborated and checked by the Lean kernel","L1;S28;obj.Kant.Codec.Outp.mk.injEq","L1;S30;claim.Kant.Codec.Outp.mk.injEq","L1;S36;proof.Kant.Codec.Outp.mk.noConfusion","O4;4;kindS12;lean4-kernel6;digestS64;50628a8b7e7869ed6850385d18f98726be9862cc0451f61f74e388c3353d33908;locationS36;RequestProject/Kant/Codec/Model.lean8;evidenceS15;MACHINE_CHECKED","RequestProject","O7;13;source_systemS5;lean411;source_fileS36;RequestProject/Kant/Codec/Model.lean13;source_formatS4;text11;imported_atI+0;14;transformed_atI+0;15;transformationsL0;13;parent_objectS0;","6973c0ff64d386c854bb596f79cfb43b8b6f6fcecf6f956ede4809fba3e79b61"
"proof.Kant.Codec.Outp.mk.sizeOf_spec","Kant.Codec.Outp.mk.sizeOf_spec","lean4","VALID","RequestProject/Kant/Codec/Model.lean","0","L0;","L0;","elaborated and checked by the Lean kernel","L1;S34;obj.Kant.Codec.Outp.mk.sizeOf_spec","L1;S36;claim.Kant.Codec.Outp.mk.sizeOf_spec","L0;","O4;4;kindS12;lean4-kernel6;digestS64;0a889648f3238973748869417bc454a461d5da4584a16709dcd46f47fdd375f28;locationS36;RequestProject/Kant/Codec/Model.lean8;evidenceS15;MACHINE_CHECKED","RequestProject","O7;13;source_systemS5;lean411;source_fileS36;RequestProject/Kant/Codec/Model.lean13;source_formatS4;text11;imported_atI+0;14;transformed_atI+0;15;transformationsL0;13;parent_objectS0;","6ae341cd1623394b93b45b92d501df7876a3924dfd03db312943959aec80265e"
"proof.Kant.Erdfa.escapeChar_no_markup","Kant.Erdfa.escapeChar_no_markup","lean4","VALID","RequestProject/Kant/Erdfa.lean","91","L0;","L0;","elaborated and checked by the Lean kernel","L1;S35;obj.Kant.Erdfa.escapeChar_no_markup","L1;S37;claim.Kant.Erdfa.escapeChar_no_markup","L0;","O4;4;kindS12;lean4-kernel6;digestS64;84753e18ad6e77e1e001a3c2dd13c5a25bc65b7c2a11786b9b9a5b00f77489e48;locationS30;RequestProject/Kant/Erdfa.lean8;evidenceS15;MACHINE_CHECKED","RequestProject","O7;13;source_systemS5;lean411;source_fileS30;RequestProject/Kant/Erdfa.lean13;source_formatS4;text11;imported_atI+0;14;transformed_atI+91;15;transformationsL0;13;parent_objectS0;","f7ce481bb4916765f52dad70fa5d5a125ac228442dfe797f59e6a89eb2fba62c"
"proof.Kant.Dom.PStatus.partial.sizeOf_spec","Kant.Dom.PStatus.partial.sizeOf_spec","lean4","VALID","RequestProject/Kant/Domain/Model.lean","0","L0;","L0;","elaborated and checked by the Lean kernel","L1;S40;obj.Kant.Dom.PStatus.partial.sizeOf_spec","L1;S42;claim.Kant.Dom.PStatus.partial.sizeOf_spec","L0;","O4;4;kindS12;lean4-kernel6;digestS64;6e0f38edbf60a60ebb5f329b72821c21d5ce7a23f75189e8af2655dfe6e7b17b8;locationS37;RequestProject/Kant/Domain/Model.lean8;evidenceS15;MACHINE_CHECKED","RequestProject","O7;13;source_systemS5;lean411;source_fileS37;RequestProject/Kant/Domain/Model.lean13;source_formatS4;text11;imported_atI+0;14;transformed_atI+0;15;transformationsL0;13;parent_objectS0;","89cb5ab9354a1dfbe8e6800d8ced7c3879bb136a8ae48581eace81f8ac9fa73e"
"proof.Kant.Wasm.Instr.binop.inj","Kant.Wasm.Instr.binop.inj","lean4","VALID","RequestProject/Wasm/Syntax.lean","0","L0;","L0;","elaborated and checked by the Lean kernel","L1;S29;obj.Kant.Wasm.Instr.binop.inj","L1;S31;claim.Kant.Wasm.Instr.binop.inj","L0;","O4;4;kindS12;lean4-kernel6;digestS64;3bb01f9d490d8a89b65d50eaa75e08be63e6c3d3f45ee827961a02f285fb92348;locationS31;RequestProject/Wasm/Syntax.lean8;evidenceS15;MACHINE_CHECKED","RequestProject","O7;13;source_systemS5;lean411;source_fileS31;RequestProject/Wasm/Syntax.lean13;source_formatS4;text11;imported_atI+0;14;transformed_atI+0;15;transformationsL0;13;parent_objectS0;","b4e7243ff9414d52ad1806649989ffd5ca48919bc2fbddcc1b9f3a7a136da5cf"
"proof.Kant.Diagnostics.areaOfCode_code","Kant.Diagnostics.areaOfCode_code","lean4","VALID","RequestProject/Kant/Diagnostics.lean","136","L0;","L0;","elaborated and checked by the Lean kernel","L1;S36;obj.Kant.Diagnostics.areaOfCode_code","L1;S38;claim.Kant.Diagnostics.areaOfCode_code","L0;","O4;4;kindS12;lean4-kernel6;digestS64;4df2d83a243492cf795e28377f457c2024469401d8e3d9a587eba84195da93ae8;locationS36;RequestProject/Kant/Diagnostics.lean8;evidenceS15;MACHINE_CHECKED","RequestProject","O7;13;source_systemS5;lean411;source_fileS36;RequestProject/Kant/Diagnostics.lean13;source_formatS4;text11;imported_atI+0;14;transformed_atI+136;15;transformationsL0;13;parent_objectS0;","b9e641120440b2d5fb2a991101119822044ee4fcb66970eff7bda8f6d4659a3c"
"proof.Kant.Clipboard.pasteAll_copyAll","Kant.Clipboard.pasteAll_copyAll","lean4","VALID","RequestProject/Kant/Clipboard.lean","271","L0;","L0;","elaborated and checked by the Lean kernel","L1;S35;obj.Kant.Clipboard.pasteAll_copyAll","L1;S37;claim.Kant.Clipboard.pasteAll_copyAll","L0;","O4;4;kindS12;lean4-kernel6;digestS64;e69c417f50367166626681183f9ac4b12e9a9ef9674b514056b51f6817590bbb8;locationS34;RequestProject/Kant/Clipboard.lean8;evidenceS15;MACHINE_CHECKED","RequestProject","O7;13;source_systemS5;lean411;source_fileS34;RequestProject/Kant/Clipboard.lean13;source_formatS4;text11;imported_atI+0;14;transformed_atI+271;15;transformationsL0;13;parent_objectS0;","1907a5be5943822aa73fc7868887827d50f1c36bb6e4ec04464acbef290b1857"
"proof.Kant.Cli.parseArgv.eq_2","Kant.Cli.parseArgv.eq_2","lean4","VALID","RequestProject/Kant/Cli.lean","0","L1;S16;obj.Kant.Cli.Cmd","L0;","elaborated and checked by the Lean kernel","L1;S27;obj.Kant.Cli.parseArgv.eq_2","L1;S29;claim.Kant.Cli.parseArgv.eq_2","L1;S18;proof.Kant.Cli.Cmd","O4;4;kindS12;lean4-kernel6;digestS64;9d17574fd34c25d74693adb92bdb96c05ffae94586c0d16d6c8af4313ccd2f0e8;locationS28;RequestProject/Kant/Cli.lean8;evidenceS15;MACHINE_CHECKED","RequestProject","O7;13;source_systemS5;lean411;source_fileS28;RequestProject/Kant/Cli.lean13;source_formatS4;text11;imported_atI+0;14;transformed_atI+0;15;transformationsL0;13;parent_objectS0;","54258b6ac87134ccb6575f9f4257c2bf0576d002bcb14af23c46c2f9f507c2e5"
"proof.Kant.Codec.xEntryClose.eq_1","Kant.Codec.xEntryClose.eq_1","lean4","VALID","RequestProject/Kant/Codec/Xml.lean","0","L0;","L0;","elaborated and checked by the Lean kernel","L1;S31;obj.Kant.Codec.xEntryClose.eq_1","L1;S33;claim.Kant.Codec.xEntryClose.eq_1","L0;","O4;4;kindS12;lean4-kernel6;digestS64;e6d8b3c15862baf8fb6c1ae80b84b15b458bd6c42f4680fed3f9c0ab60944fe18;locationS34;RequestProject/Kant/Codec/Xml.lean8;evidenceS15;MACHINE_CHECKED","RequestProject","O7;13;source_systemS5;lean411;source_fileS34;RequestProject/Kant/Codec/Xml.lean13;source_formatS4;text11;imported_atI+0;14;transformed_atI+0;15;transformationsL0;13;parent_objectS0;","5c7cb834a3db44d1183dde2813904d3e88951121561b1b6b6ac4c0d8d68bd4d8"
"proof.Kant.Stego.toBits.eq_1","Kant.Stego.toBits.eq_1","lean4","VALID","RequestProject/Kant/Stego.lean","0","L0;","L0;","elaborated and checked by the Lean kernel","L1;S26;obj.Kant.Stego.toBits.eq_1","L1;S28;claim.Kant.Stego.toBits.eq_1","L0;","O4;4;kindS12;lean4-kernel6;digestS64;5594f21c3cc5c9a873385714cd84496f211ea4a046c5e97ea45d7e797e5481ad8;locationS30;RequestProject/Kant/Stego.lean8;evidenceS15;MACHINE_CHECKED","RequestProject","O7;13;source_systemS5;lean411;source_fileS30;RequestProject/Kant/Stego.lean13;source_formatS4;text11;imported_atI+0;14;transformed_atI+0;15;transformationsL0;13;parent_objectS0;","2542d660c1d75b4855f3734ed171b8fb1e9ccd8a287ec2ae7c3da02ab4fe93e1"
"proof.Kant.Dom.Event.assertedBy.sizeOf_spec","Kant.Dom.Event.assertedBy.sizeOf_spec","lean4","VALID","RequestProject/Kant/Domain/Policy.lean","0","L1;S18;obj.Kant.Dom.Event","L0;","elaborated and checked by the Lean kernel","L1;S41;obj.Kant.Dom.Event.assertedBy.sizeOf_spec","L1;S43;claim.Kant.Dom.Event.assertedBy.sizeOf_spec","L1;S20;proof.Kant.Dom.Event","O4;4;kindS12;lean4-kernel6;digestS64;b42494788d744aa4258441c31d91108bff8e92175b89857af813229c1ad751698;locationS38;RequestProject/Kant/Domain/Policy.lean8;evidenceS15;MACHINE_CHECKED","RequestProject","O7;13;source_systemS5;lean411;source_fileS38;RequestProject/Kant/Domain/Policy.lean13;source_formatS4;text11;imported_atI+0;14;transformed_atI+0;15;transformationsL0;13;parent_objectS0;","1664fa0e35b740b0ea6fcac0ba929143699c85d849d465d665a9949b1b376269"
"proof.Kant.Join.mem_hexEncode_isCodeChar","Kant.Join.mem_hexEncode_isCodeChar","lean4","VALID","RequestProject/Kant/Join.lean","83","L0;","L0;","elaborated and checked by the Lean kernel","L1;S38;obj.Kant.Join.mem_hexEncode_isCodeChar","L1;S40;claim.Kant.Join.mem_hexEncode_isCodeChar","L0;","O4;4;kindS12;lean4-kernel6;digestS64;d7393481ddca3c779847aba89d34c9ec89dc6b5c31f495e1de8d35c93218944e8;locationS29;RequestProject/Kant/Join.lean8;evidenceS15;MACHINE_CHECKED","RequestProject","O7;13;source_systemS5;lean411;source_fileS29;RequestProject/Kant/Join.lean13;source_formatS4;text11;imported_atI+0;14;transformed_atI+83;15;transformationsL0;13;parent_objectS0;","e2342b99b07e0cedc29db31ed226e6aa1629c47636670b67753c51cf7ef7cb24"
"proof.Kant.Rendezvous.Invite.mk.inj","Kant.Rendezvous.Invite.mk.inj","lean4","VALID","RequestProject/Kant/Rendezvous.lean","0","L0;","L0;","elaborated and checked by the Lean kernel","L1;S33;obj.Kant.Rendezvous.Invite.mk.inj","L1;S35;claim.Kant.Rendezvous.Invite.mk.inj","L0;","O4;4;kindS12;lean4-kernel6;digestS64;c2aee1478b24ce2d63dc325b447286b2a1bb43a2454eaff3b88b190ecab85c408;locationS35;RequestProject/Kant/Rendezvous.lean8;evidenceS15;MACHINE_CHECKED","RequestProject","O7;13;source_systemS5;lean411;source_fileS35;RequestProject/Kant/Rendezvous.lean13;source_formatS4;text11;imported_atI+0;14;transformed_atI+0;15;transformationsL0;13;parent_objectS0;","858eeff48718f2e149d0a294a8a22e9e22dab4808dac2b1bd5daaf6e6762e058"
"proof.Kant.Diagnostics.encode_ne_nil","Kant.Diagnostics.encode_ne_nil","lean4","VALID","RequestProject/Kant/Diagnostics.lean","343","L0;","L0;","elaborated and checked by the Lean kernel","L1;S34;obj.Kant.Diagnostics.encode_ne_nil","L1;S36;claim.Kant.Diagnostics.encode_ne_nil","L0;","O4;4;kindS12;lean4-kernel6;digestS64;2424e2b29076ee978e68dde245d2a5c4e86215089c6f92390745c471f76ea93e8;locationS36;RequestProject/Kant/Diagnostics.lean8;evidenceS15;MACHINE_CHECKED","RequestProject","O7;13;source_systemS5;lean411;source_fileS36;RequestProject/Kant/Diagnostics.lean13;source_formatS4;text11;imported_atI+0;14;transformed_atI+343;15;transformationsL0;13;parent_objectS0;","164a71da927f56a8d9e593cdcf44ebfbff60837d29d0d4ceb8682a1a971f3e21"
"proof.Kant.Codec.splitLines.eq_def","Kant.Codec.splitLines.eq_def","lean4","VALID","RequestProject/Kant/Codec/RawText.lean","0","L0;","L0;","elaborated and checked by the Lean kernel","L1;S32;obj.Kant.Codec.splitLines.eq_def","L1;S34;claim.Kant.Codec.splitLines.eq_def","L0;","O4;4;kindS12;lean4-kernel6;digestS64;2547decc983b18971114c069b872bb28127a1ecc0e013a0d7f20db4996b595268;locationS38;RequestProject/Kant/Codec/RawText.lean8;evidenceS15;MACHINE_CHECKED","RequestProject","O7;13;source_systemS5;lean411;source_fileS38;RequestProject/Kant/Codec/RawText.lean13;source_formatS4;text11;imported_atI+0;14;transformed_atI+0;15;transformationsL0;13;parent_objectS0;","45bba84fc1b85162a172dc77537d8275913c848adb0a5bfcf0cdd9073749ed0f"
"proof.Kant.Dasl.cidType.eq_1","Kant.Dasl.cidType.eq_1","lean4","VALID","RequestProject/Kant/Dasl.lean","0","L0;","L0;","elaborated and checked by the Lean kernel","L1;S26;obj.Kant.Dasl.cidType.eq_1","L1;S28;claim.Kant.Dasl.cidType.eq_1","L0;","O4;4;kindS12;lean4-kernel6;digestS64;8f50fb2b7e188c1580a7a2f8a1099d0e227f5095800262df64df443c625805e08;locationS29;RequestProject/Kant/Dasl.lean8;evidenceS15;MACHINE_CHECKED","RequestProject","O7;13;source_systemS5;lean411;source_fileS29;RequestProject/Kant/Dasl.lean13;source_formatS4;text11;imported_atI+0;14;transformed_atI+0;15;transformationsL0;13;parent_objectS0;","9853dc113154523e09a672721fd54ee1eea464c8da556738d3c3fbdd82282edb"
"proof.Kant.Dom.tableText.eq_1","Kant.Dom.tableText.eq_1","lean4","VALID","RequestProject/Kant/Domain/Table.lean","0","L1;S22;obj.Kant.Dom.tableText","L0;","elaborated and checked by the Lean kernel","L1;S27;obj.Kant.Dom.tableText.eq_1","L1;S29;claim.Kant.Dom.tableText.eq_1","L1;S24;proof.Kant.Dom.tableText","O4;4;kindS12;lean4-kernel6;digestS64;5cbc6de0ae19c62b2e566d3a801c3484a04331270d861c61196309d873e8b6028;locationS37;RequestProject/Kant/Domain/Table.lean8;evidenceS15;MACHINE_CHECKED","RequestProject","O7;13;source_systemS5;lean411;source_fileS37;RequestProject/Kant/Domain/Table.lean13;source_formatS4;text11;imported_atI+0;14;transformed_atI+0;15;transformationsL0;13;parent_objectS0;","3fc0de81c8c6ccbe8cd7ba883f18cf81d040476211b977383c1acf917e2e0b7b"
"proof.Kant.Codec.digitVal.eq_3","Kant.Codec.digitVal.eq_3","lean4","VALID","RequestProject/Kant/Codec/Yaml.lean","0","L0;","L0;","elaborated and checked by the Lean kernel","L1;S28;obj.Kant.Codec.digitVal.eq_3","L1;S30;claim.Kant.Codec.digitVal.eq_3","L0;","O4;4;kindS12;lean4-kernel6;digestS64;95beb7a03e7bec4606b67a63370229b98165a72475b3e22001bc20d51872f3938;locationS35;RequestProject/Kant/Codec/Yaml.lean8;evidenceS15;MACHINE_CHECKED","RequestProject","O7;13;source_systemS5;lean411;source_fileS35;RequestProject/Kant/Codec/Yaml.lean13;source_formatS4;text11;imported_atI+0;14;transformed_atI+0;15;transformationsL0;13;parent_objectS0;","988224669650ccbed33b72dc9b0c64a1fa8cf5d7fc406738202c18c409ab319b"
"proof.Kant.Dom.proofsTable_recovers","Kant.Dom.proofsTable_recovers","lean4","VALID","RequestProject/Kant/Domain/Table.lean","395","L1;S22;obj.Kant.Dom.tableText","L0;","elaborated and checked by the Lean kernel","L1;S33;obj.Kant.Dom.proofsTable_recovers","L1;S35;claim.Kant.Dom.proofsTable_recovers","L1;S24;proof.Kant.Dom.tableText","O4;4;kindS12;lean4-kernel6;digestS64;e0fa1c4d57a9575103c5076f9e36f5eaa1542bce69b7d52314f89a42ff1f7df48;locationS37;RequestProject/Kant/Domain/Table.lean8;evidenceS15;MACHINE_CHECKED","RequestProject","O7;13;source_systemS5;lean411;source_fileS37;RequestProject/Kant/Domain/Table.lean13;source_formatS4;text11;imported_atI+0;14;transformed_atI+395;15;transformationsL0;13;parent_objectS0;","7781447c26cf2a44e384ae9d3a0de727882bbddbea9f1bcaced13b81f880a9ad"
"proof.Kant.Codec.Ipdl.brecOn_3.eq","Kant.Codec.Ipdl.brecOn_3.eq","lean4","VALID","RequestProject/Kant/Codec/Ipdl.lean","0","L0;","L0;","elaborated and checked by the Lean kernel","L1;S31;obj.Kant.Codec.Ipdl.brecOn_3.eq","L1;S33;claim.Kant.Codec.Ipdl.brecOn_3.eq","L0;","O4;4;kindS12;lean4-kernel6;digestS64;0cef02fef8a3d399fe57de012989682ae2349194f105d7839fdb3a47b6275a7c8;locationS35;RequestProject/Kant/Codec/Ipdl.lean8;evidenceS15;MACHINE_CHECKED","RequestProject","O7;13;source_systemS5;lean411;source_fileS35;RequestProject/Kant/Codec/Ipdl.lean13;source_formatS4;text11;imported_atI+0;14;transformed_atI+0;15;transformationsL0;13;parent_objectS0;","a4fc8391f39de7e0e879a4e4496b93432ed501e9b3a9f4e62f3979da316a50c9"
"proof.Kant.Dom.proofsVal.eq_1","Kant.Dom.proofsVal.eq_1","lean4","VALID","RequestProject/Kant/Domain/Emit.lean","0","L0;","L0;","elaborated and checked by the Lean kernel","L1;S27;obj.Kant.Dom.proofsVal.eq_1","L1;S29;claim.Kant.Dom.proofsVal.eq_1","L0;","O4;4;kindS12;lean4-kernel6;digestS64;a0041aa440fef27789ace1a34c57e438a1cf1a7cbac20c6d2f156c2a56005ba68;locationS36;RequestProject/Kant/Domain/Emit.lean8;evidenceS15;MACHINE_CHECKED","RequestProject","O7;13;source_systemS5;lean411;source_fileS36;RequestProject/Kant/Domain/Emit.lean13;source_formatS4;text11;imported_atI+0;14;transformed_atI+0;15;transformationsL0;13;parent_objectS0;","8c9a1eaa9b1af5ca958ec5ef930004fde206c76d357eef6420773334c3d7a097"
"proof.Kant.Dom.Coverage.ofNat_ctorIdx","Kant.Dom.Coverage.ofNat_ctorIdx","lean4","VALID","RequestProject/Kant/Domain/Model.lean","0","L0;","L0;","elaborated and checked by the Lean kernel","L1;S35;obj.Kant.Dom.Coverage.ofNat_ctorIdx","L1;S37;claim.Kant.Dom.Coverage.ofNat_ctorIdx","L0;","O4;4;kindS12;lean4-kernel6;digestS64;ecbb71fbe185658ffef8955a016f62b0aec27cf11c502b5d2330f81409067a868;locationS37;RequestProject/Kant/Domain/Model.lean8;evidenceS15;MACHINE_CHECKED","RequestProject","O7;13;source_systemS5;lean411;source_fileS37;RequestProject/Kant/Domain/Model.lean13;source_formatS4;text11;imported_atI+0;14;transformed_atI+0;15;transformationsL0;13;parent_objectS0;","e8a4ce77828dc945b6eb5bb23d6bc9c281fea3c4aea6137f0e1d36164dd6fcfc"
"proof.Kant.Codec.diffVal.eq_5","Kant.Codec.diffVal.eq_5","lean4","VALID","RequestProject/Kant/Codec/Reconcile.lean","0","L1;S25;obj.Kant.Codec.diffFields","L0;","elaborated and checked by the Lean kernel","L1;S27;obj.Kant.Codec.diffVal.eq_5","L1;S29;claim.Kant.Codec.diffVal.eq_5","L1;S27;proof.Kant.Codec.diffFields","O4;4;kindS12;lean4-kernel6;digestS64;97ba438ea9083d8c077c086806c107e38e48dbcab2b0d1ca31a296c2272781998;locationS40;RequestProject/Kant/Codec/Reconcile.lean8;evidenceS15;MACHINE_CHECKED","RequestProject","O7;13;source_systemS5;lean411;source_fileS40;RequestProject/Kant/Codec/Reconcile.lean13;source_formatS4;text11;imported_atI+0;14;transformed_atI+0;15;transformationsL0;13;parent_objectS0;","90977f663dabaa902a963e13ec1450a3dd645fc71a4c8036f4e1e498eb151e49"
"proof.Kant.Codec.conformance_level3","Kant.Codec.conformance_level3","lean4","VALID","RequestProject/Kant/Codec/Exchange.lean","343","L1;S25;obj.Kant.Codec.Obj.status","L0;","elaborated and checked by the Lean kernel","L1;S33;obj.Kant.Codec.conformance_level3","L1;S35;claim.Kant.Codec.conformance_level3","L1;S27;proof.Kant.Codec.Obj.status","O4;4;kindS12;lean4-kernel6;digestS64;439820b3947e22ee78c812ee2ca9a58158a7739b8ffdb29c9e15a827763090f78;locationS39;RequestProject/Kant/Codec/Exchange.lean8;evidenceS15;MACHINE_CHECKED","RequestProject","O7;13;source_systemS5;lean411;source_fileS39;RequestProject/Kant/Codec/Exchange.lean13;source_formatS4;text11;imported_atI+0;14;transformed_atI+343;15;transformationsL0;13;parent_objectS0;","6c83d7108c51df529c93b3e268f5d415d4e15a62743c1d4ced32122818fea70f"
"proof.Kant.Handoff.script_length","Kant.Handoff.script_length","lean4","VALID","RequestProject/Kant/Handoff.lean","96","L0;","L0;","elaborated and checked by the Lean kernel","L1;S30;obj.Kant.Handoff.script_length","L1;S32;claim.Kant.Handoff.script_length","L0;","O4;4;kindS12;lean4-kernel6;digestS64;6787bdab46c5541e106537dd6f4826f510e33db2ac553a00e46364349d1448bf8;locationS32;RequestProject/Kant/Handoff.lean8;evidenceS15;MACHINE_CHECKED","RequestProject","O7;13;source_systemS5;lean411;source_fileS32;RequestProject/Kant/Handoff.lean13;source_formatS4;text11;imported_atI+0;14;transformed_atI+96;15;transformationsL0;13;parent_objectS0;","8903c9e5f672c1fc83fbf1f6126bf8cf80bc7d15143ef3e2b8f0a88cf9705ab5"
"proof.Kant.Codec.yamlEncList_head","Kant.Codec.yamlEncList_head","lean4","VALID","RequestProject/Kant/Codec/Yaml.lean","340","L0;","L0;","elaborated and checked by the Lean kernel","L1;S31;obj.Kant.Codec.yamlEncList_head","L1;S33;claim.Kant.Codec.yamlEncList_head","L0;","O4;4;kindS12;lean4-kernel6;digestS64;741544e16fb802def2bab5b4cefd6d1d86faa623d58ae1d027a7fc32c89504078;locationS35;RequestProject/Kant/Codec/Yaml.lean8;evidenceS15;MACHINE_CHECKED","RequestProject","O7;13;source_systemS5;lean411;source_fileS35;RequestProject/Kant/Codec/Yaml.lean13;source_formatS4;text11;imported_atI+0;14;transformed_atI+340;15;transformationsL0;13;parent_objectS0;","791d11f43ae022711740b9916ed1bcaef4a43fcaddc026eb09b039c93fc13c28"
"proof.Kant.Pipeline.blobToNats_lt","Kant.Pipeline.blobToNats_lt","lean4","VALID","RequestProject/Kant/Pipeline.lean","45","L0;","L0;","elaborated and checked by the Lean kernel","L1;S31;obj.Kant.Pipeline.blobToNats_lt","L1;S33;claim.Kant.Pipeline.blobToNats_lt","L0;","O4;4;kindS12;lean4-kernel6;digestS64;fec91af65c8504332c28efef3d57de700bad694bccb304bddbc86da771f5e9328;locationS33;RequestProject/Kant/Pipeline.lean8;evidenceS15;MACHINE_CHECKED","RequestProject","O7;13;source_systemS5;lean411;source_fileS33;RequestProject/Kant/Pipeline.lean13;source_formatS4;text11;imported_atI+0;14;transformed_atI+45;15;transformationsL0;13;parent_objectS0;","4af5b2541a3fc2cdc0510f68586b952a1326def8cfef6807a833e67c8c62cce4"
"proof.Kant.Rendezvous.ofInvite.eq_1","Kant.Rendezvous.ofInvite.eq_1","lean4","VALID","RequestProject/Kant/Rendezvous.lean","0","L0;","L0;","elaborated and checked by the Lean kernel","L1;S33;obj.Kant.Rendezvous.ofInvite.eq_1","L1;S35;claim.Kant.Rendezvous.ofInvite.eq_1","L0;","O4;4;kindS12;lean4-kernel6;digestS64;900590d1a69303a02138dad31ed0fcc7cebb008fa7bfef36ae3dcb622b9b81b58;locationS35;RequestProject/Kant/Rendezvous.lean8;evidenceS15;MACHINE_CHECKED","RequestProject","O7;13;source_systemS5;lean411;source_fileS35;RequestProject/Kant/Rendezvous.lean13;source_formatS4;text11;imported_atI+0;14;transformed_atI+0;15;transformationsL0;13;parent_objectS0;","e651fb22cbda9390e170824c35e409b3578692de274ab85644560316a9b9bcf9"
"proof.Kant.Codec.yamlEnc.eq_def","Kant.Codec.yamlEnc.eq_def","lean4","VALID","RequestProject/Kant/Codec/Yaml.lean","0","L0;","L0;","elaborated and checked by the Lean kernel","L1;S29;obj.Kant.Codec.yamlEnc.eq_def","L1;S31;claim.Kant.Codec.yamlEnc.eq_def","L0;","O4;4;kindS12;lean4-kernel6;digestS64;e9ddaa80ad61bfbdd9a9ea9fdf393cde68af2cf04a95535f363fb79bfbbbc0e88;locationS35;RequestProject/Kant/Codec/Yaml.lean8;evidenceS15;MACHINE_CHECKED","RequestProject","O7;13;source_systemS5;lean411;source_fileS35;RequestProject/Kant/Codec/Yaml.lean13;source_formatS4;text11;imported_atI+0;14;transformed_atI+0;15;transformationsL0;13;parent_objectS0;","b2ff5fb3464e47c4bb7e0d2f311ee9a7bebf2be1ca44afcabc317f63252d1d2d"
"proof.Kant.Codec.ipdlText_injective","Kant.Codec.ipdlText_injective","lean4","VALID","RequestProject/Kant/Codec/Ipdl.lean","341","L0;","L0;","elaborated and checked by the Lean kernel","L1;S33;obj.Kant.Codec.ipdlText_injective","L1;S35;claim.Kant.Codec.ipdlText_injective","L0;","O4;4;kindS12;lean4-kernel6;digestS64;20af0d354baedab0a55bdc42c077c8bb6a88e308c7ae7bc277bf15ec6641e2258;locationS35;RequestProject/Kant/Codec/Ipdl.lean8;evidenceS15;MACHINE_CHECKED","RequestProject","O7;13;source_systemS5;lean411;source_fileS35;RequestProject/Kant/Codec/Ipdl.lean13;source_formatS4;text11;imported_atI+0;14;transformed_atI+341;15;transformationsL0;13;parent_objectS0;","65205276add65fb64b5ffee75d0e40f9355f46f563590ef072022b8bcbd39833"
"proof.Kant.Meme.payload.eq_1","Kant.Meme.payload.eq_1","lean4","VALID","RequestProject/Kant/Meme.lean","0","L0;","L0;","elaborated and checked by the Lean kernel","L1;S26;obj.Kant.Meme.payload.eq_1","L1;S28;claim.Kant.Meme.payload.eq_1","L0;","O4;4;kindS12;lean4-kernel6;digestS64;2a93744641cbf2a5c949d0f759e3941635b604fb8e1247577cc2698ef78e28208;locationS29;RequestProject/Kant/Meme.lean8;evidenceS15;MACHINE_CHECKED","RequestProject","O7;13;source_systemS5;lean411;source_fileS29;RequestProject/Kant/Meme.lean13;source_formatS4;text11;imported_atI+0;14;transformed_atI+0;15;transformationsL0;13;parent_objectS0;","0b98ad8f08ca9fdc310d3a140f30119f002e024feac921e2f021adbae7516625"
"proof.Kant.Dom.cross_representation","Kant.Dom.cross_representation","lean4","VALID","RequestProject/Kant/Domain/Emit.lean","164","L0;","L0;","elaborated and checked by the Lean kernel","L1;S33;obj.Kant.Dom.cross_representation","L1;S35;claim.Kant.Dom.cross_representation","L0;","O4;4;kindS12;lean4-kernel6;digestS64;a15a85bfff91794dc56df468a3ec2ab6c9bc288b3bcd209725550fc8b95be5788;locationS36;RequestProject/Kant/Domain/Emit.lean8;evidenceS15;MACHINE_CHECKED","RequestProject","O7;13;source_systemS5;lean411;source_fileS36;RequestProject/Kant/Domain/Emit.lean13;source_formatS4;text11;imported_atI+0;14;transformed_atI+164;15;transformationsL0;13;parent_objectS0;","46ea1762a3f7968ff456a8c812c59cdc751ce9b7ff25ae35061d45afc1af9202"
"proof.Kant.Codec.projectFields.eq_def","Kant.Codec.projectFields.eq_def","lean4","VALID","RequestProject/Kant/Codec/Ipdl.lean","0","L0;","L0;","elaborated and checked by the Lean kernel","L1;S35;obj.Kant.Codec.projectFields.eq_def","L1;S37;claim.Kant.Codec.projectFields.eq_def","L0;","O4;4;kindS12;lean4-kernel6;digestS64;d13fb64291553ab2fc449eaa5f0f6f4145e0281147d7d59cec75e1ba5b64dcf38;locationS35;RequestProject/Kant/Codec/Ipdl.lean8;evidenceS15;MACHINE_CHECKED","RequestProject","O7;13;source_systemS5;lean411;source_fileS35;RequestProject/Kant/Codec/Ipdl.lean13;source_formatS4;text11;imported_atI+0;14;transformed_atI+0;15;transformationsL0;13;parent_objectS0;","7b5f9eaeb11b3b1b1cd70a79ba1abc78a131ec230545cce194e9d85a022076be"
"proof.Kant.Clipboard.pasteText_copyText","Kant.Clipboard.pasteText_copyText","lean4","VALID","RequestProject/Kant/Clipboard.lean","216","L0;","L0;","elaborated and checked by the Lean kernel","L1;S37;obj.Kant.Clipboard.pasteText_copyText","L1;S39;claim.Kant.Clipboard.pasteText_copyText","L0;","O4;4;kindS12;lean4-kernel6;digestS64;707dc49d08822c36d0024f881e899d816ce2082c46ba400c0dca695e6c62b3cf8;locationS34;RequestProject/Kant/Clipboard.lean8;evidenceS15;MACHINE_CHECKED","RequestProject","O7;13;source_systemS5;lean411;source_fileS34;RequestProject/Kant/Clipboard.lean13;source_formatS4;text11;imported_atI+0;14;transformed_atI+216;15;transformationsL0;13;parent_objectS0;","124a662de91e979e1a25df7f2e018fd15c2f9ed864cc0ab892091f05b5848b6b"
"proof.Kant.Wasm.Kernel.toNat_ofNat_of_lt","Kant.Wasm.Kernel.toNat_ofNat_of_lt","lean4","VALID","RequestProject/Wasm/KernelSpec.lean","42","L0;","L0;","elaborated and checked by the Lean kernel","L1;S38;obj.Kant.Wasm.Kernel.toNat_ofNat_of_lt","L1;S40;claim.Kant.Wasm.Kernel.toNat_ofNat_of_lt","L0;","O4;4;kindS12;lean4-kernel6;digestS64;dd87abbd34e97ea17b571e1363eecc1e5d740c9fc83d00bf894abfd10342f7748;locationS35;RequestProject/Wasm/KernelSpec.lean8;evidenceS15;MACHINE_CHECKED","RequestProject","O7;13;source_systemS5;lean411;source_fileS35;RequestProject/Wasm/KernelSpec.lean13;source_formatS4;text11;imported_atI+0;14;transformed_atI+42;15;transformationsL0;13;parent_objectS0;","ccfb3b9cb59d24e9fbac6a2df0a3446633eb8356307a2fa38e42874eb1c2a720"
"proof.Kant.Codec.recoverFields.eq_def","Kant.Codec.recoverFields.eq_def","lean4","VALID","RequestProject/Kant/Codec/Ipdl.lean","0","L1;S30;obj.Kant.Codec.recover.match_1","L0;","elaborated and checked by the Lean kernel","L1;S35;obj.Kant.Codec.recoverFields.eq_def","L1;S37;claim.Kant.Codec.recoverFields.eq_def","L1;S32;proof.Kant.Codec.recover.match_1","O4;4;kindS12;lean4-kernel6;digestS64;e4a05d79d91308e3ab4f71bda1baa30c075b3ec7706016d9d973a9b908872c4a8;locationS35;RequestProject/Kant/Codec/Ipdl.lean8;evidenceS15;MACHINE_CHECKED","RequestProject","O7;13;source_systemS5;lean411;source_fileS35;RequestProject/Kant/Codec/Ipdl.lean13;source_formatS4;text11;imported_atI+0;14;transformed_atI+0;15;transformationsL0;13;parent_objectS0;","4335fafa1ca513ef0f8c5c94b0608f2ca2eb24bd3b07f3750f640abdd33f2332"
"proof.Kant.CodeMovie.unmovie_movieGodel","Kant.CodeMovie.unmovie_movieGodel","lean4","VALID","RequestProject/Kant/CodeMovie.lean","131","L0;","L0;","elaborated and checked by the Lean kernel","L1;S37;obj.Kant.CodeMovie.unmovie_movieGodel","L1;S39;claim.Kant.CodeMovie.unmovie_movieGodel","L0;","O4;4;kindS12;lean4-kernel6;digestS64;7038244df1df8e0dd1f75f886747d76e57b98ed813344e7f2d17c05f205952988;locationS34;RequestProject/Kant/CodeMovie.lean8;evidenceS15;MACHINE_CHECKED","RequestProject","O7;13;source_systemS5;lean411;source_fileS34;RequestProject/Kant/CodeMovie.lean13;source_formatS4;text11;imported_atI+0;14;transformed_atI+131;15;transformationsL0;13;parent_objectS0;","09ba5d257d95771b38839877c31a36087d92f06ac03956c10ff30c14fa722cae"
"proof.Kant.Codec.project.eq_2","Kant.Codec.project.eq_2","lean4","VALID","RequestProject/Kant/Codec/Ipdl.lean","0","L0;","L0;","elaborated and checked by the Lean kernel","L1;S27;obj.Kant.Codec.project.eq_2","L1;S29;claim.Kant.Codec.project.eq_2","L0;","O4;4;kindS12;lean4-kernel6;digestS64;a954171feafa041f8cb13fa82aac375080b75052829c54558f57f6b3b8fc607e8;locationS35;RequestProject/Kant/Codec/Ipdl.lean8;evidenceS15;MACHINE_CHECKED","RequestProject","O7;13;source_systemS5;lean411;source_fileS35;RequestProject/Kant/Codec/Ipdl.lean13;source_formatS4;text11;imported_atI+0;14;transformed_atI+0;15;transformationsL0;13;parent_objectS0;","d51d45efdf40ed57c4096ed9e6e61ab49d5d08fe40c3ef5df0502875df9f27ba"
"proof.Kant.Relay.Msg.witness_length","Kant.Relay.Msg.witness_length","lean4","VALID","RequestProject/Kant/Relay.lean","77","L0;","L0;","elaborated and checked by the Lean kernel","L1;S33;obj.Kant.Relay.Msg.witness_length","L1;S35;claim.Kant.Relay.Msg.witness_length","L0;","O4;4;kindS12;lean4-kernel6;digestS64;a928c1f5252237d93d7caf28b5acc77a39d175225be06ba39fe44e9ef02ee9cc8;locationS30;RequestProject/Kant/Relay.lean8;evidenceS15;MACHINE_CHECKED","RequestProject","O7;13;source_systemS5;lean411;source_fileS30;RequestProject/Kant/Relay.lean13;source_formatS4;text11;imported_atI+0;14;transformed_atI+77;15;transformationsL0;13;parent_objectS0;","caab9cb7359ef9a0d9ca74b328fabeb3c48ec93ed106ad86561213ed13817919"
"proof.Kant.CodeMovie.Circuit.run.eq_4","Kant.CodeMovie.Circuit.run.eq_4","lean4","VALID","RequestProject/Kant/CodeMovie.lean","0","L0;","L0;","elaborated and checked by the Lean kernel","L1;S35;obj.Kant.CodeMovie.Circuit.run.eq_4","L1;S37;claim.Kant.CodeMovie.Circuit.run.eq_4","L0;","O4;4;kindS12;lean4-kernel6;digestS64;11f339a6ea6a64dab657872b864969915f62eba77aa3e4c4f0c3dc5ce70ed4838;locationS34;RequestProject/Kant/CodeMovie.lean8;evidenceS15;MACHINE_CHECKED","RequestProject","O7;13;source_systemS5;lean411;source_fileS34;RequestProject/Kant/CodeMovie.lean13;source_formatS4;text11;imported_atI+0;14;transformed_atI+0;15;transformationsL0;13;parent_objectS0;","d252b0021bc680c9f03944c6fb3c1f167cf3fa224c47aa23a1c18e1309e3cd70"
"proof.Kant.Wasm.Decode.RawModule.mk.sizeOf_spec","Kant.Wasm.Decode.RawModule.mk.sizeOf_spec","lean4","VALID","RequestProject/Wasm/Decode.lean","0","L0;","L0;","elaborated and checked by the Lean kernel","L1;S45;obj.Kant.Wasm.Decode.RawModule.mk.sizeOf_spec","L1;S47;claim.Kant.Wasm.Decode.RawModule.mk.sizeOf_spec","L0;","O4;4;kindS12;lean4-kernel6;digestS64;aeb685ff64bf76a365d6989c18b9b9b402fe3e01ec2924f94f561b6c182ecc928;locationS31;RequestProject/Wasm/Decode.lean8;evidenceS15;MACHINE_CHECKED","RequestProject","O7;13;source_systemS5;lean411;source_fileS31;RequestProject/Wasm/Decode.lean13;source_formatS4;text11;imported_atI+0;14;transformed_atI+0;15;transformationsL0;13;parent_objectS0;","b3f2e3f1b1fb123c7b5a913c53b1a9ff0b0d66a8e47159028215674108eb55c5"
"proof.Kant.Wasm.BinOp.apply.eq_1","Kant.Wasm.BinOp.apply.eq_1","lean4","VALID","RequestProject/Wasm/Semantics.lean","0","L0;","L0;","elaborated and checked by the Lean kernel","L1;S30;obj.Kant.Wasm.BinOp.apply.eq_1","L1;S32;claim.Kant.Wasm.BinOp.apply.eq_1","L0;","O4;4;kindS12;lean4-kernel6;digestS64;9f66e024c3ca75d8327e6adf60fd20ff371d64933d9111660de898225f8fca358;locationS34;RequestProject/Wasm/Semantics.lean8;evidenceS15;MACHINE_CHECKED","RequestProject","O7;13;source_systemS5;lean411;source_fileS34;RequestProject/Wasm/Semantics.lean13;source_formatS4;text11;imported_atI+0;14;transformed_atI+0;15;transformationsL0;13;parent_objectS0;","1999fea371b019475460ffacf61882d4a8c354fca92bfc2d6619d5ecd76df63a"
"proof.Kant.Pipeline.reveal_hide","Kant.Pipeline.reveal_hide","lean4","VALID","RequestProject/Kant/Pipeline.lean","64","L2;S22;obj.Kant.Stego.CarrierS31;obj.Kant.Pipeline.blobToNats_lt","L0;","elaborated and checked by the Lean kernel","L1;S29;obj.Kant.Pipeline.reveal_hide","L1;S31;claim.Kant.Pipeline.reveal_hide","L2;S24;proof.Kant.Stego.CarrierS33;proof.Kant.Pipeline.blobToNats_lt","O4;4;kindS12;lean4-kernel6;digestS64;5b548b99597a1baf986442f197f320b43ed60f2f2c235fa1aa7bcb134c3afd1e8;locationS33;RequestProject/Kant/Pipeline.lean8;evidenceS15;MACHINE_CHECKED","RequestProject","O7;13;source_systemS5;lean411;source_fileS33;RequestProject/Kant/Pipeline.lean13;source_formatS4;text11;imported_atI+0;14;transformed_atI+64;15;transformationsL0;13;parent_objectS0;","58f71bb58bcfeb87e4f9417b45d2a0c4c95b70e776ad75cd510fdd5935929b0a"
"proof.Kant.PlainText.joinCh.eq_2","Kant.PlainText.joinCh.eq_2","lean4","VALID","RequestProject/Kant/PlainText.lean","0","L0;","L0;","elaborated and checked by the Lean kernel","L1;S30;obj.Kant.PlainText.joinCh.eq_2","L1;S32;claim.Kant.PlainText.joinCh.eq_2","L0;","O4;4;kindS12;lean4-kernel6;digestS64;4eec2683c49f93c672dfae5e78debb4d9d44396e5b411958b538f3fb2fa4bf778;locationS34;RequestProject/Kant/PlainText.lean8;evidenceS15;MACHINE_CHECKED","RequestProject","O7;13;source_systemS5;lean411;source_fileS34;RequestProject/Kant/PlainText.lean13;source_formatS4;text11;imported_atI+0;14;transformed_atI+0;15;transformationsL0;13;parent_objectS0;","0923394271f87b3f75a136b69734f22c5e620396c6289965edbe9446cced2ad2"
"proof.Kant.Stego.extractBlob_embedBlob_prefix","Kant.Stego.extractBlob_embedBlob_prefix","lean4","VALID","RequestProject/Kant/Stego.lean","229","L1;S22;obj.Kant.Stego.Carrier","L0;","elaborated and checked by the Lean kernel","L1;S43;obj.Kant.Stego.extractBlob_embedBlob_prefix","L1;S45;claim.Kant.Stego.extractBlob_embedBlob_prefix","L1;S24;proof.Kant.Stego.Carrier","O4;4;kindS12;lean4-kernel6;digestS64;b7e9a54530bb9a4985b27094c00e23d6b72d54ac9787674baebd3b7b98375da88;locationS30;RequestProject/Kant/Stego.lean8;evidenceS15;MACHINE_CHECKED","RequestProject","O7;13;source_systemS5;lean411;source_fileS30;RequestProject/Kant/Stego.lean13;source_formatS4;text11;imported_atI+0;14;transformed_atI+229;15;transformationsL0;13;parent_objectS0;","382abdbe2fb67827712956f5a644f69484fea3e779cfac4d2c3319c7ab77a73a"
"proof.Kant.Uucp.wired_view","Kant.Uucp.wired_view","lean4","VALID","RequestProject/Kant/Uucp.lean","511","L0;","L0;","elaborated and checked by the Lean kernel","L1;S24;obj.Kant.Uucp.wired_view","L1;S26;claim.Kant.Uucp.wired_view","L0;","O4;4;kindS12;lean4-kernel6;digestS64;f41e6ff16d87873e8ca5f6b40397ca9914f70a3ecf7eb4881e2713fc8aee74c38;locationS29;RequestProject/Kant/Uucp.lean8;evidenceS15;MACHINE_CHECKED","RequestProject","O7;13;source_systemS5;lean411;source_fileS29;RequestProject/Kant/Uucp.lean13;source_formatS4;text11;imported_atI+0;14;transformed_atI+511;15;transformationsL0;13;parent_objectS0;","39dc979c8ef39df8993cfd21939ffdfb3c8db2b3978aeafe1a3f10162e118081"
"proof.Kant.Uucp.toPart.eq_1","Kant.Uucp.toPart.eq_1","lean4","VALID","RequestProject/Kant/Uucp.lean","0","L0;","L0;","elaborated and checked by the Lean kernel","L1;S25;obj.Kant.Uucp.toPart.eq_1","L1;S27;claim.Kant.Uucp.toPart.eq_1","L0;","O4;4;kindS12;lean4-kernel6;digestS64;0dc8325cf75033dba5023ee2fb614d5465b380b26e60a649b569d130b12f92ea8;locationS29;RequestProject/Kant/Uucp.lean8;evidenceS15;MACHINE_CHECKED","RequestProject","O7;13;source_systemS5;lean411;source_fileS29;RequestProject/Kant/Uucp.lean13;source_formatS4;text11;imported_atI+0;14;transformed_atI+0;15;transformationsL0;13;parent_objectS0;","74742236f72ace011e889da8fcd4b51e29a0cb1e310b24bb2e7d509129d16e58"
"proof.Kant.Codec.importAny_status_of_decoded","Kant.Codec.importAny_status_of_decoded","lean4","VALID","RequestProject/Kant/Codec/RawText.lean","382","L2;S25;obj.Kant.Codec.Obj.statusS28;obj.Kant.Codec.Obj.procedure","L0;","elaborated and checked by the Lean kernel","L1;S42;obj.Kant.Codec.importAny_status_of_decoded","L1;S44;claim.Kant.Codec.importAny_status_of_decoded","L2;S27;proof.Kant.Codec.Obj.statusS30;proof.Kant.Codec.Obj.procedure","O4;4;kindS12;lean4-kernel6;digestS64;42145fbd9ff3efe591db42ec58730f8e6a984724997f4d37260111a214d015f88;locationS38;RequestProject/Kant/Codec/RawText.lean8;evidenceS15;MACHINE_CHECKED","RequestProject","O7;13;source_systemS5;lean411;source_fileS38;RequestProject/Kant/Codec/RawText.lean13;source_formatS4;text11;imported_atI+0;14;transformed_atI+382;15;transformationsL0;13;parent_objectS0;","8aaffd0ec31cdfbc92945365817fd7ef2cdbd275d4d53c62ee817bf4b8de9095"
"proof.Kant.Text.asciiBytes_cons","Kant.Text.asciiBytes_cons","lean4","VALID","RequestProject/Kant/Text.lean","54","L0;","L0;","elaborated and checked by the Lean kernel","L1;S29;obj.Kant.Text.asciiBytes_cons","L1;S31;claim.Kant.Text.asciiBytes_cons","L0;","O4;4;kindS12;lean4-kernel6;digestS64;66f00db06e75dd0c02ce70a3e77e33cbba94e2abbff7f68a4109dcbd1dc290018;locationS29;RequestProject/Kant/Text.lean8;evidenceS15;MACHINE_CHECKED","RequestProject","O7;13;source_systemS5;lean411;source_fileS29;RequestProject/Kant/Text.lean13;source_formatS4;text11;imported_atI+0;14;transformed_atI+54;15;transformationsL0;13;parent_objectS0;","3ae920a35c1e195542b09731b2d584f22ebec9debcbbe7cf4bf9dcb6d1f2cb6c"
"proof.Kant.Dom.cellsText.eq_2","Kant.Dom.cellsText.eq_2","lean4","VALID","RequestProject/Kant/Domain/Table.lean","0","L0;","L0;","elaborated and checked by the Lean kernel","L1;S27;obj.Kant.Dom.cellsText.eq_2","L1;S29;claim.Kant.Dom.cellsText.eq_2","L0;","O4;4;kindS12;lean4-kernel6;digestS64;536e088c64fb329e2e2cc63f8f4ea4a5ef1cc669e64ef9609b9f5cc1e29423af8;locationS37;RequestProject/Kant/Domain/Table.lean8;evidenceS15;MACHINE_CHECKED","RequestProject","O7;13;source_systemS5;lean411;source_fileS37;RequestProject/Kant/Domain/Table.lean13;source_formatS4;text11;imported_atI+0;14;transformed_atI+0;15;transformationsL0;13;parent_objectS0;","4981854b214fcfe94c200793ab74f706e436b4f9631689a335160b3281315940"
"proof.Kant.Connectivity.diagnose_eq_ok_iff","Kant.Connectivity.diagnose_eq_ok_iff","lean4","VALID","RequestProject/Kant/Connectivity.lean","205","L2;S33;obj.Kant.Connectivity.Client.roomS33;obj.Kant.Connectivity.SharedRelay","L0;","elaborated and checked by the Lean kernel","L1;S40;obj.Kant.Connectivity.diagnose_eq_ok_iff","L1;S42;claim.Kant.Connectivity.diagnose_eq_ok_iff","L2;S35;proof.Kant.Connectivity.Client.roomS35;proof.Kant.Connectivity.SharedRelay","O4;4;kindS12;lean4-kernel6;digestS64;edbcde6a2b36b1047cfff8e8a514d35b145f8d40575804da3af9b9c5674dec298;locationS37;RequestProject/Kant/Connectivity.lean8;evidenceS15;MACHINE_CHECKED","RequestProject","O7;13;source_systemS5;lean411;source_fileS37;RequestProject/Kant/Connectivity.lean13;source_formatS4;text11;imported_atI+0;14;transformed_atI+205;15;transformationsL0;13;parent_objectS0;","f925ba880c3802854265f087ce290302c9a2c406ace35c7f6b3e8c6069ec6a7c"
"proof.Kant.Wasm.Module.wf_of_wfb","Kant.Wasm.Module.wf_of_wfb","lean4","VALID","RequestProject/Wasm/Syntax.lean","143","L0;","L0;","elaborated and checked by the Lean kernel","L1;S30;obj.Kant.Wasm.Module.wf_of_wfb","L1;S32;claim.Kant.Wasm.Module.wf_of_wfb","L0;","O4;4;kindS12;lean4-kernel6;digestS64;25ffd29f0f1bb88307ece1d9989b85903d55092b9d11816d6519208ebbe7aa628;locationS31;RequestProject/Wasm/Syntax.lean8;evidenceS15;MACHINE_CHECKED","RequestProject","O7;13;source_systemS5;lean411;source_fileS31;RequestProject/Wasm/Syntax.lean13;source_formatS4;text11;imported_atI+0;14;transformed_atI+143;15;transformationsL0;13;parent_objectS0;","3ebd197cc23fc1516d49d07cda6a950ea7973aa3ab624e4baa19b60f51ae3088"
"proof.Kant.Rendezvous.Address.mk.sizeOf_spec","Kant.Rendezvous.Address.mk.sizeOf_spec","lean4","VALID","RequestProject/Kant/Rendezvous.lean","0","L0;","L0;","elaborated and checked by the Lean kernel","L1;S42;obj.Kant.Rendezvous.Address.mk.sizeOf_spec","L1;S44;claim.Kant.Rendezvous.Address.mk.sizeOf_spec","L0;","O4;4;kindS12;lean4-kernel6;digestS64;b90886bb8765ade7287c8ff78ea11f109d6043bee77cc15d2852861d2a92e13e8;locationS35;RequestProject/Kant/Rendezvous.lean8;evidenceS15;MACHINE_CHECKED","RequestProject","O7;13;source_systemS5;lean411;source_fileS35;RequestProject/Kant/Rendezvous.lean13;source_formatS4;text11;imported_atI+0;14;transformed_atI+0;15;transformationsL0;13;parent_objectS0;","5fca1adf1b0cebb97da99c7a95c0d4d63c10efb4eb424a336763ecacefdab1d0"
"proof.Kant.Handoff.script_serverless","Kant.Handoff.script_serverless","lean4","VALID","RequestProject/Kant/Handoff.lean","98","L0;","L0;","elaborated and checked by the Lean kernel","L1;S34;obj.Kant.Handoff.script_serverless","L1;S36;claim.Kant.Handoff.script_serverless","L0;","O4;4;kindS12;lean4-kernel6;digestS64;0e28230dcab2a9a957f11961f09fecda17a3b4c43dd9cd13daf9a48718b5b8cc8;locationS32;RequestProject/Kant/Handoff.lean8;evidenceS15;MACHINE_CHECKED","RequestProject","O7;13;source_systemS5;lean411;source_fileS32;RequestProject/Kant/Handoff.lean13;source_formatS4;text11;imported_atI+0;14;transformed_atI+98;15;transformationsL0;13;parent_objectS0;","b9aa58768dc242a543d676fae8621db2d6f2e19507bf14ffdde8a5f26c021f8c"
"proof.Kant.SiteCard.Config.Wf.origin","Kant.SiteCard.Config.Wf.origin","lean4","VALID","RequestProject/Kant/SiteCard.lean","158","L0;","L0;","elaborated and checked by the Lean kernel","L1;S34;obj.Kant.SiteCard.Config.Wf.origin","L1;S36;claim.Kant.SiteCard.Config.Wf.origin","L0;","O4;4;kindS12;lean4-kernel6;digestS64;c9a997d92b6fcdbb992ea5a3562abcc83cc745862f5c57458aa155ad409252ca8;locationS33;RequestProject/Kant/SiteCard.lean8;evidenceS15;MACHINE_CHECKED","RequestProject","O7;13;source_systemS5;lean411;source_fileS33;RequestProject/Kant/SiteCard.lean13;source_formatS4;text11;imported_atI+0;14;transformed_atI+158;15;transformationsL0;13;parent_objectS0;","0cd1058927d899f94e9f3402a0789c76c392a88425589bf30e3e6c01cbea33f0"
"proof.Kant.Rendezvous.Invite.mk.sizeOf_spec","Kant.Rendezvous.Invite.mk.sizeOf_spec","lean4","VALID","RequestProject/Kant/Rendezvous.lean","0","L0;","L0;","elaborated and checked by the Lean kernel","L1;S41;obj.Kant.Rendezvous.Invite.mk.sizeOf_spec","L1;S43;claim.Kant.Rendezvous.Invite.mk.sizeOf_spec","L0;","O4;4;kindS12;lean4-kernel6;digestS64;357be423484ca7484b59741bb76bb34f87678a097d02ea469ea71ed888286d058;locationS35;RequestProject/Kant/Rendezvous.lean8;evidenceS15;MACHINE_CHECKED","RequestProject","O7;13;source_systemS5;lean411;source_fileS35;RequestProject/Kant/Rendezvous.lean13;source_formatS4;text11;imported_atI+0;14;transformed_atI+0;15;transformationsL0;13;parent_objectS0;","c09c22c8fed4a41721293ac51c816014b0a9c31a4b99e61d495e9eb312168d1a"
"proof.Kant.Wasm.BinOp.apply.eq_3","Kant.Wasm.BinOp.apply.eq_3","lean4","VALID","RequestProject/Wasm/Semantics.lean","0","L0;","L0;","elaborated and checked by the Lean kernel","L1;S30;obj.Kant.Wasm.BinOp.apply.eq_3","L1;S32;claim.Kant.Wasm.BinOp.apply.eq_3","L0;","O4;4;kindS12;lean4-kernel6;digestS64;2e48ab3500a31577f5b7bc4738c01520882d8851a993fc853d5f3402949e92f68;locationS34;RequestProject/Wasm/Semantics.lean8;evidenceS15;MACHINE_CHECKED","RequestProject","O7;13;source_systemS5;lean411;source_fileS34;RequestProject/Wasm/Semantics.lean13;source_formatS4;text11;imported_atI+0;14;transformed_atI+0;15;transformationsL0;13;parent_objectS0;","2dd4e5f453d4b0a12fa55e24adc5dfee97aa6b67b3c14ebb49b9c56063cbd008"
"proof.Kant.Feed.thread_sound","Kant.Feed.thread_sound","lean4","VALID","RequestProject/Kant/Feed.lean","249","L1;S29;obj.Kant.Feed.mem_replies_iff","L0;","elaborated and checked by the Lean kernel","L1;S26;obj.Kant.Feed.thread_sound","L1;S28;claim.Kant.Feed.thread_sound","L1;S31;proof.Kant.Feed.mem_replies_iff","O4;4;kindS12;lean4-kernel6;digestS64;7d16d3fb4dad1767d05d4ac3ff029148aa82cc27a29cdbd5750b9ab4565e25de8;locationS29;RequestProject/Kant/Feed.lean8;evidenceS15;MACHINE_CHECKED","RequestProject","O7;13;source_systemS5;lean411;source_fileS29;RequestProject/Kant/Feed.lean13;source_formatS4;text11;imported_atI+0;14;transformed_atI+249;15;transformationsL0;13;parent_objectS0;","8a1920d6231c95355ecc46ab11aed3328a999bbfbf3eb76fa793c9e897f94b6c"
"proof.Kant.Bytes.fnvOffset.eq_1","Kant.Bytes.fnvOffset.eq_1","lean4","VALID","RequestProject/Wasm/KernelSpec.lean","0","L0;","L0;","elaborated and checked by the Lean kernel","L1;S29;obj.Kant.Bytes.fnvOffset.eq_1","L1;S31;claim.Kant.Bytes.fnvOffset.eq_1","L0;","O4;4;kindS12;lean4-kernel6;digestS64;ea2b099af53284a24758910c01f8d3753443609163d56ebc082874c6e6a44e0f8;locationS35;RequestProject/Wasm/KernelSpec.lean8;evidenceS15;MACHINE_CHECKED","RequestProject","O7;13;source_systemS5;lean411;source_fileS35;RequestProject/Wasm/KernelSpec.lean13;source_formatS4;text11;imported_atI+0;14;transformed_atI+0;15;transformationsL0;13;parent_objectS0;","f22503f7f7a642472662fea98e8b89c476c90d4fbd30b5cd25fbb0dcee7b33ca"
"proof.Kant.Dom.Decl.mk.injEq","Kant.Dom.Decl.mk.injEq","lean4","VALID","RequestProject/Kant/Domain/Catalog.lean","0","L1;S17;obj.Kant.Dom.Decl","L0;","elaborated and checked by the Lean kernel","L1;S26;obj.Kant.Dom.Decl.mk.injEq","L1;S28;claim.Kant.Dom.Decl.mk.injEq","L1;S19;proof.Kant.Dom.Decl","O4;4;kindS12;lean4-kernel6;digestS64;b3f41edf4b51366346e19bef816e097467d1884a5f3e4bd1ce98d1ee548da52a8;locationS39;RequestProject/Kant/Domain/Catalog.lean8;evidenceS15;MACHINE_CHECKED","RequestProject","O7;13;source_systemS5;lean411;source_fileS39;RequestProject/Kant/Domain/Catalog.lean13;source_formatS4;text11;imported_atI+0;14;transformed_atI+0;15;transformationsL0;13;parent_objectS0;","18a5752d2499a306cbc8a1686b460bc97ce05860b4c6e0c08f144e3bf8c13483"
"proof.Kant.Dom.Evidence.toVal.eq_1","Kant.Dom.Evidence.toVal.eq_1","lean4","VALID","RequestProject/Kant/Domain/Model.lean","0","L0;","L0;","elaborated and checked by the Lean kernel","L1;S32;obj.Kant.Dom.Evidence.toVal.eq_1","L1;S34;claim.Kant.Dom.Evidence.toVal.eq_1","L0;","O4;4;kindS12;lean4-kernel6;digestS64;8557e6621a3d55e62ff77318dae27e1d139cc1d128e37350ed8957e8f22c449f8;locationS37;RequestProject/Kant/Domain/Model.lean8;evidenceS15;MACHINE_CHECKED","RequestProject","O7;13;source_systemS5;lean411;source_fileS37;RequestProject/Kant/Domain/Model.lean13;source_formatS4;text11;imported_atI+0;14;transformed_atI+0;15;transformationsL0;13;parent_objectS0;","774fc3cc5c4d8086916804d0dda9cfc9517cc4bcb3883580415ca24a0437ce43"
"proof.Kant.Stego.byteBits.eq_1","Kant.Stego.byteBits.eq_1","lean4","VALID","RequestProject/Kant/Stego.lean","0","L0;","L0;","elaborated and checked by the Lean kernel","L1;S28;obj.Kant.Stego.byteBits.eq_1","L1;S30;claim.Kant.Stego.byteBits.eq_1","L0;","O4;4;kindS12;lean4-kernel6;digestS64;5bb63bb0e2da3e783addcbc10aefb807726dfc3e518bdaaeb31e3402667c76458;locationS30;RequestProject/Kant/Stego.lean8;evidenceS15;MACHINE_CHECKED","RequestProject","O7;13;source_systemS5;lean411;source_fileS30;RequestProject/Kant/Stego.lean13;source_formatS4;text11;imported_atI+0;14;transformed_atI+0;15;transformationsL0;13;parent_objectS0;","babf2576fd50e44cbbdf6dc081e826df03a311746d8552b29abd5187744f7045"
"proof.Kant.Repost.ofQuote.eq_1","Kant.Repost.ofQuote.eq_1","lean4","VALID","RequestProject/Kant/Repost.lean","0","L0;","L0;","elaborated and checked by the Lean kernel","L1;S28;obj.Kant.Repost.ofQuote.eq_1","L1;S30;claim.Kant.Repost.ofQuote.eq_1","L0;","O4;4;kindS12;lean4-kernel6;digestS64;6755135f0d9dc3d3600075bbbba36fe45f521ed548331941e1eef00a54db6b1a8;locationS31;RequestProject/Kant/Repost.lean8;evidenceS15;MACHINE_CHECKED","RequestProject","O7;13;source_systemS5;lean411;source_fileS31;RequestProject/Kant/Repost.lean13;source_formatS4;text11;imported_atI+0;14;transformed_atI+0;15;transformationsL0;13;parent_objectS0;","42494042ce1a2609e3d6b3b4bf5b85a6ced6ddf087baf303ebbac87eab70d920"
"proof.Kant.Wasm.Encode.codePayload.eq_1","Kant.Wasm.Encode.codePayload.eq_1","lean4","VALID","RequestProject/Wasm/Decode.lean","0","L0;","L0;","elaborated and checked by the Lean kernel","L1;S37;obj.Kant.Wasm.Encode.codePayload.eq_1","L1;S39;claim.Kant.Wasm.Encode.codePayload.eq_1","L0;","O4;4;kindS12;lean4-kernel6;digestS64;f9b1a41d6a9a8fb85c248b34d944420f93483a5cad3e9396f9898f11720467658;locationS31;RequestProject/Wasm/Decode.lean8;evidenceS15;MACHINE_CHECKED","RequestProject","O7;13;source_systemS5;lean411;source_fileS31;RequestProject/Wasm/Decode.lean13;source_formatS4;text11;imported_atI+0;14;transformed_atI+0;15;transformationsL0;13;parent_objectS0;","37134bedd767c3fb277cd271280ab8182941e3c733251681e67020a20a81c49e"
"proof.Kant.Paste.mk.injEq","Kant.Paste.mk.injEq","lean4","VALID","RequestProject/Kant/Paste.lean","0","L0;","L0;","elaborated and checked by the Lean kernel","L1;S23;obj.Kant.Paste.mk.injEq","L1;S25;claim.Kant.Paste.mk.injEq","L0;","O4;4;kindS12;lean4-kernel6;digestS64;53a5a05f2e4dbdf8624bfe34cae98bbf05bc7d606b9d5cc673ac724a830f63f58;locationS30;RequestProject/Kant/Paste.lean8;evidenceS15;MACHINE_CHECKED","RequestProject","O7;13;source_systemS5;lean411;source_fileS30;RequestProject/Kant/Paste.lean13;source_formatS4;text11;imported_atI+0;14;transformed_atI+0;15;transformationsL0;13;parent_objectS0;","92f1b28e53f80b77f1bb2f2fbd379c64a3c1135ae4c6d11dde641cac1d2b668a"
"proof.Kant.Codec.readXUntil.eq_def","Kant.Codec.readXUntil.eq_def","lean4","VALID","RequestProject/Kant/Codec/Xml.lean","0","L0;","L0;","elaborated and checked by the Lean kernel","L1;S32;obj.Kant.Codec.readXUntil.eq_def","L1;S34;claim.Kant.Codec.readXUntil.eq_def","L0;","O4;4;kindS12;lean4-kernel6;digestS64;dcc259e033c793cbb17b411cd036665c0b32661a5daebe2151b858d94b6d916a8;locationS34;RequestProject/Kant/Codec/Xml.lean8;evidenceS15;MACHINE_CHECKED","RequestProject","O7;13;source_systemS5;lean411;source_fileS34;RequestProject/Kant/Codec/Xml.lean13;source_formatS4;text11;imported_atI+0;14;transformed_atI+0;15;transformationsL0;13;parent_objectS0;","b5723f70c80e31ca99f5c7a9c2702c1d9fc0cdf0cff1e6e47ae2b4ae37cc91b7"
"proof.Kant.Sneakernet.Frame.mk.inj","Kant.Sneakernet.Frame.mk.inj","lean4","VALID","RequestProject/Kant/Sneakernet.lean","0","L0;","L0;","elaborated and checked by the Lean kernel","L1;S32;obj.Kant.Sneakernet.Frame.mk.inj","L1;S34;claim.Kant.Sneakernet.Frame.mk.inj","L0;","O4;4;kindS12;lean4-kernel6;digestS64;409db5a0a235f157e330c48e93dbe3a46f36eb735c24f6391ae6791e75f336ae8;locationS35;RequestProject/Kant/Sneakernet.lean8;evidenceS15;MACHINE_CHECKED","RequestProject","O7;13;source_systemS5;lean411;source_fileS35;RequestProject/Kant/Sneakernet.lean13;source_formatS4;text11;imported_atI+0;14;transformed_atI+0;15;transformationsL0;13;parent_objectS0;","c2118eae313214e0f396e270c76e3303fc8f2897c094066641da508e54342609"
"proof.Kant.Codec.Ipdl.str.injEq","Kant.Codec.Ipdl.str.injEq","lean4","VALID","RequestProject/Kant/Codec/Ipdl.lean","0","L0;","L0;","elaborated and checked by the Lean kernel","L1;S29;obj.Kant.Codec.Ipdl.str.injEq","L1;S31;claim.Kant.Codec.Ipdl.str.injEq","L0;","O4;4;kindS12;lean4-kernel6;digestS64;87f3728ab52844e85a2a2e5cf1b377679344d9f0a129f87e2fb7267903a2c4958;locationS35;RequestProject/Kant/Codec/Ipdl.lean8;evidenceS15;MACHINE_CHECKED","RequestProject","O7;13;source_systemS5;lean411;source_fileS35;RequestProject/Kant/Codec/Ipdl.lean13;source_formatS4;text11;imported_atI+0;14;transformed_atI+0;15;transformationsL0;13;parent_objectS0;","af1eb226ff4097d088f677b4fc3056133d8cd8e7afcf7516183519babd651bd9"
"proof.Kant.PlainText.metaOf_copyPlainWithMeta","Kant.PlainText.metaOf_copyPlainWithMeta","lean4","VALID","RequestProject/Kant/PlainText.lean","334","L2;S26;obj.Kant.PlainText.metaForS32;obj.Kant.PlainText.metaOf_render","L0;","elaborated and checked by the Lean kernel","L1;S43;obj.Kant.PlainText.metaOf_copyPlainWithMeta","L1;S45;claim.Kant.PlainText.metaOf_copyPlainWithMeta","L2;S28;proof.Kant.PlainText.metaForS34;proof.Kant.PlainText.metaOf_render","O4;4;kindS12;lean4-kernel6;digestS64;dad97773823d094a096df7ff6f47a4f130c55761cf384bd0b58b8d21f760dbb78;locationS34;RequestProject/Kant/PlainText.lean8;evidenceS15;MACHINE_CHECKED","RequestProject","O7;13;source_systemS5;lean411;source_fileS34;RequestProject/Kant/PlainText.lean13;source_formatS4;text11;imported_atI+0;14;transformed_atI+334;15;transformationsL0;13;parent_objectS0;","1f379dfeb8c8a440be2863adbe031233033c0992c49e422601169817b7449599"
"proof.Kant.Wasm.Kernel.eval_mkCidE","Kant.Wasm.Kernel.eval_mkCidE","lean4","VALID","RequestProject/Wasm/KernelSpec.lean","165","L1;S23;obj.Kant.Wasm.Expr.eval","L0;","elaborated and checked by the Lean kernel","L1;S32;obj.Kant.Wasm.Kernel.eval_mkCidE","L1;S34;claim.Kant.Wasm.Kernel.eval_mkCidE","L1;S25;proof.Kant.Wasm.Expr.eval","O4;4;kindS12;lean4-kernel6;digestS64;16ca3253a4205f23cc339ed2d96821e47f857c5be33c3c790144a9f962feac428;locationS35;RequestProject/Wasm/KernelSpec.lean8;evidenceS15;MACHINE_CHECKED","RequestProject","O7;13;source_systemS5;lean411;source_fileS35;RequestProject/Wasm/KernelSpec.lean13;source_formatS4;text11;imported_atI+0;14;transformed_atI+165;15;transformationsL0;13;parent_objectS0;","f92c3cb41bb5d6bbac9dbfa5ee29d3d87e5dd290d31de1418b45fab2f8d1735e"
"proof.Kant.Dom.Domain.hash_length","Kant.Dom.Domain.hash_length","lean4","VALID","RequestProject/Kant/Domain/Model.lean","670","L0;","L0;","elaborated and checked by the Lean kernel","L1;S31;obj.Kant.Dom.Domain.hash_length","L1;S33;claim.Kant.Dom.Domain.hash_length","L0;","O4;4;kindS12;lean4-kernel6;digestS64;a6d3e8f3c2503fba89c1790d94f209710d10a6da8ee16464cfd82f18df389ca38;locationS37;RequestProject/Kant/Domain/Model.lean8;evidenceS15;MACHINE_CHECKED","RequestProject","O7;13;source_systemS5;lean411;source_fileS37;RequestProject/Kant/Domain/Model.lean13;source_formatS4;text11;imported_atI+0;14;transformed_atI+670;15;transformationsL0;13;parent_objectS0;","91ce30866b90835c8bcf82618d065ebfcdd0349ff8907d6294e9b65d2c2fb4c5"
"proof.Kant.Diagnostics.toEvent_ofEvent","Kant.Diagnostics.toEvent_ofEvent","lean4","VALID","RequestProject/Kant/Diagnostics.lean","184","L1;S36;obj.Kant.Diagnostics.areaOfCode_code","L0;","elaborated and checked by the Lean kernel","L1;S36;obj.Kant.Diagnostics.toEvent_ofEvent","L1;S38;claim.Kant.Diagnostics.toEvent_ofEvent","L1;S38;proof.Kant.Diagnostics.areaOfCode_code","O4;4;kindS12;lean4-kernel6;digestS64;d6bce0966457d20c4cc1e817ca3e3957b2ba54d9123a7bf67f8ae47c5f1647d98;locationS36;RequestProject/Kant/Diagnostics.lean8;evidenceS15;MACHINE_CHECKED","RequestProject","O7;13;source_systemS5;lean411;source_fileS36;RequestProject/Kant/Diagnostics.lean13;source_formatS4;text11;imported_atI+0;14;transformed_atI+184;15;transformationsL0;13;parent_objectS0;","4bd35214f7fcb0595e81691699c22c06181dc719a72644f386a00fbcfcd3e720"
"proof.Kant.Codec.Envelope.mk.injEq","Kant.Codec.Envelope.mk.injEq","lean4","VALID","RequestProject/Kant/Codec/Exchange.lean","0","L0;","L0;","elaborated and checked by the Lean kernel","L1;S32;obj.Kant.Codec.Envelope.mk.injEq","L1;S34;claim.Kant.Codec.Envelope.mk.injEq","L0;","O4;4;kindS12;lean4-kernel6;digestS64;8081ee46251e2b5d9dee253ef1af69869b3b98a225044d8fa3dd1ebdd81effb08;locationS39;RequestProject/Kant/Codec/Exchange.lean8;evidenceS15;MACHINE_CHECKED","RequestProject","O7;13;source_systemS5;lean411;source_fileS39;RequestProject/Kant/Codec/Exchange.lean13;source_formatS4;text11;imported_atI+0;14;transformed_atI+0;15;transformationsL0;13;parent_objectS0;","c9073b9b869cf6899befa6671343e2e67b6a0d144df082038480b58805c4cc60"
"proof.Kant.Codec.importAny_sourceData","Kant.Codec.importAny_sourceData","lean4","VALID","RequestProject/Kant/Codec/RawText.lean","358","L3;S29;obj.Kant.Codec.Obj.sourceDataS28;obj.Kant.Codec.Obj.procedureS25;obj.Kant.Codec.Obj.status","L0;","elaborated and checked by the Lean kernel","L1;S35;obj.Kant.Codec.importAny_sourceData","L1;S37;claim.Kant.Codec.importAny_sourceData","L3;S31;proof.Kant.Codec.Obj.sourceDataS30;proof.Kant.Codec.Obj.procedureS27;proof.Kant.Codec.Obj.status","O4;4;kindS12;lean4-kernel6;digestS64;c4c4bb459d0c72258ea6b28ca51cbd5e7445767878e02d6f1073832319cea2e08;locationS38;RequestProject/Kant/Codec/RawText.lean8;evidenceS15;MACHINE_CHECKED","RequestProject","O7;13;source_systemS5;lean411;source_fileS38;RequestProject/Kant/Codec/RawText.lean13;source_formatS4;text11;imported_atI+0;14;transformed_atI+358;15;transformationsL0;13;parent_objectS0;","cf9b9f7e3537985cff1be227bc08770f972740f0ccbea68224ed740c565822b5"
"proof.Kant.Codec.yFields.eq_def","Kant.Codec.yFields.eq_def","lean4","VALID","RequestProject/Kant/Codec/Yaml.lean","0","L0;","L0;","elaborated and checked by the Lean kernel","L1;S29;obj.Kant.Codec.yFields.eq_def","L1;S31;claim.Kant.Codec.yFields.eq_def","L0;","O4;4;kindS12;lean4-kernel6;digestS64;c97c244aff6b1a05bcc71b87bac14596363da0b6a5c9dfef35d300b979237c088;locationS35;RequestProject/Kant/Codec/Yaml.lean8;evidenceS15;MACHINE_CHECKED","RequestProject","O7;13;source_systemS5;lean411;source_fileS35;RequestProject/Kant/Codec/Yaml.lean13;source_formatS4;text11;imported_atI+0;14;transformed_atI+0;15;transformationsL0;13;parent_objectS0;","b1cb197f3bbc6c9610e191cfcd6cf3d9037416b6538c5990bb3489fb510e4053"
"proof.Kant.Dom.LedgerRow.mk.inj","Kant.Dom.LedgerRow.mk.inj","lean4","VALID","RequestProject/Kant/Domain/Ledger.lean","0","L0;","L0;","elaborated and checked by the Lean kernel","L1;S29;obj.Kant.Dom.LedgerRow.mk.inj","L1;S31;claim.Kant.Dom.LedgerRow.mk.inj","L0;","O4;4;kindS12;lean4-kernel6;digestS64;542ef269973b821ea030c8c2512e9ac943f4bbb6e5f64e9416b77b3441e0f9a78;locationS38;RequestProject/Kant/Domain/Ledger.lean8;evidenceS15;MACHINE_CHECKED","RequestProject","O7;13;source_systemS5;lean411;source_fileS38;RequestProject/Kant/Domain/Ledger.lean13;source_formatS4;text11;imported_atI+0;14;transformed_atI+0;15;transformationsL0;13;parent_objectS0;","f1f11e936d83156d62215d2d3030999a812aabf6fd07cfc790d223076ea293f4"
"proof.Kant.Codec.Err.ofVal.eq_2","Kant.Codec.Err.ofVal.eq_2","lean4","VALID","RequestProject/Kant/Codec/Model.lean","0","L0;","L0;","elaborated and checked by the Lean kernel","L1;S29;obj.Kant.Codec.Err.ofVal.eq_2","L1;S31;claim.Kant.Codec.Err.ofVal.eq_2","L0;","O4;4;kindS12;lean4-kernel6;digestS64;fe5ad2abf7f9eb2f63aa33466f4e687c7018fdfadb4cf58505b87dda380b5a128;locationS36;RequestProject/Kant/Codec/Model.lean8;evidenceS15;MACHINE_CHECKED","RequestProject","O7;13;source_systemS5;lean411;source_fileS36;RequestProject/Kant/Codec/Model.lean13;source_formatS4;text11;imported_atI+0;14;transformed_atI+0;15;transformationsL0;13;parent_objectS0;","f761d1069c9ea23497f219d378cceb27d78f6122cc1d681a43949c36da907b8d"
"proof.Kant.Codec.rebuild.eq_3","Kant.Codec.rebuild.eq_3","lean4","VALID","RequestProject/Kant/Codec/Ipdl.lean","0","L0;","L0;","elaborated and checked by the Lean kernel","L1;S27;obj.Kant.Codec.rebuild.eq_3","L1;S29;claim.Kant.Codec.rebuild.eq_3","L0;","O4;4;kindS12;lean4-kernel6;digestS64;9197c421d960b872ec038bd060e630a9134deee982d2f1f47d6447a37e3cb8b38;locationS35;RequestProject/Kant/Codec/Ipdl.lean8;evidenceS15;MACHINE_CHECKED","RequestProject","O7;13;source_systemS5;lean411;source_fileS35;RequestProject/Kant/Codec/Ipdl.lean13;source_formatS4;text11;imported_atI+0;14;transformed_atI+0;15;transformationsL0;13;parent_objectS0;","fb2e7a933d19733c44ba9a3c9952e0bf651a7b1c2197f4826921ca4d0c3cab05"
"proof.Kant.Dasl.reflect59_valid","Kant.Dasl.reflect59_valid","lean4","VALID","RequestProject/Kant/Dasl.lean","226","L1;S24;obj.Kant.Dasl.Orbifold.n","L0;","elaborated and checked by the Lean kernel","L1;S29;obj.Kant.Dasl.reflect59_valid","L1;S31;claim.Kant.Dasl.reflect59_valid","L1;S26;proof.Kant.Dasl.Orbifold.n","O4;4;kindS12;lean4-kernel6;digestS64;ff4a23c1db14d3609d459141861ed0ffbd60b9a871521d12ac0508b951b904318;locationS29;RequestProject/Kant/Dasl.lean8;evidenceS15;MACHINE_CHECKED","RequestProject","O7;13;source_systemS5;lean411;source_fileS29;RequestProject/Kant/Dasl.lean13;source_formatS4;text11;imported_atI+0;14;transformed_atI+226;15;transformationsL0;13;parent_objectS0;","6beb49b6ae338682b28ce567810e0105a1b7d61b255bd83c9fe394b5d9ce923f"
"proof.Kant.Wasm.Decode.bytesN_length","Kant.Wasm.Decode.bytesN_length","lean4","VALID","RequestProject/Wasm/Decode.lean","104","L0;","L0;","elaborated and checked by the Lean kernel","L1;S34;obj.Kant.Wasm.Decode.bytesN_length","L1;S36;claim.Kant.Wasm.Decode.bytesN_length","L0;","O4;4;kindS12;lean4-kernel6;digestS64;70e45eba703978265a8710fc4f89fe415ef3ae763ff260141bac43449c5fc7278;locationS31;RequestProject/Wasm/Decode.lean8;evidenceS15;MACHINE_CHECKED","RequestProject","O7;13;source_systemS5;lean411;source_fileS31;RequestProject/Wasm/Decode.lean13;source_formatS4;text11;imported_atI+0;14;transformed_atI+104;15;transformationsL0;13;parent_objectS0;","d6f0e51267c23a1a25fe89611fb03bbd089f68fc21e81b94b0edec41b5dde937"
"proof.Kant.Feed.feed_resolves","Kant.Feed.feed_resolves","lean4","VALID","RequestProject/Kant/Feed.lean","88","L1;S23;obj.Kant.Store.get.eq_1","L0;","elaborated and checked by the Lean kernel","L1;S27;obj.Kant.Feed.feed_resolves","L1;S29;claim.Kant.Feed.feed_resolves","L1;S25;proof.Kant.Store.get.eq_1","O4;4;kindS12;lean4-kernel6;digestS64;1e99f407dcedd7d4e996536cad33323f7b2b2cec25eefcf6f92cc19fd35ec7898;locationS29;RequestProject/Kant/Feed.lean8;evidenceS15;MACHINE_CHECKED","RequestProject","O7;13;source_systemS5;lean411;source_fileS29;RequestProject/Kant/Feed.lean13;source_formatS4;text11;imported_atI+0;14;transformed_atI+88;15;transformationsL0;13;parent_objectS0;","60db30bb18c1d1fcd616e4e1afcd8f9fd4c744ac14c5e50280b9b5c8b03d7925"
"proof.Kant.Rendezvous.Roster.knows_merge_iff","Kant.Rendezvous.Roster.knows_merge_iff","lean4","VALID","RequestProject/Kant/Rendezvous.lean","253","L0;","L0;","elaborated and checked by the Lean kernel","L1;S42;obj.Kant.Rendezvous.Roster.knows_merge_iff","L1;S44;claim.Kant.Rendezvous.Roster.knows_merge_iff","L0;","O4;4;kindS12;lean4-kernel6;digestS64;7b304a90eb1a82774f994ec232444828185120da0b522bed39e7675b8f6f92f68;locationS35;RequestProject/Kant/Rendezvous.lean8;evidenceS15;MACHINE_CHECKED","RequestProject","O7;13;source_systemS5;lean411;source_fileS35;RequestProject/Kant/Rendezvous.lean13;source_formatS4;text11;imported_atI+0;14;transformed_atI+253;15;transformationsL0;13;parent_objectS0;","ef8343bc552cca38fa548617146e9f3baae40b74fbf3b43eeff5bb0a9f225041"
"proof.Kant.Clipboard.Envelope.decodeAll.eq_2","Kant.Clipboard.Envelope.decodeAll.eq_2","lean4","VALID","RequestProject/Kant/Clipboard.lean","0","L0;","L0;","elaborated and checked by the Lean kernel","L1;S42;obj.Kant.Clipboard.Envelope.decodeAll.eq_2","L1;S44;claim.Kant.Clipboard.Envelope.decodeAll.eq_2","L0;","O4;4;kindS12;lean4-kernel6;digestS64;e3a056ce4bdb039cb2214db1cafaa953402099b664b885da0cb409df9a5feb298;locationS34;RequestProject/Kant/Clipboard.lean8;evidenceS15;MACHINE_CHECKED","RequestProject","O7;13;source_systemS5;lean411;source_fileS34;RequestProject/Kant/Clipboard.lean13;source_formatS4;text11;imported_atI+0;14;transformed_atI+0;15;transformationsL0;13;parent_objectS0;","848e42c40676d4b226147055c082886584ded938e1794bccd9c3335800b2b57f"
"proof.Kant.Cli.pageOf.eq_def","Kant.Cli.pageOf.eq_def","lean4","VALID","RequestProject/Kant/Cli.lean","0","L0;","L0;","elaborated and checked by the Lean kernel","L1;S26;obj.Kant.Cli.pageOf.eq_def","L1;S28;claim.Kant.Cli.pageOf.eq_def","L0;","O4;4;kindS12;lean4-kernel6;digestS64;0c8a57f0c6d307d09c82b09f89352ae7792399abd326590e7f8f14d54cf2651d8;locationS28;RequestProject/Kant/Cli.lean8;evidenceS15;MACHINE_CHECKED","RequestProject","O7;13;source_systemS5;lean411;source_fileS28;RequestProject/Kant/Cli.lean13;source_formatS4;text11;imported_atI+0;14;transformed_atI+0;15;transformationsL0;13;parent_objectS0;","d5495481106ea2ad0a8df7fb98ab621a2b87aca03e3e7707607e7caf555fae74"
"proof.Kant.CardDebug.card_no_relay","Kant.CardDebug.card_no_relay","lean4","VALID","RequestProject/Kant/CardDebug.lean","139","L0;","L0;","elaborated and checked by the Lean kernel","L1;S32;obj.Kant.CardDebug.card_no_relay","L1;S34;claim.Kant.CardDebug.card_no_relay","L0;","O4;4;kindS12;lean4-kernel6;digestS64;79ff2d7bd5ce749c7677124fd2a2bd4325ca174b8088c79298eabe61775d47b18;locationS34;RequestProject/Kant/CardDebug.lean8;evidenceS15;MACHINE_CHECKED","RequestProject","O7;13;source_systemS5;lean411;source_fileS34;RequestProject/Kant/CardDebug.lean13;source_formatS4;text11;imported_atI+0;14;transformed_atI+139;15;transformationsL0;13;parent_objectS0;","687609647258b7c38dc3553754f22ad02c1f6952691038a914481be03ac9f9b6"
"proof.Kant.Wasm.Kernel.mergeCidsE.eq_1","Kant.Wasm.Kernel.mergeCidsE.eq_1","lean4","VALID","RequestProject/Wasm/KernelSpec.lean","0","L0;","L0;","elaborated and checked by the Lean kernel","L1;S36;obj.Kant.Wasm.Kernel.mergeCidsE.eq_1","L1;S38;claim.Kant.Wasm.Kernel.mergeCidsE.eq_1","L0;","O4;4;kindS12;lean4-kernel6;digestS64;00b77c94224868676c5281bc010a33340ece713dc8e84a4d47f6849577b0f51a8;locationS35;RequestProject/Wasm/KernelSpec.lean8;evidenceS15;MACHINE_CHECKED","RequestProject","O7;13;source_systemS5;lean411;source_fileS35;RequestProject/Wasm/KernelSpec.lean13;source_formatS4;text11;imported_atI+0;14;transformed_atI+0;15;transformationsL0;13;parent_objectS0;","caa65a02be40a91ae3452951b302053dc61f7140b9f3b7941c78719de8991b37"
"proof.Kant.Relay.receive_nodup","Kant.Relay.receive_nodup","lean4","VALID","RequestProject/Kant/Relay.lean","393","L1;S29;obj.Kant.Relay.accept.match_1","L0;","elaborated and checked by the Lean kernel","L1;S28;obj.Kant.Relay.receive_nodup","L1;S30;claim.Kant.Relay.receive_nodup","L1;S31;proof.Kant.Relay.accept.match_1","O4;4;kindS12;lean4-kernel6;digestS64;29d95eb4d00e3c583cb3ee667052598f970ce036c18a16fa1ae517847bc710018;locationS30;RequestProject/Kant/Relay.lean8;evidenceS15;MACHINE_CHECKED","RequestProject","O7;13;source_systemS5;lean411;source_fileS30;RequestProject/Kant/Relay.lean13;source_formatS4;text11;imported_atI+0;14;transformed_atI+393;15;transformationsL0;13;parent_objectS0;","42caaad77519e4d705d83041e6e071645a7480ee5771b33d4e19053d099c42ca"
"proof.Kant.Paste.coords_valid","Kant.Paste.coords_valid","lean4","VALID","RequestProject/Kant/Paste.lean","61","L0;","L0;","elaborated and checked by the Lean kernel","L1;S27;obj.Kant.Paste.coords_valid","L1;S29;claim.Kant.Paste.coords_valid","L0;","O4;4;kindS12;lean4-kernel6;digestS64;7d2c45b71dfeb84a83d37776485635c15aee1ba6b493d14c842f7d3651eaa56b8;locationS30;RequestProject/Kant/Paste.lean8;evidenceS15;MACHINE_CHECKED","RequestProject","O7;13;source_systemS5;lean411;source_fileS30;RequestProject/Kant/Paste.lean13;source_formatS4;text11;imported_atI+0;14;transformed_atI+61;15;transformationsL0;13;parent_objectS0;","dd2b41e7c2ee65df5a18cf27ef8fb2ecda24f8d4e21e4a8566267afedf77ea92"
"proof.Kant.Codec.readStr.eq_1","Kant.Codec.readStr.eq_1","lean4","VALID","RequestProject/Kant/Codec/Val.lean","0","L0;","L0;","elaborated and checked by the Lean kernel","L1;S27;obj.Kant.Codec.readStr.eq_1","L1;S29;claim.Kant.Codec.readStr.eq_1","L0;","O4;4;kindS12;lean4-kernel6;digestS64;4e7a1c40a582062f40c00d311f3375f823b003e092f3428d5b6937e23f01288e8;locationS34;RequestProject/Kant/Codec/Val.lean8;evidenceS15;MACHINE_CHECKED","RequestProject","O7;13;source_systemS5;lean411;source_fileS34;RequestProject/Kant/Codec/Val.lean13;source_formatS4;text11;imported_atI+0;14;transformed_atI+0;15;transformationsL0;13;parent_objectS0;","dfd6485646df4e74865fd4d5e92a9667bebd54592f72e51a96b96e7d8b105d0d"
"proof.Kant.Sheaf.attackTriple_encodings","Kant.Sheaf.attackTriple_encodings","lean4","VALID","RequestProject/Kant/Sheaf.lean","142","L0;","L0;","elaborated and checked by the Lean kernel","L1;S37;obj.Kant.Sheaf.attackTriple_encodings","L1;S39;claim.Kant.Sheaf.attackTriple_encodings","L0;","O4;4;kindS12;lean4-kernel6;digestS64;e631c9f58a97b9f578575c9c273010c2442b6b41678ace8f38605a6c64bfef5c8;locationS30;RequestProject/Kant/Sheaf.lean8;evidenceS15;MACHINE_CHECKED","RequestProject","O7;13;source_systemS5;lean411;source_fileS30;RequestProject/Kant/Sheaf.lean13;source_formatS4;text11;imported_atI+0;14;transformed_atI+142;15;transformationsL0;13;parent_objectS0;","6ea24e8f2dbc8c2b3a49ca95097d8958e9ecd98d24f00c117eef9e9d4bf10e3e"
"proof.Kant.Store.get.eq_1","Kant.Store.get.eq_1","lean4","VALID","RequestProject/Kant/Paste.lean","0","L0;","L0;","elaborated and checked by the Lean kernel","L1;S23;obj.Kant.Store.get.eq_1","L1;S25;claim.Kant.Store.get.eq_1","L0;","O4;4;kindS12;lean4-kernel6;digestS64;645433aad48359f681c916a4229ecbd55b00eb89629db9a0732a7138241a58278;locationS30;RequestProject/Kant/Paste.lean8;evidenceS15;MACHINE_CHECKED","RequestProject","O7;13;source_systemS5;lean411;source_fileS30;RequestProject/Kant/Paste.lean13;source_formatS4;text11;imported_atI+0;14;transformed_atI+0;15;transformationsL0;13;parent_objectS0;","64ec52e01fe47a279f0169d30e7b5e745e45a63f1ae88a8d75a2d752d3c406da"
"proof.Kant.Cli.digitChar_isDigit","Kant.Cli.digitChar_isDigit","lean4","VALID","RequestProject/Kant/Cli.lean","65","L0;","L0;","elaborated and checked by the Lean kernel","L1;S30;obj.Kant.Cli.digitChar_isDigit","L1;S32;claim.Kant.Cli.digitChar_isDigit","L0;","O4;4;kindS12;lean4-kernel6;digestS64;6ff33266272ceea7c1b2ba4f2c3a5b9cd63870cc56e545316356be59f7edf35e8;locationS28;RequestProject/Kant/Cli.lean8;evidenceS15;MACHINE_CHECKED","RequestProject","O7;13;source_systemS5;lean411;source_fileS28;RequestProject/Kant/Cli.lean13;source_formatS4;text11;imported_atI+0;14;transformed_atI+65;15;transformationsL0;13;parent_objectS0;","d4aa0600709346aab15c1b455cf1367d73d645d6c28af384f19ee87f69740657"
"proof.Kant.PlainText.parseMeta_metaText","Kant.PlainText.parseMeta_metaText","lean4","VALID","RequestProject/Kant/PlainText.lean","177","L1;S30;obj.Kant.PlainText.Meta.posted","L0;","elaborated and checked by the Lean kernel","L1;S37;obj.Kant.PlainText.parseMeta_metaText","L1;S39;claim.Kant.PlainText.parseMeta_metaText","L1;S32;proof.Kant.PlainText.Meta.posted","O4;4;kindS12;lean4-kernel6;digestS64;9ba9c3e37bbf9f76637756f25d28aa19da23e5d8c7426ba4b28b580015f622cf8;locationS34;RequestProject/Kant/PlainText.lean8;evidenceS15;MACHINE_CHECKED","RequestProject","O7;13;source_systemS5;lean411;source_fileS34;RequestProject/Kant/PlainText.lean13;source_formatS4;text11;imported_atI+0;14;transformed_atI+177;15;transformationsL0;13;parent_objectS0;","30058e3b23bebaae049e6844d72391a1a26fd1b50df4dcc8a6f5d801c33b013b"
"proof.Kant.Codec.readQuoted.eq_def","Kant.Codec.readQuoted.eq_def","lean4","VALID","RequestProject/Kant/Codec/Yaml.lean","0","L1;S24;obj.Kant.Codec.unescChar","L0;","elaborated and checked by the Lean kernel","L1;S32;obj.Kant.Codec.readQuoted.eq_def","L1;S34;claim.Kant.Codec.readQuoted.eq_def","L1;S26;proof.Kant.Codec.unescChar","O4;4;kindS12;lean4-kernel6;digestS64;31f94b69a3247f2751f489e35e94e668fbe360a3e25bfbdd0280a48cce9135e68;locationS35;RequestProject/Kant/Codec/Yaml.lean8;evidenceS15;MACHINE_CHECKED","RequestProject","O7;13;source_systemS5;lean411;source_fileS35;RequestProject/Kant/Codec/Yaml.lean13;source_formatS4;text11;imported_atI+0;14;transformed_atI+0;15;transformationsL0;13;parent_objectS0;","346050efc0f2a205bb01aa4700daa762e9777e6f7c1b543f9f743243b684b99c"
"proof.Kant.Wasm.Decode.tags.eq_1","Kant.Wasm.Decode.tags.eq_1","lean4","VALID","RequestProject/Wasm/Decode.lean","0","L1;S25;obj.Kant.Wasm.Decode.tags","L0;","elaborated and checked by the Lean kernel","L1;S30;obj.Kant.Wasm.Decode.tags.eq_1","L1;S32;claim.Kant.Wasm.Decode.tags.eq_1","L1;S27;proof.Kant.Wasm.Decode.tags","O4;4;kindS12;lean4-kernel6;digestS64;82597b64c042bf81932dd74d151ab2c2cd8402a70bff5a538cf36cd2c2c7e8cc8;locationS31;RequestProject/Wasm/Decode.lean8;evidenceS15;MACHINE_CHECKED","RequestProject","O7;13;source_systemS5;lean411;source_fileS31;RequestProject/Wasm/Decode.lean13;source_formatS4;text11;imported_atI+0;14;transformed_atI+0;15;transformationsL0;13;parent_objectS0;","fbf4ec4db58c32e6d257e6deeeb738c93a49b50c85bcf560e0a3ff583c586143"
"proof.Kant.Sneakernet.frames_length","Kant.Sneakernet.frames_length","lean4","VALID","RequestProject/Kant/Sneakernet.lean","143","L1;S25;obj.Kant.Sneakernet.chunk","L0;","elaborated and checked by the Lean kernel","L1;S33;obj.Kant.Sneakernet.frames_length","L1;S35;claim.Kant.Sneakernet.frames_length","L1;S27;proof.Kant.Sneakernet.chunk","O4;4;kindS12;lean4-kernel6;digestS64;3ba6fd8c32c5bcb3c8090debad9712b468928d4b24b2c5c14c39eb6de09ae80a8;locationS35;RequestProject/Kant/Sneakernet.lean8;evidenceS15;MACHINE_CHECKED","RequestProject","O7;13;source_systemS5;lean411;source_fileS35;RequestProject/Kant/Sneakernet.lean13;source_formatS4;text11;imported_atI+0;14;transformed_atI+143;15;transformationsL0;13;parent_objectS0;","a834f436910fd374c700cd74a3e9b1571bf7d2905371e5fa4cf1c8d060093b5d"
"proof.Kant.Dom.errorReport_keeps_errors","Kant.Dom.errorReport_keeps_errors","lean4","VALID","RequestProject/Kant/Domain/Package.lean","225","L1;S24;obj.Kant.Codec.Err.toVal","L0;","elaborated and checked by the Lean kernel","L1;S37;obj.Kant.Dom.errorReport_keeps_errors","L1;S39;claim.Kant.Dom.errorReport_keeps_errors","L1;S26;proof.Kant.Codec.Err.toVal","O4;4;kindS12;lean4-kernel6;digestS64;011390d00bf25d03e79722f959786854f7008b2534ff21915c2f4e9cb70c80aa8;locationS39;RequestProject/Kant/Domain/Package.lean8;evidenceS15;MACHINE_CHECKED","RequestProject","O7;13;source_systemS5;lean411;source_fileS39;RequestProject/Kant/Domain/Package.lean13;source_formatS4;text11;imported_atI+0;14;transformed_atI+225;15;transformationsL0;13;parent_objectS0;","0cd11739d37c006332a4caca5ca03ca0d2b81fc9c3a3cd69ef8016cc7b691f26"
"proof.Kant.Codec.Val.strong","Kant.Codec.Val.strong","lean4","VALID","RequestProject/Kant/Codec/Val.lean","53","L0;","L0;","elaborated and checked by the Lean kernel","L1;S25;obj.Kant.Codec.Val.strong","L1;S27;claim.Kant.Codec.Val.strong","L0;","O4;4;kindS12;lean4-kernel6;digestS64;aeb360ae1d9414dcc8e532c70e8d78d70c45208724b21c8edb97c4d0e6e51d618;locationS34;RequestProject/Kant/Codec/Val.lean8;evidenceS15;MACHINE_CHECKED","RequestProject","O7;13;source_systemS5;lean411;source_fileS34;RequestProject/Kant/Codec/Val.lean13;source_formatS4;text11;imported_atI+0;14;transformed_atI+53;15;transformationsL0;13;parent_objectS0;","aba5dfb00c374241e4ca76a5062381ce36b2d4bb4c96b55b3c8188d81bbfe168"
"proof.Kant.Dom.PStatus.invalid.sizeOf_spec","Kant.Dom.PStatus.invalid.sizeOf_spec","lean4","VALID","RequestProject/Kant/Domain/Model.lean","0","L0;","L0;","elaborated and checked by the Lean kernel","L1;S40;obj.Kant.Dom.PStatus.invalid.sizeOf_spec","L1;S42;claim.Kant.Dom.PStatus.invalid.sizeOf_spec","L0;","O4;4;kindS12;lean4-kernel6;digestS64;834e8c2aaf7101e8f4755bd479d6431bcd5b65412461db0e21fbac37d2f0ff418;locationS37;RequestProject/Kant/Domain/Model.lean8;evidenceS15;MACHINE_CHECKED","RequestProject","O7;13;source_systemS5;lean411;source_fileS37;RequestProject/Kant/Domain/Model.lean13;source_formatS4;text11;imported_atI+0;14;transformed_atI+0;15;transformationsL0;13;parent_objectS0;","2d12456ab3fb72ea3dfdae7d9d80b70d0da664f502fade241ef30d6766c39347"
"proof.Kant.Rendezvous.Invite.mk.injEq","Kant.Rendezvous.Invite.mk.injEq","lean4","VALID","RequestProject/Kant/Rendezvous.lean","0","L0;","L0;","elaborated and checked by the Lean kernel","L1;S35;obj.Kant.Rendezvous.Invite.mk.injEq","L1;S37;claim.Kant.Rendezvous.Invite.mk.injEq","L0;","O4;4;kindS12;lean4-kernel6;digestS64;bf18cb46f606c6b847e7615849e908f7622c93af6f0c4cae13b18682e91ef7658;locationS35;RequestProject/Kant/Rendezvous.lean8;evidenceS15;MACHINE_CHECKED","RequestProject","O7;13;source_systemS5;lean411;source_fileS35;RequestProject/Kant/Rendezvous.lean13;source_formatS4;text11;imported_atI+0;14;transformed_atI+0;15;transformationsL0;13;parent_objectS0;","03def18a96e7cd65ecf1465317b0828219e46bc8cc2a179f5c77671a0ca5d0bc"
"proof.Kant.Wasm.Expr.wfb.eq_2","Kant.Wasm.Expr.wfb.eq_2","lean4","VALID","RequestProject/Wasm/Syntax.lean","0","L0;","L0;","elaborated and checked by the Lean kernel","L1;S27;obj.Kant.Wasm.Expr.wfb.eq_2","L1;S29;claim.Kant.Wasm.Expr.wfb.eq_2","L0;","O4;4;kindS12;lean4-kernel6;digestS64;849e9f5166353636729df7cc94138bcdb2a9036df61ce9a8c3c8589defad09578;locationS31;RequestProject/Wasm/Syntax.lean8;evidenceS15;MACHINE_CHECKED","RequestProject","O7;13;source_systemS5;lean411;source_fileS31;RequestProject/Wasm/Syntax.lean13;source_formatS4;text11;imported_atI+0;14;transformed_atI+0;15;transformationsL0;13;parent_objectS0;","65bcb7f4f5c973e6bc9fdf419794eb49cad0b2f5754c68e083280102af8da743"
"proof.Kant.SiteCard.Card.Wf.alt","Kant.SiteCard.Card.Wf.alt","lean4","VALID","RequestProject/Kant/SiteCard.lean","396","L2;S25;obj.Kant.SiteCard.Card.WfS21;obj.Kant.Text.IsAscii","L0;","elaborated and checked by the Lean kernel","L1;S29;obj.Kant.SiteCard.Card.Wf.alt","L1;S31;claim.Kant.SiteCard.Card.Wf.alt","L2;S27;proof.Kant.SiteCard.Card.WfS23;proof.Kant.Text.IsAscii","O4;4;kindS12;lean4-kernel6;digestS64;433a11863c1cc077b70183dd1814dcbc394344dc5ba49b694bd558eab68ed2e68;locationS33;RequestProject/Kant/SiteCard.lean8;evidenceS15;MACHINE_CHECKED","RequestProject","O7;13;source_systemS5;lean411;source_fileS33;RequestProject/Kant/SiteCard.lean13;source_formatS4;text11;imported_atI+0;14;transformed_atI+396;15;transformationsL0;13;parent_objectS0;","8de9a54c71cf41114230271ae59a832e3fbd2cf6fd488c8b3b6db966b83b0f28"
"proof.Kant.Uucp.bag_rejects_forgery","Kant.Uucp.bag_rejects_forgery","lean4","VALID","RequestProject/Kant/Uucp.lean","149","L0;","L0;","elaborated and checked by the Lean kernel","L1;S33;obj.Kant.Uucp.bag_rejects_forgery","L1;S35;claim.Kant.Uucp.bag_rejects_forgery","L0;","O4;4;kindS12;lean4-kernel6;digestS64;2eaa4044e5e5faabaff9353c1ebd3d60913eb459a9b334ad9d7ddacbf07a0d1a8;locationS29;RequestProject/Kant/Uucp.lean8;evidenceS15;MACHINE_CHECKED","RequestProject","O7;13;source_systemS5;lean411;source_fileS29;RequestProject/Kant/Uucp.lean13;source_formatS4;text11;imported_atI+0;14;transformed_atI+149;15;transformationsL0;13;parent_objectS0;","9eccc046126741735c36523d0f0a7d10778f7753373c8ab984f45716b2885756"
"proof.Kant.Dasl.bottCoords_nodup","Kant.Dasl.bottCoords_nodup","lean4","VALID","RequestProject/Kant/Dasl.lean","307","L0;","L0;","elaborated and checked by the Lean kernel","L1;S30;obj.Kant.Dasl.bottCoords_nodup","L1;S32;claim.Kant.Dasl.bottCoords_nodup","L0;","O4;4;kindS12;lean4-kernel6;digestS64;3a0a00bca13ccdc2ce93636f455d6c35f6f3157e66446c9c7f641137387e040f8;locationS29;RequestProject/Kant/Dasl.lean8;evidenceS15;MACHINE_CHECKED","RequestProject","O7;13;source_systemS5;lean411;source_fileS29;RequestProject/Kant/Dasl.lean13;source_formatS4;text11;imported_atI+0;14;transformed_atI+307;15;transformationsL0;13;parent_objectS0;","a7e1d007592b31e35b8cf45e5c122540d213bdf47fca68e965e09df014b85c46"
"proof.Kant.Wasm.Kernel.rotate71E.eq_1","Kant.Wasm.Kernel.rotate71E.eq_1","lean4","VALID","RequestProject/Wasm/KernelSpec.lean","0","L0;","L0;","elaborated and checked by the Lean kernel","L1;S35;obj.Kant.Wasm.Kernel.rotate71E.eq_1","L1;S37;claim.Kant.Wasm.Kernel.rotate71E.eq_1","L0;","O4;4;kindS12;lean4-kernel6;digestS64;e983631922d9520f894c5af0dec8d1ecbd0a646df35a35150af6e23ad2eb66f28;locationS35;RequestProject/Wasm/KernelSpec.lean8;evidenceS15;MACHINE_CHECKED","RequestProject","O7;13;source_systemS5;lean411;source_fileS35;RequestProject/Wasm/KernelSpec.lean13;source_formatS4;text11;imported_atI+0;14;transformed_atI+0;15;transformationsL0;13;parent_objectS0;","9b3a9c82d9230f73220f79d5449ddd908af64973139aca795db6ecd11445d316"
"proof.Kant.Uucp.openBag_packBag","Kant.Uucp.openBag_packBag","lean4","VALID","RequestProject/Kant/Uucp.lean","126","L0;","L0;","elaborated and checked by the Lean kernel","L1;S29;obj.Kant.Uucp.openBag_packBag","L1;S31;claim.Kant.Uucp.openBag_packBag","L0;","O4;4;kindS12;lean4-kernel6;digestS64;95ae0248b2421ba89d1b5550f190ca53f59af53157ea48cecb76e9a05b99d6798;locationS29;RequestProject/Kant/Uucp.lean8;evidenceS15;MACHINE_CHECKED","RequestProject","O7;13;source_systemS5;lean411;source_fileS29;RequestProject/Kant/Uucp.lean13;source_formatS4;text11;imported_atI+0;14;transformed_atI+126;15;transformationsL0;13;parent_objectS0;","5d4bb4530373bc52ec7e9a043b3dca95970b69898eb7418c90ca31d491e2d14f"
"proof.Kant.Codec.rowsList.eq_1","Kant.Codec.rowsList.eq_1","lean4","VALID","RequestProject/Kant/Codec/Csv.lean","0","L0;","L0;","elaborated and checked by the Lean kernel","L1;S28;obj.Kant.Codec.rowsList.eq_1","L1;S30;claim.Kant.Codec.rowsList.eq_1","L0;","O4;4;kindS12;lean4-kernel6;digestS64;2efddc1e45dc53211455671dc354850272c481d22ee622f37a83f71771550a4c8;locationS34;RequestProject/Kant/Codec/Csv.lean8;evidenceS15;MACHINE_CHECKED","RequestProject","O7;13;source_systemS5;lean411;source_fileS34;RequestProject/Kant/Codec/Csv.lean13;source_formatS4;text11;imported_atI+0;14;transformed_atI+0;15;transformationsL0;13;parent_objectS0;","0fa79226369cb8a1f2542b3f155d93eefb9ae421f29d90bb86b4e7374367d288"
"proof.Kant.Codec.project.eq_def","Kant.Codec.project.eq_def","lean4","VALID","RequestProject/Kant/Codec/Ipdl.lean","0","L0;","L0;","elaborated and checked by the Lean kernel","L1;S29;obj.Kant.Codec.project.eq_def","L1;S31;claim.Kant.Codec.project.eq_def","L0;","O4;4;kindS12;lean4-kernel6;digestS64;242b04ed76223d94f1852d9939961063e52ee1a63debd75274b09c7a715bd7598;locationS35;RequestProject/Kant/Codec/Ipdl.lean8;evidenceS15;MACHINE_CHECKED","RequestProject","O7;13;source_systemS5;lean411;source_fileS35;RequestProject/Kant/Codec/Ipdl.lean13;source_formatS4;text11;imported_atI+0;14;transformed_atI+0;15;transformationsL0;13;parent_objectS0;","0683029a2ddb5e65e47b90bdbf814d8284c9424826e1021f2974793ccaaabebc"
"proof.Kant.Wasm.Decode.toRaw.eq_5","Kant.Wasm.Decode.toRaw.eq_5","lean4","VALID","RequestProject/Wasm/Decode.lean","0","L1;S26;obj.Kant.Wasm.Decode.toRaw","L0;","elaborated and checked by the Lean kernel","L1;S31;obj.Kant.Wasm.Decode.toRaw.eq_5","L1;S33;claim.Kant.Wasm.Decode.toRaw.eq_5","L1;S28;proof.Kant.Wasm.Decode.toRaw","O4;4;kindS12;lean4-kernel6;digestS64;00a1adf477acb3f2bf22bf0e092452d557f3c6941f55cbac8b2cac70ef2c5d8f8;locationS31;RequestProject/Wasm/Decode.lean8;evidenceS15;MACHINE_CHECKED","RequestProject","O7;13;source_systemS5;lean411;source_fileS31;RequestProject/Wasm/Decode.lean13;source_formatS4;text11;imported_atI+0;14;transformed_atI+0;15;transformationsL0;13;parent_objectS0;","2a313fae5bade8998a78f7a3e09c1e36cb54a82e94ec6c536466a64cb0287570"
"proof.Kant.Bytes.hexDecode.eq_def","Kant.Bytes.hexDecode.eq_def","lean4","VALID","RequestProject/Kant/Bytes.lean","0","L1;S21;obj.Kant.Bytes.hexVal","L0;","elaborated and checked by the Lean kernel","L1;S31;obj.Kant.Bytes.hexDecode.eq_def","L1;S33;claim.Kant.Bytes.hexDecode.eq_def","L1;S23;proof.Kant.Bytes.hexVal","O4;4;kindS12;lean4-kernel6;digestS64;3c0ff8124dd6addf716f6e59d1719a5c2745577fb3fa7f0108fd0bc555c0cb168;locationS30;RequestProject/Kant/Bytes.lean8;evidenceS15;MACHINE_CHECKED","RequestProject","O7;13;source_systemS5;lean411;source_fileS30;RequestProject/Kant/Bytes.lean13;source_formatS4;text11;imported_atI+0;14;transformed_atI+0;15;transformationsL0;13;parent_objectS0;","038b1c1af60378558cbb44a6e2883aa2530d079ed02d0c6fcc1e22caa5ed40bc"
"proof.Kant.SiteCard.readChatText_chatText","Kant.SiteCard.readChatText_chatText","lean4","VALID","RequestProject/Kant/SiteCard.lean","694","L2;S25;obj.Kant.SiteCard.Card.WfS36;obj.Kant.SiteCard.splitCh_of_not_mem","L0;","elaborated and checked by the Lean kernel","L1;S39;obj.Kant.SiteCard.readChatText_chatText","L1;S41;claim.Kant.SiteCard.readChatText_chatText","L2;S27;proof.Kant.SiteCard.Card.WfS38;proof.Kant.SiteCard.splitCh_of_not_mem","O4;4;kindS12;lean4-kernel6;digestS64;299d0ebb9cea8ebdb96696c364972cea3603cb5b581abea37362f0c45b1f9ea88;locationS33;RequestProject/Kant/SiteCard.lean8;evidenceS15;MACHINE_CHECKED","RequestProject","O7;13;source_systemS5;lean411;source_fileS33;RequestProject/Kant/SiteCard.lean13;source_formatS4;text11;imported_atI+0;14;transformed_atI+694;15;transformationsL0;13;parent_objectS0;","e0cdd9f66acad0a34921f0e6e4dd6020993a606e1248b1e965e37ec918c49ee6"
"proof.Kant.Join.words_of_blank","Kant.Join.words_of_blank","lean4","VALID","RequestProject/Kant/Join.lean","201","L0;","L0;","elaborated and checked by the Lean kernel","L1;S28;obj.Kant.Join.words_of_blank","L1;S30;claim.Kant.Join.words_of_blank","L0;","O4;4;kindS12;lean4-kernel6;digestS64;b29e9118edd861c9debe48d28a162b6600072583ad0aaddbc7028ebc5a1264b88;locationS29;RequestProject/Kant/Join.lean8;evidenceS15;MACHINE_CHECKED","RequestProject","O7;13;source_systemS5;lean411;source_fileS29;RequestProject/Kant/Join.lean13;source_formatS4;text11;imported_atI+0;14;transformed_atI+201;15;transformationsL0;13;parent_objectS0;","5165b2126461de2e59e65d849188f471728392f0588ba6a8912c17991d39816b"
"proof.Kant.Dom.proofIdOf.eq_1","Kant.Dom.proofIdOf.eq_1","lean4","VALID","RequestProject/Kant/Domain/Catalog.lean","0","L1;S22;obj.Kant.Dom.proofIdOf","L0;","elaborated and checked by the Lean kernel","L1;S27;obj.Kant.Dom.proofIdOf.eq_1","L1;S29;claim.Kant.Dom.proofIdOf.eq_1","L1;S24;proof.Kant.Dom.proofIdOf","O4;4;kindS12;lean4-kernel6;digestS64;c7ff1025cce83c9f5c4a06592fc0bc9871ad3bec2db1481d7ce032e2ccdb2f2e8;locationS39;RequestProject/Kant/Domain/Catalog.lean8;evidenceS15;MACHINE_CHECKED","RequestProject","O7;13;source_systemS5;lean411;source_fileS39;RequestProject/Kant/Domain/Catalog.lean13;source_formatS4;text11;imported_atI+0;14;transformed_atI+0;15;transformationsL0;13;parent_objectS0;","031997d1c2bcec283e3d1a3f4fb80b4b0fe44d6142ed156e2c1d4ce70e549c11"
"proof.Kant.Codec.ipdlText_hash","Kant.Codec.ipdlText_hash","lean4","VALID","RequestProject/Kant/Codec/Ipdl.lean","348","L0;","L0;","elaborated and checked by the Lean kernel","L1;S28;obj.Kant.Codec.ipdlText_hash","L1;S30;claim.Kant.Codec.ipdlText_hash","L0;","O4;4;kindS12;lean4-kernel6;digestS64;a0e1336c29298f1b182bff743c794914888dfdcc15eb1db1c26932f33aec87328;locationS35;RequestProject/Kant/Codec/Ipdl.lean8;evidenceS15;MACHINE_CHECKED","RequestProject","O7;13;source_systemS5;lean411;source_fileS35;RequestProject/Kant/Codec/Ipdl.lean13;source_formatS4;text11;imported_atI+0;14;transformed_atI+348;15;transformationsL0;13;parent_objectS0;","8ae11892e7b2c17b5effa22135c379988014c2016e079f41a03b66d8d69b8fde"
"proof.Kant.Codec.readRow.eq_1","Kant.Codec.readRow.eq_1","lean4","VALID","RequestProject/Kant/Codec/Csv.lean","0","L0;","L0;","elaborated and checked by the Lean kernel","L1;S27;obj.Kant.Codec.readRow.eq_1","L1;S29;claim.Kant.Codec.readRow.eq_1","L0;","O4;4;kindS12;lean4-kernel6;digestS64;a3a1ec6f91233082a6d15de499065bd147c809139e5a738c0d25f878c53308a38;locationS34;RequestProject/Kant/Codec/Csv.lean8;evidenceS15;MACHINE_CHECKED","RequestProject","O7;13;source_systemS5;lean411;source_fileS34;RequestProject/Kant/Codec/Csv.lean13;source_formatS4;text11;imported_atI+0;14;transformed_atI+0;15;transformationsL0;13;parent_objectS0;","4d749ad583f31ed5354e44cd98adb962416934a8e3a0eaafb32a2a1763234fbc"
"proof.Kant.Credits.Ledger.balance.eq_1","Kant.Credits.Ledger.balance.eq_1","lean4","VALID","RequestProject/Kant/Credits.lean","0","L0;","L0;","elaborated and checked by the Lean kernel","L1;S36;obj.Kant.Credits.Ledger.balance.eq_1","L1;S38;claim.Kant.Credits.Ledger.balance.eq_1","L0;","O4;4;kindS12;lean4-kernel6;digestS64;e06168f75dc9ba636cb0e593f2449fdc4cd49cbbff2d1dc16cb3d084c0410b528;locationS32;RequestProject/Kant/Credits.lean8;evidenceS15;MACHINE_CHECKED","RequestProject","O7;13;source_systemS5;lean411;source_fileS32;RequestProject/Kant/Credits.lean13;source_formatS4;text11;imported_atI+0;14;transformed_atI+0;15;transformationsL0;13;parent_objectS0;","20b4f615d57705465f7c1860db265c79d2aa1990d6fe076025fdca486a95a813"
"proof.Kant.Store.get_put_of_ne","Kant.Store.get_put_of_ne","lean4","VALID","RequestProject/Kant/Paste.lean","148","L0;","L0;","elaborated and checked by the Lean kernel","L1;S28;obj.Kant.Store.get_put_of_ne","L1;S30;claim.Kant.Store.get_put_of_ne","L0;","O4;4;kindS12;lean4-kernel6;digestS64;4584ff7e7816a7a3edf8d4adf80caee8239ca1f3251c35f5a4e682bf14376ba28;locationS30;RequestProject/Kant/Paste.lean8;evidenceS15;MACHINE_CHECKED","RequestProject","O7;13;source_systemS5;lean411;source_fileS30;RequestProject/Kant/Paste.lean13;source_formatS4;text11;imported_atI+0;14;transformed_atI+148;15;transformationsL0;13;parent_objectS0;","cfc4d543605520e82a5ff4d8351389fb5bdca92cfe30898e303fd9e471c3fca1"
"proof.Kant.Dom.mem_proofsOf","Kant.Dom.mem_proofsOf","lean4","VALID","RequestProject/Kant/Domain/Ledger.lean","63","L0;","L0;","elaborated and checked by the Lean kernel","L1;S25;obj.Kant.Dom.mem_proofsOf","L1;S27;claim.Kant.Dom.mem_proofsOf","L0;","O4;4;kindS12;lean4-kernel6;digestS64;c801bd1f3ae466520a7fcca18ead0ebdffbf57013dfade1037b54301acb95d738;locationS38;RequestProject/Kant/Domain/Ledger.lean8;evidenceS15;MACHINE_CHECKED","RequestProject","O7;13;source_systemS5;lean411;source_fileS38;RequestProject/Kant/Domain/Ledger.lean13;source_formatS4;text11;imported_atI+0;14;transformed_atI+63;15;transformationsL0;13;parent_objectS0;","422010c87d09627d12ad400368df24aae3709cc5138fe95773483ce3f9520804"
