"object_id","kind","name","truth_status","claim","inputs","parameters","transformations","outputs","claim_refs","evidence_refs","proof_refs","error_refs","value","provenance","canonical_hash"
"obj.Kant.Codec.Err.message","def","Kant.Codec.Err.message","ASSERTED","Kant.Codec.Err → List Char","L0;","O0;","L0;","L0;","L0;","L0;","L0;","L0;","S26;Kant.Codec.Err → List Char","O7;13;source_systemS5;lean411;source_fileS36;RequestProject/Kant/Codec/Model.lean13;source_formatS4;text11;imported_atI+0;14;transformed_atI+223;15;transformationsL0;13;parent_objectS0;","e5c1b92dfd341482cc15731ed52e7eadbf8f2ee51064e4e48c75d73b3c586a3f"
"obj.Kant.Handoff.Step.number","def","Kant.Handoff.Step.number","ASSERTED","Kant.Handoff.Step → Nat","L0;","O0;","L0;","L0;","L0;","L0;","L0;","L0;","S23;Kant.Handoff.Step → Nat","O7;13;source_systemS5;lean411;source_fileS32;RequestProject/Kant/Handoff.lean13;source_formatS4;text11;imported_atI+0;14;transformed_atI+59;15;transformationsL0;13;parent_objectS0;","3db7670d9f15d5f1c70e81789f207e5ea94638815404c6231b5c3def255223e0"
"obj.Kant.Codec.Envelope.recOn","def","Kant.Codec.Envelope.recOn","ASSERTED","{motive : Kant.Codec.Envelope → Sort u} →   (t : Kant.Codec.Envelope) →     ((schemaVersion codecVersion source destination : List Char) →         (timestamp : Nat) →           (objectId payload : List Char) →             (payloadFormat : Kant.Codec.Fmt) →               (inputs outputs claims certificates : List Kant.Codec.Val) →                 (diagnostics : List Kant.Codec.Err) →                   (transformations : List Kant.Codec.Trans) →                     (integrity : List Char) →                       motive                         { schemaVersion := schemaVersion, codecVersion := codecVersion,                           source := source, destination := destination, timestamp := timestamp,                           objectId := objectId, payload := payload, payloadFormat := payloadFormat,                           inputs := inputs, outputs := outputs, claims := claims,                           certificates := certificates, diagnostics := diagnostics,                           transformations := transformations, integrity := integrity }) →       motive t","L0;","O0;","L0;","L0;","L0;","L0;","L0;","L0;","S1077;{motive : Kant.Codec.Envelope → Sort u} →   (t : Kant.Codec.Envelope) →     ((schemaVersion codecVersion source destination : List Char) →         (timestamp : Nat) →           (objectId payload : List Char) →             (payloadFormat : Kant.Codec.Fmt) →               (inputs outputs claims certificates : List Kant.Codec.Val) →                 (diagnostics : List Kant.Codec.Err) →                   (transformations : List Kant.Codec.Trans) →                     (integrity : List Char) →                       motive                         { schemaVersion := schemaVersion, codecVersion := codecVersion,                           source := source, destination := destination, timestamp := timestamp,                           objectId := objectId, payload := payload, payloadFormat := payloadFormat,                           inputs := inputs, outputs := outputs, claims := claims,                           certificates := certificates, diagnostics := diagnostics,                           transformations := transformations, integrity := integrity }) →       motive t","O7;13;source_systemS5;lean411;source_fileS39;RequestProject/Kant/Codec/Exchange.lean13;source_formatS4;text11;imported_atI+0;14;transformed_atI+107;15;transformationsL0;13;parent_objectS0;","796ba8719ec7d8d0c676b57f89810f73f9cf5e0e1e96bdb6fcd6a2d0721b8539"
"obj.Kant.Onboarding.instReprTask.repr","def","Kant.Onboarding.instReprTask.repr","ASSERTED","Kant.Onboarding.Task → Nat → Std.Format","L0;","O0;","L0;","L0;","L0;","L0;","L0;","L0;","S39;Kant.Onboarding.Task → Nat → Std.Format","O7;13;source_systemS5;lean411;source_fileS35;RequestProject/Kant/Onboarding.lean13;source_formatS4;text11;imported_atI+0;14;transformed_atI+99;15;transformationsL0;13;parent_objectS0;","a0f1652f4b0db019679ebda13e3e95b63c4567073872a78315f00fef093af880"
"obj.Kant.PlainText.lines_render","theorem","Kant.PlainText.lines_render","PROVEN","∀ (body : List Char) (m : Kant.PlainText.Meta),   Eq (Kant.PlainText.lines (Kant.PlainText.render body m))     (instHAppendOfAppend.hAppend (Kant.PlainText.lines body)       (List.cons Kant.PlainText.sigMark (Kant.PlainText.lines (Kant.PlainText.metaText m))))","L0;","O0;","L0;","L0;","L1;S33;claim.Kant.PlainText.lines_render","L0;","L1;S33;proof.Kant.PlainText.lines_render","L0;","S260;∀ (body : List Char) (m : Kant.PlainText.Meta),   Eq (Kant.PlainText.lines (Kant.PlainText.render body m))     (instHAppendOfAppend.hAppend (Kant.PlainText.lines body)       (List.cons Kant.PlainText.sigMark (Kant.PlainText.lines (Kant.PlainText.metaText m))))","O7;13;source_systemS5;lean411;source_fileS34;RequestProject/Kant/PlainText.lean13;source_formatS4;text11;imported_atI+0;14;transformed_atI+276;15;transformationsL0;13;parent_objectS0;","4ea394bb8bc60bba8fe063d3c653ed7587d910233a941a9c6aa36fcfa0dfa9f7"
"obj.Kant.ShareLog.postLog_resolves","theorem","Kant.ShareLog.postLog_resolves","PROVEN","∀ (st : Kant.Store) (id ts : List Char) (r : Kant.Diagnostics.Report),   Eq ((Kant.ShareLog.postLog st id ts r).get (Kant.ShareLog.logPaste id ts r).witness).isSome     Bool.true","L0;","O0;","L0;","L0;","L1;S36;claim.Kant.ShareLog.postLog_resolves","L0;","L1;S36;proof.Kant.ShareLog.postLog_resolves","L0;","S178;∀ (st : Kant.Store) (id ts : List Char) (r : Kant.Diagnostics.Report),   Eq ((Kant.ShareLog.postLog st id ts r).get (Kant.ShareLog.logPaste id ts r).witness).isSome     Bool.true","O7;13;source_systemS5;lean411;source_fileS33;RequestProject/Kant/ShareLog.lean13;source_formatS4;text11;imported_atI+0;14;transformed_atI+153;15;transformationsL0;13;parent_objectS0;","9d4c4962074b4cb071a1cf0556a67cc3f9fc80b7c6d9a0de18be33ce878b8631"
"obj.Kant.SiteCard.Card.mk.injEq","theorem","Kant.SiteCard.Card.mk.injEq","PROVEN","∀ (url caption picture alt url_1 caption_1 picture_1 alt_1 : List Char),   Eq     (Eq { url := url, caption := caption, picture := picture, alt := alt }       { url := url_1, caption := caption_1, picture := picture_1, alt := alt_1 })     (And (Eq url url_1) (And (Eq caption caption_1) (And (Eq picture picture_1) (Eq alt alt_1))))","L0;","O0;","L0;","L0;","L1;S33;claim.Kant.SiteCard.Card.mk.injEq","L0;","L1;S33;proof.Kant.SiteCard.Card.mk.injEq","L0;","S332;∀ (url caption picture alt url_1 caption_1 picture_1 alt_1 : List Char),   Eq     (Eq { url := url, caption := caption, picture := picture, alt := alt }       { url := url_1, caption := caption_1, picture := picture_1, alt := alt_1 })     (And (Eq url url_1) (And (Eq caption caption_1) (And (Eq picture picture_1) (Eq alt alt_1))))","O7;13;source_systemS5;lean411;source_fileS33;RequestProject/Kant/SiteCard.lean13;source_formatS4;text11;imported_atI+0;14;transformed_atI+0;15;transformationsL0;13;parent_objectS0;","79fa4bbd859440c24be8cbbecddda35513fc79203fd8982cec90d6a197f3b3cf"
"obj.Kant.Codec.readRowFields_roundTrip","theorem","Kant.Codec.readRowFields_roundTrip","PROVEN","∀ (fs : List (Prod (List Char) Kant.Codec.Val)),   (∀ (kv : Prod (List Char) Kant.Codec.Val),       List.instMembership.mem fs kv → Kant.Codec.RowRoundTrips kv.snd) →     ∀ (fuel : Nat) (parent : List Char) (i : Nat) (rest : List Kant.Codec.Row),       instLENat.le (Kant.Codec.rowsFields parent i fs).length fuel →         Eq           (Kant.Codec.readRowFields fuel fs.length             (instHAppendOfAppend.hAppend (Kant.Codec.rowsFields parent i fs) rest))           (Option.some { fst := fs, snd := rest })","L1;S37;obj.Kant.Codec.rowsFields_length_cons","O0;","L0;","L0;","L1;S40;claim.Kant.Codec.readRowFields_roundTrip","L0;","L1;S40;proof.Kant.Codec.readRowFields_roundTrip","L0;","S512;∀ (fs : List (Prod (List Char) Kant.Codec.Val)),   (∀ (kv : Prod (List Char) Kant.Codec.Val),       List.instMembership.mem fs kv → Kant.Codec.RowRoundTrips kv.snd) →     ∀ (fuel : Nat) (parent : List Char) (i : Nat) (rest : List Kant.Codec.Row),       instLENat.le (Kant.Codec.rowsFields parent i fs).length fuel →         Eq           (Kant.Codec.readRowFields fuel fs.length             (instHAppendOfAppend.hAppend (Kant.Codec.rowsFields parent i fs) rest))           (Option.some { fst := fs, snd := rest })","O7;13;source_systemS5;lean411;source_fileS34;RequestProject/Kant/Codec/Csv.lean13;source_formatS4;text11;imported_atI+0;14;transformed_atI+203;15;transformationsL0;13;parent_objectS0;","d2e8d513d0b98c64cb872f5366bec947a5cdfdc832df6d1a36ccf755a2ba060d"
"obj.Kant.Dom.Domain.schemas","def","Kant.Dom.Domain.schemas","ASSERTED","Kant.Dom.Domain → List Kant.Dom.Schema","L0;","O0;","L0;","L0;","L0;","L0;","L0;","L0;","S38;Kant.Dom.Domain → List Kant.Dom.Schema","O7;13;source_systemS5;lean411;source_fileS37;RequestProject/Kant/Domain/Model.lean13;source_formatS4;text11;imported_atI+0;14;transformed_atI+584;15;transformationsL0;13;parent_objectS0;","3d66bebf917f691d118d9a1f2a899a42f38f266b087536f78a3dbdfcd222a26c"
"obj.Kant.Sneakernet.chunk.eq_1","theorem","Kant.Sneakernet.chunk.eq_1","PROVEN","∀ (limit : Nat) (data : Kant.Bytes.Blob),   Eq (Kant.Sneakernet.chunk limit data)     (ite (Eq limit 0) List.nil       (ite (instLENat.le (List.length data) limit)         (ite (Eq (List.isEmpty data) Bool.true) List.nil (List.cons data List.nil))         (List.cons (List.take limit data) (Kant.Sneakernet.chunk limit (List.drop limit data)))))","L0;","O0;","L0;","L0;","L1;S32;claim.Kant.Sneakernet.chunk.eq_1","L0;","L1;S32;proof.Kant.Sneakernet.chunk.eq_1","L0;","S345;∀ (limit : Nat) (data : Kant.Bytes.Blob),   Eq (Kant.Sneakernet.chunk limit data)     (ite (Eq limit 0) List.nil       (ite (instLENat.le (List.length data) limit)         (ite (Eq (List.isEmpty data) Bool.true) List.nil (List.cons data List.nil))         (List.cons (List.take limit data) (Kant.Sneakernet.chunk limit (List.drop limit data)))))","O7;13;source_systemS5;lean411;source_fileS35;RequestProject/Kant/Sneakernet.lean13;source_formatS4;text11;imported_atI+0;14;transformed_atI+0;15;transformationsL0;13;parent_objectS0;","4f078cb6d953f08393815b48a1fcaef82ca7cab4d27226914002fe1f95a79476"
"obj.Kant.Cli.link_carries_invite","theorem","Kant.Cli.link_carries_invite","PROVEN","∀ {cfg : Kant.SiteCard.Config},   Not (List.instMembership.mem cfg.origin Kant.Clipboard.hash) →     ∀ {c : Kant.Cli.Client},       c.invite.Wire →         Eq (Kant.Rendezvous.parseInviteUrl (Kant.Cli.Client.link cfg c)) (Option.some c.invite)","L3;S23;obj.Kant.Clipboard.hashS19;obj.Kant.Cli.ClientS34;obj.Kant.Rendezvous.parseInviteUrl","O0;","L0;","L0;","L1;S34;claim.Kant.Cli.link_carries_invite","L0;","L1;S34;proof.Kant.Cli.link_carries_invite","L0;","S243;∀ {cfg : Kant.SiteCard.Config},   Not (List.instMembership.mem cfg.origin Kant.Clipboard.hash) →     ∀ {c : Kant.Cli.Client},       c.invite.Wire →         Eq (Kant.Rendezvous.parseInviteUrl (Kant.Cli.Client.link cfg c)) (Option.some c.invite)","O7;13;source_systemS5;lean411;source_fileS28;RequestProject/Kant/Cli.lean13;source_formatS4;text11;imported_atI+0;14;transformed_atI+495;15;transformationsL0;13;parent_objectS0;","ce7c5827a2b92052d6a77852e3e830251956325e7bd8ed1cfd5d68ba2df895af"
"obj.Kant.Sync.Feed.noConfusionType","def","Kant.Sync.Feed.noConfusionType","ASSERTED","Sort u → Kant.Sync.Feed → Kant.Sync.Feed → Sort u","L0;","O0;","L0;","L0;","L0;","L0;","L0;","L0;","S49;Sort u → Kant.Sync.Feed → Kant.Sync.Feed → Sort u","O7;13;source_systemS5;lean411;source_fileS29;RequestProject/Kant/Sync.lean13;source_formatS4;text11;imported_atI+0;14;transformed_atI+0;15;transformationsL0;13;parent_objectS0;","3966fc2d1c9ed3fe81b1ab80eed63d5936d962a298996e705ea1d8513a09fa6b"
"obj.Kant.Text.asciiBytes_length","theorem","Kant.Text.asciiBytes_length","PROVEN","∀ (cs : List Char), Eq (List.length (Kant.Text.asciiBytes cs)) cs.length","L0;","O0;","L0;","L0;","L1;S33;claim.Kant.Text.asciiBytes_length","L0;","L1;S33;proof.Kant.Text.asciiBytes_length","L0;","S72;∀ (cs : List Char), Eq (List.length (Kant.Text.asciiBytes cs)) cs.length","O7;13;source_systemS5;lean411;source_fileS29;RequestProject/Kant/Text.lean13;source_formatS4;text11;imported_atI+0;14;transformed_atI+46;15;transformationsL0;13;parent_objectS0;","2c70b1a0ac285a63626721cfe9130fc81a51f292c214f391ded2b2fc5aae6176"
"obj.Kant.Codec.Val.brecOn_1.go","def","Kant.Codec.Val.brecOn_1.go","ASSERTED","{motive_1 : Kant.Codec.Val → Sort u} →   {motive_2 : List Kant.Codec.Val → Sort u} →     {motive_3 : List (Prod (List Char) Kant.Codec.Val) → Sort u} →       {motive_4 : Prod (List Char) Kant.Codec.Val → Sort u} →         (t : List Kant.Codec.Val) →           ((t : Kant.Codec.Val) → t.below → motive_1 t) →             ((t : List Kant.Codec.Val) → Kant.Codec.Val.below_1 t → motive_2 t) →               ((t : List (Prod (List Char) Kant.Codec.Val)) →                   Kant.Codec.Val.below_2 t → motive_3 t) →                 ((t : Prod (List Char) Kant.Codec.Val) → Kant.Codec.Val.below_3 t → motive_4 t) →                   PProd (motive_2 t) (Kant.Codec.Val.below_1 t)","L1;S26;obj.Kant.Codec.Val.below_2","O0;","L0;","L0;","L0;","L0;","L0;","L0;","S672;{motive_1 : Kant.Codec.Val → Sort u} →   {motive_2 : List Kant.Codec.Val → Sort u} →     {motive_3 : List (Prod (List Char) Kant.Codec.Val) → Sort u} →       {motive_4 : Prod (List Char) Kant.Codec.Val → Sort u} →         (t : List Kant.Codec.Val) →           ((t : Kant.Codec.Val) → t.below → motive_1 t) →             ((t : List Kant.Codec.Val) → Kant.Codec.Val.below_1 t → motive_2 t) →               ((t : List (Prod (List Char) Kant.Codec.Val)) →                   Kant.Codec.Val.below_2 t → motive_3 t) →                 ((t : Prod (List Char) Kant.Codec.Val) → Kant.Codec.Val.below_3 t → motive_4 t) →                   PProd (motive_2 t) (Kant.Codec.Val.below_1 t)","O7;13;source_systemS5;lean411;source_fileS34;RequestProject/Kant/Codec/Val.lean13;source_formatS4;text11;imported_atI+0;14;transformed_atI+0;15;transformationsL0;13;parent_objectS0;","b550466be5b3f99feb50295ed6ad10d420b2992324377d95307ee566a6a08d8a"
"obj.Kant.Dom.Cert.mk.injEq","theorem","Kant.Dom.Cert.mk.injEq","PROVEN","∀ (kind digest location : List Char) (evidence : Kant.Dom.Evid)   (kind_1 digest_1 location_1 : List Char) (evidence_1 : Kant.Dom.Evid),   Eq     (Eq { kind := kind, digest := digest, location := location, evidence := evidence }       { kind := kind_1, digest := digest_1, location := location_1, evidence := evidence_1 })     (And (Eq kind kind_1)       (And (Eq digest digest_1) (And (Eq location location_1) (Eq evidence evidence_1))))","L0;","O0;","L0;","L0;","L1;S28;claim.Kant.Dom.Cert.mk.injEq","L0;","L1;S28;proof.Kant.Dom.Cert.mk.injEq","L0;","S438;∀ (kind digest location : List Char) (evidence : Kant.Dom.Evid)   (kind_1 digest_1 location_1 : List Char) (evidence_1 : Kant.Dom.Evid),   Eq     (Eq { kind := kind, digest := digest, location := location, evidence := evidence }       { kind := kind_1, digest := digest_1, location := location_1, evidence := evidence_1 })     (And (Eq kind kind_1)       (And (Eq digest digest_1) (And (Eq location location_1) (Eq evidence evidence_1))))","O7;13;source_systemS5;lean411;source_fileS37;RequestProject/Kant/Domain/Model.lean13;source_formatS4;text11;imported_atI+0;14;transformed_atI+0;15;transformationsL0;13;parent_objectS0;","edc21d7f4d9c50c2b095dbafa61a00fd98846f0486db207c68b6fdcedb2f40b7"
"obj.Kant.CardDebug.Pairing.toCtorIdx","def","Kant.CardDebug.Pairing.toCtorIdx","ASSERTED","Kant.CardDebug.Pairing → Nat","L0;","O0;","L0;","L0;","L0;","L0;","L0;","L0;","S28;Kant.CardDebug.Pairing → Nat","O7;13;source_systemS5;lean411;source_fileS34;RequestProject/Kant/CardDebug.lean13;source_formatS4;text11;imported_atI+0;14;transformed_atI+0;15;transformationsL0;13;parent_objectS0;","d1c34bd5fcf99abc5a8ce095665e909f4e88ca9fdb8851c27330d8b3bb84ea65"
"obj.Kant.Handoff.logScript_length","theorem","Kant.Handoff.logScript_length","PROVEN","∀ (limit : Nat) (who : List Char) (r : Kant.Diagnostics.Report),   Eq (Kant.Handoff.logScript limit who r).length (Kant.ShareLog.chatParts limit r).length","L1;S27;obj.Kant.ShareLog.chatParts","O0;","L0;","L0;","L1;S35;claim.Kant.Handoff.logScript_length","L0;","L1;S35;proof.Kant.Handoff.logScript_length","L0;","S154;∀ (limit : Nat) (who : List Char) (r : Kant.Diagnostics.Report),   Eq (Kant.Handoff.logScript limit who r).length (Kant.ShareLog.chatParts limit r).length","O7;13;source_systemS5;lean411;source_fileS32;RequestProject/Kant/Handoff.lean13;source_formatS4;text11;imported_atI+0;14;transformed_atI+230;15;transformationsL0;13;parent_objectS0;","ed21afaa77226641f743f08b15b3ad3666904fc5a5bd96b32ef2b7f79301c4e8"
"obj.Kant.Cli.browserSay.eq_1","theorem","Kant.Cli.browserSay.eq_1","PROVEN","∀ (sv : Kant.Relay.Server) (c : Kant.Cli.Client) (body : Kant.Bytes.Blob),   Eq (Kant.Cli.browserSay sv c body)     { fst := sv.post c.room (Kant.Relay.printMsg (c.compose body)),       snd :=         { self := c.self, relay := c.relay, secret := c.secret, seq := instHAdd.hAdd c.seq 1,           cursor := c.cursor,           messages := Kant.Relay.accept c.messages (Kant.Relay.printMsg (c.compose body)) } }","L3;S21;obj.Kant.Relay.ServerS19;obj.Kant.Cli.ClientS21;obj.Kant.Relay.accept","O0;","L0;","L0;","L1;S30;claim.Kant.Cli.browserSay.eq_1","L0;","L1;S30;proof.Kant.Cli.browserSay.eq_1","L0;","S410;∀ (sv : Kant.Relay.Server) (c : Kant.Cli.Client) (body : Kant.Bytes.Blob),   Eq (Kant.Cli.browserSay sv c body)     { fst := sv.post c.room (Kant.Relay.printMsg (c.compose body)),       snd :=         { self := c.self, relay := c.relay, secret := c.secret, seq := instHAdd.hAdd c.seq 1,           cursor := c.cursor,           messages := Kant.Relay.accept c.messages (Kant.Relay.printMsg (c.compose body)) } }","O7;13;source_systemS5;lean411;source_fileS28;RequestProject/Kant/Cli.lean13;source_formatS4;text11;imported_atI+0;14;transformed_atI+0;15;transformationsL0;13;parent_objectS0;","64ec7111cc317cf20deaf8c0d4234f8d5114b413fdaef53cbad77085295a26a7"
"obj.Kant.Dom.policyErr","def","Kant.Dom.policyErr","ASSERTED","List Char → List Char → List Char → Kant.Codec.Severity → Kant.Codec.Err","L0;","O0;","L0;","L0;","L0;","L0;","L0;","L0;","S72;List Char → List Char → List Char → Kant.Codec.Severity → Kant.Codec.Err","O7;13;source_systemS5;lean411;source_fileS38;RequestProject/Kant/Domain/Policy.lean13;source_formatS4;text11;imported_atI+0;14;transformed_atI+52;15;transformationsL0;13;parent_objectS0;","023cfb1fb72b82d8b97eac1c1d36a67bcfb5dc999be999fec1a838bb11f2b861"
"obj.Kant.Text.bytesAscii_asciiBytes","theorem","Kant.Text.bytesAscii_asciiBytes","PROVEN","∀ {cs : List Char}, Kant.Text.IsAscii cs → Kant.Text.BytesAscii (Kant.Text.asciiBytes cs)","L0;","O0;","L0;","L0;","L1;S37;claim.Kant.Text.bytesAscii_asciiBytes","L0;","L1;S37;proof.Kant.Text.bytesAscii_asciiBytes","L0;","S89;∀ {cs : List Char}, Kant.Text.IsAscii cs → Kant.Text.BytesAscii (Kant.Text.asciiBytes cs)","O7;13;source_systemS5;lean411;source_fileS29;RequestProject/Kant/Text.lean13;source_formatS4;text11;imported_atI+0;14;transformed_atI+87;15;transformationsL0;13;parent_objectS0;","17fa28e6750c0e75d6e3902a2ba4affa211e88e0d70eb077c7a09a7da7044b8c"
"obj.Kant.Diagnostics.renderLog.eq_1","theorem","Kant.Diagnostics.renderLog.eq_1","PROVEN","∀ (l : Kant.Diagnostics.Log),   Eq (Kant.Diagnostics.renderLog l)     (Kant.Diagnostics.joinLines (List.map Kant.Diagnostics.printEvent l.events))","L1;S26;obj.Kant.Diagnostics.Event","O0;","L0;","L0;","L1;S37;claim.Kant.Diagnostics.renderLog.eq_1","L0;","L1;S37;proof.Kant.Diagnostics.renderLog.eq_1","L0;","S146;∀ (l : Kant.Diagnostics.Log),   Eq (Kant.Diagnostics.renderLog l)     (Kant.Diagnostics.joinLines (List.map Kant.Diagnostics.printEvent l.events))","O7;13;source_systemS5;lean411;source_fileS36;RequestProject/Kant/Diagnostics.lean13;source_formatS4;text11;imported_atI+0;14;transformed_atI+0;15;transformationsL0;13;parent_objectS0;","4184e0dceeb59bd579e6a5cbaf54b1a253ec79d61c8fe0ff3fbc572e32d9fdfc"
"obj.Kant.Relay.Server.mk.noConfusion","def","Kant.Relay.Server.mk.noConfusion","ASSERTED","{P : Sort u} →   {rooms rooms' : List (Prod (List Char) (List (List Char)))} →     Eq { rooms := rooms } { rooms := rooms' } → (Eq rooms rooms' → P) → P","L1;S21;obj.Kant.Relay.Server","O0;","L0;","L0;","L0;","L0;","L0;","L0;","S152;{P : Sort u} →   {rooms rooms' : List (Prod (List Char) (List (List Char)))} →     Eq { rooms := rooms } { rooms := rooms' } → (Eq rooms rooms' → P) → P","O7;13;source_systemS5;lean411;source_fileS30;RequestProject/Kant/Relay.lean13;source_formatS4;text11;imported_atI+0;14;transformed_atI+156;15;transformationsL0;13;parent_objectS0;","94022eb171e786d33f72832158e108900a35b854ef42f9091e29280d60b72b56"
"obj.Kant.Sync.Source.qrBurst.sizeOf_spec","theorem","Kant.Sync.Source.qrBurst.sizeOf_spec","PROVEN","Eq (Kant.Sync.Source._sizeOf_inst.sizeOf Kant.Sync.Source.qrBurst) 1","L0;","O0;","L0;","L0;","L1;S42;claim.Kant.Sync.Source.qrBurst.sizeOf_spec","L0;","L1;S42;proof.Kant.Sync.Source.qrBurst.sizeOf_spec","L0;","S68;Eq (Kant.Sync.Source._sizeOf_inst.sizeOf Kant.Sync.Source.qrBurst) 1","O7;13;source_systemS5;lean411;source_fileS29;RequestProject/Kant/Sync.lean13;source_formatS4;text11;imported_atI+0;14;transformed_atI+0;15;transformationsL0;13;parent_objectS0;","222a261cb3e624299868872f55978316a42b2575b063a803e43b88179db589f0"
"obj.Kant.Clipboard.hash","def","Kant.Clipboard.hash","ASSERTED","Char","L0;","O0;","L0;","L0;","L0;","L0;","L0;","L0;","S4;Char","O7;13;source_systemS5;lean411;source_fileS34;RequestProject/Kant/Clipboard.lean13;source_formatS4;text11;imported_atI+0;14;transformed_atI+342;15;transformationsL0;13;parent_objectS0;","0bbd37881ba0bc1f9a2ca546bed48ddc33fa75b3317246a556987e64d860c6e2"
"obj.Kant.Dom.Domain.text","def","Kant.Dom.Domain.text","ASSERTED","Kant.Dom.Domain → List Char","L0;","O0;","L0;","L0;","L0;","L0;","L0;","L0;","S27;Kant.Dom.Domain → List Char","O7;13;source_systemS5;lean411;source_fileS37;RequestProject/Kant/Domain/Model.lean13;source_formatS4;text11;imported_atI+0;14;transformed_atI+649;15;transformationsL0;13;parent_objectS0;","a35f863e59d2658b432de4ac4093d828cae958d6196e3c61bcec52b4c73147ce"
"obj.Kant.Dom.instInhabitedPStatus","def","Kant.Dom.instInhabitedPStatus","ASSERTED","Inhabited Kant.Dom.PStatus","L0;","O0;","L0;","L0;","L0;","L0;","L0;","L0;","S26;Inhabited Kant.Dom.PStatus","O7;13;source_systemS5;lean411;source_fileS37;RequestProject/Kant/Domain/Model.lean13;source_formatS4;text11;imported_atI+0;14;transformed_atI+57;15;transformationsL0;13;parent_objectS0;","24fbd782f93a3a6d85e3530ff84ff52a518068db6fb54727388f5aeb0de3ac64"
"obj.Kant.Codec.Val.str.noConfusion","def","Kant.Codec.Val.str.noConfusion","ASSERTED","{P : Sort u} →   {s s' : List Char} → Eq (Kant.Codec.Val.str s) (Kant.Codec.Val.str s') → (Eq s s' → P) → P","L0;","O0;","L0;","L0;","L0;","L0;","L0;","L0;","S107;{P : Sort u} →   {s s' : List Char} → Eq (Kant.Codec.Val.str s) (Kant.Codec.Val.str s') → (Eq s s' → P) → P","O7;13;source_systemS5;lean411;source_fileS34;RequestProject/Kant/Codec/Val.lean13;source_formatS4;text11;imported_atI+0;14;transformed_atI+41;15;transformationsL0;13;parent_objectS0;","1f9a5b5ecc27b2f27b30bf81f522dd7d27ece3af79e5014499ddb24bf01fb7bf"
"obj.Kant.Sheaf.Encoding.raw.elim","def","Kant.Sheaf.Encoding.raw.elim","ASSERTED","{motive : Kant.Sheaf.Encoding → Sort u} →   (t : Kant.Sheaf.Encoding) → Eq t.ctorIdx 0 → motive Kant.Sheaf.Encoding.raw → motive t","L0;","O0;","L0;","L0;","L0;","L0;","L0;","L0;","S130;{motive : Kant.Sheaf.Encoding → Sort u} →   (t : Kant.Sheaf.Encoding) → Eq t.ctorIdx 0 → motive Kant.Sheaf.Encoding.raw → motive t","O7;13;source_systemS5;lean411;source_fileS30;RequestProject/Kant/Sheaf.lean13;source_formatS4;text11;imported_atI+0;14;transformed_atI+86;15;transformationsL0;13;parent_objectS0;","5409e6909d8cda239630c83cb49ed2b8530686a299424f99572261ad0a27627e"
"obj.Kant.Onboarding.Event.hush.sizeOf_spec","theorem","Kant.Onboarding.Event.hush.sizeOf_spec","PROVEN","Eq (Kant.Onboarding.Event._sizeOf_inst.sizeOf Kant.Onboarding.Event.hush) 1","L0;","O0;","L0;","L0;","L1;S44;claim.Kant.Onboarding.Event.hush.sizeOf_spec","L0;","L1;S44;proof.Kant.Onboarding.Event.hush.sizeOf_spec","L0;","S75;Eq (Kant.Onboarding.Event._sizeOf_inst.sizeOf Kant.Onboarding.Event.hush) 1","O7;13;source_systemS5;lean411;source_fileS35;RequestProject/Kant/Onboarding.lean13;source_formatS4;text11;imported_atI+0;14;transformed_atI+0;15;transformationsL0;13;parent_objectS0;","c331b6c26d07e63a125012421473b6adc39a3437562205547c16a1f0713ee247"
"obj.Kant.Codec.readRowList.eq_1","theorem","Kant.Codec.readRowList.eq_1","PROVEN","∀ (x : Nat) (x_1 : List Kant.Codec.Row),   Eq (Kant.Codec.readRowList x 0 x_1) (Option.some { fst := List.nil, snd := x_1 })","L0;","O0;","L0;","L0;","L1;S33;claim.Kant.Codec.readRowList.eq_1","L0;","L1;S33;proof.Kant.Codec.readRowList.eq_1","L0;","S124;∀ (x : Nat) (x_1 : List Kant.Codec.Row),   Eq (Kant.Codec.readRowList x 0 x_1) (Option.some { fst := List.nil, snd := x_1 })","O7;13;source_systemS5;lean411;source_fileS34;RequestProject/Kant/Codec/Csv.lean13;source_formatS4;text11;imported_atI+0;14;transformed_atI+0;15;transformationsL0;13;parent_objectS0;","e67a222b9c5ac4fb94e12d043bc69ef85b6d8fd3a600cf41ecb4a62e0c28a0fe"
"obj.Kant.Wasm.Kernel.kernelBytes_sections","theorem","Kant.Wasm.Kernel.kernelBytes_sections","PROVEN","Eq (Kant.Wasm.Encode.module Kant.Wasm.Kernel.kernelModule)   (instHAppendOfAppend.hAppend     (instHAppendOfAppend.hAppend       (instHAppendOfAppend.hAppend         (instHAppendOfAppend.hAppend           (instHAppendOfAppend.hAppend Kant.Wasm.Encode.magic Kant.Wasm.Encode.version)           (Kant.Wasm.Encode.sec 1 (Kant.Wasm.Encode.typePayload Kant.Wasm.Kernel.kernelModule)))         (Kant.Wasm.Encode.sec 3 (Kant.Wasm.Encode.funcPayload Kant.Wasm.Kernel.kernelModule)))       (Kant.Wasm.Encode.sec 7 (Kant.Wasm.Encode.exportPayload Kant.Wasm.Kernel.kernelModule)))     (Kant.Wasm.Encode.sec 10 (Kant.Wasm.Encode.codePayload Kant.Wasm.Kernel.kernelModule)))","L1;S27;obj.Kant.Wasm.Encode.module","O0;","L0;","L0;","L1;S43;claim.Kant.Wasm.Kernel.kernelBytes_sections","L0;","L1;S43;proof.Kant.Wasm.Kernel.kernelBytes_sections","L0;","S661;Eq (Kant.Wasm.Encode.module Kant.Wasm.Kernel.kernelModule)   (instHAppendOfAppend.hAppend     (instHAppendOfAppend.hAppend       (instHAppendOfAppend.hAppend         (instHAppendOfAppend.hAppend           (instHAppendOfAppend.hAppend Kant.Wasm.Encode.magic Kant.Wasm.Encode.version)           (Kant.Wasm.Encode.sec 1 (Kant.Wasm.Encode.typePayload Kant.Wasm.Kernel.kernelModule)))         (Kant.Wasm.Encode.sec 3 (Kant.Wasm.Encode.funcPayload Kant.Wasm.Kernel.kernelModule)))       (Kant.Wasm.Encode.sec 7 (Kant.Wasm.Encode.exportPayload Kant.Wasm.Kernel.kernelModule)))     (Kant.Wasm.Encode.sec 10 (Kant.Wasm.Encode.codePayload Kant.Wasm.Kernel.kernelModule)))","O7;13;source_systemS5;lean411;source_fileS35;RequestProject/Wasm/Extraction.lean13;source_formatS4;text11;imported_atI+0;14;transformed_atI+40;15;transformationsL0;13;parent_objectS0;","208d082c1f7390dd1aeb7aa9ea2eedca9b9411de442cc037f3c4bcac7a307fa4"
"obj.Kant.Wasm.Decode.bytesN_append","theorem","Kant.Wasm.Decode.bytesN_append","PROVEN","∀ (xs rest : Kant.Wasm.Decode.Bytes),   Eq (Kant.Wasm.Decode.bytesN (List.length xs) (instHAppendOfAppend.hAppend xs rest))     (Option.some { fst := xs, snd := rest })","L0;","O0;","L0;","L0;","L1;S36;claim.Kant.Wasm.Decode.bytesN_append","L0;","L1;S36;proof.Kant.Wasm.Decode.bytesN_append","L0;","S168;∀ (xs rest : Kant.Wasm.Decode.Bytes),   Eq (Kant.Wasm.Decode.bytesN (List.length xs) (instHAppendOfAppend.hAppend xs rest))     (Option.some { fst := xs, snd := rest })","O7;13;source_systemS5;lean411;source_fileS31;RequestProject/Wasm/Decode.lean13;source_formatS4;text11;imported_atI+0;14;transformed_atI+99;15;transformationsL0;13;parent_objectS0;","ece3da315a90eb3c62d65e1b82f484177ec78e373ed37312bbe5f529c7fcef7d"
"obj.Kant.Clipboard.copyText","def","Kant.Clipboard.copyText","ASSERTED","Kant.Paste → List Char","L0;","O0;","L0;","L0;","L0;","L0;","L0;","L0;","S22;Kant.Paste → List Char","O7;13;source_systemS5;lean411;source_fileS34;RequestProject/Kant/Clipboard.lean13;source_formatS4;text11;imported_atI+0;14;transformed_atI+210;15;transformationsL0;13;parent_objectS0;","b3641491cf62c20ec5adc1e26b700ba9f4287741f467fcc86f96cb36c5b0b393"
"obj.Kant.Codec.readCsvField","def","Kant.Codec.readCsvField","ASSERTED","List Char → Option (Prod (List Char) (List Char))","L0;","O0;","L0;","L0;","L0;","L0;","L0;","L0;","S49;List Char → Option (Prod (List Char) (List Char))","O7;13;source_systemS5;lean411;source_fileS34;RequestProject/Kant/Codec/Csv.lean13;source_formatS4;text11;imported_atI+0;14;transformed_atI+287;15;transformationsL0;13;parent_objectS0;","e530889a4a1c161d7d2e4e5af71b75fa0ba2a9e69cb4573f757d07d1a24a1edc"
"obj.Kant.Dasl.nestedCid","def","Kant.Dasl.nestedCid","ASSERTED","Kant.Bytes.Blob → Nat","L0;","O0;","L0;","L0;","L0;","L0;","L0;","L0;","S21;Kant.Bytes.Blob → Nat","O7;13;source_systemS5;lean411;source_fileS29;RequestProject/Kant/Dasl.lean13;source_formatS4;text11;imported_atI+0;14;transformed_atI+157;15;transformationsL0;13;parent_objectS0;","066a500232c0a173c1af63d380c1b3b8a4b6a9fbb2f8d631388e6e3e9370b836"
"obj.Kant.Sheaf.DaslType.tag_injective","theorem","Kant.Sheaf.DaslType.tag_injective","PROVEN","Function.Injective Kant.Sheaf.DaslType.tag","L1;S34;obj.Kant.Sheaf.instFintypeDaslType","O0;","L0;","L0;","L1;S39;claim.Kant.Sheaf.DaslType.tag_injective","L0;","L1;S39;proof.Kant.Sheaf.DaslType.tag_injective","L0;","S42;Function.Injective Kant.Sheaf.DaslType.tag","O7;13;source_systemS5;lean411;source_fileS30;RequestProject/Kant/Sheaf.lean13;source_formatS4;text11;imported_atI+0;14;transformed_atI+50;15;transformationsL0;13;parent_objectS0;","6566e06aa71696602ba4aca18790baf3a368a5eb438799069d8aa36327b03919"
"obj.Kant.Codec.stripPrefix.eq_2","theorem","Kant.Codec.stripPrefix.eq_2","PROVEN","∀ (head : Char) (tail : List Char),   Eq (Kant.Codec.stripPrefix (List.cons head tail) List.nil) Option.none","L0;","O0;","L0;","L0;","L1;S33;claim.Kant.Codec.stripPrefix.eq_2","L0;","L1;S33;proof.Kant.Codec.stripPrefix.eq_2","L0;","S108;∀ (head : Char) (tail : List Char),   Eq (Kant.Codec.stripPrefix (List.cons head tail) List.nil) Option.none","O7;13;source_systemS5;lean411;source_fileS34;RequestProject/Kant/Codec/Xml.lean13;source_formatS4;text11;imported_atI+0;14;transformed_atI+0;15;transformationsL0;13;parent_objectS0;","52a42dcf62c51052babdb21ca0e7b695d8400867b6938e2c1b7ff6e5ea746b4f"
"obj.Kant.Wasm.step.match_1","def","Kant.Wasm.step.match_1","ASSERTED","(motive : Kant.Wasm.Instr → List UInt64 → Sort u_1) →   (x : Kant.Wasm.Instr) →     (x_1 : List UInt64) →       ((n : Nat) → (st : List UInt64) → motive (Kant.Wasm.Instr.i64const n) st) →         ((i : Nat) → (st : List UInt64) → motive (Kant.Wasm.Instr.localGet i) st) →           ((op : Kant.Wasm.BinOp) →               (b a : UInt64) →                 (st : List UInt64) →                   motive (Kant.Wasm.Instr.binop op) (List.cons b (List.cons a st))) →             ((op : Kant.Wasm.BinOp) → (x : List UInt64) → motive (Kant.Wasm.Instr.binop op) x) →               ((op : Kant.Wasm.CmpOp) →                   (b a : UInt64) →                     (st : List UInt64) →                       motive (Kant.Wasm.Instr.cmpop op) (List.cons b (List.cons a st))) →                 ((op : Kant.Wasm.CmpOp) → (x : List UInt64) → motive (Kant.Wasm.Instr.cmpop op) x) →                   ((v : UInt64) →                       (st : List UInt64) → motive Kant.Wasm.Instr.extendU (List.cons v st)) →                     (Unit → motive Kant.Wasm.Instr.extendU List.nil) → motive x x_1","L0;","O0;","L0;","L0;","L0;","L0;","L0;","L0;","S1077;(motive : Kant.Wasm.Instr → List UInt64 → Sort u_1) →   (x : Kant.Wasm.Instr) →     (x_1 : List UInt64) →       ((n : Nat) → (st : List UInt64) → motive (Kant.Wasm.Instr.i64const n) st) →         ((i : Nat) → (st : List UInt64) → motive (Kant.Wasm.Instr.localGet i) st) →           ((op : Kant.Wasm.BinOp) →               (b a : UInt64) →                 (st : List UInt64) →                   motive (Kant.Wasm.Instr.binop op) (List.cons b (List.cons a st))) →             ((op : Kant.Wasm.BinOp) → (x : List UInt64) → motive (Kant.Wasm.Instr.binop op) x) →               ((op : Kant.Wasm.CmpOp) →                   (b a : UInt64) →                     (st : List UInt64) →                       motive (Kant.Wasm.Instr.cmpop op) (List.cons b (List.cons a st))) →                 ((op : Kant.Wasm.CmpOp) → (x : List UInt64) → motive (Kant.Wasm.Instr.cmpop op) x) →                   ((v : UInt64) →                       (st : List UInt64) → motive Kant.Wasm.Instr.extendU (List.cons v st)) →                     (Unit → motive Kant.Wasm.Instr.extendU List.nil) → motive x x_1","O7;13;source_systemS5;lean411;source_fileS34;RequestProject/Wasm/Semantics.lean13;source_formatS4;text11;imported_atI+0;14;transformed_atI+0;15;transformationsL0;13;parent_objectS0;","387deb417c9f35986756c390d1382ecb80b7f7830e255d6e0af35b191f72fc81"
"obj.Kant.Diagnostics.Report.Wire.room","theorem","Kant.Diagnostics.Report.Wire.room","PROVEN","∀ {r : Kant.Diagnostics.Report}, r.Wire → Kant.Text.IsAscii r.room","L0;","O0;","L0;","L0;","L1;S39;claim.Kant.Diagnostics.Report.Wire.room","L0;","L1;S39;proof.Kant.Diagnostics.Report.Wire.room","L0;","S66;∀ {r : Kant.Diagnostics.Report}, r.Wire → Kant.Text.IsAscii r.room","O7;13;source_systemS5;lean411;source_fileS36;RequestProject/Kant/Diagnostics.lean13;source_formatS4;text11;imported_atI+0;14;transformed_atI+541;15;transformationsL0;13;parent_objectS0;","ff6d33cc208adb85fdf97895320e2faa2b6bb16cf846a1cffb7d0e1858e5ad44"
"obj.Kant.Wasm.Kernel.fnvPrimeConst","def","Kant.Wasm.Kernel.fnvPrimeConst","ASSERTED","Nat","L0;","O0;","L0;","L0;","L0;","L0;","L0;","L0;","S3;Nat","O7;13;source_systemS5;lean411;source_fileS31;RequestProject/Wasm/Kernel.lean13;source_formatS4;text11;imported_atI+0;14;transformed_atI+89;15;transformationsL0;13;parent_objectS0;","313d7fedeb6086f29d52bc810ccb8d555e1b51b4acc7d3ac2680617cdecadb0f"
"obj.Kant.Codec.Obj.provenance","def","Kant.Codec.Obj.provenance","ASSERTED","Kant.Codec.Obj → Option Kant.Codec.Prov","L0;","O0;","L0;","L0;","L0;","L0;","L0;","L0;","S39;Kant.Codec.Obj → Option Kant.Codec.Prov","O7;13;source_systemS5;lean411;source_fileS36;RequestProject/Kant/Codec/Model.lean13;source_formatS4;text11;imported_atI+0;14;transformed_atI+467;15;transformationsL0;13;parent_objectS0;","6a5a0ddc991661388c33be02ecd5f16395949f9d3d000c2678ad1933342e9f81"
"obj.Kant.Cli.Method.ctorElim","def","Kant.Cli.Method.ctorElim","ASSERTED","{motive : Kant.Cli.Method → Sort u} →   (ctorIdx : Nat) →     (t : Kant.Cli.Method) → Eq ctorIdx t.ctorIdx → Kant.Cli.Method.ctorElimType ctorIdx → motive t","L0;","O0;","L0;","L0;","L0;","L0;","L0;","L0;","S156;{motive : Kant.Cli.Method → Sort u} →   (ctorIdx : Nat) →     (t : Kant.Cli.Method) → Eq ctorIdx t.ctorIdx → Kant.Cli.Method.ctorElimType ctorIdx → motive t","O7;13;source_systemS5;lean411;source_fileS28;RequestProject/Kant/Cli.lean13;source_formatS4;text11;imported_atI+0;14;transformed_atI+142;15;transformationsL0;13;parent_objectS0;","20fe391b048eac8767b39e63a634f1b42899d5aad344906dd15a3a891331ed7a"
"obj.Kant.Handoff.logScript_serverless","theorem","Kant.Handoff.logScript_serverless","PROVEN","∀ (limit : Nat) (who : List Char) (r : Kant.Diagnostics.Report),   Kant.Handoff.Serverless (Kant.Handoff.logScript limit who r)","L0;","O0;","L0;","L0;","L1;S39;claim.Kant.Handoff.logScript_serverless","L0;","L1;S39;proof.Kant.Handoff.logScript_serverless","L0;","S127;∀ (limit : Nat) (who : List Char) (r : Kant.Diagnostics.Report),   Kant.Handoff.Serverless (Kant.Handoff.logScript limit who r)","O7;13;source_systemS5;lean411;source_fileS32;RequestProject/Kant/Handoff.lean13;source_formatS4;text11;imported_atI+0;14;transformed_atI+218;15;transformationsL0;13;parent_objectS0;","e6735d45d62c3d84fa25f12b0e94beafc81ad9394a349eaac7bb04f199a618e5"
"obj.Kant.Meme.toPaste","def","Kant.Meme.toPaste","ASSERTED","Kant.Stego.Carrier → Option Kant.Paste","L0;","O0;","L0;","L0;","L0;","L0;","L0;","L0;","S38;Kant.Stego.Carrier → Option Kant.Paste","O7;13;source_systemS5;lean411;source_fileS29;RequestProject/Kant/Meme.lean13;source_formatS4;text11;imported_atI+0;14;transformed_atI+193;15;transformationsL0;13;parent_objectS0;","455987e7f30a08915d95eae86b50471e7de04f4d277b69c3315f16cfd3fa96d0"
"obj.Kant.Codec.Loss.lossy.elim","def","Kant.Codec.Loss.lossy.elim","ASSERTED","{motive : Kant.Codec.Loss → Sort u} →   (t : Kant.Codec.Loss) → Eq t.ctorIdx 1 → motive Kant.Codec.Loss.lossy → motive t","L0;","O0;","L0;","L0;","L0;","L0;","L0;","L0;","S120;{motive : Kant.Codec.Loss → Sort u} →   (t : Kant.Codec.Loss) → Eq t.ctorIdx 1 → motive Kant.Codec.Loss.lossy → motive t","O7;13;source_systemS5;lean411;source_fileS36;RequestProject/Kant/Codec/Model.lean13;source_formatS4;text11;imported_atI+0;14;transformed_atI+58;15;transformationsL0;13;parent_objectS0;","e3c7de884706e7c918816d98afefb3c633cfb07a28fb82d3befde3435a6f4870"
"obj.Kant.Sheaf.Encoding.split.sizeOf_spec","theorem","Kant.Sheaf.Encoding.split.sizeOf_spec","PROVEN","Eq (Kant.Sheaf.Encoding._sizeOf_inst.sizeOf Kant.Sheaf.Encoding.split) 1","L0;","O0;","L0;","L0;","L1;S43;claim.Kant.Sheaf.Encoding.split.sizeOf_spec","L0;","L1;S43;proof.Kant.Sheaf.Encoding.split.sizeOf_spec","L0;","S72;Eq (Kant.Sheaf.Encoding._sizeOf_inst.sizeOf Kant.Sheaf.Encoding.split) 1","O7;13;source_systemS5;lean411;source_fileS30;RequestProject/Kant/Sheaf.lean13;source_formatS4;text11;imported_atI+0;14;transformed_atI+0;15;transformationsL0;13;parent_objectS0;","ef5fe09d74b77feff1aaa6a69562e38c84ae34813646d23571fd4193990c9ed2"
"obj.Kant.Dom.readTable.eq_1","theorem","Kant.Dom.readTable.eq_1","PROVEN","∀ (s : List Char),   Eq (Kant.Dom.readTable s)     (Kant.Dom.readAllRows.match_1       (fun x => Option (Prod (List (List Char)) (List (List (List Char)))))       (Kant.Dom.readCells (instHAdd.hAdd s.length 1) s)       (fun header rest =>         Option.map (fun rows => { fst := header, snd := rows })           (Kant.Dom.readAllRows (instHAdd.hAdd rest.length 1) rest))       fun _ => Option.none)","L0;","O0;","L0;","L0;","L1;S29;claim.Kant.Dom.readTable.eq_1","L0;","L1;S29;proof.Kant.Dom.readTable.eq_1","L0;","S399;∀ (s : List Char),   Eq (Kant.Dom.readTable s)     (Kant.Dom.readAllRows.match_1       (fun x => Option (Prod (List (List Char)) (List (List (List Char)))))       (Kant.Dom.readCells (instHAdd.hAdd s.length 1) s)       (fun header rest =>         Option.map (fun rows => { fst := header, snd := rows })           (Kant.Dom.readAllRows (instHAdd.hAdd rest.length 1) rest))       fun _ => Option.none)","O7;13;source_systemS5;lean411;source_fileS37;RequestProject/Kant/Domain/Table.lean13;source_formatS4;text11;imported_atI+0;14;transformed_atI+0;15;transformationsL0;13;parent_objectS0;","b1116c9b855751759a2456a25783832a6e63edfa3598654f7c473211f134b6c4"
"obj.Kant.Codec.Tests.tAnnot","def","Kant.Codec.Tests.tAnnot","ASSERTED","Kant.Codec.Ipdl","L0;","O0;","L0;","L0;","L0;","L0;","L0;","L0;","S15;Kant.Codec.Ipdl","O7;13;source_systemS5;lean411;source_fileS36;RequestProject/Kant/Codec/Tests.lean13;source_formatS4;text11;imported_atI+0;14;transformed_atI+155;15;transformationsL0;13;parent_objectS0;","f605245de48fbf6274d1447f75a24d85e57c63d9b48cc81c22fc9dda6c1b7e3f"
"obj.Kant.SiteCard.takeWhile_append_sep","theorem","Kant.SiteCard.takeWhile_append_sep","PROVEN","∀ {p : Char → Bool} {a b : List Char} {d : Char},   (∀ (c : Char), List.instMembership.mem a c → Eq (p c) Bool.true) →     Eq (p d) Bool.false → Eq (List.takeWhile p (instHAppendOfAppend.hAppend a (List.cons d b))) a","L0;","O0;","L0;","L0;","L1;S40;claim.Kant.SiteCard.takeWhile_append_sep","L0;","L1;S40;proof.Kant.SiteCard.takeWhile_append_sep","L0;","S216;∀ {p : Char → Bool} {a b : List Char} {d : Char},   (∀ (c : Char), List.instMembership.mem a c → Eq (p c) Bool.true) →     Eq (p d) Bool.false → Eq (List.takeWhile p (instHAppendOfAppend.hAppend a (List.cons d b))) a","O7;13;source_systemS5;lean411;source_fileS33;RequestProject/Kant/SiteCard.lean13;source_formatS4;text11;imported_atI+0;14;transformed_atI+481;15;transformationsL0;13;parent_objectS0;","2c76f851c0942fd8558a2876eda925db523140f05d8e1b6e0512e378805d95b1"
"obj.Kant.CodeMovie.rleEncode.eq_2","theorem","Kant.CodeMovie.rleEncode.eq_2","PROVEN","∀ (x_1 : Nat) (xs : List Nat),   Eq (Kant.CodeMovie.rleEncode (List.cons x_1 xs))     (Kant.CodeMovie.rleEncode.match_1 (fun x => List (Prod Nat Nat)) (Kant.CodeMovie.rleEncode xs)       (fun _ => List.cons { fst := x_1, snd := 1 } List.nil) fun y n rest =>       ite (Eq x_1 y) (List.cons { fst := y, snd := instHAdd.hAdd n 1 } rest)         (List.cons { fst := x_1, snd := 1 } (List.cons { fst := y, snd := n } rest)))","L0;","O0;","L0;","L0;","L1;S35;claim.Kant.CodeMovie.rleEncode.eq_2","L0;","L1;S35;proof.Kant.CodeMovie.rleEncode.eq_2","L0;","S420;∀ (x_1 : Nat) (xs : List Nat),   Eq (Kant.CodeMovie.rleEncode (List.cons x_1 xs))     (Kant.CodeMovie.rleEncode.match_1 (fun x => List (Prod Nat Nat)) (Kant.CodeMovie.rleEncode xs)       (fun _ => List.cons { fst := x_1, snd := 1 } List.nil) fun y n rest =>       ite (Eq x_1 y) (List.cons { fst := y, snd := instHAdd.hAdd n 1 } rest)         (List.cons { fst := x_1, snd := 1 } (List.cons { fst := y, snd := n } rest)))","O7;13;source_systemS5;lean411;source_fileS34;RequestProject/Kant/CodeMovie.lean13;source_formatS4;text11;imported_atI+0;14;transformed_atI+0;15;transformationsL0;13;parent_objectS0;","f929758eaf4abaad405a1d2adafa9442a1ad141a4711461780e62529825e0bbc"
"obj.Kant.Wasm.Kernel.eval_lsbExtractE","theorem","Kant.Wasm.Kernel.eval_lsbExtractE","PROVEN","∀ (s : UInt64),   Eq     (Option.map (fun v => instBEqOfDecidableEq.beq (instHMod.hMod v.toNat 2) 1)       (Kant.Wasm.Expr.eval (List.cons s List.nil) Kant.Wasm.Kernel.lsbExtractE))     (Option.some ((Kant.Stego.extractBits 1 (List.cons s.toNat List.nil)).headD Bool.false))","L1;S32;obj.Kant.Wasm.Kernel.lsbExtractE","O0;","L0;","L0;","L1;S39;claim.Kant.Wasm.Kernel.eval_lsbExtractE","L0;","L1;S39;proof.Kant.Wasm.Kernel.eval_lsbExtractE","L0;","S274;∀ (s : UInt64),   Eq     (Option.map (fun v => instBEqOfDecidableEq.beq (instHMod.hMod v.toNat 2) 1)       (Kant.Wasm.Expr.eval (List.cons s List.nil) Kant.Wasm.Kernel.lsbExtractE))     (Option.some ((Kant.Stego.extractBits 1 (List.cons s.toNat List.nil)).headD Bool.false))","O7;13;source_systemS5;lean411;source_fileS35;RequestProject/Wasm/KernelSpec.lean13;source_formatS4;text11;imported_atI+0;14;transformed_atI+271;15;transformationsL0;13;parent_objectS0;","f5879026ee22e91942a2484bfb9ea4ee0e7787ade383565b299d9b1c2d202d20"
"obj.Kant.Sync.Source.libp2p.sizeOf_spec","theorem","Kant.Sync.Source.libp2p.sizeOf_spec","PROVEN","Eq (Kant.Sync.Source._sizeOf_inst.sizeOf Kant.Sync.Source.libp2p) 1","L0;","O0;","L0;","L0;","L1;S41;claim.Kant.Sync.Source.libp2p.sizeOf_spec","L0;","L1;S41;proof.Kant.Sync.Source.libp2p.sizeOf_spec","L0;","S67;Eq (Kant.Sync.Source._sizeOf_inst.sizeOf Kant.Sync.Source.libp2p) 1","O7;13;source_systemS5;lean411;source_fileS29;RequestProject/Kant/Sync.lean13;source_formatS4;text11;imported_atI+0;14;transformed_atI+0;15;transformationsL0;13;parent_objectS0;","73d903e8c40ee09ac1346cded333dfed2cf110209b75c834c138d5638aad8d87"
"obj.Kant.Codec.Val.list.elim","def","Kant.Codec.Val.list.elim","ASSERTED","{motive_1 : Kant.Codec.Val → Sort u} →   (t : Kant.Codec.Val) →     Eq t.ctorIdx 4 → ((xs : List Kant.Codec.Val) → motive_1 (Kant.Codec.Val.list xs)) → motive_1 t","L0;","O0;","L0;","L0;","L0;","L0;","L0;","L0;","S162;{motive_1 : Kant.Codec.Val → Sort u} →   (t : Kant.Codec.Val) →     Eq t.ctorIdx 4 → ((xs : List Kant.Codec.Val) → motive_1 (Kant.Codec.Val.list xs)) → motive_1 t","O7;13;source_systemS5;lean411;source_fileS34;RequestProject/Kant/Codec/Val.lean13;source_formatS4;text11;imported_atI+0;14;transformed_atI+42;15;transformationsL0;13;parent_objectS0;","49009a37cf90ee4fdc2ca03ede64733c354ce1215187ded5a14d98a0c6b2c062"
"obj.Kant.Codec.pFields.eq_2","theorem","Kant.Codec.pFields.eq_2","PROVEN","∀ (x : Nat) (x_1 : List Char) (n : Nat),   Eq (Kant.Codec.pFields x n.succ x_1)     (Kant.Codec.pFields.match_1       (fun x => Option (Prod (List (Prod (List Char) Kant.Codec.Val)) (List Char)))       (Kant.Codec.readStr x_1)       (fun k r0 =>         Kant.Codec.pList.match_1           (fun x => Option (Prod (List (Prod (List Char) Kant.Codec.Val)) (List Char)))           (Kant.Codec.pVal x r0)           (fun v r =>             Kant.Codec.pVal.match_3               (fun x => Option (Prod (List (Prod (List Char) Kant.Codec.Val)) (List Char)))               (Kant.Codec.pFields x n r)               (fun fs r2 => Option.some { fst := List.cons { fst := k, snd := v } fs, snd := r2 })               fun _ => Option.none)           fun _ => Option.none)       fun _ => Option.none)","L2;S28;obj.Kant.Codec.pList.match_1S27;obj.Kant.Codec.pVal.match_3","O0;","L0;","L0;","L1;S29;claim.Kant.Codec.pFields.eq_2","L0;","L1;S29;proof.Kant.Codec.pFields.eq_2","L0;","S785;∀ (x : Nat) (x_1 : List Char) (n : Nat),   Eq (Kant.Codec.pFields x n.succ x_1)     (Kant.Codec.pFields.match_1       (fun x => Option (Prod (List (Prod (List Char) Kant.Codec.Val)) (List Char)))       (Kant.Codec.readStr x_1)       (fun k r0 =>         Kant.Codec.pList.match_1           (fun x => Option (Prod (List (Prod (List Char) Kant.Codec.Val)) (List Char)))           (Kant.Codec.pVal x r0)           (fun v r =>             Kant.Codec.pVal.match_3               (fun x => Option (Prod (List (Prod (List Char) Kant.Codec.Val)) (List Char)))               (Kant.Codec.pFields x n r)               (fun fs r2 => Option.some { fst := List.cons { fst := k, snd := v } fs, snd := r2 })               fun _ => Option.none)           fun _ => Option.none)       fun _ => Option.none)","O7;13;source_systemS5;lean411;source_fileS34;RequestProject/Kant/Codec/Val.lean13;source_formatS4;text11;imported_atI+0;14;transformed_atI+0;15;transformationsL0;13;parent_objectS0;","12f51dec0761bad3df920a44943ef438a27a868ed3dfdb7983880332e097e5de"
"obj.Kant.Uucp.Node","inductive","Kant.Uucp.Node","ASSERTED","Type","L0;","O0;","L0;","L0;","L0;","L0;","L0;","L0;","S4;Type","O7;13;source_systemS5;lean411;source_fileS29;RequestProject/Kant/Uucp.lean13;source_formatS4;text11;imported_atI+0;14;transformed_atI+361;15;transformationsL0;13;parent_objectS0;","bfdecabca86463fca72404a067aaeb8f542d96e346454e22b7163117324f8335"
"obj.Kant.Onboarding.Task.sayHello.sizeOf_spec","theorem","Kant.Onboarding.Task.sayHello.sizeOf_spec","PROVEN","Eq (Kant.Onboarding.Task._sizeOf_inst.sizeOf Kant.Onboarding.Task.sayHello) 1","L0;","O0;","L0;","L0;","L1;S47;claim.Kant.Onboarding.Task.sayHello.sizeOf_spec","L0;","L1;S47;proof.Kant.Onboarding.Task.sayHello.sizeOf_spec","L0;","S77;Eq (Kant.Onboarding.Task._sizeOf_inst.sizeOf Kant.Onboarding.Task.sayHello) 1","O7;13;source_systemS5;lean411;source_fileS35;RequestProject/Kant/Onboarding.lean13;source_formatS4;text11;imported_atI+0;14;transformed_atI+0;15;transformationsL0;13;parent_objectS0;","325663aced957bb56ccbb93bb440b9c24aa7fddae4fe9b0f4d74507d0779251c"
"obj.Kant.Dom.Event.assertedBy.elim","def","Kant.Dom.Event.assertedBy.elim","ASSERTED","{motive : Kant.Dom.Event → Sort u} →   (t : Kant.Dom.Event) →     Eq t.ctorIdx 3 → ((who : List Char) → motive (Kant.Dom.Event.assertedBy who)) → motive t","L0;","O0;","L0;","L0;","L0;","L0;","L0;","L0;","S154;{motive : Kant.Dom.Event → Sort u} →   (t : Kant.Dom.Event) →     Eq t.ctorIdx 3 → ((who : List Char) → motive (Kant.Dom.Event.assertedBy who)) → motive t","O7;13;source_systemS5;lean411;source_fileS38;RequestProject/Kant/Domain/Policy.lean13;source_formatS4;text11;imported_atI+0;14;transformed_atI+38;15;transformationsL0;13;parent_objectS0;","80cd03b02a662fc3b2cea3487ab71c8027f70bbdaf8d2eb948261ec6781b0b16"
"obj.Kant.Wasm.Kernel.eval_cantorPairE","theorem","Kant.Wasm.Kernel.eval_cantorPairE","PROVEN","∀ (a b : UInt64),   instLTNat.lt a.toNat (instHPow.hPow 2 31) →     instLTNat.lt b.toNat (instHPow.hPow 2 31) →       Eq         (Option.map UInt64.toNat           (Kant.Wasm.Expr.eval (List.cons a (List.cons b List.nil)) Kant.Wasm.Kernel.cantorPairE))         (Option.some (Nat.pair a.toNat b.toNat))","L1;S25;obj.Kant.Wasm.CmpOp.apply","O0;","L0;","L0;","L1;S39;claim.Kant.Wasm.Kernel.eval_cantorPairE","L0;","L1;S39;proof.Kant.Wasm.Kernel.eval_cantorPairE","L0;","S301;∀ (a b : UInt64),   instLTNat.lt a.toNat (instHPow.hPow 2 31) →     instLTNat.lt b.toNat (instHPow.hPow 2 31) →       Eq         (Option.map UInt64.toNat           (Kant.Wasm.Expr.eval (List.cons a (List.cons b List.nil)) Kant.Wasm.Kernel.cantorPairE))         (Option.some (Nat.pair a.toNat b.toNat))","O7;13;source_systemS5;lean411;source_fileS35;RequestProject/Wasm/KernelSpec.lean13;source_formatS4;text11;imported_atI+0;14;transformed_atI+135;15;transformationsL0;13;parent_objectS0;","c1308d13b4555117a46bdf4965fbab949839b6083b2564554da9269b0b22b162"
"obj.Kant.CardDebug.codeLine","def","Kant.CardDebug.codeLine","ASSERTED","List Char → List Char","L0;","O0;","L0;","L0;","L0;","L0;","L0;","L0;","S21;List Char → List Char","O7;13;source_systemS5;lean411;source_fileS34;RequestProject/Kant/CardDebug.lean13;source_formatS4;text11;imported_atI+0;14;transformed_atI+68;15;transformationsL0;13;parent_objectS0;","2068998194e40d9a0bfac2e4f4f4772de1ca8c29e924731c47c85ee462ffe4af"
"obj.Kant.Dasl.cidPayload","def","Kant.Dasl.cidPayload","ASSERTED","Nat → Nat","L0;","O0;","L0;","L0;","L0;","L0;","L0;","L0;","S9;Nat → Nat","O7;13;source_systemS5;lean411;source_fileS29;RequestProject/Kant/Dasl.lean13;source_formatS4;text11;imported_atI+0;14;transformed_atI+86;15;transformationsL0;13;parent_objectS0;","dc86969d9969734b1129511e60dee678a128327d9ec105517de35c8e5040820e"
"obj.Kant.Codec.Verdict.different.sizeOf_spec","theorem","Kant.Codec.Verdict.different.sizeOf_spec","PROVEN","Eq (Kant.Codec.Verdict._sizeOf_inst.sizeOf Kant.Codec.Verdict.different) 1","L0;","O0;","L0;","L0;","L1;S46;claim.Kant.Codec.Verdict.different.sizeOf_spec","L0;","L1;S46;proof.Kant.Codec.Verdict.different.sizeOf_spec","L0;","S74;Eq (Kant.Codec.Verdict._sizeOf_inst.sizeOf Kant.Codec.Verdict.different) 1","O7;13;source_systemS5;lean411;source_fileS40;RequestProject/Kant/Codec/Reconcile.lean13;source_formatS4;text11;imported_atI+0;14;transformed_atI+0;15;transformationsL0;13;parent_objectS0;","2cd5c5bee07d66fb47b53e51cfe6c1787710b078f9ae99819d1a7c60a2600bfe"
"obj.Kant.ShareLog.chatParts","def","Kant.ShareLog.chatParts","ASSERTED","Nat → Kant.Diagnostics.Report → List (List Char)","L0;","O0;","L0;","L0;","L0;","L0;","L0;","L0;","S48;Nat → Kant.Diagnostics.Report → List (List Char)","O7;13;source_systemS5;lean411;source_fileS33;RequestProject/Kant/ShareLog.lean13;source_formatS4;text11;imported_atI+0;14;transformed_atI+222;15;transformationsL0;13;parent_objectS0;","73e5a029e2f6aa87a3f8de7515953f3419824a099019fdad3c66d09ee62b69ba"
"obj.Kant.Codec.xFields.eq_def","theorem","Kant.Codec.xFields.eq_def","PROVEN","∀ (x : Nat) (x_1 : List Char),   Eq (Kant.Codec.xFields x x_1)     (Kant.Codec.xVal.match_3       (fun x x_2 => Option (Prod (List (Prod (List Char) Kant.Codec.Val)) (List Char))) x x_1       (fun x => Option.none) fun fuel s =>       Kant.Codec.xVal.match_1         (fun x => Option (Prod (List (Prod (List Char) Kant.Codec.Val)) (List Char)))         (Kant.Codec.stripPrefix Kant.Codec.xObjClose s)         (fun r => Option.some { fst := List.nil, snd := r }) fun _ =>         Kant.Codec.xVal.match_1           (fun x => Option (Prod (List (Prod (List Char) Kant.Codec.Val)) (List Char)))           (Kant.Codec.stripPrefix Kant.Codec.xEntryOpen s)           (fun r0 =>             Kant.Codec.xFields.match_1               (fun x => Option (Prod (List (Prod (List Char) Kant.Codec.Val)) (List Char)))               (Kant.Codec.readXAttr r0)               (fun k r1 =>                 Kant.Codec.xVal.match_1                   (fun x => Option (Prod (List (Prod (List Char) Kant.Codec.Val)) (List Char)))                   (Kant.Codec.stripPrefix Kant.Codec.xEntryMid r1)                   (fun r2 =>                     Kant.Codec.xList.match_1                       (fun x => Option (Prod (List (Prod (List Char) Kant.Codec.Val)) (List Char)))                       (Kant.Codec.xVal fuel r2)                       (fun v r3 =>                         Kant.Codec.xVal.match_1                           (fun x =>                             Option (Prod (List (Prod (List Char) Kant.Codec.Val)) (List Char)))                           (Kant.Codec.stripPrefix Kant.Codec.xEntryClose r3)                           (fun r4 =>                             Option.map                               (fun p =>                                 { fst := List.cons { fst := k, snd := v } p.fst, snd := p.snd })                               (Kant.Codec.xFields fuel r4))                           fun _ => Option.none)                       fun _ => Option.none)                   fun _ => Option.none)               fun _ => Option.none)           fun _ => Option.none)","L1;S26;obj.Kant.Codec.xEntryClose","O0;","L0;","L0;","L1;S31;claim.Kant.Codec.xFields.eq_def","L0;","L1;S31;proof.Kant.Codec.xFields.eq_def","L0;","S2058;∀ (x : Nat) (x_1 : List Char),   Eq (Kant.Codec.xFields x x_1)     (Kant.Codec.xVal.match_3       (fun x x_2 => Option (Prod (List (Prod (List Char) Kant.Codec.Val)) (List Char))) x x_1       (fun x => Option.none) fun fuel s =>       Kant.Codec.xVal.match_1         (fun x => Option (Prod (List (Prod (List Char) Kant.Codec.Val)) (List Char)))         (Kant.Codec.stripPrefix Kant.Codec.xObjClose s)         (fun r => Option.some { fst := List.nil, snd := r }) fun _ =>         Kant.Codec.xVal.match_1           (fun x => Option (Prod (List (Prod (List Char) Kant.Codec.Val)) (List Char)))           (Kant.Codec.stripPrefix Kant.Codec.xEntryOpen s)           (fun r0 =>             Kant.Codec.xFields.match_1               (fun x => Option (Prod (List (Prod (List Char) Kant.Codec.Val)) (List Char)))               (Kant.Codec.readXAttr r0)               (fun k r1 =>                 Kant.Codec.xVal.match_1                   (fun x => Option (Prod (List (Prod (List Char) Kant.Codec.Val)) (List Char)))                   (Kant.Codec.stripPrefix Kant.Codec.xEntryMid r1)                   (fun r2 =>                     Kant.Codec.xList.match_1                       (fun x => Option (Prod (List (Prod (List Char) Kant.Codec.Val)) (List Char)))                       (Kant.Codec.xVal fuel r2)                       (fun v r3 =>                         Kant.Codec.xVal.match_1                           (fun x =>                             Option (Prod (List (Prod (List Char) Kant.Codec.Val)) (List Char)))                           (Kant.Codec.stripPrefix Kant.Codec.xEntryClose r3)                           (fun r4 =>                             Option.map                               (fun p =>                                 { fst := List.cons { fst := k, snd := v } p.fst, snd := p.snd })                               (Kant.Codec.xFields fuel r4))                           fun _ => Option.none)                       fun _ => Option.none)                   fun _ => Option.none)               fun _ => Option.none)           fun _ => Option.none)","O7;13;source_systemS5;lean411;source_fileS34;RequestProject/Kant/Codec/Xml.lean13;source_formatS4;text11;imported_atI+0;14;transformed_atI+0;15;transformationsL0;13;parent_objectS0;","b91d2d59e786c95b75182f64e06cc3f002f5e4ebec7d20897f521050070317fe"
"obj.Kant.Sheaf.eigenSpace_primes_partition","theorem","Kant.Sheaf.eigenSpace_primes_partition","PROVEN","And   (Eq     (instHAppendOfAppend.hAppend         (instHAppendOfAppend.hAppend Kant.Sheaf.EigenSpace.earth.primes           Kant.Sheaf.EigenSpace.spoke.primes)         Kant.Sheaf.EigenSpace.hub.primes).length     Kant.Dasl.monsterPrimes.length)   (∀ (p : Nat),     List.instMembership.mem Kant.Dasl.monsterPrimes p →       List.instMembership.mem         (instHAppendOfAppend.hAppend           (instHAppendOfAppend.hAppend Kant.Sheaf.EigenSpace.earth.primes             Kant.Sheaf.EigenSpace.spoke.primes)           Kant.Sheaf.EigenSpace.hub.primes)         p)","L0;","O0;","L0;","L0;","L1;S44;claim.Kant.Sheaf.eigenSpace_primes_partition","L0;","L1;S44;proof.Kant.Sheaf.eigenSpace_primes_partition","L0;","S561;And   (Eq     (instHAppendOfAppend.hAppend         (instHAppendOfAppend.hAppend Kant.Sheaf.EigenSpace.earth.primes           Kant.Sheaf.EigenSpace.spoke.primes)         Kant.Sheaf.EigenSpace.hub.primes).length     Kant.Dasl.monsterPrimes.length)   (∀ (p : Nat),     List.instMembership.mem Kant.Dasl.monsterPrimes p →       List.instMembership.mem         (instHAppendOfAppend.hAppend           (instHAppendOfAppend.hAppend Kant.Sheaf.EigenSpace.earth.primes             Kant.Sheaf.EigenSpace.spoke.primes)           Kant.Sheaf.EigenSpace.hub.primes)         p)","O7;13;source_systemS5;lean411;source_fileS30;RequestProject/Kant/Sheaf.lean13;source_formatS4;text11;imported_atI+0;14;transformed_atI+76;15;transformationsL0;13;parent_objectS0;","95f1dcb448f43cb4e6101887955aed5fd8b16db0455edad24608f39c2465468d"
"obj.Kant.Dom.ProofRec.assumptions","def","Kant.Dom.ProofRec.assumptions","ASSERTED","Kant.Dom.ProofRec → List Kant.Dom.Id","L0;","O0;","L0;","L0;","L0;","L0;","L0;","L0;","S36;Kant.Dom.ProofRec → List Kant.Dom.Id","O7;13;source_systemS5;lean411;source_fileS37;RequestProject/Kant/Domain/Model.lean13;source_formatS4;text11;imported_atI+0;14;transformed_atI+371;15;transformationsL0;13;parent_objectS0;","0a3dd46fd7e30560244c386191bd799b8d4125906f5b670ef085965c68b10579"
"obj.Kant.SiteCard.num","def","Kant.SiteCard.num","ASSERTED","Nat → List Char","L0;","O0;","L0;","L0;","L0;","L0;","L0;","L0;","S15;Nat → List Char","O7;13;source_systemS5;lean411;source_fileS33;RequestProject/Kant/SiteCard.lean13;source_formatS4;text11;imported_atI+0;14;transformed_atI+491;15;transformationsL0;13;parent_objectS0;","7a1d7ff0553d424c60ad245d75dc82a7ad87df7e8d3fe75ad25d34591389cc25"
"obj.Kant.Clipboard.copyReceipt","def","Kant.Clipboard.copyReceipt","ASSERTED","Kant.Clipboard.Receipt → List Char","L0;","O0;","L0;","L0;","L0;","L0;","L0;","L0;","S34;Kant.Clipboard.Receipt → List Char","O7;13;source_systemS5;lean411;source_fileS34;RequestProject/Kant/Clipboard.lean13;source_formatS4;text11;imported_atI+0;14;transformed_atI+312;15;transformationsL0;13;parent_objectS0;","5f51fb4a624b6c42692b304f9031ee3de2b0fc10b7601254fe7163b556aaf78f"
"obj.Kant.CardDebug.userPageLink_classify","theorem","Kant.CardDebug.userPageLink_classify","PROVEN","Eq (Kant.CardDebug.classify Kant.CardDebug.userPageLink)   (Kant.CardDebug.Code.page     ""ff810f291f187b808a0183f83c0466874573ef5c4c6d7d9ed430c6f7d710f605"".toList)","L0;","O0;","L0;","L0;","L1;S42;claim.Kant.CardDebug.userPageLink_classify","L0;","L1;S42;proof.Kant.CardDebug.userPageLink_classify","L0;","S163;Eq (Kant.CardDebug.classify Kant.CardDebug.userPageLink)   (Kant.CardDebug.Code.page     ""ff810f291f187b808a0183f83c0466874573ef5c4c6d7d9ed430c6f7d710f605"".toList)","O7;13;source_systemS5;lean411;source_fileS34;RequestProject/Kant/CardDebug.lean13;source_formatS4;text11;imported_atI+0;14;transformed_atI+415;15;transformationsL0;13;parent_objectS0;","81e09c4d72e37e9719b80d3bf2a20694f548743f5982a51df0ebf3716c749d9a"
"obj.Kant.Dom.proofsHeader","def","Kant.Dom.proofsHeader","ASSERTED","List (List Char)","L0;","O0;","L0;","L0;","L0;","L0;","L0;","L0;","S16;List (List Char)","O7;13;source_systemS5;lean411;source_fileS37;RequestProject/Kant/Domain/Table.lean13;source_formatS4;text11;imported_atI+0;14;transformed_atI+354;15;transformationsL0;13;parent_objectS0;","ab8430d0f02791f36fba3832917aeb2054da423b8f632cd9ca2d954755fb7506"
"obj.Kant.Codec.readRowVal.eq_def","theorem","Kant.Codec.readRowVal.eq_def","PROVEN","∀ (x : Nat) (x_1 : List Kant.Codec.Row),   Eq (Kant.Codec.readRowVal x x_1)     (Kant.Codec.readRowVal.match_3 (fun x x_2 => Option (Prod Kant.Codec.Val (List Kant.Codec.Row)))       x x_1 (fun x => Option.none) (fun n => Option.none) fun fuel r rs =>       ite (Eq r.valueType ""null"".toList) (Option.some { fst := Kant.Codec.Val.null, snd := rs })         (ite (Eq r.valueType ""bool"".toList)           (Option.some             { fst := Kant.Codec.Val.bool (Decidable.decide (Eq r.value ""true"".toList)), snd := rs })           (ite (Eq r.valueType ""integer"".toList)             (Option.map (fun n => { fst := Kant.Codec.Val.int n, snd := rs })               (Kant.Codec.parseIntAll r.value))             (ite (Eq r.valueType ""string"".toList)               (Option.some { fst := Kant.Codec.Val.str r.value, snd := rs })               (ite (Eq r.valueType ""count"".toList)                 (Kant.Codec.readRowVal.match_1                   (fun x => Option (Prod Kant.Codec.Val (List Kant.Codec.Row)))                   (Kant.Codec.parseNatAll r.value)                   (fun n =>                     ite (Eq r.objectType ""list"".toList)                       (Option.map (fun p => { fst := Kant.Codec.Val.list p.fst, snd := p.snd })                         (Kant.Codec.readRowList fuel n rs))                       (ite (Eq r.objectType ""object"".toList)                         (Option.map (fun p => { fst := Kant.Codec.Val.obj p.fst, snd := p.snd })                           (Kant.Codec.readRowFields fuel n rs))                         Option.none))                   fun _ => Option.none)                 Option.none)))))","L0;","O0;","L0;","L0;","L1;S34;claim.Kant.Codec.readRowVal.eq_def","L0;","L1;S34;proof.Kant.Codec.readRowVal.eq_def","L0;","S1620;∀ (x : Nat) (x_1 : List Kant.Codec.Row),   Eq (Kant.Codec.readRowVal x x_1)     (Kant.Codec.readRowVal.match_3 (fun x x_2 => Option (Prod Kant.Codec.Val (List Kant.Codec.Row)))       x x_1 (fun x => Option.none) (fun n => Option.none) fun fuel r rs =>       ite (Eq r.valueType ""null"".toList) (Option.some { fst := Kant.Codec.Val.null, snd := rs })         (ite (Eq r.valueType ""bool"".toList)           (Option.some             { fst := Kant.Codec.Val.bool (Decidable.decide (Eq r.value ""true"".toList)), snd := rs })           (ite (Eq r.valueType ""integer"".toList)             (Option.map (fun n => { fst := Kant.Codec.Val.int n, snd := rs })               (Kant.Codec.parseIntAll r.value))             (ite (Eq r.valueType ""string"".toList)               (Option.some { fst := Kant.Codec.Val.str r.value, snd := rs })               (ite (Eq r.valueType ""count"".toList)                 (Kant.Codec.readRowVal.match_1                   (fun x => Option (Prod Kant.Codec.Val (List Kant.Codec.Row)))                   (Kant.Codec.parseNatAll r.value)                   (fun n =>                     ite (Eq r.objectType ""list"".toList)                       (Option.map (fun p => { fst := Kant.Codec.Val.list p.fst, snd := p.snd })                         (Kant.Codec.readRowList fuel n rs))                       (ite (Eq r.objectType ""object"".toList)                         (Option.map (fun p => { fst := Kant.Codec.Val.obj p.fst, snd := p.snd })                           (Kant.Codec.readRowFields fuel n rs))                         Option.none))                   fun _ => Option.none)                 Option.none)))))","O7;13;source_systemS5;lean411;source_fileS34;RequestProject/Kant/Codec/Csv.lean13;source_formatS4;text11;imported_atI+0;14;transformed_atI+0;15;transformationsL0;13;parent_objectS0;","e093b5caa2da3a13f8079484197fdae8ec69fa6ffa9e7b41af1bc329500b2896"
"obj.Kant.Uucp.Site.get_put_self","theorem","Kant.Uucp.Site.get_put_self","PROVEN","∀ (s : Kant.Uucp.Site) (path body : List Char), Eq ((s.put path body).get path) (Option.some body)","L1;S22;obj.Kant.Uucp.Site.put","O0;","L0;","L0;","L1;S33;claim.Kant.Uucp.Site.get_put_self","L0;","L1;S33;proof.Kant.Uucp.Site.get_put_self","L0;","S98;∀ (s : Kant.Uucp.Site) (path body : List Char), Eq ((s.put path body).get path) (Option.some body)","O7;13;source_systemS5;lean411;source_fileS29;RequestProject/Kant/Uucp.lean13;source_formatS4;text11;imported_atI+0;14;transformed_atI+737;15;transformationsL0;13;parent_objectS0;","379fb7889accb7fbe9535f3d54a9b3d8ff062071eb144269d7481be370e8e716"
"obj.Kant.Cli.Client","inductive","Kant.Cli.Client","ASSERTED","Type","L0;","O0;","L0;","L0;","L0;","L0;","L0;","L0;","S4;Type","O7;13;source_systemS5;lean411;source_fileS28;RequestProject/Kant/Cli.lean13;source_formatS4;text11;imported_atI+0;14;transformed_atI+313;15;transformationsL0;13;parent_objectS0;","d417e35f7d6c272f4d9af8db405f87ac439d37579aff25752ae3e50570db3872"
"obj.Kant.Sync.Source.localDisk.sizeOf_spec","theorem","Kant.Sync.Source.localDisk.sizeOf_spec","PROVEN","Eq (Kant.Sync.Source._sizeOf_inst.sizeOf Kant.Sync.Source.localDisk) 1","L0;","O0;","L0;","L0;","L1;S44;claim.Kant.Sync.Source.localDisk.sizeOf_spec","L0;","L1;S44;proof.Kant.Sync.Source.localDisk.sizeOf_spec","L0;","S70;Eq (Kant.Sync.Source._sizeOf_inst.sizeOf Kant.Sync.Source.localDisk) 1","O7;13;source_systemS5;lean411;source_fileS29;RequestProject/Kant/Sync.lean13;source_formatS4;text11;imported_atI+0;14;transformed_atI+0;15;transformationsL0;13;parent_objectS0;","a19e084e646028dd2b59cfd3281dacea2c7bb9fd24f31277c979093dceac1a84"
"obj.Kant.Codec.ImportReport.recOn","def","Kant.Codec.ImportReport.recOn","ASSERTED","{motive : Kant.Codec.ImportReport → Sort u} →   (t : Kant.Codec.ImportReport) →     ((format : Kant.Codec.Fmt) →         (original : List Char) →           (object : Kant.Codec.Obj) →             (hash : List Char) →               (errors : List Kant.Codec.Err) →                 motive                   { format := format, original := original, object := object, hash := hash,                     errors := errors }) →       motive t","L0;","O0;","L0;","L0;","L0;","L0;","L0;","L0;","S435;{motive : Kant.Codec.ImportReport → Sort u} →   (t : Kant.Codec.ImportReport) →     ((format : Kant.Codec.Fmt) →         (original : List Char) →           (object : Kant.Codec.Obj) →             (hash : List Char) →               (errors : List Kant.Codec.Err) →                 motive                   { format := format, original := original, object := object, hash := hash,                     errors := errors }) →       motive t","O7;13;source_systemS5;lean411;source_fileS39;RequestProject/Kant/Codec/Exchange.lean13;source_formatS4;text11;imported_atI+0;14;transformed_atI+185;15;transformationsL0;13;parent_objectS0;","aefd9d55f4a60737cc3c47f7f5d94d1cb4d9ab30fb7b2455bc3907ff97b633aa"
"obj.Kant.Codec.Obj.recOn","def","Kant.Codec.Obj.recOn","ASSERTED","{motive : Kant.Codec.Obj → Sort u} →   (t : Kant.Codec.Obj) →     ((id version kind : List Char) →         (inputs : List Kant.Codec.Inp) →           (assumptions : List Kant.Codec.Val) →             (parameters : List (Prod (List Char) Kant.Codec.Val)) →               (procedure : List Char) →                 (intermediate : List Kant.Codec.Val) →                   (outputs : List Kant.Codec.Outp) →                     (claims certificates : List Kant.Codec.Val) →                       (errors warnings : List Kant.Codec.Err) →                         (provenance : Option Kant.Codec.Prov) →                           (metadata : List (Prod (List Char) Kant.Codec.Val)) →                             (sourceFormat : Kant.Codec.Fmt) →                               (sourceData : List Char) →                                 (status : Kant.Codec.Status) →                                   (extensions : List (Prod (List Char) Kant.Codec.Val)) →                                     motive                                       { id := id, version := version, kind := kind,                                         inputs := inputs, assumptions := assumptions,                                         parameters := parameters, procedure := procedure,                                         intermediate := intermediate, outputs := outputs,                                         claims := claims, certificates := certificates,                                         errors := errors, warnings := warnings,                                         provenance := provenance, metadata := metadata,                                         sourceFormat := sourceFormat, sourceData := sourceData,                                         status := status, extensions := extensions }) →       motive t","L0;","O0;","L0;","L0;","L0;","L0;","L0;","L0;","S1797;{motive : Kant.Codec.Obj → Sort u} →   (t : Kant.Codec.Obj) →     ((id version kind : List Char) →         (inputs : List Kant.Codec.Inp) →           (assumptions : List Kant.Codec.Val) →             (parameters : List (Prod (List Char) Kant.Codec.Val)) →               (procedure : List Char) →                 (intermediate : List Kant.Codec.Val) →                   (outputs : List Kant.Codec.Outp) →                     (claims certificates : List Kant.Codec.Val) →                       (errors warnings : List Kant.Codec.Err) →                         (provenance : Option Kant.Codec.Prov) →                           (metadata : List (Prod (List Char) Kant.Codec.Val)) →                             (sourceFormat : Kant.Codec.Fmt) →                               (sourceData : List Char) →                                 (status : Kant.Codec.Status) →                                   (extensions : List (Prod (List Char) Kant.Codec.Val)) →                                     motive                                       { id := id, version := version, kind := kind,                                         inputs := inputs, assumptions := assumptions,                                         parameters := parameters, procedure := procedure,                                         intermediate := intermediate, outputs := outputs,                                         claims := claims, certificates := certificates,                                         errors := errors, warnings := warnings,                                         provenance := provenance, metadata := metadata,                                         sourceFormat := sourceFormat, sourceData := sourceData,                                         status := status, extensions := extensions }) →       motive t","O7;13;source_systemS5;lean411;source_fileS36;RequestProject/Kant/Codec/Model.lean13;source_formatS4;text11;imported_atI+0;14;transformed_atI+449;15;transformationsL0;13;parent_objectS0;","afb68e65613739ac53fcee53f526eadf9e1f1fb29d4052e2ced1138880073995"
"obj.Kant.ShareLog.postLog_idem","theorem","Kant.ShareLog.postLog_idem","PROVEN","∀ (st : Kant.Store) (id ts : List Char) (r : Kant.Diagnostics.Report),   Eq (Kant.ShareLog.postLog (Kant.ShareLog.postLog st id ts r) id ts r)     (Kant.ShareLog.postLog st id ts r)","L0;","O0;","L0;","L0;","L1;S32;claim.Kant.ShareLog.postLog_idem","L0;","L1;S32;proof.Kant.ShareLog.postLog_idem","L0;","S181;∀ (st : Kant.Store) (id ts : List Char) (r : Kant.Diagnostics.Report),   Eq (Kant.ShareLog.postLog (Kant.ShareLog.postLog st id ts r) id ts r)     (Kant.ShareLog.postLog st id ts r)","O7;13;source_systemS5;lean411;source_fileS33;RequestProject/Kant/ShareLog.lean13;source_formatS4;text11;imported_atI+0;14;transformed_atI+158;15;transformationsL0;13;parent_objectS0;","95cc42bdcc2c65e016c0c97212a0b3032e518215560db43e046b2a0dec03c171"
"obj.Kant.Rendezvous.meet_preserves","theorem","Kant.Rendezvous.meet_preserves","PROVEN","∀ {r : Kant.Rendezvous.Roster} {x : Kant.Rendezvous.Announce} (i : Kant.Rendezvous.Invite),   List.instMembership.mem r x → List.instMembership.mem (Kant.Rendezvous.meet r i).snd x","L0;","O0;","L0;","L0;","L1;S36;claim.Kant.Rendezvous.meet_preserves","L0;","L1;S36;proof.Kant.Rendezvous.meet_preserves","L0;","S180;∀ {r : Kant.Rendezvous.Roster} {x : Kant.Rendezvous.Announce} (i : Kant.Rendezvous.Invite),   List.instMembership.mem r x → List.instMembership.mem (Kant.Rendezvous.meet r i).snd x","O7;13;source_systemS5;lean411;source_fileS35;RequestProject/Kant/Rendezvous.lean13;source_formatS4;text11;imported_atI+0;14;transformed_atI+583;15;transformationsL0;13;parent_objectS0;","e2d9712b7e565571a3f43bdea5ead7264585ad284a4d18f3ade8f227e75e5918"
"obj.Kant.Feed.thread","def","Kant.Feed.thread","ASSERTED","Kant.Paste → List Kant.Paste → List Kant.Paste","L0;","O0;","L0;","L0;","L0;","L0;","L0;","L0;","S46;Kant.Paste → List Kant.Paste → List Kant.Paste","O7;13;source_systemS5;lean411;source_fileS29;RequestProject/Kant/Feed.lean13;source_formatS4;text11;imported_atI+0;14;transformed_atI+237;15;transformationsL0;13;parent_objectS0;","f2fb7d4626a0c3e828749e8c9a87819b51394be9e0890c4ee6ed267c4998da81"
"obj.Kant.Dom.instInhabitedRepair.default","def","Kant.Dom.instInhabitedRepair.default","ASSERTED","Kant.Dom.Repair","L0;","O0;","L0;","L0;","L0;","L0;","L0;","L0;","S15;Kant.Dom.Repair","O7;13;source_systemS5;lean411;source_fileS38;RequestProject/Kant/Domain/Policy.lean13;source_formatS4;text11;imported_atI+0;14;transformed_atI+204;15;transformationsL0;13;parent_objectS0;","6b901aa3de4e520372b54a5cc7319c0047aabb829decc7890b12b2764c202d86"
"obj.Kant.Sync.Feed.blocks","def","Kant.Sync.Feed.blocks","ASSERTED","Kant.Sync.Feed → List Kant.Paste","L0;","O0;","L0;","L0;","L0;","L0;","L0;","L0;","S32;Kant.Sync.Feed → List Kant.Paste","O7;13;source_systemS5;lean411;source_fileS29;RequestProject/Kant/Sync.lean13;source_formatS4;text11;imported_atI+0;14;transformed_atI+44;15;transformationsL0;13;parent_objectS0;","a32c141b3ad13b9282e8c8f95cdf9665f3475f360dba706465bc1539909cc047"
"obj.Kant.Wasm.Decode.toRaw.eq_4","theorem","Kant.Wasm.Decode.toRaw.eq_4","PROVEN","∀ (op : Kant.Wasm.CmpOp),   Eq (Kant.Wasm.Decode.toRaw (Kant.Wasm.Instr.cmpop op)) (Kant.Wasm.Decode.RawInstr.cmpop op)","L0;","O0;","L0;","L0;","L1;S33;claim.Kant.Wasm.Decode.toRaw.eq_4","L0;","L1;S33;proof.Kant.Wasm.Decode.toRaw.eq_4","L0;","S119;∀ (op : Kant.Wasm.CmpOp),   Eq (Kant.Wasm.Decode.toRaw (Kant.Wasm.Instr.cmpop op)) (Kant.Wasm.Decode.RawInstr.cmpop op)","O7;13;source_systemS5;lean411;source_fileS31;RequestProject/Wasm/Decode.lean13;source_formatS4;text11;imported_atI+0;14;transformed_atI+0;15;transformationsL0;13;parent_objectS0;","143c5222c995639da683d4025ade66d2ac309bd15ca7a0b70868b3bc6b3913bc"
"obj.Kant.Clipboard.parseShareUrl","def","Kant.Clipboard.parseShareUrl","ASSERTED","List Char → Option Kant.Clipboard.Envelope","L1;S34;obj.Kant.Clipboard.Envelope.decode","O0;","L0;","L0;","L0;","L0;","L0;","L0;","S42;List Char → Option Kant.Clipboard.Envelope","O7;13;source_systemS5;lean411;source_fileS34;RequestProject/Kant/Clipboard.lean13;source_formatS4;text11;imported_atI+0;14;transformed_atI+355;15;transformationsL0;13;parent_objectS0;","e4561fcd9b67e3faae5ec21165b697f546f0a65635337c2c5569648cf88b34c7"
"obj.Kant.Clipboard.toPastes","def","Kant.Clipboard.toPastes","ASSERTED","Kant.Clipboard.Envelope → Option (List Kant.Paste)","L1;S31;obj.Kant.Clipboard.Envelope.tag","O0;","L0;","L0;","L0;","L0;","L0;","L0;","S50;Kant.Clipboard.Envelope → Option (List Kant.Paste)","O7;13;source_systemS5;lean411;source_fileS34;RequestProject/Kant/Clipboard.lean13;source_formatS4;text11;imported_atI+0;14;transformed_atI+250;15;transformationsL0;13;parent_objectS0;","f36175c2930ca00accba186badead105d47a59424815a84cafd389c3eeed7577"
"obj.Kant.Dom.LedgerRow.proofId","def","Kant.Dom.LedgerRow.proofId","ASSERTED","Kant.Dom.LedgerRow → Kant.Dom.Id","L0;","O0;","L0;","L0;","L0;","L0;","L0;","L0;","S32;Kant.Dom.LedgerRow → Kant.Dom.Id","O7;13;source_systemS5;lean411;source_fileS38;RequestProject/Kant/Domain/Ledger.lean13;source_formatS4;text11;imported_atI+0;14;transformed_atI+139;15;transformationsL0;13;parent_objectS0;","8294314f414e3d710ffe3bcc97a26b3e1223af1928fac4839b1443094c546160"
"obj.Kant.Wasm.Instr.i64const.noConfusion","def","Kant.Wasm.Instr.i64const.noConfusion","ASSERTED","{P : Sort u} →   {n n' : Nat} → Eq (Kant.Wasm.Instr.i64const n) (Kant.Wasm.Instr.i64const n') → (Eq n n' → P) → P","L0;","O0;","L0;","L0;","L0;","L0;","L0;","L0;","S113;{P : Sort u} →   {n n' : Nat} → Eq (Kant.Wasm.Instr.i64const n) (Kant.Wasm.Instr.i64const n') → (Eq n n' → P) → P","O7;13;source_systemS5;lean411;source_fileS31;RequestProject/Wasm/Syntax.lean13;source_formatS4;text11;imported_atI+0;14;transformed_atI+37;15;transformationsL0;13;parent_objectS0;","0e8f162e8060738c4965615beab8e10fbbc76bff3e8ca7b24a1f7b3963337f15"
"obj.Kant.Diagnostics.parseEvents.match_1","def","Kant.Diagnostics.parseEvents.match_1","ASSERTED","(motive : Option Kant.Diagnostics.Event → Option (List Kant.Diagnostics.Event) → Sort u_1) →   (x : Option Kant.Diagnostics.Event) →     (x_1 : Option (List Kant.Diagnostics.Event)) →       ((e : Kant.Diagnostics.Event) →           (es : List Kant.Diagnostics.Event) → motive (Option.some e) (Option.some es)) →         ((x : Option Kant.Diagnostics.Event) →             (x_2 : Option (List Kant.Diagnostics.Event)) → motive x x_2) →           motive x x_1","L1;S26;obj.Kant.Diagnostics.Event","O0;","L0;","L0;","L0;","L0;","L0;","L0;","S456;(motive : Option Kant.Diagnostics.Event → Option (List Kant.Diagnostics.Event) → Sort u_1) →   (x : Option Kant.Diagnostics.Event) →     (x_1 : Option (List Kant.Diagnostics.Event)) →       ((e : Kant.Diagnostics.Event) →           (es : List Kant.Diagnostics.Event) → motive (Option.some e) (Option.some es)) →         ((x : Option Kant.Diagnostics.Event) →             (x_2 : Option (List Kant.Diagnostics.Event)) → motive x x_2) →           motive x x_1","O7;13;source_systemS5;lean411;source_fileS36;RequestProject/Kant/Diagnostics.lean13;source_formatS4;text11;imported_atI+0;14;transformed_atI+0;15;transformationsL0;13;parent_objectS0;","cd539610383636bec1812fef172de3d154a22d230c7e1530b85c4785ffe30003"
"obj.Kant.Sync.Source.noConfusionType","def","Kant.Sync.Source.noConfusionType","ASSERTED","Sort v✝ → Kant.Sync.Source → Kant.Sync.Source → Sort v✝","L0;","O0;","L0;","L0;","L0;","L0;","L0;","L0;","S55;Sort v✝ → Kant.Sync.Source → Kant.Sync.Source → Sort v✝","O7;13;source_systemS5;lean411;source_fileS29;RequestProject/Kant/Sync.lean13;source_formatS4;text11;imported_atI+0;14;transformed_atI+0;15;transformationsL0;13;parent_objectS0;","a692943efa02b6d2dbbbcda4fa29704d9f26d1886d1e55ec9e424bb5426484e7"
"obj.Kant.Paste.casesOn","def","Kant.Paste.casesOn","ASSERTED","{motive : Kant.Paste → Sort u} →   (t : Kant.Paste) →     ((id title : List Char) →         (content : Kant.Bytes.Blob) →           (timestamp : List Char) →             (replyTo : Option (List Char)) →               motive                 { id := id, title := title, content := content, timestamp := timestamp,                   replyTo := replyTo }) →       motive t","L0;","O0;","L0;","L0;","L0;","L0;","L0;","L0;","S368;{motive : Kant.Paste → Sort u} →   (t : Kant.Paste) →     ((id title : List Char) →         (content : Kant.Bytes.Blob) →           (timestamp : List Char) →             (replyTo : Option (List Char)) →               motive                 { id := id, title := title, content := content, timestamp := timestamp,                   replyTo := replyTo }) →       motive t","O7;13;source_systemS5;lean411;source_fileS30;RequestProject/Kant/Paste.lean13;source_formatS4;text11;imported_atI+0;14;transformed_atI+35;15;transformationsL0;13;parent_objectS0;","ad55d516bc3fa4d7cb8fd339b7aab0e4176c93cd3bd7478d51ad73004c65229a"
"obj.Kant.Cli.Loaded.noConfusion","def","Kant.Cli.Loaded.noConfusion","ASSERTED","{P : Sort u} → {t t' : Kant.Cli.Loaded} → Eq t t' → Kant.Cli.Loaded.noConfusionType P t t'","L0;","O0;","L0;","L0;","L0;","L0;","L0;","L0;","S90;{P : Sort u} → {t t' : Kant.Cli.Loaded} → Eq t t' → Kant.Cli.Loaded.noConfusionType P t t'","O7;13;source_systemS5;lean411;source_fileS28;RequestProject/Kant/Cli.lean13;source_formatS4;text11;imported_atI+0;14;transformed_atI+548;15;transformationsL0;13;parent_objectS0;","920369994a2e07bc34654a9c34a3f917686054fd3036fb32225447b56b8da93d"
"obj.Kant.Sync.instReprSource.repr","def","Kant.Sync.instReprSource.repr","ASSERTED","Kant.Sync.Source → Nat → Std.Format","L0;","O0;","L0;","L0;","L0;","L0;","L0;","L0;","S35;Kant.Sync.Source → Nat → Std.Format","O7;13;source_systemS5;lean411;source_fileS29;RequestProject/Kant/Sync.lean13;source_formatS4;text11;imported_atI+0;14;transformed_atI+39;15;transformationsL0;13;parent_objectS0;","54fe1f41f51517e590887e174b354342c6aeeb93f1d2cacf036277dff5f02c4c"
"obj.Kant.Dasl.mergeCids_comm","theorem","Kant.Dasl.mergeCids_comm","PROVEN","∀ (c₁ c₂ : Nat), Eq (Kant.Dasl.mergeCids c₁ c₂) (Kant.Dasl.mergeCids c₂ c₁)","L0;","O0;","L0;","L0;","L1;S30;claim.Kant.Dasl.mergeCids_comm","L0;","L1;S30;proof.Kant.Dasl.mergeCids_comm","L0;","S75;∀ (c₁ c₂ : Nat), Eq (Kant.Dasl.mergeCids c₁ c₂) (Kant.Dasl.mergeCids c₂ c₁)","O7;13;source_systemS5;lean411;source_fileS29;RequestProject/Kant/Dasl.lean13;source_formatS4;text11;imported_atI+0;14;transformed_atI+350;15;transformationsL0;13;parent_objectS0;","03e7effff15bd2fb61a7ef1c53936c5853b094a3a82d6bf9cb41b1c4742c7706"
"obj.Kant.Wasm.Decode.exportDec_export","theorem","Kant.Wasm.Decode.exportDec_export","PROVEN","∀ (s : String) (i : Nat) (rest : Kant.Wasm.Decode.Bytes),   Eq     (Kant.Wasm.Decode.exportDec       (instHAppendOfAppend.hAppend         (instHAppendOfAppend.hAppend (Kant.Wasm.Encode.name s)           (List.cons 0 (Kant.Wasm.Leb128.uleb i)))         rest))     (Option.some { fst := { fst := s.toUTF8.toList, snd := i }, snd := rest })","L1;S34;obj.Kant.Wasm.Decode.bytesN_append","O0;","L0;","L0;","L1;S39;claim.Kant.Wasm.Decode.exportDec_export","L0;","L1;S39;proof.Kant.Wasm.Decode.exportDec_export","L0;","S337;∀ (s : String) (i : Nat) (rest : Kant.Wasm.Decode.Bytes),   Eq     (Kant.Wasm.Decode.exportDec       (instHAppendOfAppend.hAppend         (instHAppendOfAppend.hAppend (Kant.Wasm.Encode.name s)           (List.cons 0 (Kant.Wasm.Leb128.uleb i)))         rest))     (Option.some { fst := { fst := s.toUTF8.toList, snd := i }, snd := rest })","O7;13;source_systemS5;lean411;source_fileS31;RequestProject/Wasm/Decode.lean13;source_formatS4;text11;imported_atI+0;14;transformed_atI+242;15;transformationsL0;13;parent_objectS0;","3b33b7e2f48e35c15f3ab9b092ef4a36347c3ecb5412e3db84d0900eadbe4610"
"obj.Kant.Wasm.BinOp.apply.eq_10","theorem","Kant.Wasm.BinOp.apply.eq_10","PROVEN","∀ (x x_1 : UInt64),   Eq (Kant.Wasm.BinOp.shru.apply x x_1)     (Option.some (instHShiftRightOfShiftRight.hShiftRight x x_1))","L0;","O0;","L0;","L0;","L1;S33;claim.Kant.Wasm.BinOp.apply.eq_10","L0;","L1;S33;proof.Kant.Wasm.BinOp.apply.eq_10","L0;","S125;∀ (x x_1 : UInt64),   Eq (Kant.Wasm.BinOp.shru.apply x x_1)     (Option.some (instHShiftRightOfShiftRight.hShiftRight x x_1))","O7;13;source_systemS5;lean411;source_fileS34;RequestProject/Wasm/Semantics.lean13;source_formatS4;text11;imported_atI+0;14;transformed_atI+0;15;transformationsL0;13;parent_objectS0;","596b4c36d691cd6d5aba010d8dffec7abdd31935290212970def59a3b55e5c54"
"obj.Kant.Diagnostics.toEvent.eq_1","theorem","Kant.Diagnostics.toEvent.eq_1","PROVEN","∀ (e : Kant.Clipboard.Envelope),   Eq (Kant.Diagnostics.toEvent e)     (ite (Ne e.tag Kant.Diagnostics.tagLog) Option.none       (Kant.Diagnostics.toEvent.match_4 (fun x => Option Kant.Diagnostics.Event) e.fields         (fun s t lc ac tx dt =>           Kant.Diagnostics.toEvent.match_1 (fun x x_1 => Option Kant.Diagnostics.Event)             (Kant.Diagnostics.levelOfCode lc) (Kant.Diagnostics.areaOfCode ac)             (fun l a =>               Option.some                 { seq := Kant.Text.bytesBEToNat s, ms := Kant.Text.bytesBEToNat t, level := l,                   area := a, text := Kant.Text.asciiChars tx, detail := Kant.Text.asciiChars dt })             fun x x_1 => Option.none)         fun x => Option.none))","L2;S26;obj.Kant.Diagnostics.EventS31;obj.Kant.Clipboard.Envelope.tag","O0;","L0;","L0;","L1;S35;claim.Kant.Diagnostics.toEvent.eq_1","L0;","L1;S35;proof.Kant.Diagnostics.toEvent.eq_1","L0;","S724;∀ (e : Kant.Clipboard.Envelope),   Eq (Kant.Diagnostics.toEvent e)     (ite (Ne e.tag Kant.Diagnostics.tagLog) Option.none       (Kant.Diagnostics.toEvent.match_4 (fun x => Option Kant.Diagnostics.Event) e.fields         (fun s t lc ac tx dt =>           Kant.Diagnostics.toEvent.match_1 (fun x x_1 => Option Kant.Diagnostics.Event)             (Kant.Diagnostics.levelOfCode lc) (Kant.Diagnostics.areaOfCode ac)             (fun l a =>               Option.some                 { seq := Kant.Text.bytesBEToNat s, ms := Kant.Text.bytesBEToNat t, level := l,                   area := a, text := Kant.Text.asciiChars tx, detail := Kant.Text.asciiChars dt })             fun x x_1 => Option.none)         fun x => Option.none))","O7;13;source_systemS5;lean411;source_fileS36;RequestProject/Kant/Diagnostics.lean13;source_formatS4;text11;imported_atI+0;14;transformed_atI+0;15;transformationsL0;13;parent_objectS0;","6c8bf8d40eef68ae788f25775d2cd10979c6bf401fcfdff0e62a839b74af318b"
"obj.Kant.Wasm.Kernel.dual47E.eq_1","theorem","Kant.Wasm.Kernel.dual47E.eq_1","PROVEN","Eq Kant.Wasm.Kernel.dual47E (((Kant.Wasm.Expr.var 0).add (Kant.Wasm.Expr.var 1)).modC 47)","L0;","O0;","L0;","L0;","L1;S35;claim.Kant.Wasm.Kernel.dual47E.eq_1","L0;","L1;S35;proof.Kant.Wasm.Kernel.dual47E.eq_1","L0;","S89;Eq Kant.Wasm.Kernel.dual47E (((Kant.Wasm.Expr.var 0).add (Kant.Wasm.Expr.var 1)).modC 47)","O7;13;source_systemS5;lean411;source_fileS35;RequestProject/Wasm/KernelSpec.lean13;source_formatS4;text11;imported_atI+0;14;transformed_atI+0;15;transformationsL0;13;parent_objectS0;","cd2858fcc456903fdd277b2cc1680becacba204b9f616fe596346413e7e08f12"
"obj.Kant.Sneakernet.Channel.svg.sizeOf_spec","theorem","Kant.Sneakernet.Channel.svg.sizeOf_spec","PROVEN","Eq (Kant.Sneakernet.Channel._sizeOf_inst.sizeOf Kant.Sneakernet.Channel.svg) 1","L0;","O0;","L0;","L0;","L1;S45;claim.Kant.Sneakernet.Channel.svg.sizeOf_spec","L0;","L1;S45;proof.Kant.Sneakernet.Channel.svg.sizeOf_spec","L0;","S78;Eq (Kant.Sneakernet.Channel._sizeOf_inst.sizeOf Kant.Sneakernet.Channel.svg) 1","O7;13;source_systemS5;lean411;source_fileS35;RequestProject/Kant/Sneakernet.lean13;source_formatS4;text11;imported_atI+0;14;transformed_atI+0;15;transformationsL0;13;parent_objectS0;","9f0e00b85f765f5d278a500f27e7baea69a36734d64764b7e665f7d4cc1fe5c4"
"obj.Kant.Join.deblank","def","Kant.Join.deblank","ASSERTED","List Char → List Char","L0;","O0;","L0;","L0;","L0;","L0;","L0;","L0;","S21;List Char → List Char","O7;13;source_systemS5;lean411;source_fileS29;RequestProject/Kant/Join.lean13;source_formatS4;text11;imported_atI+0;14;transformed_atI+142;15;transformationsL0;13;parent_objectS0;","298c59e6e9ed389734e5a976c96c7f440d99204787511225a1ece30ffb81f352"
"obj.Kant.CardDebug.Warning.recOn","def","Kant.CardDebug.Warning.recOn","ASSERTED","{motive : Kant.CardDebug.Warning → Sort u} →   (t : Kant.CardDebug.Warning) →     motive Kant.CardDebug.Warning.relativePicture →       motive Kant.CardDebug.Warning.foreignOrigin → motive t","L0;","O0;","L0;","L0;","L0;","L0;","L0;","L0;","S190;{motive : Kant.CardDebug.Warning → Sort u} →   (t : Kant.CardDebug.Warning) →     motive Kant.CardDebug.Warning.relativePicture →       motive Kant.CardDebug.Warning.foreignOrigin → motive t","O7;13;source_systemS5;lean411;source_fileS34;RequestProject/Kant/CardDebug.lean13;source_formatS4;text11;imported_atI+0;14;transformed_atI+336;15;transformationsL0;13;parent_objectS0;","5fd9d3bdf39dbe17f143ac837eff275c21798796a64899152dbf392917228a1a"
"obj.Kant.Repost.instDecidableEqQuote.decEq.match_1","def","Kant.Repost.instDecidableEqQuote.decEq.match_1","ASSERTED","(motive : Kant.Repost.Quote → Kant.Repost.Quote → Sort u_1) →   (x x_1 : Kant.Repost.Quote) →     ((a a_1 b b_1 : Kant.Paste) →         motive { comment := a, original := a_1 } { comment := b, original := b_1 }) →       motive x x_1","L0;","O0;","L0;","L0;","L0;","L0;","L0;","L0;","S232;(motive : Kant.Repost.Quote → Kant.Repost.Quote → Sort u_1) →   (x x_1 : Kant.Repost.Quote) →     ((a a_1 b b_1 : Kant.Paste) →         motive { comment := a, original := a_1 } { comment := b, original := b_1 }) →       motive x x_1","O7;13;source_systemS5;lean411;source_fileS31;RequestProject/Kant/Repost.lean13;source_formatS4;text11;imported_atI+0;14;transformed_atI+0;15;transformationsL0;13;parent_objectS0;","ec1a0b066f1442a051195c81a12844d309d1c7586cf74776de939402cc231fa9"
"obj.Kant.Rendezvous.toInvite.match_1","def","Kant.Rendezvous.toInvite.match_1","ASSERTED","(motive : List Kant.Bytes.Blob → Sort u_1) →   (x : List Kant.Bytes.Blob) →     ((r s p : Kant.Bytes.Blob) →         (rest : List Kant.Bytes.Blob) → motive (List.cons r (List.cons s (List.cons p rest)))) →       ((x : List Kant.Bytes.Blob) → motive x) → motive x","L0;","O0;","L0;","L0;","L0;","L0;","L0;","L0;","S262;(motive : List Kant.Bytes.Blob → Sort u_1) →   (x : List Kant.Bytes.Blob) →     ((r s p : Kant.Bytes.Blob) →         (rest : List Kant.Bytes.Blob) → motive (List.cons r (List.cons s (List.cons p rest)))) →       ((x : List Kant.Bytes.Blob) → motive x) → motive x","O7;13;source_systemS5;lean411;source_fileS35;RequestProject/Kant/Rendezvous.lean13;source_formatS4;text11;imported_atI+0;14;transformed_atI+0;15;transformationsL0;13;parent_objectS0;","44b03b1d92129adf9613350dd488dbfcf445ffd8b025cfe55f5a97c101410f62"
"obj.Kant.Rendezvous.bestOf_max","theorem","Kant.Rendezvous.bestOf_max","PROVEN","∀ {l : List Kant.Rendezvous.Announce} {a : Kant.Rendezvous.Announce},   Eq (Kant.Rendezvous.bestOf l) (Option.some a) →     ∀ (b : Kant.Rendezvous.Announce), List.instMembership.mem l b → instLENat.le b.seq a.seq","L1;S38;obj.Kant.Rendezvous.bestOf_eq_none_iff","O0;","L0;","L0;","L1;S32;claim.Kant.Rendezvous.bestOf_max","L0;","L1;S32;proof.Kant.Rendezvous.bestOf_max","L0;","S212;∀ {l : List Kant.Rendezvous.Announce} {a : Kant.Rendezvous.Announce},   Eq (Kant.Rendezvous.bestOf l) (Option.some a) →     ∀ (b : Kant.Rendezvous.Announce), List.instMembership.mem l b → instLENat.le b.seq a.seq","O7;13;source_systemS5;lean411;source_fileS35;RequestProject/Kant/Rendezvous.lean13;source_formatS4;text11;imported_atI+0;14;transformed_atI+313;15;transformationsL0;13;parent_objectS0;","2dbf02d3dd29fc7c0b55a63d5e0b243faa1ba70c5e2763824053239ad3bde985"
"obj.Kant.Sheaf.DaslType.eigenspace.elim","def","Kant.Sheaf.DaslType.eigenspace.elim","ASSERTED","{motive : Kant.Sheaf.DaslType → Sort u} →   (t : Kant.Sheaf.DaslType) → Eq t.ctorIdx 6 → motive Kant.Sheaf.DaslType.eigenspace → motive t","L0;","O0;","L0;","L0;","L0;","L0;","L0;","L0;","S137;{motive : Kant.Sheaf.DaslType → Sort u} →   (t : Kant.Sheaf.DaslType) → Eq t.ctorIdx 6 → motive Kant.Sheaf.DaslType.eigenspace → motive t","O7;13;source_systemS5;lean411;source_fileS30;RequestProject/Kant/Sheaf.lean13;source_formatS4;text11;imported_atI+0;14;transformed_atI+33;15;transformationsL0;13;parent_objectS0;","11b236666dc852c0387a5c300572259b8e7ef544c4bb07a656a910ba1cdf52f1"
"obj.Kant.Dom.Claim.noConfusion","def","Kant.Dom.Claim.noConfusion","ASSERTED","{P : Sort u} → {t t' : Kant.Dom.Claim} → Eq t t' → Kant.Dom.Claim.noConfusionType P t t'","L0;","O0;","L0;","L0;","L0;","L0;","L0;","L0;","S88;{P : Sort u} → {t t' : Kant.Dom.Claim} → Eq t t' → Kant.Dom.Claim.noConfusionType P t t'","O7;13;source_systemS5;lean411;source_fileS37;RequestProject/Kant/Domain/Model.lean13;source_formatS4;text11;imported_atI+0;14;transformed_atI+431;15;transformationsL0;13;parent_objectS0;","1b4e97e66274eb45414fa2eb1dfaa78207a14d7abd6682af5a4a436f29e97fcc"
"obj.Kant.Wasm.Func.noConfusion","def","Kant.Wasm.Func.noConfusion","ASSERTED","{P : Sort u} → {t t' : Kant.Wasm.Func} → Eq t t' → Kant.Wasm.Func.noConfusionType P t t'","L1;S26;obj.Kant.Wasm.Func.casesOn","O0;","L0;","L0;","L0;","L0;","L0;","L0;","S88;{P : Sort u} → {t t' : Kant.Wasm.Func} → Eq t t' → Kant.Wasm.Func.noConfusionType P t t'","O7;13;source_systemS5;lean411;source_fileS31;RequestProject/Wasm/Syntax.lean13;source_formatS4;text11;imported_atI+0;14;transformed_atI+122;15;transformationsL0;13;parent_objectS0;","f231dac5af3aff17e52ea433c6bc1d842670142d4dabd11d29d41225f69f0e0a"
"obj.Kant.Codec.embedFields.eq_1","theorem","Kant.Codec.embedFields.eq_1","PROVEN","Eq (Kant.Codec.embedFields List.nil) List.nil","L0;","O0;","L0;","L0;","L1;S33;claim.Kant.Codec.embedFields.eq_1","L0;","L1;S33;proof.Kant.Codec.embedFields.eq_1","L0;","S45;Eq (Kant.Codec.embedFields List.nil) List.nil","O7;13;source_systemS5;lean411;source_fileS35;RequestProject/Kant/Codec/Ipdl.lean13;source_formatS4;text11;imported_atI+0;14;transformed_atI+0;15;transformationsL0;13;parent_objectS0;","1c73702f2244951d4d4301f9229d0eca9585e0686fdcbeb7cb827f904a8ad864"
"obj.Kant.Feed.instDecidableEqRow.decEq.match_1","def","Kant.Feed.instDecidableEqRow.decEq.match_1","ASSERTED","(motive : Kant.Feed.Row → Kant.Feed.Row → Sort u_1) →   (x x_1 : Kant.Feed.Row) →     ((a : List Char) →         (a_1 : Nat) →           (a_2 a_3 a_4 : List Char) →             (a_5 : Option (List Char)) →               (a_6 : Nat) →                 (a_7 b : List Char) →                   (b_1 : Nat) →                     (b_2 b_3 b_4 : List Char) →                       (b_5 : Option (List Char)) →                         (b_6 : Nat) →                           (b_7 : List Char) →                             motive                               { witness := a, cid := a_1, title := a_2, body := a_3,                                 timestamp := a_4, replyTo := a_5, bytes := a_6, copy := a_7 }                               { witness := b, cid := b_1, title := b_2, body := b_3,                                 timestamp := b_4, replyTo := b_5, bytes := b_6, copy := b_7 }) →       motive x x_1","L0;","O0;","L0;","L0;","L0;","L0;","L0;","L0;","S901;(motive : Kant.Feed.Row → Kant.Feed.Row → Sort u_1) →   (x x_1 : Kant.Feed.Row) →     ((a : List Char) →         (a_1 : Nat) →           (a_2 a_3 a_4 : List Char) →             (a_5 : Option (List Char)) →               (a_6 : Nat) →                 (a_7 b : List Char) →                   (b_1 : Nat) →                     (b_2 b_3 b_4 : List Char) →                       (b_5 : Option (List Char)) →                         (b_6 : Nat) →                           (b_7 : List Char) →                             motive                               { witness := a, cid := a_1, title := a_2, body := a_3,                                 timestamp := a_4, replyTo := a_5, bytes := a_6, copy := a_7 }                               { witness := b, cid := b_1, title := b_2, body := b_3,                                 timestamp := b_4, replyTo := b_5, bytes := b_6, copy := b_7 }) →       motive x x_1","O7;13;source_systemS5;lean411;source_fileS29;RequestProject/Kant/Feed.lean13;source_formatS4;text11;imported_atI+0;14;transformed_atI+0;15;transformationsL0;13;parent_objectS0;","71670ed0239685fd01d5d98a06595b6a4366a3b0e2ad91973aaa7d4d3c6bc404"
"obj.Kant.Uucp.relay_keeps_current","theorem","Kant.Uucp.relay_keeps_current","PROVEN","∀ (sv : Kant.Relay.Server) (room : List Char) (n : Kant.Uucp.Node) {m : Kant.Relay.Msg},   m.Wire →     List.instMembership.mem (sv.lines room) (Kant.Relay.printMsg m) →       List.instMembership.mem (n.ingestLines (sv.fetch room 0).fst).spool m","L3;S21;obj.Kant.Relay.ServerS18;obj.Kant.Uucp.NodeS32;obj.Kant.Relay.Server.fetch_zero","O0;","L0;","L0;","L1;S35;claim.Kant.Uucp.relay_keeps_current","L0;","L1;S35;proof.Kant.Uucp.relay_keeps_current","L0;","S245;∀ (sv : Kant.Relay.Server) (room : List Char) (n : Kant.Uucp.Node) {m : Kant.Relay.Msg},   m.Wire →     List.instMembership.mem (sv.lines room) (Kant.Relay.printMsg m) →       List.instMembership.mem (n.ingestLines (sv.fetch room 0).fst).spool m","O7;13;source_systemS5;lean411;source_fileS29;RequestProject/Kant/Uucp.lean13;source_formatS4;text11;imported_atI+0;14;transformed_atI+642;15;transformationsL0;13;parent_objectS0;","0f42add0fd7067a43ce0fc3faa0cc79f80a366df7727f8327a1b6e2794e0431d"
"obj.Kant.Wasm.Decode.RawModule","inductive","Kant.Wasm.Decode.RawModule","ASSERTED","Type","L0;","O0;","L0;","L0;","L0;","L0;","L0;","L0;","S4;Type","O7;13;source_systemS5;lean411;source_fileS31;RequestProject/Wasm/Decode.lean13;source_formatS4;text11;imported_atI+0;14;transformed_atI+59;15;transformationsL0;13;parent_objectS0;","9bc02bb41e75f1cb8b5229332a2317e80933c63439dc3cd10764b0335b83e5ee"
"obj.Kant.SiteCard.splitCh.eq_1","theorem","Kant.SiteCard.splitCh.eq_1","PROVEN","∀ (d : Char), Eq (Kant.SiteCard.splitCh d List.nil) (List.cons List.nil List.nil)","L0;","O0;","L0;","L0;","L1;S32;claim.Kant.SiteCard.splitCh.eq_1","L0;","L1;S32;proof.Kant.SiteCard.splitCh.eq_1","L0;","S81;∀ (d : Char), Eq (Kant.SiteCard.splitCh d List.nil) (List.cons List.nil List.nil)","O7;13;source_systemS5;lean411;source_fileS33;RequestProject/Kant/SiteCard.lean13;source_formatS4;text11;imported_atI+0;14;transformed_atI+0;15;transformationsL0;13;parent_objectS0;","bd712e21f1ab0c32eba285ce2fe34cfd000de375c137b18cdf3fe302324c4ac7"
"obj.Kant.Codec.Envelope.outputs","def","Kant.Codec.Envelope.outputs","ASSERTED","Kant.Codec.Envelope → List Kant.Codec.Val","L0;","O0;","L0;","L0;","L0;","L0;","L0;","L0;","S41;Kant.Codec.Envelope → List Kant.Codec.Val","O7;13;source_systemS5;lean411;source_fileS39;RequestProject/Kant/Codec/Exchange.lean13;source_formatS4;text11;imported_atI+0;14;transformed_atI+128;15;transformationsL0;13;parent_objectS0;","14f2b8df774e627a4145c9e78240ca05fc97017641b24f7c97749edc79e57927"
"obj.Kant.Codec.xmlEncFields.eq_2","theorem","Kant.Codec.xmlEncFields.eq_2","PROVEN","∀ (k : List Char) (v : Kant.Codec.Val) (fs : List (Prod (List Char) Kant.Codec.Val)),   Eq (Kant.Codec.xmlEncFields (List.cons { fst := k, snd := v } fs))     (instHAppendOfAppend.hAppend Kant.Codec.xEntryOpen       (instHAppendOfAppend.hAppend (Kant.Codec.xesc k)         (instHAppendOfAppend.hAppend Kant.Codec.xEntryMid           (instHAppendOfAppend.hAppend (Kant.Codec.xmlEnc v)             (instHAppendOfAppend.hAppend Kant.Codec.xEntryClose (Kant.Codec.xmlEncFields fs))))))","L1;S26;obj.Kant.Codec.xEntryClose","O0;","L0;","L0;","L1;S34;claim.Kant.Codec.xmlEncFields.eq_2","L0;","L1;S34;proof.Kant.Codec.xmlEncFields.eq_2","L0;","S481;∀ (k : List Char) (v : Kant.Codec.Val) (fs : List (Prod (List Char) Kant.Codec.Val)),   Eq (Kant.Codec.xmlEncFields (List.cons { fst := k, snd := v } fs))     (instHAppendOfAppend.hAppend Kant.Codec.xEntryOpen       (instHAppendOfAppend.hAppend (Kant.Codec.xesc k)         (instHAppendOfAppend.hAppend Kant.Codec.xEntryMid           (instHAppendOfAppend.hAppend (Kant.Codec.xmlEnc v)             (instHAppendOfAppend.hAppend Kant.Codec.xEntryClose (Kant.Codec.xmlEncFields fs))))))","O7;13;source_systemS5;lean411;source_fileS34;RequestProject/Kant/Codec/Xml.lean13;source_formatS4;text11;imported_atI+0;14;transformed_atI+0;15;transformationsL0;13;parent_objectS0;","70ea1d2f6490651292f4fbf9484702252589eb563cec4b447612195e21d21a67"
"obj.Kant.Codec.Val.below_2","def","Kant.Codec.Val.below_2","ASSERTED","{motive_1 : Kant.Codec.Val → Sort u} →   {motive_2 : List Kant.Codec.Val → Sort u} →     {motive_3 : List (Prod (List Char) Kant.Codec.Val) → Sort u} →       {motive_4 : Prod (List Char) Kant.Codec.Val → Sort u} →         List (Prod (List Char) Kant.Codec.Val) → Sort (max 1 u)","L0;","O0;","L0;","L0;","L0;","L0;","L0;","L0;","S277;{motive_1 : Kant.Codec.Val → Sort u} →   {motive_2 : List Kant.Codec.Val → Sort u} →     {motive_3 : List (Prod (List Char) Kant.Codec.Val) → Sort u} →       {motive_4 : Prod (List Char) Kant.Codec.Val → Sort u} →         List (Prod (List Char) Kant.Codec.Val) → Sort (max 1 u)","O7;13;source_systemS5;lean411;source_fileS34;RequestProject/Kant/Codec/Val.lean13;source_formatS4;text11;imported_atI+0;14;transformed_atI+34;15;transformationsL0;13;parent_objectS0;","a8a0fc10ae0b4eb0805d386c87d9b7ab05de4b91c742a76621a6966f961260d1"
"obj.Kant.Codec.canonEnc_head","theorem","Kant.Codec.canonEnc_head","PROVEN","∀ (v : Kant.Codec.Val),   Exists fun c =>     Exists fun t =>       And (Eq (Kant.Codec.canonEnc v) (List.cons c t))         (Or (Eq c 'Z')           (Or (Eq c 'T')             (Or (Eq c 'F') (Or (Eq c 'I') (Or (Eq c 'S') (Or (Eq c 'L') (Eq c 'O')))))))","L0;","O0;","L0;","L0;","L1;S30;claim.Kant.Codec.canonEnc_head","L0;","L1;S30;proof.Kant.Codec.canonEnc_head","L0;","S253;∀ (v : Kant.Codec.Val),   Exists fun c =>     Exists fun t =>       And (Eq (Kant.Codec.canonEnc v) (List.cons c t))         (Or (Eq c 'Z')           (Or (Eq c 'T')             (Or (Eq c 'F') (Or (Eq c 'I') (Or (Eq c 'S') (Or (Eq c 'L') (Eq c 'O')))))))","O7;13;source_systemS5;lean411;source_fileS38;RequestProject/Kant/Codec/RawText.lean13;source_formatS4;text11;imported_atI+0;14;transformed_atI+150;15;transformationsL0;13;parent_objectS0;","71fd261bbfc0b66b39eda05ccba61db816ef70d6f956df9954c5ce33fcb6a7f6"
"obj.Kant.Dom.data_to_proof","theorem","Kant.Dom.data_to_proof","PROVEN","∀ {d : Kant.Dom.Domain},   Kant.Dom.Wf d →     ∀ {o : Kant.Dom.DomObj},       List.instMembership.mem d.objects o →         Eq o.truth Kant.Dom.Truth.proven →           Exists fun i =>             And (List.instMembership.mem o.proofRefs i)               (Exists fun p =>                 And (Eq (Kant.Dom.findProof d i) (Option.some p))                   (And (Eq p.status Kant.Dom.PStatus.valid)                     (List.instMembership.mem p.outputRefs o.id)))","L1;S32;obj.Kant.Dom.ProofRec.outputRefs","O0;","L0;","L0;","L1;S28;claim.Kant.Dom.data_to_proof","L0;","L1;S28;proof.Kant.Dom.data_to_proof","L0;","S463;∀ {d : Kant.Dom.Domain},   Kant.Dom.Wf d →     ∀ {o : Kant.Dom.DomObj},       List.instMembership.mem d.objects o →         Eq o.truth Kant.Dom.Truth.proven →           Exists fun i =>             And (List.instMembership.mem o.proofRefs i)               (Exists fun p =>                 And (Eq (Kant.Dom.findProof d i) (Option.some p))                   (And (Eq p.status Kant.Dom.PStatus.valid)                     (List.instMembership.mem p.outputRefs o.id)))","O7;13;source_systemS5;lean411;source_fileS38;RequestProject/Kant/Domain/Ledger.lean13;source_formatS4;text11;imported_atI+0;14;transformed_atI+341;15;transformationsL0;13;parent_objectS0;","bbdb304e260181070ce2334d999a038472c45a52e01812e504cd14feec351ae2"
"obj.Kant.Dom.Rel.ofNat","def","Kant.Dom.Rel.ofNat","ASSERTED","Nat → Kant.Dom.Rel","L0;","O0;","L0;","L0;","L0;","L0;","L0;","L0;","S18;Nat → Kant.Dom.Rel","O7;13;source_systemS5;lean411;source_fileS37;RequestProject/Kant/Domain/Model.lean13;source_formatS4;text11;imported_atI+0;14;transformed_atI+0;15;transformationsL0;13;parent_objectS0;","63a3133d7444e4d1f24f12f593fccb962d2f1ac4b92b346ba5962f4aa2a0c630"
"obj.Kant.Wasm.Expr.ctorElimType","def","Kant.Wasm.Expr.ctorElimType","ASSERTED","{motive : Kant.Wasm.Expr → Sort u} → Nat → Sort (max 1 u)","L0;","O0;","L0;","L0;","L0;","L0;","L0;","L0;","S57;{motive : Kant.Wasm.Expr → Sort u} → Nat → Sort (max 1 u)","O7;13;source_systemS5;lean411;source_fileS31;RequestProject/Wasm/Syntax.lean13;source_formatS4;text11;imported_atI+0;14;transformed_atI+0;15;transformationsL0;13;parent_objectS0;","60c7e50ce016f4d2dc97f4271d7ec7ed1828d5374183e0b44c0170143ac54d9f"
"obj.Kant.Dasl.Orbifold.l","def","Kant.Dasl.Orbifold.l","ASSERTED","Kant.Dasl.Orbifold → Nat","L0;","O0;","L0;","L0;","L0;","L0;","L0;","L0;","S24;Kant.Dasl.Orbifold → Nat","O7;13;source_systemS5;lean411;source_fileS29;RequestProject/Kant/Dasl.lean13;source_formatS4;text11;imported_atI+0;14;transformed_atI+191;15;transformationsL0;13;parent_objectS0;","0bef2bbf5e8994f67b60adc5c42f0e41f64f024d2362b8d093b281211916751b"
"obj.Kant.Wasm.instReprBinOp.repr.match_1","def","Kant.Wasm.instReprBinOp.repr.match_1","ASSERTED","(motive : Kant.Wasm.BinOp → Sort u_1) →   (x : Kant.Wasm.BinOp) →     (Unit → motive Kant.Wasm.BinOp.add) →       (Unit → motive Kant.Wasm.BinOp.sub) →         (Unit → motive Kant.Wasm.BinOp.mul) →           (Unit → motive Kant.Wasm.BinOp.divu) →             (Unit → motive Kant.Wasm.BinOp.remu) →               (Unit → motive Kant.Wasm.BinOp.and) →                 (Unit → motive Kant.Wasm.BinOp.or) →                   (Unit → motive Kant.Wasm.BinOp.xor) →                     (Unit → motive Kant.Wasm.BinOp.shl) →                       (Unit → motive Kant.Wasm.BinOp.shru) → motive x","L0;","O0;","L0;","L0;","L0;","L0;","L0;","L0;","S586;(motive : Kant.Wasm.BinOp → Sort u_1) →   (x : Kant.Wasm.BinOp) →     (Unit → motive Kant.Wasm.BinOp.add) →       (Unit → motive Kant.Wasm.BinOp.sub) →         (Unit → motive Kant.Wasm.BinOp.mul) →           (Unit → motive Kant.Wasm.BinOp.divu) →             (Unit → motive Kant.Wasm.BinOp.remu) →               (Unit → motive Kant.Wasm.BinOp.and) →                 (Unit → motive Kant.Wasm.BinOp.or) →                   (Unit → motive Kant.Wasm.BinOp.xor) →                     (Unit → motive Kant.Wasm.BinOp.shl) →                       (Unit → motive Kant.Wasm.BinOp.shru) → motive x","O7;13;source_systemS5;lean411;source_fileS31;RequestProject/Wasm/Syntax.lean13;source_formatS4;text11;imported_atI+0;14;transformed_atI+0;15;transformationsL0;13;parent_objectS0;","06c2a20ad7d7bbb0128487b5edb7c09b231d4dc7d7a50a3e11747f9689dfb7a9"
"obj.Kant.Codec.Obj.sourceFormat","def","Kant.Codec.Obj.sourceFormat","ASSERTED","Kant.Codec.Obj → Kant.Codec.Fmt","L0;","O0;","L0;","L0;","L0;","L0;","L0;","L0;","S31;Kant.Codec.Obj → Kant.Codec.Fmt","O7;13;source_systemS5;lean411;source_fileS36;RequestProject/Kant/Codec/Model.lean13;source_formatS4;text11;imported_atI+0;14;transformed_atI+469;15;transformationsL0;13;parent_objectS0;","35e8045e345139971eeb9454f5a6609c357c466848128145fd5943dd8eff157a"
"obj.Kant.Connectivity.effectiveRelay_configured","theorem","Kant.Connectivity.effectiveRelay_configured","PROVEN","∀ {r : Kant.Connectivity.Reachability},   Ne r.configured List.nil → Eq (Kant.Connectivity.effectiveRelay r) r.configured","L0;","O0;","L0;","L0;","L1;S49;claim.Kant.Connectivity.effectiveRelay_configured","L0;","L1;S49;proof.Kant.Connectivity.effectiveRelay_configured","L0;","S121;∀ {r : Kant.Connectivity.Reachability},   Ne r.configured List.nil → Eq (Kant.Connectivity.effectiveRelay r) r.configured","O7;13;source_systemS5;lean411;source_fileS37;RequestProject/Kant/Connectivity.lean13;source_formatS4;text11;imported_atI+0;14;transformed_atI+68;15;transformationsL0;13;parent_objectS0;","a020a900e9b6e17f182ba5d52324937c866acc3a0fc7237df20cbb40936ccf2a"
"obj.Kant.Meme.ofReceipt","def","Kant.Meme.ofReceipt","ASSERTED","Kant.Meme.Template → Kant.Clipboard.Receipt → Kant.Stego.Carrier","L0;","O0;","L0;","L0;","L0;","L0;","L0;","L0;","S64;Kant.Meme.Template → Kant.Clipboard.Receipt → Kant.Stego.Carrier","O7;13;source_systemS5;lean411;source_fileS29;RequestProject/Kant/Meme.lean13;source_formatS4;text11;imported_atI+0;14;transformed_atI+190;15;transformationsL0;13;parent_objectS0;","570394e72197564006c3e3795ab97513a4571780e50c11a6b86bb93df7db90f9"
"obj.Kant.Sneakernet.instReprChannel.repr","def","Kant.Sneakernet.instReprChannel.repr","ASSERTED","Kant.Sneakernet.Channel → Nat → Std.Format","L0;","O0;","L0;","L0;","L0;","L0;","L0;","L0;","S42;Kant.Sneakernet.Channel → Nat → Std.Format","O7;13;source_systemS5;lean411;source_fileS35;RequestProject/Kant/Sneakernet.lean13;source_formatS4;text11;imported_atI+0;14;transformed_atI+39;15;transformationsL0;13;parent_objectS0;","012d4d161afb258fb81458f08657034caf05ffca2fde2e95e80b8459b6acb092"
"obj.Kant.Cli.meet.eq_1","theorem","Kant.Cli.meet.eq_1","PROVEN","∀ (sv : Kant.Relay.Server) (host guest : Kant.Cli.Client) (ta tb : Kant.Bytes.Blob),   Eq (Kant.Cli.meet sv host guest ta tb)     {       fst :=         (Kant.Cli.poll             (Kant.Cli.say (Kant.Cli.poll (Kant.Cli.say sv host ta).fst guest).fst                 (Kant.Cli.poll (Kant.Cli.say sv host ta).fst guest).snd tb).fst             (Kant.Cli.say sv host ta).snd).fst,       snd :=         {           fst :=             (Kant.Cli.poll                 (Kant.Cli.say (Kant.Cli.poll (Kant.Cli.say sv host ta).fst guest).fst                     (Kant.Cli.poll (Kant.Cli.say sv host ta).fst guest).snd tb).fst                 (Kant.Cli.say sv host ta).snd).snd,           snd :=             (Kant.Cli.say (Kant.Cli.poll (Kant.Cli.say sv host ta).fst guest).fst                 (Kant.Cli.poll (Kant.Cli.say sv host ta).fst guest).snd tb).snd } }","L2;S21;obj.Kant.Relay.ServerS19;obj.Kant.Cli.Client","O0;","L0;","L0;","L1;S24;claim.Kant.Cli.meet.eq_1","L0;","L1;S24;proof.Kant.Cli.meet.eq_1","L0;","S849;∀ (sv : Kant.Relay.Server) (host guest : Kant.Cli.Client) (ta tb : Kant.Bytes.Blob),   Eq (Kant.Cli.meet sv host guest ta tb)     {       fst :=         (Kant.Cli.poll             (Kant.Cli.say (Kant.Cli.poll (Kant.Cli.say sv host ta).fst guest).fst                 (Kant.Cli.poll (Kant.Cli.say sv host ta).fst guest).snd tb).fst             (Kant.Cli.say sv host ta).snd).fst,       snd :=         {           fst :=             (Kant.Cli.poll                 (Kant.Cli.say (Kant.Cli.poll (Kant.Cli.say sv host ta).fst guest).fst                     (Kant.Cli.poll (Kant.Cli.say sv host ta).fst guest).snd tb).fst                 (Kant.Cli.say sv host ta).snd).snd,           snd :=             (Kant.Cli.say (Kant.Cli.poll (Kant.Cli.say sv host ta).fst guest).fst                 (Kant.Cli.poll (Kant.Cli.say sv host ta).fst guest).snd tb).snd } }","O7;13;source_systemS5;lean411;source_fileS28;RequestProject/Kant/Cli.lean13;source_formatS4;text11;imported_atI+0;14;transformed_atI+0;15;transformationsL0;13;parent_objectS0;","69e3a94ebf605d51534f66af79d7c7b623c57cb5d4a3c3cbef7aa9b1d1f01cf0"
"obj.Kant.Wasm.Expr.var.elim","def","Kant.Wasm.Expr.var.elim","ASSERTED","{motive : Kant.Wasm.Expr → Sort u} →   (t : Kant.Wasm.Expr) → Eq t.ctorIdx 1 → ((i : Nat) → motive (Kant.Wasm.Expr.var i)) → motive t","L0;","O0;","L0;","L0;","L0;","L0;","L0;","L0;","S133;{motive : Kant.Wasm.Expr → Sort u} →   (t : Kant.Wasm.Expr) → Eq t.ctorIdx 1 → ((i : Nat) → motive (Kant.Wasm.Expr.var i)) → motive t","O7;13;source_systemS5;lean411;source_fileS31;RequestProject/Wasm/Syntax.lean13;source_formatS4;text11;imported_atI+0;14;transformed_atI+53;15;transformationsL0;13;parent_objectS0;","5227c68bc464d5a19a47c8b37aa6675e1926e06a5c3a79bb6a02b08c8f517bf8"
"obj.Kant.Codec.xEntryClose","def","Kant.Codec.xEntryClose","ASSERTED","List Char","L0;","O0;","L0;","L0;","L0;","L0;","L0;","L0;","S9;List Char","O7;13;source_systemS5;lean411;source_fileS34;RequestProject/Kant/Codec/Xml.lean13;source_formatS4;text11;imported_atI+0;14;transformed_atI+56;15;transformationsL0;13;parent_objectS0;","85e73f0e5f5c709e3217fdbc51e15951481cf42972dbdc38be4471d9f30aa56b"
"obj.Kant.Wasm.Encode.funcType.eq_1","theorem","Kant.Wasm.Encode.funcType.eq_1","PROVEN","∀ (arity : Nat),   Eq (Kant.Wasm.Encode.funcType arity)     (List.cons 96       (instHAppendOfAppend.hAppend         (instHAppendOfAppend.hAppend           (instHAppendOfAppend.hAppend (Kant.Wasm.Leb128.uleb arity)             (List.replicate arity Kant.Wasm.Encode.i64Byte))           (Kant.Wasm.Leb128.uleb 1))         (List.cons Kant.Wasm.Encode.i64Byte List.nil)))","L0;","O0;","L0;","L0;","L1;S36;claim.Kant.Wasm.Encode.funcType.eq_1","L0;","L1;S36;proof.Kant.Wasm.Encode.funcType.eq_1","L0;","S368;∀ (arity : Nat),   Eq (Kant.Wasm.Encode.funcType arity)     (List.cons 96       (instHAppendOfAppend.hAppend         (instHAppendOfAppend.hAppend           (instHAppendOfAppend.hAppend (Kant.Wasm.Leb128.uleb arity)             (List.replicate arity Kant.Wasm.Encode.i64Byte))           (Kant.Wasm.Leb128.uleb 1))         (List.cons Kant.Wasm.Encode.i64Byte List.nil)))","O7;13;source_systemS5;lean411;source_fileS31;RequestProject/Wasm/Decode.lean13;source_formatS4;text11;imported_atI+0;14;transformed_atI+0;15;transformationsL0;13;parent_objectS0;","b4c4531fc31bdbf0893925c1e5301ae331938bc3b3e7589e602df45113816bd1"
"obj.Kant.Dom.derived_proves","theorem","Kant.Dom.derived_proves","PROVEN","∀ {d : Kant.Dom.Domain} {p : Kant.Dom.ProofRec},   List.instMembership.mem d.proofs p →     ∀ {o : Kant.Dom.Id},       List.instMembership.mem p.outputRefs o →         And           (List.instMembership.mem (Kant.Dom.derivedRelations d)             { source := p.id, kind := Kant.Dom.Rel.proves, target := o })           (List.instMembership.mem (Kant.Dom.derivedRelations d)             { source := o, kind := Kant.Dom.Rel.provenBy, target := p.id })","L1;S32;obj.Kant.Dom.ProofRec.outputRefs","O0;","L0;","L0;","L1;S29;claim.Kant.Dom.derived_proves","L0;","L1;S29;proof.Kant.Dom.derived_proves","L0;","S451;∀ {d : Kant.Dom.Domain} {p : Kant.Dom.ProofRec},   List.instMembership.mem d.proofs p →     ∀ {o : Kant.Dom.Id},       List.instMembership.mem p.outputRefs o →         And           (List.instMembership.mem (Kant.Dom.derivedRelations d)             { source := p.id, kind := Kant.Dom.Rel.proves, target := o })           (List.instMembership.mem (Kant.Dom.derivedRelations d)             { source := o, kind := Kant.Dom.Rel.provenBy, target := p.id })","O7;13;source_systemS5;lean411;source_fileS38;RequestProject/Kant/Domain/Ledger.lean13;source_formatS4;text11;imported_atI+0;14;transformed_atI+400;15;transformationsL0;13;parent_objectS0;","191ac7a3110fbd99e0a57a6c9a552b36b9b710353c5d1cb35cd88fddba16f230"
"obj.Kant.Codec.ExportReport.casesOn","def","Kant.Codec.ExportReport.casesOn","ASSERTED","{motive : Kant.Codec.ExportReport → Sort u} →   (t : Kant.Codec.ExportReport) →     ((format : Kant.Codec.Fmt) →         (artifact : List Char) →           (lossiness : Kant.Codec.Loss) →             (roundTripped : Bool) →               (ledger : List Kant.Codec.Trans) →                 motive                   { format := format, artifact := artifact, lossiness := lossiness,                     roundTripped := roundTripped, ledger := ledger }) →       motive t","L1;S27;obj.Kant.Codec.ExportReport","O0;","L0;","L0;","L0;","L0;","L0;","L0;","S466;{motive : Kant.Codec.ExportReport → Sort u} →   (t : Kant.Codec.ExportReport) →     ((format : Kant.Codec.Fmt) →         (artifact : List Char) →           (lossiness : Kant.Codec.Loss) →             (roundTripped : Bool) →               (ledger : List Kant.Codec.Trans) →                 motive                   { format := format, artifact := artifact, lossiness := lossiness,                     roundTripped := roundTripped, ledger := ledger }) →       motive t","O7;13;source_systemS5;lean411;source_fileS39;RequestProject/Kant/Codec/Exchange.lean13;source_formatS4;text11;imported_atI+0;14;transformed_atI+222;15;transformationsL0;13;parent_objectS0;","ff647f4fdf1e69bb706d9c6adaa3ae401663ec04bc54acf1c6baa60310812e06"
"obj.Kant.Dom.Rel.ctorElim","def","Kant.Dom.Rel.ctorElim","ASSERTED","{motive : Kant.Dom.Rel → Sort u} →   (ctorIdx : Nat) →     (t : Kant.Dom.Rel) → Eq ctorIdx t.ctorIdx → Kant.Dom.Rel.ctorElimType ctorIdx → motive t","L0;","O0;","L0;","L0;","L0;","L0;","L0;","L0;","S147;{motive : Kant.Dom.Rel → Sort u} →   (ctorIdx : Nat) →     (t : Kant.Dom.Rel) → Eq ctorIdx t.ctorIdx → Kant.Dom.Rel.ctorElimType ctorIdx → motive t","O7;13;source_systemS5;lean411;source_fileS37;RequestProject/Kant/Domain/Model.lean13;source_formatS4;text11;imported_atI+0;14;transformed_atI+66;15;transformationsL0;13;parent_objectS0;","ce470d97bb1b38868fe869d534d2b479e1451e1d30527c603ca886738ba99973"
"obj.Kant.Codec.pList.match_1","def","Kant.Codec.pList.match_1","ASSERTED","(motive : Option (Prod Kant.Codec.Val (List Char)) → Sort u_1) →   (x : Option (Prod Kant.Codec.Val (List Char))) →     ((v : Kant.Codec.Val) → (r : List Char) → motive (Option.some { fst := v, snd := r })) →       (Unit → motive Option.none) → motive x","L0;","O0;","L0;","L0;","L0;","L0;","L0;","L0;","S253;(motive : Option (Prod Kant.Codec.Val (List Char)) → Sort u_1) →   (x : Option (Prod Kant.Codec.Val (List Char))) →     ((v : Kant.Codec.Val) → (r : List Char) → motive (Option.some { fst := v, snd := r })) →       (Unit → motive Option.none) → motive x","O7;13;source_systemS5;lean411;source_fileS34;RequestProject/Kant/Codec/Val.lean13;source_formatS4;text11;imported_atI+0;14;transformed_atI+0;15;transformationsL0;13;parent_objectS0;","69f9b5b533a874c1c2662cadbf1da2cec0f4c9b174ce851b877c411e02d3c428"
"obj.Kant.Sneakernet.Frame","inductive","Kant.Sneakernet.Frame","ASSERTED","Type","L0;","O0;","L0;","L0;","L0;","L0;","L0;","L0;","S4;Type","O7;13;source_systemS5;lean411;source_fileS35;RequestProject/Kant/Sneakernet.lean13;source_formatS4;text11;imported_atI+0;14;transformed_atI+131;15;transformationsL0;13;parent_objectS0;","e480c45b9350577d58a6b5428f76448a4e6f2af86be577d73037cc55e1fb2a64"
"obj.Kant.Dom.idsVal","def","Kant.Dom.idsVal","ASSERTED","List Kant.Dom.Id → Kant.Codec.Val","L0;","O0;","L0;","L0;","L0;","L0;","L0;","L0;","S33;List Kant.Dom.Id → Kant.Codec.Val","O7;13;source_systemS5;lean411;source_fileS37;RequestProject/Kant/Domain/Model.lean13;source_formatS4;text11;imported_atI+0;14;transformed_atI+218;15;transformationsL0;13;parent_objectS0;","12e80f25f15f50dff35205a62b10888c0cf925bc46649bed560b9c5386e3e9da"
"obj.Kant.Cli.Client.mk.injEq","theorem","Kant.Cli.Client.mk.injEq","PROVEN","∀ (self relay : List Char) (secret : Kant.Bytes.Blob) (seq cursor : Nat)   (messages : List Kant.Relay.Msg) (self_1 relay_1 : List Char) (secret_1 : Kant.Bytes.Blob)   (seq_1 cursor_1 : Nat) (messages_1 : List Kant.Relay.Msg),   Eq     (Eq       { self := self, relay := relay, secret := secret, seq := seq, cursor := cursor,         messages := messages }       { self := self_1, relay := relay_1, secret := secret_1, seq := seq_1, cursor := cursor_1,         messages := messages_1 })     (And (Eq self self_1)       (And (Eq relay relay_1)         (And (Eq secret secret_1)           (And (Eq seq seq_1) (And (Eq cursor cursor_1) (Eq messages messages_1))))))","L1;S19;obj.Kant.Cli.Client","O0;","L0;","L0;","L1;S30;claim.Kant.Cli.Client.mk.injEq","L0;","L1;S30;proof.Kant.Cli.Client.mk.injEq","L0;","S662;∀ (self relay : List Char) (secret : Kant.Bytes.Blob) (seq cursor : Nat)   (messages : List Kant.Relay.Msg) (self_1 relay_1 : List Char) (secret_1 : Kant.Bytes.Blob)   (seq_1 cursor_1 : Nat) (messages_1 : List Kant.Relay.Msg),   Eq     (Eq       { self := self, relay := relay, secret := secret, seq := seq, cursor := cursor,         messages := messages }       { self := self_1, relay := relay_1, secret := secret_1, seq := seq_1, cursor := cursor_1,         messages := messages_1 })     (And (Eq self self_1)       (And (Eq relay relay_1)         (And (Eq secret secret_1)           (And (Eq seq seq_1) (And (Eq cursor cursor_1) (Eq messages messages_1))))))","O7;13;source_systemS5;lean411;source_fileS28;RequestProject/Kant/Cli.lean13;source_formatS4;text11;imported_atI+0;14;transformed_atI+0;15;transformationsL0;13;parent_objectS0;","8d035fedf7ea6207b61984f692f2259c9d8284a01289af4545a5d24822f16f1a"
"obj.Kant.Cli.instDecidableEqClient.decEq","def","Kant.Cli.instDecidableEqClient.decEq","ASSERTED","(x x_1 : Kant.Cli.Client) → Decidable (Eq x x_1)","L1;S19;obj.Kant.Cli.Client","O0;","L0;","L0;","L0;","L0;","L0;","L0;","S48;(x x_1 : Kant.Cli.Client) → Decidable (Eq x x_1)","O7;13;source_systemS5;lean411;source_fileS28;RequestProject/Kant/Cli.lean13;source_formatS4;text11;imported_atI+0;14;transformed_atI+328;15;transformationsL0;13;parent_objectS0;","b86fa26f95d49b675431c6728dd827acc951ffd5544204fd329901187cc07d52"
"obj.Kant.Uucp.Site.put","def","Kant.Uucp.Site.put","ASSERTED","Kant.Uucp.Site → List Char → List Char → Kant.Uucp.Site","L0;","O0;","L0;","L0;","L0;","L0;","L0;","L0;","S55;Kant.Uucp.Site → List Char → List Char → Kant.Uucp.Site","O7;13;source_systemS5;lean411;source_fileS29;RequestProject/Kant/Uucp.lean13;source_formatS4;text11;imported_atI+0;14;transformed_atI+724;15;transformationsL0;13;parent_objectS0;","5bd455ae0d4f2e82f0ded1f31dd9375d7f85d1bf5ab9819cb55c00568f07b537"
"obj.Kant.Dasl.daslHex_length","theorem","Kant.Dasl.daslHex_length","PROVEN","∀ (c : Nat), Eq (Kant.Dasl.daslHex c).length 18","L0;","O0;","L0;","L0;","L1;S30;claim.Kant.Dasl.daslHex_length","L0;","L1;S30;proof.Kant.Dasl.daslHex_length","L0;","S47;∀ (c : Nat), Eq (Kant.Dasl.daslHex c).length 18","O7;13;source_systemS5;lean411;source_fileS29;RequestProject/Kant/Dasl.lean13;source_formatS4;text11;imported_atI+0;14;transformed_atI+418;15;transformationsL0;13;parent_objectS0;","b443f5f1c1f1a4ea5cfbebaca9aa114d0ecc9941716991749e33e8faa41546e7"
"obj.Kant.Paste.mk.noConfusion","def","Kant.Paste.mk.noConfusion","ASSERTED","{P : Sort u} →   {id title : List Char} →     {content : Kant.Bytes.Blob} →       {timestamp : List Char} →         {replyTo : Option (List Char)} →           {id' title' : List Char} →             {content' : Kant.Bytes.Blob} →               {timestamp' : List Char} →                 {replyTo' : Option (List Char)} →                   Eq                       { id := id, title := title, content := content, timestamp := timestamp,                         replyTo := replyTo }                       { id := id', title := title', content := content', timestamp := timestamp',                         replyTo := replyTo' } →                     (Eq id id' →                         Eq title title' →                           Eq content content' → Eq timestamp timestamp' → Eq replyTo replyTo' → P) →                       P","L0;","O0;","L0;","L0;","L0;","L0;","L0;","L0;","S825;{P : Sort u} →   {id title : List Char} →     {content : Kant.Bytes.Blob} →       {timestamp : List Char} →         {replyTo : Option (List Char)} →           {id' title' : List Char} →             {content' : Kant.Bytes.Blob} →               {timestamp' : List Char} →                 {replyTo' : Option (List Char)} →                   Eq                       { id := id, title := title, content := content, timestamp := timestamp,                         replyTo := replyTo }                       { id := id', title := title', content := content', timestamp := timestamp',                         replyTo := replyTo' } →                     (Eq id id' →                         Eq title title' →                           Eq content content' → Eq timestamp timestamp' → Eq replyTo replyTo' → P) →                       P","O7;13;source_systemS5;lean411;source_fileS30;RequestProject/Kant/Paste.lean13;source_formatS4;text11;imported_atI+0;14;transformed_atI+36;15;transformationsL0;13;parent_objectS0;","1320dd30b663de69132dc4c76a5559d6c44890e6cda0f8e3015c18b295b750f0"
"obj.Kant.Sheaf.Encoding.prime","def","Kant.Sheaf.Encoding.prime","ASSERTED","Kant.Sheaf.Encoding → Nat","L0;","O0;","L0;","L0;","L0;","L0;","L0;","L0;","S25;Kant.Sheaf.Encoding → Nat","O7;13;source_systemS5;lean411;source_fileS30;RequestProject/Kant/Sheaf.lean13;source_formatS4;text11;imported_atI+0;14;transformed_atI+89;15;transformationsL0;13;parent_objectS0;","f457dbbed093e95f9e3bb386450055fc74511f7ddca52dc5900667ed666324b2"
"obj.Kant.Wasm.Decode.tag.eq_1","theorem","Kant.Wasm.Decode.tag.eq_1","PROVEN","∀ (b : UInt8), Eq (Kant.Wasm.Decode.tag b List.nil) Option.none","L0;","O0;","L0;","L0;","L1;S31;claim.Kant.Wasm.Decode.tag.eq_1","L0;","L1;S31;proof.Kant.Wasm.Decode.tag.eq_1","L0;","S63;∀ (b : UInt8), Eq (Kant.Wasm.Decode.tag b List.nil) Option.none","O7;13;source_systemS5;lean411;source_fileS31;RequestProject/Wasm/Decode.lean13;source_formatS4;text11;imported_atI+0;14;transformed_atI+0;15;transformationsL0;13;parent_objectS0;","fcfc1ad535ea8498b6097684e4bd1fab204445e8359c817682f5af395b6a5a49"
"obj.Kant.Wasm.Kernel.hexDigitOf.eq_1","theorem","Kant.Wasm.Kernel.hexDigitOf.eq_1","PROVEN","∀ (e : Kant.Wasm.Expr),   Eq (Kant.Wasm.Kernel.hexDigitOf e)     (((Kant.Wasm.Expr.const 48).add e).add       ((Kant.Wasm.Expr.const 39).mul         (Kant.Wasm.Expr.cmp Kant.Wasm.CmpOp.geu e (Kant.Wasm.Expr.const 10))))","L0;","O0;","L0;","L0;","L1;S38;claim.Kant.Wasm.Kernel.hexDigitOf.eq_1","L0;","L1;S38;proof.Kant.Wasm.Kernel.hexDigitOf.eq_1","L0;","S219;∀ (e : Kant.Wasm.Expr),   Eq (Kant.Wasm.Kernel.hexDigitOf e)     (((Kant.Wasm.Expr.const 48).add e).add       ((Kant.Wasm.Expr.const 39).mul         (Kant.Wasm.Expr.cmp Kant.Wasm.CmpOp.geu e (Kant.Wasm.Expr.const 10))))","O7;13;source_systemS5;lean411;source_fileS35;RequestProject/Wasm/KernelSpec.lean13;source_formatS4;text11;imported_atI+0;14;transformed_atI+0;15;transformationsL0;13;parent_objectS0;","6e71682bd7f114ce7284d49528a3620980eea10d4acb0be8be5e36cb1df0e493"
"obj.Kant.Dom.decProv.eq_1","theorem","Kant.Dom.decProv.eq_1","PROVEN","∀ (s : List Char),   Eq (Kant.Dom.decProv s) ((Kant.Codec.canonDecode s).bind (Kant.Codec.optOf Kant.Codec.Prov.ofVal))","L1;S26;obj.Kant.Codec.canonDecode","O0;","L0;","L0;","L1;S27;claim.Kant.Dom.decProv.eq_1","L0;","L1;S27;proof.Kant.Dom.decProv.eq_1","L0;","S119;∀ (s : List Char),   Eq (Kant.Dom.decProv s) ((Kant.Codec.canonDecode s).bind (Kant.Codec.optOf Kant.Codec.Prov.ofVal))","O7;13;source_systemS5;lean411;source_fileS37;RequestProject/Kant/Domain/Table.lean13;source_formatS4;text11;imported_atI+0;14;transformed_atI+0;15;transformationsL0;13;parent_objectS0;","396380bccdaf8240ce255e359fbc26b31ef40ecffe625d9ec7033dda646570c1"
"obj.Kant.PlainText.render.eq_1","theorem","Kant.PlainText.render.eq_1","PROVEN","∀ (body : List Char) (m : Kant.PlainText.Meta),   Eq (Kant.PlainText.render body m)     (instHAppendOfAppend.hAppend body       (List.cons '\n'         (instHAppendOfAppend.hAppend Kant.PlainText.sigMark           (List.cons '\n' (Kant.PlainText.metaText m)))))","L0;","O0;","L0;","L0;","L1;S32;claim.Kant.PlainText.render.eq_1","L0;","L1;S32;proof.Kant.PlainText.render.eq_1","L0;","S261;∀ (body : List Char) (m : Kant.PlainText.Meta),   Eq (Kant.PlainText.render body m)     (instHAppendOfAppend.hAppend body       (List.cons '\n'         (instHAppendOfAppend.hAppend Kant.PlainText.sigMark           (List.cons '\n' (Kant.PlainText.metaText m)))))","O7;13;source_systemS5;lean411;source_fileS34;RequestProject/Kant/PlainText.lean13;source_formatS4;text11;imported_atI+0;14;transformed_atI+0;15;transformationsL0;13;parent_objectS0;","e668aedcc86179df7777b8e9f45b86a4ced74cdbb372f52db3c6edd063f1a3d2"
"obj.Kant.CodeMovie.Circuit.and.injEq","theorem","Kant.CodeMovie.Circuit.and.injEq","PROVEN","∀ (c₁ c₂ c₁_1 c₂_1 : Kant.CodeMovie.Circuit),   Eq (Eq (c₁.and c₂) (c₁_1.and c₂_1)) (And (Eq c₁ c₁_1) (Eq c₂ c₂_1))","L0;","O0;","L0;","L0;","L1;S38;claim.Kant.CodeMovie.Circuit.and.injEq","L0;","L1;S38;proof.Kant.CodeMovie.Circuit.and.injEq","L0;","S115;∀ (c₁ c₂ c₁_1 c₂_1 : Kant.CodeMovie.Circuit),   Eq (Eq (c₁.and c₂) (c₁_1.and c₂_1)) (And (Eq c₁ c₁_1) (Eq c₂ c₂_1))","O7;13;source_systemS5;lean411;source_fileS34;RequestProject/Kant/CodeMovie.lean13;source_formatS4;text11;imported_atI+0;14;transformed_atI+0;15;transformationsL0;13;parent_objectS0;","d9f2e67f911302fcb6f24a58259c8a7f9cbebe0237eb471af0d8ac4fc59a9bbd"
"obj.Kant.Wasm.Expr.andE","def","Kant.Wasm.Expr.andE","ASSERTED","Kant.Wasm.Expr → Kant.Wasm.Expr → Kant.Wasm.Expr","L0;","O0;","L0;","L0;","L0;","L0;","L0;","L0;","S48;Kant.Wasm.Expr → Kant.Wasm.Expr → Kant.Wasm.Expr","O7;13;source_systemS5;lean411;source_fileS31;RequestProject/Wasm/Syntax.lean13;source_formatS4;text11;imported_atI+0;14;transformed_atI+117;15;transformationsL0;13;parent_objectS0;","2a432a388d05e805c751d9a4a60948421464b2591011a2af1e618d11fced068c"
"obj.Kant.CardDebug.userCard_not_connectable","theorem","Kant.CardDebug.userCard_not_connectable","PROVEN","Ne (Kant.CardDebug.pair Kant.CardDebug.userCardText Kant.CardDebug.userCardText)   Kant.CardDebug.Pairing.connectable","L1;S27;obj.Kant.CardDebug.userCard","O0;","L0;","L0;","L1;S45;claim.Kant.CardDebug.userCard_not_connectable","L0;","L1;S45;proof.Kant.CardDebug.userCard_not_connectable","L0;","S117;Ne (Kant.CardDebug.pair Kant.CardDebug.userCardText Kant.CardDebug.userCardText)   Kant.CardDebug.Pairing.connectable","O7;13;source_systemS5;lean411;source_fileS34;RequestProject/Kant/CardDebug.lean13;source_formatS4;text11;imported_atI+0;14;transformed_atI+400;15;transformationsL0;13;parent_objectS0;","73c162f601872fc0e1cd99f155f76e13f8e924c746cf9be67f828d22f5ed7939"
"obj.Kant.Dom.DomObj.casesOn","def","Kant.Dom.DomObj.casesOn","ASSERTED","{motive : Kant.Dom.DomObj → Sort u} →   (t : Kant.Dom.DomObj) →     ((id : Kant.Dom.Id) →         (kind name : List Char) →           (value : Kant.Codec.Val) →             (claim : List Char) →               (inputs : List Kant.Dom.Id) →                 (parameters : List (Prod (List Char) Kant.Codec.Val)) →                   (transformations outputs claimRefs evidenceRefs proofRefs errorRefs :                       List Kant.Dom.Id) →                     (truth : Kant.Dom.Truth) →                       (provenance : Option Kant.Codec.Prov) →                         motive                           { id := id, kind := kind, name := name, value := value, claim := claim,                             inputs := inputs, parameters := parameters,                             transformations := transformations, outputs := outputs,                             claimRefs := claimRefs, evidenceRefs := evidenceRefs,                             proofRefs := proofRefs, errorRefs := errorRefs, truth := truth,                             provenance := provenance }) →       motive t","L0;","O0;","L0;","L0;","L0;","L0;","L0;","L0;","S1081;{motive : Kant.Dom.DomObj → Sort u} →   (t : Kant.Dom.DomObj) →     ((id : Kant.Dom.Id) →         (kind name : List Char) →           (value : Kant.Codec.Val) →             (claim : List Char) →               (inputs : List Kant.Dom.Id) →                 (parameters : List (Prod (List Char) Kant.Codec.Val)) →                   (transformations outputs claimRefs evidenceRefs proofRefs errorRefs :                       List Kant.Dom.Id) →                     (truth : Kant.Dom.Truth) →                       (provenance : Option Kant.Codec.Prov) →                         motive                           { id := id, kind := kind, name := name, value := value, claim := claim,                             inputs := inputs, parameters := parameters,                             transformations := transformations, outputs := outputs,                             claimRefs := claimRefs, evidenceRefs := evidenceRefs,                             proofRefs := proofRefs, errorRefs := errorRefs, truth := truth,                             provenance := provenance }) →       motive t","O7;13;source_systemS5;lean411;source_fileS37;RequestProject/Kant/Domain/Model.lean13;source_formatS4;text11;imported_atI+0;14;transformed_atI+276;15;transformationsL0;13;parent_objectS0;","e48ed333a5195d87db87eff08fdc20d455584cd980ec9065ee49597affa58572"
"obj.Kant.Codec.instReprSeverity","def","Kant.Codec.instReprSeverity","ASSERTED","Repr Kant.Codec.Severity","L0;","O0;","L0;","L0;","L0;","L0;","L0;","L0;","S24;Repr Kant.Codec.Severity","O7;13;source_systemS5;lean411;source_fileS36;RequestProject/Kant/Codec/Model.lean13;source_formatS4;text11;imported_atI+0;14;transformed_atI+49;15;transformationsL0;13;parent_objectS0;","5c71cd891ceb4239d35a0a2fd71f298696267c0c629f38d3c3b74a59d31733a0"
"obj.Kant.Dasl.tenfoldCoords_nodup","theorem","Kant.Dasl.tenfoldCoords_nodup","PROVEN","Kant.Dasl.tenfoldCoords.Nodup","L0;","O0;","L0;","L0;","L1;S35;claim.Kant.Dasl.tenfoldCoords_nodup","L0;","L1;S35;proof.Kant.Dasl.tenfoldCoords_nodup","L0;","S29;Kant.Dasl.tenfoldCoords.Nodup","O7;13;source_systemS5;lean411;source_fileS29;RequestProject/Kant/Dasl.lean13;source_formatS4;text11;imported_atI+0;14;transformed_atI+311;15;transformationsL0;13;parent_objectS0;","538e5b06edb60bc5f7afeac72dbca192830b377662c7b3df194c4341616c772c"
"obj.Kant.Stego.fromBits_toBits_append","theorem","Kant.Stego.fromBits_toBits_append","PROVEN","∀ {p : List Nat},   (∀ (v : Nat), List.instMembership.mem p v → instLTNat.lt v 256) →     ∀ (rest : List Bool),       Eq (Kant.Stego.fromBits (instHAppendOfAppend.hAppend (Kant.Stego.toBits p) rest))         (instHAppendOfAppend.hAppend p (Kant.Stego.fromBits rest))","L0;","O0;","L0;","L0;","L1;S39;claim.Kant.Stego.fromBits_toBits_append","L0;","L1;S39;proof.Kant.Stego.fromBits_toBits_append","L0;","S266;∀ {p : List Nat},   (∀ (v : Nat), List.instMembership.mem p v → instLTNat.lt v 256) →     ∀ (rest : List Bool),       Eq (Kant.Stego.fromBits (instHAppendOfAppend.hAppend (Kant.Stego.toBits p) rest))         (instHAppendOfAppend.hAppend p (Kant.Stego.fromBits rest))","O7;13;source_systemS5;lean411;source_fileS30;RequestProject/Kant/Stego.lean13;source_formatS4;text11;imported_atI+0;14;transformed_atI+211;15;transformationsL0;13;parent_objectS0;","b05d033d884a7d431d3eb18dadadf9b00c89afd27cbb3ae9bfdf749ab99954c6"
"obj.Kant.Wasm.Decode.instDecidableEqRawInstr","def","Kant.Wasm.Decode.instDecidableEqRawInstr","ASSERTED","DecidableEq Kant.Wasm.Decode.RawInstr","L0;","O0;","L0;","L0;","L0;","L0;","L0;","L0;","S37;DecidableEq Kant.Wasm.Decode.RawInstr","O7;13;source_systemS5;lean411;source_fileS31;RequestProject/Wasm/Decode.lean13;source_formatS4;text11;imported_atI+0;14;transformed_atI+49;15;transformationsL0;13;parent_objectS0;","733d7574873355173ca0c02f6f88169462c5ea5575867a5d1a70cd5a8f35f25a"
"obj.Kant.Dom.Domain.errors","def","Kant.Dom.Domain.errors","ASSERTED","Kant.Dom.Domain → List Kant.Codec.Err","L0;","O0;","L0;","L0;","L0;","L0;","L0;","L0;","S37;Kant.Dom.Domain → List Kant.Codec.Err","O7;13;source_systemS5;lean411;source_fileS37;RequestProject/Kant/Domain/Model.lean13;source_formatS4;text11;imported_atI+0;14;transformed_atI+586;15;transformationsL0;13;parent_objectS0;","49c0bc7eb3e1dc4f6367889f4a09d7cc99f4337951acfa4deaf0cff722f3cf7a"
"obj.Kant.Dom.instDecidableEqEvent","def","Kant.Dom.instDecidableEqEvent","ASSERTED","DecidableEq Kant.Dom.Event","L0;","O0;","L0;","L0;","L0;","L0;","L0;","L0;","S26;DecidableEq Kant.Dom.Event","O7;13;source_systemS5;lean411;source_fileS38;RequestProject/Kant/Domain/Policy.lean13;source_formatS4;text11;imported_atI+0;14;transformed_atI+50;15;transformationsL0;13;parent_objectS0;","c7b617b751a0c64883b3817382f763db6008c7829f3742ee7844524e48a04201"
"obj.Kant.Relay.Msg.Wire.recOn","def","Kant.Relay.Msg.Wire.recOn","ASSERTED","{m : Kant.Relay.Msg} →   {motive : m.Wire → Sort u} →     (t : m.Wire) →       ((room : Kant.Text.IsAscii m.room) → (sender : Kant.Text.IsAscii m.sender) → motive ⋯) →         motive t","L1;S23;obj.Kant.Relay.Msg.room","O0;","L0;","L0;","L0;","L0;","L0;","L0;","S184;{m : Kant.Relay.Msg} →   {motive : m.Wire → Sort u} →     (t : m.Wire) →       ((room : Kant.Text.IsAscii m.room) → (sender : Kant.Text.IsAscii m.sender) → motive ⋯) →         motive t","O7;13;source_systemS5;lean411;source_fileS30;RequestProject/Kant/Relay.lean13;source_formatS4;text11;imported_atI+0;14;transformed_atI+63;15;transformationsL0;13;parent_objectS0;","48f0bc56e1c24bc7853c867fe9b3f9ecc47c89fcf5c105b54a98826d762fb1ba"
"obj.Kant.Rendezvous.Address.locator","def","Kant.Rendezvous.Address.locator","ASSERTED","Kant.Rendezvous.Address → List Char","L0;","O0;","L0;","L0;","L0;","L0;","L0;","L0;","S35;Kant.Rendezvous.Address → List Char","O7;13;source_systemS5;lean411;source_fileS35;RequestProject/Kant/Rendezvous.lean13;source_formatS4;text11;imported_atI+0;14;transformed_atI+60;15;transformationsL0;13;parent_objectS0;","1b7e8d453f41ee4d578a54c1550752e29891fe219e49a6472704f19a55fb3d6c"
"obj.Kant.Wasm.Decode.instInhabitedRawModule.default","def","Kant.Wasm.Decode.instInhabitedRawModule.default","ASSERTED","Kant.Wasm.Decode.RawModule","L1;S30;obj.Kant.Wasm.Decode.RawModule","O0;","L0;","L0;","L0;","L0;","L0;","L0;","S26;Kant.Wasm.Decode.RawModule","O7;13;source_systemS5;lean411;source_fileS31;RequestProject/Wasm/Decode.lean13;source_formatS4;text11;imported_atI+0;14;transformed_atI+67;15;transformationsL0;13;parent_objectS0;","f7903d4e2188e7ef042cba680acbf56c4389292fd1ab93f55b22479570df6b72"
"obj.Kant.Uucp.readBagUrl_bagUrl","theorem","Kant.Uucp.readBagUrl_bagUrl","PROVEN","∀ {base : List Char},   Not (List.instMembership.mem base Kant.Clipboard.hash) →     ∀ {ms : List Kant.Relay.Msg},       (∀ (m : Kant.Relay.Msg), List.instMembership.mem ms m → m.Wire) →         Eq (Kant.Uucp.readBagUrl (Kant.Uucp.bagUrl base ms)) (Option.some ms)","L3;S23;obj.Kant.Clipboard.hashS32;obj.Kant.Clipboard.parseShareUrlS31;obj.Kant.Clipboard.Envelope.tag","O0;","L0;","L0;","L1;S33;claim.Kant.Uucp.readBagUrl_bagUrl","L0;","L1;S33;proof.Kant.Uucp.readBagUrl_bagUrl","L0;","S264;∀ {base : List Char},   Not (List.instMembership.mem base Kant.Clipboard.hash) →     ∀ {ms : List Kant.Relay.Msg},       (∀ (m : Kant.Relay.Msg), List.instMembership.mem ms m → m.Wire) →         Eq (Kant.Uucp.readBagUrl (Kant.Uucp.bagUrl base ms)) (Option.some ms)","O7;13;source_systemS5;lean411;source_fileS29;RequestProject/Kant/Uucp.lean13;source_formatS4;text11;imported_atI+0;14;transformed_atI+166;15;transformationsL0;13;parent_objectS0;","da9e84d9c958895111cb0be5612d2896780dae61d7ceefabc411423c00300d50"
"obj.Kant.Connectivity.Verdict.noRoom.sizeOf_spec","theorem","Kant.Connectivity.Verdict.noRoom.sizeOf_spec","PROVEN","Eq (Kant.Connectivity.Verdict._sizeOf_inst.sizeOf Kant.Connectivity.Verdict.noRoom) 1","L0;","O0;","L0;","L0;","L1;S50;claim.Kant.Connectivity.Verdict.noRoom.sizeOf_spec","L0;","L1;S50;proof.Kant.Connectivity.Verdict.noRoom.sizeOf_spec","L0;","S85;Eq (Kant.Connectivity.Verdict._sizeOf_inst.sizeOf Kant.Connectivity.Verdict.noRoom) 1","O7;13;source_systemS5;lean411;source_fileS37;RequestProject/Kant/Connectivity.lean13;source_formatS4;text11;imported_atI+0;14;transformed_atI+0;15;transformationsL0;13;parent_objectS0;","aab1d4bd1c031e998541013e236f6ae6c4342e5e3df364f349fb232030931b40"
"obj.Kant.Wasm.Kernel.daslPrefix.eq_1","theorem","Kant.Wasm.Kernel.daslPrefix.eq_1","PROVEN","Eq Kant.Wasm.Kernel.daslPrefix 55889","L0;","O0;","L0;","L0;","L1;S38;claim.Kant.Wasm.Kernel.daslPrefix.eq_1","L0;","L1;S38;proof.Kant.Wasm.Kernel.daslPrefix.eq_1","L0;","S36;Eq Kant.Wasm.Kernel.daslPrefix 55889","O7;13;source_systemS5;lean411;source_fileS35;RequestProject/Wasm/KernelSpec.lean13;source_formatS4;text11;imported_atI+0;14;transformed_atI+0;15;transformationsL0;13;parent_objectS0;","b792047e49b7659ed41a87e6c741ecf17196d6befb96a9789c27cae009aac1cb"
"obj.Kant.Dom.Domain.ne_of_hash_ne","theorem","Kant.Dom.Domain.ne_of_hash_ne","PROVEN","∀ {a b : Kant.Dom.Domain}, Ne a.hash b.hash → Ne a b","L0;","O0;","L0;","L0;","L1;S35;claim.Kant.Dom.Domain.ne_of_hash_ne","L0;","L1;S35;proof.Kant.Dom.Domain.ne_of_hash_ne","L0;","S52;∀ {a b : Kant.Dom.Domain}, Ne a.hash b.hash → Ne a b","O7;13;source_systemS5;lean411;source_fileS37;RequestProject/Kant/Domain/Model.lean13;source_formatS4;text11;imported_atI+0;14;transformed_atI+676;15;transformationsL0;13;parent_objectS0;","6de5108052d373a2800bd7b738cb3775f78f503878f97be40c154bb8a265c507"
"obj.Kant.Codec.rowsFields_length_cons","theorem","Kant.Codec.rowsFields_length_cons","PROVEN","∀ (parent : List Char) (i : Nat) (k : List Char) (v : Kant.Codec.Val)   (fs : List (Prod (List Char) Kant.Codec.Val)),   Eq (Kant.Codec.rowsFields parent i (List.cons { fst := k, snd := v } fs)).length     (instHAdd.hAdd       (Kant.Codec.rowsVal           (instHAppendOfAppend.hAppend parent (List.cons '/' (Kant.Codec.natDigits i))) parent k           v).length       (Kant.Codec.rowsFields parent (instHAdd.hAdd i 1) fs).length)","L0;","O0;","L0;","L0;","L1;S39;claim.Kant.Codec.rowsFields_length_cons","L0;","L1;S39;proof.Kant.Codec.rowsFields_length_cons","L0;","S431;∀ (parent : List Char) (i : Nat) (k : List Char) (v : Kant.Codec.Val)   (fs : List (Prod (List Char) Kant.Codec.Val)),   Eq (Kant.Codec.rowsFields parent i (List.cons { fst := k, snd := v } fs)).length     (instHAdd.hAdd       (Kant.Codec.rowsVal           (instHAppendOfAppend.hAppend parent (List.cons '/' (Kant.Codec.natDigits i))) parent k           v).length       (Kant.Codec.rowsFields parent (instHAdd.hAdd i 1) fs).length)","O7;13;source_systemS5;lean411;source_fileS34;RequestProject/Kant/Codec/Csv.lean13;source_formatS4;text11;imported_atI+0;14;transformed_atI+182;15;transformationsL0;13;parent_objectS0;","8eb0a1fce80c247347ad6e1e55dca3d85fe59cddbda641b9cc0bfd8c5704974e"
"obj.Kant.Clipboard.Envelope.tag","def","Kant.Clipboard.Envelope.tag","ASSERTED","Kant.Clipboard.Envelope → Kant.Bytes.Blob","L0;","O0;","L0;","L0;","L0;","L0;","L0;","L0;","S41;Kant.Clipboard.Envelope → Kant.Bytes.Blob","O7;13;source_systemS5;lean411;source_fileS34;RequestProject/Kant/Clipboard.lean13;source_formatS4;text11;imported_atI+0;14;transformed_atI+44;15;transformationsL0;13;parent_objectS0;","a2a7d23c08ce0d42484b52abfb78b9ed973f9b11b42c59f4b4cc11433e5c791f"
"obj.Kant.Store.mk.noConfusion","def","Kant.Store.mk.noConfusion","ASSERTED","{P : Sort u} →   {entries entries' : List Kant.Paste} →     Eq { entries := entries } { entries := entries' } → (Eq entries entries' → P) → P","L0;","O0;","L0;","L0;","L0;","L0;","L0;","L0;","S141;{P : Sort u} →   {entries entries' : List Kant.Paste} →     Eq { entries := entries } { entries := entries' } → (Eq entries entries' → P) → P","O7;13;source_systemS5;lean411;source_fileS30;RequestProject/Kant/Paste.lean13;source_formatS4;text11;imported_atI+0;14;transformed_atI+87;15;transformationsL0;13;parent_objectS0;","01f7345b32b6d5239a31b241f5d0c5b83b7fd9d9a2a4346177b1e72e7fd7da16"
"obj.Kant.Codec.Err.casesOn","def","Kant.Codec.Err.casesOn","ASSERTED","{motive : Kant.Codec.Err → Sort u} →   (t : Kant.Codec.Err) →     ((id code : List Char) →         (severity : Kant.Codec.Severity) →           (message location field objectId sourceSystem : List Char) →             (sourceFormat : Kant.Codec.Fmt) →               (expected actual cause resolution : List Char) →                 (recoverable : Bool) →                   motive                     { id := id, code := code, severity := severity, message := message,                       location := location, field := field, objectId := objectId,                       sourceSystem := sourceSystem, sourceFormat := sourceFormat,                       expected := expected, actual := actual, cause := cause,                       resolution := resolution, recoverable := recoverable }) →       motive t","L0;","O0;","L0;","L0;","L0;","L0;","L0;","L0;","S802;{motive : Kant.Codec.Err → Sort u} →   (t : Kant.Codec.Err) →     ((id code : List Char) →         (severity : Kant.Codec.Severity) →           (message location field objectId sourceSystem : List Char) →             (sourceFormat : Kant.Codec.Fmt) →               (expected actual cause resolution : List Char) →                 (recoverable : Bool) →                   motive                     { id := id, code := code, severity := severity, message := message,                       location := location, field := field, objectId := objectId,                       sourceSystem := sourceSystem, sourceFormat := sourceFormat,                       expected := expected, actual := actual, cause := cause,                       resolution := resolution, recoverable := recoverable }) →       motive t","O7;13;source_systemS5;lean411;source_fileS36;RequestProject/Kant/Codec/Model.lean13;source_formatS4;text11;imported_atI+0;14;transformed_atI+218;15;transformationsL0;13;parent_objectS0;","439a12f06bca9ceaa3ed8f0a961f768d5c0514412eda5b848daca67a30eccac7"
"obj.Kant.SiteCard.splitCh.match_3","def","Kant.SiteCard.splitCh.match_3","ASSERTED","(motive : List Char → Sort u_1) →   (x : List Char) →     (Unit → motive List.nil) → ((c : Char) → (cs : List Char) → motive (List.cons c cs)) → motive x","L0;","O0;","L0;","L0;","L0;","L0;","L0;","L0;","S153;(motive : List Char → Sort u_1) →   (x : List Char) →     (Unit → motive List.nil) → ((c : Char) → (cs : List Char) → motive (List.cons c cs)) → motive x","O7;13;source_systemS5;lean411;source_fileS33;RequestProject/Kant/SiteCard.lean13;source_formatS4;text11;imported_atI+0;14;transformed_atI+0;15;transformationsL0;13;parent_objectS0;","5acad0d89616d9baa826a3bafcc8e85dba2ace5fa1c7b9841e133381e5ac8a07"
"obj.Kant.Rendezvous.inviteUrl","def","Kant.Rendezvous.inviteUrl","ASSERTED","List Char → Kant.Rendezvous.Invite → List Char","L0;","O0;","L0;","L0;","L0;","L0;","L0;","L0;","S46;List Char → Kant.Rendezvous.Invite → List Char","O7;13;source_systemS5;lean411;source_fileS35;RequestProject/Kant/Rendezvous.lean13;source_formatS4;text11;imported_atI+0;14;transformed_atI+502;15;transformationsL0;13;parent_objectS0;","4b3e13a8d735462eb486d1ccf607ab210efa69058b8ed45817896dff4902eeab"
"obj.Kant.Codec.digitVal.eq_1","theorem","Kant.Codec.digitVal.eq_1","PROVEN","Eq (Kant.Codec.digitVal '0') (Option.some 0)","L0;","O0;","L0;","L0;","L1;S30;claim.Kant.Codec.digitVal.eq_1","L0;","L1;S30;proof.Kant.Codec.digitVal.eq_1","L0;","S44;Eq (Kant.Codec.digitVal '0') (Option.some 0)","O7;13;source_systemS5;lean411;source_fileS35;RequestProject/Kant/Codec/Yaml.lean13;source_formatS4;text11;imported_atI+0;14;transformed_atI+0;15;transformationsL0;13;parent_objectS0;","0c99a754eeee55344c2b917579e886e723a7fbe4765e979af7bfcfd74b2f8dcd"
"obj.Kant.Relay.accept.eq_1","theorem","Kant.Relay.accept.eq_1","PROVEN","∀ (ms : List Kant.Relay.Msg) (line : List Char),   Eq (Kant.Relay.accept ms line)     (Kant.Relay.accept.match_1 (fun x => List Kant.Relay.Msg) (Kant.Relay.parseMsg line)       (fun m => ite (List.instMembership.mem ms m) ms (List.cons m ms)) fun _ => ms)","L1;S21;obj.Kant.Relay.accept","O0;","L0;","L0;","L1;S28;claim.Kant.Relay.accept.eq_1","L0;","L1;S28;proof.Kant.Relay.accept.eq_1","L0;","S255;∀ (ms : List Kant.Relay.Msg) (line : List Char),   Eq (Kant.Relay.accept ms line)     (Kant.Relay.accept.match_1 (fun x => List Kant.Relay.Msg) (Kant.Relay.parseMsg line)       (fun m => ite (List.instMembership.mem ms m) ms (List.cons m ms)) fun _ => ms)","O7;13;source_systemS5;lean411;source_fileS30;RequestProject/Kant/Relay.lean13;source_formatS4;text11;imported_atI+0;14;transformed_atI+0;15;transformationsL0;13;parent_objectS0;","257186674aa4c142c0d4256fb1ecb4651e7154a5cd6e9c14990ca34c7c5130c7"
"obj.Kant.Strip.readParts.eq_1","theorem","Kant.Strip.readParts.eq_1","PROVEN","Eq (Kant.Strip.readParts List.nil) (Option.some List.nil)","L1;S25;obj.Kant.Sneakernet.Frame","O0;","L0;","L0;","L1;S31;claim.Kant.Strip.readParts.eq_1","L0;","L1;S31;proof.Kant.Strip.readParts.eq_1","L0;","S57;Eq (Kant.Strip.readParts List.nil) (Option.some List.nil)","O7;13;source_systemS5;lean411;source_fileS30;RequestProject/Kant/Strip.lean13;source_formatS4;text11;imported_atI+0;14;transformed_atI+0;15;transformationsL0;13;parent_objectS0;","811dce09c959a617693847327da800c43d5fc59fed52e6bd9f697ca9cd0f08ea"
"obj.Kant.Dom.instReprSummary","def","Kant.Dom.instReprSummary","ASSERTED","Repr Kant.Dom.Summary","L0;","O0;","L0;","L0;","L0;","L0;","L0;","L0;","S21;Repr Kant.Dom.Summary","O7;13;source_systemS5;lean411;source_fileS38;RequestProject/Kant/Domain/Ledger.lean13;source_formatS4;text11;imported_atI+0;14;transformed_atI+247;15;transformationsL0;13;parent_objectS0;","44a425412cbdc782d360fd470c0392a5816c90c35bbb30fc56af40c64a26379f"
"obj.Kant.Cli.loadUrl_link","theorem","Kant.Cli.loadUrl_link","PROVEN","∀ {cfg : Kant.SiteCard.Config},   Kant.Join.BlankFree cfg.origin →     ∀ {c : Kant.Cli.Client},       c.invite.Wire →         Eq (Kant.Cli.loadUrl (Kant.Cli.Client.link cfg c)) (Kant.Cli.Loaded.invitation c.invite)","L2;S23;obj.Kant.Join.BlankFreeS19;obj.Kant.Cli.Client","O0;","L0;","L0;","L1;S27;claim.Kant.Cli.loadUrl_link","L0;","L1;S27;proof.Kant.Cli.loadUrl_link","L0;","S214;∀ {cfg : Kant.SiteCard.Config},   Kant.Join.BlankFree cfg.origin →     ∀ {c : Kant.Cli.Client},       c.invite.Wire →         Eq (Kant.Cli.loadUrl (Kant.Cli.Client.link cfg c)) (Kant.Cli.Loaded.invitation c.invite)","O7;13;source_systemS5;lean411;source_fileS28;RequestProject/Kant/Cli.lean13;source_formatS4;text11;imported_atI+0;14;transformed_atI+567;15;transformationsL0;13;parent_objectS0;","315c4e88a1df6e36b6b446d4ccb7c409d3e93355dc9b85e007aa6e5bbdc1e253"
"obj.Kant.Store.recOn","def","Kant.Store.recOn","ASSERTED","{motive : Kant.Store → Sort u} →   (t : Kant.Store) → ((entries : List Kant.Paste) → motive { entries := entries }) → motive t","L0;","O0;","L0;","L0;","L0;","L0;","L0;","L0;","S126;{motive : Kant.Store → Sort u} →   (t : Kant.Store) → ((entries : List Kant.Paste) → motive { entries := entries }) → motive t","O7;13;source_systemS5;lean411;source_fileS30;RequestProject/Kant/Paste.lean13;source_formatS4;text11;imported_atI+0;14;transformed_atI+84;15;transformationsL0;13;parent_objectS0;","46e0e5e1dc5acb4d9a7684bad8580d72ebdeb2310ac95667906f2f861406947c"
"obj.Kant.CardDebug.Pairing.connectable.sizeOf_spec","theorem","Kant.CardDebug.Pairing.connectable.sizeOf_spec","PROVEN","Eq (Kant.CardDebug.Pairing._sizeOf_inst.sizeOf Kant.CardDebug.Pairing.connectable) 1","L0;","O0;","L0;","L0;","L1;S52;claim.Kant.CardDebug.Pairing.connectable.sizeOf_spec","L0;","L1;S52;proof.Kant.CardDebug.Pairing.connectable.sizeOf_spec","L0;","S84;Eq (Kant.CardDebug.Pairing._sizeOf_inst.sizeOf Kant.CardDebug.Pairing.connectable) 1","O7;13;source_systemS5;lean411;source_fileS34;RequestProject/Kant/CardDebug.lean13;source_formatS4;text11;imported_atI+0;14;transformed_atI+0;15;transformationsL0;13;parent_objectS0;","041b34cd64d515d14de16c66cb6a15ae2424176d4ecd7f8becb4bfc543caabe8"
"obj.Kant.Sneakernet.Frame.seq","def","Kant.Sneakernet.Frame.seq","ASSERTED","Kant.Sneakernet.Frame → Nat","L1;S25;obj.Kant.Sneakernet.Frame","O0;","L0;","L0;","L0;","L0;","L0;","L0;","S27;Kant.Sneakernet.Frame → Nat","O7;13;source_systemS5;lean411;source_fileS35;RequestProject/Kant/Sneakernet.lean13;source_formatS4;text11;imported_atI+0;14;transformed_atI+133;15;transformationsL0;13;parent_objectS0;","218ce6df5a9113e9d86908f3c8967116130cb6e4cfd66023a1b64989c9655720"
"obj.Kant.Sheaf.Encoding.prime.eq_7","theorem","Kant.Sheaf.Encoding.prime.eq_7","PROVEN","Eq Kant.Sheaf.Encoding.numbers.prime 13","L1;S29;obj.Kant.Sheaf.Encoding.prime","O0;","L0;","L0;","L1;S36;claim.Kant.Sheaf.Encoding.prime.eq_7","L0;","L1;S36;proof.Kant.Sheaf.Encoding.prime.eq_7","L0;","S39;Eq Kant.Sheaf.Encoding.numbers.prime 13","O7;13;source_systemS5;lean411;source_fileS30;RequestProject/Kant/Sheaf.lean13;source_formatS4;text11;imported_atI+0;14;transformed_atI+0;15;transformationsL0;13;parent_objectS0;","b07fba2e58580dd4368eed7957a76ee7619e8db37c44e5faa24bb23624e4448d"
"obj.Kant.Wasm.Decode.instReprRawModule.repr","def","Kant.Wasm.Decode.instReprRawModule.repr","ASSERTED","Kant.Wasm.Decode.RawModule → Nat → Std.Format","L1;S30;obj.Kant.Wasm.Decode.RawModule","O0;","L0;","L0;","L0;","L0;","L0;","L0;","S45;Kant.Wasm.Decode.RawModule → Nat → Std.Format","O7;13;source_systemS5;lean411;source_fileS31;RequestProject/Wasm/Decode.lean13;source_formatS4;text11;imported_atI+0;14;transformed_atI+67;15;transformationsL0;13;parent_objectS0;","91c5ff4ff96063ad2bfe387e68d139eaac9056d176d24ae7ee6eb8ec32fc5c24"
"obj.Kant.Paste.mk.inj","theorem","Kant.Paste.mk.inj","PROVEN","∀ {id title : List Char} {content : Kant.Bytes.Blob} {timestamp : List Char}   {replyTo : Option (List Char)} {id_1 title_1 : List Char} {content_1 : Kant.Bytes.Blob}   {timestamp_1 : List Char} {replyTo_1 : Option (List Char)},   Eq { id := id, title := title, content := content, timestamp := timestamp, replyTo := replyTo }       { id := id_1, title := title_1, content := content_1, timestamp := timestamp_1,         replyTo := replyTo_1 } →     And (Eq id id_1)       (And (Eq title title_1)         (And (Eq content content_1) (And (Eq timestamp timestamp_1) (Eq replyTo replyTo_1))))","L1;S29;obj.Kant.Paste.mk.noConfusion","O0;","L0;","L0;","L1;S23;claim.Kant.Paste.mk.inj","L0;","L1;S23;proof.Kant.Paste.mk.inj","L0;","S590;∀ {id title : List Char} {content : Kant.Bytes.Blob} {timestamp : List Char}   {replyTo : Option (List Char)} {id_1 title_1 : List Char} {content_1 : Kant.Bytes.Blob}   {timestamp_1 : List Char} {replyTo_1 : Option (List Char)},   Eq { id := id, title := title, content := content, timestamp := timestamp, replyTo := replyTo }       { id := id_1, title := title_1, content := content_1, timestamp := timestamp_1,         replyTo := replyTo_1 } →     And (Eq id id_1)       (And (Eq title title_1)         (And (Eq content content_1) (And (Eq timestamp timestamp_1) (Eq replyTo replyTo_1))))","O7;13;source_systemS5;lean411;source_fileS30;RequestProject/Kant/Paste.lean13;source_formatS4;text11;imported_atI+0;14;transformed_atI+0;15;transformationsL0;13;parent_objectS0;","753d3fd17b29957020162263bb30048327812e9e2513680691db4b9923197809"
"obj.Kant.Cli.printArgv","def","Kant.Cli.printArgv","ASSERTED","Kant.Cli.Cmd → List (List Char)","L0;","O0;","L0;","L0;","L0;","L0;","L0;","L0;","S31;Kant.Cli.Cmd → List (List Char)","O7;13;source_systemS5;lean411;source_fileS28;RequestProject/Kant/Cli.lean13;source_formatS4;text11;imported_atI+0;14;transformed_atI+729;15;transformationsL0;13;parent_objectS0;","1479423083a92265c22bb699385a2c2aed163ca6141154cf1442ec8a35ae4124"
"obj.Kant.CodeMovie.instDecidableEqCircuit.decEq","def","Kant.CodeMovie.instDecidableEqCircuit.decEq","ASSERTED","(x x_1 : Kant.CodeMovie.Circuit) → Decidable (Eq x x_1)","L0;","O0;","L0;","L0;","L0;","L0;","L0;","L0;","S55;(x x_1 : Kant.CodeMovie.Circuit) → Decidable (Eq x x_1)","O7;13;source_systemS5;lean411;source_fileS34;RequestProject/Kant/CodeMovie.lean13;source_formatS4;text11;imported_atI+0;14;transformed_atI+162;15;transformationsL0;13;parent_objectS0;","393f66fb118ce5fb1f923782df050b90f9bd42c8446a90d9ce9640e66928762e"
"obj.Kant.Dom.relationOfRow.eq_1","theorem","Kant.Dom.relationOfRow.eq_1","PROVEN","∀ (source kind target : List Char),   Eq (Kant.Dom.relationOfRow (List.cons source (List.cons kind (List.cons target List.nil)))) do     let kind ← Kant.Dom.Rel.ofName kind     instAlternativeOption.pure { source := source, kind := kind, target := target }","L0;","O0;","L0;","L0;","L1;S33;claim.Kant.Dom.relationOfRow.eq_1","L0;","L1;S33;proof.Kant.Dom.relationOfRow.eq_1","L0;","S256;∀ (source kind target : List Char),   Eq (Kant.Dom.relationOfRow (List.cons source (List.cons kind (List.cons target List.nil)))) do     let kind ← Kant.Dom.Rel.ofName kind     instAlternativeOption.pure { source := source, kind := kind, target := target }","O7;13;source_systemS5;lean411;source_fileS37;RequestProject/Kant/Domain/Table.lean13;source_formatS4;text11;imported_atI+0;14;transformed_atI+0;15;transformationsL0;13;parent_objectS0;","bf9fb30d9f7b93284eb9361c109f07634e349679f1143ea63a97a50cab416861"
"obj.Kant.Codec.pVal.match_3","def","Kant.Codec.pVal.match_3","ASSERTED","(motive : Option (Prod (List (Prod (List Char) Kant.Codec.Val)) (List Char)) → Sort u_1) →   (x : Option (Prod (List (Prod (List Char) Kant.Codec.Val)) (List Char))) →     ((fs : List (Prod (List Char) Kant.Codec.Val)) →         (r2 : List Char) → motive (Option.some { fst := fs, snd := r2 })) →       (Unit → motive Option.none) → motive x","L0;","O0;","L0;","L0;","L0;","L0;","L0;","L0;","S341;(motive : Option (Prod (List (Prod (List Char) Kant.Codec.Val)) (List Char)) → Sort u_1) →   (x : Option (Prod (List (Prod (List Char) Kant.Codec.Val)) (List Char))) →     ((fs : List (Prod (List Char) Kant.Codec.Val)) →         (r2 : List Char) → motive (Option.some { fst := fs, snd := r2 })) →       (Unit → motive Option.none) → motive x","O7;13;source_systemS5;lean411;source_fileS34;RequestProject/Kant/Codec/Val.lean13;source_formatS4;text11;imported_atI+0;14;transformed_atI+0;15;transformationsL0;13;parent_objectS0;","a870acc979057e99c788f1455243201611a412de67682b83dc694887436ebbe0"
"obj.Kant.Dom.package_hash_shared","theorem","Kant.Dom.package_hash_shared","PROVEN","∀ (d : Kant.Dom.Domain) (f : Kant.Codec.Fmt),   Eq (Option.map Kant.Dom.Domain.hash (Kant.Dom.parse f (Kant.Dom.emit f d))) (Option.some d.hash)","L0;","O0;","L0;","L0;","L1;S34;claim.Kant.Dom.package_hash_shared","L0;","L1;S34;proof.Kant.Dom.package_hash_shared","L0;","S144;∀ (d : Kant.Dom.Domain) (f : Kant.Codec.Fmt),   Eq (Option.map Kant.Dom.Domain.hash (Kant.Dom.parse f (Kant.Dom.emit f d))) (Option.some d.hash)","O7;13;source_systemS5;lean411;source_fileS39;RequestProject/Kant/Domain/Package.lean13;source_formatS4;text11;imported_atI+0;14;transformed_atI+189;15;transformationsL0;13;parent_objectS0;","6ffbe375c1b1a07e4684ea1a9e2bdbb1e89ec6aca5c3e7f80cd1921c8fd6116b"
"obj.Kant.Cli.route_pollPath","theorem","Kant.Cli.route_pollPath","PROVEN","∀ {room : List Char},   Not (List.instMembership.mem room '?') →     ∀ (cursor : Nat),       Eq         (Kant.Cli.route           (instHAppendOfAppend.hAppend (Kant.Cli.roomPath room) (Kant.Cli.cursorQuery cursor)))         (Option.some { room := room, cursor := cursor })","L0;","O0;","L0;","L0;","L1;S29;claim.Kant.Cli.route_pollPath","L0;","L1;S29;proof.Kant.Cli.route_pollPath","L0;","S272;∀ {room : List Char},   Not (List.instMembership.mem room '?') →     ∀ (cursor : Nat),       Eq         (Kant.Cli.route           (instHAppendOfAppend.hAppend (Kant.Cli.roomPath room) (Kant.Cli.cursorQuery cursor)))         (Option.some { room := room, cursor := cursor })","O7;13;source_systemS5;lean411;source_fileS28;RequestProject/Kant/Cli.lean13;source_formatS4;text11;imported_atI+0;14;transformed_atI+278;15;transformationsL0;13;parent_objectS0;","e1d1b8c781a20ac90c6226c9811ff36e49cda22d0abf787ba0a4b04fed3d4cb0"
"obj.Kant.Relay.receive_nil","theorem","Kant.Relay.receive_nil","PROVEN","∀ (ms : List Kant.Relay.Msg), Eq (Kant.Relay.receive ms List.nil) ms","L0;","O0;","L0;","L0;","L1;S28;claim.Kant.Relay.receive_nil","L0;","L1;S28;proof.Kant.Relay.receive_nil","L0;","S68;∀ (ms : List Kant.Relay.Msg), Eq (Kant.Relay.receive ms List.nil) ms","O7;13;source_systemS5;lean411;source_fileS30;RequestProject/Kant/Relay.lean13;source_formatS4;text11;imported_atI+0;14;transformed_atI+271;15;transformationsL0;13;parent_objectS0;","9338b968ee313a66130567651d267a01bdd49b7882d17a18229daa598f733ef3"
"obj.Kant.Dom.encFields.eq_1","theorem","Kant.Dom.encFields.eq_1","PROVEN","∀ (fs : List (Prod (List Char) Kant.Codec.Val)),   Eq (Kant.Dom.encFields fs) (Kant.Codec.canonEnc (Kant.Codec.Val.obj fs))","L0;","O0;","L0;","L0;","L1;S29;claim.Kant.Dom.encFields.eq_1","L0;","L1;S29;proof.Kant.Dom.encFields.eq_1","L0;","S123;∀ (fs : List (Prod (List Char) Kant.Codec.Val)),   Eq (Kant.Dom.encFields fs) (Kant.Codec.canonEnc (Kant.Codec.Val.obj fs))","O7;13;source_systemS5;lean411;source_fileS37;RequestProject/Kant/Domain/Table.lean13;source_formatS4;text11;imported_atI+0;14;transformed_atI+0;15;transformationsL0;13;parent_objectS0;","a797d1e1877bbeb93e3fa6cda09523fec28bee050e15bf2b024f6e2f629c7130"
"obj.Kant.Wasm.Kernel.eval_cidPrefixE","theorem","Kant.Wasm.Kernel.eval_cidPrefixE","PROVEN","∀ (x : UInt64),   Eq     (Option.map UInt64.toNat       (Kant.Wasm.Expr.eval (List.cons x List.nil) Kant.Wasm.Kernel.cidPrefixE))     (Option.some (Kant.Dasl.cidPrefix x.toNat))","L0;","O0;","L0;","L0;","L1;S38;claim.Kant.Wasm.Kernel.eval_cidPrefixE","L0;","L1;S38;proof.Kant.Wasm.Kernel.eval_cidPrefixE","L0;","S177;∀ (x : UInt64),   Eq     (Option.map UInt64.toNat       (Kant.Wasm.Expr.eval (List.cons x List.nil) Kant.Wasm.Kernel.cidPrefixE))     (Option.some (Kant.Dasl.cidPrefix x.toNat))","O7;13;source_systemS5;lean411;source_fileS35;RequestProject/Wasm/KernelSpec.lean13;source_formatS4;text11;imported_atI+0;14;transformed_atI+149;15;transformationsL0;13;parent_objectS0;","7835267a1f43e6e2d624e166e4e6eb150b831b0edbd753bc15d882ea629f0d2f"
"obj.Kant.Wasm.Expr.wfb.eq_5","theorem","Kant.Wasm.Expr.wfb.eq_5","PROVEN","∀ (arity : Nat) (a_1 : Kant.Wasm.Expr) (k : Nat),   Eq     (Kant.Wasm.Expr.wfb arity       (Kant.Wasm.Expr.bin Kant.Wasm.BinOp.remu a_1 (Kant.Wasm.Expr.const k)))     (((Kant.Wasm.Expr.wfb arity a_1).and (Kant.Wasm.Expr.wfb arity (Kant.Wasm.Expr.const k))).and       ((Decidable.decide (instLTNat.lt 0 k)).and         (Decidable.decide (instLTNat.lt k (instHPow.hPow 2 63)))))","L0;","O0;","L0;","L0;","L1;S29;claim.Kant.Wasm.Expr.wfb.eq_5","L0;","L1;S29;proof.Kant.Wasm.Expr.wfb.eq_5","L0;","S376;∀ (arity : Nat) (a_1 : Kant.Wasm.Expr) (k : Nat),   Eq     (Kant.Wasm.Expr.wfb arity       (Kant.Wasm.Expr.bin Kant.Wasm.BinOp.remu a_1 (Kant.Wasm.Expr.const k)))     (((Kant.Wasm.Expr.wfb arity a_1).and (Kant.Wasm.Expr.wfb arity (Kant.Wasm.Expr.const k))).and       ((Decidable.decide (instLTNat.lt 0 k)).and         (Decidable.decide (instLTNat.lt k (instHPow.hPow 2 63)))))","O7;13;source_systemS5;lean411;source_fileS31;RequestProject/Wasm/Syntax.lean13;source_formatS4;text11;imported_atI+0;14;transformed_atI+0;15;transformationsL0;13;parent_objectS0;","135321b79fce7d2730fb5714d3517c6c8402bd1b2d024fb5328882c860fc803a"
"obj.Kant.Dom.Event.reproduced.sizeOf_spec","theorem","Kant.Dom.Event.reproduced.sizeOf_spec","PROVEN","∀ (proofId : Kant.Dom.Id),   Eq (Kant.Dom.Event._sizeOf_inst.sizeOf (Kant.Dom.Event.reproduced proofId))     (instHAdd.hAdd 1 ((List._sizeOf_inst Char).sizeOf proofId))","L0;","O0;","L0;","L0;","L1;S43;claim.Kant.Dom.Event.reproduced.sizeOf_spec","L0;","L1;S43;proof.Kant.Dom.Event.reproduced.sizeOf_spec","L0;","S168;∀ (proofId : Kant.Dom.Id),   Eq (Kant.Dom.Event._sizeOf_inst.sizeOf (Kant.Dom.Event.reproduced proofId))     (instHAdd.hAdd 1 ((List._sizeOf_inst Char).sizeOf proofId))","O7;13;source_systemS5;lean411;source_fileS38;RequestProject/Kant/Domain/Policy.lean13;source_formatS4;text11;imported_atI+0;14;transformed_atI+0;15;transformationsL0;13;parent_objectS0;","0009ea411e5c898d37d1e9392e2537924d7f344a77a264cf2ef28c3f759bcf84"
"obj.Kant.Relay.clients_agree","theorem","Kant.Relay.clients_agree","PROVEN","∀ {ls ls' : List (List Char)},   ls.Perm ls' →     (∀ (l : List Char),         List.instMembership.mem ls l →           ∀ (m : Kant.Relay.Msg), Eq (Kant.Relay.parseMsg l) (Option.some m) → m.Wire) →       Eq (Kant.Relay.transcript (Kant.Relay.receive List.nil ls))         (Kant.Relay.transcript (Kant.Relay.receive List.nil ls'))","L0;","O0;","L0;","L0;","L1;S30;claim.Kant.Relay.clients_agree","L0;","L1;S30;proof.Kant.Relay.clients_agree","L0;","S330;∀ {ls ls' : List (List Char)},   ls.Perm ls' →     (∀ (l : List Char),         List.instMembership.mem ls l →           ∀ (m : Kant.Relay.Msg), Eq (Kant.Relay.parseMsg l) (Option.some m) → m.Wire) →       Eq (Kant.Relay.transcript (Kant.Relay.receive List.nil ls))         (Kant.Relay.transcript (Kant.Relay.receive List.nil ls'))","O7;13;source_systemS5;lean411;source_fileS30;RequestProject/Kant/Relay.lean13;source_formatS4;text11;imported_atI+0;14;transformed_atI+408;15;transformationsL0;13;parent_objectS0;","d8469df79cb4768645f368b4e37d4c79368dba4fcb19322880c9e8f74ee0015b"
"obj.Kant.Credits.total.eq_1","theorem","Kant.Credits.total.eq_1","PROVEN","∀ (log : List (Prod Kant.Credits.Peer Nat)), Eq (Kant.Credits.total log) (List.map Prod.snd log).sum","L0;","O0;","L0;","L0;","L1;S29;claim.Kant.Credits.total.eq_1","L0;","L1;S29;proof.Kant.Credits.total.eq_1","L0;","S100;∀ (log : List (Prod Kant.Credits.Peer Nat)), Eq (Kant.Credits.total log) (List.map Prod.snd log).sum","O7;13;source_systemS5;lean411;source_fileS32;RequestProject/Kant/Credits.lean13;source_formatS4;text11;imported_atI+0;14;transformed_atI+0;15;transformationsL0;13;parent_objectS0;","ad602797b2a268ffe5c4d5f2197994bc1b89d345492ebd45f747dd7d3f426542"
"obj.Kant.Onboarding.State.inRoom","def","Kant.Onboarding.State.inRoom","ASSERTED","Kant.Onboarding.State → Bool","L1;S25;obj.Kant.Onboarding.State","O0;","L0;","L0;","L0;","L0;","L0;","L0;","S28;Kant.Onboarding.State → Bool","O7;13;source_systemS5;lean411;source_fileS35;RequestProject/Kant/Onboarding.lean13;source_formatS4;text11;imported_atI+0;14;transformed_atI+118;15;transformationsL0;13;parent_objectS0;","acde611fba7b8d71839257d458a05cc6c32f731fb5dce9fb9d1ec65aa8867a80"
"obj.Kant.Codec.Status.unsupported.sizeOf_spec","theorem","Kant.Codec.Status.unsupported.sizeOf_spec","PROVEN","Eq (Kant.Codec.Status._sizeOf_inst.sizeOf Kant.Codec.Status.unsupported) 1","L0;","O0;","L0;","L0;","L1;S47;claim.Kant.Codec.Status.unsupported.sizeOf_spec","L0;","L1;S47;proof.Kant.Codec.Status.unsupported.sizeOf_spec","L0;","S74;Eq (Kant.Codec.Status._sizeOf_inst.sizeOf Kant.Codec.Status.unsupported) 1","O7;13;source_systemS5;lean411;source_fileS36;RequestProject/Kant/Codec/Model.lean13;source_formatS4;text11;imported_atI+0;14;transformed_atI+0;15;transformationsL0;13;parent_objectS0;","f32ba7a13fc79cc3fa08fff2fe6931a08c21e15e4bcf76c992a746642ba549a6"
"obj.Kant.Relay.Server.fetch_zero","theorem","Kant.Relay.Server.fetch_zero","PROVEN","∀ (sv : Kant.Relay.Server) (room : List Char), Eq (sv.fetch room 0).fst (sv.lines room)","L1;S21;obj.Kant.Relay.Server","O0;","L0;","L0;","L1;S34;claim.Kant.Relay.Server.fetch_zero","L0;","L1;S34;proof.Kant.Relay.Server.fetch_zero","L0;","S87;∀ (sv : Kant.Relay.Server) (room : List Char), Eq (sv.fetch room 0).fst (sv.lines room)","O7;13;source_systemS5;lean411;source_fileS30;RequestProject/Kant/Relay.lean13;source_formatS4;text11;imported_atI+0;14;transformed_atI+233;15;transformationsL0;13;parent_objectS0;","59b0417f0cda6ce21fb8af51e133b875e9e7e3dbb7ea3464bd405d9c304782f7"
"obj.Kant.Codec.readNatAux.eq_def","theorem","Kant.Codec.readNatAux.eq_def","PROVEN","∀ (acc : Nat) (x : List Char),   Eq (Kant.Codec.readNatAux acc x)     (Kant.Codec.digitsFold.match_1 (fun x => Option (Prod Nat (List Char))) x (fun _ => Option.none)       fun c cs =>       ite (Eq c ';') (Option.some { fst := acc, snd := cs })         (Kant.Codec.readNatAux.match_1 (fun x => Option (Prod Nat (List Char)))           (Kant.Codec.digitVal c)           (fun d => Kant.Codec.readNatAux (instHAdd.hAdd (instHMul.hMul acc 10) d) cs) fun _ =>           Option.none))","L0;","O0;","L0;","L0;","L1;S34;claim.Kant.Codec.readNatAux.eq_def","L0;","L1;S34;proof.Kant.Codec.readNatAux.eq_def","L0;","S479;∀ (acc : Nat) (x : List Char),   Eq (Kant.Codec.readNatAux acc x)     (Kant.Codec.digitsFold.match_1 (fun x => Option (Prod Nat (List Char))) x (fun _ => Option.none)       fun c cs =>       ite (Eq c ';') (Option.some { fst := acc, snd := cs })         (Kant.Codec.readNatAux.match_1 (fun x => Option (Prod Nat (List Char)))           (Kant.Codec.digitVal c)           (fun d => Kant.Codec.readNatAux (instHAdd.hAdd (instHMul.hMul acc 10) d) cs) fun _ =>           Option.none))","O7;13;source_systemS5;lean411;source_fileS34;RequestProject/Kant/Codec/Val.lean13;source_formatS4;text11;imported_atI+0;14;transformed_atI+0;15;transformationsL0;13;parent_objectS0;","21edb1826e86645c33df0adc93eef8af3f6817cb99f4c15a59199957b6672ffd"
"obj.Kant.Relay.Server","inductive","Kant.Relay.Server","ASSERTED","Type","L0;","O0;","L0;","L0;","L0;","L0;","L0;","L0;","S4;Type","O7;13;source_systemS5;lean411;source_fileS30;RequestProject/Kant/Relay.lean13;source_formatS4;text11;imported_atI+0;14;transformed_atI+154;15;transformationsL0;13;parent_objectS0;","53ab50e12f76e6031a26d33090a7c9c04da1ba0f6cc31749addcacc61a9af886"
"obj.Kant.Codec.Ipdl.bool.noConfusion","def","Kant.Codec.Ipdl.bool.noConfusion","ASSERTED","{P : Sort u} →   {b b' : Bool} → Eq (Kant.Codec.Ipdl.bool b) (Kant.Codec.Ipdl.bool b') → (Eq b b' → P) → P","L0;","O0;","L0;","L0;","L0;","L0;","L0;","L0;","S106;{P : Sort u} →   {b b' : Bool} → Eq (Kant.Codec.Ipdl.bool b) (Kant.Codec.Ipdl.bool b') → (Eq b b' → P) → P","O7;13;source_systemS5;lean411;source_fileS35;RequestProject/Kant/Codec/Ipdl.lean13;source_formatS4;text11;imported_atI+0;14;transformed_atI+41;15;transformationsL0;13;parent_objectS0;","15096b33865aeaebd38d0f9594d743c0cd9eec3f16ff09717d54534c2e1e0de6"
"obj.Kant.Wasm.Decode.VType.i32.sizeOf_spec","theorem","Kant.Wasm.Decode.VType.i32.sizeOf_spec","PROVEN","Eq (Kant.Wasm.Decode.VType._sizeOf_inst.sizeOf Kant.Wasm.Decode.VType.i32) 1","L0;","O0;","L0;","L0;","L1;S44;claim.Kant.Wasm.Decode.VType.i32.sizeOf_spec","L0;","L1;S44;proof.Kant.Wasm.Decode.VType.i32.sizeOf_spec","L0;","S76;Eq (Kant.Wasm.Decode.VType._sizeOf_inst.sizeOf Kant.Wasm.Decode.VType.i32) 1","O7;13;source_systemS5;lean411;source_fileS31;RequestProject/Wasm/Decode.lean13;source_formatS4;text11;imported_atI+0;14;transformed_atI+0;15;transformationsL0;13;parent_objectS0;","42b0de573c82e59f9719003b9699f02c9e3010e99ed7e80599d91ec1d4530812"
"obj.Kant.Relay.Server.setLines.eq_1","theorem","Kant.Relay.Server.setLines.eq_1","PROVEN","∀ (sv : Kant.Relay.Server) (room : List Char) (ls : List (List Char)),   Eq (sv.setLines room ls)     {       rooms :=         List.cons { fst := room, snd := ls } (List.filter (fun e => bne e.fst room) sv.rooms) }","L1;S21;obj.Kant.Relay.Server","O0;","L0;","L0;","L1;S37;claim.Kant.Relay.Server.setLines.eq_1","L0;","L1;S37;proof.Kant.Relay.Server.setLines.eq_1","L0;","S214;∀ (sv : Kant.Relay.Server) (room : List Char) (ls : List (List Char)),   Eq (sv.setLines room ls)     {       rooms :=         List.cons { fst := room, snd := ls } (List.filter (fun e => bne e.fst room) sv.rooms) }","O7;13;source_systemS5;lean411;source_fileS30;RequestProject/Kant/Relay.lean13;source_formatS4;text11;imported_atI+0;14;transformed_atI+0;15;transformationsL0;13;parent_objectS0;","97fe3c19c6e21031545f0fb961e3aebefb75fd453852eff345d382918b7bb760"
"obj.Kant.Relay.leMsg_antisymm","theorem","Kant.Relay.leMsg_antisymm","PROVEN","∀ {a b : Kant.Relay.Msg},   a.Wire →     b.Wire → Eq (Kant.Relay.leMsg a b) Bool.true → Eq (Kant.Relay.leMsg b a) Bool.true → Eq a b","L0;","O0;","L0;","L0;","L1;S31;claim.Kant.Relay.leMsg_antisymm","L0;","L1;S31;proof.Kant.Relay.leMsg_antisymm","L0;","S132;∀ {a b : Kant.Relay.Msg},   a.Wire →     b.Wire → Eq (Kant.Relay.leMsg a b) Bool.true → Eq (Kant.Relay.leMsg b a) Bool.true → Eq a b","O7;13;source_systemS5;lean411;source_fileS30;RequestProject/Kant/Relay.lean13;source_formatS4;text11;imported_atI+0;14;transformed_atI+359;15;transformationsL0;13;parent_objectS0;","285808c635506c33dd099ae9956f075886e2d80e8aa6c3215c0491f4361485a6"
"obj.Kant.SiteCard.instReprConfig","def","Kant.SiteCard.instReprConfig","ASSERTED","Repr Kant.SiteCard.Config","L0;","O0;","L0;","L0;","L0;","L0;","L0;","L0;","S25;Repr Kant.SiteCard.Config","O7;13;source_systemS5;lean411;source_fileS33;RequestProject/Kant/SiteCard.lean13;source_formatS4;text11;imported_atI+0;14;transformed_atI+144;15;transformationsL0;13;parent_objectS0;","7ccccdd69a09f805f40e632d428ce7b2f35599ce4274b25f233fb90914efb78c"
"obj.Kant.Codec.canonDecode","def","Kant.Codec.canonDecode","ASSERTED","List Char → Option Kant.Codec.Val","L0;","O0;","L0;","L0;","L0;","L0;","L0;","L0;","S33;List Char → Option Kant.Codec.Val","O7;13;source_systemS5;lean411;source_fileS34;RequestProject/Kant/Codec/Val.lean13;source_formatS4;text11;imported_atI+0;14;transformed_atI+407;15;transformationsL0;13;parent_objectS0;","d2fb454667efa30c80cac2aa9055630f3d0f14e2d29cb46a9da24a0016ab4a6d"
"obj.Kant.Codec.escChar","def","Kant.Codec.escChar","ASSERTED","Char → List Char","L0;","O0;","L0;","L0;","L0;","L0;","L0;","L0;","S16;Char → List Char","O7;13;source_systemS5;lean411;source_fileS35;RequestProject/Kant/Codec/Yaml.lean13;source_formatS4;text11;imported_atI+0;14;transformed_atI+29;15;transformationsL0;13;parent_objectS0;","847959867d17b1fa3b101df0884966359955f7f45bf772ec6fc1bbfec0734d77"
"obj.Kant.Rendezvous.best_eq_none_iff","theorem","Kant.Rendezvous.best_eq_none_iff","PROVEN","∀ {r : Kant.Rendezvous.Roster} {p : List Char},   Iff (Eq (r.best p) Option.none)     (∀ (a : Kant.Rendezvous.Announce), List.instMembership.mem r a → Ne a.peer p)","L1;S38;obj.Kant.Rendezvous.bestOf_eq_none_iff","O0;","L0;","L0;","L1;S38;claim.Kant.Rendezvous.best_eq_none_iff","L0;","L1;S38;proof.Kant.Rendezvous.best_eq_none_iff","L0;","S163;∀ {r : Kant.Rendezvous.Roster} {p : List Char},   Iff (Eq (r.best p) Option.none)     (∀ (a : Kant.Rendezvous.Announce), List.instMembership.mem r a → Ne a.peer p)","O7;13;source_systemS5;lean411;source_fileS35;RequestProject/Kant/Rendezvous.lean13;source_formatS4;text11;imported_atI+0;14;transformed_atI+362;15;transformationsL0;13;parent_objectS0;","1be4c1f2a7dc373f24a611775a7a834462bcb6cb1f5c8065e53e9718dc09aa3a"
"obj.Kant.Cli.Route.room","def","Kant.Cli.Route.room","ASSERTED","Kant.Cli.Route → List Char","L0;","O0;","L0;","L0;","L0;","L0;","L0;","L0;","S26;Kant.Cli.Route → List Char","O7;13;source_systemS5;lean411;source_fileS28;RequestProject/Kant/Cli.lean13;source_formatS4;text11;imported_atI+0;14;transformed_atI+239;15;transformationsL0;13;parent_objectS0;","62059a48814ba76df2d80ab411a2caea176dd809df026f67884700306e55bae4"
"obj.Kant.Codec.Status.unsettled.match_1","def","Kant.Codec.Status.unsettled.match_1","ASSERTED","(motive : Kant.Codec.Status → Sort u_1) →   (x : Kant.Codec.Status) →     (Unit → motive Kant.Codec.Status.unknown) →       (Unit → motive Kant.Codec.Status.pending) → ((x : Kant.Codec.Status) → motive x) → motive x","L0;","O0;","L0;","L0;","L0;","L0;","L0;","L0;","S215;(motive : Kant.Codec.Status → Sort u_1) →   (x : Kant.Codec.Status) →     (Unit → motive Kant.Codec.Status.unknown) →       (Unit → motive Kant.Codec.Status.pending) → ((x : Kant.Codec.Status) → motive x) → motive x","O7;13;source_systemS5;lean411;source_fileS40;RequestProject/Kant/Codec/Reconcile.lean13;source_formatS4;text11;imported_atI+0;14;transformed_atI+0;15;transformationsL0;13;parent_objectS0;","f158d6172258739b1f787c04109f89b8016e0fd279764ce9fb36180e958c9ae6"
"obj.Kant.Dom.instReprEvid.repr.match_1","def","Kant.Dom.instReprEvid.repr.match_1","ASSERTED","(motive : Kant.Dom.Evid → Sort u_1) →   (x : Kant.Dom.Evid) →     (Unit → motive Kant.Dom.Evid.none) →       (Unit → motive Kant.Dom.Evid.stated) →         (Unit → motive Kant.Dom.Evid.machineChecked) →           (Unit → motive Kant.Dom.Evid.reproduced) → motive x","L0;","O0;","L0;","L0;","L0;","L0;","L0;","L0;","S264;(motive : Kant.Dom.Evid → Sort u_1) →   (x : Kant.Dom.Evid) →     (Unit → motive Kant.Dom.Evid.none) →       (Unit → motive Kant.Dom.Evid.stated) →         (Unit → motive Kant.Dom.Evid.machineChecked) →           (Unit → motive Kant.Dom.Evid.reproduced) → motive x","O7;13;source_systemS5;lean411;source_fileS37;RequestProject/Kant/Domain/Model.lean13;source_formatS4;text11;imported_atI+0;14;transformed_atI+0;15;transformationsL0;13;parent_objectS0;","e70dc7fff605b78269e29b88cd435aa58e3b7f26f19b1c644bb2baf2c61bd387"
"obj.Kant.Dom.Event.reproduced.noConfusion","def","Kant.Dom.Event.reproduced.noConfusion","ASSERTED","{P : Sort u} →   {proofId proofId' : Kant.Dom.Id} →     Eq (Kant.Dom.Event.reproduced proofId) (Kant.Dom.Event.reproduced proofId') →       (Eq proofId proofId' → P) → P","L0;","O0;","L0;","L0;","L0;","L0;","L0;","L0;","S169;{P : Sort u} →   {proofId proofId' : Kant.Dom.Id} →     Eq (Kant.Dom.Event.reproduced proofId) (Kant.Dom.Event.reproduced proofId') →       (Eq proofId proofId' → P) → P","O7;13;source_systemS5;lean411;source_fileS38;RequestProject/Kant/Domain/Policy.lean13;source_formatS4;text11;imported_atI+0;14;transformed_atI+34;15;transformationsL0;13;parent_objectS0;","5215b4ddf6eb5e746d80f098b50955a75610524f29ff2bd21a5db539998fca45"
"obj.Kant.Codec.Inp.ofVal","def","Kant.Codec.Inp.ofVal","ASSERTED","Kant.Codec.Val → Option Kant.Codec.Inp","L0;","O0;","L0;","L0;","L0;","L0;","L0;","L0;","S38;Kant.Codec.Val → Option Kant.Codec.Inp","O7;13;source_systemS5;lean411;source_fileS36;RequestProject/Kant/Codec/Model.lean13;source_formatS4;text11;imported_atI+0;14;transformed_atI+380;15;transformationsL0;13;parent_objectS0;","7b8270da56cb6196d331990bedd91ab9f9d9b9e7ee9b3b78bd6ac85386dcba4b"
"obj.Kant.Relay.Server.mk.sizeOf_spec","theorem","Kant.Relay.Server.mk.sizeOf_spec","PROVEN","∀ (rooms : List (Prod (List Char) (List (List Char)))),   Eq (Kant.Relay.Server._sizeOf_inst.sizeOf { rooms := rooms })     (instHAdd.hAdd 1 ((List._sizeOf_inst (Prod (List Char) (List (List Char)))).sizeOf rooms))","L1;S21;obj.Kant.Relay.Server","O0;","L0;","L0;","L1;S38;claim.Kant.Relay.Server.mk.sizeOf_spec","L0;","L1;S38;proof.Kant.Relay.Server.mk.sizeOf_spec","L0;","S214;∀ (rooms : List (Prod (List Char) (List (List Char)))),   Eq (Kant.Relay.Server._sizeOf_inst.sizeOf { rooms := rooms })     (instHAdd.hAdd 1 ((List._sizeOf_inst (Prod (List Char) (List (List Char)))).sizeOf rooms))","O7;13;source_systemS5;lean411;source_fileS30;RequestProject/Kant/Relay.lean13;source_formatS4;text11;imported_atI+0;14;transformed_atI+0;15;transformationsL0;13;parent_objectS0;","5dbb5311bc903e2dc9b35d683954327a58a7bbcd2f73e2c73bd1b40a1e55e774"
"obj.Kant.Dom.Domain.mk.sizeOf_spec","theorem","Kant.Dom.Domain.mk.sizeOf_spec","PROVEN","∀ (id : Kant.Dom.Id) (name version description : List Char) (objects : List Kant.Dom.DomObj)   (relations : List Kant.Dom.Relation) (proofs : List Kant.Dom.ProofRec)   (claims : List Kant.Dom.Claim) (evidence : List Kant.Dom.Evidence)   (schemas : List Kant.Dom.Schema) (errors : List Kant.Codec.Err)   (provenance : List Kant.Codec.Prov),   Eq     (Kant.Dom.Domain._sizeOf_inst.sizeOf       { id := id, name := name, version := version, description := description, objects := objects,         relations := relations, proofs := proofs, claims := claims, evidence := evidence,         schemas := schemas, errors := errors, provenance := provenance })     (instHAdd.hAdd       (instHAdd.hAdd         (instHAdd.hAdd           (instHAdd.hAdd             (instHAdd.hAdd               (instHAdd.hAdd                 (instHAdd.hAdd                   (instHAdd.hAdd                     (instHAdd.hAdd                       (instHAdd.hAdd                         (instHAdd.hAdd (instHAdd.hAdd 1 ((List._sizeOf_inst Char).sizeOf id))                           ((List._sizeOf_inst Char).sizeOf name))                         ((List._sizeOf_inst Char).sizeOf version))                       ((List._sizeOf_inst Char).sizeOf description))                     ((List._sizeOf_inst Kant.Dom.DomObj).sizeOf objects))                   ((List._sizeOf_inst Kant.Dom.Relation).sizeOf relations))                 ((List._sizeOf_inst Kant.Dom.ProofRec).sizeOf proofs))               ((List._sizeOf_inst Kant.Dom.Claim).sizeOf claims))             ((List._sizeOf_inst Kant.Dom.Evidence).sizeOf evidence))           ((List._sizeOf_inst Kant.Dom.Schema).sizeOf schemas))         ((List._sizeOf_inst Kant.Codec.Err).sizeOf errors))       ((List._sizeOf_inst Kant.Codec.Prov).sizeOf provenance))","L0;","O0;","L0;","L0;","L1;S36;claim.Kant.Dom.Domain.mk.sizeOf_spec","L0;","L1;S36;proof.Kant.Dom.Domain.mk.sizeOf_spec","L0;","S1768;∀ (id : Kant.Dom.Id) (name version description : List Char) (objects : List Kant.Dom.DomObj)   (relations : List Kant.Dom.Relation) (proofs : List Kant.Dom.ProofRec)   (claims : List Kant.Dom.Claim) (evidence : List Kant.Dom.Evidence)   (schemas : List Kant.Dom.Schema) (errors : List Kant.Codec.Err)   (provenance : List Kant.Codec.Prov),   Eq     (Kant.Dom.Domain._sizeOf_inst.sizeOf       { id := id, name := name, version := version, description := description, objects := objects,         relations := relations, proofs := proofs, claims := claims, evidence := evidence,         schemas := schemas, errors := errors, provenance := provenance })     (instHAdd.hAdd       (instHAdd.hAdd         (instHAdd.hAdd           (instHAdd.hAdd             (instHAdd.hAdd               (instHAdd.hAdd                 (instHAdd.hAdd                   (instHAdd.hAdd                     (instHAdd.hAdd                       (instHAdd.hAdd                         (instHAdd.hAdd (instHAdd.hAdd 1 ((List._sizeOf_inst Char).sizeOf id))                           ((List._sizeOf_inst Char).sizeOf name))                         ((List._sizeOf_inst Char).sizeOf version))                       ((List._sizeOf_inst Char).sizeOf description))                     ((List._sizeOf_inst Kant.Dom.DomObj).sizeOf objects))                   ((List._sizeOf_inst Kant.Dom.Relation).sizeOf relations))                 ((List._sizeOf_inst Kant.Dom.ProofRec).sizeOf proofs))               ((List._sizeOf_inst Kant.Dom.Claim).sizeOf claims))             ((List._sizeOf_inst Kant.Dom.Evidence).sizeOf evidence))           ((List._sizeOf_inst Kant.Dom.Schema).sizeOf schemas))         ((List._sizeOf_inst Kant.Codec.Err).sizeOf errors))       ((List._sizeOf_inst Kant.Codec.Prov).sizeOf provenance))","O7;13;source_systemS5;lean411;source_fileS37;RequestProject/Kant/Domain/Model.lean13;source_formatS4;text11;imported_atI+0;14;transformed_atI+0;15;transformationsL0;13;parent_objectS0;","910ecc7c7a978c86cb4303b643c2d1d18d2c009cedb95c78ac700d12aa7f56b3"
"obj.Kant.CardDebug.pairCodes_invite_connectable_iff","theorem","Kant.CardDebug.pairCodes_invite_connectable_iff","PROVEN","∀ (a b : Kant.Rendezvous.Invite),   Iff     (Eq (Kant.CardDebug.pairCodes (Kant.CardDebug.Code.invite a) (Kant.CardDebug.Code.invite b))       Kant.CardDebug.Pairing.connectable)     (And (Eq a.room b.room) (And (Ne a.relay List.nil) (Eq a.relay b.relay)))","L0;","O0;","L0;","L0;","L1;S53;claim.Kant.CardDebug.pairCodes_invite_connectable_iff","L0;","L1;S53;proof.Kant.CardDebug.pairCodes_invite_connectable_iff","L0;","S256;∀ (a b : Kant.Rendezvous.Invite),   Iff     (Eq (Kant.CardDebug.pairCodes (Kant.CardDebug.Code.invite a) (Kant.CardDebug.Code.invite b))       Kant.CardDebug.Pairing.connectable)     (And (Eq a.room b.room) (And (Ne a.relay List.nil) (Eq a.relay b.relay)))","O7;13;source_systemS5;lean411;source_fileS34;RequestProject/Kant/CardDebug.lean13;source_formatS4;text11;imported_atI+0;14;transformed_atI+180;15;transformationsL0;13;parent_objectS0;","bccb421b120ba006de356f60c42c9b39a4699b35d18af3408f54a7bce9c165c3"
"obj.Kant.Diagnostics.Event","inductive","Kant.Diagnostics.Event","ASSERTED","Type","L0;","O0;","L0;","L0;","L0;","L0;","L0;","L0;","S4;Type","O7;13;source_systemS5;lean411;source_fileS36;RequestProject/Kant/Diagnostics.lean13;source_formatS4;text11;imported_atI+0;14;transformed_atI+141;15;transformationsL0;13;parent_objectS0;","757030dbf306db5fff36d80d6b21bb9c305278be32675ee51a6a16bc69410522"
"obj.Kant.CodeMovie.Circuit.ctorIdx","def","Kant.CodeMovie.Circuit.ctorIdx","ASSERTED","Kant.CodeMovie.Circuit → Nat","L0;","O0;","L0;","L0;","L0;","L0;","L0;","L0;","S28;Kant.CodeMovie.Circuit → Nat","O7;13;source_systemS5;lean411;source_fileS34;RequestProject/Kant/CodeMovie.lean13;source_formatS4;text11;imported_atI+0;14;transformed_atI+0;15;transformationsL0;13;parent_objectS0;","a9c090fcfdd93f48d083376f2ded8de361cb8d923c1aa7fe0b974a2df655fa69"
"obj.Kant.Relay.Server.lines_setLines_other","theorem","Kant.Relay.Server.lines_setLines_other","PROVEN","∀ {room room' : List Char},   Ne room' room →     ∀ (sv : Kant.Relay.Server) (ls : List (List Char)),       Eq ((sv.setLines room ls).lines room') (sv.lines room')","L1;S21;obj.Kant.Relay.Server","O0;","L0;","L0;","L1;S44;claim.Kant.Relay.Server.lines_setLines_other","L0;","L1;S44;proof.Kant.Relay.Server.lines_setLines_other","L0;","S163;∀ {room room' : List Char},   Ne room' room →     ∀ (sv : Kant.Relay.Server) (ls : List (List Char)),       Eq ((sv.setLines room ls).lines room') (sv.lines room')","O7;13;source_systemS5;lean411;source_fileS30;RequestProject/Kant/Relay.lean13;source_formatS4;text11;imported_atI+0;14;transformed_atI+188;15;transformationsL0;13;parent_objectS0;","651921869a7b069105ec562479c6e686ac28c77ba59229db2773a189589b6e20"
"obj.Kant.Dom.Summary.casesOn","def","Kant.Dom.Summary.casesOn","ASSERTED","{motive : Kant.Dom.Summary → Sort u} →   (t : Kant.Dom.Summary) →     ((objects proven partiallyProven unproven contradicted proofs validProofs : Nat) →         motive           { objects := objects, proven := proven, partiallyProven := partiallyProven,             unproven := unproven, contradicted := contradicted, proofs := proofs,             validProofs := validProofs }) →       motive t","L0;","O0;","L0;","L0;","L0;","L0;","L0;","L0;","S394;{motive : Kant.Dom.Summary → Sort u} →   (t : Kant.Dom.Summary) →     ((objects proven partiallyProven unproven contradicted proofs validProofs : Nat) →         motive           { objects := objects, proven := proven, partiallyProven := partiallyProven,             unproven := unproven, contradicted := contradicted, proofs := proofs,             validProofs := validProofs }) →       motive t","O7;13;source_systemS5;lean411;source_fileS38;RequestProject/Kant/Domain/Ledger.lean13;source_formatS4;text11;imported_atI+0;14;transformed_atI+231;15;transformationsL0;13;parent_objectS0;","78ff1a816afaa385668e09509c216ea268c7f9a21f2467ffc6f6e8934101782c"
"obj.Kant.Wasm.Kernel.lsbExtractE","def","Kant.Wasm.Kernel.lsbExtractE","ASSERTED","Kant.Wasm.Expr","L0;","O0;","L0;","L0;","L0;","L0;","L0;","L0;","S14;Kant.Wasm.Expr","O7;13;source_systemS5;lean411;source_fileS31;RequestProject/Wasm/Kernel.lean13;source_formatS4;text11;imported_atI+0;14;transformed_atI+86;15;transformationsL0;13;parent_objectS0;","871d4ee1124b7c12fc2cce66b9b870f5487d7739b179564c26db9d0a6b1b4eaf"
"obj.Kant.Wasm.Decode.instReprVType.repr","def","Kant.Wasm.Decode.instReprVType.repr","ASSERTED","Kant.Wasm.Decode.VType → Nat → Std.Format","L0;","O0;","L0;","L0;","L0;","L0;","L0;","L0;","S41;Kant.Wasm.Decode.VType → Nat → Std.Format","O7;13;source_systemS5;lean411;source_fileS31;RequestProject/Wasm/Decode.lean13;source_formatS4;text11;imported_atI+0;14;transformed_atI+568;15;transformationsL0;13;parent_objectS0;","4624542d06c363c11c6c814334a59c7ed7ba49375649a16bb2b44b4052828128"
"obj.Kant.Sheaf.Encoding.prime.eq_6","theorem","Kant.Sheaf.Encoding.prime.eq_6","PROVEN","Eq Kant.Sheaf.Encoding.dtmf.prime 11","L1;S29;obj.Kant.Sheaf.Encoding.prime","O0;","L0;","L0;","L1;S36;claim.Kant.Sheaf.Encoding.prime.eq_6","L0;","L1;S36;proof.Kant.Sheaf.Encoding.prime.eq_6","L0;","S36;Eq Kant.Sheaf.Encoding.dtmf.prime 11","O7;13;source_systemS5;lean411;source_fileS30;RequestProject/Kant/Sheaf.lean13;source_formatS4;text11;imported_atI+0;14;transformed_atI+0;15;transformationsL0;13;parent_objectS0;","8ec0e21df55a643493662282a364f52721b0ddea4888afda848a8bf54630ef4d"
"obj.Kant.Codec.seal_integrity","theorem","Kant.Codec.seal_integrity","PROVEN","∀ (f : Kant.Codec.Fmt) (src dst : List Char) (t : Nat) (o : Kant.Codec.Obj),   Eq (Kant.Codec.sealEnvelope f src dst t o).integrity o.hash","L0;","O0;","L0;","L0;","L1;S31;claim.Kant.Codec.seal_integrity","L0;","L1;S31;proof.Kant.Codec.seal_integrity","L0;","S138;∀ (f : Kant.Codec.Fmt) (src dst : List Char) (t : Nat) (o : Kant.Codec.Obj),   Eq (Kant.Codec.sealEnvelope f src dst t o).integrity o.hash","O7;13;source_systemS5;lean411;source_fileS39;RequestProject/Kant/Codec/Exchange.lean13;source_formatS4;text11;imported_atI+0;14;transformed_atI+174;15;transformationsL0;13;parent_objectS0;","6e5bd8c63dab997c092596f6d54c7fb7d847886234f0537a683f6a2ac22cf655"
"obj.Kant.Onboarding.Task.ofNat","def","Kant.Onboarding.Task.ofNat","ASSERTED","Nat → Kant.Onboarding.Task","L0;","O0;","L0;","L0;","L0;","L0;","L0;","L0;","S26;Nat → Kant.Onboarding.Task","O7;13;source_systemS5;lean411;source_fileS35;RequestProject/Kant/Onboarding.lean13;source_formatS4;text11;imported_atI+0;14;transformed_atI+0;15;transformationsL0;13;parent_objectS0;","d52129a999f9ad58875098bba17b9a9bbd61c8e2bb95942eac117c1e17eb2681"
"obj.Kant.Codec.Loss.recOn","def","Kant.Codec.Loss.recOn","ASSERTED","{motive : Kant.Codec.Loss → Sort u} →   (t : Kant.Codec.Loss) →     motive Kant.Codec.Loss.lossless →       motive Kant.Codec.Loss.lossy →         motive Kant.Codec.Loss.partialLoss → motive Kant.Codec.Loss.failed → motive t","L0;","O0;","L0;","L0;","L0;","L0;","L0;","L0;","S224;{motive : Kant.Codec.Loss → Sort u} →   (t : Kant.Codec.Loss) →     motive Kant.Codec.Loss.lossless →       motive Kant.Codec.Loss.lossy →         motive Kant.Codec.Loss.partialLoss → motive Kant.Codec.Loss.failed → motive t","O7;13;source_systemS5;lean411;source_fileS36;RequestProject/Kant/Codec/Model.lean13;source_formatS4;text11;imported_atI+0;14;transformed_atI+56;15;transformationsL0;13;parent_objectS0;","153f67be11958e9eeb594a0ad1421c597a24ed016cbd6e484ace902355f35423"
"obj.Kant.Codec.embedFields.eq_def","theorem","Kant.Codec.embedFields.eq_def","PROVEN","∀ (x : List (Prod (List Char) Kant.Codec.Val)),   Eq (Kant.Codec.embedFields x)     (Kant.Codec.recoverFields.match_3 (fun x => List (Prod (List Char) Kant.Codec.Ipdl)) x       (fun _ => List.nil) fun k v fs =>       List.cons { fst := k, snd := Kant.Codec.embed v } (Kant.Codec.embedFields fs))","L1;S26;obj.Kant.Codec.Val.below_2","O0;","L0;","L0;","L1;S35;claim.Kant.Codec.embedFields.eq_def","L0;","L1;S35;proof.Kant.Codec.embedFields.eq_def","L0;","S295;∀ (x : List (Prod (List Char) Kant.Codec.Val)),   Eq (Kant.Codec.embedFields x)     (Kant.Codec.recoverFields.match_3 (fun x => List (Prod (List Char) Kant.Codec.Ipdl)) x       (fun _ => List.nil) fun k v fs =>       List.cons { fst := k, snd := Kant.Codec.embed v } (Kant.Codec.embedFields fs))","O7;13;source_systemS5;lean411;source_fileS35;RequestProject/Kant/Codec/Ipdl.lean13;source_formatS4;text11;imported_atI+0;14;transformed_atI+0;15;transformationsL0;13;parent_objectS0;","30f0b1c11746700e3d58f70277cb876920d7ce9d8fa26e982d395e7c5c2697e3"
"obj.Kant.Codec.Strategy.preferNewer.elim","def","Kant.Codec.Strategy.preferNewer.elim","ASSERTED","{motive : Kant.Codec.Strategy → Sort u} →   (t : Kant.Codec.Strategy) → Eq t.ctorIdx 2 → motive Kant.Codec.Strategy.preferNewer → motive t","L0;","O0;","L0;","L0;","L0;","L0;","L0;","L0;","S138;{motive : Kant.Codec.Strategy → Sort u} →   (t : Kant.Codec.Strategy) → Eq t.ctorIdx 2 → motive Kant.Codec.Strategy.preferNewer → motive t","O7;13;source_systemS5;lean411;source_fileS40;RequestProject/Kant/Codec/Reconcile.lean13;source_formatS4;text11;imported_atI+0;14;transformed_atI+281;15;transformationsL0;13;parent_objectS0;","248912ede163c63d9e8237946ef9140a48c3b0300980025f881bdb405d1576dc"
"obj.Kant.Wasm.Decode.toRaw.eq_3","theorem","Kant.Wasm.Decode.toRaw.eq_3","PROVEN","∀ (op : Kant.Wasm.BinOp),   Eq (Kant.Wasm.Decode.toRaw (Kant.Wasm.Instr.binop op)) (Kant.Wasm.Decode.RawInstr.binop op)","L0;","O0;","L0;","L0;","L1;S33;claim.Kant.Wasm.Decode.toRaw.eq_3","L0;","L1;S33;proof.Kant.Wasm.Decode.toRaw.eq_3","L0;","S119;∀ (op : Kant.Wasm.BinOp),   Eq (Kant.Wasm.Decode.toRaw (Kant.Wasm.Instr.binop op)) (Kant.Wasm.Decode.RawInstr.binop op)","O7;13;source_systemS5;lean411;source_fileS31;RequestProject/Wasm/Decode.lean13;source_formatS4;text11;imported_atI+0;14;transformed_atI+0;15;transformationsL0;13;parent_objectS0;","e7275ee6cc10272126737c9307771f16659fe61f16798ef37f232eff51171808"
"obj.Kant.Codec.Val.isNull.match_1","def","Kant.Codec.Val.isNull.match_1","ASSERTED","(motive : Kant.Codec.Val → Sort u_1) →   (x : Kant.Codec.Val) →     (Unit → motive Kant.Codec.Val.null) → ((x : Kant.Codec.Val) → motive x) → motive x","L0;","O0;","L0;","L0;","L0;","L0;","L0;","L0;","S150;(motive : Kant.Codec.Val → Sort u_1) →   (x : Kant.Codec.Val) →     (Unit → motive Kant.Codec.Val.null) → ((x : Kant.Codec.Val) → motive x) → motive x","O7;13;source_systemS5;lean411;source_fileS34;RequestProject/Kant/Codec/Val.lean13;source_formatS4;text11;imported_atI+0;14;transformed_atI+0;15;transformationsL0;13;parent_objectS0;","565253460da7b074820ed0b2c791cb8f27c622eb30c7d5f21e9c98e3b2bce88d"
"obj.Kant.Uucp.Carrier.capacity.eq_4","theorem","Kant.Uucp.Carrier.capacity.eq_4","PROVEN","Eq Kant.Uucp.Carrier.urlBar.capacity 2000","L0;","O0;","L0;","L0;","L1;S37;claim.Kant.Uucp.Carrier.capacity.eq_4","L0;","L1;S37;proof.Kant.Uucp.Carrier.capacity.eq_4","L0;","S41;Eq Kant.Uucp.Carrier.urlBar.capacity 2000","O7;13;source_systemS5;lean411;source_fileS29;RequestProject/Kant/Uucp.lean13;source_formatS4;text11;imported_atI+0;14;transformed_atI+0;15;transformationsL0;13;parent_objectS0;","7265845fe7cdcc46559835ab3ff91f597e9270cae2df1b60f551435ff42a24f3"
"obj.Kant.Codec.Status.conflict.elim","def","Kant.Codec.Status.conflict.elim","ASSERTED","{motive : Kant.Codec.Status → Sort u} →   (t : Kant.Codec.Status) → Eq t.ctorIdx 6 → motive Kant.Codec.Status.conflict → motive t","L0;","O0;","L0;","L0;","L0;","L0;","L0;","L0;","S129;{motive : Kant.Codec.Status → Sort u} →   (t : Kant.Codec.Status) → Eq t.ctorIdx 6 → motive Kant.Codec.Status.conflict → motive t","O7;13;source_systemS5;lean411;source_fileS36;RequestProject/Kant/Codec/Model.lean13;source_formatS4;text11;imported_atI+0;14;transformed_atI+43;15;transformationsL0;13;parent_objectS0;","659d11db8b1ad7da22d3af46ef82c06d071aacab27798d7c8bf630032310753f"
"obj.Kant.Strip.readParts.eq_2","theorem","Kant.Strip.readParts.eq_2","PROVEN","∀ (c : Kant.Stego.Carrier) (cs : List Kant.Stego.Carrier),   Eq (Kant.Strip.readParts (List.cons c cs))     (Kant.Strip.readParts.match_1 (fun x x_1 => Option (List Kant.Sneakernet.Frame))       (Kant.Strip.readStill c) (Kant.Strip.readParts cs) (fun f fs => Option.some (List.cons f fs))       fun x x_1 => Option.none)","L2;S25;obj.Kant.Sneakernet.FrameS24;obj.Kant.Strip.readStill","O0;","L0;","L0;","L1;S31;claim.Kant.Strip.readParts.eq_2","L0;","L1;S31;proof.Kant.Strip.readParts.eq_2","L0;","S320;∀ (c : Kant.Stego.Carrier) (cs : List Kant.Stego.Carrier),   Eq (Kant.Strip.readParts (List.cons c cs))     (Kant.Strip.readParts.match_1 (fun x x_1 => Option (List Kant.Sneakernet.Frame))       (Kant.Strip.readStill c) (Kant.Strip.readParts cs) (fun f fs => Option.some (List.cons f fs))       fun x x_1 => Option.none)","O7;13;source_systemS5;lean411;source_fileS30;RequestProject/Kant/Strip.lean13;source_formatS4;text11;imported_atI+0;14;transformed_atI+0;15;transformationsL0;13;parent_objectS0;","c8412eb4624654b3026fd109d358367856b8c165008ffa59e5593fc30d38969e"
"obj.Kant.Feed.paginate_flatten","theorem","Kant.Feed.paginate_flatten","PROVEN","∀ {α : Type} {size : Nat},   instLTNat.lt 0 size → ∀ (xs : List α), Eq (Kant.Feed.paginate size xs).flatten xs","L0;","O0;","L0;","L0;","L1;S32;claim.Kant.Feed.paginate_flatten","L0;","L1;S32;proof.Kant.Feed.paginate_flatten","L0;","S110;∀ {α : Type} {size : Nat},   instLTNat.lt 0 size → ∀ (xs : List α), Eq (Kant.Feed.paginate size xs).flatten xs","O7;13;source_systemS5;lean411;source_fileS29;RequestProject/Kant/Feed.lean13;source_formatS4;text11;imported_atI+0;14;transformed_atI+152;15;transformationsL0;13;parent_objectS0;","784bd97ca9af82e2a8234cc167be31f5d83637cdd992a5ac10c807d82d37f92f"
"obj.Kant.Repost.instReprQuote.repr","def","Kant.Repost.instReprQuote.repr","ASSERTED","Kant.Repost.Quote → Nat → Std.Format","L0;","O0;","L0;","L0;","L0;","L0;","L0;","L0;","S36;Kant.Repost.Quote → Nat → Std.Format","O7;13;source_systemS5;lean411;source_fileS31;RequestProject/Kant/Repost.lean13;source_formatS4;text11;imported_atI+0;14;transformed_atI+58;15;transformationsL0;13;parent_objectS0;","4a120a0f753b51521bc5d114d8653e752f8f49d09c1d340cda5ce360affa590f"
"obj.Kant.Wasm.CmpOp.apply.eq_2","theorem","Kant.Wasm.CmpOp.apply.eq_2","PROVEN","∀ (x x_1 : UInt64), Eq (Kant.Wasm.CmpOp.ne.apply x x_1) (ite (Ne x x_1) 1 0)","L1;S25;obj.Kant.Wasm.CmpOp.apply","O0;","L0;","L0;","L1;S32;claim.Kant.Wasm.CmpOp.apply.eq_2","L0;","L1;S32;proof.Kant.Wasm.CmpOp.apply.eq_2","L0;","S76;∀ (x x_1 : UInt64), Eq (Kant.Wasm.CmpOp.ne.apply x x_1) (ite (Ne x x_1) 1 0)","O7;13;source_systemS5;lean411;source_fileS35;RequestProject/Wasm/KernelSpec.lean13;source_formatS4;text11;imported_atI+0;14;transformed_atI+0;15;transformationsL0;13;parent_objectS0;","231f0c93f0683f7b85056497f8df2770f9501b72215bfb79206a22fe33606e7e"
"obj.Kant.Wasm.Expr.orE","def","Kant.Wasm.Expr.orE","ASSERTED","Kant.Wasm.Expr → Kant.Wasm.Expr → Kant.Wasm.Expr","L0;","O0;","L0;","L0;","L0;","L0;","L0;","L0;","S48;Kant.Wasm.Expr → Kant.Wasm.Expr → Kant.Wasm.Expr","O7;13;source_systemS5;lean411;source_fileS31;RequestProject/Wasm/Syntax.lean13;source_formatS4;text11;imported_atI+0;14;transformed_atI+118;15;transformationsL0;13;parent_objectS0;","a152c870f8242c288041da3d750760ebd50ef6f1c241b25e23a958031eea5ac1"
"obj.Kant.Dom.Rel.contradicts.sizeOf_spec","theorem","Kant.Dom.Rel.contradicts.sizeOf_spec","PROVEN","Eq (Kant.Dom.Rel._sizeOf_inst.sizeOf Kant.Dom.Rel.contradicts) 1","L0;","O0;","L0;","L0;","L1;S42;claim.Kant.Dom.Rel.contradicts.sizeOf_spec","L0;","L1;S42;proof.Kant.Dom.Rel.contradicts.sizeOf_spec","L0;","S64;Eq (Kant.Dom.Rel._sizeOf_inst.sizeOf Kant.Dom.Rel.contradicts) 1","O7;13;source_systemS5;lean411;source_fileS37;RequestProject/Kant/Domain/Model.lean13;source_formatS4;text11;imported_atI+0;14;transformed_atI+0;15;transformationsL0;13;parent_objectS0;","cb8273514b543f11778c41dfd4b06afe493fcd6789dc582b4c6f5dba127f9a18"
"obj.Kant.Wasm.Func.casesOn","def","Kant.Wasm.Func.casesOn","ASSERTED","{motive : Kant.Wasm.Func → Sort u} →   (t : Kant.Wasm.Func) →     ((name : String) →         (arity : Nat) →           (body : Kant.Wasm.Expr) → motive { name := name, arity := arity, body := body }) →       motive t","L0;","O0;","L0;","L0;","L0;","L0;","L0;","L0;","S216;{motive : Kant.Wasm.Func → Sort u} →   (t : Kant.Wasm.Func) →     ((name : String) →         (arity : Nat) →           (body : Kant.Wasm.Expr) → motive { name := name, arity := arity, body := body }) →       motive t","O7;13;source_systemS5;lean411;source_fileS31;RequestProject/Wasm/Syntax.lean13;source_formatS4;text11;imported_atI+0;14;transformed_atI+122;15;transformationsL0;13;parent_objectS0;","9ad36d94305c237059a8d354672495f39448ef64babc023e1fe7604465268f01"
"obj.Kant.Codec.yVal.match_12","def","Kant.Codec.yVal.match_12","ASSERTED","(motive : Nat → List Char → Sort u_1) →   (x : Nat) →     (x_1 : List Char) →       ((x : List Char) → motive 0 x) →         ((fuel : Nat) → (s : List Char) → motive fuel.succ s) → motive x x_1","L0;","O0;","L0;","L0;","L0;","L0;","L0;","L0;","S193;(motive : Nat → List Char → Sort u_1) →   (x : Nat) →     (x_1 : List Char) →       ((x : List Char) → motive 0 x) →         ((fuel : Nat) → (s : List Char) → motive fuel.succ s) → motive x x_1","O7;13;source_systemS5;lean411;source_fileS35;RequestProject/Kant/Codec/Yaml.lean13;source_formatS4;text11;imported_atI+0;14;transformed_atI+0;15;transformationsL0;13;parent_objectS0;","ab89faa50193d820d89fb07285492763ad3e6a47a707fb464082b70f86584ac9"
"obj.Kant.Connectivity.Client.mk.sizeOf_spec","theorem","Kant.Connectivity.Client.mk.sizeOf_spec","PROVEN","∀ (room : List Char) (reach : Kant.Connectivity.Reachability) (bus : Bool) (browser : Nat),   Eq     (Kant.Connectivity.Client._sizeOf_inst.sizeOf       { room := room, reach := reach, bus := bus, browser := browser })     (instHAdd.hAdd       (instHAdd.hAdd         (instHAdd.hAdd (instHAdd.hAdd 1 ((List._sizeOf_inst Char).sizeOf room))           (Kant.Connectivity.Reachability._sizeOf_inst.sizeOf reach))         (Bool._sizeOf_inst.sizeOf bus))       (instSizeOfNat.sizeOf browser))","L0;","O0;","L0;","L0;","L1;S45;claim.Kant.Connectivity.Client.mk.sizeOf_spec","L0;","L1;S45;proof.Kant.Connectivity.Client.mk.sizeOf_spec","L0;","S486;∀ (room : List Char) (reach : Kant.Connectivity.Reachability) (bus : Bool) (browser : Nat),   Eq     (Kant.Connectivity.Client._sizeOf_inst.sizeOf       { room := room, reach := reach, bus := bus, browser := browser })     (instHAdd.hAdd       (instHAdd.hAdd         (instHAdd.hAdd (instHAdd.hAdd 1 ((List._sizeOf_inst Char).sizeOf room))           (Kant.Connectivity.Reachability._sizeOf_inst.sizeOf reach))         (Bool._sizeOf_inst.sizeOf bus))       (instSizeOfNat.sizeOf browser))","O7;13;source_systemS5;lean411;source_fileS37;RequestProject/Kant/Connectivity.lean13;source_formatS4;text11;imported_atI+0;14;transformed_atI+0;15;transformationsL0;13;parent_objectS0;","c188f01c2ad0f1fa9b3819ae0704a165ff7effe09647382c70b9beb5b2ac12f7"
"obj.Kant.Wasm.Kernel.kernelBytes","def","Kant.Wasm.Kernel.kernelBytes","ASSERTED","ByteArray","L0;","O0;","L0;","L0;","L0;","L0;","L0;","L0;","S9;ByteArray","O7;13;source_systemS5;lean411;source_fileS31;RequestProject/Wasm/Kernel.lean13;source_formatS4;text11;imported_atI+0;14;transformed_atI+147;15;transformationsL0;13;parent_objectS0;","45199923852bfc2e918acb478ba9630100982467c22b4588e5a1a6daac6ce1db"
"obj.Kant.Diagnostics.tagReport","def","Kant.Diagnostics.tagReport","ASSERTED","Kant.Bytes.Blob","L0;","O0;","L0;","L0;","L0;","L0;","L0;","L0;","S15;Kant.Bytes.Blob","O7;13;source_systemS5;lean411;source_fileS36;RequestProject/Kant/Diagnostics.lean13;source_formatS4;text11;imported_atI+0;14;transformed_atI+517;15;transformationsL0;13;parent_objectS0;","a3651bc1b941abe531f407778de113c29f75806e5ab6dd1f524419c2d47435fc"
"obj.Kant.Codec.yVal.match_1","def","Kant.Codec.yVal.match_1","ASSERTED","(motive : Option (Prod (List Kant.Codec.Val) (List Char)) → Sort u_1) →   (x : Option (Prod (List Kant.Codec.Val) (List Char))) →     ((xs : List Kant.Codec.Val) → (r : List Char) → motive (Option.some { fst := xs, snd := r })) →       (Unit → motive Option.none) → motive x","L0;","O0;","L0;","L0;","L0;","L0;","L0;","L0;","S274;(motive : Option (Prod (List Kant.Codec.Val) (List Char)) → Sort u_1) →   (x : Option (Prod (List Kant.Codec.Val) (List Char))) →     ((xs : List Kant.Codec.Val) → (r : List Char) → motive (Option.some { fst := xs, snd := r })) →       (Unit → motive Option.none) → motive x","O7;13;source_systemS5;lean411;source_fileS35;RequestProject/Kant/Codec/Yaml.lean13;source_formatS4;text11;imported_atI+0;14;transformed_atI+0;15;transformationsL0;13;parent_objectS0;","adc09395fe3aa3f082967d7c2114c4834dd89e7297740d666ac0731d12a95939"
"obj.Kant.Codec.Severity.noConfusionType","def","Kant.Codec.Severity.noConfusionType","ASSERTED","Sort v✝ → Kant.Codec.Severity → Kant.Codec.Severity → Sort v✝","L0;","O0;","L0;","L0;","L0;","L0;","L0;","L0;","S61;Sort v✝ → Kant.Codec.Severity → Kant.Codec.Severity → Sort v✝","O7;13;source_systemS5;lean411;source_fileS36;RequestProject/Kant/Codec/Model.lean13;source_formatS4;text11;imported_atI+0;14;transformed_atI+0;15;transformationsL0;13;parent_objectS0;","99593b3bf7b958fb6a6034ba562cb2b0ca896fe86950a5911eec3ff9786b03b6"
"obj.Kant.Codec.instInhabitedExportReport","def","Kant.Codec.instInhabitedExportReport","ASSERTED","Inhabited Kant.Codec.ExportReport","L1;S27;obj.Kant.Codec.ExportReport","O0;","L0;","L0;","L0;","L0;","L0;","L0;","S33;Inhabited Kant.Codec.ExportReport","O7;13;source_systemS5;lean411;source_fileS39;RequestProject/Kant/Codec/Exchange.lean13;source_formatS4;text11;imported_atI+0;14;transformed_atI+234;15;transformationsL0;13;parent_objectS0;","18d41896ac3819551cb8165b26273fd249c2ef4d8a2aba8f93c812ff41966c8c"
"obj.Kant.Dom.ProofRec.outputRefs","def","Kant.Dom.ProofRec.outputRefs","ASSERTED","Kant.Dom.ProofRec → List Kant.Dom.Id","L0;","O0;","L0;","L0;","L0;","L0;","L0;","L0;","S36;Kant.Dom.ProofRec → List Kant.Dom.Id","O7;13;source_systemS5;lean411;source_fileS37;RequestProject/Kant/Domain/Model.lean13;source_formatS4;text11;imported_atI+0;14;transformed_atI+375;15;transformationsL0;13;parent_objectS0;","7b3f9c18f1f9cdcc6217a6969ba924877b6ceaaf14505ebaf2f82998a37792a5"
"obj.Kant.Dom.length_flatMap_cellsText","theorem","Kant.Dom.length_flatMap_cellsText","PROVEN","∀ (rows : List (List (List Char))),   instLENat.le rows.length (List.flatMap Kant.Dom.cellsText rows).length","L0;","O0;","L0;","L0;","L1;S39;claim.Kant.Dom.length_flatMap_cellsText","L0;","L1;S39;proof.Kant.Dom.length_flatMap_cellsText","L0;","S108;∀ (rows : List (List (List Char))),   instLENat.le rows.length (List.flatMap Kant.Dom.cellsText rows).length","O7;13;source_systemS5;lean411;source_fileS37;RequestProject/Kant/Domain/Table.lean13;source_formatS4;text11;imported_atI+0;14;transformed_atI+146;15;transformationsL0;13;parent_objectS0;","b2647b0f56b5411c81725819f1929c675ecd88ed1ff8aec224d6661e1f2fe00d"
"obj.Kant.Dom.Coverage.partiallyProven.sizeOf_spec","theorem","Kant.Dom.Coverage.partiallyProven.sizeOf_spec","PROVEN","Eq (Kant.Dom.Coverage._sizeOf_inst.sizeOf Kant.Dom.Coverage.partiallyProven) 1","L0;","O0;","L0;","L0;","L1;S51;claim.Kant.Dom.Coverage.partiallyProven.sizeOf_spec","L0;","L1;S51;proof.Kant.Dom.Coverage.partiallyProven.sizeOf_spec","L0;","S78;Eq (Kant.Dom.Coverage._sizeOf_inst.sizeOf Kant.Dom.Coverage.partiallyProven) 1","O7;13;source_systemS5;lean411;source_fileS37;RequestProject/Kant/Domain/Model.lean13;source_formatS4;text11;imported_atI+0;14;transformed_atI+0;15;transformationsL0;13;parent_objectS0;","3fc9e27f5f42a87273269ccaee8630e5b9a0c770091d0d0c12e6df2f4e3d72ff"
"obj.Kant.Meme.decode_render","theorem","Kant.Meme.decode_render","PROVEN","∀ {t : Kant.Meme.Template} {e : Kant.Clipboard.Envelope},   instLENat.le (instHMul.hMul 8 (Kant.Meme.payload e).length) (List.length t.carrier) →     Eq (Kant.Meme.decode (Kant.Meme.render t e)) (Option.some e)","L1;S34;obj.Kant.Clipboard.Envelope.decode","O0;","L0;","L0;","L1;S29;claim.Kant.Meme.decode_render","L0;","L1;S29;proof.Kant.Meme.decode_render","L0;","S210;∀ {t : Kant.Meme.Template} {e : Kant.Clipboard.Envelope},   instLENat.le (instHMul.hMul 8 (Kant.Meme.payload e).length) (List.length t.carrier) →     Eq (Kant.Meme.decode (Kant.Meme.render t e)) (Option.some e)","O7;13;source_systemS5;lean411;source_fileS29;RequestProject/Kant/Meme.lean13;source_formatS4;text11;imported_atI+0;14;transformed_atI+162;15;transformationsL0;13;parent_objectS0;","63cd3c67d3b364b9b71ae69d947084f6c5a78c458ab8579b9a67baa02149b7c8"
"obj.Kant.Repost.instDecidableEqQuote","def","Kant.Repost.instDecidableEqQuote","ASSERTED","DecidableEq Kant.Repost.Quote","L0;","O0;","L0;","L0;","L0;","L0;","L0;","L0;","S29;DecidableEq Kant.Repost.Quote","O7;13;source_systemS5;lean411;source_fileS31;RequestProject/Kant/Repost.lean13;source_formatS4;text11;imported_atI+0;14;transformed_atI+58;15;transformationsL0;13;parent_objectS0;","48e59fa51d2455626e06aa06c10ccbe58fe595fd430ee91ca198c254b75b239f"
"obj.Kant.Clipboard.Envelope.decode","def","Kant.Clipboard.Envelope.decode","ASSERTED","List Char → Option Kant.Clipboard.Envelope","L0;","O0;","L0;","L0;","L0;","L0;","L0;","L0;","S42;List Char → Option Kant.Clipboard.Envelope","O7;13;source_systemS5;lean411;source_fileS34;RequestProject/Kant/Clipboard.lean13;source_formatS4;text11;imported_atI+0;14;transformed_atI+63;15;transformationsL0;13;parent_objectS0;","69bd8398a214ebb0aac5ec3aaa5f762bf044b797fc6ea35eb0c112b9769c3db9"
"obj.Kant.Dom.readAllRows.eq_2","theorem","Kant.Dom.readAllRows.eq_2","PROVEN","∀ (n : Nat), Eq (Kant.Dom.readAllRows n.succ List.nil) (Option.some List.nil)","L0;","O0;","L0;","L0;","L1;S31;claim.Kant.Dom.readAllRows.eq_2","L0;","L1;S31;proof.Kant.Dom.readAllRows.eq_2","L0;","S77;∀ (n : Nat), Eq (Kant.Dom.readAllRows n.succ List.nil) (Option.some List.nil)","O7;13;source_systemS5;lean411;source_fileS37;RequestProject/Kant/Domain/Table.lean13;source_formatS4;text11;imported_atI+0;14;transformed_atI+0;15;transformationsL0;13;parent_objectS0;","8ce9d4803a7b1d51a4744f73769f94d6d5b56a88e31b5a23271f3aff205b87c8"
"obj.Kant.Relay.isAscii_printMsg","theorem","Kant.Relay.isAscii_printMsg","PROVEN","∀ (m : Kant.Relay.Msg), Kant.Text.IsAscii (Kant.Relay.printMsg m)","L0;","O0;","L0;","L0;","L1;S33;claim.Kant.Relay.isAscii_printMsg","L0;","L1;S33;proof.Kant.Relay.isAscii_printMsg","L0;","S65;∀ (m : Kant.Relay.Msg), Kant.Text.IsAscii (Kant.Relay.printMsg m)","O7;13;source_systemS5;lean411;source_fileS30;RequestProject/Kant/Relay.lean13;source_formatS4;text11;imported_atI+0;14;transformed_atI+119;15;transformationsL0;13;parent_objectS0;","fd477a5d84089cc04a0d8586c00d27a3533ea6eda22e0666ba4111b177696d89"
"obj.Kant.Dom.decFields.eq_1","theorem","Kant.Dom.decFields.eq_1","PROVEN","∀ (s : List Char),   Eq (Kant.Dom.decFields s)     (Kant.Dom.decFields.match_1 (fun x => Option (List (Prod (List Char) Kant.Codec.Val)))       (Kant.Codec.canonDecode s) (fun fs => Option.some fs) fun x => Option.none)","L1;S26;obj.Kant.Codec.canonDecode","O0;","L0;","L0;","L1;S29;claim.Kant.Dom.decFields.eq_1","L0;","L1;S29;proof.Kant.Dom.decFields.eq_1","L0;","S219;∀ (s : List Char),   Eq (Kant.Dom.decFields s)     (Kant.Dom.decFields.match_1 (fun x => Option (List (Prod (List Char) Kant.Codec.Val)))       (Kant.Codec.canonDecode s) (fun fs => Option.some fs) fun x => Option.none)","O7;13;source_systemS5;lean411;source_fileS37;RequestProject/Kant/Domain/Table.lean13;source_formatS4;text11;imported_atI+0;14;transformed_atI+0;15;transformationsL0;13;parent_objectS0;","b9b5d949769ff2d0ae0ab433215857bb3bc7a694f667f7be6a956a7e59f619c9"
"obj.Kant.Dom.Event.validated.sizeOf_spec","theorem","Kant.Dom.Event.validated.sizeOf_spec","PROVEN","∀ (proofId : Kant.Dom.Id),   Eq (Kant.Dom.Event._sizeOf_inst.sizeOf (Kant.Dom.Event.validated proofId))     (instHAdd.hAdd 1 ((List._sizeOf_inst Char).sizeOf proofId))","L0;","O0;","L0;","L0;","L1;S42;claim.Kant.Dom.Event.validated.sizeOf_spec","L0;","L1;S42;proof.Kant.Dom.Event.validated.sizeOf_spec","L0;","S167;∀ (proofId : Kant.Dom.Id),   Eq (Kant.Dom.Event._sizeOf_inst.sizeOf (Kant.Dom.Event.validated proofId))     (instHAdd.hAdd 1 ((List._sizeOf_inst Char).sizeOf proofId))","O7;13;source_systemS5;lean411;source_fileS38;RequestProject/Kant/Domain/Policy.lean13;source_formatS4;text11;imported_atI+0;14;transformed_atI+0;15;transformationsL0;13;parent_objectS0;","2e282e3673f9ab45398034e29382f232ed655f06d49db8372072954ac7f04994"
"obj.Kant.Wasm.Kernel.kernelBytes_decodes","theorem","Kant.Wasm.Kernel.kernelBytes_decodes","PROVEN","Eq (Kant.Wasm.Decode.decodeModule (Kant.Wasm.Encode.module Kant.Wasm.Kernel.kernelModule))   (Option.some     { arities := List.map Kant.Wasm.Func.arity Kant.Wasm.Kernel.kernelModule.funcs,       funcIdx := List.range Kant.Wasm.Kernel.kernelModule.funcs.length,       exports :=         List.map (fun p => { fst := p.fst.name.toUTF8.toList, snd := p.snd })           Kant.Wasm.Kernel.kernelModule.funcs.zipIdx,       codes :=         List.map (fun f => List.map Kant.Wasm.Decode.toRaw f.body.compile)           Kant.Wasm.Kernel.kernelModule.funcs })","L2;S30;obj.Kant.Wasm.Decode.RawModuleS27;obj.Kant.Wasm.Encode.module","O0;","L0;","L0;","L1;S42;claim.Kant.Wasm.Kernel.kernelBytes_decodes","L0;","L1;S42;proof.Kant.Wasm.Kernel.kernelBytes_decodes","L0;","S549;Eq (Kant.Wasm.Decode.decodeModule (Kant.Wasm.Encode.module Kant.Wasm.Kernel.kernelModule))   (Option.some     { arities := List.map Kant.Wasm.Func.arity Kant.Wasm.Kernel.kernelModule.funcs,       funcIdx := List.range Kant.Wasm.Kernel.kernelModule.funcs.length,       exports :=         List.map (fun p => { fst := p.fst.name.toUTF8.toList, snd := p.snd })           Kant.Wasm.Kernel.kernelModule.funcs.zipIdx,       codes :=         List.map (fun f => List.map Kant.Wasm.Decode.toRaw f.body.compile)           Kant.Wasm.Kernel.kernelModule.funcs })","O7;13;source_systemS5;lean411;source_fileS35;RequestProject/Wasm/Extraction.lean13;source_formatS4;text11;imported_atI+0;14;transformed_atI+51;15;transformationsL0;13;parent_objectS0;","fd230657ee32b95e1eaf4ca6a9105211c21314656eb25b38c0dbc5580bcc6deb"
"obj.Kant.Diagnostics.Area.ctorElimType","def","Kant.Diagnostics.Area.ctorElimType","ASSERTED","{motive : Kant.Diagnostics.Area → Sort u} → Nat → Sort (max 1 u)","L0;","O0;","L0;","L0;","L0;","L0;","L0;","L0;","S64;{motive : Kant.Diagnostics.Area → Sort u} → Nat → Sort (max 1 u)","O7;13;source_systemS5;lean411;source_fileS36;RequestProject/Kant/Diagnostics.lean13;source_formatS4;text11;imported_atI+0;14;transformed_atI+0;15;transformationsL0;13;parent_objectS0;","a96e2b1eab4c3abdbb4d95c3f60b433a4cead82d05fac6f77aa1752eab2ce1f4"
"obj.Kant.Dom.repair_keeps_the_error","theorem","Kant.Dom.repair_keeps_the_error","PROVEN","∀ (objectId field raw : List Char),   And (Eq (Kant.Dom.reconcileInt objectId field raw).error.code ""TYPE_MISMATCH"".toList)     (And (Eq (Kant.Dom.reconcileInt objectId field raw).error.expected ""integer"".toList)       (And (Eq (Kant.Dom.reconcileInt objectId field raw).error.actual raw)         (Eq (Kant.Dom.reconcileInt objectId field raw).error.resolution           (Kant.Dom.reconcileInt objectId field raw).repair.name)))","L2;S23;obj.Kant.Codec.Err.codeS32;obj.Kant.Dom.RepairRecord.repair","O0;","L0;","L0;","L1;S37;claim.Kant.Dom.repair_keeps_the_error","L0;","L1;S37;proof.Kant.Dom.repair_keeps_the_error","L0;","S428;∀ (objectId field raw : List Char),   And (Eq (Kant.Dom.reconcileInt objectId field raw).error.code ""TYPE_MISMATCH"".toList)     (And (Eq (Kant.Dom.reconcileInt objectId field raw).error.expected ""integer"".toList)       (And (Eq (Kant.Dom.reconcileInt objectId field raw).error.actual raw)         (Eq (Kant.Dom.reconcileInt objectId field raw).error.resolution           (Kant.Dom.reconcileInt objectId field raw).repair.name)))","O7;13;source_systemS5;lean411;source_fileS38;RequestProject/Kant/Domain/Policy.lean13;source_formatS4;text11;imported_atI+0;14;transformed_atI+256;15;transformationsL0;13;parent_objectS0;","0c5e464a7ab1bfe037937df5d49679f3e666319d603df666fdd85025f1477739"
"obj.Kant.CardDebug.pairCodes_not_connectable_right","theorem","Kant.CardDebug.pairCodes_not_connectable_right","PROVEN","∀ {u v : Kant.CardDebug.Code},   (∀ (i : Kant.Rendezvous.Invite), Ne v (Kant.CardDebug.Code.invite i)) →     Ne (Kant.CardDebug.pairCodes u v) Kant.CardDebug.Pairing.connectable","L0;","O0;","L0;","L0;","L1;S52;claim.Kant.CardDebug.pairCodes_not_connectable_right","L0;","L1;S52;proof.Kant.CardDebug.pairCodes_not_connectable_right","L0;","S177;∀ {u v : Kant.CardDebug.Code},   (∀ (i : Kant.Rendezvous.Invite), Ne v (Kant.CardDebug.Code.invite i)) →     Ne (Kant.CardDebug.pairCodes u v) Kant.CardDebug.Pairing.connectable","O7;13;source_systemS5;lean411;source_fileS34;RequestProject/Kant/CardDebug.lean13;source_formatS4;text11;imported_atI+0;14;transformed_atI+212;15;transformationsL0;13;parent_objectS0;","5893a6537328f5deeda1b33bb0dad4018ac52c430be7f988a5b5eea07a0ca4db"
"obj.Kant.Codec.stripPrefix_append","theorem","Kant.Codec.stripPrefix_append","PROVEN","∀ (p r : List Char), Eq (Kant.Codec.stripPrefix p (instHAppendOfAppend.hAppend p r)) (Option.some r)","L0;","O0;","L0;","L0;","L1;S35;claim.Kant.Codec.stripPrefix_append","L0;","L1;S35;proof.Kant.Codec.stripPrefix_append","L0;","S100;∀ (p r : List Char), Eq (Kant.Codec.stripPrefix p (instHAppendOfAppend.hAppend p r)) (Option.some r)","O7;13;source_systemS5;lean411;source_fileS34;RequestProject/Kant/Codec/Xml.lean13;source_formatS4;text11;imported_atI+0;14;transformed_atI+65;15;transformationsL0;13;parent_objectS0;","1e97b01d64cf3cc78e3a90462a94e7748536755d23a876d530b3392f99c7d552"
"obj.Kant.Connectivity.explain.eq_4","theorem","Kant.Connectivity.explain.eq_4","PROVEN","Eq (Kant.Connectivity.explain Kant.Connectivity.Verdict.relayDown)   ""relay-down: the configured relay did not answer; check `relay =` in kant.config"".toList","L0;","O0;","L0;","L0;","L1;S36;claim.Kant.Connectivity.explain.eq_4","L0;","L1;S36;proof.Kant.Connectivity.explain.eq_4","L0;","S157;Eq (Kant.Connectivity.explain Kant.Connectivity.Verdict.relayDown)   ""relay-down: the configured relay did not answer; check `relay =` in kant.config"".toList","O7;13;source_systemS5;lean411;source_fileS37;RequestProject/Kant/Connectivity.lean13;source_formatS4;text11;imported_atI+0;14;transformed_atI+0;15;transformationsL0;13;parent_objectS0;","4d1ce2c6d78b17e1740074468a6d158ec326209919908d7b472e0873f5c98128"
"obj.Kant.SiteCard.Card.casesOn","def","Kant.SiteCard.Card.casesOn","ASSERTED","{motive : Kant.SiteCard.Card → Sort u} →   (t : Kant.SiteCard.Card) →     ((url caption picture alt : List Char) →         motive { url := url, caption := caption, picture := picture, alt := alt }) →       motive t","L0;","O0;","L0;","L0;","L0;","L0;","L0;","L0;","S214;{motive : Kant.SiteCard.Card → Sort u} →   (t : Kant.SiteCard.Card) →     ((url caption picture alt : List Char) →         motive { url := url, caption := caption, picture := picture, alt := alt }) →       motive t","O7;13;source_systemS5;lean411;source_fileS33;RequestProject/Kant/SiteCard.lean13;source_formatS4;text11;imported_atI+0;14;transformed_atI+373;15;transformationsL0;13;parent_objectS0;","652838292c0f8a475abedbae710f01c4ea85ce604f2ca66d2f8ee580a33334fa"
"obj.Kant.Onboarding.State","inductive","Kant.Onboarding.State","ASSERTED","Type","L0;","O0;","L0;","L0;","L0;","L0;","L0;","L0;","S4;Type","O7;13;source_systemS5;lean411;source_fileS35;RequestProject/Kant/Onboarding.lean13;source_formatS4;text11;imported_atI+0;14;transformed_atI+111;15;transformationsL0;13;parent_objectS0;","b9f6e082d536704457f073efc475fe37b9a3a9cb2db305aa2a7ec0d36cf0569d"
"obj.Kant.Handoff.codes_logScript","theorem","Kant.Handoff.codes_logScript","PROVEN","∀ (limit : Nat) (who : List Char) (r : Kant.Diagnostics.Report),   Eq (Kant.Handoff.codes (Kant.Handoff.logScript limit who r)) (Kant.ShareLog.chatParts limit r)","L1;S27;obj.Kant.ShareLog.chatParts","O0;","L0;","L0;","L1;S34;claim.Kant.Handoff.codes_logScript","L0;","L1;S34;proof.Kant.Handoff.codes_logScript","L0;","S161;∀ (limit : Nat) (who : List Char) (r : Kant.Diagnostics.Report),   Eq (Kant.Handoff.codes (Kant.Handoff.logScript limit who r)) (Kant.ShareLog.chatParts limit r)","O7;13;source_systemS5;lean411;source_fileS32;RequestProject/Kant/Handoff.lean13;source_formatS4;text11;imported_atI+0;14;transformed_atI+222;15;transformationsL0;13;parent_objectS0;","f94c86ef6578a74c0dcb6f0125f54f879957904e59fe00623917174fae0d0e0d"
"obj.Kant.Codec.Loss.name","def","Kant.Codec.Loss.name","ASSERTED","Kant.Codec.Loss → List Char","L0;","O0;","L0;","L0;","L0;","L0;","L0;","L0;","S27;Kant.Codec.Loss → List Char","O7;13;source_systemS5;lean411;source_fileS36;RequestProject/Kant/Codec/Model.lean13;source_formatS4;text11;imported_atI+0;14;transformed_atI+140;15;transformationsL0;13;parent_objectS0;","b2d97b4f06a43e905701acc04f1819bb0c1229fdddea5e3ed0358a42642469a9"
"obj.Kant.Codec.Ipdl.str.noConfusion","def","Kant.Codec.Ipdl.str.noConfusion","ASSERTED","{P : Sort u} →   {s s' : List Char} → Eq (Kant.Codec.Ipdl.str s) (Kant.Codec.Ipdl.str s') → (Eq s s' → P) → P","L0;","O0;","L0;","L0;","L0;","L0;","L0;","L0;","S109;{P : Sort u} →   {s s' : List Char} → Eq (Kant.Codec.Ipdl.str s) (Kant.Codec.Ipdl.str s') → (Eq s s' → P) → P","O7;13;source_systemS5;lean411;source_fileS35;RequestProject/Kant/Codec/Ipdl.lean13;source_formatS4;text11;imported_atI+0;14;transformed_atI+43;15;transformationsL0;13;parent_objectS0;","9f01cc4bc9910249f533a4004cf797160cbe4b3fd231fbdb3b72c5b5c5d2c238"
"obj.Kant.Codec.Inp.mk.injEq","theorem","Kant.Codec.Inp.mk.injEq","PROVEN","∀ (id name type : List Char) (value : Kant.Codec.Val) (encoding units : List Char)   (constraints : List Kant.Codec.Val) (provenance : Option Kant.Codec.Prov)   (id_1 name_1 type_1 : List Char) (value_1 : Kant.Codec.Val) (encoding_1 units_1 : List Char)   (constraints_1 : List Kant.Codec.Val) (provenance_1 : Option Kant.Codec.Prov),   Eq     (Eq       { id := id, name := name, type := type, value := value, encoding := encoding, units := units,         constraints := constraints, provenance := provenance }       { id := id_1, name := name_1, type := type_1, value := value_1, encoding := encoding_1,         units := units_1, constraints := constraints_1, provenance := provenance_1 })     (And (Eq id id_1)       (And (Eq name name_1)         (And (Eq type type_1)           (And (Eq value value_1)             (And (Eq encoding encoding_1)               (And (Eq units units_1)                 (And (Eq constraints constraints_1) (Eq provenance provenance_1))))))))","L0;","O0;","L0;","L0;","L1;S29;claim.Kant.Codec.Inp.mk.injEq","L0;","L1;S29;proof.Kant.Codec.Inp.mk.injEq","L0;","S972;∀ (id name type : List Char) (value : Kant.Codec.Val) (encoding units : List Char)   (constraints : List Kant.Codec.Val) (provenance : Option Kant.Codec.Prov)   (id_1 name_1 type_1 : List Char) (value_1 : Kant.Codec.Val) (encoding_1 units_1 : List Char)   (constraints_1 : List Kant.Codec.Val) (provenance_1 : Option Kant.Codec.Prov),   Eq     (Eq       { id := id, name := name, type := type, value := value, encoding := encoding, units := units,         constraints := constraints, provenance := provenance }       { id := id_1, name := name_1, type := type_1, value := value_1, encoding := encoding_1,         units := units_1, constraints := constraints_1, provenance := provenance_1 })     (And (Eq id id_1)       (And (Eq name name_1)         (And (Eq type type_1)           (And (Eq value value_1)             (And (Eq encoding encoding_1)               (And (Eq units units_1)                 (And (Eq constraints constraints_1) (Eq provenance provenance_1))))))))","O7;13;source_systemS5;lean411;source_fileS36;RequestProject/Kant/Codec/Model.lean13;source_formatS4;text11;imported_atI+0;14;transformed_atI+0;15;transformationsL0;13;parent_objectS0;","f42c9ef54b7c61df1ea4e0b8aa18e604fa65a3e7861c6e1d34f9c9c8c18870c2"
"obj.Kant.Dom.Repair.noConfusion","def","Kant.Dom.Repair.noConfusion","ASSERTED","{P : Sort v✝} → {x y : Kant.Dom.Repair} → Eq x y → Kant.Dom.Repair.noConfusionType P x y","L0;","O0;","L0;","L0;","L0;","L0;","L0;","L0;","S88;{P : Sort v✝} → {x y : Kant.Dom.Repair} → Eq x y → Kant.Dom.Repair.noConfusionType P x y","O7;13;source_systemS5;lean411;source_fileS38;RequestProject/Kant/Domain/Policy.lean13;source_formatS4;text11;imported_atI+0;14;transformed_atI+196;15;transformationsL0;13;parent_objectS0;","039daeef94841269cfb2a01e699129960d279866185ef8936a036fabfea4fdf0"
"obj.Kant.Wasm.Decode.itemsDec.eq_def","theorem","Kant.Wasm.Decode.itemsDec.eq_def","PROVEN","∀ {α : Type} (item : Kant.Wasm.Decode.Bytes → Option (Prod α Kant.Wasm.Decode.Bytes)) (x : Nat)   (x_1 : Kant.Wasm.Decode.Bytes),   Eq (Kant.Wasm.Decode.itemsDec item x x_1)     (Kant.Wasm.Decode.itemsDec.match_5 (fun x x_2 => Option (Prod (List α) Kant.Wasm.Decode.Bytes))       x x_1 (fun bs => Option.some { fst := List.nil, snd := bs }) fun n bs =>       Kant.Wasm.Decode.itemsDec.match_3 (fun x => Option (Prod (List α) Kant.Wasm.Decode.Bytes))         (item bs)         (fun a bs' =>           Kant.Wasm.Decode.itemsDec.match_1 (fun x => Option (Prod (List α) Kant.Wasm.Decode.Bytes))             (Kant.Wasm.Decode.itemsDec item n bs')             (fun as bs'' => Option.some { fst := List.cons a as, snd := bs'' }) fun _ =>             Option.none)         fun _ => Option.none)","L0;","O0;","L0;","L0;","L1;S38;claim.Kant.Wasm.Decode.itemsDec.eq_def","L0;","L1;S38;proof.Kant.Wasm.Decode.itemsDec.eq_def","L0;","S785;∀ {α : Type} (item : Kant.Wasm.Decode.Bytes → Option (Prod α Kant.Wasm.Decode.Bytes)) (x : Nat)   (x_1 : Kant.Wasm.Decode.Bytes),   Eq (Kant.Wasm.Decode.itemsDec item x x_1)     (Kant.Wasm.Decode.itemsDec.match_5 (fun x x_2 => Option (Prod (List α) Kant.Wasm.Decode.Bytes))       x x_1 (fun bs => Option.some { fst := List.nil, snd := bs }) fun n bs =>       Kant.Wasm.Decode.itemsDec.match_3 (fun x => Option (Prod (List α) Kant.Wasm.Decode.Bytes))         (item bs)         (fun a bs' =>           Kant.Wasm.Decode.itemsDec.match_1 (fun x => Option (Prod (List α) Kant.Wasm.Decode.Bytes))             (Kant.Wasm.Decode.itemsDec item n bs')             (fun as bs'' => Option.some { fst := List.cons a as, snd := bs'' }) fun _ =>             Option.none)         fun _ => Option.none)","O7;13;source_systemS5;lean411;source_fileS31;RequestProject/Wasm/Decode.lean13;source_formatS4;text11;imported_atI+0;14;transformed_atI+0;15;transformationsL0;13;parent_objectS0;","1b4738e32f0bc8c427358d6f62e54687b4ecd1b434675f2a1ab2f5b56c01ea2d"
"obj.Kant.Cli.Resp","inductive","Kant.Cli.Resp","ASSERTED","Type","L0;","O0;","L0;","L0;","L0;","L0;","L0;","L0;","S4;Type","O7;13;source_systemS5;lean411;source_fileS28;RequestProject/Kant/Cli.lean13;source_formatS4;text11;imported_atI+0;14;transformed_atI+289;15;transformationsL0;13;parent_objectS0;","f336eeaa95f969ed5d2fcbee53ae82eadfcb24008df655e74cf34f13571657e4"
"obj.Kant.Codec.yFields","def","Kant.Codec.yFields","ASSERTED","Nat → List Char → Option (Prod (List (Prod (List Char) Kant.Codec.Val)) (List Char))","L0;","O0;","L0;","L0;","L0;","L0;","L0;","L0;","S84;Nat → List Char → Option (Prod (List (Prod (List Char) Kant.Codec.Val)) (List Char))","O7;13;source_systemS5;lean411;source_fileS35;RequestProject/Kant/Codec/Yaml.lean13;source_formatS4;text11;imported_atI+0;14;transformed_atI+273;15;transformationsL0;13;parent_objectS0;","7f6df49ea816cb49cd38d7affc0688a635af3255617e2db37ce8527e91a32470"
"obj.Kant.Relay.Msg.room","def","Kant.Relay.Msg.room","ASSERTED","Kant.Relay.Msg → List Char","L0;","O0;","L0;","L0;","L0;","L0;","L0;","L0;","S26;Kant.Relay.Msg → List Char","O7;13;source_systemS5;lean411;source_fileS30;RequestProject/Kant/Relay.lean13;source_formatS4;text11;imported_atI+0;14;transformed_atI+54;15;transformationsL0;13;parent_objectS0;","a60b85cc09584bf2bafee8e15b72d5f50cad47b20034c794bf82a319fec60f27"
"obj.Kant.Wasm.Kernel.fnvPrimeConst.eq_1","theorem","Kant.Wasm.Kernel.fnvPrimeConst.eq_1","PROVEN","Eq Kant.Wasm.Kernel.fnvPrimeConst 1099511628211","L1;S34;obj.Kant.Wasm.Kernel.fnvPrimeConst","O0;","L0;","L0;","L1;S41;claim.Kant.Wasm.Kernel.fnvPrimeConst.eq_1","L0;","L1;S41;proof.Kant.Wasm.Kernel.fnvPrimeConst.eq_1","L0;","S47;Eq Kant.Wasm.Kernel.fnvPrimeConst 1099511628211","O7;13;source_systemS5;lean411;source_fileS35;RequestProject/Wasm/KernelSpec.lean13;source_formatS4;text11;imported_atI+0;14;transformed_atI+0;15;transformationsL0;13;parent_objectS0;","b92a7267b168180093a1a119cdb76953fb45c844b9d33ca690cb1a3c94891c79"
"obj.Kant.Onboarding.camera_off_after_leave","theorem","Kant.Onboarding.camera_off_after_leave","PROVEN","∀ (s : Kant.Onboarding.State),   Eq (Kant.Onboarding.step s Kant.Onboarding.Event.leave).camera Bool.false","L1;S25;obj.Kant.Onboarding.State","O0;","L0;","L0;","L1;S44;claim.Kant.Onboarding.camera_off_after_leave","L0;","L1;S44;proof.Kant.Onboarding.camera_off_after_leave","L0;","S106;∀ (s : Kant.Onboarding.State),   Eq (Kant.Onboarding.step s Kant.Onboarding.Event.leave).camera Bool.false","O7;13;source_systemS5;lean411;source_fileS35;RequestProject/Kant/Onboarding.lean13;source_formatS4;text11;imported_atI+0;14;transformed_atI+169;15;transformationsL0;13;parent_objectS0;","6e180003d3160f9139def3a552527ba6aeb2a0f0cd493f4bd31e67e2d7fa8be0"
"obj.Kant.Codec.Ipdl.ctorIdx","def","Kant.Codec.Ipdl.ctorIdx","ASSERTED","Kant.Codec.Ipdl → Nat","L0;","O0;","L0;","L0;","L0;","L0;","L0;","L0;","S21;Kant.Codec.Ipdl → Nat","O7;13;source_systemS5;lean411;source_fileS35;RequestProject/Kant/Codec/Ipdl.lean13;source_formatS4;text11;imported_atI+0;14;transformed_atI+0;15;transformationsL0;13;parent_objectS0;","b705a41768cb3804d941c6455c542b8fd01bbddfc3a07fba3126b8be31451035"
"obj.Kant.Codec.xmlDecode_xmlEnc","theorem","Kant.Codec.xmlDecode_xmlEnc","PROVEN","∀ (v : Kant.Codec.Val), Eq (Kant.Codec.xmlDecode (Kant.Codec.xmlEnc v)) (Option.some v)","L0;","O0;","L0;","L0;","L1;S33;claim.Kant.Codec.xmlDecode_xmlEnc","L0;","L1;S33;proof.Kant.Codec.xmlDecode_xmlEnc","L0;","S87;∀ (v : Kant.Codec.Val), Eq (Kant.Codec.xmlDecode (Kant.Codec.xmlEnc v)) (Option.some v)","O7;13;source_systemS5;lean411;source_fileS34;RequestProject/Kant/Codec/Xml.lean13;source_formatS4;text11;imported_atI+0;14;transformed_atI+447;15;transformationsL0;13;parent_objectS0;","b6d06043ea04259f0e40a0d3e8d624a44f8d393502ec998d3b748321cf1ebf42"
"obj.Kant.Pipeline.roundTripFrame_eq","theorem","Kant.Pipeline.roundTripFrame_eq","PROVEN","∀ {carrier : Kant.Stego.Carrier} {f : Kant.Sneakernet.Frame},   instLENat.le (instHMul.hMul 8 (List.length f.payload)) (List.length carrier) →     Eq (Kant.Pipeline.roundTripFrame carrier f) f","L2;S25;obj.Kant.Sneakernet.FrameS29;obj.Kant.Sneakernet.Frame.seq","O0;","L0;","L0;","L1;S37;claim.Kant.Pipeline.roundTripFrame_eq","L0;","L1;S37;proof.Kant.Pipeline.roundTripFrame_eq","L0;","S192;∀ {carrier : Kant.Stego.Carrier} {f : Kant.Sneakernet.Frame},   instLENat.le (instHMul.hMul 8 (List.length f.payload)) (List.length carrier) →     Eq (Kant.Pipeline.roundTripFrame carrier f) f","O7;13;source_systemS5;lean411;source_fileS33;RequestProject/Kant/Pipeline.lean13;source_formatS4;text11;imported_atI+0;14;transformed_atI+92;15;transformationsL0;13;parent_objectS0;","e5c3b8824da5d3dcbdb0050c4beaa05fffc540dcd8a6a062058efcbe671f59e5"
"obj.Kant.Dom.Coverage.ctorIdx","def","Kant.Dom.Coverage.ctorIdx","ASSERTED","Kant.Dom.Coverage → Nat","L0;","O0;","L0;","L0;","L0;","L0;","L0;","L0;","S23;Kant.Dom.Coverage → Nat","O7;13;source_systemS5;lean411;source_fileS37;RequestProject/Kant/Domain/Model.lean13;source_formatS4;text11;imported_atI+0;14;transformed_atI+0;15;transformationsL0;13;parent_objectS0;","165ef06964eddc6e98c6d6f6e12bcee9375cbb2cda3940c0b8d96841f58f545b"
"obj.Kant.CardDebug.configured_relay_links","theorem","Kant.CardDebug.configured_relay_links","PROVEN","∀ {a b : Kant.Connectivity.Client} {R : List Char},   Eq a.room b.room →     Ne a.room List.nil →       Ne R List.nil →         Eq a.reach.configured R →           Eq b.reach.configured R →             Eq a.reach.configuredUp Bool.true →               Eq b.reach.configuredUp Bool.true → Kant.Connectivity.Linked a b","L1;S47;obj.Kant.Connectivity.effectiveRelay_configured","O0;","L0;","L0;","L1;S43;claim.Kant.CardDebug.configured_relay_links","L0;","L1;S43;proof.Kant.CardDebug.configured_relay_links","L0;","S316;∀ {a b : Kant.Connectivity.Client} {R : List Char},   Eq a.room b.room →     Ne a.room List.nil →       Ne R List.nil →         Eq a.reach.configured R →           Eq b.reach.configured R →             Eq a.reach.configuredUp Bool.true →               Eq b.reach.configuredUp Bool.true → Kant.Connectivity.Linked a b","O7;13;source_systemS5;lean411;source_fileS34;RequestProject/Kant/CardDebug.lean13;source_formatS4;text11;imported_atI+0;14;transformed_atI+255;15;transformationsL0;13;parent_objectS0;","5f78a9ee56b25470aa64fc0783c818abe13039ac0aba55a662b2f48a8b5431e1"
"obj.Kant.Wasm.Decode.RawInstr.i64const.elim","def","Kant.Wasm.Decode.RawInstr.i64const.elim","ASSERTED","{motive : Kant.Wasm.Decode.RawInstr → Sort u} →   (t : Kant.Wasm.Decode.RawInstr) →     Eq t.ctorIdx 0 → ((n : Int) → motive (Kant.Wasm.Decode.RawInstr.i64const n)) → motive t","L0;","O0;","L0;","L0;","L0;","L0;","L0;","L0;","S175;{motive : Kant.Wasm.Decode.RawInstr → Sort u} →   (t : Kant.Wasm.Decode.RawInstr) →     Eq t.ctorIdx 0 → ((n : Int) → motive (Kant.Wasm.Decode.RawInstr.i64const n)) → motive t","O7;13;source_systemS5;lean411;source_fileS31;RequestProject/Wasm/Decode.lean13;source_formatS4;text11;imported_atI+0;14;transformed_atI+44;15;transformationsL0;13;parent_objectS0;","c273328ad654b6dbbe53dcd4380c72183565314cbeac9c314ae3cdf7e4379a2e"
"obj.Kant.Codec.ExportReport","inductive","Kant.Codec.ExportReport","ASSERTED","Type","L0;","O0;","L0;","L0;","L0;","L0;","L0;","L0;","S4;Type","O7;13;source_systemS5;lean411;source_fileS39;RequestProject/Kant/Codec/Exchange.lean13;source_formatS4;text11;imported_atI+0;14;transformed_atI+222;15;transformationsL0;13;parent_objectS0;","d6529333a2148816b86d32354e72a569a9a71249ddbd81f049d65806c5868643"
"obj.Kant.Rendezvous.bestOf.eq_def","theorem","Kant.Rendezvous.bestOf.eq_def","PROVEN","∀ (x : List Kant.Rendezvous.Announce),   Eq (Kant.Rendezvous.bestOf x)     (Kant.Rendezvous.bestOf.match_3 (fun x => Option Kant.Rendezvous.Announce) x       (fun _ => Option.none) fun a as =>       Kant.Rendezvous.bestOf.match_1 (fun x => Option Kant.Rendezvous.Announce)         (Kant.Rendezvous.bestOf as) (fun _ => Option.some a) fun b =>         ite (instLTNat.lt b.seq a.seq) (Option.some a) (Option.some b))","L0;","O0;","L0;","L0;","L1;S35;claim.Kant.Rendezvous.bestOf.eq_def","L0;","L1;S35;proof.Kant.Rendezvous.bestOf.eq_def","L0;","S414;∀ (x : List Kant.Rendezvous.Announce),   Eq (Kant.Rendezvous.bestOf x)     (Kant.Rendezvous.bestOf.match_3 (fun x => Option Kant.Rendezvous.Announce) x       (fun _ => Option.none) fun a as =>       Kant.Rendezvous.bestOf.match_1 (fun x => Option Kant.Rendezvous.Announce)         (Kant.Rendezvous.bestOf as) (fun _ => Option.some a) fun b =>         ite (instLTNat.lt b.seq a.seq) (Option.some a) (Option.some b))","O7;13;source_systemS5;lean411;source_fileS35;RequestProject/Kant/Rendezvous.lean13;source_formatS4;text11;imported_atI+0;14;transformed_atI+0;15;transformationsL0;13;parent_objectS0;","30af93d4e06ae466a46e93a22592e2b1ae422ed72a7184b8560fb19fd0008903"
"obj.Kant.Uucp.Site.get_put_other","theorem","Kant.Uucp.Site.get_put_other","PROVEN","∀ {path path' : List Char},   Ne path' path →     ∀ (s : Kant.Uucp.Site) (body : List Char), Eq ((s.put path body).get path') (s.get path')","L1;S22;obj.Kant.Uucp.Site.put","O0;","L0;","L0;","L1;S34;claim.Kant.Uucp.Site.get_put_other","L0;","L1;S34;proof.Kant.Uucp.Site.get_put_other","L0;","S139;∀ {path path' : List Char},   Ne path' path →     ∀ (s : Kant.Uucp.Site) (body : List Char), Eq ((s.put path body).get path') (s.get path')","O7;13;source_systemS5;lean411;source_fileS29;RequestProject/Kant/Uucp.lean13;source_formatS4;text11;imported_atI+0;14;transformed_atI+741;15;transformationsL0;13;parent_objectS0;","505ce09b514763d48accc48ad272fbeff8b9e650c2502a3a411a1a6b11fffa75"
"obj.Kant.Codec.listOf","def","Kant.Codec.listOf","ASSERTED","{α : Type} → (Kant.Codec.Val → Option α) → List Kant.Codec.Val → Option (List α)","L0;","O0;","L0;","L0;","L0;","L0;","L0;","L0;","S80;{α : Type} → (Kant.Codec.Val → Option α) → List Kant.Codec.Val → Option (List α)","O7;13;source_systemS5;lean411;source_fileS36;RequestProject/Kant/Codec/Model.lean13;source_formatS4;text11;imported_atI+0;14;transformed_atI+204;15;transformationsL0;13;parent_objectS0;","022f8d6f491df97e8d1c43afce8936318e6e99e9d78fece04e23c63da6c8a333"
"obj.Kant.Codec.xListOpen","def","Kant.Codec.xListOpen","ASSERTED","List Char","L0;","O0;","L0;","L0;","L0;","L0;","L0;","L0;","S9;List Char","O7;13;source_systemS5;lean411;source_fileS34;RequestProject/Kant/Codec/Xml.lean13;source_formatS4;text11;imported_atI+0;14;transformed_atI+44;15;transformationsL0;13;parent_objectS0;","72e9ed040edfee4b276cc0a4f08ba7186cd46ed58a07f9f1b528988fa511113e"
"obj.Kant.Dom.coverage_withDerivedRelations","theorem","Kant.Dom.coverage_withDerivedRelations","PROVEN","∀ (d : Kant.Dom.Domain) (o : Kant.Dom.DomObj),   Eq (Kant.Dom.coverage (Kant.Dom.withDerivedRelations d) o) (Kant.Dom.coverage d o)","L0;","O0;","L0;","L0;","L1;S44;claim.Kant.Dom.coverage_withDerivedRelations","L0;","L1;S44;proof.Kant.Dom.coverage_withDerivedRelations","L0;","S131;∀ (d : Kant.Dom.Domain) (o : Kant.Dom.DomObj),   Eq (Kant.Dom.coverage (Kant.Dom.withDerivedRelations d) o) (Kant.Dom.coverage d o)","O7;13;source_systemS5;lean411;source_fileS38;RequestProject/Kant/Domain/Ledger.lean13;source_formatS4;text11;imported_atI+0;14;transformed_atI+425;15;transformationsL0;13;parent_objectS0;","24a78a76f38bda8bd2a25642c168d8882e4354b4358d3851b0c578953c84260e"
"obj.Kant.Dom.ledgerRowVal.match_1","def","Kant.Dom.ledgerRowVal.match_1","ASSERTED","(motive : Option Kant.Dom.PStatus → Sort u_1) →   (x : Option Kant.Dom.PStatus) →     ((s : Kant.Dom.PStatus) → motive (Option.some s)) → (Unit → motive Option.none) → motive x","L0;","O0;","L0;","L0;","L0;","L0;","L0;","L0;","S176;(motive : Option Kant.Dom.PStatus → Sort u_1) →   (x : Option Kant.Dom.PStatus) →     ((s : Kant.Dom.PStatus) → motive (Option.some s)) → (Unit → motive Option.none) → motive x","O7;13;source_systemS5;lean411;source_fileS39;RequestProject/Kant/Domain/Package.lean13;source_formatS4;text11;imported_atI+0;14;transformed_atI+0;15;transformationsL0;13;parent_objectS0;","8587becb0ca5fb7241d04f74ae76b805549d8d7d90a69e2c06f501113dc43fdf"
"obj.Kant.PlainText.Meta.noConfusion","def","Kant.PlainText.Meta.noConfusion","ASSERTED","{P : Sort u} → {t t' : Kant.PlainText.Meta} → Eq t t' → Kant.PlainText.Meta.noConfusionType P t t'","L0;","O0;","L0;","L0;","L0;","L0;","L0;","L0;","S98;{P : Sort u} → {t t' : Kant.PlainText.Meta} → Eq t t' → Kant.PlainText.Meta.noConfusionType P t t'","O7;13;source_systemS5;lean411;source_fileS34;RequestProject/Kant/PlainText.lean13;source_formatS4;text11;imported_atI+0;14;transformed_atI+86;15;transformationsL0;13;parent_objectS0;","4c5c5bb029fc078c5cce73ceda5895a7a1b39d5e5143dff28b9c95a27ae8fd0d"
"obj.Kant.Codec.Obj.ctorIdx","def","Kant.Codec.Obj.ctorIdx","ASSERTED","Kant.Codec.Obj → Nat","L0;","O0;","L0;","L0;","L0;","L0;","L0;","L0;","S20;Kant.Codec.Obj → Nat","O7;13;source_systemS5;lean411;source_fileS36;RequestProject/Kant/Codec/Model.lean13;source_formatS4;text11;imported_atI+0;14;transformed_atI+0;15;transformationsL0;13;parent_objectS0;","4112cd3ed7eddad394e4e5e26f90bc88bee7131d8f66e399ef093951792ddece"
"obj.Kant.Codec.resolve.eq_3","theorem","Kant.Codec.resolve.eq_3","PROVEN","∀ (a b : Kant.Codec.Obj),   Eq (Kant.Codec.resolve Kant.Codec.Strategy.preferNewer a b) (Option.some b)","L0;","O0;","L0;","L0;","L1;S29;claim.Kant.Codec.resolve.eq_3","L0;","L1;S29;proof.Kant.Codec.resolve.eq_3","L0;","S103;∀ (a b : Kant.Codec.Obj),   Eq (Kant.Codec.resolve Kant.Codec.Strategy.preferNewer a b) (Option.some b)","O7;13;source_systemS5;lean411;source_fileS40;RequestProject/Kant/Codec/Reconcile.lean13;source_formatS4;text11;imported_atI+0;14;transformed_atI+0;15;transformationsL0;13;parent_objectS0;","330724b6b20a9acf79bd2df4dbb2306cb320a068725467bd4a83ced04d8f24da"
"obj.Kant.Rendezvous.Announce.Wire.addrs","theorem","Kant.Rendezvous.Announce.Wire.addrs","PROVEN","∀ {a : Kant.Rendezvous.Announce},   a.Wire →     ∀ (x : Kant.Rendezvous.Address), List.instMembership.mem a.addrs x → Kant.Text.IsAscii x.locator","L1;S35;obj.Kant.Rendezvous.Address.locator","O0;","L0;","L0;","L1;S41;claim.Kant.Rendezvous.Announce.Wire.addrs","L0;","L1;S41;proof.Kant.Rendezvous.Announce.Wire.addrs","L0;","S145;∀ {a : Kant.Rendezvous.Announce},   a.Wire →     ∀ (x : Kant.Rendezvous.Address), List.instMembership.mem a.addrs x → Kant.Text.IsAscii x.locator","O7;13;source_systemS5;lean411;source_fileS35;RequestProject/Kant/Rendezvous.lean13;source_formatS4;text11;imported_atI+0;14;transformed_atI+140;15;transformationsL0;13;parent_objectS0;","6cca6ce2042a0d45c74240f728dec352faf1b4a26b04790fea73b78634eb54dc"
"obj.Kant.Pipeline.pipeline_witness","theorem","Kant.Pipeline.pipeline_witness","PROVEN","∀ {limit : Nat},   instLTNat.lt 0 limit →     ∀ (content : Kant.Bytes.Blob) (carriers : Kant.Sneakernet.Frame → Kant.Stego.Carrier)       {fs : List Kant.Sneakernet.Frame},       (Kant.Pipeline.publish limit content).Perm fs →         (∀ (f : Kant.Sneakernet.Frame),             List.instMembership.mem fs f →               instLENat.le (instHMul.hMul 8 (List.length f.payload)) (List.length (carriers f))) →           And             (Eq               (Kant.Bytes.witness                 (Kant.Sneakernet.reassemble                   (List.map (fun f => Kant.Pipeline.roundTripFrame (carriers f) f) fs)))               (Kant.Bytes.witness content))             (Eq               (Kant.Dasl.nestedCid                 (Kant.Sneakernet.reassemble                   (List.map (fun f => Kant.Pipeline.roundTripFrame (carriers f) f) fs)))               (Kant.Dasl.nestedCid content))","L2;S25;obj.Kant.Sneakernet.FrameS23;obj.Kant.Dasl.nestedCid","O0;","L0;","L0;","L1;S36;claim.Kant.Pipeline.pipeline_witness","L0;","L1;S36;proof.Kant.Pipeline.pipeline_witness","L0;","S878;∀ {limit : Nat},   instLTNat.lt 0 limit →     ∀ (content : Kant.Bytes.Blob) (carriers : Kant.Sneakernet.Frame → Kant.Stego.Carrier)       {fs : List Kant.Sneakernet.Frame},       (Kant.Pipeline.publish limit content).Perm fs →         (∀ (f : Kant.Sneakernet.Frame),             List.instMembership.mem fs f →               instLENat.le (instHMul.hMul 8 (List.length f.payload)) (List.length (carriers f))) →           And             (Eq               (Kant.Bytes.witness                 (Kant.Sneakernet.reassemble                   (List.map (fun f => Kant.Pipeline.roundTripFrame (carriers f) f) fs)))               (Kant.Bytes.witness content))             (Eq               (Kant.Dasl.nestedCid                 (Kant.Sneakernet.reassemble                   (List.map (fun f => Kant.Pipeline.roundTripFrame (carriers f) f) fs)))               (Kant.Dasl.nestedCid content))","O7;13;source_systemS5;lean411;source_fileS33;RequestProject/Kant/Pipeline.lean13;source_formatS4;text11;imported_atI+0;14;transformed_atI+112;15;transformationsL0;13;parent_objectS0;","256ddda5c03b54d44adbf80af3feb95f26379f90b3e2c86aed8e08a84dd42cc5"
"obj.Kant.Cli.Method.ofNat","def","Kant.Cli.Method.ofNat","ASSERTED","Nat → Kant.Cli.Method","L0;","O0;","L0;","L0;","L0;","L0;","L0;","L0;","S21;Nat → Kant.Cli.Method","O7;13;source_systemS5;lean411;source_fileS28;RequestProject/Kant/Cli.lean13;source_formatS4;text11;imported_atI+0;14;transformed_atI+0;15;transformationsL0;13;parent_objectS0;","1843b1f77ef38fce292fcb66f464a89143e30b1eb1f00008cf11bb3f0072ad8b"
"obj.Kant.Codec.Trans.mk.injEq","theorem","Kant.Codec.Trans.mk.injEq","PROVEN","∀ (id operation : List Char) (source dest : Kant.Codec.Fmt) (inputHash outputHash : List Char)   (codec : Kant.Codec.Fmt) (codecVersion : List Char) (lossiness : Kant.Codec.Loss)   (errors warnings : List Kant.Codec.Err) (id_1 operation_1 : List Char)   (source_1 dest_1 : Kant.Codec.Fmt) (inputHash_1 outputHash_1 : List Char)   (codec_1 : Kant.Codec.Fmt) (codecVersion_1 : List Char) (lossiness_1 : Kant.Codec.Loss)   (errors_1 warnings_1 : List Kant.Codec.Err),   Eq     (Eq       { id := id, operation := operation, source := source, dest := dest, inputHash := inputHash,         outputHash := outputHash, codec := codec, codecVersion := codecVersion,         lossiness := lossiness, errors := errors, warnings := warnings }       { id := id_1, operation := operation_1, source := source_1, dest := dest_1,         inputHash := inputHash_1, outputHash := outputHash_1, codec := codec_1,         codecVersion := codecVersion_1, lossiness := lossiness_1, errors := errors_1,         warnings := warnings_1 })     (And (Eq id id_1)       (And (Eq operation operation_1)         (And (Eq source source_1)           (And (Eq dest dest_1)             (And (Eq inputHash inputHash_1)               (And (Eq outputHash outputHash_1)                 (And (Eq codec codec_1)                   (And (Eq codecVersion codecVersion_1)                     (And (Eq lossiness lossiness_1)                       (And (Eq errors errors_1) (Eq warnings warnings_1)))))))))))","L0;","O0;","L0;","L0;","L1;S31;claim.Kant.Codec.Trans.mk.injEq","L0;","L1;S31;proof.Kant.Codec.Trans.mk.injEq","L0;","S1459;∀ (id operation : List Char) (source dest : Kant.Codec.Fmt) (inputHash outputHash : List Char)   (codec : Kant.Codec.Fmt) (codecVersion : List Char) (lossiness : Kant.Codec.Loss)   (errors warnings : List Kant.Codec.Err) (id_1 operation_1 : List Char)   (source_1 dest_1 : Kant.Codec.Fmt) (inputHash_1 outputHash_1 : List Char)   (codec_1 : Kant.Codec.Fmt) (codecVersion_1 : List Char) (lossiness_1 : Kant.Codec.Loss)   (errors_1 warnings_1 : List Kant.Codec.Err),   Eq     (Eq       { id := id, operation := operation, source := source, dest := dest, inputHash := inputHash,         outputHash := outputHash, codec := codec, codecVersion := codecVersion,         lossiness := lossiness, errors := errors, warnings := warnings }       { id := id_1, operation := operation_1, source := source_1, dest := dest_1,         inputHash := inputHash_1, outputHash := outputHash_1, codec := codec_1,         codecVersion := codecVersion_1, lossiness := lossiness_1, errors := errors_1,         warnings := warnings_1 })     (And (Eq id id_1)       (And (Eq operation operation_1)         (And (Eq source source_1)           (And (Eq dest dest_1)             (And (Eq inputHash inputHash_1)               (And (Eq outputHash outputHash_1)                 (And (Eq codec codec_1)                   (And (Eq codecVersion codecVersion_1)                     (And (Eq lossiness lossiness_1)                       (And (Eq errors errors_1) (Eq warnings warnings_1)))))))))))","O7;13;source_systemS5;lean411;source_fileS36;RequestProject/Kant/Codec/Model.lean13;source_formatS4;text11;imported_atI+0;14;transformed_atI+0;15;transformationsL0;13;parent_objectS0;","3e8159b0df3e4ca7b4b31e21fa157d04125a74f45bc3e3c5d04b902698f1c362"
"obj.Kant.Relay.Server.lines_post_other","theorem","Kant.Relay.Server.lines_post_other","PROVEN","∀ {room room' : List Char},   Ne room' room →     ∀ (sv : Kant.Relay.Server) (line : List Char),       Eq ((sv.post room line).lines room') (sv.lines room')","L2;S21;obj.Kant.Relay.ServerS42;obj.Kant.Relay.Server.lines_setLines_other","O0;","L0;","L0;","L1;S40;claim.Kant.Relay.Server.lines_post_other","L0;","L1;S40;proof.Kant.Relay.Server.lines_post_other","L0;","S156;∀ {room room' : List Char},   Ne room' room →     ∀ (sv : Kant.Relay.Server) (line : List Char),       Eq ((sv.post room line).lines room') (sv.lines room')","O7;13;source_systemS5;lean411;source_fileS30;RequestProject/Kant/Relay.lean13;source_formatS4;text11;imported_atI+0;14;transformed_atI+213;15;transformationsL0;13;parent_objectS0;","6c4ef6d8c06e95e7c572bdae88fcacdc5602c0cf003dd8b5faccdf5b3dcbfb7a"
"obj.Kant.Dom.Evid.ofNat_ctorIdx","theorem","Kant.Dom.Evid.ofNat_ctorIdx","PROVEN","∀ (x : Kant.Dom.Evid), Eq (Kant.Dom.Evid.ofNat x.ctorIdx) x","L0;","O0;","L0;","L0;","L1;S33;claim.Kant.Dom.Evid.ofNat_ctorIdx","L0;","L1;S33;proof.Kant.Dom.Evid.ofNat_ctorIdx","L0;","S59;∀ (x : Kant.Dom.Evid), Eq (Kant.Dom.Evid.ofNat x.ctorIdx) x","O7;13;source_systemS5;lean411;source_fileS37;RequestProject/Kant/Domain/Model.lean13;source_formatS4;text11;imported_atI+0;14;transformed_atI+0;15;transformationsL0;13;parent_objectS0;","3e6a5ce7a174267bed5f9b67d92e787015e433cd8b7856d96c12f910da3d6dce"
"obj.Kant.Dom.Rel.inputTo.sizeOf_spec","theorem","Kant.Dom.Rel.inputTo.sizeOf_spec","PROVEN","Eq (Kant.Dom.Rel._sizeOf_inst.sizeOf Kant.Dom.Rel.inputTo) 1","L0;","O0;","L0;","L0;","L1;S38;claim.Kant.Dom.Rel.inputTo.sizeOf_spec","L0;","L1;S38;proof.Kant.Dom.Rel.inputTo.sizeOf_spec","L0;","S60;Eq (Kant.Dom.Rel._sizeOf_inst.sizeOf Kant.Dom.Rel.inputTo) 1","O7;13;source_systemS5;lean411;source_fileS37;RequestProject/Kant/Domain/Model.lean13;source_formatS4;text11;imported_atI+0;14;transformed_atI+0;15;transformationsL0;13;parent_objectS0;","f042b6cccae79a1a82f390c2c293f08dc916a6f4d25b08f4852de1c451af3567"
"obj.Kant.Wasm.Encode.cmpOpcode.eq_1","theorem","Kant.Wasm.Encode.cmpOpcode.eq_1","PROVEN","Eq (Kant.Wasm.Encode.cmpOpcode Kant.Wasm.CmpOp.eq) 81","L0;","O0;","L0;","L0;","L1;S37;claim.Kant.Wasm.Encode.cmpOpcode.eq_1","L0;","L1;S37;proof.Kant.Wasm.Encode.cmpOpcode.eq_1","L0;","S53;Eq (Kant.Wasm.Encode.cmpOpcode Kant.Wasm.CmpOp.eq) 81","O7;13;source_systemS5;lean411;source_fileS31;RequestProject/Wasm/Decode.lean13;source_formatS4;text11;imported_atI+0;14;transformed_atI+0;15;transformationsL0;13;parent_objectS0;","2ec056f2c17e39a44ec43922cbe8873735ad47b3742e0d8a8d6a3229e49f8f9d"
"obj.Kant.Wasm.step.eq_2","theorem","Kant.Wasm.step.eq_2","PROVEN","∀ (locals x : List UInt64) (i : Nat),   Eq (Kant.Wasm.step locals (Kant.Wasm.Instr.localGet i) x)     (Option.map (fun x_1 => List.cons x_1 x) (List.instGetElem?NatLtLength.getElem? locals i))","L0;","O0;","L0;","L0;","L1;S25;claim.Kant.Wasm.step.eq_2","L0;","L1;S25;proof.Kant.Wasm.step.eq_2","L0;","S192;∀ (locals x : List UInt64) (i : Nat),   Eq (Kant.Wasm.step locals (Kant.Wasm.Instr.localGet i) x)     (Option.map (fun x_1 => List.cons x_1 x) (List.instGetElem?NatLtLength.getElem? locals i))","O7;13;source_systemS5;lean411;source_fileS34;RequestProject/Wasm/Semantics.lean13;source_formatS4;text11;imported_atI+0;14;transformed_atI+0;15;transformationsL0;13;parent_objectS0;","36dd714e6338ff4f2dee616d9aa84f74ea986990c26b3f2df4796d7ac233af12"
"obj.Kant.Codec.Loss.ofNat_ctorIdx","theorem","Kant.Codec.Loss.ofNat_ctorIdx","PROVEN","∀ (x : Kant.Codec.Loss), Eq (Kant.Codec.Loss.ofNat x.ctorIdx) x","L0;","O0;","L0;","L0;","L1;S35;claim.Kant.Codec.Loss.ofNat_ctorIdx","L0;","L1;S35;proof.Kant.Codec.Loss.ofNat_ctorIdx","L0;","S63;∀ (x : Kant.Codec.Loss), Eq (Kant.Codec.Loss.ofNat x.ctorIdx) x","O7;13;source_systemS5;lean411;source_fileS36;RequestProject/Kant/Codec/Model.lean13;source_formatS4;text11;imported_atI+0;14;transformed_atI+0;15;transformationsL0;13;parent_objectS0;","9105d5d1c66fe5ea2243ffdc1d93d08d8066feeb36341a24c6d70b34d68884c7"
"obj.Kant.Feed.Row.mk.inj","theorem","Kant.Feed.Row.mk.inj","PROVEN","∀ {witness : List Char} {cid : Nat} {title body timestamp : List Char}   {replyTo : Option (List Char)} {bytes : Nat} {copy witness_1 : List Char} {cid_1 : Nat}   {title_1 body_1 timestamp_1 : List Char} {replyTo_1 : Option (List Char)} {bytes_1 : Nat}   {copy_1 : List Char},   Eq       { witness := witness, cid := cid, title := title, body := body, timestamp := timestamp,         replyTo := replyTo, bytes := bytes, copy := copy }       { witness := witness_1, cid := cid_1, title := title_1, body := body_1,         timestamp := timestamp_1, replyTo := replyTo_1, bytes := bytes_1, copy := copy_1 } →     And (Eq witness witness_1)       (And (Eq cid cid_1)         (And (Eq title title_1)           (And (Eq body body_1)             (And (Eq timestamp timestamp_1)               (And (Eq replyTo replyTo_1) (And (Eq bytes bytes_1) (Eq copy copy_1)))))))","L0;","O0;","L0;","L0;","L1;S26;claim.Kant.Feed.Row.mk.inj","L0;","L1;S26;proof.Kant.Feed.Row.mk.inj","L0;","S859;∀ {witness : List Char} {cid : Nat} {title body timestamp : List Char}   {replyTo : Option (List Char)} {bytes : Nat} {copy witness_1 : List Char} {cid_1 : Nat}   {title_1 body_1 timestamp_1 : List Char} {replyTo_1 : Option (List Char)} {bytes_1 : Nat}   {copy_1 : List Char},   Eq       { witness := witness, cid := cid, title := title, body := body, timestamp := timestamp,         replyTo := replyTo, bytes := bytes, copy := copy }       { witness := witness_1, cid := cid_1, title := title_1, body := body_1,         timestamp := timestamp_1, replyTo := replyTo_1, bytes := bytes_1, copy := copy_1 } →     And (Eq witness witness_1)       (And (Eq cid cid_1)         (And (Eq title title_1)           (And (Eq body body_1)             (And (Eq timestamp timestamp_1)               (And (Eq replyTo replyTo_1) (And (Eq bytes bytes_1) (Eq copy copy_1)))))))","O7;13;source_systemS5;lean411;source_fileS29;RequestProject/Kant/Feed.lean13;source_formatS4;text11;imported_atI+0;14;transformed_atI+0;15;transformationsL0;13;parent_objectS0;","444b144c4ac24ae58021f419c82ad80a563889bb33e066f72585fe3fe2cf10ac"
"obj.Kant.Diagnostics.Log.Wf.record","theorem","Kant.Diagnostics.Log.Wf.record","PROVEN","∀ {l : Kant.Diagnostics.Log},   l.Wf →     ∀ (ms : Nat) (lv : Kant.Diagnostics.Level) (ar : Kant.Diagnostics.Area)       (text detail : List Char), (l.record ms lv ar text detail).Wf","L1;S26;obj.Kant.Diagnostics.Event","O0;","L0;","L0;","L1;S36;claim.Kant.Diagnostics.Log.Wf.record","L0;","L1;S36;proof.Kant.Diagnostics.Log.Wf.record","L0;","S182;∀ {l : Kant.Diagnostics.Log},   l.Wf →     ∀ (ms : Nat) (lv : Kant.Diagnostics.Level) (ar : Kant.Diagnostics.Area)       (text detail : List Char), (l.record ms lv ar text detail).Wf","O7;13;source_systemS5;lean411;source_fileS36;RequestProject/Kant/Diagnostics.lean13;source_formatS4;text11;imported_atI+0;14;transformed_atI+277;15;transformationsL0;13;parent_objectS0;","750d5752019aefbff1034ce0eb97c33c5404505ba59c7155710579f94eeef942"
"obj.Kant.Codec.Fmt.unknown.elim","def","Kant.Codec.Fmt.unknown.elim","ASSERTED","{motive : Kant.Codec.Fmt → Sort u} →   (t : Kant.Codec.Fmt) → Eq t.ctorIdx 6 → motive Kant.Codec.Fmt.unknown → motive t","L0;","O0;","L0;","L0;","L0;","L0;","L0;","L0;","S119;{motive : Kant.Codec.Fmt → Sort u} →   (t : Kant.Codec.Fmt) → Eq t.ctorIdx 6 → motive Kant.Codec.Fmt.unknown → motive t","O7;13;source_systemS5;lean411;source_fileS36;RequestProject/Kant/Codec/Model.lean13;source_formatS4;text11;imported_atI+0;14;transformed_atI+53;15;transformationsL0;13;parent_objectS0;","e88aa5723b88e3505af2ff5656c2b24ba945cd5b435c94be8a3b1e0b32c819d9"
"obj.Kant.Codec.Fmt.yaml.elim","def","Kant.Codec.Fmt.yaml.elim","ASSERTED","{motive : Kant.Codec.Fmt → Sort u} →   (t : Kant.Codec.Fmt) → Eq t.ctorIdx 4 → motive Kant.Codec.Fmt.yaml → motive t","L0;","O0;","L0;","L0;","L0;","L0;","L0;","L0;","S116;{motive : Kant.Codec.Fmt → Sort u} →   (t : Kant.Codec.Fmt) → Eq t.ctorIdx 4 → motive Kant.Codec.Fmt.yaml → motive t","O7;13;source_systemS5;lean411;source_fileS36;RequestProject/Kant/Codec/Model.lean13;source_formatS4;text11;imported_atI+0;14;transformed_atI+53;15;transformationsL0;13;parent_objectS0;","5cce92f1db2ae6990f4ad99f10f7e5c67bfa5a09d89f8af3616ee15441665360"
"obj.Kant.Codec.Obj.id","def","Kant.Codec.Obj.id","ASSERTED","Kant.Codec.Obj → List Char","L0;","O0;","L0;","L0;","L0;","L0;","L0;","L0;","S26;Kant.Codec.Obj → List Char","O7;13;source_systemS5;lean411;source_fileS36;RequestProject/Kant/Codec/Model.lean13;source_formatS4;text11;imported_atI+0;14;transformed_atI+454;15;transformationsL0;13;parent_objectS0;","c5b89ac7776372ff330c946569dc61c48901bb57b07452554860a254cb66d58a"
"obj.Kant.Bytes.witness_deterministic","theorem","Kant.Bytes.witness_deterministic","PROVEN","∀ {a b : Kant.Bytes.Blob}, Eq a b → Eq (Kant.Bytes.witness a) (Kant.Bytes.witness b)","L0;","O0;","L0;","L0;","L1;S38;claim.Kant.Bytes.witness_deterministic","L0;","L1;S38;proof.Kant.Bytes.witness_deterministic","L0;","S84;∀ {a b : Kant.Bytes.Blob}, Eq a b → Eq (Kant.Bytes.witness a) (Kant.Bytes.witness b)","O7;13;source_systemS5;lean411;source_fileS30;RequestProject/Kant/Bytes.lean13;source_formatS4;text11;imported_atI+0;14;transformed_atI+131;15;transformationsL0;13;parent_objectS0;","41e363bf99bfef45262d1b79410626ea061765cc1fbca8ffdc3c063f4a848514"
"obj.Kant.Dom.DomObj.ofVal","def","Kant.Dom.DomObj.ofVal","ASSERTED","Kant.Codec.Val → Option Kant.Dom.DomObj","L0;","O0;","L0;","L0;","L0;","L0;","L0;","L0;","S39;Kant.Codec.Val → Option Kant.Dom.DomObj","O7;13;source_systemS5;lean411;source_fileS37;RequestProject/Kant/Domain/Model.lean13;source_formatS4;text11;imported_atI+0;14;transformed_atI+325;15;transformationsL0;13;parent_objectS0;","a1a9be3690012e16ae2b3b1c5a4d5129b337c863f5c22688775389b349ceed2b"
"obj.Kant.Dom.Repair.unresolved.elim","def","Kant.Dom.Repair.unresolved.elim","ASSERTED","{motive : Kant.Dom.Repair → Sort u} →   (t : Kant.Dom.Repair) → Eq t.ctorIdx 2 → motive Kant.Dom.Repair.unresolved → motive t","L0;","O0;","L0;","L0;","L0;","L0;","L0;","L0;","S125;{motive : Kant.Dom.Repair → Sort u} →   (t : Kant.Dom.Repair) → Eq t.ctorIdx 2 → motive Kant.Dom.Repair.unresolved → motive t","O7;13;source_systemS5;lean411;source_fileS38;RequestProject/Kant/Domain/Policy.lean13;source_formatS4;text11;imported_atI+0;14;transformed_atI+202;15;transformationsL0;13;parent_objectS0;","8e32c935dc8e68ca84334674c0a8af35189fa52c2df0024414a1a4713737c28f"
"obj.Kant.Rendezvous.instDecidableEqInvite.decEq.match_1","def","Kant.Rendezvous.instDecidableEqInvite.decEq.match_1","ASSERTED","(motive : Kant.Rendezvous.Invite → Kant.Rendezvous.Invite → Sort u_1) →   (x x_1 : Kant.Rendezvous.Invite) →     ((a : List Char) →         (a_1 : Kant.Bytes.Blob) →           (a_2 : List Char) →             (a_3 : List Kant.Rendezvous.Address) →               (b : List Char) →                 (b_1 : Kant.Bytes.Blob) →                   (b_2 : List Char) →                     (b_3 : List Kant.Rendezvous.Address) →                       motive { relay := a, secret := a_1, peer := a_2, addrs := a_3 }                         { relay := b, secret := b_1, peer := b_2, addrs := b_3 }) →       motive x x_1","L0;","O0;","L0;","L0;","L0;","L0;","L0;","L0;","S606;(motive : Kant.Rendezvous.Invite → Kant.Rendezvous.Invite → Sort u_1) →   (x x_1 : Kant.Rendezvous.Invite) →     ((a : List Char) →         (a_1 : Kant.Bytes.Blob) →           (a_2 : List Char) →             (a_3 : List Kant.Rendezvous.Address) →               (b : List Char) →                 (b_1 : Kant.Bytes.Blob) →                   (b_2 : List Char) →                     (b_3 : List Kant.Rendezvous.Address) →                       motive { relay := a, secret := a_1, peer := a_2, addrs := a_3 }                         { relay := b, secret := b_1, peer := b_2, addrs := b_3 }) →       motive x x_1","O7;13;source_systemS5;lean411;source_fileS35;RequestProject/Kant/Rendezvous.lean13;source_formatS4;text11;imported_atI+0;14;transformed_atI+0;15;transformationsL0;13;parent_objectS0;","a323bd79ee79d86b1cf42af2af69f920f99594bc61ab4531c040d1926f7d5776"
"obj.Kant.Sheaf.Section.mk.sizeOf_spec","theorem","Kant.Sheaf.Section.mk.sizeOf_spec","PROVEN","∀ (addressType : Kant.Sheaf.DaslType) (eigen : Kant.Sheaf.EigenSpace)   (encoding : Kant.Sheaf.Encoding),   Eq     (Kant.Sheaf.Section._sizeOf_inst.sizeOf       { addressType := addressType, eigen := eigen, encoding := encoding })     (instHAdd.hAdd       (instHAdd.hAdd (instHAdd.hAdd 1 (Kant.Sheaf.DaslType._sizeOf_inst.sizeOf addressType))         (Kant.Sheaf.EigenSpace._sizeOf_inst.sizeOf eigen))       (Kant.Sheaf.Encoding._sizeOf_inst.sizeOf encoding))","L0;","O0;","L0;","L0;","L1;S39;claim.Kant.Sheaf.Section.mk.sizeOf_spec","L0;","L1;S39;proof.Kant.Sheaf.Section.mk.sizeOf_spec","L0;","S459;∀ (addressType : Kant.Sheaf.DaslType) (eigen : Kant.Sheaf.EigenSpace)   (encoding : Kant.Sheaf.Encoding),   Eq     (Kant.Sheaf.Section._sizeOf_inst.sizeOf       { addressType := addressType, eigen := eigen, encoding := encoding })     (instHAdd.hAdd       (instHAdd.hAdd (instHAdd.hAdd 1 (Kant.Sheaf.DaslType._sizeOf_inst.sizeOf addressType))         (Kant.Sheaf.EigenSpace._sizeOf_inst.sizeOf eigen))       (Kant.Sheaf.Encoding._sizeOf_inst.sizeOf encoding))","O7;13;source_systemS5;lean411;source_fileS30;RequestProject/Kant/Sheaf.lean13;source_formatS4;text11;imported_atI+0;14;transformed_atI+0;15;transformationsL0;13;parent_objectS0;","3515bac506e6d480405b51d6ad2e0e431892d8ca9193a54608078b9ce6964bb9"
"obj.Kant.Codec.pVal.eq_2","theorem","Kant.Codec.pVal.eq_2","PROVEN","∀ (n : Nat), Eq (Kant.Codec.pVal n.succ List.nil) Option.none","L1;S27;obj.Kant.Codec.pVal.match_3","O0;","L0;","L0;","L1;S26;claim.Kant.Codec.pVal.eq_2","L0;","L1;S26;proof.Kant.Codec.pVal.eq_2","L0;","S61;∀ (n : Nat), Eq (Kant.Codec.pVal n.succ List.nil) Option.none","O7;13;source_systemS5;lean411;source_fileS34;RequestProject/Kant/Codec/Val.lean13;source_formatS4;text11;imported_atI+0;14;transformed_atI+0;15;transformationsL0;13;parent_objectS0;","2c5be251ec4ebb36ca28d1584135f441f0ab605033fdafc8ca2e2df584980e03"
"obj.Kant.Dom.Cert.mk.inj","theorem","Kant.Dom.Cert.mk.inj","PROVEN","∀ {kind digest location : List Char} {evidence : Kant.Dom.Evid}   {kind_1 digest_1 location_1 : List Char} {evidence_1 : Kant.Dom.Evid},   Eq { kind := kind, digest := digest, location := location, evidence := evidence }       { kind := kind_1, digest := digest_1, location := location_1, evidence := evidence_1 } →     And (Eq kind kind_1)       (And (Eq digest digest_1) (And (Eq location location_1) (Eq evidence evidence_1)))","L0;","O0;","L0;","L0;","L1;S26;claim.Kant.Dom.Cert.mk.inj","L0;","L1;S26;proof.Kant.Dom.Cert.mk.inj","L0;","S429;∀ {kind digest location : List Char} {evidence : Kant.Dom.Evid}   {kind_1 digest_1 location_1 : List Char} {evidence_1 : Kant.Dom.Evid},   Eq { kind := kind, digest := digest, location := location, evidence := evidence }       { kind := kind_1, digest := digest_1, location := location_1, evidence := evidence_1 } →     And (Eq kind kind_1)       (And (Eq digest digest_1) (And (Eq location location_1) (Eq evidence evidence_1)))","O7;13;source_systemS5;lean411;source_fileS37;RequestProject/Kant/Domain/Model.lean13;source_formatS4;text11;imported_atI+0;14;transformed_atI+0;15;transformationsL0;13;parent_objectS0;","127cd1820a82b73e8e67723edb5581d96e166adafb964f700b68b1451f0174eb"
"obj.Kant.CardDebug.explain","def","Kant.CardDebug.explain","ASSERTED","Kant.CardDebug.Pairing → List Char","L0;","O0;","L0;","L0;","L0;","L0;","L0;","L0;","S34;Kant.CardDebug.Pairing → List Char","O7;13;source_systemS5;lean411;source_fileS34;RequestProject/Kant/CardDebug.lean13;source_formatS4;text11;imported_atI+0;14;transformed_atI+301;15;transformationsL0;13;parent_objectS0;","1ac58641c614a20a70c698bc221589253dcc2fa513a4453c18bc898afc95f2b7"
"obj.Kant.Strip.readStill","def","Kant.Strip.readStill","ASSERTED","Kant.Stego.Carrier → Option Kant.Sneakernet.Frame","L1;S25;obj.Kant.Sneakernet.Frame","O0;","L0;","L0;","L0;","L0;","L0;","L0;","S49;Kant.Stego.Carrier → Option Kant.Sneakernet.Frame","O7;13;source_systemS5;lean411;source_fileS30;RequestProject/Kant/Strip.lean13;source_formatS4;text11;imported_atI+0;14;transformed_atI+69;15;transformationsL0;13;parent_objectS0;","827974a2ce2a7e0e2b63da479060dfb9a5fe409f937737c87e9034d8f3ca6833"
"obj.Kant.Erdfa.escape_unescape_id","theorem","Kant.Erdfa.escape_unescape_id","PROVEN","∀ (s : List Char), Eq (Kant.Erdfa.unescape (Kant.Erdfa.escape s)) s","L0;","O0;","L0;","L0;","L1;S35;claim.Kant.Erdfa.escape_unescape_id","L0;","L1;S35;proof.Kant.Erdfa.escape_unescape_id","L0;","S67;∀ (s : List Char), Eq (Kant.Erdfa.unescape (Kant.Erdfa.escape s)) s","O7;13;source_systemS5;lean411;source_fileS30;RequestProject/Kant/Erdfa.lean13;source_formatS4;text11;imported_atI+0;14;transformed_atI+79;15;transformationsL0;13;parent_objectS0;","bc128b5336ecfc444b8e1e3769aaf0df629ea7db77a3920a8fb63ee97df68935"
"obj.Kant.Dom.ledgerTable.eq_1","theorem","Kant.Dom.ledgerTable.eq_1","PROVEN","∀ (d : Kant.Dom.Domain),   Eq (Kant.Dom.ledgerTable d)     (Kant.Dom.tableText Kant.Dom.ledgerHeader       (List.map Kant.Dom.ledgerRowCells (Kant.Dom.ledger d)))","L0;","O0;","L0;","L0;","L1;S31;claim.Kant.Dom.ledgerTable.eq_1","L0;","L1;S31;proof.Kant.Dom.ledgerTable.eq_1","L0;","S162;∀ (d : Kant.Dom.Domain),   Eq (Kant.Dom.ledgerTable d)     (Kant.Dom.tableText Kant.Dom.ledgerHeader       (List.map Kant.Dom.ledgerRowCells (Kant.Dom.ledger d)))","O7;13;source_systemS5;lean411;source_fileS37;RequestProject/Kant/Domain/Table.lean13;source_formatS4;text11;imported_atI+0;14;transformed_atI+0;15;transformationsL0;13;parent_objectS0;","385c002e12f465516d03c93c448a4bfe7bbdb31ba2281d03629d1d1d013239b0"
"obj.Kant.Sheaf.instFintypeDaslType","def","Kant.Sheaf.instFintypeDaslType","ASSERTED","Fintype Kant.Sheaf.DaslType","L0;","O0;","L0;","L0;","L0;","L0;","L0;","L0;","S27;Fintype Kant.Sheaf.DaslType","O7;13;source_systemS5;lean411;source_fileS30;RequestProject/Kant/Sheaf.lean13;source_formatS4;text11;imported_atI+0;14;transformed_atI+34;15;transformationsL0;13;parent_objectS0;","5e56a2434f4a5971ea3254e39aa50f5e3a3d7be8ce6b2a4b3e226d3c2d7dcd38"
"obj.Kant.CardDebug.userCard","def","Kant.CardDebug.userCard","ASSERTED","Kant.SiteCard.Card","L0;","O0;","L0;","L0;","L0;","L0;","L0;","L0;","S18;Kant.SiteCard.Card","O7;13;source_systemS5;lean411;source_fileS34;RequestProject/Kant/CardDebug.lean13;source_formatS4;text11;imported_atI+0;14;transformed_atI+379;15;transformationsL0;13;parent_objectS0;","bb4408c5b39b7c4b5fde7c33b491fec877594236e2b5df1166565c8af7c1228e"
"obj.Kant.Join.findInvite_append_blank","theorem","Kant.Join.findInvite_append_blank","PROVEN","∀ (a b : List Char) {sp : Char},   Eq (Kant.Join.isBlank sp) Bool.true →     Eq (Kant.Join.findInvite (instHAppendOfAppend.hAppend a (List.cons sp b)))       ((Kant.Join.findInvite a).or (Kant.Join.findInvite b))","L0;","O0;","L0;","L0;","L1;S39;claim.Kant.Join.findInvite_append_blank","L0;","L1;S39;proof.Kant.Join.findInvite_append_blank","L0;","S212;∀ (a b : List Char) {sp : Char},   Eq (Kant.Join.isBlank sp) Bool.true →     Eq (Kant.Join.findInvite (instHAppendOfAppend.hAppend a (List.cons sp b)))       ((Kant.Join.findInvite a).or (Kant.Join.findInvite b))","O7;13;source_systemS5;lean411;source_fileS29;RequestProject/Kant/Join.lean13;source_formatS4;text11;imported_atI+0;14;transformed_atI+324;15;transformationsL0;13;parent_objectS0;","63fa050c77d6fcb63cb0505fb187b3b1efc6c2526e8c1d08ce9bb85f1a4dad53"
"obj.Kant.Dom.FormatReport","inductive","Kant.Dom.FormatReport","ASSERTED","Type","L0;","O0;","L0;","L0;","L0;","L0;","L0;","L0;","S4;Type","O7;13;source_systemS5;lean411;source_fileS36;RequestProject/Kant/Domain/Emit.lean13;source_formatS4;text11;imported_atI+0;14;transformed_atI+255;15;transformationsL0;13;parent_objectS0;","b74635d8f513ded7ff565e5f9397a034fd1089ba886cf45d7e3bb8378f14a0ba"
"obj.Kant.Text.splitFields_of_no_sep","theorem","Kant.Text.splitFields_of_no_sep","PROVEN","∀ {f : List Char},   Not (List.instMembership.mem f Kant.Text.sep) →     Eq (Kant.Text.splitFields f) (List.cons f List.nil)","L0;","O0;","L0;","L0;","L1;S37;claim.Kant.Text.splitFields_of_no_sep","L0;","L1;S37;proof.Kant.Text.splitFields_of_no_sep","L0;","S124;∀ {f : List Char},   Not (List.instMembership.mem f Kant.Text.sep) →     Eq (Kant.Text.splitFields f) (List.cons f List.nil)","O7;13;source_systemS5;lean411;source_fileS29;RequestProject/Kant/Text.lean13;source_formatS4;text11;imported_atI+0;14;transformed_atI+184;15;transformationsL0;13;parent_objectS0;","a17029b77ffe8d4b9d6acd5e5a915a587b6843056a2aa1f916032068b5c68e26"
"obj.Kant.Codec.Trans.mk.inj","theorem","Kant.Codec.Trans.mk.inj","PROVEN","∀ {id operation : List Char} {source dest : Kant.Codec.Fmt} {inputHash outputHash : List Char}   {codec : Kant.Codec.Fmt} {codecVersion : List Char} {lossiness : Kant.Codec.Loss}   {errors warnings : List Kant.Codec.Err} {id_1 operation_1 : List Char}   {source_1 dest_1 : Kant.Codec.Fmt} {inputHash_1 outputHash_1 : List Char}   {codec_1 : Kant.Codec.Fmt} {codecVersion_1 : List Char} {lossiness_1 : Kant.Codec.Loss}   {errors_1 warnings_1 : List Kant.Codec.Err},   Eq       { id := id, operation := operation, source := source, dest := dest, inputHash := inputHash,         outputHash := outputHash, codec := codec, codecVersion := codecVersion,         lossiness := lossiness, errors := errors, warnings := warnings }       { id := id_1, operation := operation_1, source := source_1, dest := dest_1,         inputHash := inputHash_1, outputHash := outputHash_1, codec := codec_1,         codecVersion := codecVersion_1, lossiness := lossiness_1, errors := errors_1,         warnings := warnings_1 } →     And (Eq id id_1)       (And (Eq operation operation_1)         (And (Eq source source_1)           (And (Eq dest dest_1)             (And (Eq inputHash inputHash_1)               (And (Eq outputHash outputHash_1)                 (And (Eq codec codec_1)                   (And (Eq codecVersion codecVersion_1)                     (And (Eq lossiness lossiness_1)                       (And (Eq errors errors_1) (Eq warnings warnings_1))))))))))","L0;","O0;","L0;","L0;","L1;S29;claim.Kant.Codec.Trans.mk.inj","L0;","L1;S29;proof.Kant.Codec.Trans.mk.inj","L0;","S1450;∀ {id operation : List Char} {source dest : Kant.Codec.Fmt} {inputHash outputHash : List Char}   {codec : Kant.Codec.Fmt} {codecVersion : List Char} {lossiness : Kant.Codec.Loss}   {errors warnings : List Kant.Codec.Err} {id_1 operation_1 : List Char}   {source_1 dest_1 : Kant.Codec.Fmt} {inputHash_1 outputHash_1 : List Char}   {codec_1 : Kant.Codec.Fmt} {codecVersion_1 : List Char} {lossiness_1 : Kant.Codec.Loss}   {errors_1 warnings_1 : List Kant.Codec.Err},   Eq       { id := id, operation := operation, source := source, dest := dest, inputHash := inputHash,         outputHash := outputHash, codec := codec, codecVersion := codecVersion,         lossiness := lossiness, errors := errors, warnings := warnings }       { id := id_1, operation := operation_1, source := source_1, dest := dest_1,         inputHash := inputHash_1, outputHash := outputHash_1, codec := codec_1,         codecVersion := codecVersion_1, lossiness := lossiness_1, errors := errors_1,         warnings := warnings_1 } →     And (Eq id id_1)       (And (Eq operation operation_1)         (And (Eq source source_1)           (And (Eq dest dest_1)             (And (Eq inputHash inputHash_1)               (And (Eq outputHash outputHash_1)                 (And (Eq codec codec_1)                   (And (Eq codecVersion codecVersion_1)                     (And (Eq lossiness lossiness_1)                       (And (Eq errors errors_1) (Eq warnings warnings_1))))))))))","O7;13;source_systemS5;lean411;source_fileS36;RequestProject/Kant/Codec/Model.lean13;source_formatS4;text11;imported_atI+0;14;transformed_atI+0;15;transformationsL0;13;parent_objectS0;","f05353db36d9b1d3392b9fba6f240940972b226f61a887e16e0f6fb26b7b3aae"
"obj.Kant.Wasm.Kernel.kernelBytes_validates","theorem","Kant.Wasm.Kernel.kernelBytes_validates","PROVEN","∀ (f : Kant.Wasm.Func),   List.instMembership.mem Kant.Wasm.Kernel.kernelModule.funcs f →     Eq       (Kant.Wasm.Decode.typecheck f.arity List.nil (List.map Kant.Wasm.Decode.toRaw f.body.compile))       (Option.some (List.cons Kant.Wasm.Decode.VType.i64 List.nil))","L0;","O0;","L0;","L0;","L1;S44;claim.Kant.Wasm.Kernel.kernelBytes_validates","L0;","L1;S44;proof.Kant.Wasm.Kernel.kernelBytes_validates","L0;","S265;∀ (f : Kant.Wasm.Func),   List.instMembership.mem Kant.Wasm.Kernel.kernelModule.funcs f →     Eq       (Kant.Wasm.Decode.typecheck f.arity List.nil (List.map Kant.Wasm.Decode.toRaw f.body.compile))       (Option.some (List.cons Kant.Wasm.Decode.VType.i64 List.nil))","O7;13;source_systemS5;lean411;source_fileS35;RequestProject/Wasm/Extraction.lean13;source_formatS4;text11;imported_atI+0;14;transformed_atI+65;15;transformationsL0;13;parent_objectS0;","fd54a9160ad85249358f2a88ef6b3c46e18a855ceb0318eb205f87c927d3a588"
"obj.Kant.Dom.Wf.outputsResolve","theorem","Kant.Dom.Wf.outputsResolve","PROVEN","∀ {d : Kant.Dom.Domain},   Kant.Dom.Wf d →     ∀ (p : Kant.Dom.ProofRec),       List.instMembership.mem d.proofs p →         ∀ (i : Kant.Dom.Id),           List.instMembership.mem p.outputRefs i →             Exists fun o =>               And (Eq (Kant.Dom.findObj d i) (Option.some o))                 (List.instMembership.mem o.proofRefs p.id)","L1;S32;obj.Kant.Dom.ProofRec.outputRefs","O0;","L0;","L0;","L1;S32;claim.Kant.Dom.Wf.outputsResolve","L0;","L1;S32;proof.Kant.Dom.Wf.outputsResolve","L0;","S345;∀ {d : Kant.Dom.Domain},   Kant.Dom.Wf d →     ∀ (p : Kant.Dom.ProofRec),       List.instMembership.mem d.proofs p →         ∀ (i : Kant.Dom.Id),           List.instMembership.mem p.outputRefs i →             Exists fun o =>               And (Eq (Kant.Dom.findObj d i) (Option.some o))                 (List.instMembership.mem o.proofRefs p.id)","O7;13;source_systemS5;lean411;source_fileS38;RequestProject/Kant/Domain/Ledger.lean13;source_formatS4;text11;imported_atI+0;14;transformed_atI+303;15;transformationsL0;13;parent_objectS0;","63d50c4cabe07198e0608a716984d1036711f01c8ea8bb1e999ac1f0155f20e9"
"obj.Kant.Rendezvous.parseInviteUrl","def","Kant.Rendezvous.parseInviteUrl","ASSERTED","List Char → Option Kant.Rendezvous.Invite","L1;S32;obj.Kant.Clipboard.parseShareUrl","O0;","L0;","L0;","L0;","L0;","L0;","L0;","S41;List Char → Option Kant.Rendezvous.Invite","O7;13;source_systemS5;lean411;source_fileS35;RequestProject/Kant/Rendezvous.lean13;source_formatS4;text11;imported_atI+0;14;transformed_atI+505;15;transformationsL0;13;parent_objectS0;","5f2b6038ba481bb52da4ec2c547616daeb4956da9461fa8f9ed845be24d172c4"
"obj.Kant.Codec.Err.code","def","Kant.Codec.Err.code","ASSERTED","Kant.Codec.Err → List Char","L0;","O0;","L0;","L0;","L0;","L0;","L0;","L0;","S26;Kant.Codec.Err → List Char","O7;13;source_systemS5;lean411;source_fileS36;RequestProject/Kant/Codec/Model.lean13;source_formatS4;text11;imported_atI+0;14;transformed_atI+221;15;transformationsL0;13;parent_objectS0;","2514ee9f062e3353b21dba50cc2fd1389ce5069f9017c2410870b6841ec9b216"
"obj.Kant.Onboarding.run_cons","theorem","Kant.Onboarding.run_cons","PROVEN","∀ (s : Kant.Onboarding.State) (e : Kant.Onboarding.Event) (es : List Kant.Onboarding.Event),   Eq (Kant.Onboarding.run s (List.cons e es)) (Kant.Onboarding.run (Kant.Onboarding.step s e) es)","L1;S25;obj.Kant.Onboarding.State","O0;","L0;","L0;","L1;S30;claim.Kant.Onboarding.run_cons","L0;","L1;S30;proof.Kant.Onboarding.run_cons","L0;","S190;∀ (s : Kant.Onboarding.State) (e : Kant.Onboarding.Event) (es : List Kant.Onboarding.Event),   Eq (Kant.Onboarding.run s (List.cons e es)) (Kant.Onboarding.run (Kant.Onboarding.step s e) es)","O7;13;source_systemS5;lean411;source_fileS35;RequestProject/Kant/Onboarding.lean13;source_formatS4;text11;imported_atI+0;14;transformed_atI+158;15;transformationsL0;13;parent_objectS0;","f46f283fb5cafd04440af06a53e2c527d6658ff494fd9e02a2eca3ff329de9a5"
"obj.Kant.Dasl.instReprOrbifold.repr","def","Kant.Dasl.instReprOrbifold.repr","ASSERTED","Kant.Dasl.Orbifold → Nat → Std.Format","L1;S24;obj.Kant.Dasl.Orbifold.l","O0;","L0;","L0;","L0;","L0;","L0;","L0;","S37;Kant.Dasl.Orbifold → Nat → Std.Format","O7;13;source_systemS5;lean411;source_fileS29;RequestProject/Kant/Dasl.lean13;source_formatS4;text11;imported_atI+0;14;transformed_atI+194;15;transformationsL0;13;parent_objectS0;","b20d16570a4429debd9b381b20270391cf6e080f625dada807d717ba175243bb"
"obj.Kant.Dom.FormatReport.ctorIdx","def","Kant.Dom.FormatReport.ctorIdx","ASSERTED","Kant.Dom.FormatReport → Nat","L1;S25;obj.Kant.Dom.FormatReport","O0;","L0;","L0;","L0;","L0;","L0;","L0;","S27;Kant.Dom.FormatReport → Nat","O7;13;source_systemS5;lean411;source_fileS36;RequestProject/Kant/Domain/Emit.lean13;source_formatS4;text11;imported_atI+0;14;transformed_atI+0;15;transformationsL0;13;parent_objectS0;","ef8f5c7cbd24b9cef137851b85ba69b92c5014c464ce48e0f1c995128fdfe95b"
"obj.Kant.Diagnostics.joinLines.eq_def","theorem","Kant.Diagnostics.joinLines.eq_def","PROVEN","∀ (x : List (List Char)),   Eq (Kant.Diagnostics.joinLines x)     (Kant.Diagnostics.joinLines.match_1 (fun x => List Char) x (fun _ => List.nil) (fun l => l)       fun l ls => instHAppendOfAppend.hAppend l (List.cons '\n' (Kant.Diagnostics.joinLines ls)))","L0;","O0;","L0;","L0;","L1;S39;claim.Kant.Diagnostics.joinLines.eq_def","L0;","L1;S39;proof.Kant.Diagnostics.joinLines.eq_def","L0;","S255;∀ (x : List (List Char)),   Eq (Kant.Diagnostics.joinLines x)     (Kant.Diagnostics.joinLines.match_1 (fun x => List Char) x (fun _ => List.nil) (fun l => l)       fun l ls => instHAppendOfAppend.hAppend l (List.cons '\n' (Kant.Diagnostics.joinLines ls)))","O7;13;source_systemS5;lean411;source_fileS36;RequestProject/Kant/Diagnostics.lean13;source_formatS4;text11;imported_atI+0;14;transformed_atI+0;15;transformationsL0;13;parent_objectS0;","f403d2eea3fb2f6d793ca22423377322ea303fb583e204ef0f432842bebf3084"
"obj.Kant.Relay.accept","def","Kant.Relay.accept","ASSERTED","List Kant.Relay.Msg → List Char → List Kant.Relay.Msg","L0;","O0;","L0;","L0;","L0;","L0;","L0;","L0;","S53;List Kant.Relay.Msg → List Char → List Kant.Relay.Msg","O7;13;source_systemS5;lean411;source_fileS30;RequestProject/Kant/Relay.lean13;source_formatS4;text11;imported_atI+0;14;transformed_atI+262;15;transformationsL0;13;parent_objectS0;","508d2e852a65ded3a617882176f6d270fea4ce3ed54626592e5b70a9181da576"
"obj.Kant.Codec.Fmt.name","def","Kant.Codec.Fmt.name","ASSERTED","Kant.Codec.Fmt → List Char","L0;","O0;","L0;","L0;","L0;","L0;","L0;","L0;","S26;Kant.Codec.Fmt → List Char","O7;13;source_systemS5;lean411;source_fileS36;RequestProject/Kant/Codec/Model.lean13;source_formatS4;text11;imported_atI+0;14;transformed_atI+116;15;transformationsL0;13;parent_objectS0;","6058e0aef4377ea6acca5e00e2eb19a11f0349644147dd60428683bf0a53551b"
"obj.Kant.Wasm.instReprModule","def","Kant.Wasm.instReprModule","ASSERTED","Repr Kant.Wasm.Module","L0;","O0;","L0;","L0;","L0;","L0;","L0;","L0;","S21;Repr Kant.Wasm.Module","O7;13;source_systemS5;lean411;source_fileS31;RequestProject/Wasm/Syntax.lean13;source_formatS4;text11;imported_atI+0;14;transformed_atI+136;15;transformationsL0;13;parent_objectS0;","b519e2c6e872a43b5276c4be07d3ed087dcb30eebced17e15e2abe0519fd09ae"
"obj.Kant.Codec.yVal.match_8","def","Kant.Codec.yVal.match_8","ASSERTED","(motive : List Char → Sort u_1) →   (rest : List Char) →     ((r : List Char) → motive (List.cons 'r' (List.cons 'u' (List.cons 'e' r)))) →       ((x : List Char) → motive x) → motive rest","L0;","O0;","L0;","L0;","L0;","L0;","L0;","L0;","S188;(motive : List Char → Sort u_1) →   (rest : List Char) →     ((r : List Char) → motive (List.cons 'r' (List.cons 'u' (List.cons 'e' r)))) →       ((x : List Char) → motive x) → motive rest","O7;13;source_systemS5;lean411;source_fileS35;RequestProject/Kant/Codec/Yaml.lean13;source_formatS4;text11;imported_atI+0;14;transformed_atI+0;15;transformationsL0;13;parent_objectS0;","144798399cf3e61885b350b49d8cb0eb2a8343a4f072f6fe0398b928fac225d1"
"obj.Kant.Onboarding.Progress.gotIn","def","Kant.Onboarding.Progress.gotIn","ASSERTED","Kant.Onboarding.Progress → Bool","L0;","O0;","L0;","L0;","L0;","L0;","L0;","L0;","S31;Kant.Onboarding.Progress → Bool","O7;13;source_systemS5;lean411;source_fileS35;RequestProject/Kant/Onboarding.lean13;source_formatS4;text11;imported_atI+0;14;transformed_atI+104;15;transformationsL0;13;parent_objectS0;","194fd839c1b5adb2c7002bba2ad5fb1d5ca537a2119626e4f8a4b310a056da5f"
"obj.Kant.Dasl.cidType_shardCid","theorem","Kant.Dasl.cidType_shardCid","PROVEN","∀ (a b c d : Nat), Eq (Kant.Dasl.cidType (Kant.Dasl.shardCid a b c d)) 5","L1;S27;obj.Kant.Dasl.cidType_mkCid","O0;","L0;","L0;","L1;S32;claim.Kant.Dasl.cidType_shardCid","L0;","L1;S32;proof.Kant.Dasl.cidType_shardCid","L0;","S72;∀ (a b c d : Nat), Eq (Kant.Dasl.cidType (Kant.Dasl.shardCid a b c d)) 5","O7;13;source_systemS5;lean411;source_fileS29;RequestProject/Kant/Dasl.lean13;source_formatS4;text11;imported_atI+0;14;transformed_atI+173;15;transformationsL0;13;parent_objectS0;","7b5f062fe88c5489f91f55ec026a0de633048bbed4de07a38746dfc7ff4a84e0"
"obj.Kant.SiteCard.addressUrl.eq_1","theorem","Kant.SiteCard.addressUrl.eq_1","PROVEN","∀ (c : Kant.SiteCard.Config) (addr : List Char),   Eq (Kant.SiteCard.addressUrl c addr)     (instHAppendOfAppend.hAppend c.origin (List.cons Kant.Clipboard.hash addr))","L1;S23;obj.Kant.Clipboard.hash","O0;","L0;","L0;","L1;S35;claim.Kant.SiteCard.addressUrl.eq_1","L0;","L1;S35;proof.Kant.SiteCard.addressUrl.eq_1","L0;","S167;∀ (c : Kant.SiteCard.Config) (addr : List Char),   Eq (Kant.SiteCard.addressUrl c addr)     (instHAppendOfAppend.hAppend c.origin (List.cons Kant.Clipboard.hash addr))","O7;13;source_systemS5;lean411;source_fileS33;RequestProject/Kant/SiteCard.lean13;source_formatS4;text11;imported_atI+0;14;transformed_atI+0;15;transformationsL0;13;parent_objectS0;","f86f832e91fb354f0c6a62cbb4d259ac2c9d1502bfa8b6456c9d242b26aaa492"
"obj.Kant.Dom.RepairRecord.repair","def","Kant.Dom.RepairRecord.repair","ASSERTED","Kant.Dom.RepairRecord → Kant.Dom.Repair","L0;","O0;","L0;","L0;","L0;","L0;","L0;","L0;","S39;Kant.Dom.RepairRecord → Kant.Dom.Repair","O7;13;source_systemS5;lean411;source_fileS38;RequestProject/Kant/Domain/Policy.lean13;source_formatS4;text11;imported_atI+0;14;transformed_atI+218;15;transformationsL0;13;parent_objectS0;","03972d49da883f1e477b134dd6eccef91c91217cc94945e8af24141fcbfdd8f3"
"obj.Kant.Codec.encodeVal.match_1","def","Kant.Codec.encodeVal.match_1","ASSERTED","(motive : Kant.Codec.Fmt → Kant.Codec.Val → Sort u_1) →   (x : Kant.Codec.Fmt) →     (x_1 : Kant.Codec.Val) →       ((v : Kant.Codec.Val) → motive Kant.Codec.Fmt.canonical v) →         ((v : Kant.Codec.Val) → motive Kant.Codec.Fmt.yaml v) →           ((v : Kant.Codec.Val) → motive Kant.Codec.Fmt.xml v) →             ((v : Kant.Codec.Val) → motive Kant.Codec.Fmt.csv v) →               ((v : Kant.Codec.Val) → motive Kant.Codec.Fmt.ipdl v) →                 ((v : Kant.Codec.Val) → motive Kant.Codec.Fmt.text v) →                   ((v : Kant.Codec.Val) → motive Kant.Codec.Fmt.unknown v) → motive x x_1","L0;","O0;","L0;","L0;","L0;","L0;","L0;","L0;","S604;(motive : Kant.Codec.Fmt → Kant.Codec.Val → Sort u_1) →   (x : Kant.Codec.Fmt) →     (x_1 : Kant.Codec.Val) →       ((v : Kant.Codec.Val) → motive Kant.Codec.Fmt.canonical v) →         ((v : Kant.Codec.Val) → motive Kant.Codec.Fmt.yaml v) →           ((v : Kant.Codec.Val) → motive Kant.Codec.Fmt.xml v) →             ((v : Kant.Codec.Val) → motive Kant.Codec.Fmt.csv v) →               ((v : Kant.Codec.Val) → motive Kant.Codec.Fmt.ipdl v) →                 ((v : Kant.Codec.Val) → motive Kant.Codec.Fmt.text v) →                   ((v : Kant.Codec.Val) → motive Kant.Codec.Fmt.unknown v) → motive x x_1","O7;13;source_systemS5;lean411;source_fileS39;RequestProject/Kant/Codec/Exchange.lean13;source_formatS4;text11;imported_atI+0;14;transformed_atI+0;15;transformationsL0;13;parent_objectS0;","05390f9eb73d0bcf12483965833e1d5c18b8ce735d5d0e0de18e30cd895b689a"
"obj.Kant.Dom.unresolvedRefs.eq_1","theorem","Kant.Dom.unresolvedRefs.eq_1","PROVEN","∀ (d : Kant.Dom.Domain) (o : Kant.Dom.DomObj),   Eq (Kant.Dom.unresolvedRefs d o)     (List.filter (fun i => (Kant.Dom.findProof d i).isNone) o.proofRefs)","L0;","O0;","L0;","L0;","L1;S34;claim.Kant.Dom.unresolvedRefs.eq_1","L0;","L1;S34;proof.Kant.Dom.unresolvedRefs.eq_1","L0;","S154;∀ (d : Kant.Dom.Domain) (o : Kant.Dom.DomObj),   Eq (Kant.Dom.unresolvedRefs d o)     (List.filter (fun i => (Kant.Dom.findProof d i).isNone) o.proofRefs)","O7;13;source_systemS5;lean411;source_fileS39;RequestProject/Kant/Domain/Package.lean13;source_formatS4;text11;imported_atI+0;14;transformed_atI+0;15;transformationsL0;13;parent_objectS0;","31294a6e027213363572d78224fd0921ab8844352c073fc0ee36a7b3df00489b"
"obj.Kant.Codec.rowsList.eq_2","theorem","Kant.Codec.rowsList.eq_2","PROVEN","∀ (parent : List Char) (i : Nat) (v : Kant.Codec.Val) (vs : List Kant.Codec.Val),   Eq (Kant.Codec.rowsList parent i (List.cons v vs))     (instHAppendOfAppend.hAppend       (Kant.Codec.rowsVal         (instHAppendOfAppend.hAppend parent (List.cons '/' (Kant.Codec.natDigits i))) parent         (Kant.Codec.natDigits i) v)       (Kant.Codec.rowsList parent (instHAdd.hAdd i 1) vs))","L0;","O0;","L0;","L0;","L1;S30;claim.Kant.Codec.rowsList.eq_2","L0;","L1;S30;proof.Kant.Codec.rowsList.eq_2","L0;","S381;∀ (parent : List Char) (i : Nat) (v : Kant.Codec.Val) (vs : List Kant.Codec.Val),   Eq (Kant.Codec.rowsList parent i (List.cons v vs))     (instHAppendOfAppend.hAppend       (Kant.Codec.rowsVal         (instHAppendOfAppend.hAppend parent (List.cons '/' (Kant.Codec.natDigits i))) parent         (Kant.Codec.natDigits i) v)       (Kant.Codec.rowsList parent (instHAdd.hAdd i 1) vs))","O7;13;source_systemS5;lean411;source_fileS34;RequestProject/Kant/Codec/Csv.lean13;source_formatS4;text11;imported_atI+0;14;transformed_atI+0;15;transformationsL0;13;parent_objectS0;","40b13aa598490ef220bde736919987fdd81e73273bede6c483bb734d4c73248f"
"obj.Kant.Codec.Status.ctorElimType","def","Kant.Codec.Status.ctorElimType","ASSERTED","{motive : Kant.Codec.Status → Sort u} → Nat → Sort (max 1 u)","L0;","O0;","L0;","L0;","L0;","L0;","L0;","L0;","S60;{motive : Kant.Codec.Status → Sort u} → Nat → Sort (max 1 u)","O7;13;source_systemS5;lean411;source_fileS36;RequestProject/Kant/Codec/Model.lean13;source_formatS4;text11;imported_atI+0;14;transformed_atI+0;15;transformationsL0;13;parent_objectS0;","2637467b7a64e4fb78de2b6c7ad72ef8957a45a2d0ef87698a923329e3de0966"
"obj.Kant.Cli.Cmd.casesOn","def","Kant.Cli.Cmd.casesOn","ASSERTED","{motive : Kant.Cli.Cmd → Sort u} →   (t : Kant.Cli.Cmd) →     ((relay : List Char) → motive (Kant.Cli.Cmd.open relay)) →       motive Kant.Cli.Cmd.link →         motive Kant.Cli.Cmd.room →           ((text : List Char) → motive (Kant.Cli.Cmd.join text)) →             ((text : List Char) → motive (Kant.Cli.Cmd.say text)) →               motive Kant.Cli.Cmd.read → motive Kant.Cli.Cmd.curl → motive t","L0;","O0;","L0;","L0;","L0;","L0;","L0;","L0;","S400;{motive : Kant.Cli.Cmd → Sort u} →   (t : Kant.Cli.Cmd) →     ((relay : List Char) → motive (Kant.Cli.Cmd.open relay)) →       motive Kant.Cli.Cmd.link →         motive Kant.Cli.Cmd.room →           ((text : List Char) → motive (Kant.Cli.Cmd.join text)) →             ((text : List Char) → motive (Kant.Cli.Cmd.say text)) →               motive Kant.Cli.Cmd.read → motive Kant.Cli.Cmd.curl → motive t","O7;13;source_systemS5;lean411;source_fileS28;RequestProject/Kant/Cli.lean13;source_formatS4;text11;imported_atI+0;14;transformed_atI+711;15;transformationsL0;13;parent_objectS0;","b6b92e2208e606db8cc34f528595264870334c52f8e9839907a0aa2afbd97fd6"
"obj.Kant.Onboarding.Event.joinText.sizeOf_spec","theorem","Kant.Onboarding.Event.joinText.sizeOf_spec","PROVEN","∀ (t : List Char),   Eq (Kant.Onboarding.Event._sizeOf_inst.sizeOf (Kant.Onboarding.Event.joinText t))     (instHAdd.hAdd 1 ((List._sizeOf_inst Char).sizeOf t))","L0;","O0;","L0;","L0;","L1;S48;claim.Kant.Onboarding.Event.joinText.sizeOf_spec","L0;","L1;S48;proof.Kant.Onboarding.Event.joinText.sizeOf_spec","L0;","S160;∀ (t : List Char),   Eq (Kant.Onboarding.Event._sizeOf_inst.sizeOf (Kant.Onboarding.Event.joinText t))     (instHAdd.hAdd 1 ((List._sizeOf_inst Char).sizeOf t))","O7;13;source_systemS5;lean411;source_fileS35;RequestProject/Kant/Onboarding.lean13;source_formatS4;text11;imported_atI+0;14;transformed_atI+0;15;transformationsL0;13;parent_objectS0;","5451019eaa6526f9aa6873ec7cb658864e8d63075f2171eb0852104467eee0b8"
"obj.Kant.Dom.readCells_cellsText","theorem","Kant.Dom.readCells_cellsText","PROVEN","∀ (cs : List (List Char)) (fuel : Nat) (rest : List Char),   instLTNat.lt cs.length fuel →     Eq (Kant.Dom.readCells fuel (instHAppendOfAppend.hAppend (Kant.Dom.cellsText cs) rest))       (Option.some { fst := cs, snd := rest })","L0;","O0;","L0;","L0;","L1;S34;claim.Kant.Dom.readCells_cellsText","L0;","L1;S34;proof.Kant.Dom.readCells_cellsText","L0;","S229;∀ (cs : List (List Char)) (fuel : Nat) (rest : List Char),   instLTNat.lt cs.length fuel →     Eq (Kant.Dom.readCells fuel (instHAppendOfAppend.hAppend (Kant.Dom.cellsText cs) rest))       (Option.some { fst := cs, snd := rest })","O7;13;source_systemS5;lean411;source_fileS37;RequestProject/Kant/Domain/Table.lean13;source_formatS4;text11;imported_atI+0;14;transformed_atI+97;15;transformationsL0;13;parent_objectS0;","532c03a662dee932bef0c4142c479a05eaf4a3caa5160cd44bdb4f6790883a27"
"obj.Kant.Dom.Truth.ctorIdx","def","Kant.Dom.Truth.ctorIdx","ASSERTED","Kant.Dom.Truth → Nat","L0;","O0;","L0;","L0;","L0;","L0;","L0;","L0;","S20;Kant.Dom.Truth → Nat","O7;13;source_systemS5;lean411;source_fileS37;RequestProject/Kant/Domain/Model.lean13;source_formatS4;text11;imported_atI+0;14;transformed_atI+0;15;transformationsL0;13;parent_objectS0;","6ead3872bf73037a442ebd49726c48f5c0c7bdc4ecf870540f4a0094a10848cf"
"obj.Kant.Codec.Outp.ctorIdx","def","Kant.Codec.Outp.ctorIdx","ASSERTED","Kant.Codec.Outp → Nat","L0;","O0;","L0;","L0;","L0;","L0;","L0;","L0;","S21;Kant.Codec.Outp → Nat","O7;13;source_systemS5;lean411;source_fileS36;RequestProject/Kant/Codec/Model.lean13;source_formatS4;text11;imported_atI+0;14;transformed_atI+0;15;transformationsL0;13;parent_objectS0;","434ce72af962de237cb97fbd06d1a088299e92d980a19e398df827809b62c1ce"
"obj.Kant.SiteCard.Card.Wf.url","theorem","Kant.SiteCard.Card.Wf.url","PROVEN","∀ {k : Kant.SiteCard.Card}, k.Wf → Kant.Text.IsAscii k.url","L0;","O0;","L0;","L0;","L1;S31;claim.Kant.SiteCard.Card.Wf.url","L0;","L1;S31;proof.Kant.SiteCard.Card.Wf.url","L0;","S58;∀ {k : Kant.SiteCard.Card}, k.Wf → Kant.Text.IsAscii k.url","O7;13;source_systemS5;lean411;source_fileS33;RequestProject/Kant/SiteCard.lean13;source_formatS4;text11;imported_atI+0;14;transformed_atI+390;15;transformationsL0;13;parent_objectS0;","ba55ce763b0fcdd9bcfe019fe995b57e6beaa37ebd8fa18b944a813eec1ecf30"
"obj.Kant.Wasm.Leb128.uleb.eq_1","theorem","Kant.Wasm.Leb128.uleb.eq_1","PROVEN","∀ (n : Nat),   Eq (Kant.Wasm.Leb128.uleb n)     (ite (instLTNat.lt n 128) (List.cons (UInt8.ofNat n) List.nil)       (List.cons (UInt8.ofNat (instHAdd.hAdd (instHMod.hMod n 128) 128))         (Kant.Wasm.Leb128.uleb (instHDiv.hDiv n 128))))","L0;","O0;","L0;","L0;","L1;S32;claim.Kant.Wasm.Leb128.uleb.eq_1","L0;","L1;S32;proof.Kant.Wasm.Leb128.uleb.eq_1","L0;","S239;∀ (n : Nat),   Eq (Kant.Wasm.Leb128.uleb n)     (ite (instLTNat.lt n 128) (List.cons (UInt8.ofNat n) List.nil)       (List.cons (UInt8.ofNat (instHAdd.hAdd (instHMod.hMod n 128) 128))         (Kant.Wasm.Leb128.uleb (instHDiv.hDiv n 128))))","O7;13;source_systemS5;lean411;source_fileS31;RequestProject/Wasm/Leb128.lean13;source_formatS4;text11;imported_atI+0;14;transformed_atI+0;15;transformationsL0;13;parent_objectS0;","b71fa06f52a9ddad7989dded2873c7e2cbf5e64fe3212aaf9ef2a010f02f2504"
"obj.Kant.Wasm.CmpOp.apply","def","Kant.Wasm.CmpOp.apply","ASSERTED","Kant.Wasm.CmpOp → UInt64 → UInt64 → UInt64","L0;","O0;","L0;","L0;","L0;","L0;","L0;","L0;","S42;Kant.Wasm.CmpOp → UInt64 → UInt64 → UInt64","O7;13;source_systemS5;lean411;source_fileS34;RequestProject/Wasm/Semantics.lean13;source_formatS4;text11;imported_atI+0;14;transformed_atI+36;15;transformationsL0;13;parent_objectS0;","24126817765cd3a31e6333f4b36e6210a08d72e64815d5e19a63a7a9a6fffe9e"
"obj.Kant.Dom.instReprPStatus.repr.match_1","def","Kant.Dom.instReprPStatus.repr.match_1","ASSERTED","(motive : Kant.Dom.PStatus → Sort u_1) →   (x : Kant.Dom.PStatus) →     (Unit → motive Kant.Dom.PStatus.valid) →       (Unit → motive Kant.Dom.PStatus.invalid) →         (Unit → motive Kant.Dom.PStatus.partial) →           (Unit → motive Kant.Dom.PStatus.failed) →             (Unit → motive Kant.Dom.PStatus.unknown) →               (Unit → motive Kant.Dom.PStatus.conflict) → motive x","L0;","O0;","L0;","L0;","L0;","L0;","L0;","L0;","S386;(motive : Kant.Dom.PStatus → Sort u_1) →   (x : Kant.Dom.PStatus) →     (Unit → motive Kant.Dom.PStatus.valid) →       (Unit → motive Kant.Dom.PStatus.invalid) →         (Unit → motive Kant.Dom.PStatus.partial) →           (Unit → motive Kant.Dom.PStatus.failed) →             (Unit → motive Kant.Dom.PStatus.unknown) →               (Unit → motive Kant.Dom.PStatus.conflict) → motive x","O7;13;source_systemS5;lean411;source_fileS37;RequestProject/Kant/Domain/Model.lean13;source_formatS4;text11;imported_atI+0;14;transformed_atI+0;15;transformationsL0;13;parent_objectS0;","bea094686f8d8ee5344bfa9b7733921ad506ff9c02ac41c7e4c854e4f14c812c"
"obj.Kant.Sneakernet.socialVideo_capacity","theorem","Kant.Sneakernet.socialVideo_capacity","PROVEN","Eq Kant.Sneakernet.Channel.socialVideo.capacity Kant.Sneakernet.socialLimit","L0;","O0;","L0;","L0;","L1;S42;claim.Kant.Sneakernet.socialVideo_capacity","L0;","L1;S42;proof.Kant.Sneakernet.socialVideo_capacity","L0;","S75;Eq Kant.Sneakernet.Channel.socialVideo.capacity Kant.Sneakernet.socialLimit","O7;13;source_systemS5;lean411;source_fileS35;RequestProject/Kant/Sneakernet.lean13;source_formatS4;text11;imported_atI+0;14;transformed_atI+60;15;transformationsL0;13;parent_objectS0;","87b82e847928e75f4d85ea4f13830c1c8a73c8fb77c232258685340873790a62"
"obj.Kant.Codec.Val.bool.noConfusion","def","Kant.Codec.Val.bool.noConfusion","ASSERTED","{P : Sort u} →   {b b' : Bool} → Eq (Kant.Codec.Val.bool b) (Kant.Codec.Val.bool b') → (Eq b b' → P) → P","L0;","O0;","L0;","L0;","L0;","L0;","L0;","L0;","S104;{P : Sort u} →   {b b' : Bool} → Eq (Kant.Codec.Val.bool b) (Kant.Codec.Val.bool b') → (Eq b b' → P) → P","O7;13;source_systemS5;lean411;source_fileS34;RequestProject/Kant/Codec/Val.lean13;source_formatS4;text11;imported_atI+0;14;transformed_atI+39;15;transformationsL0;13;parent_objectS0;","5dee9348e6be2f1bd93a422b672248a0b1eb58094d69db39d1b91558c662dc5e"
"obj.Kant.Uucp.exchange_agree","theorem","Kant.Uucp.exchange_agree","PROVEN","∀ {a b : Kant.Uucp.Node},   a.Wired →     b.Wired →       a.spool.Nodup →         b.spool.Nodup → Eq (Kant.Uucp.exchange a b).fst.view (Kant.Uucp.exchange a b).snd.view","L1;S18;obj.Kant.Uucp.Node","O0;","L0;","L0;","L1;S30;claim.Kant.Uucp.exchange_agree","L0;","L1;S30;proof.Kant.Uucp.exchange_agree","L0;","S168;∀ {a b : Kant.Uucp.Node},   a.Wired →     b.Wired →       a.spool.Nodup →         b.spool.Nodup → Eq (Kant.Uucp.exchange a b).fst.view (Kant.Uucp.exchange a b).snd.view","O7;13;source_systemS5;lean411;source_fileS29;RequestProject/Kant/Uucp.lean13;source_formatS4;text11;imported_atI+0;14;transformed_atI+569;15;transformationsL0;13;parent_objectS0;","067c6a6a5dd9e692a63b25fe10cbe63d3692a147a6c7389409d70b19635a438f"
"obj.Kant.Onboarding.promptFor.eq_1","theorem","Kant.Onboarding.promptFor.eq_1","PROVEN","∀ (s : Kant.Onboarding.State),   Eq (Kant.Onboarding.promptFor s)     (Kant.Onboarding.promptFor.match_1 (fun x => String) (Kant.Onboarding.nextTask s.progress)       (fun t => Kant.Onboarding.prompt t) fun _ => Kant.Onboarding.doneWords)","L1;S25;obj.Kant.Onboarding.State","O0;","L0;","L0;","L1;S36;claim.Kant.Onboarding.promptFor.eq_1","L0;","L1;S36;proof.Kant.Onboarding.promptFor.eq_1","L0;","S238;∀ (s : Kant.Onboarding.State),   Eq (Kant.Onboarding.promptFor s)     (Kant.Onboarding.promptFor.match_1 (fun x => String) (Kant.Onboarding.nextTask s.progress)       (fun t => Kant.Onboarding.prompt t) fun _ => Kant.Onboarding.doneWords)","O7;13;source_systemS5;lean411;source_fileS35;RequestProject/Kant/Onboarding.lean13;source_formatS4;text11;imported_atI+0;14;transformed_atI+0;15;transformationsL0;13;parent_objectS0;","26de692baf9f073c6c58e8d6376fb2a78dcf50d6b6fdb8525412674c6ccfed2d"
"obj.Kant.Join.BlankFree","def","Kant.Join.BlankFree","ASSERTED","List Char → Prop","L0;","O0;","L0;","L0;","L0;","L0;","L0;","L0;","S16;List Char → Prop","O7;13;source_systemS5;lean411;source_fileS29;RequestProject/Kant/Join.lean13;source_formatS4;text11;imported_atI+0;14;transformed_atI+56;15;transformationsL0;13;parent_objectS0;","b7cfabbc1fd0625f19591e1af29f2d2451a9c6efdf8a2065a078b77355f3ec6a"
"obj.Kant.Bytes.hexVal_hexDigit","theorem","Kant.Bytes.hexVal_hexDigit","PROVEN","∀ {n : Nat}, instLTNat.lt n 16 → Eq (Kant.Bytes.hexVal (Kant.Bytes.hexDigit n)) (Option.some n)","L0;","O0;","L0;","L0;","L1;S32;claim.Kant.Bytes.hexVal_hexDigit","L0;","L1;S32;proof.Kant.Bytes.hexVal_hexDigit","L0;","S95;∀ {n : Nat}, instLTNat.lt n 16 → Eq (Kant.Bytes.hexVal (Kant.Bytes.hexDigit n)) (Option.some n)","O7;13;source_systemS5;lean411;source_fileS30;RequestProject/Kant/Bytes.lean13;source_formatS4;text11;imported_atI+0;14;transformed_atI+65;15;transformationsL0;13;parent_objectS0;","73e6cf8a464ed2544178d6df4c65c82fa267804b2105da5ad48c984d2f4113d5"
"obj.Kant.PlainText.isAscii_metaText","theorem","Kant.PlainText.isAscii_metaText","PROVEN","∀ {m : Kant.PlainText.Meta},   Kant.Text.IsAscii m.title →     Kant.Text.IsAscii m.link →       Kant.Text.IsAscii m.address →         Kant.Text.IsAscii m.posted → Kant.Text.IsAscii (Kant.PlainText.metaText m)","L0;","O0;","L0;","L0;","L1;S37;claim.Kant.PlainText.isAscii_metaText","L0;","L1;S37;proof.Kant.PlainText.isAscii_metaText","L0;","S208;∀ {m : Kant.PlainText.Meta},   Kant.Text.IsAscii m.title →     Kant.Text.IsAscii m.link →       Kant.Text.IsAscii m.address →         Kant.Text.IsAscii m.posted → Kant.Text.IsAscii (Kant.PlainText.metaText m)","O7;13;source_systemS5;lean411;source_fileS34;RequestProject/Kant/PlainText.lean13;source_formatS4;text11;imported_atI+0;14;transformed_atI+375;15;transformationsL0;13;parent_objectS0;","c204ef3d88363b75821a690446dd0992a856593e51dd6f1767d4dd54ffe54ec4"
"obj.Kant.Diagnostics.Level.code","def","Kant.Diagnostics.Level.code","ASSERTED","Kant.Diagnostics.Level → UInt8","L0;","O0;","L0;","L0;","L0;","L0;","L0;","L0;","S30;Kant.Diagnostics.Level → UInt8","O7;13;source_systemS5;lean411;source_fileS36;RequestProject/Kant/Diagnostics.lean13;source_formatS4;text11;imported_atI+0;14;transformed_atI+73;15;transformationsL0;13;parent_objectS0;","f2cb006af486db3c55238a2b87e6a7375c57bc350d77e4e2a325e78c9545d2bd"
"obj.Kant.Relay.Server.casesOn","def","Kant.Relay.Server.casesOn","ASSERTED","{motive : Kant.Relay.Server → Sort u} →   (t : Kant.Relay.Server) →     ((rooms : List (Prod (List Char) (List (List Char)))) → motive { rooms := rooms }) → motive t","L1;S21;obj.Kant.Relay.Server","O0;","L0;","L0;","L0;","L0;","L0;","L0;","S165;{motive : Kant.Relay.Server → Sort u} →   (t : Kant.Relay.Server) →     ((rooms : List (Prod (List Char) (List (List Char)))) → motive { rooms := rooms }) → motive t","O7;13;source_systemS5;lean411;source_fileS30;RequestProject/Kant/Relay.lean13;source_formatS4;text11;imported_atI+0;14;transformed_atI+154;15;transformationsL0;13;parent_objectS0;","2b0a061db8167b052f16ec7b46f733ca9fb22876b9e03f1f81a6621ef41f02d4"
"obj.Kant.instDecidableEqPaste.decEq","def","Kant.instDecidableEqPaste.decEq","ASSERTED","(x x_1 : Kant.Paste) → Decidable (Eq x x_1)","L0;","O0;","L0;","L0;","L0;","L0;","L0;","L0;","S43;(x x_1 : Kant.Paste) → Decidable (Eq x x_1)","O7;13;source_systemS5;lean411;source_fileS30;RequestProject/Kant/Paste.lean13;source_formatS4;text11;imported_atI+0;14;transformed_atI+47;15;transformationsL0;13;parent_objectS0;","855852b55aa5269f29774bab531f6cec4400cd47523a96853cf986da8be8dcd2"
"obj.Kant.InviteCard.instDecidableEqDress.decEq.match_1","def","Kant.InviteCard.instDecidableEqDress.decEq.match_1","ASSERTED","(motive : Kant.InviteCard.Dress → Kant.InviteCard.Dress → Sort u_1) →   (x x_1 : Kant.InviteCard.Dress) →     ((a a_1 a_2 b b_1 b_2 : List Char) →         motive { caption := a, icon := a_1, alt := a_2 }           { caption := b, icon := b_1, alt := b_2 }) →       motive x x_1","L0;","O0;","L0;","L0;","L0;","L0;","L0;","L0;","S277;(motive : Kant.InviteCard.Dress → Kant.InviteCard.Dress → Sort u_1) →   (x x_1 : Kant.InviteCard.Dress) →     ((a a_1 a_2 b b_1 b_2 : List Char) →         motive { caption := a, icon := a_1, alt := a_2 }           { caption := b, icon := b_1, alt := b_2 }) →       motive x x_1","O7;13;source_systemS5;lean411;source_fileS35;RequestProject/Kant/InviteCard.lean13;source_formatS4;text11;imported_atI+0;14;transformed_atI+0;15;transformationsL0;13;parent_objectS0;","9d738a2da40d4d8f80a03b8e840d552c4e2e2a9510b456556210bc1224678bf2"
"obj.Kant.Dom.proofRow.eq_1","theorem","Kant.Dom.proofRow.eq_1","PROVEN","∀ (p : Kant.Dom.ProofRec),   Eq (Kant.Dom.proofRow p)     (List.cons p.id       (List.cons p.name         (List.cons p.kind           (List.cons p.status.name             (List.cons p.sourceFile               (List.cons p.sourceLoc                 (List.cons (Kant.Dom.encIds p.inputRefs)                   (List.cons (Kant.Dom.encIds p.assumptions)                     (List.cons p.procedure                       (List.cons (Kant.Dom.encIds p.outputRefs)                         (List.cons (Kant.Dom.encIds p.claimRefs)                           (List.cons (Kant.Dom.encIds p.dependsOn)                             (List.cons (Kant.Dom.encCert p.certificate)                               (List.cons p.source                                 (List.cons (Kant.Dom.encProv p.provenance)                                   (List.cons p.hash List.nil))))))))))))))))","L3;S26;obj.Kant.Dom.ProofRec.kindS33;obj.Kant.Dom.ProofRec.assumptionsS32;obj.Kant.Dom.ProofRec.outputRefs","O0;","L0;","L0;","L1;S28;claim.Kant.Dom.proofRow.eq_1","L0;","L1;S28;proof.Kant.Dom.proofRow.eq_1","L0;","S862;∀ (p : Kant.Dom.ProofRec),   Eq (Kant.Dom.proofRow p)     (List.cons p.id       (List.cons p.name         (List.cons p.kind           (List.cons p.status.name             (List.cons p.sourceFile               (List.cons p.sourceLoc                 (List.cons (Kant.Dom.encIds p.inputRefs)                   (List.cons (Kant.Dom.encIds p.assumptions)                     (List.cons p.procedure                       (List.cons (Kant.Dom.encIds p.outputRefs)                         (List.cons (Kant.Dom.encIds p.claimRefs)                           (List.cons (Kant.Dom.encIds p.dependsOn)                             (List.cons (Kant.Dom.encCert p.certificate)                               (List.cons p.source                                 (List.cons (Kant.Dom.encProv p.provenance)                                   (List.cons p.hash List.nil))))))))))))))))","O7;13;source_systemS5;lean411;source_fileS37;RequestProject/Kant/Domain/Table.lean13;source_formatS4;text11;imported_atI+0;14;transformed_atI+0;15;transformationsL0;13;parent_objectS0;","3af9e0f7e28631edd74891c83734008a5626700321528a5f3c3c818ca2d9443c"
"obj.Kant.Sheaf.EigenSpace.noConfusion","def","Kant.Sheaf.EigenSpace.noConfusion","ASSERTED","{P : Sort v✝} → {x y : Kant.Sheaf.EigenSpace} → Eq x y → Kant.Sheaf.EigenSpace.noConfusionType P x y","L0;","O0;","L0;","L0;","L0;","L0;","L0;","L0;","S100;{P : Sort v✝} → {x y : Kant.Sheaf.EigenSpace} → Eq x y → Kant.Sheaf.EigenSpace.noConfusionType P x y","O7;13;source_systemS5;lean411;source_fileS30;RequestProject/Kant/Sheaf.lean13;source_formatS4;text11;imported_atI+0;14;transformed_atI+58;15;transformationsL0;13;parent_objectS0;","a850a9b10840f40ba3bfb3910b87c510fc409cfafc7d7871dc83a9a3dac3e036"
"obj.Kant.Dom.ProofRec.kind","def","Kant.Dom.ProofRec.kind","ASSERTED","Kant.Dom.ProofRec → List Char","L0;","O0;","L0;","L0;","L0;","L0;","L0;","L0;","S29;Kant.Dom.ProofRec → List Char","O7;13;source_systemS5;lean411;source_fileS37;RequestProject/Kant/Domain/Model.lean13;source_formatS4;text11;imported_atI+0;14;transformed_atI+363;15;transformationsL0;13;parent_objectS0;","37549ae8d3c8f960615269c8c53d02bb8257a10f01b6d0c6ad9badae48ee57d1"
"obj.Kant.Cli.parseArgv","def","Kant.Cli.parseArgv","ASSERTED","List (List Char) → Option Kant.Cli.Cmd","L0;","O0;","L0;","L0;","L0;","L0;","L0;","L0;","S38;List (List Char) → Option Kant.Cli.Cmd","O7;13;source_systemS5;lean411;source_fileS28;RequestProject/Kant/Cli.lean13;source_formatS4;text11;imported_atI+0;14;transformed_atI+739;15;transformationsL0;13;parent_objectS0;","29d677d18dac23d60809bf140453ce51cfb011f839737ca8d95cee92cd544ce3"
"obj.Kant.Text.charCodes_length","theorem","Kant.Text.charCodes_length","PROVEN","∀ (cs : List Char), Eq (Kant.Text.charCodes cs).length cs.length","L0;","O0;","L0;","L0;","L1;S32;claim.Kant.Text.charCodes_length","L0;","L1;S32;proof.Kant.Text.charCodes_length","L0;","S64;∀ (cs : List Char), Eq (Kant.Text.charCodes cs).length cs.length","O7;13;source_systemS5;lean411;source_fileS29;RequestProject/Kant/Text.lean13;source_formatS4;text11;imported_atI+0;14;transformed_atI+108;15;transformationsL0;13;parent_objectS0;","75e4c369f3b46ae6ae1a4c18be75123959525d33515e71a8ed3d45e88682507b"
"obj.Kant.Feed.instDecidableEqRow.decEq","def","Kant.Feed.instDecidableEqRow.decEq","ASSERTED","(x x_1 : Kant.Feed.Row) → Decidable (Eq x x_1)","L1;S46;obj.Kant.Feed.instDecidableEqRow.decEq.match_1","O0;","L0;","L0;","L0;","L0;","L0;","L0;","S46;(x x_1 : Kant.Feed.Row) → Decidable (Eq x x_1)","O7;13;source_systemS5;lean411;source_fileS29;RequestProject/Kant/Feed.lean13;source_formatS4;text11;imported_atI+0;14;transformed_atI+66;15;transformationsL0;13;parent_objectS0;","69166052936b23d54d025acdb0a53012d0db1db8e4666b4fed5be2b2ef03e48c"
"obj.Kant.Diagnostics.Report.noConfusion","def","Kant.Diagnostics.Report.noConfusion","ASSERTED","{P : Sort u} →   {t t' : Kant.Diagnostics.Report} → Eq t t' → Kant.Diagnostics.Report.noConfusionType P t t'","L1;S26;obj.Kant.Diagnostics.Event","O0;","L0;","L0;","L0;","L0;","L0;","L0;","S108;{P : Sort u} →   {t t' : Kant.Diagnostics.Report} → Eq t t' → Kant.Diagnostics.Report.noConfusionType P t t'","O7;13;source_systemS5;lean411;source_fileS36;RequestProject/Kant/Diagnostics.lean13;source_formatS4;text11;imported_atI+0;14;transformed_atI+482;15;transformationsL0;13;parent_objectS0;","3fd388ba70909393759403ce4902ca18a621e7872756da694ace4699c9cd0c5e"
"obj.Kant.Codec.pFields_roundTrip","theorem","Kant.Codec.pFields_roundTrip","PROVEN","∀ (fs : List (Prod (List Char) Kant.Codec.Val)),   (∀ (kv : Prod (List Char) Kant.Codec.Val),       List.instMembership.mem fs kv → Kant.Codec.RoundTrips kv.snd) →     ∀ (fuel : Nat) (rest : List Char),       instLENat.le (Kant.Codec.canonEncFields fs).length fuel →         Eq           (Kant.Codec.pFields fuel fs.length             (instHAppendOfAppend.hAppend (Kant.Codec.canonEncFields fs) rest))           (Option.some { fst := fs, snd := rest })","L3;S28;obj.Kant.Codec.pList.match_1S27;obj.Kant.Codec.pVal.match_3S27;obj.Kant.Codec.pFields.eq_2","O0;","L0;","L0;","L1;S34;claim.Kant.Codec.pFields_roundTrip","L0;","L1;S34;proof.Kant.Codec.pFields_roundTrip","L0;","S452;∀ (fs : List (Prod (List Char) Kant.Codec.Val)),   (∀ (kv : Prod (List Char) Kant.Codec.Val),       List.instMembership.mem fs kv → Kant.Codec.RoundTrips kv.snd) →     ∀ (fuel : Nat) (rest : List Char),       instLENat.le (Kant.Codec.canonEncFields fs).length fuel →         Eq           (Kant.Codec.pFields fuel fs.length             (instHAppendOfAppend.hAppend (Kant.Codec.canonEncFields fs) rest))           (Option.some { fst := fs, snd := rest })","O7;13;source_systemS5;lean411;source_fileS34;RequestProject/Kant/Codec/Val.lean13;source_formatS4;text11;imported_atI+0;14;transformed_atI+344;15;transformationsL0;13;parent_objectS0;","97ef45b436aab1dcf94f42b51da5d7279842059572fe131a46c78d37f445fdb5"
"obj.Kant.Uucp.thread_fits_tweet","theorem","Kant.Uucp.thread_fits_tweet","PROVEN","∀ {s : List Char},   instLTNat.lt (Kant.Sneakernet.chunk 100 (Kant.Text.asciiBytes s)).length (instHPow.hPow 256 3) →     ∀ (t : List Char),       List.instMembership.mem (Kant.Uucp.thread 100 s) t →         instLENat.le t.length Kant.Uucp.Carrier.tweet.capacity","L3;S25;obj.Kant.Sneakernet.FrameS29;obj.Kant.Sneakernet.Frame.seqS31;obj.Kant.Clipboard.Envelope.tag","O0;","L0;","L0;","L1;S33;claim.Kant.Uucp.thread_fits_tweet","L0;","L1;S33;proof.Kant.Uucp.thread_fits_tweet","L0;","S262;∀ {s : List Char},   instLTNat.lt (Kant.Sneakernet.chunk 100 (Kant.Text.asciiBytes s)).length (instHPow.hPow 256 3) →     ∀ (t : List Char),       List.instMembership.mem (Kant.Uucp.thread 100 s) t →         instLENat.le t.length Kant.Uucp.Carrier.tweet.capacity","O7;13;source_systemS5;lean411;source_fileS29;RequestProject/Kant/Uucp.lean13;source_formatS4;text11;imported_atI+0;14;transformed_atI+287;15;transformationsL0;13;parent_objectS0;","45357f3664bdae85f275bca5f4f156b2fd3fa4e629e3b43f0ac6784e90cbad6c"
"obj.Kant.Connectivity.Client.recOn","def","Kant.Connectivity.Client.recOn","ASSERTED","{motive : Kant.Connectivity.Client → Sort u} →   (t : Kant.Connectivity.Client) →     ((room : List Char) →         (reach : Kant.Connectivity.Reachability) →           (bus : Bool) →             (browser : Nat) →               motive { room := room, reach := reach, bus := bus, browser := browser }) →       motive t","L0;","O0;","L0;","L0;","L0;","L0;","L0;","L0;","S317;{motive : Kant.Connectivity.Client → Sort u} →   (t : Kant.Connectivity.Client) →     ((room : List Char) →         (reach : Kant.Connectivity.Reachability) →           (bus : Bool) →             (browser : Nat) →               motive { room := room, reach := reach, bus := bus, browser := browser }) →       motive t","O7;13;source_systemS5;lean411;source_fileS37;RequestProject/Kant/Connectivity.lean13;source_formatS4;text11;imported_atI+0;14;transformed_atI+93;15;transformationsL0;13;parent_objectS0;","ebc2996cbf37ce1f6f84f174dc188f4c3e6195fc5495e525a5b67a145eeb8b52"
"obj.Kant.Rendezvous.bestOf_eq_none_iff","theorem","Kant.Rendezvous.bestOf_eq_none_iff","PROVEN","∀ {l : List Kant.Rendezvous.Announce},   Iff (Eq (Kant.Rendezvous.bestOf l) Option.none) (Eq l List.nil)","L0;","O0;","L0;","L0;","L1;S40;claim.Kant.Rendezvous.bestOf_eq_none_iff","L0;","L1;S40;proof.Kant.Rendezvous.bestOf_eq_none_iff","L0;","S104;∀ {l : List Kant.Rendezvous.Announce},   Iff (Eq (Kant.Rendezvous.bestOf l) Option.none) (Eq l List.nil)","O7;13;source_systemS5;lean411;source_fileS35;RequestProject/Kant/Rendezvous.lean13;source_formatS4;text11;imported_atI+0;14;transformed_atI+286;15;transformationsL0;13;parent_objectS0;","8a8e093dfab7f86b0439d10ea04beba8e765edfa3e487289fbb40b19634f7b76"
"obj.Kant.Diagnostics.Area.toCtorIdx","def","Kant.Diagnostics.Area.toCtorIdx","ASSERTED","Kant.Diagnostics.Area → Nat","L0;","O0;","L0;","L0;","L0;","L0;","L0;","L0;","S27;Kant.Diagnostics.Area → Nat","O7;13;source_systemS5;lean411;source_fileS36;RequestProject/Kant/Diagnostics.lean13;source_formatS4;text11;imported_atI+0;14;transformed_atI+0;15;transformationsL0;13;parent_objectS0;","e42d98ebcf66fa7516d800b6601283fa67eb0bf1f993ca87d25e416968d204cc"
"obj.Kant.Dasl.Orbifold.mk.injEq","theorem","Kant.Dasl.Orbifold.mk.injEq","PROVEN","∀ (l m n l_1 m_1 n_1 : Nat),   Eq (Eq { l := l, m := m, n := n } { l := l_1, m := m_1, n := n_1 })     (And (Eq l l_1) (And (Eq m m_1) (Eq n n_1)))","L0;","O0;","L0;","L0;","L1;S33;claim.Kant.Dasl.Orbifold.mk.injEq","L0;","L1;S33;proof.Kant.Dasl.Orbifold.mk.injEq","L0;","S147;∀ (l m n l_1 m_1 n_1 : Nat),   Eq (Eq { l := l, m := m, n := n } { l := l_1, m := m_1, n := n_1 })     (And (Eq l l_1) (And (Eq m m_1) (Eq n n_1)))","O7;13;source_systemS5;lean411;source_fileS29;RequestProject/Kant/Dasl.lean13;source_formatS4;text11;imported_atI+0;14;transformed_atI+0;15;transformationsL0;13;parent_objectS0;","f79b9e6e67a39b78d61c90c37923e22ba4e7208cd28d7eae6632a51e06a4ced1"
"obj.Kant.Codec.projectFields","def","Kant.Codec.projectFields","ASSERTED","List (Prod (List Char) Kant.Codec.Ipdl) → List (Prod (List Char) Kant.Codec.Val)","L0;","O0;","L0;","L0;","L0;","L0;","L0;","L0;","S80;List (Prod (List Char) Kant.Codec.Ipdl) → List (Prod (List Char) Kant.Codec.Val)","O7;13;source_systemS5;lean411;source_fileS35;RequestProject/Kant/Codec/Ipdl.lean13;source_formatS4;text11;imported_atI+0;14;transformed_atI+100;15;transformationsL0;13;parent_objectS0;","90f79da304c9cf1b3a2bac031d3cd5d02500104a02d1653982569b1cd46b364e"
"obj.Kant.Dom.Rel.encodes.sizeOf_spec","theorem","Kant.Dom.Rel.encodes.sizeOf_spec","PROVEN","Eq (Kant.Dom.Rel._sizeOf_inst.sizeOf Kant.Dom.Rel.encodes) 1","L0;","O0;","L0;","L0;","L1;S38;claim.Kant.Dom.Rel.encodes.sizeOf_spec","L0;","L1;S38;proof.Kant.Dom.Rel.encodes.sizeOf_spec","L0;","S60;Eq (Kant.Dom.Rel._sizeOf_inst.sizeOf Kant.Dom.Rel.encodes) 1","O7;13;source_systemS5;lean411;source_fileS37;RequestProject/Kant/Domain/Model.lean13;source_formatS4;text11;imported_atI+0;14;transformed_atI+0;15;transformationsL0;13;parent_objectS0;","efe8e13e9af45b9a2b63efab1c40c94df76b017a773fd474cb180c395d0b7ba7"
"obj.Kant.Diagnostics.Level.ofNat","def","Kant.Diagnostics.Level.ofNat","ASSERTED","Nat → Kant.Diagnostics.Level","L0;","O0;","L0;","L0;","L0;","L0;","L0;","L0;","S28;Nat → Kant.Diagnostics.Level","O7;13;source_systemS5;lean411;source_fileS36;RequestProject/Kant/Diagnostics.lean13;source_formatS4;text11;imported_atI+0;14;transformed_atI+0;15;transformationsL0;13;parent_objectS0;","5099d124aada6344bdedf9c0025fce071e59789a90d31e428389fab92a396285"
"obj.Kant.Dom.Tests.exInput","def","Kant.Dom.Tests.exInput","ASSERTED","Kant.Dom.DomObj","L0;","O0;","L0;","L0;","L0;","L0;","L0;","L0;","S15;Kant.Dom.DomObj","O7;13;source_systemS5;lean411;source_fileS37;RequestProject/Kant/Domain/Tests.lean13;source_formatS4;text11;imported_atI+0;14;transformed_atI+32;15;transformationsL0;13;parent_objectS0;","a976fd397207750be7e82216c1411ea84106ea55cceb3e9196a7f47a1d4dfe2e"
"obj.Kant.PlainText.entry.eq_1","theorem","Kant.PlainText.entry.eq_1","PROVEN","∀ (key value : List Char),   Eq (Kant.PlainText.entry key value)     (instHAppendOfAppend.hAppend       (instHAppendOfAppend.hAppend (instHAppendOfAppend.hAppend key "": "".toList) value)       (List.cons '\n' List.nil))","L0;","O0;","L0;","L0;","L1;S31;claim.Kant.PlainText.entry.eq_1","L0;","L1;S31;proof.Kant.PlainText.entry.eq_1","L0;","S218;∀ (key value : List Char),   Eq (Kant.PlainText.entry key value)     (instHAppendOfAppend.hAppend       (instHAppendOfAppend.hAppend (instHAppendOfAppend.hAppend key "": "".toList) value)       (List.cons '\n' List.nil))","O7;13;source_systemS5;lean411;source_fileS34;RequestProject/Kant/PlainText.lean13;source_formatS4;text11;imported_atI+0;14;transformed_atI+0;15;transformationsL0;13;parent_objectS0;","823456b53afec93e3ae266fb15f694d934c0b6660694e1487f20586d3e547a33"
"obj.Kant.Codec.Status.noConfusion","def","Kant.Codec.Status.noConfusion","ASSERTED","{P : Sort v✝} → {x y : Kant.Codec.Status} → Eq x y → Kant.Codec.Status.noConfusionType P x y","L0;","O0;","L0;","L0;","L0;","L0;","L0;","L0;","S92;{P : Sort v✝} → {x y : Kant.Codec.Status} → Eq x y → Kant.Codec.Status.noConfusionType P x y","O7;13;source_systemS5;lean411;source_fileS36;RequestProject/Kant/Codec/Model.lean13;source_formatS4;text11;imported_atI+0;14;transformed_atI+41;15;transformationsL0;13;parent_objectS0;","fe8e7300e1896a656dcc7003faa702faadc82484d5be733f471300d000363374"
"obj.Kant.Codec.readRows.eq_2","theorem","Kant.Codec.readRows.eq_2","PROVEN","∀ (n : Nat), Eq (Kant.Codec.readRows n.succ List.nil) (Option.some List.nil)","L0;","O0;","L0;","L0;","L1;S30;claim.Kant.Codec.readRows.eq_2","L0;","L1;S30;proof.Kant.Codec.readRows.eq_2","L0;","S76;∀ (n : Nat), Eq (Kant.Codec.readRows n.succ List.nil) (Option.some List.nil)","O7;13;source_systemS5;lean411;source_fileS34;RequestProject/Kant/Codec/Csv.lean13;source_formatS4;text11;imported_atI+0;14;transformed_atI+0;15;transformationsL0;13;parent_objectS0;","0b1eccac55b8f9c2be450a5f2ebc4c7d7cc1a6ca189662f4a33cda8ec30e4c1f"
"obj.Kant.Codec.instReprVerdict","def","Kant.Codec.instReprVerdict","ASSERTED","Repr Kant.Codec.Verdict","L0;","O0;","L0;","L0;","L0;","L0;","L0;","L0;","S23;Repr Kant.Codec.Verdict","O7;13;source_systemS5;lean411;source_fileS40;RequestProject/Kant/Codec/Reconcile.lean13;source_formatS4;text11;imported_atI+0;14;transformed_atI+200;15;transformationsL0;13;parent_objectS0;","cbe23d8be029525c654f342d154c259f1519a454adcf9d22048cf615a8a2bc65"
"obj.Kant.Dasl.cidType_mkCid","theorem","Kant.Dasl.cidType_mkCid","PROVEN","∀ (t p : Nat), Eq (Kant.Dasl.cidType (Kant.Dasl.mkCid t p)) (instHMod.hMod t 16)","L0;","O0;","L0;","L0;","L1;S29;claim.Kant.Dasl.cidType_mkCid","L0;","L1;S29;proof.Kant.Dasl.cidType_mkCid","L0;","S80;∀ (t p : Nat), Eq (Kant.Dasl.cidType (Kant.Dasl.mkCid t p)) (instHMod.hMod t 16)","O7;13;source_systemS5;lean411;source_fileS29;RequestProject/Kant/Dasl.lean13;source_formatS4;text11;imported_atI+0;14;transformed_atI+101;15;transformationsL0;13;parent_objectS0;","2b6d13a8365f4a91f893a6fc6170561e42b7b0a600f8db6bd307224007da96f8"
"obj.Kant.Onboarding.Task.ofNat_ctorIdx","theorem","Kant.Onboarding.Task.ofNat_ctorIdx","PROVEN","∀ (x : Kant.Onboarding.Task), Eq (Kant.Onboarding.Task.ofNat x.ctorIdx) x","L1;S30;obj.Kant.Onboarding.Task.ofNat","O0;","L0;","L0;","L1;S40;claim.Kant.Onboarding.Task.ofNat_ctorIdx","L0;","L1;S40;proof.Kant.Onboarding.Task.ofNat_ctorIdx","L0;","S73;∀ (x : Kant.Onboarding.Task), Eq (Kant.Onboarding.Task.ofNat x.ctorIdx) x","O7;13;source_systemS5;lean411;source_fileS35;RequestProject/Kant/Onboarding.lean13;source_formatS4;text11;imported_atI+0;14;transformed_atI+0;15;transformationsL0;13;parent_objectS0;","48f90443ceb03026a8f9d63a09f7d7219eedc4301f3fd0488256781a23ccde33"
"obj.Kant.Codec.rebuild_of_clean.match_1_1","def","Kant.Codec.rebuild_of_clean.match_1_1","ASSERTED","∀   (motive :     (fs : List (Prod (List Char) Kant.Codec.Ipdl)) →       (∀ (kv : Prod (List Char) Kant.Codec.Ipdl),           List.instMembership.mem fs kv → Not (Kant.Codec.IpdlReserved kv.fst)) →         Prop)   (fs : List (Prod (List Char) Kant.Codec.Ipdl))   (h :     ∀ (kv : Prod (List Char) Kant.Codec.Ipdl),       List.instMembership.mem fs kv → Not (Kant.Codec.IpdlReserved kv.fst)),   (∀       (h :         ∀ (kv : Prod (List Char) Kant.Codec.Ipdl),           List.instMembership.mem List.nil kv → Not (Kant.Codec.IpdlReserved kv.fst)),       motive List.nil h) →     (∀ (k : List Char) (v : Kant.Codec.Ipdl)         (h :           ∀ (kv : Prod (List Char) Kant.Codec.Ipdl),             List.instMembership.mem (List.cons { fst := k, snd := v } List.nil) kv →               Not (Kant.Codec.IpdlReserved kv.fst)),         motive (List.cons { fst := k, snd := v } List.nil) h) →       (∀ (a b : Prod (List Char) Kant.Codec.Ipdl)           (h :             ∀ (kv : Prod (List Char) Kant.Codec.Ipdl),               List.instMembership.mem (List.cons a (List.cons b List.nil)) kv →                 Not (Kant.Codec.IpdlReserved kv.fst)),           motive (List.cons a (List.cons b List.nil)) h) →         (∀ (k1 : List Char) (v1 : Kant.Codec.Ipdl) (k2 : List Char) (v2 : Kant.Codec.Ipdl)             (k3 : List Char) (v3 : Kant.Codec.Ipdl)             (h :               ∀ (kv : Prod (List Char) Kant.Codec.Ipdl),                 List.instMembership.mem                     (List.cons { fst := k1, snd := v1 }                       (List.cons { fst := k2, snd := v2 }                         (List.cons { fst := k3, snd := v3 } List.nil)))                     kv →                   Not (Kant.Codec.IpdlReserved kv.fst)),             motive               (List.cons { fst := k1, snd := v1 }                 (List.cons { fst := k2, snd := v2 } (List.cons { fst := k3, snd := v3 } List.nil)))               h) →           (∀ (a b c d : Prod (List Char) Kant.Codec.Ipdl)               (rest : List (Prod (List Char) Kant.Codec.Ipdl))               (h :                 ∀ (kv : Prod (List Char) Kant.Codec.Ipdl),                   List.instMembership.mem                       (List.cons a (List.cons b (List.cons c (List.cons d rest)))) kv →                     Not (Kant.Codec.IpdlReserved kv.fst)),               motive (List.cons a (List.cons b (List.cons c (List.cons d rest)))) h) →             motive fs h","L0;","O0;","L0;","L0;","L0;","L0;","L0;","L0;","S2412;∀   (motive :     (fs : List (Prod (List Char) Kant.Codec.Ipdl)) →       (∀ (kv : Prod (List Char) Kant.Codec.Ipdl),           List.instMembership.mem fs kv → Not (Kant.Codec.IpdlReserved kv.fst)) →         Prop)   (fs : List (Prod (List Char) Kant.Codec.Ipdl))   (h :     ∀ (kv : Prod (List Char) Kant.Codec.Ipdl),       List.instMembership.mem fs kv → Not (Kant.Codec.IpdlReserved kv.fst)),   (∀       (h :         ∀ (kv : Prod (List Char) Kant.Codec.Ipdl),           List.instMembership.mem List.nil kv → Not (Kant.Codec.IpdlReserved kv.fst)),       motive List.nil h) →     (∀ (k : List Char) (v : Kant.Codec.Ipdl)         (h :           ∀ (kv : Prod (List Char) Kant.Codec.Ipdl),             List.instMembership.mem (List.cons { fst := k, snd := v } List.nil) kv →               Not (Kant.Codec.IpdlReserved kv.fst)),         motive (List.cons { fst := k, snd := v } List.nil) h) →       (∀ (a b : Prod (List Char) Kant.Codec.Ipdl)           (h :             ∀ (kv : Prod (List Char) Kant.Codec.Ipdl),               List.instMembership.mem (List.cons a (List.cons b List.nil)) kv →                 Not (Kant.Codec.IpdlReserved kv.fst)),           motive (List.cons a (List.cons b List.nil)) h) →         (∀ (k1 : List Char) (v1 : Kant.Codec.Ipdl) (k2 : List Char) (v2 : Kant.Codec.Ipdl)             (k3 : List Char) (v3 : Kant.Codec.Ipdl)             (h :               ∀ (kv : Prod (List Char) Kant.Codec.Ipdl),                 List.instMembership.mem                     (List.cons { fst := k1, snd := v1 }                       (List.cons { fst := k2, snd := v2 }                         (List.cons { fst := k3, snd := v3 } List.nil)))                     kv →                   Not (Kant.Codec.IpdlReserved kv.fst)),             motive               (List.cons { fst := k1, snd := v1 }                 (List.cons { fst := k2, snd := v2 } (List.cons { fst := k3, snd := v3 } List.nil)))               h) →           (∀ (a b c d : Prod (List Char) Kant.Codec.Ipdl)               (rest : List (Prod (List Char) Kant.Codec.Ipdl))               (h :                 ∀ (kv : Prod (List Char) Kant.Codec.Ipdl),                   List.instMembership.mem                       (List.cons a (List.cons b (List.cons c (List.cons d rest)))) kv →                     Not (Kant.Codec.IpdlReserved kv.fst)),               motive (List.cons a (List.cons b (List.cons c (List.cons d rest)))) h) →             motive fs h","O7;13;source_systemS5;lean411;source_fileS35;RequestProject/Kant/Codec/Ipdl.lean13;source_formatS4;text11;imported_atI+0;14;transformed_atI+0;15;transformationsL0;13;parent_objectS0;","00af67db50faf12f7fba62e7a1f6a09c054575e30e1f9c953e38fc5a6dc1ea22"
"obj.Kant.Dom.decValue","def","Kant.Dom.decValue","ASSERTED","List Char → Option Kant.Codec.Val","L1;S26;obj.Kant.Codec.canonDecode","O0;","L0;","L0;","L0;","L0;","L0;","L0;","S33;List Char → Option Kant.Codec.Val","O7;13;source_systemS5;lean411;source_fileS37;RequestProject/Kant/Domain/Table.lean13;source_formatS4;text11;imported_atI+0;14;transformed_atI+240;15;transformationsL0;13;parent_objectS0;","feae4d3287447bd951f4dd8104f4406690773859c08b594b036cb55ffa2830d8"
"obj.Kant.Dom.Cert.ofVal_toVal","theorem","Kant.Dom.Cert.ofVal_toVal","PROVEN","∀ (c : Kant.Dom.Cert), Eq (Kant.Dom.Cert.ofVal c.toVal) (Option.some c)","L0;","O0;","L0;","L0;","L1;S31;claim.Kant.Dom.Cert.ofVal_toVal","L0;","L1;S31;proof.Kant.Dom.Cert.ofVal_toVal","L0;","S71;∀ (c : Kant.Dom.Cert), Eq (Kant.Dom.Cert.ofVal c.toVal) (Option.some c)","O7;13;source_systemS5;lean411;source_fileS37;RequestProject/Kant/Domain/Model.lean13;source_formatS4;text11;imported_atI+0;14;transformed_atI+264;15;transformationsL0;13;parent_objectS0;","a39b51b54202ab5e4600bfa6e7ffb4497e85ef7d068823f0e6c8d82d458a65ab"
"obj.Kant.Demo.carrier","def","Kant.Demo.carrier","ASSERTED","Kant.Stego.Carrier","L0;","O0;","L0;","L0;","L0;","L0;","L0;","L0;","S18;Kant.Stego.Carrier","O7;13;source_systemS5;lean411;source_fileS29;RequestProject/Kant/Demo.lean13;source_formatS4;text11;imported_atI+0;14;transformed_atI+89;15;transformationsL0;13;parent_objectS0;","3d230dd96c88dd6aefa9e4d5eb7af0edc4c2574fdbade7e43d6ee2a6e056d5e7"
"obj.Kant.Dom.Evid.machineChecked.sizeOf_spec","theorem","Kant.Dom.Evid.machineChecked.sizeOf_spec","PROVEN","Eq (Kant.Dom.Evid._sizeOf_inst.sizeOf Kant.Dom.Evid.machineChecked) 1","L0;","O0;","L0;","L0;","L1;S46;claim.Kant.Dom.Evid.machineChecked.sizeOf_spec","L0;","L1;S46;proof.Kant.Dom.Evid.machineChecked.sizeOf_spec","L0;","S69;Eq (Kant.Dom.Evid._sizeOf_inst.sizeOf Kant.Dom.Evid.machineChecked) 1","O7;13;source_systemS5;lean411;source_fileS37;RequestProject/Kant/Domain/Model.lean13;source_formatS4;text11;imported_atI+0;14;transformed_atI+0;15;transformationsL0;13;parent_objectS0;","e4ae6b5dc08ac5fa87b5fb1af86bc3cd02f1c0bd87c5a2d4fe551de041f760a7"
"obj.Kant.Repost.pasteQuote.eq_1","theorem","Kant.Repost.pasteQuote.eq_1","PROVEN","∀ (s : List Char),   Eq (Kant.Repost.pasteQuote s) ((Kant.Clipboard.Envelope.decode s).bind Kant.Repost.toQuote)","L1;S34;obj.Kant.Clipboard.Envelope.decode","O0;","L0;","L0;","L1;S33;claim.Kant.Repost.pasteQuote.eq_1","L0;","L1;S33;proof.Kant.Repost.pasteQuote.eq_1","L0;","S112;∀ (s : List Char),   Eq (Kant.Repost.pasteQuote s) ((Kant.Clipboard.Envelope.decode s).bind Kant.Repost.toQuote)","O7;13;source_systemS5;lean411;source_fileS31;RequestProject/Kant/Repost.lean13;source_formatS4;text11;imported_atI+0;14;transformed_atI+0;15;transformationsL0;13;parent_objectS0;","d77b00ff73153731cbc3807c0593d22629f77e434ed78a9b44ca1600f4a6be60"
"obj.Kant.Wasm.Encode.module","def","Kant.Wasm.Encode.module","ASSERTED","Kant.Wasm.Module → Kant.Wasm.Encode.Bytes","L0;","O0;","L0;","L0;","L0;","L0;","L0;","L0;","S41;Kant.Wasm.Module → Kant.Wasm.Encode.Bytes","O7;13;source_systemS5;lean411;source_fileS31;RequestProject/Wasm/Encode.lean13;source_formatS4;text11;imported_atI+0;14;transformed_atI+127;15;transformationsL0;13;parent_objectS0;","c663693a5386c49a0fcfbb06636d502d08131a78aec21474cefe8640e4d61147"
"obj.Kant.SiteCard.readCard","def","Kant.SiteCard.readCard","ASSERTED","List Char → Option Kant.SiteCard.Card","L0;","O0;","L0;","L0;","L0;","L0;","L0;","L0;","S37;List Char → Option Kant.SiteCard.Card","O7;13;source_systemS5;lean411;source_fileS33;RequestProject/Kant/SiteCard.lean13;source_formatS4;text11;imported_atI+0;14;transformed_atI+563;15;transformationsL0;13;parent_objectS0;","453579a4cac531fb38c65a0cf11fa08808193e90ec0ead7187a5473f6faa30ae"
"obj.Kant.Codec.joinLines.eq_2","theorem","Kant.Codec.joinLines.eq_2","PROVEN","∀ (l : List Char), Eq (Kant.Codec.joinLines (List.cons l List.nil)) l","L0;","O0;","L0;","L0;","L1;S31;claim.Kant.Codec.joinLines.eq_2","L0;","L1;S31;proof.Kant.Codec.joinLines.eq_2","L0;","S69;∀ (l : List Char), Eq (Kant.Codec.joinLines (List.cons l List.nil)) l","O7;13;source_systemS5;lean411;source_fileS38;RequestProject/Kant/Codec/RawText.lean13;source_formatS4;text11;imported_atI+0;14;transformed_atI+0;15;transformationsL0;13;parent_objectS0;","3baaa905eab1831f68ece0c6f36e879c3ffd1b3f8d6668bd8d3964ad5540579a"
"obj.Kant.Codec.Tests.tEmpty","def","Kant.Codec.Tests.tEmpty","ASSERTED","Kant.Codec.Val","L0;","O0;","L0;","L0;","L0;","L0;","L0;","L0;","S14;Kant.Codec.Val","O7;13;source_systemS5;lean411;source_fileS36;RequestProject/Kant/Codec/Tests.lean13;source_formatS4;text11;imported_atI+0;14;transformed_atI+47;15;transformationsL0;13;parent_objectS0;","1de3c654eedfe85c58af12ef29aa5aaff936c87cd8f209026431734ccdc1e3d5"
"obj.Kant.Codec.Level.ctorElim","def","Kant.Codec.Level.ctorElim","ASSERTED","{motive : Kant.Codec.Level → Sort u} →   (ctorIdx : Nat) →     (t : Kant.Codec.Level) → Eq ctorIdx t.ctorIdx → Kant.Codec.Level.ctorElimType ctorIdx → motive t","L0;","O0;","L0;","L0;","L0;","L0;","L0;","L0;","S159;{motive : Kant.Codec.Level → Sort u} →   (ctorIdx : Nat) →     (t : Kant.Codec.Level) → Eq ctorIdx t.ctorIdx → Kant.Codec.Level.ctorElimType ctorIdx → motive t","O7;13;source_systemS5;lean411;source_fileS39;RequestProject/Kant/Codec/Exchange.lean13;source_formatS4;text11;imported_atI+0;14;transformed_atI+287;15;transformationsL0;13;parent_objectS0;","48349a1748da9599bf44bf08261aed26d5b98f435123e3534a64a852b97cd400"
"obj.Kant.Codec.Ipdl.Clean.below.casesOn","def","Kant.Codec.Ipdl.Clean.below.casesOn","ASSERTED","∀ {motive : (a : Kant.Codec.Ipdl) → a.Clean → Prop}   {motive_1 : {a : Kant.Codec.Ipdl} → (t : a.Clean) → Kant.Codec.Ipdl.Clean.below t → Prop}   {a : Kant.Codec.Ipdl} {t : a.Clean} (t_1 : Kant.Codec.Ipdl.Clean.below t),   motive_1 Kant.Codec.Ipdl.Clean.null ⋯ →     (∀ (b : Bool), motive_1 ⋯ ⋯) →       (∀ (n : Int), motive_1 ⋯ ⋯) →         (∀ (s : List Char), motive_1 ⋯ ⋯) →           (∀ (xs : List Kant.Codec.Ipdl)               (a : ∀ (x : Kant.Codec.Ipdl), List.instMembership.mem xs x → x.Clean)               (ih :                 ∀ (x : Kant.Codec.Ipdl) (a_1 : List.instMembership.mem xs x),                   Kant.Codec.Ipdl.Clean.below ⋯)               (a_ih : ∀ (x : Kant.Codec.Ipdl) (a_1 : List.instMembership.mem xs x), motive x ⋯),               motive_1 ⋯ ⋯) →             (∀ (fs : List (Prod (List Char) Kant.Codec.Ipdl))                 (a :                   ∀ (kv : Prod (List Char) Kant.Codec.Ipdl),                     List.instMembership.mem fs kv → Not (Kant.Codec.IpdlReserved kv.fst))                 (a_1 :                   ∀ (kv : Prod (List Char) Kant.Codec.Ipdl),                     List.instMembership.mem fs kv → kv.snd.Clean)                 (ih :                   ∀ (kv : Prod (List Char) Kant.Codec.Ipdl) (a : List.instMembership.mem fs kv),                     Kant.Codec.Ipdl.Clean.below ⋯)                 (a_ih :                   ∀ (kv : Prod (List Char) Kant.Codec.Ipdl) (a : List.instMembership.mem fs kv),                     motive kv.snd ⋯),                 motive_1 ⋯ ⋯) →               (∀ (t : List Char), motive_1 ⋯ ⋯) →                 (∀ (k n : List Char) (b : Kant.Codec.Ipdl) (a : b.Clean)                     (ih : Kant.Codec.Ipdl.Clean.below a) (a_ih : motive b a), motive_1 ⋯ ⋯) →                   motive_1 t t_1","L0;","O0;","L0;","L0;","L0;","L0;","L0;","L0;","S1771;∀ {motive : (a : Kant.Codec.Ipdl) → a.Clean → Prop}   {motive_1 : {a : Kant.Codec.Ipdl} → (t : a.Clean) → Kant.Codec.Ipdl.Clean.below t → Prop}   {a : Kant.Codec.Ipdl} {t : a.Clean} (t_1 : Kant.Codec.Ipdl.Clean.below t),   motive_1 Kant.Codec.Ipdl.Clean.null ⋯ →     (∀ (b : Bool), motive_1 ⋯ ⋯) →       (∀ (n : Int), motive_1 ⋯ ⋯) →         (∀ (s : List Char), motive_1 ⋯ ⋯) →           (∀ (xs : List Kant.Codec.Ipdl)               (a : ∀ (x : Kant.Codec.Ipdl), List.instMembership.mem xs x → x.Clean)               (ih :                 ∀ (x : Kant.Codec.Ipdl) (a_1 : List.instMembership.mem xs x),                   Kant.Codec.Ipdl.Clean.below ⋯)               (a_ih : ∀ (x : Kant.Codec.Ipdl) (a_1 : List.instMembership.mem xs x), motive x ⋯),               motive_1 ⋯ ⋯) →             (∀ (fs : List (Prod (List Char) Kant.Codec.Ipdl))                 (a :                   ∀ (kv : Prod (List Char) Kant.Codec.Ipdl),                     List.instMembership.mem fs kv → Not (Kant.Codec.IpdlReserved kv.fst))                 (a_1 :                   ∀ (kv : Prod (List Char) Kant.Codec.Ipdl),                     List.instMembership.mem fs kv → kv.snd.Clean)                 (ih :                   ∀ (kv : Prod (List Char) Kant.Codec.Ipdl) (a : List.instMembership.mem fs kv),                     Kant.Codec.Ipdl.Clean.below ⋯)                 (a_ih :                   ∀ (kv : Prod (List Char) Kant.Codec.Ipdl) (a : List.instMembership.mem fs kv),                     motive kv.snd ⋯),                 motive_1 ⋯ ⋯) →               (∀ (t : List Char), motive_1 ⋯ ⋯) →                 (∀ (k n : List Char) (b : Kant.Codec.Ipdl) (a : b.Clean)                     (ih : Kant.Codec.Ipdl.Clean.below a) (a_ih : motive b a), motive_1 ⋯ ⋯) →                   motive_1 t t_1","O7;13;source_systemS5;lean411;source_fileS35;RequestProject/Kant/Codec/Ipdl.lean13;source_formatS4;text11;imported_atI+0;14;transformed_atI+0;15;transformationsL0;13;parent_objectS0;","659215ea408a37286981f3b1a43aa3eba8efc0a3254ab44e3aa6db80ad0b39f1"
"obj.Kant.CardDebug.instReprPairing","def","Kant.CardDebug.instReprPairing","ASSERTED","Repr Kant.CardDebug.Pairing","L0;","O0;","L0;","L0;","L0;","L0;","L0;","L0;","S27;Repr Kant.CardDebug.Pairing","O7;13;source_systemS5;lean411;source_fileS34;RequestProject/Kant/CardDebug.lean13;source_formatS4;text11;imported_atI+0;14;transformed_atI+165;15;transformationsL0;13;parent_objectS0;","6020ed5a015de852d1cfbbb71d787e15f487602fa850fccce54c9e513351498f"
"obj.Kant.Dom.step.eq_9","theorem","Kant.Dom.step.eq_9","PROVEN","∀ (d : Kant.Dom.Domain) (objectId : Kant.Dom.Id) (t : Kant.Dom.Truth),   Eq (Kant.Dom.step d objectId Kant.Dom.Event.nothing t) { fst := t, snd := Option.none }","L0;","O0;","L0;","L0;","L1;S24;claim.Kant.Dom.step.eq_9","L0;","L1;S24;proof.Kant.Dom.step.eq_9","L0;","S160;∀ (d : Kant.Dom.Domain) (objectId : Kant.Dom.Id) (t : Kant.Dom.Truth),   Eq (Kant.Dom.step d objectId Kant.Dom.Event.nothing t) { fst := t, snd := Option.none }","O7;13;source_systemS5;lean411;source_fileS38;RequestProject/Kant/Domain/Policy.lean13;source_formatS4;text11;imported_atI+0;14;transformed_atI+0;15;transformationsL0;13;parent_objectS0;","9371dad31903db15045522371bc6b82aa2b7b6278d47a587f40c3c402300c16c"
"obj.Kant.InviteCard.inviteCardSvg","def","Kant.InviteCard.inviteCardSvg","ASSERTED","Kant.SiteCard.Config →   Kant.InviteCard.Dress → Kant.Rendezvous.Invite → List (List Bool) → Nat → Nat → List Char","L0;","O0;","L0;","L0;","L0;","L0;","L0;","L0;","S114;Kant.SiteCard.Config →   Kant.InviteCard.Dress → Kant.Rendezvous.Invite → List (List Bool) → Nat → Nat → List Char","O7;13;source_systemS5;lean411;source_fileS35;RequestProject/Kant/InviteCard.lean13;source_formatS4;text11;imported_atI+0;14;transformed_atI+164;15;transformationsL0;13;parent_objectS0;","3ca5291112b95d73d65efe82c8356f10872a3a0d7bb5a999e4198713a24ab956"
"obj.Kant.Codec.Val.int.elim","def","Kant.Codec.Val.int.elim","ASSERTED","{motive_1 : Kant.Codec.Val → Sort u} →   (t : Kant.Codec.Val) → Eq t.ctorIdx 2 → ((n : Int) → motive_1 (Kant.Codec.Val.int n)) → motive_1 t","L0;","O0;","L0;","L0;","L0;","L0;","L0;","L0;","S139;{motive_1 : Kant.Codec.Val → Sort u} →   (t : Kant.Codec.Val) → Eq t.ctorIdx 2 → ((n : Int) → motive_1 (Kant.Codec.Val.int n)) → motive_1 t","O7;13;source_systemS5;lean411;source_fileS34;RequestProject/Kant/Codec/Val.lean13;source_formatS4;text11;imported_atI+0;14;transformed_atI+40;15;transformationsL0;13;parent_objectS0;","f92c903f1d2b66bd7f5fe5454dc69a2ab0903072ff583097fee320ceccb61484"
"obj.Kant.Wasm.Encode.cmpOpcode.match_1","def","Kant.Wasm.Encode.cmpOpcode.match_1","ASSERTED","(motive : Kant.Wasm.CmpOp → Sort u_1) →   (x : Kant.Wasm.CmpOp) →     (Unit → motive Kant.Wasm.CmpOp.eq) →       (Unit → motive Kant.Wasm.CmpOp.ne) →         (Unit → motive Kant.Wasm.CmpOp.ltu) →           (Unit → motive Kant.Wasm.CmpOp.gtu) →             (Unit → motive Kant.Wasm.CmpOp.leu) → (Unit → motive Kant.Wasm.CmpOp.geu) → motive x","L0;","O0;","L0;","L0;","L0;","L0;","L0;","L0;","S340;(motive : Kant.Wasm.CmpOp → Sort u_1) →   (x : Kant.Wasm.CmpOp) →     (Unit → motive Kant.Wasm.CmpOp.eq) →       (Unit → motive Kant.Wasm.CmpOp.ne) →         (Unit → motive Kant.Wasm.CmpOp.ltu) →           (Unit → motive Kant.Wasm.CmpOp.gtu) →             (Unit → motive Kant.Wasm.CmpOp.leu) → (Unit → motive Kant.Wasm.CmpOp.geu) → motive x","O7;13;source_systemS5;lean411;source_fileS31;RequestProject/Wasm/Encode.lean13;source_formatS4;text11;imported_atI+0;14;transformed_atI+0;15;transformationsL0;13;parent_objectS0;","2ef0075cb849b826c9f93eb11f6eb7a9ad46c3d60fa8277077076b19fed10d03"
"obj.Kant.Relay.Msg.mk.sizeOf_spec","theorem","Kant.Relay.Msg.mk.sizeOf_spec","PROVEN","∀ (room sender : List Char) (seq : Nat) (body : Kant.Bytes.Blob),   Eq     (Kant.Relay.Msg._sizeOf_inst.sizeOf       { room := room, sender := sender, seq := seq, body := body })     (instHAdd.hAdd       (instHAdd.hAdd         (instHAdd.hAdd (instHAdd.hAdd 1 ((List._sizeOf_inst Char).sizeOf room))           ((List._sizeOf_inst Char).sizeOf sender))         (instSizeOfNat.sizeOf seq))       ((List._sizeOf_inst UInt8).sizeOf body))","L0;","O0;","L0;","L0;","L1;S35;claim.Kant.Relay.Msg.mk.sizeOf_spec","L0;","L1;S35;proof.Kant.Relay.Msg.mk.sizeOf_spec","L0;","S433;∀ (room sender : List Char) (seq : Nat) (body : Kant.Bytes.Blob),   Eq     (Kant.Relay.Msg._sizeOf_inst.sizeOf       { room := room, sender := sender, seq := seq, body := body })     (instHAdd.hAdd       (instHAdd.hAdd         (instHAdd.hAdd (instHAdd.hAdd 1 ((List._sizeOf_inst Char).sizeOf room))           ((List._sizeOf_inst Char).sizeOf sender))         (instSizeOfNat.sizeOf seq))       ((List._sizeOf_inst UInt8).sizeOf body))","O7;13;source_systemS5;lean411;source_fileS30;RequestProject/Kant/Relay.lean13;source_formatS4;text11;imported_atI+0;14;transformed_atI+0;15;transformationsL0;13;parent_objectS0;","4c18a971b50964afbd4ebc72a253645c5b74e8a03f196ae5744364fedc4fa462"
"obj.Kant.Dom.Relation.toVal","def","Kant.Dom.Relation.toVal","ASSERTED","Kant.Dom.Relation → Kant.Codec.Val","L0;","O0;","L0;","L0;","L0;","L0;","L0;","L0;","S34;Kant.Dom.Relation → Kant.Codec.Val","O7;13;source_systemS5;lean411;source_fileS37;RequestProject/Kant/Domain/Model.lean13;source_formatS4;text11;imported_atI+0;14;transformed_atI+511;15;transformationsL0;13;parent_objectS0;","accd8d57a8af9f9d95e59a6d1e279542915dec0f2cad922f21e97ea141810834"
"obj.Kant.Dasl.instDecidableValid","def","Kant.Dasl.instDecidableValid","ASSERTED","(o : Kant.Dasl.Orbifold) → Decidable o.valid","L1;S24;obj.Kant.Dasl.Orbifold.l","O0;","L0;","L0;","L0;","L0;","L0;","L0;","S44;(o : Kant.Dasl.Orbifold) → Decidable o.valid","O7;13;source_systemS5;lean411;source_fileS29;RequestProject/Kant/Dasl.lean13;source_formatS4;text11;imported_atI+0;14;transformed_atI+199;15;transformationsL0;13;parent_objectS0;","68176623824e73acee8ad522a41fa15fe7243752a80d85ea43a6df854c468d8d"
