"proof_id","name","kind","status","source_file","source_location","input_refs","assumptions","procedure","output_refs","claim_refs","dependencies","certificate","source","provenance","canonical_hash"
"proof.Kant.PlainText.lines_render","Kant.PlainText.lines_render","lean4","VALID","RequestProject/Kant/PlainText.lean","276","L0;","L0;","elaborated and checked by the Lean kernel","L1;S31;obj.Kant.PlainText.lines_render","L1;S33;claim.Kant.PlainText.lines_render","L0;","O4;4;kindS12;lean4-kernel6;digestS64;1c41fb75055f6334b3fa5b19a5b2e873e131fec789fe284a0f2a9b4f5cfa74518;locationS34;RequestProject/Kant/PlainText.lean8;evidenceS15;MACHINE_CHECKED","RequestProject","O7;13;source_systemS5;lean411;source_fileS34;RequestProject/Kant/PlainText.lean13;source_formatS4;text11;imported_atI+0;14;transformed_atI+276;15;transformationsL0;13;parent_objectS0;","9c45b2ee97450a8bf23fee5649adf3d85c321b167f693ab1f3890a0a0f04877e"
"proof.Kant.ShareLog.postLog_resolves","Kant.ShareLog.postLog_resolves","lean4","VALID","RequestProject/Kant/ShareLog.lean","153","L0;","L0;","elaborated and checked by the Lean kernel","L1;S34;obj.Kant.ShareLog.postLog_resolves","L1;S36;claim.Kant.ShareLog.postLog_resolves","L0;","O4;4;kindS12;lean4-kernel6;digestS64;5e92ee1be3b312c8665661a80d650ca7a8468be95ff2c41ef6f8dd603a350d858;locationS33;RequestProject/Kant/ShareLog.lean8;evidenceS15;MACHINE_CHECKED","RequestProject","O7;13;source_systemS5;lean411;source_fileS33;RequestProject/Kant/ShareLog.lean13;source_formatS4;text11;imported_atI+0;14;transformed_atI+153;15;transformationsL0;13;parent_objectS0;","55dda076aa7900f0fff35eee74d375d3b30e137e4724f876031f001c48318559"
"proof.Kant.SiteCard.Card.mk.injEq","Kant.SiteCard.Card.mk.injEq","lean4","VALID","RequestProject/Kant/SiteCard.lean","0","L0;","L0;","elaborated and checked by the Lean kernel","L1;S31;obj.Kant.SiteCard.Card.mk.injEq","L1;S33;claim.Kant.SiteCard.Card.mk.injEq","L0;","O4;4;kindS12;lean4-kernel6;digestS64;3c858426f2b1b4497eccb682a26e6b7af3dbc4f739d47f13edd1ff5dcf965f8c8;locationS33;RequestProject/Kant/SiteCard.lean8;evidenceS15;MACHINE_CHECKED","RequestProject","O7;13;source_systemS5;lean411;source_fileS33;RequestProject/Kant/SiteCard.lean13;source_formatS4;text11;imported_atI+0;14;transformed_atI+0;15;transformationsL0;13;parent_objectS0;","542e76ec90b1c7dde23b36643d6f893a21e85202f6a546576426c5072d8f69b4"
"proof.Kant.Codec.readRowFields_roundTrip","Kant.Codec.readRowFields_roundTrip","lean4","VALID","RequestProject/Kant/Codec/Csv.lean","203","L1;S37;obj.Kant.Codec.rowsFields_length_cons","L0;","elaborated and checked by the Lean kernel","L1;S38;obj.Kant.Codec.readRowFields_roundTrip","L1;S40;claim.Kant.Codec.readRowFields_roundTrip","L1;S39;proof.Kant.Codec.rowsFields_length_cons","O4;4;kindS12;lean4-kernel6;digestS64;4110db8e40ab6283af2c335f1103a258f237d0decbc67155db15436f0f6a97928;locationS34;RequestProject/Kant/Codec/Csv.lean8;evidenceS15;MACHINE_CHECKED","RequestProject","O7;13;source_systemS5;lean411;source_fileS34;RequestProject/Kant/Codec/Csv.lean13;source_formatS4;text11;imported_atI+0;14;transformed_atI+203;15;transformationsL0;13;parent_objectS0;","247e9bbeb4492173fd9fb5ab8a48968045d004f5d339439939d640c6f005a226"
"proof.Kant.Sneakernet.chunk.eq_1","Kant.Sneakernet.chunk.eq_1","lean4","VALID","RequestProject/Kant/Sneakernet.lean","0","L0;","L0;","elaborated and checked by the Lean kernel","L1;S30;obj.Kant.Sneakernet.chunk.eq_1","L1;S32;claim.Kant.Sneakernet.chunk.eq_1","L0;","O4;4;kindS12;lean4-kernel6;digestS64;bf7d41b999e83c7c03c64d17d215e1eb6a8b3fb2e390db721f0e182f1b6268298;locationS35;RequestProject/Kant/Sneakernet.lean8;evidenceS15;MACHINE_CHECKED","RequestProject","O7;13;source_systemS5;lean411;source_fileS35;RequestProject/Kant/Sneakernet.lean13;source_formatS4;text11;imported_atI+0;14;transformed_atI+0;15;transformationsL0;13;parent_objectS0;","becd5374bd58a7481a9834ad3b19196b01e9a1223203a70e50886f5fa601c6b1"
"proof.Kant.Cli.link_carries_invite","Kant.Cli.link_carries_invite","lean4","VALID","RequestProject/Kant/Cli.lean","495","L3;S23;obj.Kant.Clipboard.hashS19;obj.Kant.Cli.ClientS34;obj.Kant.Rendezvous.parseInviteUrl","L0;","elaborated and checked by the Lean kernel","L1;S32;obj.Kant.Cli.link_carries_invite","L1;S34;claim.Kant.Cli.link_carries_invite","L3;S25;proof.Kant.Clipboard.hashS21;proof.Kant.Cli.ClientS36;proof.Kant.Rendezvous.parseInviteUrl","O4;4;kindS12;lean4-kernel6;digestS64;ae75a6a953651c4b36e8391d9cec9f205459529be8b2395911fcc8184929ab7e8;locationS28;RequestProject/Kant/Cli.lean8;evidenceS15;MACHINE_CHECKED","RequestProject","O7;13;source_systemS5;lean411;source_fileS28;RequestProject/Kant/Cli.lean13;source_formatS4;text11;imported_atI+0;14;transformed_atI+495;15;transformationsL0;13;parent_objectS0;","51fad13b858de9e2b2cdce1a0183c33581d62008f7ffa77c7d5e1883ed9601cf"
"proof.Kant.Text.asciiBytes_length","Kant.Text.asciiBytes_length","lean4","VALID","RequestProject/Kant/Text.lean","46","L0;","L0;","elaborated and checked by the Lean kernel","L1;S31;obj.Kant.Text.asciiBytes_length","L1;S33;claim.Kant.Text.asciiBytes_length","L0;","O4;4;kindS12;lean4-kernel6;digestS64;4ea028b0713becc02a37df85baab59b7c8ff4de2b59680fe9606ae464f1a494d8;locationS29;RequestProject/Kant/Text.lean8;evidenceS15;MACHINE_CHECKED","RequestProject","O7;13;source_systemS5;lean411;source_fileS29;RequestProject/Kant/Text.lean13;source_formatS4;text11;imported_atI+0;14;transformed_atI+46;15;transformationsL0;13;parent_objectS0;","ab746db91da34a17024d8a21f414bed44d0885a91ea6759d12a531812c38c5da"
"proof.Kant.Dom.Cert.mk.injEq","Kant.Dom.Cert.mk.injEq","lean4","VALID","RequestProject/Kant/Domain/Model.lean","0","L0;","L0;","elaborated and checked by the Lean kernel","L1;S26;obj.Kant.Dom.Cert.mk.injEq","L1;S28;claim.Kant.Dom.Cert.mk.injEq","L0;","O4;4;kindS12;lean4-kernel6;digestS64;b637c27902c122d1d6420f02517c33aa46032082f3b3c623dbf04f385cee3bf48;locationS37;RequestProject/Kant/Domain/Model.lean8;evidenceS15;MACHINE_CHECKED","RequestProject","O7;13;source_systemS5;lean411;source_fileS37;RequestProject/Kant/Domain/Model.lean13;source_formatS4;text11;imported_atI+0;14;transformed_atI+0;15;transformationsL0;13;parent_objectS0;","364d3eab3a8f1bac2e9d0fc6fd331c6ff27803de14c26e7241d97cffd46474b5"
"proof.Kant.Handoff.logScript_length","Kant.Handoff.logScript_length","lean4","VALID","RequestProject/Kant/Handoff.lean","230","L1;S27;obj.Kant.ShareLog.chatParts","L0;","elaborated and checked by the Lean kernel","L1;S33;obj.Kant.Handoff.logScript_length","L1;S35;claim.Kant.Handoff.logScript_length","L1;S29;proof.Kant.ShareLog.chatParts","O4;4;kindS12;lean4-kernel6;digestS64;9d000c873aaa0bc4375de614412ffbcb30266ba318d23e9a9f069d9e4f4bfae98;locationS32;RequestProject/Kant/Handoff.lean8;evidenceS15;MACHINE_CHECKED","RequestProject","O7;13;source_systemS5;lean411;source_fileS32;RequestProject/Kant/Handoff.lean13;source_formatS4;text11;imported_atI+0;14;transformed_atI+230;15;transformationsL0;13;parent_objectS0;","b797c8635ff589dc9d68c77c50b5a8ef98a8627b191a93c2df099f1c18b10f55"
"proof.Kant.Cli.browserSay.eq_1","Kant.Cli.browserSay.eq_1","lean4","VALID","RequestProject/Kant/Cli.lean","0","L3;S21;obj.Kant.Relay.ServerS19;obj.Kant.Cli.ClientS21;obj.Kant.Relay.accept","L0;","elaborated and checked by the Lean kernel","L1;S28;obj.Kant.Cli.browserSay.eq_1","L1;S30;claim.Kant.Cli.browserSay.eq_1","L3;S23;proof.Kant.Relay.ServerS21;proof.Kant.Cli.ClientS23;proof.Kant.Relay.accept","O4;4;kindS12;lean4-kernel6;digestS64;0b03f0c955eb3831e175967cb16edbc2b57a78fad1bf4013fcfe97e7e14d094c8;locationS28;RequestProject/Kant/Cli.lean8;evidenceS15;MACHINE_CHECKED","RequestProject","O7;13;source_systemS5;lean411;source_fileS28;RequestProject/Kant/Cli.lean13;source_formatS4;text11;imported_atI+0;14;transformed_atI+0;15;transformationsL0;13;parent_objectS0;","c5d99025d80b83fcbf206243a745d78fad5182974f679722c7629aa5a679a035"
"proof.Kant.Text.bytesAscii_asciiBytes","Kant.Text.bytesAscii_asciiBytes","lean4","VALID","RequestProject/Kant/Text.lean","87","L0;","L0;","elaborated and checked by the Lean kernel","L1;S35;obj.Kant.Text.bytesAscii_asciiBytes","L1;S37;claim.Kant.Text.bytesAscii_asciiBytes","L0;","O4;4;kindS12;lean4-kernel6;digestS64;6cc07603d29a68d68eb5eafc0dc406519156dce26be0613cb738eebb7d32fdaf8;locationS29;RequestProject/Kant/Text.lean8;evidenceS15;MACHINE_CHECKED","RequestProject","O7;13;source_systemS5;lean411;source_fileS29;RequestProject/Kant/Text.lean13;source_formatS4;text11;imported_atI+0;14;transformed_atI+87;15;transformationsL0;13;parent_objectS0;","e9201c59415ddb16d6d68995f67feef96c3b980239b8f8d06bff72b8845599b3"
"proof.Kant.Diagnostics.renderLog.eq_1","Kant.Diagnostics.renderLog.eq_1","lean4","VALID","RequestProject/Kant/Diagnostics.lean","0","L1;S26;obj.Kant.Diagnostics.Event","L0;","elaborated and checked by the Lean kernel","L1;S35;obj.Kant.Diagnostics.renderLog.eq_1","L1;S37;claim.Kant.Diagnostics.renderLog.eq_1","L1;S28;proof.Kant.Diagnostics.Event","O4;4;kindS12;lean4-kernel6;digestS64;8dc4b92ab1f5e10d895a72a3749b293643f60abf6b6899df49bd0769fa92f7408;locationS36;RequestProject/Kant/Diagnostics.lean8;evidenceS15;MACHINE_CHECKED","RequestProject","O7;13;source_systemS5;lean411;source_fileS36;RequestProject/Kant/Diagnostics.lean13;source_formatS4;text11;imported_atI+0;14;transformed_atI+0;15;transformationsL0;13;parent_objectS0;","f2dbc7597b08842ceb6943019d1c075f9366c1914da238926bd510b2d4be8945"
"proof.Kant.Sync.Source.qrBurst.sizeOf_spec","Kant.Sync.Source.qrBurst.sizeOf_spec","lean4","VALID","RequestProject/Kant/Sync.lean","0","L0;","L0;","elaborated and checked by the Lean kernel","L1;S40;obj.Kant.Sync.Source.qrBurst.sizeOf_spec","L1;S42;claim.Kant.Sync.Source.qrBurst.sizeOf_spec","L0;","O4;4;kindS12;lean4-kernel6;digestS64;649e55acb84bbe985258410b255a6feb7bde0f6f003f2e7e3c6a56c4ef15ee518;locationS29;RequestProject/Kant/Sync.lean8;evidenceS15;MACHINE_CHECKED","RequestProject","O7;13;source_systemS5;lean411;source_fileS29;RequestProject/Kant/Sync.lean13;source_formatS4;text11;imported_atI+0;14;transformed_atI+0;15;transformationsL0;13;parent_objectS0;","be75394b58d952f1fc3c9fae91f46b4ea2d8c07155e271ab12ee5d29c7515c08"
"proof.Kant.Onboarding.Event.hush.sizeOf_spec","Kant.Onboarding.Event.hush.sizeOf_spec","lean4","VALID","RequestProject/Kant/Onboarding.lean","0","L0;","L0;","elaborated and checked by the Lean kernel","L1;S42;obj.Kant.Onboarding.Event.hush.sizeOf_spec","L1;S44;claim.Kant.Onboarding.Event.hush.sizeOf_spec","L0;","O4;4;kindS12;lean4-kernel6;digestS64;bf9b47e9ea0d8c1916498fa00b4e0bb65553945a24528993df14bbc54e0b72308;locationS35;RequestProject/Kant/Onboarding.lean8;evidenceS15;MACHINE_CHECKED","RequestProject","O7;13;source_systemS5;lean411;source_fileS35;RequestProject/Kant/Onboarding.lean13;source_formatS4;text11;imported_atI+0;14;transformed_atI+0;15;transformationsL0;13;parent_objectS0;","7f0277a469d9acdb6e1dab5f2ddd64986f55df22b354b1e15015bb44d3f8581e"
"proof.Kant.Codec.readRowList.eq_1","Kant.Codec.readRowList.eq_1","lean4","VALID","RequestProject/Kant/Codec/Csv.lean","0","L0;","L0;","elaborated and checked by the Lean kernel","L1;S31;obj.Kant.Codec.readRowList.eq_1","L1;S33;claim.Kant.Codec.readRowList.eq_1","L0;","O4;4;kindS12;lean4-kernel6;digestS64;7257bfd4e35b8afd2e6869c957c5335ed422b0cfc81608df4afb2032e39034c88;locationS34;RequestProject/Kant/Codec/Csv.lean8;evidenceS15;MACHINE_CHECKED","RequestProject","O7;13;source_systemS5;lean411;source_fileS34;RequestProject/Kant/Codec/Csv.lean13;source_formatS4;text11;imported_atI+0;14;transformed_atI+0;15;transformationsL0;13;parent_objectS0;","0384733eb6ee417762fe98ccf1604004c66c26f1c07c649d9d4b78d6fef3532a"
"proof.Kant.Wasm.Kernel.kernelBytes_sections","Kant.Wasm.Kernel.kernelBytes_sections","lean4","VALID","RequestProject/Wasm/Extraction.lean","40","L1;S27;obj.Kant.Wasm.Encode.module","L0;","elaborated and checked by the Lean kernel","L1;S41;obj.Kant.Wasm.Kernel.kernelBytes_sections","L1;S43;claim.Kant.Wasm.Kernel.kernelBytes_sections","L1;S29;proof.Kant.Wasm.Encode.module","O4;4;kindS12;lean4-kernel6;digestS64;e991317b4f2ae6b589fa238e557547826a5ad4081d314b4ff3fb5d7884c6089c8;locationS35;RequestProject/Wasm/Extraction.lean8;evidenceS15;MACHINE_CHECKED","RequestProject","O7;13;source_systemS5;lean411;source_fileS35;RequestProject/Wasm/Extraction.lean13;source_formatS4;text11;imported_atI+0;14;transformed_atI+40;15;transformationsL0;13;parent_objectS0;","f50677cdd7ea3f4c9ef06c80c28afc8f565b12adde29a812e191a4aa949f1cd5"
"proof.Kant.Wasm.Decode.bytesN_append","Kant.Wasm.Decode.bytesN_append","lean4","VALID","RequestProject/Wasm/Decode.lean","99","L0;","L0;","elaborated and checked by the Lean kernel","L1;S34;obj.Kant.Wasm.Decode.bytesN_append","L1;S36;claim.Kant.Wasm.Decode.bytesN_append","L0;","O4;4;kindS12;lean4-kernel6;digestS64;07a29a4b04e98f09127c45001323c722967136885af1870bda36b4a25f964bac8;locationS31;RequestProject/Wasm/Decode.lean8;evidenceS15;MACHINE_CHECKED","RequestProject","O7;13;source_systemS5;lean411;source_fileS31;RequestProject/Wasm/Decode.lean13;source_formatS4;text11;imported_atI+0;14;transformed_atI+99;15;transformationsL0;13;parent_objectS0;","dd291ea72c34648350fbb7a23f1daae0c1cd858c056df4093d7b86f9a8b54066"
"proof.Kant.Sheaf.DaslType.tag_injective","Kant.Sheaf.DaslType.tag_injective","lean4","VALID","RequestProject/Kant/Sheaf.lean","50","L1;S34;obj.Kant.Sheaf.instFintypeDaslType","L0;","elaborated and checked by the Lean kernel","L1;S37;obj.Kant.Sheaf.DaslType.tag_injective","L1;S39;claim.Kant.Sheaf.DaslType.tag_injective","L1;S36;proof.Kant.Sheaf.instFintypeDaslType","O4;4;kindS12;lean4-kernel6;digestS64;f70dcdf8cf1237cf6c57ced4679fdcfc6a274ba70cddd8f59f812fd01769e8a28;locationS30;RequestProject/Kant/Sheaf.lean8;evidenceS15;MACHINE_CHECKED","RequestProject","O7;13;source_systemS5;lean411;source_fileS30;RequestProject/Kant/Sheaf.lean13;source_formatS4;text11;imported_atI+0;14;transformed_atI+50;15;transformationsL0;13;parent_objectS0;","4b1044e57cf0ebca973d5b5f6118995d05e3d553775e0c246c1d112c3993fab7"
"proof.Kant.Codec.stripPrefix.eq_2","Kant.Codec.stripPrefix.eq_2","lean4","VALID","RequestProject/Kant/Codec/Xml.lean","0","L0;","L0;","elaborated and checked by the Lean kernel","L1;S31;obj.Kant.Codec.stripPrefix.eq_2","L1;S33;claim.Kant.Codec.stripPrefix.eq_2","L0;","O4;4;kindS12;lean4-kernel6;digestS64;5c0369b1ea57278d6bacabf039472bae8009f03fbb874a6fbbbdec484c9b43188;locationS34;RequestProject/Kant/Codec/Xml.lean8;evidenceS15;MACHINE_CHECKED","RequestProject","O7;13;source_systemS5;lean411;source_fileS34;RequestProject/Kant/Codec/Xml.lean13;source_formatS4;text11;imported_atI+0;14;transformed_atI+0;15;transformationsL0;13;parent_objectS0;","cea2a1b52ff016770452b7ae73377d2462c19e9be5ecc45db1e3463ca7fc9c0a"
"proof.Kant.Diagnostics.Report.Wire.room","Kant.Diagnostics.Report.Wire.room","lean4","VALID","RequestProject/Kant/Diagnostics.lean","541","L0;","L0;","elaborated and checked by the Lean kernel","L1;S37;obj.Kant.Diagnostics.Report.Wire.room","L1;S39;claim.Kant.Diagnostics.Report.Wire.room","L0;","O4;4;kindS12;lean4-kernel6;digestS64;9f727ca3ea2fe98e201cfe1b373b50f11ff06c67cab66024ec7e4d20b964870f8;locationS36;RequestProject/Kant/Diagnostics.lean8;evidenceS15;MACHINE_CHECKED","RequestProject","O7;13;source_systemS5;lean411;source_fileS36;RequestProject/Kant/Diagnostics.lean13;source_formatS4;text11;imported_atI+0;14;transformed_atI+541;15;transformationsL0;13;parent_objectS0;","e343c315f1149539ba715635047afe86452aeabbc886d993f302273ba6959d60"
"proof.Kant.Handoff.logScript_serverless","Kant.Handoff.logScript_serverless","lean4","VALID","RequestProject/Kant/Handoff.lean","218","L0;","L0;","elaborated and checked by the Lean kernel","L1;S37;obj.Kant.Handoff.logScript_serverless","L1;S39;claim.Kant.Handoff.logScript_serverless","L0;","O4;4;kindS12;lean4-kernel6;digestS64;9bf38cb5b09576abe78352231558b7ec84f384e7c35e6ca15296b1d81570386a8;locationS32;RequestProject/Kant/Handoff.lean8;evidenceS15;MACHINE_CHECKED","RequestProject","O7;13;source_systemS5;lean411;source_fileS32;RequestProject/Kant/Handoff.lean13;source_formatS4;text11;imported_atI+0;14;transformed_atI+218;15;transformationsL0;13;parent_objectS0;","5da046f05335f733d3858179403044a0282f0e38c62f0259c24558194c122646"
"proof.Kant.Sheaf.Encoding.split.sizeOf_spec","Kant.Sheaf.Encoding.split.sizeOf_spec","lean4","VALID","RequestProject/Kant/Sheaf.lean","0","L0;","L0;","elaborated and checked by the Lean kernel","L1;S41;obj.Kant.Sheaf.Encoding.split.sizeOf_spec","L1;S43;claim.Kant.Sheaf.Encoding.split.sizeOf_spec","L0;","O4;4;kindS12;lean4-kernel6;digestS64;eb4f1f86bf65ab306c0db0d0ee364563e70a0fa5bb6dc2569b82d27c0dc83e098;locationS30;RequestProject/Kant/Sheaf.lean8;evidenceS15;MACHINE_CHECKED","RequestProject","O7;13;source_systemS5;lean411;source_fileS30;RequestProject/Kant/Sheaf.lean13;source_formatS4;text11;imported_atI+0;14;transformed_atI+0;15;transformationsL0;13;parent_objectS0;","49a3fcd3e1101f8dc6c8e2a2390895bacd82b4d977dbd9675a4371b41d281194"
"proof.Kant.Dom.readTable.eq_1","Kant.Dom.readTable.eq_1","lean4","VALID","RequestProject/Kant/Domain/Table.lean","0","L0;","L0;","elaborated and checked by the Lean kernel","L1;S27;obj.Kant.Dom.readTable.eq_1","L1;S29;claim.Kant.Dom.readTable.eq_1","L0;","O4;4;kindS12;lean4-kernel6;digestS64;855bca9084a4fbf97ecaa3a6d8977b7a08920fa76019ab3bdf6c4828a1fa0ec48;locationS37;RequestProject/Kant/Domain/Table.lean8;evidenceS15;MACHINE_CHECKED","RequestProject","O7;13;source_systemS5;lean411;source_fileS37;RequestProject/Kant/Domain/Table.lean13;source_formatS4;text11;imported_atI+0;14;transformed_atI+0;15;transformationsL0;13;parent_objectS0;","99343b8f47df25429cd574f8446e07c5158d7631e45982bc8b31da8af4ac143f"
"proof.Kant.SiteCard.takeWhile_append_sep","Kant.SiteCard.takeWhile_append_sep","lean4","VALID","RequestProject/Kant/SiteCard.lean","481","L0;","L0;","elaborated and checked by the Lean kernel","L1;S38;obj.Kant.SiteCard.takeWhile_append_sep","L1;S40;claim.Kant.SiteCard.takeWhile_append_sep","L0;","O4;4;kindS12;lean4-kernel6;digestS64;95045d2aeb6548c68919133d53b424512b4c32964cbda53010dc5b6013ee2a2b8;locationS33;RequestProject/Kant/SiteCard.lean8;evidenceS15;MACHINE_CHECKED","RequestProject","O7;13;source_systemS5;lean411;source_fileS33;RequestProject/Kant/SiteCard.lean13;source_formatS4;text11;imported_atI+0;14;transformed_atI+481;15;transformationsL0;13;parent_objectS0;","211b52f96deee58ee697a226d941f7515244a44f606ce7087338c62af835bacb"
"proof.Kant.CodeMovie.rleEncode.eq_2","Kant.CodeMovie.rleEncode.eq_2","lean4","VALID","RequestProject/Kant/CodeMovie.lean","0","L0;","L0;","elaborated and checked by the Lean kernel","L1;S33;obj.Kant.CodeMovie.rleEncode.eq_2","L1;S35;claim.Kant.CodeMovie.rleEncode.eq_2","L0;","O4;4;kindS12;lean4-kernel6;digestS64;f46fae110fa17d8bd1f0eab5f59452a4f41f0e09185d53a108e54bfc6280e3128;locationS34;RequestProject/Kant/CodeMovie.lean8;evidenceS15;MACHINE_CHECKED","RequestProject","O7;13;source_systemS5;lean411;source_fileS34;RequestProject/Kant/CodeMovie.lean13;source_formatS4;text11;imported_atI+0;14;transformed_atI+0;15;transformationsL0;13;parent_objectS0;","9d2de097c7f73606e74008e4ccbf5fb9d3faa744f6609a60cf4555a2c95e7213"
"proof.Kant.Wasm.Kernel.eval_lsbExtractE","Kant.Wasm.Kernel.eval_lsbExtractE","lean4","VALID","RequestProject/Wasm/KernelSpec.lean","271","L1;S32;obj.Kant.Wasm.Kernel.lsbExtractE","L0;","elaborated and checked by the Lean kernel","L1;S37;obj.Kant.Wasm.Kernel.eval_lsbExtractE","L1;S39;claim.Kant.Wasm.Kernel.eval_lsbExtractE","L1;S34;proof.Kant.Wasm.Kernel.lsbExtractE","O4;4;kindS12;lean4-kernel6;digestS64;db45e4b90d8cd1a09c357afefea8541f3458cefe2a04a68ea04d03c6044091d58;locationS35;RequestProject/Wasm/KernelSpec.lean8;evidenceS15;MACHINE_CHECKED","RequestProject","O7;13;source_systemS5;lean411;source_fileS35;RequestProject/Wasm/KernelSpec.lean13;source_formatS4;text11;imported_atI+0;14;transformed_atI+271;15;transformationsL0;13;parent_objectS0;","b62b295a5922a1151d6c7d48f182817249ab39ed0b43764ffb60b68aa8f487ac"
"proof.Kant.Sync.Source.libp2p.sizeOf_spec","Kant.Sync.Source.libp2p.sizeOf_spec","lean4","VALID","RequestProject/Kant/Sync.lean","0","L0;","L0;","elaborated and checked by the Lean kernel","L1;S39;obj.Kant.Sync.Source.libp2p.sizeOf_spec","L1;S41;claim.Kant.Sync.Source.libp2p.sizeOf_spec","L0;","O4;4;kindS12;lean4-kernel6;digestS64;bec5573c558c14792278473be4ada0366231d17063df5173265079b49fe1cf308;locationS29;RequestProject/Kant/Sync.lean8;evidenceS15;MACHINE_CHECKED","RequestProject","O7;13;source_systemS5;lean411;source_fileS29;RequestProject/Kant/Sync.lean13;source_formatS4;text11;imported_atI+0;14;transformed_atI+0;15;transformationsL0;13;parent_objectS0;","de0af79694df7ad646b62dfcfa7e8a5924cd12f25436641021922cc919ee5693"
"proof.Kant.Codec.pFields.eq_2","Kant.Codec.pFields.eq_2","lean4","VALID","RequestProject/Kant/Codec/Val.lean","0","L2;S28;obj.Kant.Codec.pList.match_1S27;obj.Kant.Codec.pVal.match_3","L0;","elaborated and checked by the Lean kernel","L1;S27;obj.Kant.Codec.pFields.eq_2","L1;S29;claim.Kant.Codec.pFields.eq_2","L2;S30;proof.Kant.Codec.pList.match_1S29;proof.Kant.Codec.pVal.match_3","O4;4;kindS12;lean4-kernel6;digestS64;7329cf219e2f52b38fddc74869927ba4ccd02274a007a969a1d4b863532c66f28;locationS34;RequestProject/Kant/Codec/Val.lean8;evidenceS15;MACHINE_CHECKED","RequestProject","O7;13;source_systemS5;lean411;source_fileS34;RequestProject/Kant/Codec/Val.lean13;source_formatS4;text11;imported_atI+0;14;transformed_atI+0;15;transformationsL0;13;parent_objectS0;","42f66d345e7bf39ef722fa1b4c38daf1413d3b6631b7ccb865091aec72c5e70b"
"proof.Kant.Onboarding.Task.sayHello.sizeOf_spec","Kant.Onboarding.Task.sayHello.sizeOf_spec","lean4","VALID","RequestProject/Kant/Onboarding.lean","0","L0;","L0;","elaborated and checked by the Lean kernel","L1;S45;obj.Kant.Onboarding.Task.sayHello.sizeOf_spec","L1;S47;claim.Kant.Onboarding.Task.sayHello.sizeOf_spec","L0;","O4;4;kindS12;lean4-kernel6;digestS64;7e5a80dd8b0c2bba18bf6c17a7f1d39df7e7c85db7ed8574d430f379b97617578;locationS35;RequestProject/Kant/Onboarding.lean8;evidenceS15;MACHINE_CHECKED","RequestProject","O7;13;source_systemS5;lean411;source_fileS35;RequestProject/Kant/Onboarding.lean13;source_formatS4;text11;imported_atI+0;14;transformed_atI+0;15;transformationsL0;13;parent_objectS0;","7ab160a9be5011223fc333097b15ef453e89c142fe8e0c5c21ddac37a86e15ff"
"proof.Kant.Wasm.Kernel.eval_cantorPairE","Kant.Wasm.Kernel.eval_cantorPairE","lean4","VALID","RequestProject/Wasm/KernelSpec.lean","135","L1;S25;obj.Kant.Wasm.CmpOp.apply","L0;","elaborated and checked by the Lean kernel","L1;S37;obj.Kant.Wasm.Kernel.eval_cantorPairE","L1;S39;claim.Kant.Wasm.Kernel.eval_cantorPairE","L1;S27;proof.Kant.Wasm.CmpOp.apply","O4;4;kindS12;lean4-kernel6;digestS64;3c76d449d54a3718757bc5c8ab3004d75a8306f49018494670d2168d8ea55fbd8;locationS35;RequestProject/Wasm/KernelSpec.lean8;evidenceS15;MACHINE_CHECKED","RequestProject","O7;13;source_systemS5;lean411;source_fileS35;RequestProject/Wasm/KernelSpec.lean13;source_formatS4;text11;imported_atI+0;14;transformed_atI+135;15;transformationsL0;13;parent_objectS0;","ea0c4c810c5a96a20ec405b6d4cb4285a5e1458748fb369cecd8c48d49fdd77f"
"proof.Kant.Codec.Verdict.different.sizeOf_spec","Kant.Codec.Verdict.different.sizeOf_spec","lean4","VALID","RequestProject/Kant/Codec/Reconcile.lean","0","L0;","L0;","elaborated and checked by the Lean kernel","L1;S44;obj.Kant.Codec.Verdict.different.sizeOf_spec","L1;S46;claim.Kant.Codec.Verdict.different.sizeOf_spec","L0;","O4;4;kindS12;lean4-kernel6;digestS64;7189462e037392f3491ec09f104f7c00ac715b16fea53c9956ac45136f0654268;locationS40;RequestProject/Kant/Codec/Reconcile.lean8;evidenceS15;MACHINE_CHECKED","RequestProject","O7;13;source_systemS5;lean411;source_fileS40;RequestProject/Kant/Codec/Reconcile.lean13;source_formatS4;text11;imported_atI+0;14;transformed_atI+0;15;transformationsL0;13;parent_objectS0;","b50a2eb055daa695aa52b461b34a8de2a0ee6a0f46838c6f940c39a4a7baa23c"
"proof.Kant.Codec.xFields.eq_def","Kant.Codec.xFields.eq_def","lean4","VALID","RequestProject/Kant/Codec/Xml.lean","0","L1;S26;obj.Kant.Codec.xEntryClose","L0;","elaborated and checked by the Lean kernel","L1;S29;obj.Kant.Codec.xFields.eq_def","L1;S31;claim.Kant.Codec.xFields.eq_def","L1;S28;proof.Kant.Codec.xEntryClose","O4;4;kindS12;lean4-kernel6;digestS64;850ba841b9ebb5986bcbb8acf0d5ac47437eb9b165230016fb18d82f6ccfbbbd8;locationS34;RequestProject/Kant/Codec/Xml.lean8;evidenceS15;MACHINE_CHECKED","RequestProject","O7;13;source_systemS5;lean411;source_fileS34;RequestProject/Kant/Codec/Xml.lean13;source_formatS4;text11;imported_atI+0;14;transformed_atI+0;15;transformationsL0;13;parent_objectS0;","c16418c7d78fd8e4147af45368572777426ae865186d790a9fb2f35d38575d9d"
"proof.Kant.Sheaf.eigenSpace_primes_partition","Kant.Sheaf.eigenSpace_primes_partition","lean4","VALID","RequestProject/Kant/Sheaf.lean","76","L0;","L0;","elaborated and checked by the Lean kernel","L1;S42;obj.Kant.Sheaf.eigenSpace_primes_partition","L1;S44;claim.Kant.Sheaf.eigenSpace_primes_partition","L0;","O4;4;kindS12;lean4-kernel6;digestS64;d7f839e63dc92ff50a2609559bc5f1f2aa272283fc2d3f731d6f3b909aada5188;locationS30;RequestProject/Kant/Sheaf.lean8;evidenceS15;MACHINE_CHECKED","RequestProject","O7;13;source_systemS5;lean411;source_fileS30;RequestProject/Kant/Sheaf.lean13;source_formatS4;text11;imported_atI+0;14;transformed_atI+76;15;transformationsL0;13;parent_objectS0;","c2c15b42165ea4262b57a5d3501ff2f9ae77cc6646d853403d99c9fdf7892813"
"proof.Kant.CardDebug.userPageLink_classify","Kant.CardDebug.userPageLink_classify","lean4","VALID","RequestProject/Kant/CardDebug.lean","415","L0;","L0;","elaborated and checked by the Lean kernel","L1;S40;obj.Kant.CardDebug.userPageLink_classify","L1;S42;claim.Kant.CardDebug.userPageLink_classify","L0;","O4;4;kindS12;lean4-kernel6;digestS64;8bf07546bb87b13a98101a885c45e58da41c9fe735e01c1488ce9522bd0fb9e78;locationS34;RequestProject/Kant/CardDebug.lean8;evidenceS15;MACHINE_CHECKED","RequestProject","O7;13;source_systemS5;lean411;source_fileS34;RequestProject/Kant/CardDebug.lean13;source_formatS4;text11;imported_atI+0;14;transformed_atI+415;15;transformationsL0;13;parent_objectS0;","715945f9d53aa64a5e071984e06dd3dd5d8ef31b936cefa4c52ed3d7e18eb5b7"
"proof.Kant.Codec.readRowVal.eq_def","Kant.Codec.readRowVal.eq_def","lean4","VALID","RequestProject/Kant/Codec/Csv.lean","0","L0;","L0;","elaborated and checked by the Lean kernel","L1;S32;obj.Kant.Codec.readRowVal.eq_def","L1;S34;claim.Kant.Codec.readRowVal.eq_def","L0;","O4;4;kindS12;lean4-kernel6;digestS64;3e229b805c4e9d00fa3a723d2e6969d7e9cc9eaee373e87eb7cc4eecdb8ed72d8;locationS34;RequestProject/Kant/Codec/Csv.lean8;evidenceS15;MACHINE_CHECKED","RequestProject","O7;13;source_systemS5;lean411;source_fileS34;RequestProject/Kant/Codec/Csv.lean13;source_formatS4;text11;imported_atI+0;14;transformed_atI+0;15;transformationsL0;13;parent_objectS0;","d352633339e5c0fb05240c5e4ae749e8176ffed05bac772194402def45e6638e"
"proof.Kant.Uucp.Site.get_put_self","Kant.Uucp.Site.get_put_self","lean4","VALID","RequestProject/Kant/Uucp.lean","737","L1;S22;obj.Kant.Uucp.Site.put","L0;","elaborated and checked by the Lean kernel","L1;S31;obj.Kant.Uucp.Site.get_put_self","L1;S33;claim.Kant.Uucp.Site.get_put_self","L1;S24;proof.Kant.Uucp.Site.put","O4;4;kindS12;lean4-kernel6;digestS64;c41cb442128392ce5a321da4e3a8c09d43c40286cc2619e0b3520696da931c278;locationS29;RequestProject/Kant/Uucp.lean8;evidenceS15;MACHINE_CHECKED","RequestProject","O7;13;source_systemS5;lean411;source_fileS29;RequestProject/Kant/Uucp.lean13;source_formatS4;text11;imported_atI+0;14;transformed_atI+737;15;transformationsL0;13;parent_objectS0;","054a1f88452e503f97589a840bf6f11ca9203ea7392e28859c40b45dc78673e2"
"proof.Kant.Sync.Source.localDisk.sizeOf_spec","Kant.Sync.Source.localDisk.sizeOf_spec","lean4","VALID","RequestProject/Kant/Sync.lean","0","L0;","L0;","elaborated and checked by the Lean kernel","L1;S42;obj.Kant.Sync.Source.localDisk.sizeOf_spec","L1;S44;claim.Kant.Sync.Source.localDisk.sizeOf_spec","L0;","O4;4;kindS12;lean4-kernel6;digestS64;dc9d82ece221b44818c55c16fde427db04cd0dcac568f76e03d582c36a9c70018;locationS29;RequestProject/Kant/Sync.lean8;evidenceS15;MACHINE_CHECKED","RequestProject","O7;13;source_systemS5;lean411;source_fileS29;RequestProject/Kant/Sync.lean13;source_formatS4;text11;imported_atI+0;14;transformed_atI+0;15;transformationsL0;13;parent_objectS0;","34eb3e4ce544d820665f4c1184685ec37c46ffdfe64a4ea6f87bbb77030921c9"
"proof.Kant.ShareLog.postLog_idem","Kant.ShareLog.postLog_idem","lean4","VALID","RequestProject/Kant/ShareLog.lean","158","L0;","L0;","elaborated and checked by the Lean kernel","L1;S30;obj.Kant.ShareLog.postLog_idem","L1;S32;claim.Kant.ShareLog.postLog_idem","L0;","O4;4;kindS12;lean4-kernel6;digestS64;e275b067a5a37b0a827c4e43ce1292818886549f4bec00f4702111ef556f46c38;locationS33;RequestProject/Kant/ShareLog.lean8;evidenceS15;MACHINE_CHECKED","RequestProject","O7;13;source_systemS5;lean411;source_fileS33;RequestProject/Kant/ShareLog.lean13;source_formatS4;text11;imported_atI+0;14;transformed_atI+158;15;transformationsL0;13;parent_objectS0;","0dae43d4615e6af153d95651e0b2c0ae2386363bf1adf12b8b5b1714068520e8"
"proof.Kant.Rendezvous.meet_preserves","Kant.Rendezvous.meet_preserves","lean4","VALID","RequestProject/Kant/Rendezvous.lean","583","L0;","L0;","elaborated and checked by the Lean kernel","L1;S34;obj.Kant.Rendezvous.meet_preserves","L1;S36;claim.Kant.Rendezvous.meet_preserves","L0;","O4;4;kindS12;lean4-kernel6;digestS64;9e2fc9b4ba131c3a108d0c7c7c307bc517a98a7c63eb16f857bd585937a83fab8;locationS35;RequestProject/Kant/Rendezvous.lean8;evidenceS15;MACHINE_CHECKED","RequestProject","O7;13;source_systemS5;lean411;source_fileS35;RequestProject/Kant/Rendezvous.lean13;source_formatS4;text11;imported_atI+0;14;transformed_atI+583;15;transformationsL0;13;parent_objectS0;","3ea74e1b62696071e742e7a0dc6a616ecf4567e7629ef8eb512b3185eefb4468"
"proof.Kant.Wasm.Decode.toRaw.eq_4","Kant.Wasm.Decode.toRaw.eq_4","lean4","VALID","RequestProject/Wasm/Decode.lean","0","L0;","L0;","elaborated and checked by the Lean kernel","L1;S31;obj.Kant.Wasm.Decode.toRaw.eq_4","L1;S33;claim.Kant.Wasm.Decode.toRaw.eq_4","L0;","O4;4;kindS12;lean4-kernel6;digestS64;c3b893ebe400b397f60afaa2793aefe885c7ea60fe311a25d493c0302fd4363e8;locationS31;RequestProject/Wasm/Decode.lean8;evidenceS15;MACHINE_CHECKED","RequestProject","O7;13;source_systemS5;lean411;source_fileS31;RequestProject/Wasm/Decode.lean13;source_formatS4;text11;imported_atI+0;14;transformed_atI+0;15;transformationsL0;13;parent_objectS0;","6bea82d0fb9c5f7cc9b7d0fcb74f87bff82c9da692b54f42e34cb47e96a16305"
"proof.Kant.Dasl.mergeCids_comm","Kant.Dasl.mergeCids_comm","lean4","VALID","RequestProject/Kant/Dasl.lean","350","L0;","L0;","elaborated and checked by the Lean kernel","L1;S28;obj.Kant.Dasl.mergeCids_comm","L1;S30;claim.Kant.Dasl.mergeCids_comm","L0;","O4;4;kindS12;lean4-kernel6;digestS64;4d11db13d16e08ea924bfeef1bf4ed59ef274982b8a78cd49bcb6b12fdf5737b8;locationS29;RequestProject/Kant/Dasl.lean8;evidenceS15;MACHINE_CHECKED","RequestProject","O7;13;source_systemS5;lean411;source_fileS29;RequestProject/Kant/Dasl.lean13;source_formatS4;text11;imported_atI+0;14;transformed_atI+350;15;transformationsL0;13;parent_objectS0;","cd5642b9b86fa950167ae63ba05435b3fe403f1822534ed64d0ef897303a59b9"
"proof.Kant.Wasm.Decode.exportDec_export","Kant.Wasm.Decode.exportDec_export","lean4","VALID","RequestProject/Wasm/Decode.lean","242","L1;S34;obj.Kant.Wasm.Decode.bytesN_append","L0;","elaborated and checked by the Lean kernel","L1;S37;obj.Kant.Wasm.Decode.exportDec_export","L1;S39;claim.Kant.Wasm.Decode.exportDec_export","L1;S36;proof.Kant.Wasm.Decode.bytesN_append","O4;4;kindS12;lean4-kernel6;digestS64;2387c5e5dbf7271162da2c94384b697ae7f1ff76be274dd36b17c635b4bb2f448;locationS31;RequestProject/Wasm/Decode.lean8;evidenceS15;MACHINE_CHECKED","RequestProject","O7;13;source_systemS5;lean411;source_fileS31;RequestProject/Wasm/Decode.lean13;source_formatS4;text11;imported_atI+0;14;transformed_atI+242;15;transformationsL0;13;parent_objectS0;","7c1c7281a961def1728fd0192d88d54e752589da0b6a916b0730645e4e84abc8"
"proof.Kant.Wasm.BinOp.apply.eq_10","Kant.Wasm.BinOp.apply.eq_10","lean4","VALID","RequestProject/Wasm/Semantics.lean","0","L0;","L0;","elaborated and checked by the Lean kernel","L1;S31;obj.Kant.Wasm.BinOp.apply.eq_10","L1;S33;claim.Kant.Wasm.BinOp.apply.eq_10","L0;","O4;4;kindS12;lean4-kernel6;digestS64;745d7e772f15b277247ae3cfed60c3e8462a1e236816870d423b57ab542d9d368;locationS34;RequestProject/Wasm/Semantics.lean8;evidenceS15;MACHINE_CHECKED","RequestProject","O7;13;source_systemS5;lean411;source_fileS34;RequestProject/Wasm/Semantics.lean13;source_formatS4;text11;imported_atI+0;14;transformed_atI+0;15;transformationsL0;13;parent_objectS0;","a028fa9a66fae344e4b49e202b178617a78ad77483d2c26a951a11a296a2983d"
"proof.Kant.Diagnostics.toEvent.eq_1","Kant.Diagnostics.toEvent.eq_1","lean4","VALID","RequestProject/Kant/Diagnostics.lean","0","L2;S26;obj.Kant.Diagnostics.EventS31;obj.Kant.Clipboard.Envelope.tag","L0;","elaborated and checked by the Lean kernel","L1;S33;obj.Kant.Diagnostics.toEvent.eq_1","L1;S35;claim.Kant.Diagnostics.toEvent.eq_1","L2;S28;proof.Kant.Diagnostics.EventS33;proof.Kant.Clipboard.Envelope.tag","O4;4;kindS12;lean4-kernel6;digestS64;58be47efdbbacd5271b578e375e350b9ae61d173122eb034da61973a90c613238;locationS36;RequestProject/Kant/Diagnostics.lean8;evidenceS15;MACHINE_CHECKED","RequestProject","O7;13;source_systemS5;lean411;source_fileS36;RequestProject/Kant/Diagnostics.lean13;source_formatS4;text11;imported_atI+0;14;transformed_atI+0;15;transformationsL0;13;parent_objectS0;","475f06b429d83bf68676236b7953622906f90a24b159b21039823ec447815c43"
"proof.Kant.Wasm.Kernel.dual47E.eq_1","Kant.Wasm.Kernel.dual47E.eq_1","lean4","VALID","RequestProject/Wasm/KernelSpec.lean","0","L0;","L0;","elaborated and checked by the Lean kernel","L1;S33;obj.Kant.Wasm.Kernel.dual47E.eq_1","L1;S35;claim.Kant.Wasm.Kernel.dual47E.eq_1","L0;","O4;4;kindS12;lean4-kernel6;digestS64;e84e355174f2514b70dfc00b6ffbedc803a1e8ea57fbe911cf45532f5ec1ed8e8;locationS35;RequestProject/Wasm/KernelSpec.lean8;evidenceS15;MACHINE_CHECKED","RequestProject","O7;13;source_systemS5;lean411;source_fileS35;RequestProject/Wasm/KernelSpec.lean13;source_formatS4;text11;imported_atI+0;14;transformed_atI+0;15;transformationsL0;13;parent_objectS0;","54be178994ff1e6b5e0c2ff64b95fd483e64eb915b5369310793db270fdab28e"
"proof.Kant.Sneakernet.Channel.svg.sizeOf_spec","Kant.Sneakernet.Channel.svg.sizeOf_spec","lean4","VALID","RequestProject/Kant/Sneakernet.lean","0","L0;","L0;","elaborated and checked by the Lean kernel","L1;S43;obj.Kant.Sneakernet.Channel.svg.sizeOf_spec","L1;S45;claim.Kant.Sneakernet.Channel.svg.sizeOf_spec","L0;","O4;4;kindS12;lean4-kernel6;digestS64;52506b8a2217618e86db6c3dd867fa21116aeccc0d13e368ca6d02baf8e9c97b8;locationS35;RequestProject/Kant/Sneakernet.lean8;evidenceS15;MACHINE_CHECKED","RequestProject","O7;13;source_systemS5;lean411;source_fileS35;RequestProject/Kant/Sneakernet.lean13;source_formatS4;text11;imported_atI+0;14;transformed_atI+0;15;transformationsL0;13;parent_objectS0;","df7e25bf20be490b9d51af672981f68895efd2943e835111a2ac2b223f8bae0e"
"proof.Kant.Rendezvous.bestOf_max","Kant.Rendezvous.bestOf_max","lean4","VALID","RequestProject/Kant/Rendezvous.lean","313","L1;S38;obj.Kant.Rendezvous.bestOf_eq_none_iff","L0;","elaborated and checked by the Lean kernel","L1;S30;obj.Kant.Rendezvous.bestOf_max","L1;S32;claim.Kant.Rendezvous.bestOf_max","L1;S40;proof.Kant.Rendezvous.bestOf_eq_none_iff","O4;4;kindS12;lean4-kernel6;digestS64;831c581c035a91974a5b2ed491241334a19e8540b417b06dd4a5b3bab23bdc7a8;locationS35;RequestProject/Kant/Rendezvous.lean8;evidenceS15;MACHINE_CHECKED","RequestProject","O7;13;source_systemS5;lean411;source_fileS35;RequestProject/Kant/Rendezvous.lean13;source_formatS4;text11;imported_atI+0;14;transformed_atI+313;15;transformationsL0;13;parent_objectS0;","0a95dc90b66c90990fbd55b43344efd67cf1b9af053e8053128b4b926fa89d90"
"proof.Kant.Codec.embedFields.eq_1","Kant.Codec.embedFields.eq_1","lean4","VALID","RequestProject/Kant/Codec/Ipdl.lean","0","L0;","L0;","elaborated and checked by the Lean kernel","L1;S31;obj.Kant.Codec.embedFields.eq_1","L1;S33;claim.Kant.Codec.embedFields.eq_1","L0;","O4;4;kindS12;lean4-kernel6;digestS64;05ce60f1c067aec7d5cdd92fe82ea7848eccdfb25039b88d221e2033c408644a8;locationS35;RequestProject/Kant/Codec/Ipdl.lean8;evidenceS15;MACHINE_CHECKED","RequestProject","O7;13;source_systemS5;lean411;source_fileS35;RequestProject/Kant/Codec/Ipdl.lean13;source_formatS4;text11;imported_atI+0;14;transformed_atI+0;15;transformationsL0;13;parent_objectS0;","ac692544769eb7e7e8498541b0b1bb44326585badca9876d7f61e9d06302c24a"
"proof.Kant.Uucp.relay_keeps_current","Kant.Uucp.relay_keeps_current","lean4","VALID","RequestProject/Kant/Uucp.lean","642","L3;S21;obj.Kant.Relay.ServerS18;obj.Kant.Uucp.NodeS32;obj.Kant.Relay.Server.fetch_zero","L0;","elaborated and checked by the Lean kernel","L1;S33;obj.Kant.Uucp.relay_keeps_current","L1;S35;claim.Kant.Uucp.relay_keeps_current","L3;S23;proof.Kant.Relay.ServerS20;proof.Kant.Uucp.NodeS34;proof.Kant.Relay.Server.fetch_zero","O4;4;kindS12;lean4-kernel6;digestS64;e616f1f4253332ca35f3cd42da55d2c9047648fef764443ca7fd23e2b8d594b38;locationS29;RequestProject/Kant/Uucp.lean8;evidenceS15;MACHINE_CHECKED","RequestProject","O7;13;source_systemS5;lean411;source_fileS29;RequestProject/Kant/Uucp.lean13;source_formatS4;text11;imported_atI+0;14;transformed_atI+642;15;transformationsL0;13;parent_objectS0;","7454c37043ad3f4ce832a3629588a4ef448fd33d163e5692103be2263fab15b5"
"proof.Kant.SiteCard.splitCh.eq_1","Kant.SiteCard.splitCh.eq_1","lean4","VALID","RequestProject/Kant/SiteCard.lean","0","L0;","L0;","elaborated and checked by the Lean kernel","L1;S30;obj.Kant.SiteCard.splitCh.eq_1","L1;S32;claim.Kant.SiteCard.splitCh.eq_1","L0;","O4;4;kindS12;lean4-kernel6;digestS64;75fdf00a32889667ceb21a5742fd8628094072985014825507008cd90076763e8;locationS33;RequestProject/Kant/SiteCard.lean8;evidenceS15;MACHINE_CHECKED","RequestProject","O7;13;source_systemS5;lean411;source_fileS33;RequestProject/Kant/SiteCard.lean13;source_formatS4;text11;imported_atI+0;14;transformed_atI+0;15;transformationsL0;13;parent_objectS0;","2df0384288b796119207b03ba926eb8e950c7a1af75bf18b61981fe78ad96888"
"proof.Kant.Codec.xmlEncFields.eq_2","Kant.Codec.xmlEncFields.eq_2","lean4","VALID","RequestProject/Kant/Codec/Xml.lean","0","L1;S26;obj.Kant.Codec.xEntryClose","L0;","elaborated and checked by the Lean kernel","L1;S32;obj.Kant.Codec.xmlEncFields.eq_2","L1;S34;claim.Kant.Codec.xmlEncFields.eq_2","L1;S28;proof.Kant.Codec.xEntryClose","O4;4;kindS12;lean4-kernel6;digestS64;eead10ff6db7e3147024ac9c95655d33db7273b52d2bd8b2dc6bc49d4bfd62098;locationS34;RequestProject/Kant/Codec/Xml.lean8;evidenceS15;MACHINE_CHECKED","RequestProject","O7;13;source_systemS5;lean411;source_fileS34;RequestProject/Kant/Codec/Xml.lean13;source_formatS4;text11;imported_atI+0;14;transformed_atI+0;15;transformationsL0;13;parent_objectS0;","d61feee7543c19ad1776bfb480fec9ba80698c19196e58871ce9aa08f042bf14"
"proof.Kant.Codec.canonEnc_head","Kant.Codec.canonEnc_head","lean4","VALID","RequestProject/Kant/Codec/RawText.lean","150","L0;","L0;","elaborated and checked by the Lean kernel","L1;S28;obj.Kant.Codec.canonEnc_head","L1;S30;claim.Kant.Codec.canonEnc_head","L0;","O4;4;kindS12;lean4-kernel6;digestS64;4a12fb2df411964a99bf6837bcf43d194bf8dea4699a4d1495ac805c5acc1fcb8;locationS38;RequestProject/Kant/Codec/RawText.lean8;evidenceS15;MACHINE_CHECKED","RequestProject","O7;13;source_systemS5;lean411;source_fileS38;RequestProject/Kant/Codec/RawText.lean13;source_formatS4;text11;imported_atI+0;14;transformed_atI+150;15;transformationsL0;13;parent_objectS0;","e8e62cfec5a6962c798e990faea1a33f359f014cf13fe452ee9e0b0c93967365"
"proof.Kant.Dom.data_to_proof","Kant.Dom.data_to_proof","lean4","VALID","RequestProject/Kant/Domain/Ledger.lean","341","L1;S32;obj.Kant.Dom.ProofRec.outputRefs","L0;","elaborated and checked by the Lean kernel","L1;S26;obj.Kant.Dom.data_to_proof","L1;S28;claim.Kant.Dom.data_to_proof","L1;S34;proof.Kant.Dom.ProofRec.outputRefs","O4;4;kindS12;lean4-kernel6;digestS64;5a7d41a3f8d912dd7468a33a86a95a962e33332c7b30324b5be3221ed25323a48;locationS38;RequestProject/Kant/Domain/Ledger.lean8;evidenceS15;MACHINE_CHECKED","RequestProject","O7;13;source_systemS5;lean411;source_fileS38;RequestProject/Kant/Domain/Ledger.lean13;source_formatS4;text11;imported_atI+0;14;transformed_atI+341;15;transformationsL0;13;parent_objectS0;","bdf8b895f8ecd84500c755a2269c14f292266b84774dd8df6d0f4cef96d71a0c"
"proof.Kant.Connectivity.effectiveRelay_configured","Kant.Connectivity.effectiveRelay_configured","lean4","VALID","RequestProject/Kant/Connectivity.lean","68","L0;","L0;","elaborated and checked by the Lean kernel","L1;S47;obj.Kant.Connectivity.effectiveRelay_configured","L1;S49;claim.Kant.Connectivity.effectiveRelay_configured","L0;","O4;4;kindS12;lean4-kernel6;digestS64;0c439c411425db706b7697ce3af4452310b8f4bbd264431a9aaf3546ffa0aac58;locationS37;RequestProject/Kant/Connectivity.lean8;evidenceS15;MACHINE_CHECKED","RequestProject","O7;13;source_systemS5;lean411;source_fileS37;RequestProject/Kant/Connectivity.lean13;source_formatS4;text11;imported_atI+0;14;transformed_atI+68;15;transformationsL0;13;parent_objectS0;","7ed8ead138718edaa56abed154ddd9dd7384ecaa6f6e071435123d72f6470e97"
"proof.Kant.Cli.meet.eq_1","Kant.Cli.meet.eq_1","lean4","VALID","RequestProject/Kant/Cli.lean","0","L2;S21;obj.Kant.Relay.ServerS19;obj.Kant.Cli.Client","L0;","elaborated and checked by the Lean kernel","L1;S22;obj.Kant.Cli.meet.eq_1","L1;S24;claim.Kant.Cli.meet.eq_1","L2;S23;proof.Kant.Relay.ServerS21;proof.Kant.Cli.Client","O4;4;kindS12;lean4-kernel6;digestS64;749e8a3b5f400fd7126a26f8dfaee6a0f68c6fcaf229e225caf6420338b691b68;locationS28;RequestProject/Kant/Cli.lean8;evidenceS15;MACHINE_CHECKED","RequestProject","O7;13;source_systemS5;lean411;source_fileS28;RequestProject/Kant/Cli.lean13;source_formatS4;text11;imported_atI+0;14;transformed_atI+0;15;transformationsL0;13;parent_objectS0;","f5f50477baa0986e522ae5d202d94bc133ac8778f4745a888b04320f3f47e6db"
"proof.Kant.Wasm.Encode.funcType.eq_1","Kant.Wasm.Encode.funcType.eq_1","lean4","VALID","RequestProject/Wasm/Decode.lean","0","L0;","L0;","elaborated and checked by the Lean kernel","L1;S34;obj.Kant.Wasm.Encode.funcType.eq_1","L1;S36;claim.Kant.Wasm.Encode.funcType.eq_1","L0;","O4;4;kindS12;lean4-kernel6;digestS64;2e3a7e676c88709c47007a945cd0647b79d04379980a154ae6142fba1f3cb5318;locationS31;RequestProject/Wasm/Decode.lean8;evidenceS15;MACHINE_CHECKED","RequestProject","O7;13;source_systemS5;lean411;source_fileS31;RequestProject/Wasm/Decode.lean13;source_formatS4;text11;imported_atI+0;14;transformed_atI+0;15;transformationsL0;13;parent_objectS0;","f0edf0738402f2a10b7e9dcb85fc8c3ed8b140cfa105ee9b3e630ed28d55d438"
"proof.Kant.Dom.derived_proves","Kant.Dom.derived_proves","lean4","VALID","RequestProject/Kant/Domain/Ledger.lean","400","L1;S32;obj.Kant.Dom.ProofRec.outputRefs","L0;","elaborated and checked by the Lean kernel","L1;S27;obj.Kant.Dom.derived_proves","L1;S29;claim.Kant.Dom.derived_proves","L1;S34;proof.Kant.Dom.ProofRec.outputRefs","O4;4;kindS12;lean4-kernel6;digestS64;9bad7c244a9f46bf87a8f8f2502df95425a716cfb1ee8fd58228156cb8b6bfda8;locationS38;RequestProject/Kant/Domain/Ledger.lean8;evidenceS15;MACHINE_CHECKED","RequestProject","O7;13;source_systemS5;lean411;source_fileS38;RequestProject/Kant/Domain/Ledger.lean13;source_formatS4;text11;imported_atI+0;14;transformed_atI+400;15;transformationsL0;13;parent_objectS0;","9cf64e121d838ce321b19d9785b56df03f997d0fb0686f0967da24c2fc96eb16"
"proof.Kant.Cli.Client.mk.injEq","Kant.Cli.Client.mk.injEq","lean4","VALID","RequestProject/Kant/Cli.lean","0","L1;S19;obj.Kant.Cli.Client","L0;","elaborated and checked by the Lean kernel","L1;S28;obj.Kant.Cli.Client.mk.injEq","L1;S30;claim.Kant.Cli.Client.mk.injEq","L1;S21;proof.Kant.Cli.Client","O4;4;kindS12;lean4-kernel6;digestS64;344a7e5c4d1d77767803504ff30d74ed44847d41796c3f0001a133ca83316b3f8;locationS28;RequestProject/Kant/Cli.lean8;evidenceS15;MACHINE_CHECKED","RequestProject","O7;13;source_systemS5;lean411;source_fileS28;RequestProject/Kant/Cli.lean13;source_formatS4;text11;imported_atI+0;14;transformed_atI+0;15;transformationsL0;13;parent_objectS0;","218c198cc81db7c2359b3dc8b0457235c33b0d814957705c32d64aead5ce204f"
"proof.Kant.Dasl.daslHex_length","Kant.Dasl.daslHex_length","lean4","VALID","RequestProject/Kant/Dasl.lean","418","L0;","L0;","elaborated and checked by the Lean kernel","L1;S28;obj.Kant.Dasl.daslHex_length","L1;S30;claim.Kant.Dasl.daslHex_length","L0;","O4;4;kindS12;lean4-kernel6;digestS64;c29b5e379cede64d2e849f624b5fe9f6c24c8321fe64a7df5d1df79d3583ed408;locationS29;RequestProject/Kant/Dasl.lean8;evidenceS15;MACHINE_CHECKED","RequestProject","O7;13;source_systemS5;lean411;source_fileS29;RequestProject/Kant/Dasl.lean13;source_formatS4;text11;imported_atI+0;14;transformed_atI+418;15;transformationsL0;13;parent_objectS0;","7cf0a9d7fb70a0b04b5ae360d2c4bd934a31b2b0588066f60d8df420e3b7e059"
"proof.Kant.Wasm.Decode.tag.eq_1","Kant.Wasm.Decode.tag.eq_1","lean4","VALID","RequestProject/Wasm/Decode.lean","0","L0;","L0;","elaborated and checked by the Lean kernel","L1;S29;obj.Kant.Wasm.Decode.tag.eq_1","L1;S31;claim.Kant.Wasm.Decode.tag.eq_1","L0;","O4;4;kindS12;lean4-kernel6;digestS64;833a8a30a21881beeecc21f25079c2151d7a8976f5f7f3e0dafe5f71b977571f8;locationS31;RequestProject/Wasm/Decode.lean8;evidenceS15;MACHINE_CHECKED","RequestProject","O7;13;source_systemS5;lean411;source_fileS31;RequestProject/Wasm/Decode.lean13;source_formatS4;text11;imported_atI+0;14;transformed_atI+0;15;transformationsL0;13;parent_objectS0;","4d5ec4caba866b098383101e7cbe3f06589e3c57558451c389803baaff220040"
"proof.Kant.Wasm.Kernel.hexDigitOf.eq_1","Kant.Wasm.Kernel.hexDigitOf.eq_1","lean4","VALID","RequestProject/Wasm/KernelSpec.lean","0","L0;","L0;","elaborated and checked by the Lean kernel","L1;S36;obj.Kant.Wasm.Kernel.hexDigitOf.eq_1","L1;S38;claim.Kant.Wasm.Kernel.hexDigitOf.eq_1","L0;","O4;4;kindS12;lean4-kernel6;digestS64;2afcf16e302c735bbfaf13b7f0186ddc7483b70528cb36d10b18855a0299ab1a8;locationS35;RequestProject/Wasm/KernelSpec.lean8;evidenceS15;MACHINE_CHECKED","RequestProject","O7;13;source_systemS5;lean411;source_fileS35;RequestProject/Wasm/KernelSpec.lean13;source_formatS4;text11;imported_atI+0;14;transformed_atI+0;15;transformationsL0;13;parent_objectS0;","951299509c4c54f61d6a7fcf37a69459795862423dc343b033dcecf700abc713"
"proof.Kant.Dom.decProv.eq_1","Kant.Dom.decProv.eq_1","lean4","VALID","RequestProject/Kant/Domain/Table.lean","0","L1;S26;obj.Kant.Codec.canonDecode","L0;","elaborated and checked by the Lean kernel","L1;S25;obj.Kant.Dom.decProv.eq_1","L1;S27;claim.Kant.Dom.decProv.eq_1","L1;S28;proof.Kant.Codec.canonDecode","O4;4;kindS12;lean4-kernel6;digestS64;bda577c75a37fe9e6b572b671113d2ed04d3f41240a266200b7f8f40056606d78;locationS37;RequestProject/Kant/Domain/Table.lean8;evidenceS15;MACHINE_CHECKED","RequestProject","O7;13;source_systemS5;lean411;source_fileS37;RequestProject/Kant/Domain/Table.lean13;source_formatS4;text11;imported_atI+0;14;transformed_atI+0;15;transformationsL0;13;parent_objectS0;","64fa59a3d0e5bb7639f333eaafad78b91b735c27d58e1930e9bb06c5333a0bf3"
"proof.Kant.PlainText.render.eq_1","Kant.PlainText.render.eq_1","lean4","VALID","RequestProject/Kant/PlainText.lean","0","L0;","L0;","elaborated and checked by the Lean kernel","L1;S30;obj.Kant.PlainText.render.eq_1","L1;S32;claim.Kant.PlainText.render.eq_1","L0;","O4;4;kindS12;lean4-kernel6;digestS64;ab92301d3ef0cf8a57dedf4ceed9a699416594d8f0e5cc0ca40693a5602680238;locationS34;RequestProject/Kant/PlainText.lean8;evidenceS15;MACHINE_CHECKED","RequestProject","O7;13;source_systemS5;lean411;source_fileS34;RequestProject/Kant/PlainText.lean13;source_formatS4;text11;imported_atI+0;14;transformed_atI+0;15;transformationsL0;13;parent_objectS0;","6875c9bda50028323508a7a93a6355c5a4b6765d6573d80ca82195d19800de1f"
"proof.Kant.CodeMovie.Circuit.and.injEq","Kant.CodeMovie.Circuit.and.injEq","lean4","VALID","RequestProject/Kant/CodeMovie.lean","0","L0;","L0;","elaborated and checked by the Lean kernel","L1;S36;obj.Kant.CodeMovie.Circuit.and.injEq","L1;S38;claim.Kant.CodeMovie.Circuit.and.injEq","L0;","O4;4;kindS12;lean4-kernel6;digestS64;7859f57d6357604cf3d0d406d1cbf3cb827594ed166ef2ca703a29415be5ac218;locationS34;RequestProject/Kant/CodeMovie.lean8;evidenceS15;MACHINE_CHECKED","RequestProject","O7;13;source_systemS5;lean411;source_fileS34;RequestProject/Kant/CodeMovie.lean13;source_formatS4;text11;imported_atI+0;14;transformed_atI+0;15;transformationsL0;13;parent_objectS0;","dc56b7045957c95c6080f5563c7d448fe7243bd4befde4023f7d503b13672635"
"proof.Kant.CardDebug.userCard_not_connectable","Kant.CardDebug.userCard_not_connectable","lean4","VALID","RequestProject/Kant/CardDebug.lean","400","L1;S27;obj.Kant.CardDebug.userCard","L0;","elaborated and checked by the Lean kernel","L1;S43;obj.Kant.CardDebug.userCard_not_connectable","L1;S45;claim.Kant.CardDebug.userCard_not_connectable","L1;S29;proof.Kant.CardDebug.userCard","O4;4;kindS12;lean4-kernel6;digestS64;60afb7df5e19e2ce43c30ba0b3b58f41f5bcba5d11a701e81663d27d6b8dacdb8;locationS34;RequestProject/Kant/CardDebug.lean8;evidenceS15;MACHINE_CHECKED","RequestProject","O7;13;source_systemS5;lean411;source_fileS34;RequestProject/Kant/CardDebug.lean13;source_formatS4;text11;imported_atI+0;14;transformed_atI+400;15;transformationsL0;13;parent_objectS0;","1ce1356427d376e4b2a69b1e65b83db718cf81805b2921ca209893628ee0a71d"
"proof.Kant.Dasl.tenfoldCoords_nodup","Kant.Dasl.tenfoldCoords_nodup","lean4","VALID","RequestProject/Kant/Dasl.lean","311","L0;","L0;","elaborated and checked by the Lean kernel","L1;S33;obj.Kant.Dasl.tenfoldCoords_nodup","L1;S35;claim.Kant.Dasl.tenfoldCoords_nodup","L0;","O4;4;kindS12;lean4-kernel6;digestS64;2361e0ed118c001e4043ae7ff1715b21dd32ff4bbfabec58cb1bf0342de50ddb8;locationS29;RequestProject/Kant/Dasl.lean8;evidenceS15;MACHINE_CHECKED","RequestProject","O7;13;source_systemS5;lean411;source_fileS29;RequestProject/Kant/Dasl.lean13;source_formatS4;text11;imported_atI+0;14;transformed_atI+311;15;transformationsL0;13;parent_objectS0;","48750b5489671483b79fd0f0cdf88da0d4685593fb9cb7c98ed22c4ff2bf27e6"
"proof.Kant.Stego.fromBits_toBits_append","Kant.Stego.fromBits_toBits_append","lean4","VALID","RequestProject/Kant/Stego.lean","211","L0;","L0;","elaborated and checked by the Lean kernel","L1;S37;obj.Kant.Stego.fromBits_toBits_append","L1;S39;claim.Kant.Stego.fromBits_toBits_append","L0;","O4;4;kindS12;lean4-kernel6;digestS64;a66fda388d3a643be6ecd124797698c491c7ed0490207eb1a17e71880f76fde28;locationS30;RequestProject/Kant/Stego.lean8;evidenceS15;MACHINE_CHECKED","RequestProject","O7;13;source_systemS5;lean411;source_fileS30;RequestProject/Kant/Stego.lean13;source_formatS4;text11;imported_atI+0;14;transformed_atI+211;15;transformationsL0;13;parent_objectS0;","3f6aa3433b8aa06e75de6a8a438c23c1859e325261585708c539650a39a5805b"
"proof.Kant.Uucp.readBagUrl_bagUrl","Kant.Uucp.readBagUrl_bagUrl","lean4","VALID","RequestProject/Kant/Uucp.lean","166","L3;S23;obj.Kant.Clipboard.hashS32;obj.Kant.Clipboard.parseShareUrlS31;obj.Kant.Clipboard.Envelope.tag","L0;","elaborated and checked by the Lean kernel","L1;S31;obj.Kant.Uucp.readBagUrl_bagUrl","L1;S33;claim.Kant.Uucp.readBagUrl_bagUrl","L3;S25;proof.Kant.Clipboard.hashS34;proof.Kant.Clipboard.parseShareUrlS33;proof.Kant.Clipboard.Envelope.tag","O4;4;kindS12;lean4-kernel6;digestS64;ce8938ba479420b900b736df171cb0ee59d14b0a392877271a3d9568a80d04148;locationS29;RequestProject/Kant/Uucp.lean8;evidenceS15;MACHINE_CHECKED","RequestProject","O7;13;source_systemS5;lean411;source_fileS29;RequestProject/Kant/Uucp.lean13;source_formatS4;text11;imported_atI+0;14;transformed_atI+166;15;transformationsL0;13;parent_objectS0;","521049a9fb96917b3ead56998492a03841dc1197d76837013a308b11c90405be"
"proof.Kant.Connectivity.Verdict.noRoom.sizeOf_spec","Kant.Connectivity.Verdict.noRoom.sizeOf_spec","lean4","VALID","RequestProject/Kant/Connectivity.lean","0","L0;","L0;","elaborated and checked by the Lean kernel","L1;S48;obj.Kant.Connectivity.Verdict.noRoom.sizeOf_spec","L1;S50;claim.Kant.Connectivity.Verdict.noRoom.sizeOf_spec","L0;","O4;4;kindS12;lean4-kernel6;digestS64;4892c4912f6ca96c20dc75cd6831e1ef8d973c473858ae32b5bbe5232e833ab58;locationS37;RequestProject/Kant/Connectivity.lean8;evidenceS15;MACHINE_CHECKED","RequestProject","O7;13;source_systemS5;lean411;source_fileS37;RequestProject/Kant/Connectivity.lean13;source_formatS4;text11;imported_atI+0;14;transformed_atI+0;15;transformationsL0;13;parent_objectS0;","bd8960ad9baba16c292bad3e723ec30f7cc9faabd8d6a472410f0b8348e32c15"
"proof.Kant.Wasm.Kernel.daslPrefix.eq_1","Kant.Wasm.Kernel.daslPrefix.eq_1","lean4","VALID","RequestProject/Wasm/KernelSpec.lean","0","L0;","L0;","elaborated and checked by the Lean kernel","L1;S36;obj.Kant.Wasm.Kernel.daslPrefix.eq_1","L1;S38;claim.Kant.Wasm.Kernel.daslPrefix.eq_1","L0;","O4;4;kindS12;lean4-kernel6;digestS64;d36dc9c110c218863cf129de45c3581947112f943ff8d560ec88bbe8d5801f738;locationS35;RequestProject/Wasm/KernelSpec.lean8;evidenceS15;MACHINE_CHECKED","RequestProject","O7;13;source_systemS5;lean411;source_fileS35;RequestProject/Wasm/KernelSpec.lean13;source_formatS4;text11;imported_atI+0;14;transformed_atI+0;15;transformationsL0;13;parent_objectS0;","8d6def9ed428f691cdd1b83c9ae8a5ee7489702c1b1fd44b7a9d0655a4ee7a28"
"proof.Kant.Dom.Domain.ne_of_hash_ne","Kant.Dom.Domain.ne_of_hash_ne","lean4","VALID","RequestProject/Kant/Domain/Model.lean","676","L0;","L0;","elaborated and checked by the Lean kernel","L1;S33;obj.Kant.Dom.Domain.ne_of_hash_ne","L1;S35;claim.Kant.Dom.Domain.ne_of_hash_ne","L0;","O4;4;kindS12;lean4-kernel6;digestS64;322d7ac7dd63c404a0713b3a42be602f7e4832691762e75e47362924b5ddf0e18;locationS37;RequestProject/Kant/Domain/Model.lean8;evidenceS15;MACHINE_CHECKED","RequestProject","O7;13;source_systemS5;lean411;source_fileS37;RequestProject/Kant/Domain/Model.lean13;source_formatS4;text11;imported_atI+0;14;transformed_atI+676;15;transformationsL0;13;parent_objectS0;","ee9e3783bcf21f640b378c7363b755273b358339d878e0aab92c149482fd39ed"
"proof.Kant.Codec.rowsFields_length_cons","Kant.Codec.rowsFields_length_cons","lean4","VALID","RequestProject/Kant/Codec/Csv.lean","182","L0;","L0;","elaborated and checked by the Lean kernel","L1;S37;obj.Kant.Codec.rowsFields_length_cons","L1;S39;claim.Kant.Codec.rowsFields_length_cons","L0;","O4;4;kindS12;lean4-kernel6;digestS64;751e30901fcbf8f59810c3354fe7ae868b9d6c0ad723557f1f8c2482889502788;locationS34;RequestProject/Kant/Codec/Csv.lean8;evidenceS15;MACHINE_CHECKED","RequestProject","O7;13;source_systemS5;lean411;source_fileS34;RequestProject/Kant/Codec/Csv.lean13;source_formatS4;text11;imported_atI+0;14;transformed_atI+182;15;transformationsL0;13;parent_objectS0;","af50e1e47e0b8e954789ee4b6f7129e2d866cc46c95a2befdee912c69eb0743c"
"proof.Kant.Codec.digitVal.eq_1","Kant.Codec.digitVal.eq_1","lean4","VALID","RequestProject/Kant/Codec/Yaml.lean","0","L0;","L0;","elaborated and checked by the Lean kernel","L1;S28;obj.Kant.Codec.digitVal.eq_1","L1;S30;claim.Kant.Codec.digitVal.eq_1","L0;","O4;4;kindS12;lean4-kernel6;digestS64;b72c8961ba787826f30a81223c7076995ff75562f9b67cc015679a161303cd338;locationS35;RequestProject/Kant/Codec/Yaml.lean8;evidenceS15;MACHINE_CHECKED","RequestProject","O7;13;source_systemS5;lean411;source_fileS35;RequestProject/Kant/Codec/Yaml.lean13;source_formatS4;text11;imported_atI+0;14;transformed_atI+0;15;transformationsL0;13;parent_objectS0;","bd718fdbbd8adaf36b3e7809dc9c79304cbdd50397439ff9e11dfc0127a44bb6"
"proof.Kant.Relay.accept.eq_1","Kant.Relay.accept.eq_1","lean4","VALID","RequestProject/Kant/Relay.lean","0","L1;S21;obj.Kant.Relay.accept","L0;","elaborated and checked by the Lean kernel","L1;S26;obj.Kant.Relay.accept.eq_1","L1;S28;claim.Kant.Relay.accept.eq_1","L1;S23;proof.Kant.Relay.accept","O4;4;kindS12;lean4-kernel6;digestS64;4a7b57e423ffea707fc87fa878fd5857894e39c3e0913226317ca6362c63c5d58;locationS30;RequestProject/Kant/Relay.lean8;evidenceS15;MACHINE_CHECKED","RequestProject","O7;13;source_systemS5;lean411;source_fileS30;RequestProject/Kant/Relay.lean13;source_formatS4;text11;imported_atI+0;14;transformed_atI+0;15;transformationsL0;13;parent_objectS0;","b887a12898d0a8ee435c87b65e78f28117cda36c2b2dda48b7e70288133e9b5b"
"proof.Kant.Strip.readParts.eq_1","Kant.Strip.readParts.eq_1","lean4","VALID","RequestProject/Kant/Strip.lean","0","L1;S25;obj.Kant.Sneakernet.Frame","L0;","elaborated and checked by the Lean kernel","L1;S29;obj.Kant.Strip.readParts.eq_1","L1;S31;claim.Kant.Strip.readParts.eq_1","L1;S27;proof.Kant.Sneakernet.Frame","O4;4;kindS12;lean4-kernel6;digestS64;e80dda950d031608132980007cd41a6bf995efe753bf748e10feacf07c6583718;locationS30;RequestProject/Kant/Strip.lean8;evidenceS15;MACHINE_CHECKED","RequestProject","O7;13;source_systemS5;lean411;source_fileS30;RequestProject/Kant/Strip.lean13;source_formatS4;text11;imported_atI+0;14;transformed_atI+0;15;transformationsL0;13;parent_objectS0;","c71993ec456e55065437f33820a9eff9927250d5c40b8060548e548da0980d53"
"proof.Kant.Cli.loadUrl_link","Kant.Cli.loadUrl_link","lean4","VALID","RequestProject/Kant/Cli.lean","567","L2;S23;obj.Kant.Join.BlankFreeS19;obj.Kant.Cli.Client","L0;","elaborated and checked by the Lean kernel","L1;S25;obj.Kant.Cli.loadUrl_link","L1;S27;claim.Kant.Cli.loadUrl_link","L2;S25;proof.Kant.Join.BlankFreeS21;proof.Kant.Cli.Client","O4;4;kindS12;lean4-kernel6;digestS64;6f6f1888f7c9ec2edf0da1866b5ec3c9eedc6228e53b62d84387955429d54bc38;locationS28;RequestProject/Kant/Cli.lean8;evidenceS15;MACHINE_CHECKED","RequestProject","O7;13;source_systemS5;lean411;source_fileS28;RequestProject/Kant/Cli.lean13;source_formatS4;text11;imported_atI+0;14;transformed_atI+567;15;transformationsL0;13;parent_objectS0;","1d794732861db0605c4e2491532b0eb3c7879144985d47862a2b8396021382d9"
"proof.Kant.CardDebug.Pairing.connectable.sizeOf_spec","Kant.CardDebug.Pairing.connectable.sizeOf_spec","lean4","VALID","RequestProject/Kant/CardDebug.lean","0","L0;","L0;","elaborated and checked by the Lean kernel","L1;S50;obj.Kant.CardDebug.Pairing.connectable.sizeOf_spec","L1;S52;claim.Kant.CardDebug.Pairing.connectable.sizeOf_spec","L0;","O4;4;kindS12;lean4-kernel6;digestS64;b0417e11a058467d0f5f015db9c456aa2c322bffd6fb8057a21180b71cd721048;locationS34;RequestProject/Kant/CardDebug.lean8;evidenceS15;MACHINE_CHECKED","RequestProject","O7;13;source_systemS5;lean411;source_fileS34;RequestProject/Kant/CardDebug.lean13;source_formatS4;text11;imported_atI+0;14;transformed_atI+0;15;transformationsL0;13;parent_objectS0;","4633e3c3613026b862ba34a7662e80cbbe9e85a24c28129eaf7a7abd52f7e531"
"proof.Kant.Sheaf.Encoding.prime.eq_7","Kant.Sheaf.Encoding.prime.eq_7","lean4","VALID","RequestProject/Kant/Sheaf.lean","0","L1;S29;obj.Kant.Sheaf.Encoding.prime","L0;","elaborated and checked by the Lean kernel","L1;S34;obj.Kant.Sheaf.Encoding.prime.eq_7","L1;S36;claim.Kant.Sheaf.Encoding.prime.eq_7","L1;S31;proof.Kant.Sheaf.Encoding.prime","O4;4;kindS12;lean4-kernel6;digestS64;7f0599fb08f302c87eeae574b214946b37d270de3069380ef089a04d973b7db18;locationS30;RequestProject/Kant/Sheaf.lean8;evidenceS15;MACHINE_CHECKED","RequestProject","O7;13;source_systemS5;lean411;source_fileS30;RequestProject/Kant/Sheaf.lean13;source_formatS4;text11;imported_atI+0;14;transformed_atI+0;15;transformationsL0;13;parent_objectS0;","2286022726a32c4716db0f39daac5e74326941d192d2d1ed9d73117455fc949a"
"proof.Kant.Paste.mk.inj","Kant.Paste.mk.inj","lean4","VALID","RequestProject/Kant/Paste.lean","0","L1;S29;obj.Kant.Paste.mk.noConfusion","L0;","elaborated and checked by the Lean kernel","L1;S21;obj.Kant.Paste.mk.inj","L1;S23;claim.Kant.Paste.mk.inj","L1;S31;proof.Kant.Paste.mk.noConfusion","O4;4;kindS12;lean4-kernel6;digestS64;e4797655a999a4f8c40ff65c283cb23b88aa587020594492954c983463a98b8d8;locationS30;RequestProject/Kant/Paste.lean8;evidenceS15;MACHINE_CHECKED","RequestProject","O7;13;source_systemS5;lean411;source_fileS30;RequestProject/Kant/Paste.lean13;source_formatS4;text11;imported_atI+0;14;transformed_atI+0;15;transformationsL0;13;parent_objectS0;","524d012ff33b8fd4387c33a32ff69d07d6eda6e4cb881b3a3c62541248153bed"
"proof.Kant.Dom.relationOfRow.eq_1","Kant.Dom.relationOfRow.eq_1","lean4","VALID","RequestProject/Kant/Domain/Table.lean","0","L0;","L0;","elaborated and checked by the Lean kernel","L1;S31;obj.Kant.Dom.relationOfRow.eq_1","L1;S33;claim.Kant.Dom.relationOfRow.eq_1","L0;","O4;4;kindS12;lean4-kernel6;digestS64;b6672cb127c200d18891e1734f3ed5262b0cb3fa25662267b36ca78c077157f48;locationS37;RequestProject/Kant/Domain/Table.lean8;evidenceS15;MACHINE_CHECKED","RequestProject","O7;13;source_systemS5;lean411;source_fileS37;RequestProject/Kant/Domain/Table.lean13;source_formatS4;text11;imported_atI+0;14;transformed_atI+0;15;transformationsL0;13;parent_objectS0;","39bfe0396e531bb7017ee2fe883715f4b58fd79234912a7d9ee5802180704d3a"
"proof.Kant.Dom.package_hash_shared","Kant.Dom.package_hash_shared","lean4","VALID","RequestProject/Kant/Domain/Package.lean","189","L0;","L0;","elaborated and checked by the Lean kernel","L1;S32;obj.Kant.Dom.package_hash_shared","L1;S34;claim.Kant.Dom.package_hash_shared","L0;","O4;4;kindS12;lean4-kernel6;digestS64;f7bed51b5f0c39a330d599800f56c7bc3b736239d2cd39310d412ae06bb30bd28;locationS39;RequestProject/Kant/Domain/Package.lean8;evidenceS15;MACHINE_CHECKED","RequestProject","O7;13;source_systemS5;lean411;source_fileS39;RequestProject/Kant/Domain/Package.lean13;source_formatS4;text11;imported_atI+0;14;transformed_atI+189;15;transformationsL0;13;parent_objectS0;","fbe2d85ba943e4fd60b845f653b5b59a7ae1346c2d2a5df7b70d3e984c83de94"
"proof.Kant.Cli.route_pollPath","Kant.Cli.route_pollPath","lean4","VALID","RequestProject/Kant/Cli.lean","278","L0;","L0;","elaborated and checked by the Lean kernel","L1;S27;obj.Kant.Cli.route_pollPath","L1;S29;claim.Kant.Cli.route_pollPath","L0;","O4;4;kindS12;lean4-kernel6;digestS64;97f12a810c7a6c6ef4bbcca910b214e5286fc138b76e3cfcbbe92e0cdf2f12238;locationS28;RequestProject/Kant/Cli.lean8;evidenceS15;MACHINE_CHECKED","RequestProject","O7;13;source_systemS5;lean411;source_fileS28;RequestProject/Kant/Cli.lean13;source_formatS4;text11;imported_atI+0;14;transformed_atI+278;15;transformationsL0;13;parent_objectS0;","79ad37b9273ccdd98985a41b55cb8006fb3490704f9cc7f3fef233a69bfa7ea0"
"proof.Kant.Relay.receive_nil","Kant.Relay.receive_nil","lean4","VALID","RequestProject/Kant/Relay.lean","271","L0;","L0;","elaborated and checked by the Lean kernel","L1;S26;obj.Kant.Relay.receive_nil","L1;S28;claim.Kant.Relay.receive_nil","L0;","O4;4;kindS12;lean4-kernel6;digestS64;eb9858a41f56eca6acbde6ba22a304151fc4f8a64c12ea500861aa78753571378;locationS30;RequestProject/Kant/Relay.lean8;evidenceS15;MACHINE_CHECKED","RequestProject","O7;13;source_systemS5;lean411;source_fileS30;RequestProject/Kant/Relay.lean13;source_formatS4;text11;imported_atI+0;14;transformed_atI+271;15;transformationsL0;13;parent_objectS0;","16d5c0fec284120edd1841814d855e41f59e65a88bdce52847cb60fe3b29575b"
"proof.Kant.Dom.encFields.eq_1","Kant.Dom.encFields.eq_1","lean4","VALID","RequestProject/Kant/Domain/Table.lean","0","L0;","L0;","elaborated and checked by the Lean kernel","L1;S27;obj.Kant.Dom.encFields.eq_1","L1;S29;claim.Kant.Dom.encFields.eq_1","L0;","O4;4;kindS12;lean4-kernel6;digestS64;adfa14434cf34d944452233aec85cd0bc5a8cb8c31971e4ac8bb449537beac098;locationS37;RequestProject/Kant/Domain/Table.lean8;evidenceS15;MACHINE_CHECKED","RequestProject","O7;13;source_systemS5;lean411;source_fileS37;RequestProject/Kant/Domain/Table.lean13;source_formatS4;text11;imported_atI+0;14;transformed_atI+0;15;transformationsL0;13;parent_objectS0;","3f251a9785408188399dfe8e73c48f6b34bca481c522234e9e3119670e114131"
"proof.Kant.Wasm.Kernel.eval_cidPrefixE","Kant.Wasm.Kernel.eval_cidPrefixE","lean4","VALID","RequestProject/Wasm/KernelSpec.lean","149","L0;","L0;","elaborated and checked by the Lean kernel","L1;S36;obj.Kant.Wasm.Kernel.eval_cidPrefixE","L1;S38;claim.Kant.Wasm.Kernel.eval_cidPrefixE","L0;","O4;4;kindS12;lean4-kernel6;digestS64;549fbe5ce4bc91edba29f9b857327b9efa0f7e2ae9d8b2dfc7096d48bf3cb4088;locationS35;RequestProject/Wasm/KernelSpec.lean8;evidenceS15;MACHINE_CHECKED","RequestProject","O7;13;source_systemS5;lean411;source_fileS35;RequestProject/Wasm/KernelSpec.lean13;source_formatS4;text11;imported_atI+0;14;transformed_atI+149;15;transformationsL0;13;parent_objectS0;","30b1bb2574a547a5380c2eee3c5a3982673399550e88b5df046155b94a1beabc"
"proof.Kant.Wasm.Expr.wfb.eq_5","Kant.Wasm.Expr.wfb.eq_5","lean4","VALID","RequestProject/Wasm/Syntax.lean","0","L0;","L0;","elaborated and checked by the Lean kernel","L1;S27;obj.Kant.Wasm.Expr.wfb.eq_5","L1;S29;claim.Kant.Wasm.Expr.wfb.eq_5","L0;","O4;4;kindS12;lean4-kernel6;digestS64;77e4d06b0f5e23c4f8aac9ae0a409d33fa1e6f00dbe59b7ac6fe3f893231eba18;locationS31;RequestProject/Wasm/Syntax.lean8;evidenceS15;MACHINE_CHECKED","RequestProject","O7;13;source_systemS5;lean411;source_fileS31;RequestProject/Wasm/Syntax.lean13;source_formatS4;text11;imported_atI+0;14;transformed_atI+0;15;transformationsL0;13;parent_objectS0;","9ef0f3d2858ac9916da112a55b3e902e37152d1ce9c4e90b7307b9d02848bf28"
"proof.Kant.Dom.Event.reproduced.sizeOf_spec","Kant.Dom.Event.reproduced.sizeOf_spec","lean4","VALID","RequestProject/Kant/Domain/Policy.lean","0","L0;","L0;","elaborated and checked by the Lean kernel","L1;S41;obj.Kant.Dom.Event.reproduced.sizeOf_spec","L1;S43;claim.Kant.Dom.Event.reproduced.sizeOf_spec","L0;","O4;4;kindS12;lean4-kernel6;digestS64;cb67dcc8c597a91a58f8e9f8b5fba861a9436ef525eafeccc9ebf627468ef74b8;locationS38;RequestProject/Kant/Domain/Policy.lean8;evidenceS15;MACHINE_CHECKED","RequestProject","O7;13;source_systemS5;lean411;source_fileS38;RequestProject/Kant/Domain/Policy.lean13;source_formatS4;text11;imported_atI+0;14;transformed_atI+0;15;transformationsL0;13;parent_objectS0;","40b4865a1845920308316307baa27f708c3eb2be22ae3be99ab7686ba3f272d6"
"proof.Kant.Relay.clients_agree","Kant.Relay.clients_agree","lean4","VALID","RequestProject/Kant/Relay.lean","408","L0;","L0;","elaborated and checked by the Lean kernel","L1;S28;obj.Kant.Relay.clients_agree","L1;S30;claim.Kant.Relay.clients_agree","L0;","O4;4;kindS12;lean4-kernel6;digestS64;82430a27d97b702e401b76ac2ab083cd67b2313535d492b879d621cd5aa17e8f8;locationS30;RequestProject/Kant/Relay.lean8;evidenceS15;MACHINE_CHECKED","RequestProject","O7;13;source_systemS5;lean411;source_fileS30;RequestProject/Kant/Relay.lean13;source_formatS4;text11;imported_atI+0;14;transformed_atI+408;15;transformationsL0;13;parent_objectS0;","131870f0cf85aa9d7b0cbfeac8b50f4a32705b95caa17977910f48ec736e70a4"
"proof.Kant.Credits.total.eq_1","Kant.Credits.total.eq_1","lean4","VALID","RequestProject/Kant/Credits.lean","0","L0;","L0;","elaborated and checked by the Lean kernel","L1;S27;obj.Kant.Credits.total.eq_1","L1;S29;claim.Kant.Credits.total.eq_1","L0;","O4;4;kindS12;lean4-kernel6;digestS64;c4487345d74def9d48266c80d15f01febdc1a79e1f400e2f3a437536ad8392088;locationS32;RequestProject/Kant/Credits.lean8;evidenceS15;MACHINE_CHECKED","RequestProject","O7;13;source_systemS5;lean411;source_fileS32;RequestProject/Kant/Credits.lean13;source_formatS4;text11;imported_atI+0;14;transformed_atI+0;15;transformationsL0;13;parent_objectS0;","1837719efadf6543fcad9fa7a3cfa2b046bcae7802cff1a9b9a70e1bb039e616"
"proof.Kant.Codec.Status.unsupported.sizeOf_spec","Kant.Codec.Status.unsupported.sizeOf_spec","lean4","VALID","RequestProject/Kant/Codec/Model.lean","0","L0;","L0;","elaborated and checked by the Lean kernel","L1;S45;obj.Kant.Codec.Status.unsupported.sizeOf_spec","L1;S47;claim.Kant.Codec.Status.unsupported.sizeOf_spec","L0;","O4;4;kindS12;lean4-kernel6;digestS64;a193881152588a03d86e3d669e4cf430ebe55cadf97b5229576a6ee1bf469e568;locationS36;RequestProject/Kant/Codec/Model.lean8;evidenceS15;MACHINE_CHECKED","RequestProject","O7;13;source_systemS5;lean411;source_fileS36;RequestProject/Kant/Codec/Model.lean13;source_formatS4;text11;imported_atI+0;14;transformed_atI+0;15;transformationsL0;13;parent_objectS0;","23313b717b0306af243f09480ebe023ccab79f2a53e98915a29d99bd67799fa2"
"proof.Kant.Relay.Server.fetch_zero","Kant.Relay.Server.fetch_zero","lean4","VALID","RequestProject/Kant/Relay.lean","233","L1;S21;obj.Kant.Relay.Server","L0;","elaborated and checked by the Lean kernel","L1;S32;obj.Kant.Relay.Server.fetch_zero","L1;S34;claim.Kant.Relay.Server.fetch_zero","L1;S23;proof.Kant.Relay.Server","O4;4;kindS12;lean4-kernel6;digestS64;6a255ea6dadae2945548322d00b4ca3ba65013eca93adb92117a7463315e16318;locationS30;RequestProject/Kant/Relay.lean8;evidenceS15;MACHINE_CHECKED","RequestProject","O7;13;source_systemS5;lean411;source_fileS30;RequestProject/Kant/Relay.lean13;source_formatS4;text11;imported_atI+0;14;transformed_atI+233;15;transformationsL0;13;parent_objectS0;","f2ef28ae03d4dff24a24d3fd120a8945395373795cd8840cda684441ccbc2d5f"
"proof.Kant.Codec.readNatAux.eq_def","Kant.Codec.readNatAux.eq_def","lean4","VALID","RequestProject/Kant/Codec/Val.lean","0","L0;","L0;","elaborated and checked by the Lean kernel","L1;S32;obj.Kant.Codec.readNatAux.eq_def","L1;S34;claim.Kant.Codec.readNatAux.eq_def","L0;","O4;4;kindS12;lean4-kernel6;digestS64;ef2d5cfc37cfa220d2f63a8d88b7e697f3c78252ec4702767e801135611f5d658;locationS34;RequestProject/Kant/Codec/Val.lean8;evidenceS15;MACHINE_CHECKED","RequestProject","O7;13;source_systemS5;lean411;source_fileS34;RequestProject/Kant/Codec/Val.lean13;source_formatS4;text11;imported_atI+0;14;transformed_atI+0;15;transformationsL0;13;parent_objectS0;","5e2cfc6976be1d5df6b3ed86dcdf3f4a295cb7838a99c73756ed26f53f255d24"
"proof.Kant.Wasm.Decode.VType.i32.sizeOf_spec","Kant.Wasm.Decode.VType.i32.sizeOf_spec","lean4","VALID","RequestProject/Wasm/Decode.lean","0","L0;","L0;","elaborated and checked by the Lean kernel","L1;S42;obj.Kant.Wasm.Decode.VType.i32.sizeOf_spec","L1;S44;claim.Kant.Wasm.Decode.VType.i32.sizeOf_spec","L0;","O4;4;kindS12;lean4-kernel6;digestS64;fc2c94381e24e94a41d7f3e62f187e3dad3995ed306020e48dda57cc27f684d78;locationS31;RequestProject/Wasm/Decode.lean8;evidenceS15;MACHINE_CHECKED","RequestProject","O7;13;source_systemS5;lean411;source_fileS31;RequestProject/Wasm/Decode.lean13;source_formatS4;text11;imported_atI+0;14;transformed_atI+0;15;transformationsL0;13;parent_objectS0;","d79efd64ec2f61ec49bb18a899807b0f8390fd50b77b1ff21a23ef71ae150615"
"proof.Kant.Relay.Server.setLines.eq_1","Kant.Relay.Server.setLines.eq_1","lean4","VALID","RequestProject/Kant/Relay.lean","0","L1;S21;obj.Kant.Relay.Server","L0;","elaborated and checked by the Lean kernel","L1;S35;obj.Kant.Relay.Server.setLines.eq_1","L1;S37;claim.Kant.Relay.Server.setLines.eq_1","L1;S23;proof.Kant.Relay.Server","O4;4;kindS12;lean4-kernel6;digestS64;68631ca3382472c4ee165604905c418b4d8a87916f4474f26c93864fc60a8be18;locationS30;RequestProject/Kant/Relay.lean8;evidenceS15;MACHINE_CHECKED","RequestProject","O7;13;source_systemS5;lean411;source_fileS30;RequestProject/Kant/Relay.lean13;source_formatS4;text11;imported_atI+0;14;transformed_atI+0;15;transformationsL0;13;parent_objectS0;","8bd899ce572beabe58699fc5ae53e951f03ad080592168d88fda694357ded0eb"
"proof.Kant.Relay.leMsg_antisymm","Kant.Relay.leMsg_antisymm","lean4","VALID","RequestProject/Kant/Relay.lean","359","L0;","L0;","elaborated and checked by the Lean kernel","L1;S29;obj.Kant.Relay.leMsg_antisymm","L1;S31;claim.Kant.Relay.leMsg_antisymm","L0;","O4;4;kindS12;lean4-kernel6;digestS64;15f8aee6f365f6e26b948a1b720504791f3751067f2b632c904148463bc7f4cb8;locationS30;RequestProject/Kant/Relay.lean8;evidenceS15;MACHINE_CHECKED","RequestProject","O7;13;source_systemS5;lean411;source_fileS30;RequestProject/Kant/Relay.lean13;source_formatS4;text11;imported_atI+0;14;transformed_atI+359;15;transformationsL0;13;parent_objectS0;","455fb7d6a0730f30bd6aadf3947160c374ad4cb91af4ea96e3eab9da8b100029"
"proof.Kant.Rendezvous.best_eq_none_iff","Kant.Rendezvous.best_eq_none_iff","lean4","VALID","RequestProject/Kant/Rendezvous.lean","362","L1;S38;obj.Kant.Rendezvous.bestOf_eq_none_iff","L0;","elaborated and checked by the Lean kernel","L1;S36;obj.Kant.Rendezvous.best_eq_none_iff","L1;S38;claim.Kant.Rendezvous.best_eq_none_iff","L1;S40;proof.Kant.Rendezvous.bestOf_eq_none_iff","O4;4;kindS12;lean4-kernel6;digestS64;6592ac9bf45e5bb5daa62b518c5e1dcefc17c0d01da356633cc56b4001ef3b5c8;locationS35;RequestProject/Kant/Rendezvous.lean8;evidenceS15;MACHINE_CHECKED","RequestProject","O7;13;source_systemS5;lean411;source_fileS35;RequestProject/Kant/Rendezvous.lean13;source_formatS4;text11;imported_atI+0;14;transformed_atI+362;15;transformationsL0;13;parent_objectS0;","8fa092a7310303c31212646de3c8f080b4f28c5d27710fc98b3876d366ab0f86"
"proof.Kant.Relay.Server.mk.sizeOf_spec","Kant.Relay.Server.mk.sizeOf_spec","lean4","VALID","RequestProject/Kant/Relay.lean","0","L1;S21;obj.Kant.Relay.Server","L0;","elaborated and checked by the Lean kernel","L1;S36;obj.Kant.Relay.Server.mk.sizeOf_spec","L1;S38;claim.Kant.Relay.Server.mk.sizeOf_spec","L1;S23;proof.Kant.Relay.Server","O4;4;kindS12;lean4-kernel6;digestS64;1df7858f265ce24def0976fe0d9a790e5342e965317c0c6f6b4d78b539bf23d88;locationS30;RequestProject/Kant/Relay.lean8;evidenceS15;MACHINE_CHECKED","RequestProject","O7;13;source_systemS5;lean411;source_fileS30;RequestProject/Kant/Relay.lean13;source_formatS4;text11;imported_atI+0;14;transformed_atI+0;15;transformationsL0;13;parent_objectS0;","18afacafe32a65c21fabb31fbebe5f35d4a04cfab26546dc7f8bab7ffadc81cf"
"proof.Kant.Dom.Domain.mk.sizeOf_spec","Kant.Dom.Domain.mk.sizeOf_spec","lean4","VALID","RequestProject/Kant/Domain/Model.lean","0","L0;","L0;","elaborated and checked by the Lean kernel","L1;S34;obj.Kant.Dom.Domain.mk.sizeOf_spec","L1;S36;claim.Kant.Dom.Domain.mk.sizeOf_spec","L0;","O4;4;kindS12;lean4-kernel6;digestS64;dfa55e72cf7d043e6e095ce43e5ee96d980ece047cdb696822b8ec8782e6a22f8;locationS37;RequestProject/Kant/Domain/Model.lean8;evidenceS15;MACHINE_CHECKED","RequestProject","O7;13;source_systemS5;lean411;source_fileS37;RequestProject/Kant/Domain/Model.lean13;source_formatS4;text11;imported_atI+0;14;transformed_atI+0;15;transformationsL0;13;parent_objectS0;","2145f71c47183e6315b29f0b5f09e8200d0d75e31cb91069b80c5086dd25a526"
"proof.Kant.CardDebug.pairCodes_invite_connectable_iff","Kant.CardDebug.pairCodes_invite_connectable_iff","lean4","VALID","RequestProject/Kant/CardDebug.lean","180","L0;","L0;","elaborated and checked by the Lean kernel","L1;S51;obj.Kant.CardDebug.pairCodes_invite_connectable_iff","L1;S53;claim.Kant.CardDebug.pairCodes_invite_connectable_iff","L0;","O4;4;kindS12;lean4-kernel6;digestS64;7322c1dd483c846b7fb2348fdcce15e4697ab0b1093057e97e520c306e7ca49a8;locationS34;RequestProject/Kant/CardDebug.lean8;evidenceS15;MACHINE_CHECKED","RequestProject","O7;13;source_systemS5;lean411;source_fileS34;RequestProject/Kant/CardDebug.lean13;source_formatS4;text11;imported_atI+0;14;transformed_atI+180;15;transformationsL0;13;parent_objectS0;","0e13b8b0747e5cf316b609e262d52100c9a56b8e2b4a1c598fa190210d78e0e6"
"proof.Kant.Relay.Server.lines_setLines_other","Kant.Relay.Server.lines_setLines_other","lean4","VALID","RequestProject/Kant/Relay.lean","188","L1;S21;obj.Kant.Relay.Server","L0;","elaborated and checked by the Lean kernel","L1;S42;obj.Kant.Relay.Server.lines_setLines_other","L1;S44;claim.Kant.Relay.Server.lines_setLines_other","L1;S23;proof.Kant.Relay.Server","O4;4;kindS12;lean4-kernel6;digestS64;5f24fe02411cb150a8a66e74709732efbde0dfe22b830562cf4b0fa60276d7e18;locationS30;RequestProject/Kant/Relay.lean8;evidenceS15;MACHINE_CHECKED","RequestProject","O7;13;source_systemS5;lean411;source_fileS30;RequestProject/Kant/Relay.lean13;source_formatS4;text11;imported_atI+0;14;transformed_atI+188;15;transformationsL0;13;parent_objectS0;","1d2454dd9d7aa25d431a38b9e33fcd6acfafaecf5393b63730141e8d03c54544"
"proof.Kant.Sheaf.Encoding.prime.eq_6","Kant.Sheaf.Encoding.prime.eq_6","lean4","VALID","RequestProject/Kant/Sheaf.lean","0","L1;S29;obj.Kant.Sheaf.Encoding.prime","L0;","elaborated and checked by the Lean kernel","L1;S34;obj.Kant.Sheaf.Encoding.prime.eq_6","L1;S36;claim.Kant.Sheaf.Encoding.prime.eq_6","L1;S31;proof.Kant.Sheaf.Encoding.prime","O4;4;kindS12;lean4-kernel6;digestS64;a012cf7442dd748a9d68d5113b5d089d9f29f586c06ea8a438b508c0716cb3b78;locationS30;RequestProject/Kant/Sheaf.lean8;evidenceS15;MACHINE_CHECKED","RequestProject","O7;13;source_systemS5;lean411;source_fileS30;RequestProject/Kant/Sheaf.lean13;source_formatS4;text11;imported_atI+0;14;transformed_atI+0;15;transformationsL0;13;parent_objectS0;","afb5f0972013dbbf548b4e348dd28e6ccd6053b4ee27a1a5e86f204054c4fbd2"
"proof.Kant.Codec.seal_integrity","Kant.Codec.seal_integrity","lean4","VALID","RequestProject/Kant/Codec/Exchange.lean","174","L0;","L0;","elaborated and checked by the Lean kernel","L1;S29;obj.Kant.Codec.seal_integrity","L1;S31;claim.Kant.Codec.seal_integrity","L0;","O4;4;kindS12;lean4-kernel6;digestS64;0ea94a15e0ee63e4f278dbc8c6031de35dbf11f08200cdda2ebbfd8ed7bdec018;locationS39;RequestProject/Kant/Codec/Exchange.lean8;evidenceS15;MACHINE_CHECKED","RequestProject","O7;13;source_systemS5;lean411;source_fileS39;RequestProject/Kant/Codec/Exchange.lean13;source_formatS4;text11;imported_atI+0;14;transformed_atI+174;15;transformationsL0;13;parent_objectS0;","226a1033cd353b5e3a44a93b32d6310170243d063fc16cd88a90471a3feba37b"
"proof.Kant.Codec.embedFields.eq_def","Kant.Codec.embedFields.eq_def","lean4","VALID","RequestProject/Kant/Codec/Ipdl.lean","0","L1;S26;obj.Kant.Codec.Val.below_2","L0;","elaborated and checked by the Lean kernel","L1;S33;obj.Kant.Codec.embedFields.eq_def","L1;S35;claim.Kant.Codec.embedFields.eq_def","L1;S28;proof.Kant.Codec.Val.below_2","O4;4;kindS12;lean4-kernel6;digestS64;dcbc848c3cb22cbb8f511196d1221e243278b90dd83a2211c0687bbeecf750828;locationS35;RequestProject/Kant/Codec/Ipdl.lean8;evidenceS15;MACHINE_CHECKED","RequestProject","O7;13;source_systemS5;lean411;source_fileS35;RequestProject/Kant/Codec/Ipdl.lean13;source_formatS4;text11;imported_atI+0;14;transformed_atI+0;15;transformationsL0;13;parent_objectS0;","cea7b5d730854793b8b049212fba2590c368cbe8de523d990dd73ef6261b7b96"
"proof.Kant.Wasm.Decode.toRaw.eq_3","Kant.Wasm.Decode.toRaw.eq_3","lean4","VALID","RequestProject/Wasm/Decode.lean","0","L0;","L0;","elaborated and checked by the Lean kernel","L1;S31;obj.Kant.Wasm.Decode.toRaw.eq_3","L1;S33;claim.Kant.Wasm.Decode.toRaw.eq_3","L0;","O4;4;kindS12;lean4-kernel6;digestS64;04b44825be50d222c281a4dc2f42adb99b893e9cc5a1e41486de71fd849171238;locationS31;RequestProject/Wasm/Decode.lean8;evidenceS15;MACHINE_CHECKED","RequestProject","O7;13;source_systemS5;lean411;source_fileS31;RequestProject/Wasm/Decode.lean13;source_formatS4;text11;imported_atI+0;14;transformed_atI+0;15;transformationsL0;13;parent_objectS0;","c0385e97ab23f247dd9b62afab6ec64445d479b6c33e0e0d922292568c60ed8a"
"proof.Kant.Uucp.Carrier.capacity.eq_4","Kant.Uucp.Carrier.capacity.eq_4","lean4","VALID","RequestProject/Kant/Uucp.lean","0","L0;","L0;","elaborated and checked by the Lean kernel","L1;S35;obj.Kant.Uucp.Carrier.capacity.eq_4","L1;S37;claim.Kant.Uucp.Carrier.capacity.eq_4","L0;","O4;4;kindS12;lean4-kernel6;digestS64;0998f63fd84553ed4120f92d8290b72a27000bf5a89eba67fe0b723a541376a48;locationS29;RequestProject/Kant/Uucp.lean8;evidenceS15;MACHINE_CHECKED","RequestProject","O7;13;source_systemS5;lean411;source_fileS29;RequestProject/Kant/Uucp.lean13;source_formatS4;text11;imported_atI+0;14;transformed_atI+0;15;transformationsL0;13;parent_objectS0;","77b3368806f0881b26ea2cc9d764c3d84d84e75602d7ffe1ac9f5682f37c9e9e"
"proof.Kant.Strip.readParts.eq_2","Kant.Strip.readParts.eq_2","lean4","VALID","RequestProject/Kant/Strip.lean","0","L2;S25;obj.Kant.Sneakernet.FrameS24;obj.Kant.Strip.readStill","L0;","elaborated and checked by the Lean kernel","L1;S29;obj.Kant.Strip.readParts.eq_2","L1;S31;claim.Kant.Strip.readParts.eq_2","L2;S27;proof.Kant.Sneakernet.FrameS26;proof.Kant.Strip.readStill","O4;4;kindS12;lean4-kernel6;digestS64;b6cb6b6ceb72efffee5985e63e3e17a0c62f517b32978d6d45d7da01ac6059168;locationS30;RequestProject/Kant/Strip.lean8;evidenceS15;MACHINE_CHECKED","RequestProject","O7;13;source_systemS5;lean411;source_fileS30;RequestProject/Kant/Strip.lean13;source_formatS4;text11;imported_atI+0;14;transformed_atI+0;15;transformationsL0;13;parent_objectS0;","5aafea7280f9410016bcb7a3270877b30e41d0c923cce466c00fabc308f05d99"
"proof.Kant.Feed.paginate_flatten","Kant.Feed.paginate_flatten","lean4","VALID","RequestProject/Kant/Feed.lean","152","L0;","L0;","elaborated and checked by the Lean kernel","L1;S30;obj.Kant.Feed.paginate_flatten","L1;S32;claim.Kant.Feed.paginate_flatten","L0;","O4;4;kindS12;lean4-kernel6;digestS64;73ce4dafe71a29773e76af1f3b432e20979fb826fbe035a11c7f9e98b4bbf4ba8;locationS29;RequestProject/Kant/Feed.lean8;evidenceS15;MACHINE_CHECKED","RequestProject","O7;13;source_systemS5;lean411;source_fileS29;RequestProject/Kant/Feed.lean13;source_formatS4;text11;imported_atI+0;14;transformed_atI+152;15;transformationsL0;13;parent_objectS0;","1e8b7ba9e8497e4a8a89df87fb1bfc8d5be47a0029746f84f12ca450eb94b5c7"
"proof.Kant.Wasm.CmpOp.apply.eq_2","Kant.Wasm.CmpOp.apply.eq_2","lean4","VALID","RequestProject/Wasm/KernelSpec.lean","0","L1;S25;obj.Kant.Wasm.CmpOp.apply","L0;","elaborated and checked by the Lean kernel","L1;S30;obj.Kant.Wasm.CmpOp.apply.eq_2","L1;S32;claim.Kant.Wasm.CmpOp.apply.eq_2","L1;S27;proof.Kant.Wasm.CmpOp.apply","O4;4;kindS12;lean4-kernel6;digestS64;1e2b77733c27865af049fa52367602f17b9c7e744ea1590c42e169c5d5c597db8;locationS35;RequestProject/Wasm/KernelSpec.lean8;evidenceS15;MACHINE_CHECKED","RequestProject","O7;13;source_systemS5;lean411;source_fileS35;RequestProject/Wasm/KernelSpec.lean13;source_formatS4;text11;imported_atI+0;14;transformed_atI+0;15;transformationsL0;13;parent_objectS0;","6c6c95b979f33dd418ffed64a77ee7b7aa888c4b31d973da63fec4948733093d"
"proof.Kant.Dom.Rel.contradicts.sizeOf_spec","Kant.Dom.Rel.contradicts.sizeOf_spec","lean4","VALID","RequestProject/Kant/Domain/Model.lean","0","L0;","L0;","elaborated and checked by the Lean kernel","L1;S40;obj.Kant.Dom.Rel.contradicts.sizeOf_spec","L1;S42;claim.Kant.Dom.Rel.contradicts.sizeOf_spec","L0;","O4;4;kindS12;lean4-kernel6;digestS64;3eae93715921a65b940a1d2c3b8b3048aec18ae95a4b9881b2dfb5d647d0006e8;locationS37;RequestProject/Kant/Domain/Model.lean8;evidenceS15;MACHINE_CHECKED","RequestProject","O7;13;source_systemS5;lean411;source_fileS37;RequestProject/Kant/Domain/Model.lean13;source_formatS4;text11;imported_atI+0;14;transformed_atI+0;15;transformationsL0;13;parent_objectS0;","3f01ee3b629eeddbc4338cb4309947180e96d731dd7dd021d202c973d951b85e"
"proof.Kant.Connectivity.Client.mk.sizeOf_spec","Kant.Connectivity.Client.mk.sizeOf_spec","lean4","VALID","RequestProject/Kant/Connectivity.lean","0","L0;","L0;","elaborated and checked by the Lean kernel","L1;S43;obj.Kant.Connectivity.Client.mk.sizeOf_spec","L1;S45;claim.Kant.Connectivity.Client.mk.sizeOf_spec","L0;","O4;4;kindS12;lean4-kernel6;digestS64;9b0374edf42947f47d315be448df8dd3577055e55b250eca8008a610c53126b18;locationS37;RequestProject/Kant/Connectivity.lean8;evidenceS15;MACHINE_CHECKED","RequestProject","O7;13;source_systemS5;lean411;source_fileS37;RequestProject/Kant/Connectivity.lean13;source_formatS4;text11;imported_atI+0;14;transformed_atI+0;15;transformationsL0;13;parent_objectS0;","c8baec407e15e2404bfa09ed6957c343146ea187e2623b060972d364e39c8509"
"proof.Kant.Dom.length_flatMap_cellsText","Kant.Dom.length_flatMap_cellsText","lean4","VALID","RequestProject/Kant/Domain/Table.lean","146","L0;","L0;","elaborated and checked by the Lean kernel","L1;S37;obj.Kant.Dom.length_flatMap_cellsText","L1;S39;claim.Kant.Dom.length_flatMap_cellsText","L0;","O4;4;kindS12;lean4-kernel6;digestS64;b7167840aea0f541a9327269edbe91da7c176e7d4e96a4a34fdaff55b6e231648;locationS37;RequestProject/Kant/Domain/Table.lean8;evidenceS15;MACHINE_CHECKED","RequestProject","O7;13;source_systemS5;lean411;source_fileS37;RequestProject/Kant/Domain/Table.lean13;source_formatS4;text11;imported_atI+0;14;transformed_atI+146;15;transformationsL0;13;parent_objectS0;","5e9e2055e59b56bf40080e65bb029d5c1897fc61e9625b85ca4e15115a4aa122"
"proof.Kant.Dom.Coverage.partiallyProven.sizeOf_spec","Kant.Dom.Coverage.partiallyProven.sizeOf_spec","lean4","VALID","RequestProject/Kant/Domain/Model.lean","0","L0;","L0;","elaborated and checked by the Lean kernel","L1;S49;obj.Kant.Dom.Coverage.partiallyProven.sizeOf_spec","L1;S51;claim.Kant.Dom.Coverage.partiallyProven.sizeOf_spec","L0;","O4;4;kindS12;lean4-kernel6;digestS64;68ac34a188d9fa2a0b9fa257eb6cedfd589b010777c77704a7832fdccb6e29578;locationS37;RequestProject/Kant/Domain/Model.lean8;evidenceS15;MACHINE_CHECKED","RequestProject","O7;13;source_systemS5;lean411;source_fileS37;RequestProject/Kant/Domain/Model.lean13;source_formatS4;text11;imported_atI+0;14;transformed_atI+0;15;transformationsL0;13;parent_objectS0;","fe44ff395ea0f8ab0a45f521f2fbf608b52462142e9b0af1fe95929dc323a94e"
"proof.Kant.Meme.decode_render","Kant.Meme.decode_render","lean4","VALID","RequestProject/Kant/Meme.lean","162","L1;S34;obj.Kant.Clipboard.Envelope.decode","L0;","elaborated and checked by the Lean kernel","L1;S27;obj.Kant.Meme.decode_render","L1;S29;claim.Kant.Meme.decode_render","L1;S36;proof.Kant.Clipboard.Envelope.decode","O4;4;kindS12;lean4-kernel6;digestS64;976391fed156c5b3508f086a1f996218b63d4e03c8b8dc6d0c1ef0aa0f7894da8;locationS29;RequestProject/Kant/Meme.lean8;evidenceS15;MACHINE_CHECKED","RequestProject","O7;13;source_systemS5;lean411;source_fileS29;RequestProject/Kant/Meme.lean13;source_formatS4;text11;imported_atI+0;14;transformed_atI+162;15;transformationsL0;13;parent_objectS0;","0e9219642b788d476840e48c3a5bdca4bb9624d5cdc6f5cd66bb7edcb7bdbdaa"
"proof.Kant.Dom.readAllRows.eq_2","Kant.Dom.readAllRows.eq_2","lean4","VALID","RequestProject/Kant/Domain/Table.lean","0","L0;","L0;","elaborated and checked by the Lean kernel","L1;S29;obj.Kant.Dom.readAllRows.eq_2","L1;S31;claim.Kant.Dom.readAllRows.eq_2","L0;","O4;4;kindS12;lean4-kernel6;digestS64;9eb3ebfbb32ea7463624e58358d82ce536425dd81cdc8c9072b1799de59a69e78;locationS37;RequestProject/Kant/Domain/Table.lean8;evidenceS15;MACHINE_CHECKED","RequestProject","O7;13;source_systemS5;lean411;source_fileS37;RequestProject/Kant/Domain/Table.lean13;source_formatS4;text11;imported_atI+0;14;transformed_atI+0;15;transformationsL0;13;parent_objectS0;","33b52b35f498640ddd776be0aad8b7cabdc3f4f3a541f3479817b9ac7e310604"
"proof.Kant.Relay.isAscii_printMsg","Kant.Relay.isAscii_printMsg","lean4","VALID","RequestProject/Kant/Relay.lean","119","L0;","L0;","elaborated and checked by the Lean kernel","L1;S31;obj.Kant.Relay.isAscii_printMsg","L1;S33;claim.Kant.Relay.isAscii_printMsg","L0;","O4;4;kindS12;lean4-kernel6;digestS64;f304109e32e0c5abaa47444963122e0cace515de5cf7d989c3f3afc206b26ce28;locationS30;RequestProject/Kant/Relay.lean8;evidenceS15;MACHINE_CHECKED","RequestProject","O7;13;source_systemS5;lean411;source_fileS30;RequestProject/Kant/Relay.lean13;source_formatS4;text11;imported_atI+0;14;transformed_atI+119;15;transformationsL0;13;parent_objectS0;","0d414f801f137efc6c9fb9cec71fe82f9ed1ebcebc5285e2388791c69236c495"
"proof.Kant.Dom.decFields.eq_1","Kant.Dom.decFields.eq_1","lean4","VALID","RequestProject/Kant/Domain/Table.lean","0","L1;S26;obj.Kant.Codec.canonDecode","L0;","elaborated and checked by the Lean kernel","L1;S27;obj.Kant.Dom.decFields.eq_1","L1;S29;claim.Kant.Dom.decFields.eq_1","L1;S28;proof.Kant.Codec.canonDecode","O4;4;kindS12;lean4-kernel6;digestS64;e0615df35544c274249000c2238c8903dcc9a8bb9de8d44ac52d987b6d8602018;locationS37;RequestProject/Kant/Domain/Table.lean8;evidenceS15;MACHINE_CHECKED","RequestProject","O7;13;source_systemS5;lean411;source_fileS37;RequestProject/Kant/Domain/Table.lean13;source_formatS4;text11;imported_atI+0;14;transformed_atI+0;15;transformationsL0;13;parent_objectS0;","31414422089ec70de5023b52a1bff3cadb564f9a6cd53647c7486dde9e449784"
"proof.Kant.Dom.Event.validated.sizeOf_spec","Kant.Dom.Event.validated.sizeOf_spec","lean4","VALID","RequestProject/Kant/Domain/Policy.lean","0","L0;","L0;","elaborated and checked by the Lean kernel","L1;S40;obj.Kant.Dom.Event.validated.sizeOf_spec","L1;S42;claim.Kant.Dom.Event.validated.sizeOf_spec","L0;","O4;4;kindS12;lean4-kernel6;digestS64;c611e83ca46e84eaa738021a9b1996a14f6bd0b8ee11fcd4f1091fb212d5f7d38;locationS38;RequestProject/Kant/Domain/Policy.lean8;evidenceS15;MACHINE_CHECKED","RequestProject","O7;13;source_systemS5;lean411;source_fileS38;RequestProject/Kant/Domain/Policy.lean13;source_formatS4;text11;imported_atI+0;14;transformed_atI+0;15;transformationsL0;13;parent_objectS0;","95d2596bb14ebe21e7f295e37dcb958e70375b7accdedc7b9b641b45e66ed168"
"proof.Kant.Wasm.Kernel.kernelBytes_decodes","Kant.Wasm.Kernel.kernelBytes_decodes","lean4","VALID","RequestProject/Wasm/Extraction.lean","51","L2;S30;obj.Kant.Wasm.Decode.RawModuleS27;obj.Kant.Wasm.Encode.module","L0;","elaborated and checked by the Lean kernel","L1;S40;obj.Kant.Wasm.Kernel.kernelBytes_decodes","L1;S42;claim.Kant.Wasm.Kernel.kernelBytes_decodes","L2;S32;proof.Kant.Wasm.Decode.RawModuleS29;proof.Kant.Wasm.Encode.module","O4;4;kindS12;lean4-kernel6;digestS64;a391ab100028d1d2e25f514efb044d05a6b79852158f0e2c90d134e3621a2c5f8;locationS35;RequestProject/Wasm/Extraction.lean8;evidenceS15;MACHINE_CHECKED","RequestProject","O7;13;source_systemS5;lean411;source_fileS35;RequestProject/Wasm/Extraction.lean13;source_formatS4;text11;imported_atI+0;14;transformed_atI+51;15;transformationsL0;13;parent_objectS0;","8e81ed052426c78ee18c3755f99303b175bdb36c6d5779c8d6b414a8ca02356b"
"proof.Kant.Dom.repair_keeps_the_error","Kant.Dom.repair_keeps_the_error","lean4","VALID","RequestProject/Kant/Domain/Policy.lean","256","L2;S23;obj.Kant.Codec.Err.codeS32;obj.Kant.Dom.RepairRecord.repair","L0;","elaborated and checked by the Lean kernel","L1;S35;obj.Kant.Dom.repair_keeps_the_error","L1;S37;claim.Kant.Dom.repair_keeps_the_error","L2;S25;proof.Kant.Codec.Err.codeS34;proof.Kant.Dom.RepairRecord.repair","O4;4;kindS12;lean4-kernel6;digestS64;1976715481c399afadf4653b4963e950e8c17bdbd1fca225ff071a2916c145fe8;locationS38;RequestProject/Kant/Domain/Policy.lean8;evidenceS15;MACHINE_CHECKED","RequestProject","O7;13;source_systemS5;lean411;source_fileS38;RequestProject/Kant/Domain/Policy.lean13;source_formatS4;text11;imported_atI+0;14;transformed_atI+256;15;transformationsL0;13;parent_objectS0;","9bd16452d602152acc9efcd6db5aa4fd5ed000bdf106dbc4ad13b4922297e817"
"proof.Kant.CardDebug.pairCodes_not_connectable_right","Kant.CardDebug.pairCodes_not_connectable_right","lean4","VALID","RequestProject/Kant/CardDebug.lean","212","L0;","L0;","elaborated and checked by the Lean kernel","L1;S50;obj.Kant.CardDebug.pairCodes_not_connectable_right","L1;S52;claim.Kant.CardDebug.pairCodes_not_connectable_right","L0;","O4;4;kindS12;lean4-kernel6;digestS64;7d370003ade5efce8ba8bbba61c9abed6537019058b5eb4c31c5b5b59a274d6b8;locationS34;RequestProject/Kant/CardDebug.lean8;evidenceS15;MACHINE_CHECKED","RequestProject","O7;13;source_systemS5;lean411;source_fileS34;RequestProject/Kant/CardDebug.lean13;source_formatS4;text11;imported_atI+0;14;transformed_atI+212;15;transformationsL0;13;parent_objectS0;","594ad64b9ee7302d891f910373bc61baaaa90b3521f2bdc7c459d54e47dad454"
"proof.Kant.Codec.stripPrefix_append","Kant.Codec.stripPrefix_append","lean4","VALID","RequestProject/Kant/Codec/Xml.lean","65","L0;","L0;","elaborated and checked by the Lean kernel","L1;S33;obj.Kant.Codec.stripPrefix_append","L1;S35;claim.Kant.Codec.stripPrefix_append","L0;","O4;4;kindS12;lean4-kernel6;digestS64;c95e959324b56e1eb7ac350d351d595d960af3e1454b9890dbcd0eea888d3d478;locationS34;RequestProject/Kant/Codec/Xml.lean8;evidenceS15;MACHINE_CHECKED","RequestProject","O7;13;source_systemS5;lean411;source_fileS34;RequestProject/Kant/Codec/Xml.lean13;source_formatS4;text11;imported_atI+0;14;transformed_atI+65;15;transformationsL0;13;parent_objectS0;","c1a03e45e48b998f063c65ac93f9cc5c9cf21637e946e2b5d5af4811b1c0c482"
"proof.Kant.Connectivity.explain.eq_4","Kant.Connectivity.explain.eq_4","lean4","VALID","RequestProject/Kant/Connectivity.lean","0","L0;","L0;","elaborated and checked by the Lean kernel","L1;S34;obj.Kant.Connectivity.explain.eq_4","L1;S36;claim.Kant.Connectivity.explain.eq_4","L0;","O4;4;kindS12;lean4-kernel6;digestS64;d418f7051d7e56ed183a462a7a7f7c7a75a06a9775b4cd479dbde3c242a828d48;locationS37;RequestProject/Kant/Connectivity.lean8;evidenceS15;MACHINE_CHECKED","RequestProject","O7;13;source_systemS5;lean411;source_fileS37;RequestProject/Kant/Connectivity.lean13;source_formatS4;text11;imported_atI+0;14;transformed_atI+0;15;transformationsL0;13;parent_objectS0;","a064c628d764e68efbb7bc154871ec719af1bd58e572b3485d61c90e20eae72b"
"proof.Kant.Handoff.codes_logScript","Kant.Handoff.codes_logScript","lean4","VALID","RequestProject/Kant/Handoff.lean","222","L1;S27;obj.Kant.ShareLog.chatParts","L0;","elaborated and checked by the Lean kernel","L1;S32;obj.Kant.Handoff.codes_logScript","L1;S34;claim.Kant.Handoff.codes_logScript","L1;S29;proof.Kant.ShareLog.chatParts","O4;4;kindS12;lean4-kernel6;digestS64;18c558a063d0324ba20fffb0104052341cdace2644d587610f012ae65e718d828;locationS32;RequestProject/Kant/Handoff.lean8;evidenceS15;MACHINE_CHECKED","RequestProject","O7;13;source_systemS5;lean411;source_fileS32;RequestProject/Kant/Handoff.lean13;source_formatS4;text11;imported_atI+0;14;transformed_atI+222;15;transformationsL0;13;parent_objectS0;","390791b49c00feda8ccc72472b42388d7bdc269d6b31b1348770ab7b94a379e7"
"proof.Kant.Codec.Inp.mk.injEq","Kant.Codec.Inp.mk.injEq","lean4","VALID","RequestProject/Kant/Codec/Model.lean","0","L0;","L0;","elaborated and checked by the Lean kernel","L1;S27;obj.Kant.Codec.Inp.mk.injEq","L1;S29;claim.Kant.Codec.Inp.mk.injEq","L0;","O4;4;kindS12;lean4-kernel6;digestS64;75d5778a581ad7a44bca583ecc9d53b382e766f02ae267da542c4c96e6f248a18;locationS36;RequestProject/Kant/Codec/Model.lean8;evidenceS15;MACHINE_CHECKED","RequestProject","O7;13;source_systemS5;lean411;source_fileS36;RequestProject/Kant/Codec/Model.lean13;source_formatS4;text11;imported_atI+0;14;transformed_atI+0;15;transformationsL0;13;parent_objectS0;","8dfd9d64b9f7cd17bb492de2e6d144443a27935e142e1a3d3dd998649aa6926a"
"proof.Kant.Wasm.Decode.itemsDec.eq_def","Kant.Wasm.Decode.itemsDec.eq_def","lean4","VALID","RequestProject/Wasm/Decode.lean","0","L0;","L0;","elaborated and checked by the Lean kernel","L1;S36;obj.Kant.Wasm.Decode.itemsDec.eq_def","L1;S38;claim.Kant.Wasm.Decode.itemsDec.eq_def","L0;","O4;4;kindS12;lean4-kernel6;digestS64;a0bb26c18f59c599aa1c19d0e7af75cea8a03fb4e5bb9db3e4cee8e49f4c1f288;locationS31;RequestProject/Wasm/Decode.lean8;evidenceS15;MACHINE_CHECKED","RequestProject","O7;13;source_systemS5;lean411;source_fileS31;RequestProject/Wasm/Decode.lean13;source_formatS4;text11;imported_atI+0;14;transformed_atI+0;15;transformationsL0;13;parent_objectS0;","6933102106fbc1d4b9098f984eb438b732a5ad4c96e2f3daa1aa53c64a9903bd"
"proof.Kant.Wasm.Kernel.fnvPrimeConst.eq_1","Kant.Wasm.Kernel.fnvPrimeConst.eq_1","lean4","VALID","RequestProject/Wasm/KernelSpec.lean","0","L1;S34;obj.Kant.Wasm.Kernel.fnvPrimeConst","L0;","elaborated and checked by the Lean kernel","L1;S39;obj.Kant.Wasm.Kernel.fnvPrimeConst.eq_1","L1;S41;claim.Kant.Wasm.Kernel.fnvPrimeConst.eq_1","L1;S36;proof.Kant.Wasm.Kernel.fnvPrimeConst","O4;4;kindS12;lean4-kernel6;digestS64;10a31b0dde0a5fffeef2887850dceddc0116aaa825e5b945e755caaeb92887228;locationS35;RequestProject/Wasm/KernelSpec.lean8;evidenceS15;MACHINE_CHECKED","RequestProject","O7;13;source_systemS5;lean411;source_fileS35;RequestProject/Wasm/KernelSpec.lean13;source_formatS4;text11;imported_atI+0;14;transformed_atI+0;15;transformationsL0;13;parent_objectS0;","7fd578f1e35ba4a23da1c870eb6222a56139a535fbdd64dcc36df650c1df5c5f"
"proof.Kant.Onboarding.camera_off_after_leave","Kant.Onboarding.camera_off_after_leave","lean4","VALID","RequestProject/Kant/Onboarding.lean","169","L1;S25;obj.Kant.Onboarding.State","L0;","elaborated and checked by the Lean kernel","L1;S42;obj.Kant.Onboarding.camera_off_after_leave","L1;S44;claim.Kant.Onboarding.camera_off_after_leave","L1;S27;proof.Kant.Onboarding.State","O4;4;kindS12;lean4-kernel6;digestS64;77075d0d026a7f01922d7956f4f159babf5e07c3477652e321dbeed8dd51ab248;locationS35;RequestProject/Kant/Onboarding.lean8;evidenceS15;MACHINE_CHECKED","RequestProject","O7;13;source_systemS5;lean411;source_fileS35;RequestProject/Kant/Onboarding.lean13;source_formatS4;text11;imported_atI+0;14;transformed_atI+169;15;transformationsL0;13;parent_objectS0;","a5f1d28056647007d90741a0fa386c04f5716ddc94cdcf8d1299ffc06d3a1c8a"
"proof.Kant.Codec.xmlDecode_xmlEnc","Kant.Codec.xmlDecode_xmlEnc","lean4","VALID","RequestProject/Kant/Codec/Xml.lean","447","L0;","L0;","elaborated and checked by the Lean kernel","L1;S31;obj.Kant.Codec.xmlDecode_xmlEnc","L1;S33;claim.Kant.Codec.xmlDecode_xmlEnc","L0;","O4;4;kindS12;lean4-kernel6;digestS64;8785c101d64fe410bf6b92d8cdfb4e6ffb3dd14dac2538de0619f9831fbc03458;locationS34;RequestProject/Kant/Codec/Xml.lean8;evidenceS15;MACHINE_CHECKED","RequestProject","O7;13;source_systemS5;lean411;source_fileS34;RequestProject/Kant/Codec/Xml.lean13;source_formatS4;text11;imported_atI+0;14;transformed_atI+447;15;transformationsL0;13;parent_objectS0;","dad57cc1b5c23506a1e2a09eb9816219a25b8cfad5de2620d491a56097003933"
"proof.Kant.Pipeline.roundTripFrame_eq","Kant.Pipeline.roundTripFrame_eq","lean4","VALID","RequestProject/Kant/Pipeline.lean","92","L2;S25;obj.Kant.Sneakernet.FrameS29;obj.Kant.Sneakernet.Frame.seq","L0;","elaborated and checked by the Lean kernel","L1;S35;obj.Kant.Pipeline.roundTripFrame_eq","L1;S37;claim.Kant.Pipeline.roundTripFrame_eq","L2;S27;proof.Kant.Sneakernet.FrameS31;proof.Kant.Sneakernet.Frame.seq","O4;4;kindS12;lean4-kernel6;digestS64;ab4ca95e34d0f1c45b1ea2242b2a012ffacbdfde51ca406e4c51e7bbbf892ec18;locationS33;RequestProject/Kant/Pipeline.lean8;evidenceS15;MACHINE_CHECKED","RequestProject","O7;13;source_systemS5;lean411;source_fileS33;RequestProject/Kant/Pipeline.lean13;source_formatS4;text11;imported_atI+0;14;transformed_atI+92;15;transformationsL0;13;parent_objectS0;","1c4724c063f73c2d6d007a00418dea8a029c1c405179f6e7397f868d899f8ec4"
"proof.Kant.CardDebug.configured_relay_links","Kant.CardDebug.configured_relay_links","lean4","VALID","RequestProject/Kant/CardDebug.lean","255","L1;S47;obj.Kant.Connectivity.effectiveRelay_configured","L0;","elaborated and checked by the Lean kernel","L1;S41;obj.Kant.CardDebug.configured_relay_links","L1;S43;claim.Kant.CardDebug.configured_relay_links","L1;S49;proof.Kant.Connectivity.effectiveRelay_configured","O4;4;kindS12;lean4-kernel6;digestS64;7e656ee4541acaf5affdb434e210159ac8e66b9b919a7aa312d7fc013eb688908;locationS34;RequestProject/Kant/CardDebug.lean8;evidenceS15;MACHINE_CHECKED","RequestProject","O7;13;source_systemS5;lean411;source_fileS34;RequestProject/Kant/CardDebug.lean13;source_formatS4;text11;imported_atI+0;14;transformed_atI+255;15;transformationsL0;13;parent_objectS0;","ed0009c859291352ee51cba1a0f92b85d8af96151af5392c980a1644a019ebdf"
"proof.Kant.Rendezvous.bestOf.eq_def","Kant.Rendezvous.bestOf.eq_def","lean4","VALID","RequestProject/Kant/Rendezvous.lean","0","L0;","L0;","elaborated and checked by the Lean kernel","L1;S33;obj.Kant.Rendezvous.bestOf.eq_def","L1;S35;claim.Kant.Rendezvous.bestOf.eq_def","L0;","O4;4;kindS12;lean4-kernel6;digestS64;3c11c0e749031392e6ad2f7983a03f1916c9674b126fc114ef940fe5a1b289238;locationS35;RequestProject/Kant/Rendezvous.lean8;evidenceS15;MACHINE_CHECKED","RequestProject","O7;13;source_systemS5;lean411;source_fileS35;RequestProject/Kant/Rendezvous.lean13;source_formatS4;text11;imported_atI+0;14;transformed_atI+0;15;transformationsL0;13;parent_objectS0;","e1f7203d996a9c0043c6d9eaad6a102362513286b1610ac623f60387af782169"
"proof.Kant.Uucp.Site.get_put_other","Kant.Uucp.Site.get_put_other","lean4","VALID","RequestProject/Kant/Uucp.lean","741","L1;S22;obj.Kant.Uucp.Site.put","L0;","elaborated and checked by the Lean kernel","L1;S32;obj.Kant.Uucp.Site.get_put_other","L1;S34;claim.Kant.Uucp.Site.get_put_other","L1;S24;proof.Kant.Uucp.Site.put","O4;4;kindS12;lean4-kernel6;digestS64;d7e81a1991dd9d98419323729db8dbd7dabd4bbdb8b4916ab0e88cb9e8f644198;locationS29;RequestProject/Kant/Uucp.lean8;evidenceS15;MACHINE_CHECKED","RequestProject","O7;13;source_systemS5;lean411;source_fileS29;RequestProject/Kant/Uucp.lean13;source_formatS4;text11;imported_atI+0;14;transformed_atI+741;15;transformationsL0;13;parent_objectS0;","1ae5673fb1478a9a8563a78be64c86dd4965cece951531d4023a0726a5ddca97"
"proof.Kant.Dom.coverage_withDerivedRelations","Kant.Dom.coverage_withDerivedRelations","lean4","VALID","RequestProject/Kant/Domain/Ledger.lean","425","L0;","L0;","elaborated and checked by the Lean kernel","L1;S42;obj.Kant.Dom.coverage_withDerivedRelations","L1;S44;claim.Kant.Dom.coverage_withDerivedRelations","L0;","O4;4;kindS12;lean4-kernel6;digestS64;6054341404b1ea65ca5ed6fc0f408c0ee901b06909d484274c9ad2dc79b9cbd88;locationS38;RequestProject/Kant/Domain/Ledger.lean8;evidenceS15;MACHINE_CHECKED","RequestProject","O7;13;source_systemS5;lean411;source_fileS38;RequestProject/Kant/Domain/Ledger.lean13;source_formatS4;text11;imported_atI+0;14;transformed_atI+425;15;transformationsL0;13;parent_objectS0;","3ad8b507b87db1f58082fef4916156820dd92c8edc82830fce72b2dd48f60d1c"
"proof.Kant.Codec.resolve.eq_3","Kant.Codec.resolve.eq_3","lean4","VALID","RequestProject/Kant/Codec/Reconcile.lean","0","L0;","L0;","elaborated and checked by the Lean kernel","L1;S27;obj.Kant.Codec.resolve.eq_3","L1;S29;claim.Kant.Codec.resolve.eq_3","L0;","O4;4;kindS12;lean4-kernel6;digestS64;6da991636f03a6581190797ad378fecf87e309598a89ea6ec31886c3ff63805d8;locationS40;RequestProject/Kant/Codec/Reconcile.lean8;evidenceS15;MACHINE_CHECKED","RequestProject","O7;13;source_systemS5;lean411;source_fileS40;RequestProject/Kant/Codec/Reconcile.lean13;source_formatS4;text11;imported_atI+0;14;transformed_atI+0;15;transformationsL0;13;parent_objectS0;","11eabfaf039acf8f7796601830646d9c8b6ee4319327d3f598d442c59685ca02"
"proof.Kant.Rendezvous.Announce.Wire.addrs","Kant.Rendezvous.Announce.Wire.addrs","lean4","VALID","RequestProject/Kant/Rendezvous.lean","140","L1;S35;obj.Kant.Rendezvous.Address.locator","L0;","elaborated and checked by the Lean kernel","L1;S39;obj.Kant.Rendezvous.Announce.Wire.addrs","L1;S41;claim.Kant.Rendezvous.Announce.Wire.addrs","L1;S37;proof.Kant.Rendezvous.Address.locator","O4;4;kindS12;lean4-kernel6;digestS64;e5cfcc62150c4e820f47eb884262dacd3c708f24f268a76ca2b71e1dd4747fd78;locationS35;RequestProject/Kant/Rendezvous.lean8;evidenceS15;MACHINE_CHECKED","RequestProject","O7;13;source_systemS5;lean411;source_fileS35;RequestProject/Kant/Rendezvous.lean13;source_formatS4;text11;imported_atI+0;14;transformed_atI+140;15;transformationsL0;13;parent_objectS0;","7eeee0b91c4c3a50a6af3c5fc27125133ebca6394c3420162caf6ed367b66959"
"proof.Kant.Pipeline.pipeline_witness","Kant.Pipeline.pipeline_witness","lean4","VALID","RequestProject/Kant/Pipeline.lean","112","L2;S25;obj.Kant.Sneakernet.FrameS23;obj.Kant.Dasl.nestedCid","L0;","elaborated and checked by the Lean kernel","L1;S34;obj.Kant.Pipeline.pipeline_witness","L1;S36;claim.Kant.Pipeline.pipeline_witness","L2;S27;proof.Kant.Sneakernet.FrameS25;proof.Kant.Dasl.nestedCid","O4;4;kindS12;lean4-kernel6;digestS64;8fef7f38d083d25da1f3410f6efb00d22c9be53bbe5b3fd372510c855efbfe208;locationS33;RequestProject/Kant/Pipeline.lean8;evidenceS15;MACHINE_CHECKED","RequestProject","O7;13;source_systemS5;lean411;source_fileS33;RequestProject/Kant/Pipeline.lean13;source_formatS4;text11;imported_atI+0;14;transformed_atI+112;15;transformationsL0;13;parent_objectS0;","aeb95b423463b2007aed503af4c971235c67c43ef5500706067d894aa649d9a9"
"proof.Kant.Codec.Trans.mk.injEq","Kant.Codec.Trans.mk.injEq","lean4","VALID","RequestProject/Kant/Codec/Model.lean","0","L0;","L0;","elaborated and checked by the Lean kernel","L1;S29;obj.Kant.Codec.Trans.mk.injEq","L1;S31;claim.Kant.Codec.Trans.mk.injEq","L0;","O4;4;kindS12;lean4-kernel6;digestS64;d6509176a239d254f43195f7003451fbd61a11d61cc4ecc239e293730a1e3e918;locationS36;RequestProject/Kant/Codec/Model.lean8;evidenceS15;MACHINE_CHECKED","RequestProject","O7;13;source_systemS5;lean411;source_fileS36;RequestProject/Kant/Codec/Model.lean13;source_formatS4;text11;imported_atI+0;14;transformed_atI+0;15;transformationsL0;13;parent_objectS0;","c9583009e2c120d4ce00affb3c17b0677f9ecf4079e378ba7f86cc1aa8a95fcd"
"proof.Kant.Relay.Server.lines_post_other","Kant.Relay.Server.lines_post_other","lean4","VALID","RequestProject/Kant/Relay.lean","213","L2;S21;obj.Kant.Relay.ServerS42;obj.Kant.Relay.Server.lines_setLines_other","L0;","elaborated and checked by the Lean kernel","L1;S38;obj.Kant.Relay.Server.lines_post_other","L1;S40;claim.Kant.Relay.Server.lines_post_other","L2;S23;proof.Kant.Relay.ServerS44;proof.Kant.Relay.Server.lines_setLines_other","O4;4;kindS12;lean4-kernel6;digestS64;916722a1a9968aa2906198e08c1877f91b1b87976b90de9885fc17c8eb82badf8;locationS30;RequestProject/Kant/Relay.lean8;evidenceS15;MACHINE_CHECKED","RequestProject","O7;13;source_systemS5;lean411;source_fileS30;RequestProject/Kant/Relay.lean13;source_formatS4;text11;imported_atI+0;14;transformed_atI+213;15;transformationsL0;13;parent_objectS0;","53ec8f04008ade1526a8ae48b4051262462f22ac660d20af2597d6ccd85aa3fc"
"proof.Kant.Dom.Evid.ofNat_ctorIdx","Kant.Dom.Evid.ofNat_ctorIdx","lean4","VALID","RequestProject/Kant/Domain/Model.lean","0","L0;","L0;","elaborated and checked by the Lean kernel","L1;S31;obj.Kant.Dom.Evid.ofNat_ctorIdx","L1;S33;claim.Kant.Dom.Evid.ofNat_ctorIdx","L0;","O4;4;kindS12;lean4-kernel6;digestS64;8778d759529b31044928c3877157a5b39137a746fdd2999a912f141acf634a418;locationS37;RequestProject/Kant/Domain/Model.lean8;evidenceS15;MACHINE_CHECKED","RequestProject","O7;13;source_systemS5;lean411;source_fileS37;RequestProject/Kant/Domain/Model.lean13;source_formatS4;text11;imported_atI+0;14;transformed_atI+0;15;transformationsL0;13;parent_objectS0;","35c7e651fc0d1acbcb769f4cee04a2c8f645625abf764411f894e6cbd134ac0e"
"proof.Kant.Dom.Rel.inputTo.sizeOf_spec","Kant.Dom.Rel.inputTo.sizeOf_spec","lean4","VALID","RequestProject/Kant/Domain/Model.lean","0","L0;","L0;","elaborated and checked by the Lean kernel","L1;S36;obj.Kant.Dom.Rel.inputTo.sizeOf_spec","L1;S38;claim.Kant.Dom.Rel.inputTo.sizeOf_spec","L0;","O4;4;kindS12;lean4-kernel6;digestS64;100e8b66ca51b6c4bda8a7f8f805a9f787caa9521845d56aa63f48cf880e8b9d8;locationS37;RequestProject/Kant/Domain/Model.lean8;evidenceS15;MACHINE_CHECKED","RequestProject","O7;13;source_systemS5;lean411;source_fileS37;RequestProject/Kant/Domain/Model.lean13;source_formatS4;text11;imported_atI+0;14;transformed_atI+0;15;transformationsL0;13;parent_objectS0;","499e199d29668770152bd54793690d739624438ee750f1f6ce84540c62c423f9"
"proof.Kant.Wasm.Encode.cmpOpcode.eq_1","Kant.Wasm.Encode.cmpOpcode.eq_1","lean4","VALID","RequestProject/Wasm/Decode.lean","0","L0;","L0;","elaborated and checked by the Lean kernel","L1;S35;obj.Kant.Wasm.Encode.cmpOpcode.eq_1","L1;S37;claim.Kant.Wasm.Encode.cmpOpcode.eq_1","L0;","O4;4;kindS12;lean4-kernel6;digestS64;b2770fd700dee1f8779635c08a79cd3bd2e1f2d9ab7667bef61029b79e7f68018;locationS31;RequestProject/Wasm/Decode.lean8;evidenceS15;MACHINE_CHECKED","RequestProject","O7;13;source_systemS5;lean411;source_fileS31;RequestProject/Wasm/Decode.lean13;source_formatS4;text11;imported_atI+0;14;transformed_atI+0;15;transformationsL0;13;parent_objectS0;","3c4d9930f693212a2a0bf544bac5cf6da84bb96f34980aa44daac68ca3c813e7"
"proof.Kant.Wasm.step.eq_2","Kant.Wasm.step.eq_2","lean4","VALID","RequestProject/Wasm/Semantics.lean","0","L0;","L0;","elaborated and checked by the Lean kernel","L1;S23;obj.Kant.Wasm.step.eq_2","L1;S25;claim.Kant.Wasm.step.eq_2","L0;","O4;4;kindS12;lean4-kernel6;digestS64;f1f4d4c9365405b4b0bca2f369cb2813940e5a7928883eaaffb5f664eda1b8318;locationS34;RequestProject/Wasm/Semantics.lean8;evidenceS15;MACHINE_CHECKED","RequestProject","O7;13;source_systemS5;lean411;source_fileS34;RequestProject/Wasm/Semantics.lean13;source_formatS4;text11;imported_atI+0;14;transformed_atI+0;15;transformationsL0;13;parent_objectS0;","963326b2d617d977327db16241237224f433e240741c315d29547d9c0b743d0a"
"proof.Kant.Codec.Loss.ofNat_ctorIdx","Kant.Codec.Loss.ofNat_ctorIdx","lean4","VALID","RequestProject/Kant/Codec/Model.lean","0","L0;","L0;","elaborated and checked by the Lean kernel","L1;S33;obj.Kant.Codec.Loss.ofNat_ctorIdx","L1;S35;claim.Kant.Codec.Loss.ofNat_ctorIdx","L0;","O4;4;kindS12;lean4-kernel6;digestS64;ae03df4f2d778ccb8b3165b146d2c6fc05d86082f9417df9747bdffd00c483928;locationS36;RequestProject/Kant/Codec/Model.lean8;evidenceS15;MACHINE_CHECKED","RequestProject","O7;13;source_systemS5;lean411;source_fileS36;RequestProject/Kant/Codec/Model.lean13;source_formatS4;text11;imported_atI+0;14;transformed_atI+0;15;transformationsL0;13;parent_objectS0;","df0af0eb93ca0f7af1a389f640554f2db73afc9647335a54ebe9d08f73da4f07"
"proof.Kant.Feed.Row.mk.inj","Kant.Feed.Row.mk.inj","lean4","VALID","RequestProject/Kant/Feed.lean","0","L0;","L0;","elaborated and checked by the Lean kernel","L1;S24;obj.Kant.Feed.Row.mk.inj","L1;S26;claim.Kant.Feed.Row.mk.inj","L0;","O4;4;kindS12;lean4-kernel6;digestS64;5d542f35510940799b14ca6cdd64b1fea11da082bf20dc8fc728b304c8e95bcc8;locationS29;RequestProject/Kant/Feed.lean8;evidenceS15;MACHINE_CHECKED","RequestProject","O7;13;source_systemS5;lean411;source_fileS29;RequestProject/Kant/Feed.lean13;source_formatS4;text11;imported_atI+0;14;transformed_atI+0;15;transformationsL0;13;parent_objectS0;","c7e29893a729a12624ffd484257591894b4ddb9ff78494e0affa58f8f5ba06c3"
"proof.Kant.Diagnostics.Log.Wf.record","Kant.Diagnostics.Log.Wf.record","lean4","VALID","RequestProject/Kant/Diagnostics.lean","277","L1;S26;obj.Kant.Diagnostics.Event","L0;","elaborated and checked by the Lean kernel","L1;S34;obj.Kant.Diagnostics.Log.Wf.record","L1;S36;claim.Kant.Diagnostics.Log.Wf.record","L1;S28;proof.Kant.Diagnostics.Event","O4;4;kindS12;lean4-kernel6;digestS64;34ee2229a23311bf4931f756e7aba430afeed98dab1194516e74797adf1943428;locationS36;RequestProject/Kant/Diagnostics.lean8;evidenceS15;MACHINE_CHECKED","RequestProject","O7;13;source_systemS5;lean411;source_fileS36;RequestProject/Kant/Diagnostics.lean13;source_formatS4;text11;imported_atI+0;14;transformed_atI+277;15;transformationsL0;13;parent_objectS0;","4cbe180c7efccd5dced5105a0e42916ab6272126437bcb779043ee0f10857a84"
"proof.Kant.Bytes.witness_deterministic","Kant.Bytes.witness_deterministic","lean4","VALID","RequestProject/Kant/Bytes.lean","131","L0;","L0;","elaborated and checked by the Lean kernel","L1;S36;obj.Kant.Bytes.witness_deterministic","L1;S38;claim.Kant.Bytes.witness_deterministic","L0;","O4;4;kindS12;lean4-kernel6;digestS64;e589f5dc62a68e956623b23231b5c20ac0a0ab190e98675325e54d1533e7c7908;locationS30;RequestProject/Kant/Bytes.lean8;evidenceS15;MACHINE_CHECKED","RequestProject","O7;13;source_systemS5;lean411;source_fileS30;RequestProject/Kant/Bytes.lean13;source_formatS4;text11;imported_atI+0;14;transformed_atI+131;15;transformationsL0;13;parent_objectS0;","d6ccac354f4a39e97be1f9d8e5d928d6773bc1e4407f3dc3300a0e4703d04230"
"proof.Kant.Sheaf.Section.mk.sizeOf_spec","Kant.Sheaf.Section.mk.sizeOf_spec","lean4","VALID","RequestProject/Kant/Sheaf.lean","0","L0;","L0;","elaborated and checked by the Lean kernel","L1;S37;obj.Kant.Sheaf.Section.mk.sizeOf_spec","L1;S39;claim.Kant.Sheaf.Section.mk.sizeOf_spec","L0;","O4;4;kindS12;lean4-kernel6;digestS64;ff71ac8f2ef87c7903612a38d9f3ce82a8b8826d07988ce3a3110b5d4cc5eab48;locationS30;RequestProject/Kant/Sheaf.lean8;evidenceS15;MACHINE_CHECKED","RequestProject","O7;13;source_systemS5;lean411;source_fileS30;RequestProject/Kant/Sheaf.lean13;source_formatS4;text11;imported_atI+0;14;transformed_atI+0;15;transformationsL0;13;parent_objectS0;","9299bec078dc03b22bfc6939a90849450618bf2cf1009acca54372975495ea5f"
"proof.Kant.Codec.pVal.eq_2","Kant.Codec.pVal.eq_2","lean4","VALID","RequestProject/Kant/Codec/Val.lean","0","L1;S27;obj.Kant.Codec.pVal.match_3","L0;","elaborated and checked by the Lean kernel","L1;S24;obj.Kant.Codec.pVal.eq_2","L1;S26;claim.Kant.Codec.pVal.eq_2","L1;S29;proof.Kant.Codec.pVal.match_3","O4;4;kindS12;lean4-kernel6;digestS64;36649f5f905ee300f022bf45c4351c1f14529e09ebf24c5efd2c0ca47794f1758;locationS34;RequestProject/Kant/Codec/Val.lean8;evidenceS15;MACHINE_CHECKED","RequestProject","O7;13;source_systemS5;lean411;source_fileS34;RequestProject/Kant/Codec/Val.lean13;source_formatS4;text11;imported_atI+0;14;transformed_atI+0;15;transformationsL0;13;parent_objectS0;","3a89e600781d128619b3cd4dfd91e2f925694a4a2d33a260790ca724dda11fd3"
"proof.Kant.Dom.Cert.mk.inj","Kant.Dom.Cert.mk.inj","lean4","VALID","RequestProject/Kant/Domain/Model.lean","0","L0;","L0;","elaborated and checked by the Lean kernel","L1;S24;obj.Kant.Dom.Cert.mk.inj","L1;S26;claim.Kant.Dom.Cert.mk.inj","L0;","O4;4;kindS12;lean4-kernel6;digestS64;fd3987b8713593aaea8c61da2d5bc6854e1e570586810738a28c8ee7a6ff734b8;locationS37;RequestProject/Kant/Domain/Model.lean8;evidenceS15;MACHINE_CHECKED","RequestProject","O7;13;source_systemS5;lean411;source_fileS37;RequestProject/Kant/Domain/Model.lean13;source_formatS4;text11;imported_atI+0;14;transformed_atI+0;15;transformationsL0;13;parent_objectS0;","2c8c2532be0389a9a091ec699f3d9346b3bf252ef5bd7c63ede28903d3c16100"
"proof.Kant.Erdfa.escape_unescape_id","Kant.Erdfa.escape_unescape_id","lean4","VALID","RequestProject/Kant/Erdfa.lean","79","L0;","L0;","elaborated and checked by the Lean kernel","L1;S33;obj.Kant.Erdfa.escape_unescape_id","L1;S35;claim.Kant.Erdfa.escape_unescape_id","L0;","O4;4;kindS12;lean4-kernel6;digestS64;593d50ff85a70c89e87babaae91a73e2b721d54d3ce0a04b7909f3716469ab2c8;locationS30;RequestProject/Kant/Erdfa.lean8;evidenceS15;MACHINE_CHECKED","RequestProject","O7;13;source_systemS5;lean411;source_fileS30;RequestProject/Kant/Erdfa.lean13;source_formatS4;text11;imported_atI+0;14;transformed_atI+79;15;transformationsL0;13;parent_objectS0;","4ceba014df9924cb4946345e6e3e0338bae930361bb4e2b1869d31182dc8151e"
"proof.Kant.Dom.ledgerTable.eq_1","Kant.Dom.ledgerTable.eq_1","lean4","VALID","RequestProject/Kant/Domain/Table.lean","0","L0;","L0;","elaborated and checked by the Lean kernel","L1;S29;obj.Kant.Dom.ledgerTable.eq_1","L1;S31;claim.Kant.Dom.ledgerTable.eq_1","L0;","O4;4;kindS12;lean4-kernel6;digestS64;ca5d6f43d915c11c9385e7eedaf0184bbe0935d3cc9e4b3a9432347029be61018;locationS37;RequestProject/Kant/Domain/Table.lean8;evidenceS15;MACHINE_CHECKED","RequestProject","O7;13;source_systemS5;lean411;source_fileS37;RequestProject/Kant/Domain/Table.lean13;source_formatS4;text11;imported_atI+0;14;transformed_atI+0;15;transformationsL0;13;parent_objectS0;","f913778375b56c35dfbcf300b9bd6ef248a5bebabb1dccef3221612192d39d2c"
"proof.Kant.Join.findInvite_append_blank","Kant.Join.findInvite_append_blank","lean4","VALID","RequestProject/Kant/Join.lean","324","L0;","L0;","elaborated and checked by the Lean kernel","L1;S37;obj.Kant.Join.findInvite_append_blank","L1;S39;claim.Kant.Join.findInvite_append_blank","L0;","O4;4;kindS12;lean4-kernel6;digestS64;7d3a12a487f24e7e61608c8fdd9cbad933977aa9976f3634298972693f696c178;locationS29;RequestProject/Kant/Join.lean8;evidenceS15;MACHINE_CHECKED","RequestProject","O7;13;source_systemS5;lean411;source_fileS29;RequestProject/Kant/Join.lean13;source_formatS4;text11;imported_atI+0;14;transformed_atI+324;15;transformationsL0;13;parent_objectS0;","a6f1e7d19c010c7a1439bc9f36e8f5bd6342709da34cc1b4ef664ad086eaf6f7"
"proof.Kant.Text.splitFields_of_no_sep","Kant.Text.splitFields_of_no_sep","lean4","VALID","RequestProject/Kant/Text.lean","184","L0;","L0;","elaborated and checked by the Lean kernel","L1;S35;obj.Kant.Text.splitFields_of_no_sep","L1;S37;claim.Kant.Text.splitFields_of_no_sep","L0;","O4;4;kindS12;lean4-kernel6;digestS64;32de39da53271d9f7024597ab7aaf6549f8777961423ff29e41e67cd8e3edbb68;locationS29;RequestProject/Kant/Text.lean8;evidenceS15;MACHINE_CHECKED","RequestProject","O7;13;source_systemS5;lean411;source_fileS29;RequestProject/Kant/Text.lean13;source_formatS4;text11;imported_atI+0;14;transformed_atI+184;15;transformationsL0;13;parent_objectS0;","6f4ccc10511b24e877568df9be6e85cb06eb0118fdb3386ee9333d3e356f1dd1"
"proof.Kant.Codec.Trans.mk.inj","Kant.Codec.Trans.mk.inj","lean4","VALID","RequestProject/Kant/Codec/Model.lean","0","L0;","L0;","elaborated and checked by the Lean kernel","L1;S27;obj.Kant.Codec.Trans.mk.inj","L1;S29;claim.Kant.Codec.Trans.mk.inj","L0;","O4;4;kindS12;lean4-kernel6;digestS64;4faa0cf9bf0c44dc19fcaf885ac8123ffff0c1968d867bc6d70497756d326f618;locationS36;RequestProject/Kant/Codec/Model.lean8;evidenceS15;MACHINE_CHECKED","RequestProject","O7;13;source_systemS5;lean411;source_fileS36;RequestProject/Kant/Codec/Model.lean13;source_formatS4;text11;imported_atI+0;14;transformed_atI+0;15;transformationsL0;13;parent_objectS0;","950ebd675b438dfd142d99e01791404a07e05c0209cffed7b3c28a6c81a41ea4"
"proof.Kant.Wasm.Kernel.kernelBytes_validates","Kant.Wasm.Kernel.kernelBytes_validates","lean4","VALID","RequestProject/Wasm/Extraction.lean","65","L0;","L0;","elaborated and checked by the Lean kernel","L1;S42;obj.Kant.Wasm.Kernel.kernelBytes_validates","L1;S44;claim.Kant.Wasm.Kernel.kernelBytes_validates","L0;","O4;4;kindS12;lean4-kernel6;digestS64;c8b03a4ca720cac4433227c1544d6d6f90b6a1b2f7bdbe8eeed22589785189418;locationS35;RequestProject/Wasm/Extraction.lean8;evidenceS15;MACHINE_CHECKED","RequestProject","O7;13;source_systemS5;lean411;source_fileS35;RequestProject/Wasm/Extraction.lean13;source_formatS4;text11;imported_atI+0;14;transformed_atI+65;15;transformationsL0;13;parent_objectS0;","d837ddd341c37aca21aff830dd29b0edc48145401949ee8473a48fe1cf1a51a7"
"proof.Kant.Dom.Wf.outputsResolve","Kant.Dom.Wf.outputsResolve","lean4","VALID","RequestProject/Kant/Domain/Ledger.lean","303","L1;S32;obj.Kant.Dom.ProofRec.outputRefs","L0;","elaborated and checked by the Lean kernel","L1;S30;obj.Kant.Dom.Wf.outputsResolve","L1;S32;claim.Kant.Dom.Wf.outputsResolve","L1;S34;proof.Kant.Dom.ProofRec.outputRefs","O4;4;kindS12;lean4-kernel6;digestS64;8ae4b92ef34ce58e5e026850a0a4fda13939a83bec1a8ebc9fb588713d9a55578;locationS38;RequestProject/Kant/Domain/Ledger.lean8;evidenceS15;MACHINE_CHECKED","RequestProject","O7;13;source_systemS5;lean411;source_fileS38;RequestProject/Kant/Domain/Ledger.lean13;source_formatS4;text11;imported_atI+0;14;transformed_atI+303;15;transformationsL0;13;parent_objectS0;","7351669da479b745216c54e7fb40221272c90f97470ef99f4f34fe02179648ec"
"proof.Kant.Onboarding.run_cons","Kant.Onboarding.run_cons","lean4","VALID","RequestProject/Kant/Onboarding.lean","158","L1;S25;obj.Kant.Onboarding.State","L0;","elaborated and checked by the Lean kernel","L1;S28;obj.Kant.Onboarding.run_cons","L1;S30;claim.Kant.Onboarding.run_cons","L1;S27;proof.Kant.Onboarding.State","O4;4;kindS12;lean4-kernel6;digestS64;3555dc3bd9bf8512d07c3267ac5a217986bbc00ed68c935ce905eeb3f3e2848b8;locationS35;RequestProject/Kant/Onboarding.lean8;evidenceS15;MACHINE_CHECKED","RequestProject","O7;13;source_systemS5;lean411;source_fileS35;RequestProject/Kant/Onboarding.lean13;source_formatS4;text11;imported_atI+0;14;transformed_atI+158;15;transformationsL0;13;parent_objectS0;","5d0de1d8d6da9eec2c8e3992ce69736f0e85b144db86d3b25f5bd0bc30d17fb5"
"proof.Kant.Diagnostics.joinLines.eq_def","Kant.Diagnostics.joinLines.eq_def","lean4","VALID","RequestProject/Kant/Diagnostics.lean","0","L0;","L0;","elaborated and checked by the Lean kernel","L1;S37;obj.Kant.Diagnostics.joinLines.eq_def","L1;S39;claim.Kant.Diagnostics.joinLines.eq_def","L0;","O4;4;kindS12;lean4-kernel6;digestS64;1c258b3439c4c0564b8ecab456012edd4d3c66c09530c420e8cfc757d4bf746f8;locationS36;RequestProject/Kant/Diagnostics.lean8;evidenceS15;MACHINE_CHECKED","RequestProject","O7;13;source_systemS5;lean411;source_fileS36;RequestProject/Kant/Diagnostics.lean13;source_formatS4;text11;imported_atI+0;14;transformed_atI+0;15;transformationsL0;13;parent_objectS0;","e156c0a6326a3443d07c3a32edebf87096a519ba3a7e92e9cb35736329d39296"
"proof.Kant.Dasl.cidType_shardCid","Kant.Dasl.cidType_shardCid","lean4","VALID","RequestProject/Kant/Dasl.lean","173","L1;S27;obj.Kant.Dasl.cidType_mkCid","L0;","elaborated and checked by the Lean kernel","L1;S30;obj.Kant.Dasl.cidType_shardCid","L1;S32;claim.Kant.Dasl.cidType_shardCid","L1;S29;proof.Kant.Dasl.cidType_mkCid","O4;4;kindS12;lean4-kernel6;digestS64;20818efe3463a16559f34f4bf6a38a5ecca12e1db83736572144fc2d2030de888;locationS29;RequestProject/Kant/Dasl.lean8;evidenceS15;MACHINE_CHECKED","RequestProject","O7;13;source_systemS5;lean411;source_fileS29;RequestProject/Kant/Dasl.lean13;source_formatS4;text11;imported_atI+0;14;transformed_atI+173;15;transformationsL0;13;parent_objectS0;","65e92b68b39dd7b1ce3da2be51bf0eae861122029d0092ebcbb20968a47df968"
"proof.Kant.SiteCard.addressUrl.eq_1","Kant.SiteCard.addressUrl.eq_1","lean4","VALID","RequestProject/Kant/SiteCard.lean","0","L1;S23;obj.Kant.Clipboard.hash","L0;","elaborated and checked by the Lean kernel","L1;S33;obj.Kant.SiteCard.addressUrl.eq_1","L1;S35;claim.Kant.SiteCard.addressUrl.eq_1","L1;S25;proof.Kant.Clipboard.hash","O4;4;kindS12;lean4-kernel6;digestS64;241ef9ee5b887f29a1e8b40490d45f92af92e5e12d1deb33528c4dd3a788ca148;locationS33;RequestProject/Kant/SiteCard.lean8;evidenceS15;MACHINE_CHECKED","RequestProject","O7;13;source_systemS5;lean411;source_fileS33;RequestProject/Kant/SiteCard.lean13;source_formatS4;text11;imported_atI+0;14;transformed_atI+0;15;transformationsL0;13;parent_objectS0;","3ded6563efe5985612ba9982decd5d595be84301ddc0ce106871158fc0c1a813"
"proof.Kant.Dom.unresolvedRefs.eq_1","Kant.Dom.unresolvedRefs.eq_1","lean4","VALID","RequestProject/Kant/Domain/Package.lean","0","L0;","L0;","elaborated and checked by the Lean kernel","L1;S32;obj.Kant.Dom.unresolvedRefs.eq_1","L1;S34;claim.Kant.Dom.unresolvedRefs.eq_1","L0;","O4;4;kindS12;lean4-kernel6;digestS64;24e02bee05b9191b70386a174afff794f25cf3912a24683118270529ed453a328;locationS39;RequestProject/Kant/Domain/Package.lean8;evidenceS15;MACHINE_CHECKED","RequestProject","O7;13;source_systemS5;lean411;source_fileS39;RequestProject/Kant/Domain/Package.lean13;source_formatS4;text11;imported_atI+0;14;transformed_atI+0;15;transformationsL0;13;parent_objectS0;","8f3b6d06747d1e2e00a447a21703b751d6518624c7664fe87c3b7cc546f0aa8b"
"proof.Kant.Codec.rowsList.eq_2","Kant.Codec.rowsList.eq_2","lean4","VALID","RequestProject/Kant/Codec/Csv.lean","0","L0;","L0;","elaborated and checked by the Lean kernel","L1;S28;obj.Kant.Codec.rowsList.eq_2","L1;S30;claim.Kant.Codec.rowsList.eq_2","L0;","O4;4;kindS12;lean4-kernel6;digestS64;6c07e475b5d606a4e82bc21b8e27a03343db9a98de09f13a5dbb05d8154422318;locationS34;RequestProject/Kant/Codec/Csv.lean8;evidenceS15;MACHINE_CHECKED","RequestProject","O7;13;source_systemS5;lean411;source_fileS34;RequestProject/Kant/Codec/Csv.lean13;source_formatS4;text11;imported_atI+0;14;transformed_atI+0;15;transformationsL0;13;parent_objectS0;","e6696d49b03ef3d7a46b83e0fa2b2164c5635b46a655d5bda978cdcbb0b0f5ca"
"proof.Kant.Onboarding.Event.joinText.sizeOf_spec","Kant.Onboarding.Event.joinText.sizeOf_spec","lean4","VALID","RequestProject/Kant/Onboarding.lean","0","L0;","L0;","elaborated and checked by the Lean kernel","L1;S46;obj.Kant.Onboarding.Event.joinText.sizeOf_spec","L1;S48;claim.Kant.Onboarding.Event.joinText.sizeOf_spec","L0;","O4;4;kindS12;lean4-kernel6;digestS64;03ba6661f9e8c71499494fbe0c5d3dfb679c236047d12e42c67964f596a79e718;locationS35;RequestProject/Kant/Onboarding.lean8;evidenceS15;MACHINE_CHECKED","RequestProject","O7;13;source_systemS5;lean411;source_fileS35;RequestProject/Kant/Onboarding.lean13;source_formatS4;text11;imported_atI+0;14;transformed_atI+0;15;transformationsL0;13;parent_objectS0;","6e308dbac52a14b7841bd599d2116b54d36d7b784595577defe3b36116a0a31a"
"proof.Kant.Dom.readCells_cellsText","Kant.Dom.readCells_cellsText","lean4","VALID","RequestProject/Kant/Domain/Table.lean","97","L0;","L0;","elaborated and checked by the Lean kernel","L1;S32;obj.Kant.Dom.readCells_cellsText","L1;S34;claim.Kant.Dom.readCells_cellsText","L0;","O4;4;kindS12;lean4-kernel6;digestS64;54d8e39dab0d873cbb1a8755b9982f5f7e558ec1bcc5de6e9e665309c6511fa98;locationS37;RequestProject/Kant/Domain/Table.lean8;evidenceS15;MACHINE_CHECKED","RequestProject","O7;13;source_systemS5;lean411;source_fileS37;RequestProject/Kant/Domain/Table.lean13;source_formatS4;text11;imported_atI+0;14;transformed_atI+97;15;transformationsL0;13;parent_objectS0;","400de648f1ff971d666218d0d19890fa4b87765919f134d7c1a37c3439af2634"
"proof.Kant.SiteCard.Card.Wf.url","Kant.SiteCard.Card.Wf.url","lean4","VALID","RequestProject/Kant/SiteCard.lean","390","L0;","L0;","elaborated and checked by the Lean kernel","L1;S29;obj.Kant.SiteCard.Card.Wf.url","L1;S31;claim.Kant.SiteCard.Card.Wf.url","L0;","O4;4;kindS12;lean4-kernel6;digestS64;aee6ba9a7c919c0dde117b29bc6f0652cd969bc81b2fbfd39e97aec336974a508;locationS33;RequestProject/Kant/SiteCard.lean8;evidenceS15;MACHINE_CHECKED","RequestProject","O7;13;source_systemS5;lean411;source_fileS33;RequestProject/Kant/SiteCard.lean13;source_formatS4;text11;imported_atI+0;14;transformed_atI+390;15;transformationsL0;13;parent_objectS0;","bd83b076582fc5ee42ab2c3e50947a114ff20d5baa56ea680e3fdb1edc62f30b"
"proof.Kant.Wasm.Leb128.uleb.eq_1","Kant.Wasm.Leb128.uleb.eq_1","lean4","VALID","RequestProject/Wasm/Leb128.lean","0","L0;","L0;","elaborated and checked by the Lean kernel","L1;S30;obj.Kant.Wasm.Leb128.uleb.eq_1","L1;S32;claim.Kant.Wasm.Leb128.uleb.eq_1","L0;","O4;4;kindS12;lean4-kernel6;digestS64;f86746b43a8e7026a8edc1af2de81f155e95d0d060523bd0a3e2c45ebc969bc78;locationS31;RequestProject/Wasm/Leb128.lean8;evidenceS15;MACHINE_CHECKED","RequestProject","O7;13;source_systemS5;lean411;source_fileS31;RequestProject/Wasm/Leb128.lean13;source_formatS4;text11;imported_atI+0;14;transformed_atI+0;15;transformationsL0;13;parent_objectS0;","7b6a8763d638da4dcb17bea6117de5caaaad76fbba505e071425f8ca9ab76804"
"proof.Kant.Sneakernet.socialVideo_capacity","Kant.Sneakernet.socialVideo_capacity","lean4","VALID","RequestProject/Kant/Sneakernet.lean","60","L0;","L0;","elaborated and checked by the Lean kernel","L1;S40;obj.Kant.Sneakernet.socialVideo_capacity","L1;S42;claim.Kant.Sneakernet.socialVideo_capacity","L0;","O4;4;kindS12;lean4-kernel6;digestS64;b0ff8e4ae8a64c1806f8f258e5de26fb4211e8c78a544e5e10d58c6ce6701ac18;locationS35;RequestProject/Kant/Sneakernet.lean8;evidenceS15;MACHINE_CHECKED","RequestProject","O7;13;source_systemS5;lean411;source_fileS35;RequestProject/Kant/Sneakernet.lean13;source_formatS4;text11;imported_atI+0;14;transformed_atI+60;15;transformationsL0;13;parent_objectS0;","495855be2f5e2d8f6ef8483b1573174cf526cce9d61f5455a120e82550cb9612"
"proof.Kant.Uucp.exchange_agree","Kant.Uucp.exchange_agree","lean4","VALID","RequestProject/Kant/Uucp.lean","569","L1;S18;obj.Kant.Uucp.Node","L0;","elaborated and checked by the Lean kernel","L1;S28;obj.Kant.Uucp.exchange_agree","L1;S30;claim.Kant.Uucp.exchange_agree","L1;S20;proof.Kant.Uucp.Node","O4;4;kindS12;lean4-kernel6;digestS64;9942d51d24d4463854acbaf452c5e54fa4773bf61f34455e656cc174cbbac99d8;locationS29;RequestProject/Kant/Uucp.lean8;evidenceS15;MACHINE_CHECKED","RequestProject","O7;13;source_systemS5;lean411;source_fileS29;RequestProject/Kant/Uucp.lean13;source_formatS4;text11;imported_atI+0;14;transformed_atI+569;15;transformationsL0;13;parent_objectS0;","6cd682dd028fba2aca095bbecb136b4dc7c97816364fcae4b68e26528001df07"
"proof.Kant.Onboarding.promptFor.eq_1","Kant.Onboarding.promptFor.eq_1","lean4","VALID","RequestProject/Kant/Onboarding.lean","0","L1;S25;obj.Kant.Onboarding.State","L0;","elaborated and checked by the Lean kernel","L1;S34;obj.Kant.Onboarding.promptFor.eq_1","L1;S36;claim.Kant.Onboarding.promptFor.eq_1","L1;S27;proof.Kant.Onboarding.State","O4;4;kindS12;lean4-kernel6;digestS64;3d2f0c2c51fd5ce961ad9c950fac7ba29e77cf627b84a6bba1b6fb395ff86aac8;locationS35;RequestProject/Kant/Onboarding.lean8;evidenceS15;MACHINE_CHECKED","RequestProject","O7;13;source_systemS5;lean411;source_fileS35;RequestProject/Kant/Onboarding.lean13;source_formatS4;text11;imported_atI+0;14;transformed_atI+0;15;transformationsL0;13;parent_objectS0;","c37973da8529022b5443fc07fccd14e8d610515a6979fcb1bc123495a0c41f6e"
"proof.Kant.Bytes.hexVal_hexDigit","Kant.Bytes.hexVal_hexDigit","lean4","VALID","RequestProject/Kant/Bytes.lean","65","L0;","L0;","elaborated and checked by the Lean kernel","L1;S30;obj.Kant.Bytes.hexVal_hexDigit","L1;S32;claim.Kant.Bytes.hexVal_hexDigit","L0;","O4;4;kindS12;lean4-kernel6;digestS64;68d5ef5e6ca00a25ab53d9cb19d2950aa0c3fc79eebd90835a9f52a7d9cebb308;locationS30;RequestProject/Kant/Bytes.lean8;evidenceS15;MACHINE_CHECKED","RequestProject","O7;13;source_systemS5;lean411;source_fileS30;RequestProject/Kant/Bytes.lean13;source_formatS4;text11;imported_atI+0;14;transformed_atI+65;15;transformationsL0;13;parent_objectS0;","abde2e0cca7cee779d1e2ec39494d9a4b48f0dec1679e19d86a5b10ce05e3cca"
"proof.Kant.PlainText.isAscii_metaText","Kant.PlainText.isAscii_metaText","lean4","VALID","RequestProject/Kant/PlainText.lean","375","L0;","L0;","elaborated and checked by the Lean kernel","L1;S35;obj.Kant.PlainText.isAscii_metaText","L1;S37;claim.Kant.PlainText.isAscii_metaText","L0;","O4;4;kindS12;lean4-kernel6;digestS64;6c55de392894de0c1dc9f6a6cb9886db9b18834f7f61ef62470b13eeb905c7f98;locationS34;RequestProject/Kant/PlainText.lean8;evidenceS15;MACHINE_CHECKED","RequestProject","O7;13;source_systemS5;lean411;source_fileS34;RequestProject/Kant/PlainText.lean13;source_formatS4;text11;imported_atI+0;14;transformed_atI+375;15;transformationsL0;13;parent_objectS0;","f5849281bd28cf3e8631fb9a18feda9106103f3b7aad6fd88e43d154879caaab"
"proof.Kant.Dom.proofRow.eq_1","Kant.Dom.proofRow.eq_1","lean4","VALID","RequestProject/Kant/Domain/Table.lean","0","L3;S26;obj.Kant.Dom.ProofRec.kindS33;obj.Kant.Dom.ProofRec.assumptionsS32;obj.Kant.Dom.ProofRec.outputRefs","L0;","elaborated and checked by the Lean kernel","L1;S26;obj.Kant.Dom.proofRow.eq_1","L1;S28;claim.Kant.Dom.proofRow.eq_1","L3;S28;proof.Kant.Dom.ProofRec.kindS35;proof.Kant.Dom.ProofRec.assumptionsS34;proof.Kant.Dom.ProofRec.outputRefs","O4;4;kindS12;lean4-kernel6;digestS64;a416f06d3ccb385288ac9dae36494571b5989bb86e6f4b5cf086df6d971942838;locationS37;RequestProject/Kant/Domain/Table.lean8;evidenceS15;MACHINE_CHECKED","RequestProject","O7;13;source_systemS5;lean411;source_fileS37;RequestProject/Kant/Domain/Table.lean13;source_formatS4;text11;imported_atI+0;14;transformed_atI+0;15;transformationsL0;13;parent_objectS0;","2742b0335921e62d95a29846b4d790aad1cd0f558b9772e76f9e8c5b42bc21e4"
"proof.Kant.Text.charCodes_length","Kant.Text.charCodes_length","lean4","VALID","RequestProject/Kant/Text.lean","108","L0;","L0;","elaborated and checked by the Lean kernel","L1;S30;obj.Kant.Text.charCodes_length","L1;S32;claim.Kant.Text.charCodes_length","L0;","O4;4;kindS12;lean4-kernel6;digestS64;7588d25dcfb7e532176c2a677250ea41d0070bbfcd80751cf1745c941eb29af38;locationS29;RequestProject/Kant/Text.lean8;evidenceS15;MACHINE_CHECKED","RequestProject","O7;13;source_systemS5;lean411;source_fileS29;RequestProject/Kant/Text.lean13;source_formatS4;text11;imported_atI+0;14;transformed_atI+108;15;transformationsL0;13;parent_objectS0;","4dfa1a035e4b4f30787aa9684e4dcfb3115013a721b068b6b28cb1a828d99db9"
"proof.Kant.Codec.pFields_roundTrip","Kant.Codec.pFields_roundTrip","lean4","VALID","RequestProject/Kant/Codec/Val.lean","344","L3;S28;obj.Kant.Codec.pList.match_1S27;obj.Kant.Codec.pVal.match_3S27;obj.Kant.Codec.pFields.eq_2","L0;","elaborated and checked by the Lean kernel","L1;S32;obj.Kant.Codec.pFields_roundTrip","L1;S34;claim.Kant.Codec.pFields_roundTrip","L3;S30;proof.Kant.Codec.pList.match_1S29;proof.Kant.Codec.pVal.match_3S29;proof.Kant.Codec.pFields.eq_2","O4;4;kindS12;lean4-kernel6;digestS64;b11a9aff6bb45a2e30a9ffe42f5bb3c9f4ff79e2881250acd34cc4920decf13f8;locationS34;RequestProject/Kant/Codec/Val.lean8;evidenceS15;MACHINE_CHECKED","RequestProject","O7;13;source_systemS5;lean411;source_fileS34;RequestProject/Kant/Codec/Val.lean13;source_formatS4;text11;imported_atI+0;14;transformed_atI+344;15;transformationsL0;13;parent_objectS0;","cc6a03f76060224aa5d4e3d4ceb64cbd0b4fcb4b8d29e1245284a1ca39d90e17"
"proof.Kant.Uucp.thread_fits_tweet","Kant.Uucp.thread_fits_tweet","lean4","VALID","RequestProject/Kant/Uucp.lean","287","L3;S25;obj.Kant.Sneakernet.FrameS29;obj.Kant.Sneakernet.Frame.seqS31;obj.Kant.Clipboard.Envelope.tag","L0;","elaborated and checked by the Lean kernel","L1;S31;obj.Kant.Uucp.thread_fits_tweet","L1;S33;claim.Kant.Uucp.thread_fits_tweet","L3;S27;proof.Kant.Sneakernet.FrameS31;proof.Kant.Sneakernet.Frame.seqS33;proof.Kant.Clipboard.Envelope.tag","O4;4;kindS12;lean4-kernel6;digestS64;21ad79ecb9e40411924a9cc7b9445bae49b625614e3602db2e3e0116e3d2c6488;locationS29;RequestProject/Kant/Uucp.lean8;evidenceS15;MACHINE_CHECKED","RequestProject","O7;13;source_systemS5;lean411;source_fileS29;RequestProject/Kant/Uucp.lean13;source_formatS4;text11;imported_atI+0;14;transformed_atI+287;15;transformationsL0;13;parent_objectS0;","fb9cfbf8a1f4f4091bf610ac970eca262bae1c3cab128ac3cc0263f051c603e0"
"proof.Kant.Rendezvous.bestOf_eq_none_iff","Kant.Rendezvous.bestOf_eq_none_iff","lean4","VALID","RequestProject/Kant/Rendezvous.lean","286","L0;","L0;","elaborated and checked by the Lean kernel","L1;S38;obj.Kant.Rendezvous.bestOf_eq_none_iff","L1;S40;claim.Kant.Rendezvous.bestOf_eq_none_iff","L0;","O4;4;kindS12;lean4-kernel6;digestS64;55d7e5588b3a51369bdc86c67f5b7f3de6a38237543c2cc85f5f51b2eb1656e78;locationS35;RequestProject/Kant/Rendezvous.lean8;evidenceS15;MACHINE_CHECKED","RequestProject","O7;13;source_systemS5;lean411;source_fileS35;RequestProject/Kant/Rendezvous.lean13;source_formatS4;text11;imported_atI+0;14;transformed_atI+286;15;transformationsL0;13;parent_objectS0;","58ab6f69ecbd8cfd9aee484153458d9a500575152aaac777e4be6e2952c50494"
"proof.Kant.Dasl.Orbifold.mk.injEq","Kant.Dasl.Orbifold.mk.injEq","lean4","VALID","RequestProject/Kant/Dasl.lean","0","L0;","L0;","elaborated and checked by the Lean kernel","L1;S31;obj.Kant.Dasl.Orbifold.mk.injEq","L1;S33;claim.Kant.Dasl.Orbifold.mk.injEq","L0;","O4;4;kindS12;lean4-kernel6;digestS64;cced02e810d8739926b2c5b814c3677a4eed1633b084bc2339bd349417c40e4c8;locationS29;RequestProject/Kant/Dasl.lean8;evidenceS15;MACHINE_CHECKED","RequestProject","O7;13;source_systemS5;lean411;source_fileS29;RequestProject/Kant/Dasl.lean13;source_formatS4;text11;imported_atI+0;14;transformed_atI+0;15;transformationsL0;13;parent_objectS0;","f3d35d9b34002954e255f7b3e7def2d7b6d1f20ed8e2b59a8398b488c503731d"
"proof.Kant.Dom.Rel.encodes.sizeOf_spec","Kant.Dom.Rel.encodes.sizeOf_spec","lean4","VALID","RequestProject/Kant/Domain/Model.lean","0","L0;","L0;","elaborated and checked by the Lean kernel","L1;S36;obj.Kant.Dom.Rel.encodes.sizeOf_spec","L1;S38;claim.Kant.Dom.Rel.encodes.sizeOf_spec","L0;","O4;4;kindS12;lean4-kernel6;digestS64;98bfe2c8cfe8198cadf3a44e7ace867f047b3a793d83d17215414ef4027561658;locationS37;RequestProject/Kant/Domain/Model.lean8;evidenceS15;MACHINE_CHECKED","RequestProject","O7;13;source_systemS5;lean411;source_fileS37;RequestProject/Kant/Domain/Model.lean13;source_formatS4;text11;imported_atI+0;14;transformed_atI+0;15;transformationsL0;13;parent_objectS0;","5aae76ba7e6fd9df2061d5ff969fa97c76fd56ec91f112e53ee9ae91fe66c202"
"proof.Kant.PlainText.entry.eq_1","Kant.PlainText.entry.eq_1","lean4","VALID","RequestProject/Kant/PlainText.lean","0","L0;","L0;","elaborated and checked by the Lean kernel","L1;S29;obj.Kant.PlainText.entry.eq_1","L1;S31;claim.Kant.PlainText.entry.eq_1","L0;","O4;4;kindS12;lean4-kernel6;digestS64;6c373128a8eecea1f5b64583bb522492ba3e7c80f732c1c33f207b83068938dc8;locationS34;RequestProject/Kant/PlainText.lean8;evidenceS15;MACHINE_CHECKED","RequestProject","O7;13;source_systemS5;lean411;source_fileS34;RequestProject/Kant/PlainText.lean13;source_formatS4;text11;imported_atI+0;14;transformed_atI+0;15;transformationsL0;13;parent_objectS0;","0abfb9a4118fc14d7d0a8fbcbc7f24dada0051e3965196e7845818687350a7f4"
"proof.Kant.Codec.readRows.eq_2","Kant.Codec.readRows.eq_2","lean4","VALID","RequestProject/Kant/Codec/Csv.lean","0","L0;","L0;","elaborated and checked by the Lean kernel","L1;S28;obj.Kant.Codec.readRows.eq_2","L1;S30;claim.Kant.Codec.readRows.eq_2","L0;","O4;4;kindS12;lean4-kernel6;digestS64;eb5e035f11709d0a86076be9a1860fa1f4e1e64e3454c33c09c1d0a14363910b8;locationS34;RequestProject/Kant/Codec/Csv.lean8;evidenceS15;MACHINE_CHECKED","RequestProject","O7;13;source_systemS5;lean411;source_fileS34;RequestProject/Kant/Codec/Csv.lean13;source_formatS4;text11;imported_atI+0;14;transformed_atI+0;15;transformationsL0;13;parent_objectS0;","35f64219c237865581ef03f315b94d22e4099ee5d64f46afd494ff2b9cd8f77c"
"proof.Kant.Dasl.cidType_mkCid","Kant.Dasl.cidType_mkCid","lean4","VALID","RequestProject/Kant/Dasl.lean","101","L0;","L0;","elaborated and checked by the Lean kernel","L1;S27;obj.Kant.Dasl.cidType_mkCid","L1;S29;claim.Kant.Dasl.cidType_mkCid","L0;","O4;4;kindS12;lean4-kernel6;digestS64;17aadca624424ebfd3e97652fa2ac730c73d8e5400e1a035d53c9fea3b58bbae8;locationS29;RequestProject/Kant/Dasl.lean8;evidenceS15;MACHINE_CHECKED","RequestProject","O7;13;source_systemS5;lean411;source_fileS29;RequestProject/Kant/Dasl.lean13;source_formatS4;text11;imported_atI+0;14;transformed_atI+101;15;transformationsL0;13;parent_objectS0;","c769ec4061a9909d289940339abd7bfa4d9e862810c945176566df489c797f74"
"proof.Kant.Onboarding.Task.ofNat_ctorIdx","Kant.Onboarding.Task.ofNat_ctorIdx","lean4","VALID","RequestProject/Kant/Onboarding.lean","0","L1;S30;obj.Kant.Onboarding.Task.ofNat","L0;","elaborated and checked by the Lean kernel","L1;S38;obj.Kant.Onboarding.Task.ofNat_ctorIdx","L1;S40;claim.Kant.Onboarding.Task.ofNat_ctorIdx","L1;S32;proof.Kant.Onboarding.Task.ofNat","O4;4;kindS12;lean4-kernel6;digestS64;2299f4842ab14c4c3a4615ae6d4d33bb4b698c00115d95221f33a3463aed8fa98;locationS35;RequestProject/Kant/Onboarding.lean8;evidenceS15;MACHINE_CHECKED","RequestProject","O7;13;source_systemS5;lean411;source_fileS35;RequestProject/Kant/Onboarding.lean13;source_formatS4;text11;imported_atI+0;14;transformed_atI+0;15;transformationsL0;13;parent_objectS0;","849432b9c704fd1ed8a470d7474b7881d27f09b7c0ce88d804e5a736075d70bb"
"proof.Kant.Dom.Cert.ofVal_toVal","Kant.Dom.Cert.ofVal_toVal","lean4","VALID","RequestProject/Kant/Domain/Model.lean","264","L0;","L0;","elaborated and checked by the Lean kernel","L1;S29;obj.Kant.Dom.Cert.ofVal_toVal","L1;S31;claim.Kant.Dom.Cert.ofVal_toVal","L0;","O4;4;kindS12;lean4-kernel6;digestS64;1c00785e2538720e7286b3d72499868d772e68bebfdd8398adb2204fb06639ef8;locationS37;RequestProject/Kant/Domain/Model.lean8;evidenceS15;MACHINE_CHECKED","RequestProject","O7;13;source_systemS5;lean411;source_fileS37;RequestProject/Kant/Domain/Model.lean13;source_formatS4;text11;imported_atI+0;14;transformed_atI+264;15;transformationsL0;13;parent_objectS0;","2dbe894b07e966b9aefcc6abd2a6d9366bb0bd22e45262339d68185e05608ab0"
"proof.Kant.Dom.Evid.machineChecked.sizeOf_spec","Kant.Dom.Evid.machineChecked.sizeOf_spec","lean4","VALID","RequestProject/Kant/Domain/Model.lean","0","L0;","L0;","elaborated and checked by the Lean kernel","L1;S44;obj.Kant.Dom.Evid.machineChecked.sizeOf_spec","L1;S46;claim.Kant.Dom.Evid.machineChecked.sizeOf_spec","L0;","O4;4;kindS12;lean4-kernel6;digestS64;b520a77ed0b5239ec9b35f01440d4ee1fad2f47cbd433558d80c5f991c3a731b8;locationS37;RequestProject/Kant/Domain/Model.lean8;evidenceS15;MACHINE_CHECKED","RequestProject","O7;13;source_systemS5;lean411;source_fileS37;RequestProject/Kant/Domain/Model.lean13;source_formatS4;text11;imported_atI+0;14;transformed_atI+0;15;transformationsL0;13;parent_objectS0;","f02ef0fcd0226ffe74825b08daeb45217ad30e0f4d0fcb78d4b2276dc058381b"
"proof.Kant.Repost.pasteQuote.eq_1","Kant.Repost.pasteQuote.eq_1","lean4","VALID","RequestProject/Kant/Repost.lean","0","L1;S34;obj.Kant.Clipboard.Envelope.decode","L0;","elaborated and checked by the Lean kernel","L1;S31;obj.Kant.Repost.pasteQuote.eq_1","L1;S33;claim.Kant.Repost.pasteQuote.eq_1","L1;S36;proof.Kant.Clipboard.Envelope.decode","O4;4;kindS12;lean4-kernel6;digestS64;17b5886d72af083b4b9975a60c43001c88f25248f7ad56f1d67619470b0dfd4a8;locationS31;RequestProject/Kant/Repost.lean8;evidenceS15;MACHINE_CHECKED","RequestProject","O7;13;source_systemS5;lean411;source_fileS31;RequestProject/Kant/Repost.lean13;source_formatS4;text11;imported_atI+0;14;transformed_atI+0;15;transformationsL0;13;parent_objectS0;","8e87192483f1ad61d289db45b817757e144bb4a15224a35b6b869c192d341af8"
"proof.Kant.Codec.joinLines.eq_2","Kant.Codec.joinLines.eq_2","lean4","VALID","RequestProject/Kant/Codec/RawText.lean","0","L0;","L0;","elaborated and checked by the Lean kernel","L1;S29;obj.Kant.Codec.joinLines.eq_2","L1;S31;claim.Kant.Codec.joinLines.eq_2","L0;","O4;4;kindS12;lean4-kernel6;digestS64;8f2bb365013bea76b0767f4246f89255a4b49d60617ea0b8f87f532d00a9999f8;locationS38;RequestProject/Kant/Codec/RawText.lean8;evidenceS15;MACHINE_CHECKED","RequestProject","O7;13;source_systemS5;lean411;source_fileS38;RequestProject/Kant/Codec/RawText.lean13;source_formatS4;text11;imported_atI+0;14;transformed_atI+0;15;transformationsL0;13;parent_objectS0;","8ab52addb04f8e30102a15c0fec98743333694bd07ae6dd67a64b8c111494969"
"proof.Kant.Dom.step.eq_9","Kant.Dom.step.eq_9","lean4","VALID","RequestProject/Kant/Domain/Policy.lean","0","L0;","L0;","elaborated and checked by the Lean kernel","L1;S22;obj.Kant.Dom.step.eq_9","L1;S24;claim.Kant.Dom.step.eq_9","L0;","O4;4;kindS12;lean4-kernel6;digestS64;8db3d85fbf81990a043fdb833531913123ec77b8680f3d2cf627e68c14bf1a1b8;locationS38;RequestProject/Kant/Domain/Policy.lean8;evidenceS15;MACHINE_CHECKED","RequestProject","O7;13;source_systemS5;lean411;source_fileS38;RequestProject/Kant/Domain/Policy.lean13;source_formatS4;text11;imported_atI+0;14;transformed_atI+0;15;transformationsL0;13;parent_objectS0;","34f57e187b6cf25285c07d8db6df98650e18f30d5c5bd2ec82e426ccfce2237f"
"proof.Kant.Relay.Msg.mk.sizeOf_spec","Kant.Relay.Msg.mk.sizeOf_spec","lean4","VALID","RequestProject/Kant/Relay.lean","0","L0;","L0;","elaborated and checked by the Lean kernel","L1;S33;obj.Kant.Relay.Msg.mk.sizeOf_spec","L1;S35;claim.Kant.Relay.Msg.mk.sizeOf_spec","L0;","O4;4;kindS12;lean4-kernel6;digestS64;d6ab26d61df8977973d5101046cd788a226174a8f4703263807e7021284ca88c8;locationS30;RequestProject/Kant/Relay.lean8;evidenceS15;MACHINE_CHECKED","RequestProject","O7;13;source_systemS5;lean411;source_fileS30;RequestProject/Kant/Relay.lean13;source_formatS4;text11;imported_atI+0;14;transformed_atI+0;15;transformationsL0;13;parent_objectS0;","1983b63ce298b9958a7ebe162b420002c6a20bb66c5568af084e40bdfcf6301c"
